t_adimensional,p_outlet_Pa,q_outlet_m3s,w_centro_m,w_max_m,volume_acumulado_m3,potencia_W
0.0,4994.7753569549395,3.5806363286514755e-07,6.093329555935425e-09,6.093329555935432e-09,1.1868244823214197e-13,0.0017903181643257379
0.00625,4989.6001407863505,7.127398635493511e-07,1.8269869258914826e-08,1.8269869258914843e-08,3.5492456889044857e-13,0.0035636993177467556
0.0125,4984.486796892481,1.063175764044449e-06,3.651958150123067e-08,3.65195815012307e-08,7.073208778040511e-13,0.005315878820222245
0.018750000000000003,4979.442908054313,1.4088516590967592e-06,6.08325196758084e-08,6.083251967580844e-08,1.1742936411633807e-12,0.007044258295483796
0.025,4974.472271531107,1.74950730874486e-06,9.11988327517975e-08,9.119883275179757e-08,1.7541788669831859e-12,0.0087475365437243
0.03125,4969.576124805406,2.085057903899725e-06,1.2760876672452897e-07,1.276087667245291e-07,2.4452844527710474e-12,0.010425289519498625
0.037500000000000006,4964.754238444518,2.4155191684473055e-06,1.7005266427501761e-07,1.7005266427501777e-07,3.2459235078156632e-12,0.012077595842236527
0.043750000000000004,4960.005732680334,2.7409513959834447e-06,2.185209636363062e-07,2.1852096363630645e-07,4.154429126098145e-12,0.013704756979917224
0.05,4955.329590395992,3.0614242932294163e-06,2.7300419729296085e-07,2.7300419729296106e-07,5.16915750633178e-12,0.015307121466147081
0.05625,4950.724913441489,3.3769994136583643e-06,3.3349299082651034e-07,3.3349299082651055e-07,6.288485249516542e-12,0.016884997068291822
0.0625,4946.19100095853,3.687724789619765e-06,3.9997806200229194e-07,3.999780620022921e-07,7.510804877277419e-12,0.018438623948098826
0.06875,4941.727328268181,3.993636379243214e-06,4.724502200717948e-07,4.724502200717951e-07,8.834520829788122e-12,0.019968181896216068
0.07500000000000001,4937.333487120379,4.294762161377656e-06,5.509003652174768e-07,5.509003652174772e-07,1.0258046820988216e-11,0.021473810806888278
0.08125,4933.009125074417,4.591126290055443e-06,6.353194880660102e-07,6.353194880660107e-07,1.1779804570823547e-11,0.022955631450277215
0.08750000000000001,4928.753901511282,4.8827521091286074e-06,7.256986692162555e-07,7.256986692162561e-07,1.339822353670687e-11,0.024413760545643037
0.09375,4924.567463811967,5.1696637848433794e-06,8.220290787528888e-07,8.220290787528896e-07,1.511174118610559e-11,0.025848318924216896
0.1,4920.449439810477,5.451886823077139e-06,9.243019757364886e-07,9.243019757364895e-07,1.6918803440570946e-11,0.027259434115385693
0.10625000000000001,4916.399440206346,5.729447904006828e-06,1.0325087076730365e-06,1.0325087076730373e-06,1.8817865064967015e-11,0.02864723952003414
0.1125,4912.417065179084,6.002374428782217e-06,1.1466407099709153e-06,1.146640709970916e-06,2.0807389906441688e-11,0.030011872143911083
0.11875000000000001,4908.501911253814,6.270694048955278e-06,1.266689505393791e-06,1.2666895053937916e-06,2.2885850977424067e-11,0.03135347024477639
0.125,4904.653576391124,6.534434317778913e-06,1.3926467035155836e-06,1.3926467035155844e-06,2.5051730423042613e-11,0.032672171588894565
0.13125,4900.871662741218,6.793622501293247e-06,1.5245040001808927e-06,1.5245040001808933e-06,2.730351942592666e-11,0.03396811250646623
0.1375,4897.155777403466,7.04828552643464e-06,1.6622531769717953e-06,1.662253176971796e-06,2.963971809380834e-11,0.0352414276321732
0.14375000000000002,4893.5055318867235,7.298450017863999e-06,1.8058861006803592e-06,1.8058861006803599e-06,3.205883535933149e-11,0.03649225008931999
0.15000000000000002,4889.920541005474,7.5441423737638e-06,1.955394722785514e-06,1.955394722785515e-06,3.4559388904983906e-11,0.037720711868819
0.15625,4886.400421760485,7.785388842444608e-06,2.1107710789329218e-06,2.110771078932922e-06,3.7139905113421407e-11,0.038926944212223036
0.1625,4882.94479253254,8.022215577643272e-06,2.272007288416849e-06,2.2720072884168492e-06,3.979891903612074e-11,0.04011107788821636
0.16875,4879.553272692154,8.254648665279079e-06,2.4390955536635757e-06,2.439095553663576e-06,4.253497437090104e-11,0.0412732433263954
0.17500000000000002,4876.225482573612,8.482714125200664e-06,2.612028159716302e-06,2.6120281597163022e-06,4.534662344002431e-11,0.04241357062600332
0.18125000000000002,4872.961043679936,8.70643789718743e-06,2.790797473721798e-06,2.790797473721798e-06,4.823242716365592e-11,0.04353218948593715
0.1875,4869.759578963436,8.92584582166322e-06,2.975395944419147e-06,2.975395944419148e-06,5.119095502693265e-11,0.0446292291083161
0.19375,4866.620713061896,9.140963623561193e-06,3.1658161016308635e-06,3.1658161016308647e-06,5.422078504168249e-11,0.04570481811780597
0.2,4863.544072417396,9.351816904160023e-06,3.362050555756526e-06,3.362050555756528e-06,5.732050370543868e-11,0.04675908452080012
0.20625000000000002,4860.529285263227,9.558431141957958e-06,3.564091997268918e-06,3.564091997268921e-06,6.048870596074328e-11,0.04779215570978979
0.21250000000000002,4857.575981506155,9.76083170078863e-06,3.771933196212521e-06,3.771933196212523e-06,6.37239951571409e-11,0.048804158503943144
0.21875,4854.683792549874,9.959043841883504e-06,3.985567001704143e-06,3.985567001704147e-06,6.702498301717056e-11,0.04979521920941752
0.225,4851.852351112034,1.0153092736420745e-05,4.204986341435476e-06,4.204986341435478e-06,7.039028960651696e-11,0.050765463682103724
0.23125,4849.081291073228,1.0343003475897004e-05,4.430184221177361e-06,4.4301842211773626e-06,7.381854330759952e-11,0.051715017379485015
0.23750000000000002,4846.370247377619,1.0528801078907458e-05,4.6611537242856845e-06,4.661153724285685e-06,7.730838079540876e-11,0.052644005394537285
0.24375000000000002,4843.7188559889355,1.0710510494151003e-05,4.897888011208808e-06,4.89788801120881e-06,8.085844701433869e-11,0.053552552470755015
0.25,4841.12675389203,1.0888156600375755e-05,5.140380318996561e-06,5.140380318996562e-06,8.446739515500123e-11,0.054440783001878774
0.25625000000000003,4838.593579121022,1.1061764204419367e-05,5.388623960810818e-06,5.388623960810819e-06,8.813388663039103e-11,0.05530882102209683
0.2625,4836.118970798267,1.1231358038515775e-05,5.642612325437708e-06,5.642612325437709e-06,9.185659105115754e-11,0.056156790192578875
0.26875,4833.7025691716735,1.1396962757772233e-05,5.902338876801504e-06,5.902338876801506e-06,9.563418620004095e-11,0.056984813788861166
0.275,4831.344015641488,1.155860293833346e-05,6.16779715348022e-06,6.167797153480222e-06,9.946535800569955e-11,0.0577930146916673
0.28125,4829.042952774344,1.1716303076385848e-05,6.438980768222931e-06,6.438980768222935e-06,1.03348800516207e-10,0.05858151538192924
0.28750000000000003,4826.799024307626,1.1870087587899535e-05,6.715883407468834e-06,6.715883407468837e-06,1.072832158724642e-10,0.05935043793949768
0.29375,4824.611875145339,1.2019980808886004e-05,6.998498830868014e-06,6.998498830868018e-06,1.1126731428169646e-10,0.06009990404443002
0.30000000000000004,4822.481151350084,1.2166006995943868e-05,7.286820870803941e-06,7.286820870803944e-06,1.1529981399113157e-10,0.060830034979719345
0.30625,4820.406500133597,1.2308190326930334e-05,7.580843431917656e-06,7.580843431917657e-06,1.1937944126190052e-10,0.061540951634651675
0.3125,4818.387569845899,1.2446554901682062e-05,7.880560490633644e-06,7.880560490633648e-06,1.235049303431771e-10,0.06223277450841031
0.31875000000000003,4816.424009964472,1.2581124742779732e-05,8.185966094687389e-06,8.18596609468739e-06,1.276750234465709e-10,0.06290562371389866
0.325,4814.515471081604,1.2711923796386451e-05,8.497054362654564e-06,8.497054362654566e-06,1.3188847072079816e-10,0.06355961898193226
0.33125000000000004,4812.661604891024,1.2838975933190333e-05,8.813819483481879e-06,8.813819483481879e-06,1.3614403022666524e-10,0.06419487966595167
0.3375,4810.862064172373,1.2962304949456214e-05,9.136255716019537e-06,9.136255716019538e-06,1.4044046791240046e-10,0.06481152474728107
0.34375,4809.116502774698,1.308193456815719e-05,9.464357388555286e-06,9.46435738855529e-06,1.4477655758936108e-10,0.06540967284078596
0.35000000000000003,4807.424575599539,1.3197888440127637e-05,9.79811889835005e-06,9.798118898350053e-06,1.4915108090812256e-10,0.06598944220063818
0.35625,4805.785938585253,1.3310190145165382e-05,1.013753471117511e-05,1.0137534711175112e-05,1.5356282733493295e-10,0.06655095072582691
0.36250000000000004,4804.200248692095,1.3418863193014872e-05,1.0482599360850827e-05,1.0482599360850829e-05,1.5801059412849328e-10,0.06709431596507436
0.36875,4802.667163890718,1.3523931024182712e-05,1.0833307448786881e-05,1.0833307448786883e-05,1.624931863170083e-10,0.06761965512091356
0.375,4801.186343152808,1.3625417010565828e-05,1.1189653643524019e-05,1.1189653643524019e-05,1.6700941667544531e-10,0.06812708505282913
0.38125000000000003,4799.757446444685,1.3723344455903642e-05,1.1551632680277302e-05,1.1551632680277302e-05,1.7155810570294296e-10,0.0686167222795182
0.3875,4798.380134722446,1.381773659609207e-05,1.1919239360480852e-05,1.1919239360480852e-05,1.76138081600324e-10,0.06908868298046035
0.39375000000000004,4797.054069928935,1.3908616599415497e-05,1.2292468551334073e-05,1.2292468551334073e-05,1.8074818024768515e-10,0.06954308299707748
0.4,4795.778914990215,1.399600756676047e-05,1.267131518534937e-05,1.267131518534937e-05,1.853872451820576e-10,0.06998003783380236
0.40625,4794.554333812086,1.4079932531873173e-05,1.3055774259901335e-05,1.3055774259901335e-05,1.9005412757515286e-10,0.07039966265936587
0.41250000000000003,4793.379991274943,1.4160414461712665e-05,1.3445840836777415e-05,1.3445840836777415e-05,1.9474768621122586e-10,0.07080207230856332
0.41875,4792.255553226551,1.4237476256937385e-05,1.3841510041730015e-05,1.3841510041730015e-05,1.994667874650991e-10,0.07118738128468692
0.42500000000000004,4791.180686472728,1.4311140752545279e-05,1.4242777064030086e-05,1.4242777064030086e-05,2.0421030528039905e-10,0.0715557037627264
0.43125,4790.155058765768,1.4381430718671421e-05,1.4649637156022102e-05,1.4649637156022102e-05,2.0897712114805706e-10,0.0719071535933571
0.4375,4789.178338790518,1.4448368861532255e-05,1.5062085632680514e-05,1.5062085632680514e-05,2.13766124085123e-10,0.07224184430766127
0.44375000000000003,4788.250196149111,1.4511977824494384e-05,1.5480117871167516e-05,1.5480117871167516e-05,2.1857621061393335e-10,0.07255988912247192
0.45,4787.370301343556,1.4572280189238375e-05,1.590372931039224e-05,1.590372931039224e-05,2.23406284741665e-10,0.07286140094619187
0.45625000000000004,4786.538325758111,1.462929847698453e-05,1.633291545057128e-05,1.633291545057128e-05,2.2825525794029523e-10,0.07314649238492266
0.4625,4785.753941640995,1.4683055149747726e-05,1.6767671852790504e-05,1.6767671852790504e-05,2.331220491269777e-10,0.07341527574873863
0.46875,4785.016822085969,1.4733572611591753e-05,1.720799413856817e-05,1.720799413856817e-05,2.380055846448344e-10,0.07366786305795876
0.47500000000000003,4784.326641014403,1.478087320985901e-05,1.7653877989419254e-05,1.7653877989419254e-05,2.4290479824415466e-10,0.07390436604929505
0.48125,4783.6830731580985,1.4824979236358468e-05,1.8105319146420974e-05,1.8105319146420974e-05,2.478186310639885e-10,0.07412489618179234
0.48750000000000004,4783.08579404235,1.4865912928502125e-05,1.856231340977939e-05,1.856231340977939e-05,2.527460316141163e-10,0.07432956464251063
0.49375,4782.534479970611,1.4903696470386972e-05,1.902485663839702e-05,1.902485663839702e-05,2.576859557573772e-10,0.07451848235193487
0.5,4782.028808009241,1.4938351993825092e-05,1.949294474944124e-05,1.949294474944124e-05,2.626373666923391e-10,0.07469175996912546
0.50625,4781.568455972946,1.4969901579328182e-05,1.996657371791331e-05,1.996657371791331e-05,2.6759923493629447e-10,0.07484950789664091
0.5125000000000001,4781.1531024113865,1.499836725705454e-05,2.044573957621754e-05,2.044573957621754e-05,2.725705383085708e-10,0.0749918362852727
0.51875,4780.782426595366,1.5023771007726124e-05,2.0930438413730068e-05,2.0930438413730068e-05,2.775502619141444e-10,0.07511885503863062
0.525,4780.456108504196,1.5046134763521448e-05,2.142066637636632e-05,2.142066637636632e-05,2.825373981275503e-10,0.07523067381760724
0.53125,4780.173828812628,1.5065480408947057e-05,2.1916419666145756e-05,2.1916419666145756e-05,2.8753094657708137e-10,0.07532740204473529
0.5375,4779.9352688787085,1.5081829781687111e-05,2.241769454075175e-05,2.241769454075175e-05,2.9252991412926833e-10,0.07540914890843556
0.5437500000000001,4779.740110731624,1.5095204673427485e-05,2.2924487313083494e-05,2.2924487313083494e-05,2.9753331487363367e-10,0.07547602336713742
0.55,4779.588037060241,1.5105626830649034e-05,2.3436794350795045e-05,2.3436794350795045e-05,3.0254017010770807e-10,0.07552813415324516
0.55625,4779.478731201801,1.5113117955383756e-05,2.3954612075814465e-05,2.3954612075814465e-05,3.0754950832229747e-10,0.07556558977691878
0.5625,4779.411877131979,1.511769970592872e-05,2.4477936963832587e-05,2.4477936963832587e-05,3.125603651869869e-10,0.0755884985296436
0.56875,4779.3871594545735,1.5119393697514516e-05,2.500676554374617e-05,2.500676554374617e-05,3.175717835358658e-10,0.07559696848757258
0.5750000000000001,4779.404263392903,1.5118221502928778e-05,2.5541094397033306e-05,2.5541094397033306e-05,3.2258281335346014e-10,0.07559110751464389
0.58125,4779.46287478098,1.5114204653098985e-05,2.6080920157029447e-05,2.6080920157029447e-05,3.2759251176085744e-10,0.07557102326549492
0.5875,4779.562680055497,1.5107364637643145e-05,2.6626239508058875e-05,2.6626239508058875e-05,3.3259994300201464e-10,0.07553682318821572
0.59375,4779.703366248368,1.5097722905400615e-05,2.717704918435801e-05,2.717704918435801e-05,3.3760417843024163e-10,0.07548861452700308
0.6000000000000001,4779.884620978691,1.5085300864958097e-05,2.7733345968701557e-05,2.7733345968701557e-05,3.4260429649485934e-10,0.07542650432479048
0.6062500000000001,4780.106132445133,1.5070119885187706e-05,2.8295126690608036e-05,2.8295126690608036e-05,3.4759938272803613e-10,0.07535059942593852
0.6125,4780.367589417504,1.505220129581391e-05,2.886238822395506e-05,2.886238822395506e-05,3.525885297318119e-10,0.07526100647906955
0.61875,4780.668681227977,1.5031566388025284e-05,2.9435127483773028e-05,2.9435127483773028e-05,3.5757083716532525e-10,0.07515783194012642
0.625,4781.009097761213,1.5008236415144288e-05,3.001334142190495e-05,3.001334142190495e-05,3.625454117322625e-10,0.07504118207572144
0.6312500000000001,4781.388529443648,1.4982232593365061e-05,3.059702702111396e-05,3.059702702111396e-05,3.675113671685512e-10,0.0749111629668253
0.6375000000000001,4781.806667231561,1.4953576102564861e-05,3.1186181287083255e-05,3.1186181287083255e-05,3.724678242303228e-10,0.0747678805128243
0.64375,4782.263202598325,1.4922288087190515e-05,3.178080123757787e-05,3.178080123757787e-05,3.7741391068216886e-10,0.07461144043595258
0.65,4782.757827520204,1.4888389657216975e-05,3.238088388781585e-05,3.238088388781585e-05,3.823487612857153e-10,0.07444194828608487
0.65625,4783.2902344615795,1.4851901889170988e-05,3.298642623081821e-05,3.298642623081821e-05,3.872715177885357e-10,0.07425950944585494
0.6625000000000001,4783.8601163591,1.4812845827210016e-05,3.359742521116233e-05,3.359742521116233e-05,3.9218132891342213e-10,0.07406422913605008
0.6687500000000001,4784.467166605389,1.477124248424381e-05,3.4213877690141044e-05,3.4213877690141044e-05,3.970773503480282e-10,0.07385621242121905
0.675,4785.111079032281,1.4727112843084957e-05,3.483578039981784e-05,3.483578039981784e-05,4.01958744734893e-10,0.07363556421542479
0.68125,4785.791547893616,1.4680477857614029e-05,3.546312988285594e-05,3.546312988285594e-05,4.0682468166185136e-10,0.07340238928807014
0.6875,4786.5082678485205,1.4631358453945335e-05,3.6095922414275705e-05,3.6095922414275705e-05,4.116743376528307e-10,0.07315679226972667
0.6937500000000001,4787.260933944404,1.457977553158045e-05,3.673415390045132e-05,3.673415390045132e-05,4.165068961590299e-10,0.07289887765790225
0.7000000000000001,4788.049241600511,1.4525749964538233e-05,3.737781974968909e-05,3.737781974968909e-05,4.21321547550473e-10,0.07262874982269116
0.70625,4788.872886591862,1.4469302602452163e-05,3.802691470763482e-05,3.802691470763482e-05,4.2611748910792646e-10,0.07234651301226082
0.7125,4789.731565033901,1.4410454271628246e-05,3.8681432649541015e-05,3.8681432649541015e-05,4.3089392501516724e-10,0.07205227135814123
0.71875,4790.624973367563,1.4349225776059086e-05,3.934136632009927e-05,3.934136632009927e-05,4.356500663515867e-10,0.07174612888029543
0.7250000000000001,4791.55280834543,1.4285637898392286e-05,4.000670701013118e-05,4.000670701013118e-05,4.4038513108511583e-10,0.07142818949196143
0.7312500000000001,4792.514767017875,1.4219711400853725e-05,4.067744415796626e-05,4.067744415796626e-05,4.4509834406545617e-10,0.07109855700426862
0.7375,4793.510546720454,1.4151467026128537e-05,4.135356486186476e-05,4.135356486186476e-05,4.4978893701760303e-10,0.07075733513064268
0.74375,4794.539845061577,1.4080925498204572e-05,4.20350532884288e-05,4.20350532884288e-05,4.5445614853564817e-10,0.07040462749102286
0.75,4795.602359910619,1.4008107523184972e-05,4.272188996066344e-05,4.272188996066344e-05,4.590992240768518e-10,0.07004053761592485
0.7562500000000001,4796.697789386349,1.3933033790077836e-05,4.3414050908294495e-05,4.3414050908294495e-05,4.637174159559762e-10,0.06966516895038918
0.7625000000000001,4797.825831845627,1.3855724971572189e-05,4.411150666222946e-05,4.411150666222946e-05,4.683099833398767e-10,0.06927862485786095
0.76875,4798.986185872327,1.377620172480994e-05,4.481422107478403e-05,4.481422107478403e-05,4.728761922423487e-10,0.0688810086240497
0.775,4800.178550265609,1.3694484692164008e-05,4.552214994762265e-05,4.552214994762265e-05,4.774153155192321e-10,0.06847242346082004
0.78125,4801.4026240286885,1.3610594502032425e-05,4.6235239450414704e-05,4.6235239450414704e-05,4.819266328637794e-10,0.06805297251016212
0.7875000000000001,4802.658106356706,1.3524551769657689e-05,4.6953424315128067e-05,4.6953424315128067e-05,4.864094308022951e-10,0.06762275884828844
0.7937500000000001,4803.9446966242995,1.3436377097979519e-05,4.767662579380023e-05,4.767662579380023e-05,4.908630026900581e-10,0.06718188548989759
0.8,4805.262094372618,1.33460910785277e-05,4.840474937165905e-05,4.840474937165905e-05,4.952866487075394e-10,0.0667304553926385
0.80625,4806.609999295604,1.3253714292359845e-05,4.9137682232701024e-05,4.9137682232701024e-05,4.996796758569316e-10,0.06626857146179922
0.8125,4807.988111225531,1.3159267311046876e-05,4.987529048132714e-05,4.987529048132714e-05,5.04041397959004e-10,0.06579633655523438
0.8187500000000001,4809.396130118202,1.3062770697706838e-05,5.061741613139133e-05,5.061741613139133e-05,5.083711356503009e-10,0.06531385348853419
0.8250000000000001,4810.833756036886,1.2964245008085373e-05,5.136387388298195e-05,5.136387388298195e-05,5.126682163806983e-10,0.06482122504042687
0.83125,4812.300689136015,1.2863710791679066e-05,5.21144477173148e-05,5.21144477173148e-05,5.169319744113322e-10,0.06431855395839532
0.8375,4813.79662964425,1.2761188592896119e-05,5.2868887351073536e-05,5.2868887351073536e-05,5.211617508129121e-10,0.0638059429644806
0.84375,4815.3212778473,1.2656698952247224e-05,5.362690460311989e-05,5.362690460311989e-05,5.253568934644296e-10,0.06328349476123613
0.8500000000000001,4816.87433406973,1.2550262407558309e-05,5.4388169738362195e-05,5.4388169738362195e-05,5.295167570522679e-10,0.06275131203779154
0.8562500000000001,4818.455498657715,1.2441899495196568e-05,5.515230786529275e-05,5.515230786529275e-05,5.336407030697187e-10,0.06220949747598284
0.8625,4820.06447196054,1.2331630751300832e-05,5.591889547479144e-05,5.591889547479144e-05,5.377280998169062e-10,0.06165815375650416
0.86875,4821.700954313069,1.2219476713008169e-05,5.6687457217703844e-05,5.6687457217703844e-05,5.417783224011184e-10,0.061097383565040846
0.875,4823.36464601769,1.2105457919669236e-05,5.745746302686149e-05,5.745746302686149e-05,5.457907527375402e-10,0.06052728959834618
0.8812500000000001,4825.055247327247,1.198959491404677e-05,5.822832569503728e-05,5.822832569503728e-05,5.49764779550385e-10,0.05994797457023385
0.8875000000000001,4826.772458427426,1.1871908243492893e-05,5.899939902325571e-05,5.899939902325571e-05,5.536997983744155e-10,0.059359541217464465
0.89375,4828.515979420182,1.1752418461103156e-05,5.9769976653395476e-05,5.9769976653395476e-05,5.575952115568474e-10,0.05876209230551578
0.9,4830.285510307154,1.163114612684728e-05,6.053929169469845e-05,6.053929169469845e-05,5.61450428259628e-10,0.0581557306342364
0.90625,4832.080750973476,1.1508111808678246e-05,6.130651724532456e-05,6.130651724532456e-05,5.652648644620824e-10,0.05754055904339123
0.9125000000000001,4833.901401171918,1.1383336083623617e-05,6.207076789729575e-05,6.207076789729575e-05,5.690379429639211e-10,0.056916680418118086
0.9187500000000001,4835.7471605070305,1.1256839538864298e-05,6.28311022960606e-05,6.28311022960606e-05,5.727690933886053e-10,0.05628419769432149
0.925,4837.617728419684,1.1128642772807225e-05,6.358652680467545e-05,6.358652680467545e-05,5.764577521870684e-10,0.055643213864036124
0.93125,4839.5128041710495,1.0998766396159475e-05,6.433600029763619e-05,6.433600029763619e-05,5.801033626417923e-10,0.054993831980797374
0.9375,4841.432086827259,1.086723103301157e-05,6.507844008129987e-05,6.507844008129987e-05,5.837053748712439e-10,0.05433615516505785
0.9437500000000001,4843.375275243032,1.0734057321937911e-05,6.58127289073993e-05,6.58127289073993e-05,5.872632458346755e-10,0.05367028660968955
0.9500000000000001,4845.342068045201,1.0599265917121854e-05,6.653772301433077e-05,6.653772301433077e-05,5.907764393372987e-10,0.05299632958560927
0.95625,4847.332163616153,1.0462877489512314e-05,6.725226109878535e-05,6.725226109878535e-05,5.942444260358416e-10,0.05231438744756157
0.9625,4849.345260076037,1.03249127280177e-05,6.79551740890843e-05,6.79551740890843e-05,5.976666834445013e-10,0.051624563640088494
0.96875,4851.381055265137,1.0185392340741873e-05,6.864529556250835e-05,6.864529556250835e-05,6.010426959413063e-10,0.05092696170370937
0.9750000000000001,4853.439246724719,1.0044337056265366e-05,6.93214726231979e-05,6.93214726231979e-05,6.043719547749041e-10,0.050221685281326825
0.9812500000000001,4855.51953167808,9.901767624973786e-06,6.998257703600193e-05,6.998257703600193e-05,6.07653958071788e-10,0.04950883812486893
0.9875,4857.62160701006,9.757704820433787e-06,7.062751639598127e-05,7.062751639598127e-05,6.108882108439812e-10,0.04878852410216894
0.99375,4859.745169246756,9.612169440815781e-06,7.125524510396395e-05,7.125524510396395e-05,6.140742249971913e-10,0.0480608472040789
1.0,4861.889914533681,9.465182310361221e-06,7.186477491620065e-05,7.186477491620065e-05,6.172115193394523e-10,0.047325911551806106
1.00625,4864.0555386138885,9.316764280891375e-06,7.245518484110154e-05,7.245518484110154e-05,6.202996195902655e-10,0.046583821404456875
1.0125,4866.241736805561,9.166936233353617e-06,7.302563016827608e-05,7.302563016827608e-05,6.233380583902541e-10,0.04583468116676808
1.01875,4868.448203978754,9.015719079400712e-06,7.357535043436458e-05,7.357535043436458e-05,6.263263753113403e-10,0.04507859539700356
1.0250000000000001,4870.674634532187,8.863133762998285e-06,7.410367615585539e-05,7.410367615585539e-05,6.292641168674557e-10,0.044315668814991424
1.03125,4872.920722369085,8.7092012620555e-06,7.461003419036216e-05,7.461003419036216e-05,6.321508365257922e-10,0.043546006310277496
1.0375,4875.186160873456,8.553942590074259e-06,7.509395162357921e-05,7.509395162357921e-05,6.349860947185993e-10,0.04276971295037129
1.04375,4877.470642885697,8.397378797812557e-06,7.555505811803886e-05,7.555505811803886e-05,6.377694588555331e-10,0.04198689398906279
1.05,4879.77386067807,8.239530974958151e-06,7.599308670042398e-05,7.599308670042398e-05,6.405005033365594e-10,0.041197654874790754
1.0562500000000001,4882.095505930324,8.080420251809605e-06,7.640787300504059e-05,7.640787300504059e-05,6.431788095654149e-10,0.04040210125904802
1.0625,4884.435269705114,7.920067800962477e-06,7.679935303063306e-05,7.679935303063306e-05,6.458039659636264e-10,0.039600339004812385
1.06875,4886.792842423118,7.758494838999455e-06,7.716755950460422e-05,7.716755950460422e-05,6.483755679850908e-10,0.038792474194997276
1.075,4889.167913838575,7.595722628184223e-06,7.751261698160419e-05,7.751261698160419e-05,6.508932181312164e-10,0.037978613140921116
1.08125,4891.560173014359,7.431772478159836e-06,7.783473583129099e-05,7.783473583129099e-05,6.533565259666269e-10,0.03715886239079918
1.0875000000000001,4893.969308297101,7.266665747653349e-06,7.813420529199865e-05,7.813420529199865e-05,6.557651081354308e-10,0.036333328738266744
1.09375,4896.395007292282,7.100423846189385e-06,7.84113857825107e-05,7.84113857825107e-05,6.581185883780586e-10,0.03550211923094693
1.1,4898.836956838965,6.933068235816047e-06,7.866670067284855e-05,7.866670067284855e-05,6.604165975486717e-10,0.03466534117908023
1.10625,4901.29484298443,6.76462043284736e-06,7.890062771696316e-05,7.890062771696316e-05,6.626587736331496e-10,0.0338231021642368
1.1125,4903.768350958378,6.595102009626873e-06,7.91136903457587e-05,7.91136903457587e-05,6.648447617676609e-10,0.032975510048134364
1.1187500000000001,4906.2571651467615,6.424534596317503e-06,7.93064490085203e-05,7.93064490085203e-05,6.669742142578283e-10,0.03212267298158752
1.125,4908.76096906551,6.252939882722908e-06,7.947949273532459e-05,7.947949273532459e-05,6.690467905984963e-10,0.03126469941361454
1.13125,4911.27944533303,6.080339620145675e-06,7.963343107329822e-05,7.963343107329822e-05,6.710621574941162e-10,0.03040169810072837
1.1375,4913.8122756426255,5.90675562328757e-06,7.976888652668934e-05,7.976888652668934e-05,6.730199888797592e-10,0.02953377811643785
1.14375,4916.359140734262,5.732209772196869e-06,7.988648760571531e-05,7.988648760571531e-05,6.749199659427768e-10,0.028661048860984348
1.1500000000000001,4918.919720365118,5.5567240142673056e-06,7.998686256313541e-05,7.998686256313541e-05,6.767617771451223e-10,0.02778362007133653
1.15625,4921.493693279688,5.3803203662927815e-06,8.007063387150701e-05,8.007063387150701e-05,6.785451182463543e-10,0.02690160183146391
1.1625,4924.080737179115,5.203020916581394e-06,8.013841346906425e-05,8.013841346906425e-05,6.802696923273403e-10,0.02601510458290697
1.16875,4926.680528689212,5.024847827131667e-06,8.019079877892417e-05,8.019079877892417e-05,6.819352098146819e-10,0.025124239135658335
1.175,4929.292743327803,4.845823335873251e-06,8.022836948553966e-05,8.022836948553966e-05,6.835413885058825e-10,0.024229116679366256
1.1812500000000001,4931.917055471309,4.6659697589737055e-06,8.025168503447146e-05,8.025168503447146e-05,6.850879535952801e-10,0.02332984879486853
1.1875,4934.553138319663,4.485309493212266e-06,8.026128280695958e-05,8.026128280695958e-05,6.865746377007664e-10,0.02242654746606133
1.19375,4937.200663861078,4.3038650184210655e-06,8.025767690958122e-05,8.025767690958122e-05,6.88001180891315e-10,0.02151932509210533
1.2000000000000002,4939.8593028353425,4.121658899993639e-06,8.024135751147493e-05,8.024135751147493e-05,6.893673307153416e-10,0.020608294499968195
1.20625,4942.528724696113,3.938713791460227e-06,8.021279065703183e-05,8.021279065703183e-05,6.906728422299172e-10,0.019693568957301132
1.2125000000000001,4945.20859757251,3.7550524371290997e-06,8.017241848033855e-05,8.017241848033855e-05,6.919174780308571e-10,0.0187752621856455
1.21875,4947.898588229555,3.570697674793008e-06,8.012065974864173e-05,8.012065974864173e-05,6.93101008283707e-10,0.01785348837396504
1.225,4950.598362027932,3.3856724384998378e-06,8.005791066527432e-05,8.005791066527432e-05,6.942232107556474e-10,0.01692836219249919
1.2312500000000002,4953.307582882219,3.199999761386691e-06,7.998454586738939e-05,7.998454586738939e-05,6.952838708483374e-10,0.015999998806933455
1.2375,4956.025913219097,3.0137027785770354e-06,7.990091956002977e-05,7.990091956002977e-05,6.962827816317183e-10,0.015068513892885178
1.2437500000000001,4958.7530139337805,2.826804730140833e-06,7.980736673508287e-05,7.980736673508287e-05,6.972197438787993e-10,0.014134023650704165
1.25,4961.48854434616,2.639328964118311e-06,7.970420443112202e-05,7.970420443112202e-05,6.980945661014446e-10,0.013196644820591555
1.25625,4964.232162155483,2.451298939608615e-06,7.959173299766051e-05,7.959173299766051e-05,6.989070645871849e-10,0.012256494698043074
1.2625000000000002,4966.98352339464,2.2627382299254593e-06,7.947023733464376e-05,7.947023733464376e-05,6.996570634370742e-10,0.011313691149627297
1.26875,4969.742282382766,2.073670525822687e-06,7.933998808483825e-05,7.933998808483825e-05,7.00344394604616e-10,0.010368352629113434
1.2750000000000001,4972.508091677204,1.884119638793614e-06,7.920124276297059e-05,7.920124276297059e-05,7.009688979357837e-10,0.00942059819396807
1.28125,4975.280602024465,1.6941095044489403e-06,7.905424681091011e-05,7.905424681091011e-05,7.015304212101595e-10,0.008470547522244702
1.2875,4978.059462309268,1.5036641859788913e-06,7.889923457281547e-05,7.889923457281547e-05,7.020288201832219e-10,0.007518320929894457
1.2937500000000002,4980.844319503095,1.3128078777061627e-06,7.873643018796817e-05,7.873643018796817e-05,7.024639586298099e-10,0.006564039388530813
1.3,4983.634818610563,1.121564908736984e-06,7.856604840201912e-05,7.856604840201912e-05,7.028357083887984e-10,0.00560782454368492
1.3062500000000001,4986.430602614984,9.299597467183791e-07,7.838829529963886e-05,7.838829529963886e-05,7.03143949409018e-10,0.004649798733591896
1.3125,4989.231312421614,7.380170017101751e-07,7.820336896316251e-05,7.820336896316251e-05,7.033885697964587e-10,0.0036900850085508754
1.31875,4992.036586799278,5.45761430180823e-07,7.801146006285073e-05,7.801146006285073e-05,7.035694658627982e-10,0.002728807150904115
1.3250000000000002,4994.846062320428,3.5321793913638837e-07,7.781275238494305e-05,7.781275238494305e-05,7.036865421752982e-10,0.001766089695681942
1.33125,4997.659373298606,1.6041159039215028e-07,7.760742330385596e-05,7.760742330385596e-05,7.037397116081172e-10,0.0008020579519607513
1.3375000000000001,5000.476151723766,-3.263239500372747e-08,7.739564420476562e-05,7.739564420476562e-05,7.03728895395089e-10,-0.00016316197501863735
1.34375,5003.296027195702,-2.2588863218505082e-07,7.717758086249624e-05,7.717758086249624e-05,7.036540231840213e-10,-0.0011294431609252542
1.35,5006.118626854361,-4.1933156771193464e-07,7.695339378217941e-05,7.695339378217941e-05,7.035150330925707e-10,-0.002096657838559673
1.3562500000000002,5008.943575308089,-6.129354746358168e-07,7.672323850661709e-05,7.672323850661709e-05,7.033118717657529e-10,-0.003064677373179084
1.3625,5011.770494558701,-8.066744473767741e-07,7.648726589471722e-05,7.648726589471722e-05,7.030444944351513e-10,-0.0040333722368838705
1.3687500000000001,5014.59900392386,-1.0005223964051118e-06,7.624562237481247e-05,7.624562237481247e-05,7.027128649798886e-10,-0.0050026119820255595
1.375,5017.428719956694,-1.1944530427195874e-06,7.599845017614224e-05,7.599845017614224e-05,7.02316955989428e-10,-0.005972265213597937
1.38125,5020.259256361955,-1.3884399121148963e-06,7.574588754129423e-05,7.574588754129423e-05,7.01856748828275e-10,-0.006942199560574481
1.3875000000000002,5023.090223909245,-1.582456329231224e-06,7.548806892197096e-05,7.548806892197096e-05,7.013322337026511e-10,-0.00791228164615612
1.39375,5025.921230343064,-1.7764754113786495e-06,7.522512516007401e-05,7.522512516007401e-05,7.00743409729215e-10,-0.008882377056893247
1.4000000000000001,5028.751880289037,-1.970470062129016e-06,7.495718365578097e-05,7.495718365578097e-05,7.000902850059072e-10,-0.00985235031064508
1.40625,5031.58177515709,-2.1644129646674022e-06,7.468436852402476e-05,7.468436852402476e-05,6.99372876684999e-10,-0.01082206482333701
1.4125,5034.4105130407925,-2.358276574894618e-06,7.440680074056635e-05,7.440680074056635e-05,6.985912110484265e-10,-0.011791382874473089
1.4187500000000002,5037.237688612879,-2.5520331142711763e-06,7.412459827867306e-05,7.412459827867306e-05,6.977453235854982e-10,-0.012760165571355881
1.425,5040.062893016908,-2.7456545623917967e-06,7.383787623726916e-05,7.383787623726916e-05,6.968352590730624e-10,-0.013728272811958984
1.4312500000000001,5042.885713754881,-2.9391126492779174e-06,7.354674696130793e-05,7.354674696130793e-05,6.958610716582301e-10,-0.014695563246389588
1.4375,5045.7057345703015,-3.1323788473736837e-06,7.325132015501847e-05,7.325132015501847e-05,6.948228249437504e-10,-0.01566189423686842
1.44375,5048.52253532696,-3.3254243632286234e-06,7.295170298860214e-05,7.295170298860214e-05,6.937205920761433e-10,-0.016627121816143117
1.4500000000000002,5051.335691882661,-3.5182201288476367e-06,7.264800019888843e-05,7.264800019888843e-05,6.925544558366987e-10,-0.017591100644238182
1.45625,5054.144775957882,-3.7107367926860755e-06,7.234031418440568e-05,7.234031418440568e-05,6.913245087354612e-10,-0.01855368396343038
1.4625000000000001,5056.949354998545,-3.902944710264607e-06,7.202874509527576e-05,7.202874509527576e-05,6.900308531083248e-10,-0.019514723551323037
1.46875,5059.748992033716,-4.094813934375163e-06,7.171339091830182e-05,7.171339091830182e-05,6.886736012173746e-10,-0.020474069671875813
1.475,5062.543245525537,-4.286314204845869e-06,7.139434755758331e-05,7.139434755758331e-05,6.872528753546202e-10,-0.021431571024229348
1.4812500000000002,5065.331669213505,-4.477414937829038e-06,7.107170891096222e-05,7.107170891096222e-05,6.857688079492804e-10,-0.02238707468914519
1.4875,5068.113811950306,-4.668085214572635e-06,7.074556694257709e-05,7.074556694257709e-05,6.842215416787893e-10,-0.023340426072863175
1.4937500000000001,5070.88921752988,-4.858293769631619e-06,7.041601175177777e-05,7.041601175177777e-05,6.826112295837099e-10,-0.024291468848158096
1.5,5073.657424506582,-5.048008978471588e-06,7.00831316386327e-05,7.00831316386327e-05,6.809380351867561e-10,-0.02524004489235794
1.50625,5076.417966004666,-5.237198844413183e-06,6.97470131662414e-05,6.97470131662414e-05,6.792021326161435e-10,-0.026185994222065915
1.5125000000000002,5079.170369517358,-5.42583098486156e-06,6.940774122004888e-05,6.940774122004888e-05,6.774037067335025e-10,-0.0271291549243078
1.51875,5081.914156694594,-5.61387261676122e-06,6.90653990643436e-05,6.90653990643436e-05,6.755429532666137e-10,-0.0280693630838061
1.5250000000000001,5084.648843118496,-5.801290541212376e-06,6.872006839610789e-05,6.872006839610789e-05,6.736200789472428e-10,-0.029006452706061878
1.53125,5087.373938065868,-5.988051127181032e-06,6.83718293963783e-05,6.83718293963783e-05,6.716353016543734e-10,-0.02994025563590516
1.5375,5090.08894425608,-6.174120294231008e-06,6.802076077926327e-05,6.802076077926327e-05,6.695888505631646e-10,-0.03087060147115504
1.5437500000000002,5092.793357583715,-6.359463494202248e-06,6.766693983875597e-05,6.766693983875597e-05,6.674809662999808e-10,-0.03179731747101124
1.55,5095.4866668348795,-6.5440456917561e-06,6.731044249347295e-05,6.731044249347295e-05,6.653119011038705e-10,-0.0327202284587805
1.5562500000000001,5098.168353385217,-6.727831343704759e-06,6.695134332944027e-05,6.695134332944027e-05,6.630819189948957e-10,-0.03363915671852379
1.5625,5100.837890879787,-6.910784377038941e-06,6.658971564104327e-05,6.658971564104327e-05,6.607912959497446e-10,-0.034553921885194704
1.56875,5103.494744891741,-7.0928681655651835e-06,6.622563147024869e-05,6.622563147024869e-05,6.584403200850884e-10,-0.035464340827825916
1.5750000000000002,5106.138372560238,-7.2740455050619346e-06,6.585916164420211e-05,6.585916164420211e-05,6.560292918491718e-10,-0.036370227525309676
1.58125,5108.768222204438,-7.45427858686241e-06,6.549037581129772e-05,6.549037581129772e-05,6.535585242221605e-10,-0.03727139293431205
1.5875000000000001,5111.383732914317,-7.633528969771542e-06,6.511934247581107e-05,6.511934247581107e-05,6.510283429257967e-10,-0.038167644848857714
1.59375,5113.98433411481,-7.811757550225426e-06,6.474612903118125e-05,6.474612903118125e-05,6.484390866429454e-10,-0.03905878775112713
1.6,5116.569445103664,-7.988924530603722e-06,6.43708017920217e-05,6.43708017920217e-05,6.457911072476435e-10,-0.03994462265301861
1.6062500000000002,5119.138474560823,-8.164989385609783e-06,6.399342602493473e-05,6.399342602493473e-05,6.43084770046293e-10,-0.040824946928048916
1.6125,5121.690820028512,-8.339910826639427e-06,6.361406597819913e-05,6.361406597819913e-05,6.403204540306643e-10,-0.041699554133197134
1.6187500000000001,5124.225867360981,-8.513646764068198e-06,6.323278491039488e-05,6.323278491039488e-05,6.37498552143399e-10,-0.04256823382034099
1.625,5126.742990142912,-8.686154267398771e-06,6.284964511802421e-05,6.284964511802421e-05,6.346194715567223e-10,-0.043430771336993856
1.63125,5129.241549076264,-8.857389523225264e-06,6.246470796218309e-05,6.246470796218309e-05,6.316836339650895e-10,-0.044286947616126324
1.6375000000000002,5131.720891334455,-9.027307790990473e-06,6.207803389433306e-05,6.207803389433306e-05,6.286914758924954e-10,-0.045136538954952364
1.64375,5134.180349884714,-9.195863356535173e-06,6.168968248121798e-05,6.168968248121798e-05,6.256434490151809e-10,-0.04597931678267587
1.6500000000000001,5136.619242778633,-9.363009483466873e-06,6.129971242896718e-05,6.129971242896718e-05,6.225400205004589e-10,-0.04681504741733437
1.65625,5139.036872411249,-9.528698362408517e-06,6.090818160642134e-05,6.090818160642134e-05,6.19381673362362e-10,-0.04764349181204258
1.6625,5141.432524751386,-9.692881058226349e-06,6.051514706771537e-05,6.051514706771537e-05,6.161689068347808e-10,-0.048464405291131746
1.6687500000000002,5143.805468544124,-9.855507455380625e-06,6.0120665074147685e-05,6.0120665074147685e-05,6.129022367627179e-10,-0.04927753727690312
1.675,5146.1549544886975,-1.0016526201593432e-05,5.9724791115363865e-05,5.9724791115363865e-05,6.09582196012212e-10,-0.050082631007967164
1.6812500000000001,5148.480214395923,-1.0175884650084497e-05,5.932757992987923e-05,5.932757992987923e-05,6.062093348994088e-10,-0.05087942325042248
1.6875,5150.780460328833,-1.0333528800688736e-05,5.8929085524963425e-05,5.8929085524963425e-05,6.027842216391493e-10,-0.05166764400344368
1.69375,5153.054883732659,-1.0489403240238278e-05,5.852936119590786e-05,5.852936119590786e-05,5.993074428133184e-10,-0.05244701620119139
1.7000000000000002,5155.302654561184,-1.0643451082666194e-05,5.812845954469595e-05,5.812845954469595e-05,5.957796038590463e-10,-0.05321725541333097
1.70625,5157.522920406242,-1.0795613909369383e-05,5.7726432498094565e-05,5.7726432498094565e-05,5.922013295766774e-10,-0.05397806954684691
1.7125000000000001,5159.714805640555,-1.09458317104524e-05,5.732333132518496e-05,5.732333132518496e-05,5.885732646572144e-10,-0.054729158552262
1.71875,5161.877410583607,-1.1094042827562717e-05,5.691920665435041e-05,5.691920665435041e-05,5.848960742287096e-10,-0.055470214137813584
1.725,5164.009810702419,-1.1240183899118738e-05,5.65141084897377e-05,5.65141084897377e-05,5.811704444208108e-10,-0.056200919495593686
1.7312500000000002,5166.111055860193,-1.138418980882461e-05,5.61080862272098e-05,5.61080862272098e-05,5.773970829463727e-10,-0.05692094904412305
1.7375,5168.180169627725,-1.1525993638457998e-05,5.570118866980649e-05,5.570118866980649e-05,5.735767196987165e-10,-0.057629968192289986
1.7437500000000001,5170.216148672136,-1.1665526626007579e-05,5.529346404273058e-05,5.529346404273058e-05,5.697101073627655e-10,-0.058327633130037894
1.75,5172.2179622416415,-1.180271813032327e-05,5.488496000787667e-05,5.488496000787667e-05,5.657980220378975e-10,-0.05901359065161635
1.75625,5174.184551762293,-1.1937495603522866e-05,5.447572367792032e-05,5.447572367792032e-05,5.618412638699433e-10,-0.05968747801761433
1.7625000000000002,5176.114830568211,-1.206978457247035e-05,5.4065801629985e-05,5.4065801629985e-05,5.57840657689324e-10,-0.06034892286235175
1.76875,5178.00768378348,-1.2199508630702387e-05,5.365523991890471e-05,5.365523991890471e-05,5.537970536518646e-10,-0.060997543153511934
1.7750000000000001,5179.861968377882,-1.232658944222675e-05,5.324408409009982e-05,5.324408409009982e-05,5.497113278783484e-10,-0.06163294721113375
1.78125,5181.676513416327,-1.2450946758647831e-05,5.283237919208375e-05,5.283237919208375e-05,5.455843830883956e-10,-0.062254733793239155
1.7875,5183.450120525096,-1.2572498451086617e-05,5.2420169788617725e-05,5.2420169788617725e-05,5.414171492237609e-10,-0.06286249225543308
1.7937500000000002,5185.181564594432,-1.2691160558353875e-05,5.2007499970530795e-05,5.2007499970530795e-05,5.372105840556643e-10,-0.06345580279176938
1.8,5186.869594739524,-1.2806847352802456e-05,5.1594413367221584e-05,5.1594413367221584e-05,5.329656737702951e-10,-0.06403423676401228
1.8062500000000001,5188.512935539342,-1.2919471425226131e-05,5.118095315785824e-05,5.118095315785824e-05,5.286834335261748e-10,-0.06459735712613066
1.8125,5190.110288571875,-1.3028943790086212e-05,5.076716208229193e-05,5.076716208229193e-05,5.243649079766428e-10,-0.06514471895043106
1.81875,5191.660334263408,-1.313517401223146e-05,5.035308245169957e-05,5.035308245169957e-05,5.200111717503393e-10,-0.0656758700611573
1.8250000000000002,5193.161734065802,-1.3238070356131158e-05,4.993875615897002e-05,4.993875615897002e-05,5.156233298822244e-10,-0.06619035178065578
1.83125,5194.613132974885,-1.3337539958464615e-05,4.952422468884832e-05,4.952422468884832e-05,5.112025181873916e-10,-0.06668769979232307
1.8375000000000001,5196.013162398958,-1.34334890247033e-05,4.9109529127851554e-05,4.9109529127851554e-05,5.067499035697215e-10,-0.0671674451235165
1.84375,5197.360443383002,-1.352582305008481e-05,4.869471017396998e-05,4.869471017396998e-05,5.022666842572945e-10,-0.06762911525042405
1.85,5198.653590190791,-1.3614447065112763e-05,4.827980814616646e-05,4.827980814616646e-05,4.977540899564289e-10,-0.0680722353255638
1.8562500000000002,5199.891214242887,-1.3699265905425175e-05,4.786486299368735e-05,4.786486299368735e-05,4.932133819162709e-10,-0.06849632952712588
1.8625,5201.071928402856,-1.3780184505559814e-05,4.7449914305197815e-05,4.7449914305197815e-05,4.886458528960132e-10,-0.06890092252779907
1.8687500000000001,5202.1943516007,-1.3857108215811054e-05,4.703500131775467e-05,4.703500131775467e-05,4.840528270270901e-10,-0.06928554107905527
1.875,5203.257113776523,-1.3929943141024282e-05,4.6620162925629826e-05,4.6620162925629826e-05,4.79435659563077e-10,-0.0696497157051214
1.88125,5204.258861121585,-1.3998596499815812e-05,4.6205437688998023e-05,4.6205437688998023e-05,4.747957365105236e-10,-0.06999298249907905
1.8875000000000002,5205.198261591127,-1.4062977002343733e-05,4.579086384250237e-05,4.579086384250237e-05,4.701344741345731e-10,-0.07031488501171866
1.89375,5206.074010654096,-1.4122995244395558e-05,4.537647930371194e-05,4.537647930371194e-05,4.654533183339587e-10,-0.0706149762219778
1.9000000000000001,5206.884837244214,-1.41785641152075e-05,4.496232168148584e-05,4.496232168148584e-05,4.607537438808252e-10,-0.0708928205760375
1.90625,5207.629509867979,-1.4229599216095334e-05,4.454842828425862e-05,4.454842828425862e-05,4.5603725352179343e-10,-0.07114799608047667
1.9125,5208.3068428240185,-1.427601928666501e-05,4.413483612826203e-05,4.413483612826203e-05,4.51305376937754e-10,-0.07138009643332505
1.9187500000000002,5208.915702481243,-1.4317746635089413e-05,4.372158194569854e-05,4.372158194569854e-05,4.465596695610434e-10,-0.07158873317544706
1.925,5209.455013561764,-1.4354707568692982e-05,4.3308702192882073e-05,4.3308702192882073e-05,4.418017112499e-10,-0.07177353784346491
1.9312500000000001,5209.923765370257,-1.4386832820884583e-05,4.28962330583614e-05,4.28962330583614e-05,4.370331048214103e-10,-0.07193416410442291
1.9375,5210.321017910453,-1.4414057970327072e-05,4.2484210471041544e-05,4.2484210471041544e-05,4.322554744455192e-10,-0.07207028985163536
1.94375,5210.645907826613,-1.4436323848134787e-05,4.207267010831814e-05,4.207267010831814e-05,4.2747046390407174e-10,-0.07218161924067394
1.9500000000000002,5210.89765410835,-1.4453576928851774e-05,4.166164740423939e-05,4.166164740423939e-05,4.2267973472026276e-10,-0.07226788464425887
1.95625,5211.075563497351,-1.4465769700987291e-05,4.125117755770942e-05,4.125117755770942e-05,4.178849641652701e-10,-0.07232884850493645
1.9625000000000001,5211.179035535402,-1.4472861012973497e-05,4.0841295540746285e-05,4.0841295540746285e-05,4.1308784315021827e-10,-0.07236430506486749
1.96875,5211.207567195697,-1.4474816390563617e-05,4.043203610680659e-05,4.043203610680659e-05,4.082900740129381e-10,-0.07237408195281808
1.975,5211.160757042264,-1.4471608321907246e-05,4.0023433799188106e-05,4.0023433799188106e-05,4.0349336821023674e-10,-0.07235804160953622
1.9812500000000002,5211.038308867379,-1.4463216506820859e-05,3.961552295952001e-05,3.961552295952001e-05,3.9869944392754507e-10,-0.07231608253410429
1.9875,5210.840034760461,-1.4449628067112939e-05,3.9208337736349624e-05,3.9208337736349624e-05,3.9391002361885177e-10,-0.07224814033556469
1.9937500000000001,5210.565857568629,-1.4430837715220083e-05,3.8801912093832865e-05,3.8801912093832865e-05,3.8912683149074177e-10,-0.07215418857610041
2.0,5210.215812715631,-1.440684787885675e-05,3.839627982053449e-05,3.839627982053449e-05,3.8435159094511865e-10,-0.07203423939428374
2.00625,5209.7900493523175,-1.4377668779871119e-05,3.7991474538342814e-05,3.7991474538342814e-05,3.795860219957901e-10,-0.0718883438993556
2.0125,5209.288830820474,-1.4343318466023444e-05,3.7587529711502354e-05,3.7587529711502354e-05,3.7483183867451975e-10,-0.07171659233011722
2.0187500000000003,5208.712534418785,-1.4303822794954092e-05,3.7184478655766764e-05,3.7184478655766764e-05,3.700907464423935e-10,-0.07151911397477047
2.025,5208.061650468841,-1.4259215370175509e-05,3.678235454767303e-05,3.678235454767303e-05,3.6536443962240104e-10,-0.07129607685087755
2.03125,5207.336780687396,-1.4209537429496348e-05,3.638119043393745e-05,3.638119043393745e-05,3.606545988690006e-10,-0.07104768714748173
2.0375,5206.538635877993,-1.4154837686856749e-05,3.5981019240972666e-05,3.5981019240972666e-05,3.5596288869010783e-10,-0.07077418843428374
2.04375,5205.668032966217,-1.4095172129110871e-05,3.558187378452453e-05,3.558187378452453e-05,3.512909550364426e-10,-0.07047586064555436
2.0500000000000003,5204.725891407103,-1.403060376982673e-05,3.51837867794273e-05,3.51837867794273e-05,3.4664042297248037e-10,-0.07015301884913365
2.05625,5203.713229003004,-1.3961202362674485e-05,3.4786790849475075e-05,3.4786790849475075e-05,3.4201289444240315e-10,-0.06980601181337243
2.0625,5202.631157176309,-1.3887044077433951e-05,3.439091853740736e-05,3.439091853740736e-05,3.3740994614343905e-10,-0.06943522038716976
2.06875,5201.480875746492,-1.3808211142062575e-05,3.3996202315006685e-05,3.3996202315006685e-05,3.328331275178415e-10,-0.06904105571031287
2.075,5200.263667267553,-1.3724791454619171e-05,3.360267459330642e-05,3.360267459330642e-05,3.282839588734982e-10,-0.06862395727309585
2.0812500000000003,5198.980890985588,-1.3636878169131674e-05,3.3210367732907014e-05,3.3210367732907014e-05,3.23763929641807e-10,-0.06818439084565837
2.0875,5197.633976478325,-1.3544569259723847e-05,3.281931405439945e-05,3.281931405439945e-05,3.1927449678002505e-10,-0.06772284629861923
2.09375,5196.224417043525,-1.3447967067474298e-05,3.242954584889523e-05,3.242954584889523e-05,3.148170833238136e-10,-0.06723983533737149
2.1,5194.753762901373,-1.3347177834569444e-05,3.204109538866256e-05,3.204109538866256e-05,3.1039307709419166e-10,-0.06673588917284722
2.10625,5193.223614278898,-1.3242311230330685e-05,3.165399493786914e-05,3.165399493786914e-05,3.0600382956159027e-10,-0.06621155615165342
2.1125000000000003,5191.635614441136,-1.3133479873646314e-05,3.126827676343266e-05,3.126827676343266e-05,3.016506548682001e-10,-0.06566739936823157
2.11875,5189.9914427351,-1.3020798856223695e-05,3.0883973145980434e-05,3.0883973145980434e-05,2.9733482900833985e-10,-0.06510399428111847
2.125,5188.292807707118,-1.2904385270900857e-05,3.0501116390920666e-05,3.0501116390920666e-05,2.93057589165169e-10,-0.06452192635450428
2.13125,5186.54144035243,-1.2784357749024632e-05,3.011973883962806e-05,3.011973883962806e-05,2.8882013320073924e-10,-0.06392178874512316
2.1375,5184.739087551554,-1.2660836010620407e-05,2.973987288074727e-05,2.973987288074727e-05,2.846236192951452e-10,-0.06330418005310204
2.1437500000000003,5182.887505742905,-1.2533940430753935e-05,2.9361550961618307e-05,2.9361550961618307e-05,2.8046916572940726e-10,-0.06266970215376967
2.15,5180.988454876373,-1.2403791625125894e-05,2.898480559982834e-05,2.898480559982834e-05,2.763578508057113e-10,-0.06201895812562947
2.15625,5179.043692685317,-1.2270510057552914e-05,2.8609669394895146e-05,2.8609669394895146e-05,2.722907128977519e-10,-0.06135255028776457
2.1625,5177.054969311778,-1.2134215671582796e-05,2.823617504008767e-05,2.823617504008767e-05,2.6826875062317865e-10,-0.06067107835791398
2.16875,5175.024022310138,-1.1995027548074812e-05,2.7864355334389875e-05,2.7864355334389875e-05,2.642929231295397e-10,-0.05997513774037406
2.1750000000000003,5172.952572049756,-1.1853063590156193e-05,2.7494243194614516e-05,2.7494243194614516e-05,2.603641504846484e-10,-0.059265317950780966
2.18125,5170.8423175324515,-1.1708440236550797e-05,2.712587166767396e-05,2.712587166767396e-05,2.5648331416196906e-10,-0.05854220118275399
2.1875,5168.694932632215,-1.1561272203872332e-05,2.6759273943015783e-05,2.6759273943015783e-05,2.526512576114214e-10,-0.05780636101936166
2.19375,5166.512062760247,-1.1411672258089378e-05,2.6394483365231564e-05,2.6394483365231564e-05,2.488687869059339e-10,-0.05705836129044689
2.2,5164.295321953974,-1.1259751015007296e-05,2.6031533446847834e-05,2.6031533446847834e-05,2.45136671454129e-10,-0.056298755075036476
2.2062500000000003,5162.04629038196,-1.1105616769279048e-05,2.567045788130905e-05,2.567045788130905e-05,2.414556447696839e-10,-0.05552808384639524
2.2125,5159.766512253755,-1.094937535115567e-05,2.531129055616324e-05,2.531129055616324e-05,2.378264052881719e-10,-0.05474687675577834
2.21875,5157.457494119044,-1.0791130009921154e-05,2.4954065566461923e-05,2.4954065566461923e-05,2.342496172225402e-10,-0.05395565004960577
2.225,5155.120703537478,-1.0630981322727822e-05,2.4598817228386936e-05,2.4598817228386936e-05,2.3072591144880503e-10,-0.05315490661363911
2.23125,5152.757568097379,-1.0469027127357466e-05,2.4245580093117997e-05,2.4245580093117997e-05,2.2725588641403297e-10,-0.05234513563678733
2.2375000000000003,5150.36947476029,-1.0305362477281404e-05,2.3894388960956002e-05,2.3894388960956002e-05,2.238401090592184e-10,-0.05152681238640702
2.24375,5147.9577695049165,-1.0140079617278124e-05,2.3545278895718466e-05,2.3545278895718466e-05,2.2047911575024238e-10,-0.05070039808639062
2.25,5145.523757244842,-9.973267977789252e-06,2.319828523942493e-05,2.319828523942493e-05,2.1717341321070235e-10,-0.04986633988894626
2.25625,5143.068701992737,-9.805014186151005e-06,2.2853443627291697e-05,2.2853443627291697e-05,2.1392347945101906e-10,-0.049025070930755026
2.2625,5140.593827242596,-9.63540209282699e-06,2.2510790003056766e-05,2.2510790003056766e-05,2.1072976468884859e-10,-0.048177010464134945
2.2687500000000003,5138.100316544723,-9.464512810785595e-06,2.2170360634657848e-05,2.2170360634657848e-05,2.0759269225644228e-10,-0.04732256405392798
2.275,5135.58931424549,-9.292424766208933e-06,2.1832192130287564e-05,2.1832192130287564e-05,2.045126594911991e-10,-0.046462123831044665
2.28125,5133.061926366938,-9.119213758786019e-06,2.149632145485235e-05,2.149632145485235e-05,2.014900386062332e-10,-0.04559606879393009
2.2875,5130.519221602578,-8.944953029927634e-06,2.1162785946862986e-05,2.1162785946862986e-05,1.9852517753833148e-10,-0.04472476514963817
2.29375,5127.9622324050315,-8.769713337340487e-06,2.0831623335786922e-05,2.0831623335786922e-05,1.9561840077119294e-10,-0.043848566686702437
2.3000000000000003,5125.3919561460525,-8.59356303450987e-06,2.0502871759894447e-05,2.0502871759894447e-05,1.9277001013232296e-10,-0.04296781517254935
2.30625,5122.8093563285265,-8.416568153760455e-06,2.017656978463287e-05,2.017656978463287e-05,1.8998028556239666e-10,-0.042082840768802275
2.3125,5120.215363832938,-8.23879249169029e-06,1.985275642156507e-05,1.985275642156507e-05,1.8724948585630461e-10,-0.041193962458451444
2.31875,5117.610878182937,-8.060297695900965e-06,1.953147114791095e-05,1.953147114791095e-05,1.8457784937545122e-10,-0.04030148847950482
2.325,5114.9967688159495,-7.881143352074668e-06,1.9212753926732878e-05,1.9212753926732878e-05,1.8196559473119093e-10,-0.03940571676037334
2.3312500000000003,5112.373876346784,-7.701387070573969e-06,1.8896645227808486e-05,1.8896645227808486e-05,1.7941292143956034e-10,-0.038506935352869844
2.3375,5109.743013813864,-7.521084571861086e-06,1.8583186049237138e-05,1.8583186049237138e-05,1.7692001054769762e-10,-0.03760542285930543
2.34375,5107.104967900118,-7.340289770148043e-06,1.8272417939828993e-05,1.8272417939828993e-05,1.7448702523253548e-10,-0.03670144885074022
2.35,5104.4605001204245,-7.159054854796756e-06,1.7964383022328822e-05,1.7964383022328822e-05,1.7211411137251364e-10,-0.03579527427398378
2.35625,5101.810347971008,-6.977430369087295e-06,1.7659124017530086e-05,1.7659124017530086e-05,1.6980139809318305e-10,-0.034887151845436476
2.3625000000000003,5099.155226036324,-6.795465286063049e-06,1.735668426933819e-05,1.735668426933819e-05,1.6754899828767073e-10,-0.033977326430315244
2.36875,5096.49582704961,-6.613207081242836e-06,1.7057107770845948e-05,1.7057107770845948e-05,1.6535700911304368e-10,-0.03306603540621418
2.375,5093.832822906677,-6.430701802061755e-06,1.676043919148827e-05,1.676043919148827e-05,1.632255124636563e-10,-0.03215350901030878
2.38125,5091.166865629934,-6.247994133965534e-06,1.6466723905347736e-05,1.6466723905347736e-05,1.611545754225903e-10,-0.031239970669827668
2.3875,5088.498588283619,-6.065127463136671e-06,1.6176008020687463e-05,1.6176008020687463e-05,1.5914425069230374e-10,-0.030325637315683357
2.3937500000000003,5085.828605840572,-5.882143935876032e-06,1.5888338410792825e-05,1.5888338410792825e-05,1.571945770055975e-10,-0.029410719679380158
2.4000000000000004,5083.157516000424,-5.6990845147008644e-06,1.5603762746209024e-05,1.5603762746209024e-05,1.5530557951798801e-10,-0.028495422573504323
2.40625,5080.485899961861,-5.515989031250081e-06,1.53223295284672e-05,1.53223295284672e-05,1.5347727018254386e-10,-0.027579945156250407
2.4125,5077.81432314952,-5.332896236111005e-06,1.5044088125397598e-05,1.5044088125397598e-05,1.5170964810820716e-10,-0.026664481180555026
2.41875,5075.143335897939,-5.149843845699067e-06,1.4769088808134393e-05,1.4769088808134393e-05,1.500026999025764e-10,-0.025749219228495338
2.4250000000000003,5072.473474094911,-4.9668685863340935e-06,1.4497382789922803e-05,1.4497382789922803e-05,1.4835640000007986e-10,-0.02483434293167047
2.4312500000000004,5069.805259785675,-4.784006235664381e-06,1.422902226684514e-05,1.422902226684514e-05,1.4677071097641877e-10,-0.023920031178321904
2.4375,5067.1392017412245,-4.601291661593554e-06,1.3964060460588249e-05,1.3964060460588249e-05,1.4524558385010787e-10,-0.02300645830796777
2.44375,5064.475795991736,-4.418758858865754e-06,1.3702551663380264e-05,1.3702551663380264e-05,1.437809583718897e-10,-0.02209379429432877
2.45,5061.815526328816,-4.236440983462662e-06,1.3444551285229523e-05,1.3444551285229523e-05,1.4237676330274764e-10,-0.02118220491731331
2.4562500000000003,5059.158864777537,-4.054370384961808e-06,1.319011590360272e-05,1.319011590360272e-05,1.410329166811937e-10,-0.020271851924809042
2.4625000000000004,5056.5062720407595,-3.872578636999982e-06,1.293930331568261e-05,1.293930331568261e-05,1.3974932608045895e-10,-0.019362893184999907
2.46875,5053.858197918428,-3.6910965659787155e-06,1.2692172593347588e-05,1.2692172593347588e-05,1.385258888561693e-10,-0.018455482829893576
2.475,5051.215081702107,-3.509954278141327e-06,1.2448784141016071e-05,1.2448784141016071e-05,1.3736249238504657e-10,-0.017549771390706632
2.48125,5048.577352548491,-3.3291811851428907e-06,1.2209199756497304e-05,1.2209199756497304e-05,1.3625901429513413e-10,-0.016645905925714452
2.4875000000000003,5045.945429832065,-3.148806028226339e-06,1.1973482694986825e-05,1.1973482694986825e-05,1.3521532268800915e-10,-0.015744030141131696
2.4937500000000004,5043.319723478919,-2.968856901109618e-06,1.174169773633901e-05,1.174169773633901e-05,1.3423127635340896e-10,-0.014844284505548089
2.5,5040.700634283564,-2.789361271680739e-06,1.151391125574038e-05,1.151391125574038e-05,1.3330672497666618e-10,-0.013946806358403695
2.50625,5038.088554209051,-2.610346002589836e-06,1.1290191297895378e-05,1.1290191297895378e-05,1.324415093393188e-10,-0.013051730012949181
2.5125,5035.483866672982,-2.431837370819813e-06,1.1070607654820791e-05,1.1070607654820791e-05,1.3163546151323306e-10,-0.012159186854099065
2.5187500000000003,5032.88694681888,-2.2538610863103404e-06,1.0855231947325286e-05,1.0855231947325286e-05,1.3088840504855375e-10,-0.011269305431551703
2.5250000000000004,5030.2981617751775,-2.076442309703346e-06,1.0644137710226376e-05,1.0644137710226376e-05,1.3020015515577224e-10,-0.010382211548516729
2.53125,5027.717870902504,-1.8996056692721668e-06,1.0437400481328106e-05,1.0437400481328106e-05,1.2957051888218344e-10,-0.009498028346360834
2.5375,5025.146426029258,-1.7233752770910638e-06,1.0235097894148352e-05,1.0235097894148352e-05,1.2899929528298328e-10,-0.00861687638545532
2.54375,5022.584171677533,-1.5477747444966877e-06,1.0037309774344448e-05,1.0037309774344448e-05,1.284862755872413e-10,-0.007738873722483439
2.5500000000000003,5020.031445278809,-1.3728271968885947e-06,9.84411823973966e-06,9.84411823973966e-06,1.2803124335896759e-10,-0.006864135984442974
2.5562500000000004,5017.488577381065,-1.1985552879116886e-06,9.65560780380022e-06,9.65560780380022e-06,1.2763397465347882e-10,-0.0059927764395584435
2.5625,5014.955891847218,-1.0249812130597991e-06,9.47186548235313e-06,9.47186548235313e-06,1.2729423816925536e-10,-0.005124906065298996
2.56875,5012.433706045689,-8.521267227361999e-07,9.292980903268311e-06,9.292980903268311e-06,1.2701179539546925e-10,-0.004260633613680999
2.575,5009.922331033571,-6.80013134803862e-07,9.119046418754833e-06,9.119046418754833e-06,1.267864007553525e-10,-0.00340006567401931
2.5812500000000003,5007.422071732681,-5.086613466555165e-07,8.95015721983965e-06,8.95015721983965e-06,1.2661780174556458e-10,-0.0025433067332775827
2.5875000000000004,5004.933227099106,-3.3809184683114203e-07,8.786411452508737e-06,8.786411452508737e-06,1.2650573907170918e-10,-0.00169045923415571
2.59375,5002.456090286513,-1.6832472620830592e-07,8.627910334894428e-06,8.627910334894428e-06,1.2644994678014203e-10,-0.0008416236310415296
2.6,4999.990948803545,6.203112112046045e-10,8.474758274789794e-06,8.538901915664371e-06,1.2645015238620323e-10,3.1015560560230227e-06
2.60625,4997.538084665495,1.6872393789679804e-07,8.327062986661006e-06,8.565809813568901e-06,1.2650607699900104e-10,0.0008436196894839902
2.6125000000000003,4995.09777454112,3.359671927465377e-07,8.184935607212566e-06,8.59824410762441e-06,1.2661743544286697e-10,0.0016798359637326887
2.6187500000000004,4992.670289893855,5.023314713880416e-07,8.048490808438586e-06,8.635036853323147e-06,1.2678393637559599e-10,0.0025116573569402083
2.625,4990.255897118849,6.677985168056265e-07,7.917846906966898e-06,8.676274375143204e-06,1.2700528240358017e-10,0.0033389925840281325
2.63125,4987.854857674898,8.323504102776359e-07,7.793125968372638e-06,8.721849852343953e-06,1.2728117019393833e-10,0.00416175205138818
2.6375,4985.467428212709,9.959695626090847e-07,7.674453905005385e-06,8.771145427504436e-06,1.276112905837397e-10,0.0049798478130454234
2.6437500000000003,4983.093860698533,1.1586387056456821e-06,7.561960565740386e-06,8.824092126770423e-06,1.2799532868641499e-10,0.005793193528228411
2.6500000000000004,4980.734402534014,1.3203408840562622e-06,7.455779815931443e-06,8.880790102413548e-06,1.2843296399544344e-10,0.006601704420281311
2.65625,4978.3892966726025,1.4810594473715267e-06,7.356049605712802e-06,8.940929356300574e-06,1.2892387048540132e-10,0.007405297236857633
2.6625,4976.058781731807,1.6407780422677098e-06,7.262912024671542e-06,9.0045518886353e-06,1.2946771671045265e-10,0.00820389021133855
2.66875,4973.743092102607,1.799480605084589e-06,7.176513340793274e-06,9.071563709269e-06,1.3006416590036e-10,0.008997403025422946
2.6750000000000003,4971.442458055306,1.957151354567854e-06,7.097004021474503e-06,9.141805721594632e-06,1.307128760540897e-10,0.00978575677283927
2.6812500000000004,4969.157105842318,2.1137747848264945e-06,7.02453873429765e-06,9.215201499470322e-06,1.3141350003108278e-10,0.010568873924132473
2.6875,4966.887257797856,2.269335658496415e-06,6.959276325182133e-06,9.29168048262921e-06,1.3216568564025993e-10,0.011346678292482076
2.69375,4964.633132434708,2.423819000101995e-06,6.9013797714599915e-06,9.371173946359275e-06,1.3296907572682597e-10,0.012119095000509974
2.7,4962.3949445386,2.577210089607843e-06,6.851016107380243e-06,9.453615043551112e-06,1.3382330825693727e-10,0.012886050448039215
2.7062500000000003,4960.172905259322,2.7294944561533524e-06,6.8083563195254175e-06,9.538938835186063e-06,1.3472801640029216e-10,0.013647472280766763
2.7125000000000004,4957.967222199839,2.8806578719631514e-06,6.77357520962954e-06,9.627740697427151e-06,1.356828286107032e-10,0.014403289359815757
2.71875,4955.778099502453,3.0306863464268575e-06,6.746851222322032e-06,9.7198064673558e-06,1.366873687047069e-10,0.015153431732134287
2.725,4953.60573793291,3.179566120341931e-06,6.728366235389312e-06,9.814863459924184e-06,1.377412559382654e-10,0.015897830601709656
2.73125,4951.450334962129,3.327283660313737e-06,6.718305310247855e-06,9.913077617828062e-06,1.3884410508161183e-10,0.016636418301568687
2.7375000000000003,4949.312084845736,3.4738256533072014e-06,6.716856400461315e-06,1.001423411001561e-05,1.3999552649228995e-10,0.017369128266536006
2.7437500000000004,4947.191178701264,3.6191790013447208e-06,6.7242100163120315e-06,1.0118107528475185e-05,1.4119512618643625e-10,0.018095895006723605
2.75,4945.087804583664,3.763330816345277e-06,6.740558843655239e-06,1.0224641584633998e-05,1.4244250590835158e-10,0.018816654081726385
2.75625,4943.00214755846,3.906268415099885e-06,6.766097315543704e-06,1.0334032337545622e-05,1.437372631984072e-10,0.019531342075499426
2.7625,4940.934389773211,4.047979314378752e-06,6.801021135411831e-06,1.044777869490925e-05,1.450789914593291e-10,0.02023989657189376
2.7687500000000003,4938.884710527062,4.188451226165718e-06,6.845526750951327e-06,1.0564719902284663e-05,1.4646728002090295e-10,0.02094225613082859
2.7750000000000004,4936.853286338427,4.327672053015733e-06,6.899810778194689e-06,1.0684673565715793e-05,1.4790171420313994e-10,0.021638360265078666
2.78125,4934.840291011069,4.465629883531282e-06,6.964069375746506e-06,1.0807207252163031e-05,1.493818753779435e-10,0.02232814941765641
2.7875,4932.84589569835,4.60231298795387e-06,7.038497569563728e-06,1.0932271138433257e-05,1.5090734102931464e-10,0.023011564939769347
2.79375,4930.870268966018,4.737709813866757e-06,7.123288529181726e-06,1.1061674595847243e-05,1.5247768481213304e-10,0.023688549069333785
2.8000000000000003,4928.913576853203,4.871808982005359e-06,7.218632796809321e-06,1.1195118575688716e-05,1.5409247660954938e-10,0.024359044910026793
2.8062500000000004,4926.975982932295,5.004599282171783e-06,7.3247174712685805e-06,1.133140444399393e-05,1.5575128258902359e-10,0.02502299641085892
2.8125,4925.057648366649,5.136069669250132e-06,7.4417253493287655e-06,1.1470198284608583e-05,1.5745366525704234e-10,0.02568034834625066
2.81875,4923.158731967808,5.266209259319325e-06,7.569834027572263e-06,1.1612686894231376e-05,1.59199183512548e-10,0.026331046296596626
2.825,4921.279390250494,5.3950073258602604e-06,7.70921496852706e-06,1.1760052530998534e-05,1.609873926991106e-10,0.026975036629301303
2.8312500000000003,4919.4197774866925,5.5224532960542915e-06,7.860032535397893e-06,1.1910651187841173e-05,1.6281784465587278e-10,0.027612266480271458
2.8375000000000004,4917.580045758492,5.6485367471700594e-06,8.0224430003188e-06,1.2063769480330737e-05,1.6469008776729716e-10,0.0282426837358503
2.84375,4915.760345009364,5.773247403035828e-06,8.196593531624993e-06,1.2221247128340395e-05,1.6660366701174447e-10,0.02886623701517914
2.85,4913.960823094778,5.896575130594568e-06,8.382621166193212e-06,1.2383574630935135e-05,1.685581240089098e-10,0.029482875652972838
2.85625,4912.181625830679,6.018509936539079e-06,8.580651773418003e-06,1.2548922565029158e-05,1.705529970661436e-10,0.030092549682695396
2.8625000000000003,4910.422897042204,6.139041964024659e-06,8.790799017867824e-06,1.2717563685304463e-05,1.7258782122368295e-10,0.030695209820123297
2.8687500000000004,4908.684778609943,6.258161489456702e-06,9.01316332809052e-06,1.2892046553338397e-05,1.7466212829881825e-10,0.03129080744728351
2.875,4906.967410516133,6.3758589193509156e-06,9.24783087940409e-06,1.3070222711235742e-05,1.7677544692901909e-10,0.03187929459675458
2.88125,4905.270930889232,6.4921247872637765e-06,9.494872598807224e-06,1.3251565349392625e-05,1.789273026140426e-10,0.032460623936318884
2.8875,4903.59547604787,6.606949750790998e-06,9.75434320036751e-06,1.3439020800259806e-05,1.8111721775704715e-10,0.03303474875395499
2.8937500000000003,4901.941180543472,6.720324588631834e-06,1.002628025958615e-05,1.3630465974534281e-05,1.833447117047329e-10,0.033601622943159166
2.9000000000000004,4900.308177202488,6.832240197717184e-06,1.0310703335290765e-05,1.382588664392242e-05,1.8560930078653032e-10,0.03416120098858592
2.90625,4898.696597167104,6.942687590399464e-06,1.0607613147567068e-05,1.4027670182333277e-05,1.8791049835285743e-10,0.03471343795199732
2.9125,4897.106569935384,7.051657891702333e-06,1.0916990820102128e-05,1.4233201265590068e-05,1.902478148124654e-10,0.035258289458511664
2.91875,4895.538223400846,7.159142336628512e-06,1.1238797195074081e-05,1.44446622586217e-05,1.9262075766889184e-10,0.03579571168314256
2.9250000000000003,4893.991683890595,7.265132267523857e-06,1.1572972228384154e-05,1.4661628980970876e-05,1.9502883155604027e-10,0.03632566133761929
2.9312500000000004,4892.467076203153,7.3696191314961154e-06,1.191943447258711e-05,1.4883439496556645e-05,1.974715382729042e-10,0.036848095657480574
2.9375,4890.964523645313,7.472594477886704e-06,1.227808065433762e-05,1.5112152211365013e-05,1.9994837681745303e-10,0.03736297238943352
2.94375,4889.484148068202,7.5740499557940695e-06,1.2648785352535864e-05,1.5345778217806558e-05,2.0245884341969725e-10,0.03787024977897035
2.95,4888.02606990291,7.673977311647182e-06,1.3031400782630925e-05,1.5586791949608227e-05,2.0500243157394917e-10,0.038369886558235915
2.9562500000000003,4886.590408194881,7.772368386827788e-06,1.3425756691731705e-05,1.5833210372094283e-05,2.0757863207029568e-10,0.03886184193413894
2.9625000000000004,4885.177280638166,7.869215115340175e-06,1.3831660368290223e-05,1.6087944402027484e-05,2.1018693302529852e-10,0.039346075576700876
2.96875,4883.786803608613,7.964509521527243e-06,1.4248896769170574e-05,1.634884429345181e-05,2.1282681991193763e-10,0.03982254760763622
2.975,4882.419092196592,8.058243717831691e-06,1.4677228765909165e-05,1.6618002767789174e-05,2.1549777558881233e-10,0.040291218589158455
2.98125,4881.074260238969,8.150409902601285e-06,1.5116397510919882e-05,1.6895129541293274e-05,2.1819928032861516e-10,0.04075204951300643
2.9875000000000003,4879.7524203505445,8.241000357937146e-06,1.5566122923314505e-05,1.7180633415157674e-05,2.209308118458924e-10,0.04120500178968573
2.9937500000000004,4878.453683954893,8.330007447584092e-06,1.6026104292907073e-05,1.7475762698422408e-05,2.2369184532410545e-10,0.04165003723792046
3.0,4877.178161314282,8.417423614862107e-06,1.649602099986563e-05,1.778063304130257e-05,2.2648185344200645e-10,0.04208711807431054
3.00625,4875.925961559741,8.503241380638032e-06,1.697553334637958e-05,1.809587711223118e-05,2.2930030639934171e-10,0.042516206903190155
3.0125,4874.697192719592,8.587453341336627e-06,1.7464283495640982e-05,1.8422728159500982e-05,2.3214667194189587e-10,0.04293726670668314
3.0187500000000003,4873.491961748159,8.670052166990205e-06,1.7961896512407097e-05,1.8762080695716362e-05,2.350204153858896e-10,0.04335026083495103
3.0250000000000004,4872.310374553712,8.75103059932599e-06,1.8467981498433812e-05,1.9115741138573018e-05,2.379209996417432e-10,0.04375515299662995
3.03125,4871.152536025751,8.830381449890465e-06,1.8982132815158325e-05,1.948487119302323e-05,2.408478852372189e-10,0.044151907249452324
3.0375,4870.018550061728,8.908097598209923e-06,1.9503931385177038e-05,1.987158937880186e-05,2.438005303399529e-10,0.044540487991049614
3.04375,4868.908519593708,8.984171989986488e-06,2.0032946063322308e-05,2.0278655690385377e-05,2.467783907793899e-10,0.04492085994993244
3.0500000000000003,4867.822546613715,9.058597635328822e-06,2.0568735067499657e-05,2.0709789235440793e-05,2.497809200681312e-10,0.045292988176644115
3.0562500000000004,4866.7607321996375,9.131367607016851e-06,2.111084745891388e-05,2.1170178872437297e-05,2.528075694227072e-10,0.04565683803508425
3.0625,4865.723176539435,9.202475038799686e-06,2.1658824660894773e-05,2.1668126940933608e-05,2.558577877837862e-10,0.04601237519399843
3.06875,4864.709978955986,9.271913123726083e-06,2.221220200523676e-05,2.221220200523676e-05,2.589310218358296e-10,0.046359565618630416
3.075,4863.721237930706,9.339675112506634e-06,2.277051029479438e-05,2.277051029479438e-05,2.6202671602620427e-10,0.04669837556253317
3.0812500000000003,4862.757051127155,9.405754311907025e-06,2.333327737102925e-05,2.333327737102925e-05,2.6514431258376243e-10,0.047028771559535124
3.0875000000000004,4861.817515413943,9.470144083171534e-06,2.390002967528323e-05,2.390002967528323e-05,2.682832515368988e-10,0.04735072041585767
3.09375,4860.902726887365,9.532837840476097e-06,2.4470293792755004e-05,2.4470293792755004e-05,2.7144297073109525e-10,0.04766418920238048
3.1,4860.012780893456,9.593829049410177e-06,2.5043597968478817e-05,2.5043597968478817e-05,2.74622905845962e-10,0.047969145247050884
3.10625,4859.147772049874,9.653111225486678e-06,2.5619473585039145e-05,2.5619473585039145e-05,2.7782249041178525e-10,0.04826555612743339
3.1125000000000003,4858.307794267096,9.710677932679202e-06,2.6197456592296243e-05,2.6197456592296243e-05,2.8104115582558965e-10,0.04855338966339601
3.1187500000000004,4857.492940769579,9.766522781985906e-06,2.6777088880035484e-05,2.6777088880035484e-05,2.8427833136672486e-10,0.04883261390992953
3.125,4856.703304116001,9.820639430019246e-06,2.7357919585178725e-05,2.7357919585178725e-05,2.875334442119848e-10,0.04910319715009623
3.13125,4855.938976219804,9.87302157762092e-06,2.7939506325996695e-05,2.7939506325996695e-05,2.9080591945026773e-10,0.049365107888104595
3.1375,4855.200048368905,9.923662968501326e-06,2.8521416356625714e-05,2.8521416356625714e-05,2.9409518009678513e-10,0.04961831484250663
3.1437500000000003,4854.486611245273,9.97255738790292e-06,2.9103227636107276e-05,2.9103227636107276e-05,2.97400647106828e-10,0.0498627869395146
3.1500000000000004,4853.798754943871,1.0019698661286744e-05,2.9684529807121425e-05,2.9684529807121425e-05,3.007217393890975e-10,0.05009849330643372
3.15625,4853.1365689917875,1.0065080653041707e-05,3.026492508056149e-05,3.026492508056149e-05,3.040578738186078e-10,0.05032540326520854
3.1625,4852.5001423665235,1.0108697265215913e-05,3.084402902308482e-05,3.084402902308482e-05,3.074084652491685e-10,0.050543486326079565
3.16875,4851.889563514378,1.015054243626964e-05,3.14214712457587e-05,3.14214712457587e-05,3.107729265254535e-10,0.0507527121813482
3.1750000000000003,4851.304920368074,1.0190610139849469e-05,3.199689599288979e-05,3.199689599288979e-05,3.1415066849466413e-10,0.05095305069924735
3.1812500000000004,4850.746300364691,1.0228894383583188e-05,3.2569962631067536e-05,3.2569962631067536e-05,3.1754110001779194e-10,0.05114447191791594
3.1875,4850.2137904627,1.0265389207895152e-05,3.314034603935518e-05,3.314034603935518e-05,3.209436279804897e-10,0.051326946039475754
3.19375,4849.707477158867,1.0300088684841773e-05,3.370773690241697e-05,3.370773690241697e-05,3.2435765730355584e-10,0.05150044342420886
3.2,4849.227446505328,1.0332986916967046e-05,3.427184190916713e-05,3.427184190916713e-05,3.2778259095303985e-10,0.05166493458483523
3.2062500000000003,4848.773784125588,1.0364078036177905e-05,3.483238386025773e-05,3.483238386025773e-05,3.3121782994997483e-10,0.051820390180889526
3.2125000000000004,4848.346575230949,1.0393356202639459e-05,3.5389101688382205e-05,3.5389101688382205e-05,3.346627733797437e-10,0.051966781013197294
3.21875,4847.945904636154,1.0420815603690102e-05,3.5941750395953885e-05,3.5941750395953885e-05,3.3811681840108616e-10,0.05210407801845051
3.225,4847.571856775035,1.0446450452776738e-05,3.6490100915220555e-05,3.6490100915220555e-05,3.4157936025475226e-10,0.052232252263883686
3.23125,4847.224515715675,1.0470254988410325e-05,3.70339398962949e-05,3.70339398962949e-05,3.450497922718103e-10,0.05235127494205163
3.2375000000000003,4846.9039651753565,1.0492223473142186e-05,3.75730694289153e-05,3.75730694289153e-05,3.485275058816151e-10,0.05246111736571093
3.2437500000000004,4846.6102885352075,1.0512350192561573e-05,3.81073067040026e-05,3.81073067040026e-05,3.520118906194438e-10,0.052561750962807866
3.25,4846.343568854592,1.0530629454315157e-05,3.863648362124712e-05,3.863648362124712e-05,3.5550233413380745e-10,0.05265314727157579
3.25625,4846.103888884829,1.0547055587149258e-05,3.916044634905016e-05,3.916044634905016e-05,3.58998222193444e-10,0.05273527793574629
3.2625,4845.891331083182,1.0561622939975766e-05,3.967905484315785e-05,3.967905484315785e-05,3.6249893869400286e-10,0.05280811469987883
3.2687500000000003,4845.7059776259075,1.0574325880962959e-05,4.0192182330268285e-05,4.0192182330268285e-05,3.660038656644272e-10,0.052871629404814796
3.2750000000000004,4845.547910420978,1.058515879665251e-05,4.0699714762770344e-05,4.0699714762770344e-05,3.6951238327304414e-10,0.05292579398326255
3.28125,4845.417211121001,1.0594116091104332e-05,4.1201550250590305e-05,4.1201550250590305e-05,3.73023869833371e-10,0.052970580455521665
3.2875,4845.313961134827,1.0601192185071052e-05,4.1697598475887253e-05,4.1697598475887253e-05,3.7653770180964863e-10,0.05300596092535526
3.29375,4845.238241639444,1.060638151520417e-05,4.2187780096057055e-05,4.2187780096057055e-05,3.8005325382211075e-10,0.05303190757602085
3.3000000000000003,4845.190133590888,1.0609678533294425e-05,4.267202614018389e-05,4.267202614018389e-05,3.8356989865200225e-10,0.05304839266647212
3.3062500000000004,4845.169717734804,1.0611077705548917e-05,4.315027740372642e-05,4.315027740372642e-05,3.8708700724635743e-10,0.053055388527744586
3.3125,4845.177074616544,1.0610573511908276e-05,4.3622483845847885e-05,4.3622483845847885e-05,3.9060394872255214e-10,0.05305286755954138
3.31875,4845.212284590302,1.0608160445407214e-05,4.4088603993404474e-05,4.4088603993404474e-05,3.9412009037264385e-10,0.05304080222703607
3.325,4845.2754278278735,1.0603833011582571e-05,4.4548604355199506e-05,4.4548604355199506e-05,3.976347976675156e-10,0.053019165057912855
3.3312500000000003,4845.366584326551,1.0597585727933248e-05,4.500245884969922e-05,4.500245884969922e-05,4.0114743426084097e-10,0.05298792863966624
3.3375000000000004,4845.485833916066,1.0589413123437088e-05,4.545014824899498e-05,4.545014824899498e-05,4.0465736199288856e-10,0.052947065617185436
3.34375,4845.633256264915,1.0579309738130355e-05,4.589165964139163e-05,4.589165964139163e-05,4.081639408941877e-10,0.05289654869065177
3.35,4845.808930885186,1.0567270122756166e-05,4.632698591460756e-05,4.632698591460756e-05,4.116665291890772e-10,0.05283635061378083
3.35625,4846.012937136956,1.0553288838489012e-05,4.675612526119287e-05,4.675612526119287e-05,4.1516448329916277e-10,0.05276644419244506
3.3625000000000003,4846.245354230678,1.0537360456743232e-05,4.717908070741111e-05,4.717908070741111e-05,4.1865715784671124e-10,0.05268680228371616
3.3687500000000004,4846.506261228998,1.051947955907442e-05,4.759585966649112e-05,4.759585966649112e-05,4.221439056580119e-10,0.0525973977953721
3.375,4846.795737046527,1.0499640737183517e-05,4.800647351684004e-05,4.800647351684004e-05,4.2562407776673927e-10,0.05249820368591759
3.38125,4847.113860447925,1.04778385930347e-05,4.841093720551885e-05,4.841093720551885e-05,4.290970234173547e-10,0.052389192965173505
3.3875,4847.46071004479,1.045406773909917e-05,4.880926887701892e-05,4.880926887701892e-05,4.325620900685893e-10,0.05227033869549585
3.3937500000000003,4847.836364289684,1.0428322798738388e-05,4.920148952714277e-05,4.920148952714277e-05,4.3601862339705346e-10,0.05214161399369194
3.4000000000000004,4848.240901468444,1.040059840674175e-05,4.958762268158457e-05,4.958762268158457e-05,4.394659673010246e-10,0.05200299203370875
3.40625,4848.674399689789,1.03708892100351e-05,4.9967694098625606e-05,4.9967694098625606e-05,4.4290346390447e-10,0.0518544460501755
3.4125,4849.136936872299,1.0339189868578408e-05,5.0341731495206955e-05,5.0341731495206955e-05,4.4633045356136707e-10,0.05169594934289204
3.41875,4849.628590728219,1.0305495056472443e-05,5.0709764295513554e-05,5.0709764295513554e-05,4.4974627486039024e-10,0.05152747528236222
3.4250000000000003,4850.149438743901,1.0269799463296497e-05,5.1071823401101526e-05,5.1071823401101526e-05,4.531502646300416e-10,0.051348997316482486
3.4312500000000004,4850.6995581566225,1.0232097795701077e-05,5.1427940981520514e-05,5.1427940981520514e-05,4.5654175794430914e-10,0.051160488978505385
3.4375,4851.27902592723,1.0192384779281821e-05,5.1778150284324466e-05,5.1778150284324466e-05,4.5992008812894634e-10,0.050961923896409106
3.44375,4851.887918708278,1.0150655160763143e-05,5.2122485463325674e-05,5.2122485463325674e-05,4.632845867684753e-10,0.050753275803815716
3.45,4852.52631280722,1.0106903710522691e-05,5.246098142392595e-05,5.246098142392595e-05,4.666345837140269e-10,0.050534518552613455
3.4562500000000003,4853.194284143935,1.006112522549019e-05,5.2793673684353495e-05,5.2793673684353495e-05,4.699694070921415e-10,0.05030562612745095
3.4625000000000004,4853.891908202783,1.0013314532457057e-05,5.312059825164304e-05,5.312059825164304e-05,4.732883833146669e-10,0.050066572662285286
3.46875,4854.619259977394,9.963466491836022e-06,5.344179151121728e-05,5.344179151121728e-05,4.765908370899023e-10,0.04981733245918011
3.475,4855.376413908859,9.911576001912837e-06,5.375729012895869e-05,5.375729012895869e-05,4.798760914351516e-10,0.04955788000956419
3.48125,4856.1634438157125,9.8576380036353e-06,5.406713096470023e-05,5.406713096470023e-05,4.831434676908638e-10,0.049288190018176505
3.4875000000000003,4856.980422815636,9.801647485987886e-06,5.437135099610883e-05,5.437135099610883e-05,4.863922855365554e-10,0.04900823742993943
3.4937500000000004,4857.827423237531,9.743599492003416e-06,5.466998725198755e-05,5.466998725198755e-05,4.896218630087248e-10,0.04871799746001708
3.5,4858.704516523985,9.683489125466403e-06,5.4963076754076506e-05,5.4963076754076506e-05,4.92831516520989e-10,0.048417445627332016
3.50625,4859.611773122421,9.621311558365954e-06,5.52506564664905e-05,5.52506564664905e-05,4.960205608866901e-10,0.04810655779182977
3.5125,4860.5492623643795,9.557062039159112e-06,5.553276325199014e-05,5.553276325199014e-05,4.991883093442416e-10,0.04778531019579556
3.5187500000000003,4861.517052332281,9.490735901908818e-06,5.580943383434206e-05,5.580943383434206e-05,5.023340735855028e-10,0.04745367950954409
3.5250000000000004,4862.515209712437,9.4223285763635e-06,5.608070476608302e-05,5.608070476608302e-05,5.054571637874939e-10,0.0471116428818175
3.53125,4863.543799633123,9.351835599048246e-06,5.634661240105974e-05,5.634661240105974e-05,5.085568886477886e-10,0.04675917799524123
3.5375,4864.602885486893,9.279252625440028e-06,5.660719287117239e-05,5.660719287117239e-05,5.11632555423941e-10,0.04639626312720014
3.54375,4865.692528736185,9.204575443302032e-06,5.686248206680287e-05,5.686248206680287e-05,5.146834699773325e-10,0.04602287721651016
3.5500000000000003,4866.812788700429,9.127799987254022e-06,5.711251562045994e-05,5.711251562045994e-05,5.17708936821849e-10,0.04563899993627011
3.5562500000000004,4867.963722324552,9.048922354657622e-06,5.73573288932209e-05,5.73573288932209e-05,5.20708259177822e-10,0.04524461177328811
3.5625,4869.145383926632,8.967938822896508e-06,5.7596956963594815e-05,5.7596956963594815e-05,5.236807390316984e-10,0.04483969411448254
3.56875,4870.35782492437,8.884845868132497e-06,5.783143461847329e-05,5.783143461847329e-05,5.266256772019268e-10,0.04442422934066249
3.575,4871.601093538602,8.79964018561864e-06,5.806079634587351e-05,5.806079634587351e-05,5.295423734115765e-10,0.0439982009280932
3.5812500000000003,4872.8752344729855,8.712318711650205e-06,5.8285076329213385e-05,5.8285076329213385e-05,5.324301263682326e-10,0.043561593558251024
3.5875000000000004,4874.180288568682,8.622878647233301e-06,5.850430844289052e-05,5.850430844289052e-05,5.35288233851736e-10,0.043114393236166504
3.59375,4875.516292432866,8.53131748354907e-06,5.871852624896587e-05,5.871852624896587e-05,5.381159928103639e-10,0.042656587417745355
3.6,4876.883278039751,8.437633029288833e-06,5.89277629947788e-05,5.89277629947788e-05,5.409126994660704e-10,0.04218816514644416
3.60625,4878.281272303471,8.341823439931865e-06,5.913205161134393e-05,5.913205161134393e-05,5.436776494294314e-10,0.04170911719965933
3.6125000000000003,4879.710296621403,8.243887249033077e-06,5.9331424712400284e-05,5.9331424712400284e-05,5.464101378249604e-10,0.041219436245165386
3.6187500000000004,4881.17036638767,8.143823401582282e-06,5.9525914594002505e-05,5.9525914594002505e-05,5.491094594274813e-10,0.040719117007911414
3.625,4882.661490475131,8.041631289490009e-06,5.971555323455932e-05,5.971555323455932e-05,5.517749088102626e-10,0.040208156447450044
3.63125,4884.183670685947,7.937310789247133e-06,5.9900372295238806e-05,5.9900372295238806e-05,5.544057805056353e-10,0.039686553946235666
3.6375,4885.736901169814,7.830862301796485e-06,6.0080403120672654e-05,6.0080403120672654e-05,5.570013691788252e-10,0.03915431150898242
3.6437500000000003,4887.321167809408,7.72228679464446e-06,6.025567673990187e-05,6.025567673990187e-05,5.595609698157441e-10,0.0386114339732223
3.6500000000000004,4888.936447573263,7.611585846229114e-06,6.0426223867515875e-05,6.0426223867515875e-05,5.620838779254874e-10,0.038057929231145565
3.65625,4890.582707835002,7.49876169254844e-06,6.0592074904944686e-05,6.0592074904944686e-05,5.645693897582856e-10,0.0374938084627422
3.6625,4892.259905660419,7.383817276038551e-06,6.07532599418708e-05,6.07532599418708e-05,5.670168025396587e-10,0.036919086380192756
3.66875,4893.967987061766,7.266756296676073e-06,6.0909808757732865e-05,6.0909808757732865e-05,5.69425414721507e-10,0.036333781483380366
3.6750000000000003,4895.706886220218,7.147583265262553e-06,6.106175082329838e-05,6.106175082329838e-05,5.717945262508645e-10,0.03573791632631276
3.6812500000000004,4897.4765246774095,7.0263035588308135e-06,6.120911530228633e-05,6.120911530228633e-05,5.741234388570166e-10,0.03513151779415407
3.6875,4899.27681049723,6.9029234780943496e-06,6.135193105302449e-05,6.135193105302449e-05,5.764114563576599e-10,0.03451461739047175
3.69375,4901.1076373992055,6.777450306840678e-06,6.14902266301285e-05,6.14902266301285e-05,5.786578849847483e-10,0.03388725153420339
3.7,4902.968883865103,6.649892373148654e-06,6.162403028619246e-05,6.162403028619246e-05,5.808620337306299e-10,0.03324946186574327
3.7062500000000003,4904.860412221297,6.520259112287803e-06,6.175336997348254e-05,6.175336997348254e-05,5.830232147150324e-10,0.032601295561439016
3.7125000000000004,4906.782067698915,6.388561131135019e-06,6.187827334562656e-05,6.187827334562656e-05,5.851407435733998e-10,0.031942805655675095
3.71875,4908.733677474127,6.2548102739207825e-06,6.199876775929394e-05,6.199876775929394e-05,5.872139398670207e-10,0.031274051369603914
3.725,4910.715049692936,6.119019689093271e-06,6.211488027586123e-05,6.211488027586123e-05,5.8924212751532e-10,0.030595098445466356
3.73125,4912.725972482607,5.981203897064869e-06,6.222663766305926e-05,6.222663766305926e-05,5.912246352506047e-10,0.029906019485324346
3.7375000000000003,4914.76621295363,5.84137885858142e-06,6.233406639659862e-05,6.233406639659862e-05,5.931607970954716e-10,0.029206894292907102
3.7437500000000004,4916.835516197725,5.699562043430972e-06,6.24371926617705e-05,6.24371926617705e-05,5.950499528629888e-10,0.028497810217154862
3.75,4918.9336042846135,5.555772499185104e-06,6.25360423550205e-05,6.25360423550205e-05,5.968914486796624e-10,0.02777886249592552
3.75625,4921.060175263003,5.410030919643297e-06,6.263064108549298e-05,6.263064108549298e-05,5.986846375310883e-10,0.027050154598216483
3.7625,4923.214902171946,5.2623597126289755e-06,6.272101417654393e-05,6.272101417654393e-05,6.004288798300772e-10,0.02631179856314488
3.7687500000000003,4925.397432065895,5.112783066765116e-06,6.280718666722074e-05,6.280718666722074e-05,6.021235440069109e-10,0.02556391533382558
3.7750000000000004,4927.607385061421,4.961327016838181e-06,6.288918331370635e-05,6.288918331370635e-05,6.037680071212658e-10,0.024806635084190905
3.78125,4929.844353409699,4.8080195073417084e-06,6.296702859072675e-05,6.296702859072675e-05,6.053616554951963e-10,0.024040097536708542
3.7875,4932.10790060237,4.652890453775427e-06,6.304074669291962e-05,6.304074669291962e-05,6.069038853664382e-10,0.023264452268877137
3.79375,4934.397560515864,4.495971801262661e-06,6.311036153616255e-05,6.311036153616255e-05,6.083941035611396e-10,0.022479859006313305
3.8000000000000003,4936.712836602082,4.337297580038286e-06,6.317589675885925e-05,6.317589675885925e-05,6.098317281849845e-10,0.02168648790019143
3.8062500000000004,4939.053201130862,4.176903957351735e-06,6.323737572318196e-05,6.323737572318196e-05,6.112161893315196e-10,0.020884519786758676
3.8125,4941.4180944918335,4.014829285324937e-06,6.32948215162686e-05,6.32948215162686e-05,6.125469298063445e-10,0.020074146426624688
3.81875,4943.806924561561,3.851114144303738e-06,6.334825695137286e-05,6.334825695137286e-05,6.138234058656698e-10,0.01925557072151869
3.825,4946.219066143886,3.685801381243535e-06,6.339770456896613e-05,6.339770456896613e-05,6.150450879675998e-10,0.018429006906217675
3.8312500000000003,4948.653860488492,3.5189361426757204e-06,6.34431866377892e-05,6.34431866377892e-05,6.162114615343412e-10,0.0175946807133786
3.8375000000000004,4951.110614895715,3.350565901811209e-06,6.34847251558529e-05,6.34847251558529e-05,6.173220277233958e-10,0.016752829509056044
3.84375,4953.588602412644,3.180740479351012e-06,6.352234185138618e-05,6.352234185138618e-05,6.183763042056507e-10,0.01590370239675506
3.85,4956.087061627506,3.0095120575915015e-06,6.355605818373027e-05,6.355605818373027e-05,6.19373825948144e-10,0.015047560287957507
3.85625,4958.605196567294,2.8369351874337628e-06,6.358589534417828e-05,6.358589534417828e-05,6.203141459991539e-10,0.014184675937168814
3.8625000000000003,4961.142176704336,2.663066787932285e-06,6.361187425675896e-05,6.361187425675896e-05,6.211968362731381e-10,0.013315333939661425
3.8687500000000004,4963.697137076813,2.4879661380481216e-06,6.363401557896417e-05,6.363401557896417e-05,6.220214883329395e-10,0.012439830690240608
3.875,4966.269178526866,2.3116948603054263e-06,6.365233970241925e-05,6.365233970241925e-05,6.227877141665751e-10,0.011558474301527132
3.88125,4968.857368061397,2.134316896087961e-06,6.366686675349626e-05,6.366686675349626e-05,6.234951469558368e-10,0.010671584480439804
3.8875,4971.460739337588,1.955898472353348e-06,6.367761659386954e-05,6.367761659386954e-05,6.241434418338587e-10,0.00977949236176674
3.8937500000000003,4974.078293276513,1.7765080595875293e-06,6.368460882101402e-05,6.368460882101402e-05,6.247322766287494e-10,0.008882540297937646
3.9000000000000004,4976.708998806235,1.5962163208696076e-06,6.368786276864638e-05,6.368786276864638e-05,6.252613525903405e-10,0.007981081604348038
3.90625,4979.351793735832,1.4150960519678514e-06,6.368739750710957e-05,6.368739750710957e-05,6.257303950970795e-10,0.007075480259839257
3.9125,4982.005585761071,1.233222112440646e-06,6.36832318437017e-05,6.36832318437017e-05,6.26139154340087e-10,0.006166110562203231
3.91875,4984.66925360007,1.0506713477711425e-06,6.367538432295005e-05,6.367538432295005e-05,6.26487405981403e-10,0.0052533567388557125
3.9250000000000003,4987.341648259532,8.67522502621144e-07,6.366387322683167e-05,6.366387322683167e-05,6.26774951783482e-10,0.0043376125131057205
3.9312500000000004,4990.0215944276,6.838561253473865e-07,6.364871657494201e-05,6.364871657494201e-05,6.270016202070394e-10,0.0034192806267369326
3.9375,4992.707891991881,4.997544639819405e-07,6.362993212461329e-05,6.362993212461329e-05,6.271672669744189e-10,0.0024987723199097023
3.94375,4995.39931767793,3.153013539369175e-07,6.360753737098482e-05,6.360753737098482e-05,6.272717755957405e-10,0.0015765067696845874
3.95,4998.094626803789,1.3058209775184392e-07,6.358154954702723e-05,6.358154954702723e-05,6.273150578551883e-10,0.0006529104887592195
3.9562500000000003,5000.792555145482,-5.431666274073078e-08,6.35519856235233e-05,6.35519856235233e-05,6.272970542549279e-10,-0.0002715833137036539
3.9625000000000004,5003.4918209064745,-2.393070814001967e-07,6.351886230900789e-05,6.351886230900789e-05,6.272177344142823e-10,-0.0011965354070009836
3.96875,5006.191126784561,-4.243002494285198e-07,6.34821960496698e-05,6.34821960496698e-05,6.270770974219557e-10,-0.002121501247142599
3.975,5008.889162128142,-6.092063431506248e-07,6.344200302921878e-05,6.344200302921878e-05,6.268751721392759e-10,-0.0030460317157531237
3.98125,5011.584605173797,-7.939347773406233e-07,6.33982991687206e-05,6.33982991687206e-05,6.266120174526147e-10,-0.003969673886703116
3.9875000000000003,5014.276125354791,-9.783943634656932e-07,6.335110012640363e-05,6.335110012640363e-05,6.262877224733578e-10,-0.004891971817328466
3.9937500000000004,5016.962385672374,-1.1624934721790555e-06,6.330042129744034e-05,6.330042129744034e-05,6.259024066840158e-10,-0.005812467360895277
4.0,5019.642045118445,-1.3461401993577545e-06,6.324627781370728e-05,6.324627781370728e-05,6.254562200293e-10,-0.006730700996788772
4.0062500000000005,5022.313761139152,-1.5292425349500985e-06,6.318868454352698e-05,6.318868454352698e-05,6.249493429512335e-10,-0.007646212674750492
4.0125,5024.976192128815,-1.7117085338719245e-06,6.312765609139563e-05,6.312765609139563e-05,6.243819863676167e-10,-0.008558542669359622
4.01875,5027.627999941726,-1.8934464881708379e-06,6.306320679770005e-05,6.306320679770005e-05,6.237543915934295e-10,-0.009467232440854189
4.025,5030.267852411164,-2.074365099663211e-06,6.29953507384278e-05,6.29953507384278e-05,6.230668302050098e-10,-0.010371825498316055
4.03125,5032.894425863829,-2.2543736522404e-06,6.292410172487394e-05,6.292410172487394e-05,6.22319603847122e-10,-0.011271868261202
4.0375000000000005,5035.506407617318,-2.4333821830383987e-06,6.284947330334832e-05,6.284947330334832e-05,6.215130439832884e-10,-0.012166910915191993
4.04375,5038.102498449301,-2.6113016516690104e-06,6.277147875488681e-05,6.277147875488681e-05,6.206475115900296e-10,-0.013056508258345052
4.05,5040.681415027175,-2.7880441067206395e-06,6.269013109497033e-05,6.269013109497033e-05,6.197233967959159e-10,-0.013940220533603198
4.05625,5043.241892286376,-2.96352284875285e-06,6.260544307325487e-05,6.260544307325487e-05,6.187411184665935e-10,-0.01481761424376425
4.0625,5045.78268574639,-3.137652589030887e-06,6.251742717331626e-05,6.251742717331626e-05,6.177011237371975e-10,-0.015688262945154435
4.0687500000000005,5048.302573754381,-3.3103496032739905e-06,6.242609561241286e-05,6.242609561241286e-05,6.166038874938038e-10,-0.016551748016369952
4.075,5050.800359645406,-3.481531879724585e-06,6.233146034126948e-05,6.233146034126948e-05,6.154499118058021e-10,-0.017407659398622925
4.08125,5053.274873810913,-3.6511192608836253e-06,6.22335330438859e-05,6.22335330438859e-05,6.142397253112904e-10,-0.018255596304418125
4.0875,5055.724975665206,-3.819033578300608e-06,6.213232513737278e-05,6.213232513737278e-05,6.129738825577925e-10,-0.01909516789150304
4.09375,5058.149555502734,-3.985198779854036e-06,6.202784777181855e-05,6.202784777181855e-05,6.116529633007873e-10,-0.01992599389927018
4.1000000000000005,5060.5475362382995,-4.1495410490095325e-06,6.192011183018962e-05,6.192011183018962e-05,6.102775717627092e-10,-0.02074770524504766
4.10625,5062.917875023439,-4.311988915597465e-06,6.180912792826735e-05,6.180912792826735e-05,6.08848335855231e-10,-0.021559944577987326
4.1125,5065.259564733088,-4.4724733577095084e-06,6.169490641462453e-05,6.169490641462453e-05,6.07365906367772e-10,-0.02236236678854754
4.11875,5067.5716353180815,-4.6309278943733905e-06,6.157745737064423e-05,6.157745737064423e-05,6.058309561252888e-10,-0.023154639471866953
4.125,5069.8531550185635,-4.7872886687266745e-06,6.145679061058392e-05,6.145679061058392e-05,6.042441791184978e-10,-0.023936443343633373
4.1312500000000005,5072.103231435903,-4.941494521473112e-06,6.133291568168792e-05,6.133291568168792e-05,6.026062896097495e-10,-0.02470747260736556
4.1375,5074.3210124605175,-5.093487054468385e-06,6.12058418643511e-05,6.12058418643511e-05,6.009180212178274e-10,-0.025467435272341923
4.14375,5076.505687054274,-5.243210684345247e-06,6.107557817233705e-05,6.107557817233705e-05,5.991801259849726e-10,-0.026216053421726233
4.15,5078.656485887295,-5.390612686150721e-06,6.094213335305385e-05,6.094213335305385e-05,5.973933734294441e-10,-0.026953063430753606
4.15625,5080.772681829376,-5.535643227029467e-06,6.0805515887891215e-05,6.0805515887891215e-05,5.955585495869151e-10,-0.027678216135147333
4.1625000000000005,5082.853590297595,-5.678255390047206e-06,6.066573399262243e-05,6.066573399262243e-05,5.936764560439722e-10,-0.02839127695023603
4.16875,5084.898569462411,-5.818405188305596e-06,6.0522795617875294e-05,6.0522795617875294e-05,5.91747908966937e-10,-0.029092025941527978
4.175,5086.90702031471,-5.956051569555001e-06,6.03767084496765e-05,6.03767084496765e-05,5.897737381291577e-10,-0.029780257847775004
4.18125,5088.87838659858,-6.091156411563257e-06,6.022747991007406e-05,6.022747991007406e-05,5.877547859398369e-10,-0.030455782057816287
4.1875,5090.812154612831,-6.223684508547024e-06,6.007511715784334e-05,6.007511715784334e-05,5.85691906477356e-10,-0.03111842254273512
4.1937500000000005,5092.707852888344,-6.353603549016749e-06,5.991962708928237e-05,5.991962708928237e-05,5.835859645299432e-10,-0.03176801774508375
4.2,5094.565051744692,-6.48088408542685e-06,5.976101633910305e-05,5.976101633910305e-05,5.814378346464014e-10,-0.03240442042713425
4.20625,5096.383362734219,-6.60549949605872e-06,5.959929128142552e-05,5.959929128142552e-05,5.792484001994698e-10,-0.0330274974802936
4.2125,5098.162437979195,-6.7274259395958685e-06,5.94344580308837e-05,5.94344580308837e-05,5.770185524642424e-10,-0.03363712969797934
4.21875,5099.901969409445,-6.8466423028774755e-06,5.926652244385114e-05,5.926652244385114e-05,5.747491897139033e-10,-0.03423321151438738
4.2250000000000005,5101.601687907906,-6.963130142338943e-06,5.909549011979699e-05,5.909549011979699e-05,5.724412163348725e-10,-0.034815650711694714
4.23125,5103.261362371645,-7.076873619665548e-06,5.8921366402783575e-05,5.8921366402783575e-05,5.700955419632792e-10,-0.03538436809832774
4.2375,5104.880798696426,-7.187859432198211e-06,5.87441563831177e-05,5.87441563831177e-05,5.677130806445027e-10,-0.035939297160991056
4.24375,5106.459838692866,-7.2960767386385735e-06,5.856386489916984e-05,5.856386489916984e-05,5.652947500173392e-10,-0.03648038369319287
4.25,5107.998358941412,-7.401517080604426e-06,5.838049653937631e-05,5.838049653937631e-05,5.628414705241689e-10,-0.03700758540302213
4.2562500000000005,5109.496269595486,-7.504174300585832e-06,5.819405564444176e-05,5.819405564444176e-05,5.603541646483173e-10,-0.03752087150292916
4.2625,5110.95351313974,-7.6040444568476545e-06,5.8004546309760724e-05,5.8004546309760724e-05,5.578337561796231e-10,-0.03802022228423827
4.26875,5112.37006311163,-7.70112573581554e-06,5.7811972388079175e-05,5.7811972388079175e-05,5.552811695090456e-10,-0.038505628679077704
4.275,5113.745922793916,-7.79541836247025e-06,5.761633749241926e-05,5.761633749241926e-05,5.526973289529726e-10,-0.03897709181235125
4.28125,5115.081123885573,-7.886924509259582e-06,5.741764499929264e-05,5.741764499929264e-05,5.500831581077208e-10,-0.03943462254629791
4.2875000000000005,5116.375725158371,-7.975648204018668e-06,5.721589805223041e-05,5.721589805223041e-05,5.474395792345552e-10,-0.03987824102009334
4.29375,5117.62981110541,-8.061595237368031e-06,5.701109956566057e-05,5.701109956566057e-05,5.447675126754032e-10,-0.04030797618684016
4.3,5118.843490589024,-8.144773070035288e-06,5.680325222916669e-05,5.680325222916669e-05,5.420678762992872e-10,-0.04072386535017644
4.30625,5120.016895493379,-8.225190740520716e-06,5.65923585121649e-05,5.65923585121649e-05,5.393415849793615e-10,-0.04112595370260358
4.3125,5121.150179388077,-8.30285877349959e-06,5.637842066903943e-05,5.637842066903943e-05,5.365895501003103e-10,-0.04151429386749795
4.3187500000000005,5122.243516207561,-8.37778908932568e-06,5.616144074478113e-05,5.616144074478113e-05,5.338126790957418e-10,-0.0418889454466284
4.325,5123.297098951592,-8.449994914970706e-06,5.594142058117666e-05,5.594142058117666e-05,5.310118750151007e-10,-0.04224997457485353
4.33125,5124.311138411148,-8.519490696704262e-06,5.571836182360071e-05,5.571836182360071e-05,5.281880361195248e-10,-0.04259745348352131
4.3375,5125.285861923844,-8.586292014788312e-06,5.549226592846785e-05,5.549226592846785e-05,5.253420555059758e-10,-0.04293146007394156
4.34375,5126.2215121619565,-8.650415500429681e-06,5.5263134171405115e-05,5.5263134171405115e-05,5.224748207588968e-10,-0.043252077502148406
4.3500000000000005,5127.118345956737,-8.711878755203668e-06,5.503096765621159e-05,5.503096765621159e-05,5.195872136285782e-10,-0.04355939377601834
4.35625,5127.976633161623,-8.770700273132063e-06,5.4795767324676115e-05,5.4795767324676115e-05,5.166801097353503e-10,-0.04385350136566031
4.3625,5128.796655555814,-8.82689936556979e-06,5.455753396733e-05,5.455753396733e-05,5.137543782986727e-10,-0.04413449682784895
4.36875,5129.57870579158,-8.880496089026186e-06,5.4316268235216705e-05,5.4316268235216705e-05,5.108108818901488e-10,-0.04440248044513093
4.375,5130.323086384944,-8.931511176020024e-06,5.4071970652766704e-05,5.4071970652766704e-05,5.078504762094579e-10,-0.04465755588010012
4.3812500000000005,5131.030108752433,-8.979965969041512e-06,5.3824641631871466e-05,5.3824641631871466e-05,5.048740098821765e-10,-0.04489982984520756
4.3875,5131.700092293133,-9.025882357670428e-06,5.3574281487256775e-05,5.3574281487256775e-05,5.018823242784418e-10,-0.04512941178835214
4.39375,5132.333363518054,-9.0692827188766e-06,5.3320890453261695e-05,5.3320890453261695e-05,4.988762533514033e-10,-0.045346413594383
4.4,5132.930255225142,-9.110189860507913e-06,5.30644687021361e-05,5.30644687021361e-05,4.958566234944055e-10,-0.04555094930253956
4.40625,5133.491105721187,-9.148626967951663e-06,5.280501636397587e-05,5.280501636397587e-05,4.928242534158502e-10,-0.045743134839758316
4.4125000000000005,5134.016258089467,-9.184617553937182e-06,5.254253354842146e-05,5.254253354842146e-05,4.897799540306968e-10,-0.045923087769685914
4.41875,5134.506059502199,-9.218185411431875e-06,5.227702036825186e-05,5.227702036825186e-05,4.867245283675757e-10,-0.04609092705715937
4.425,5134.960860577652,-9.249354569568487e-06,5.2008476965012266e-05,5.2008476965012266e-05,4.836587714905097e-10,-0.046246772847842434
4.43125,5135.381014780114,-9.2781492525289e-06,5.1736903536819745e-05,5.1736903536819745e-05,4.805834704342641e-10,-0.0463907462626445
4.4375,5135.766877861805,-9.304593841298995e-06,5.1462300368497364e-05,5.1462300368497364e-05,4.774994041523723e-10,-0.04652296920649497
4.4437500000000005,5136.118807345518,-9.32871283819982e-06,5.118466786419239e-05,5.118466786419239e-05,4.744073434769192e-10,-0.046643564190999104
4.45,5136.437162045777,-9.35053083409278e-06,5.090400658263967e-05,5.090400658263967e-05,4.713080510891938e-10,-0.0467526541704639
4.45625,5136.7223016281405,-9.370072478150292e-06,5.0620317275235544e-05,5.0620317275235544e-05,4.682022815003612e-10,-0.04685036239075146
4.4625,5136.974586203602,-9.387362450078763e-06,5.0333600927091895e-05,5.0333600927091895e-05,4.6509078104134243e-10,-0.04693681225039382
4.46875,5137.194375957473,-9.402425434677139e-06,5.004385880124323e-05,5.004385880124323e-05,4.619742878611263e-10,-0.047012127173385695
4.4750000000000005,5137.382030810468,-9.415286098612212e-06,4.975109248618185e-05,4.975109248618185e-05,4.5885353193277934e-10,-0.04707643049306106
4.48125,5137.537910110551,-9.425969069290757e-06,4.9455303946898e-05,4.9455303946898e-05,4.5572923506645894e-10,-0.047129845346453786
4.4875,5137.6623723532075,-9.434498915708409e-06,4.9156495579602016e-05,4.9156495579602016e-05,4.52602110928774e-10,-0.04717249457854204
4.49375,5137.755774929492,-9.440900131156128e-06,4.8854670270304933e-05,4.8854670270304933e-05,4.494728650678777e-10,-0.04720450065578064
4.5,5137.818473898663,-9.445197117666753e-06,4.854983145743166e-05,4.854983145743166e-05,4.463421949437156e-10,-0.04722598558833377
4.5062500000000005,5137.850823785398,-9.447414172086368e-06,4.8241983198637314e-05,4.8241983198637314e-05,4.432107899628905e-10,-0.04723707086043184
4.5125,5137.853177398197,-9.447575473658445e-06,4.793113024199201e-05,4.793113024199201e-05,4.400793315176426e-10,-0.04723787736829222
4.51875,5137.825885668895,-9.445705073011926e-06,4.7617278101692494e-05,4.7617278101692494e-05,4.3694849302847937e-10,-0.04722852536505963
4.525,5137.769297511089,-9.441826882448573e-06,4.730043313845019e-05,4.730043313845019e-05,4.338189399900252e-10,-0.047209134412242865
4.53125,5137.683759695658,-9.435964667429078e-06,4.698060264469398e-05,4.698060264469398e-05,4.306913300196928e-10,-0.04717982333714539
4.5375000000000005,5137.569616742775,-9.428142039162011e-06,4.665779493471363e-05,4.665779493471363e-05,4.2756631290881087e-10,-0.04714071019581006
4.54375,5137.427210828438,-9.418382448204408e-06,4.6332019439853965e-05,4.6332019439853965e-05,4.244445306758732e-10,-0.04709191224102204
4.55,5137.25688170468,-9.406709178987739e-06,4.60032868088524e-05,4.60032868088524e-05,4.2132661762160197e-10,-0.047033545894938696
4.55625,5137.058966631932,-9.393145345187828e-06,4.5671609013392624e-05,4.5671609013392624e-05,4.182132003855458e-10,-0.04696572672593914
4.5625,5136.833800322778,-9.377713885862426e-06,4.533699945892413e-05,4.533699945892413e-05,4.15104898003958e-10,-0.046888569429312126
4.5687500000000005,5136.581714895636,-9.36043756228492e-06,4.4999473100772236e-05,4.4999473100772236e-05,4.1200232196872446e-10,-0.046802187811424596
4.575,5136.303039837761,-9.341338955407628e-06,4.465904656553549e-05,4.465904656553549e-05,4.089060762871319e-10,-0.04670669477703814
4.58125,5135.998101976623,-9.320440463892855e-06,4.43157382777364e-05,4.43157382777364e-05,4.0581675754228933e-10,-0.04660220231946427
4.5875,5135.667225458425,-9.29776430265448e-06,4.396956859165823e-05,4.396956859165823e-05,4.027349549540325e-10,-0.046488821513272396
4.59375,5135.3107317337835,-9.273332501857344e-06,4.362055992826481e-05,4.362055992826481e-05,3.996612504401602e-10,-0.04636666250928672
4.6000000000000005,5134.92893954883,-9.247166906325984e-06,4.32687369170613e-05,4.32687369170613e-05,3.965962186778663e-10,-0.046235834531629924
4.60625,5134.522164942111,-9.219289175318266e-06,4.291412654271296e-05,4.291412654271296e-05,3.935404271652473e-10,-0.04609644587659133
4.6125,5134.090721245772,-9.189720782623441e-06,4.255675829619508e-05,4.255675829619508e-05,3.9049443628277667e-10,-0.045948603913117204
4.61875,5133.634919091542,-9.158483016947704e-06,4.2196664330201405e-05,4.2196664330201405e-05,3.874587993546522e-10,-0.04579241508473852
4.625,5133.155066419754,-9.125596982553833e-06,4.183387961849029e-05,4.183387961849029e-05,3.844340627099306e-10,-0.04562798491276916
4.6312500000000005,5132.651468492025,-9.091083600124661e-06,4.146844211879743e-05,4.146844211879743e-05,3.814207657433766e-10,-0.045455418000623304
4.6375,5132.124427906788,-9.054963607823095e-06,4.11003929388928e-05,4.11003929388928e-05,3.784194409759598e-10,-0.045274818039115476
4.64375,5131.57424461735,-9.017257562524204e-06,4.072977650530558e-05,4.072977650530558e-05,3.7543061411494426e-10,-0.04508628781262102
4.65,5131.001215951731,-8.977985841197475e-06,4.0356640734187276e-05,4.0356640734187276e-05,3.7245480411351885e-10,-0.044889929205987375
4.65625,5130.405636635136,-8.93716864241957e-06,3.998103720372761e-05,3.998103720372761e-05,3.6949252322992697e-10,-0.04468584321209785
4.6625000000000005,5129.787798813461,-8.8948259880002e-06,3.9603021327482695e-05,3.9603021327482695e-05,3.66544277086057e-10,-0.044474129940001
4.66875,5129.147992078368,-8.850977724705637e-06,3.922265252791974e-05,3.922265252791974e-05,3.636105647254615e-10,-0.04425488862352819
4.675,5128.486503493828,-8.805643526066136e-06,3.8839994409427433e-05,3.8839994409427433e-05,3.6069187867077734e-10,-0.04402821763033068
4.68125,5127.803617623567,-8.758842894255215e-06,3.84551149299878e-05,3.84551149299878e-05,3.577887049805232e-10,-0.04379421447127608
4.6875,5127.099616559157,-8.710595162030182e-06,3.80680865706526e-05,3.80680865706526e-05,3.549015233052534e-10,-0.043552975810150905
4.6937500000000005,5126.374779949322,-8.660919494724566e-06,3.767898650191771e-05,3.767898650191771e-05,3.520308069430516e-10,-0.04330459747362283
4.7,5125.629385029521,-8.609834892284366e-06,3.728789674604077e-05,3.728789674604077e-05,3.491770228943496e-10,-0.04304917446142183
4.70625,5124.863706652245,-8.557360191340988e-06,3.689490433430353e-05,3.689490433430353e-05,3.4634063191605913e-10,-0.04278680095670494
4.7125,5124.078017317654,-8.50351406731476e-06,3.650010145817954e-05,3.650010145817954e-05,3.4352208857500595e-10,-0.042517570336573794
4.71875,5123.272587204669,-8.448315036543686e-06,3.610358561333154e-05,3.610358561333154e-05,3.407218413006589e-10,-0.04224157518271843
4.7250000000000005,5122.447684202425,-8.39178145843286e-06,3.570545973533199e-05,3.570545973533199e-05,3.379403324371464e-10,-0.0419589072921643
4.73125,5121.603573941716,-8.33393153762059e-06,3.530583232597427e-05,3.530583232597427e-05,3.3517799829455454e-10,-0.04166965768810295
4.7375,5120.740519826923,-8.274783326157883e-06,3.4904817569022766e-05,3.4904817569022766e-05,3.3243526919950347e-10,-0.04137391663078941
4.74375,5119.858783067866,-8.214354725698408e-06,3.450253543423699e-05,3.450253543423699e-05,3.297125695449973e-10,-0.04107177362849204
4.75,5118.958622711984,-8.15266348969649e-06,3.409911176849967e-05,3.409911176849967e-05,3.270103178395459e-10,-0.04076331744848245
4.7562500000000005,5118.0402956764665,-8.089727225611092e-06,3.369467837288045e-05,3.369467837288045e-05,3.2432892675555573e-10,-0.04044863612805546
4.7625,5117.104056780316,-8.025563397114059e-06,3.32893730644774e-05,3.32893730644774e-05,3.216688031769892e-10,-0.040127816985570296
4.76875,5116.150158776998,-7.960189326301168e-06,3.288333972189721e-05,3.288333972189721e-05,3.190303482462909e-10,-0.03980094663150584
4.775,5115.1788523861815,-7.893622195904826e-06,3.2476728313262806e-05,3.2476728313262806e-05,3.164139574105805e-10,-0.03946811097952413
4.78125,5114.190386326478,-7.825879051507387e-06,3.2069694905674074e-05,3.2069694905674074e-05,3.1382002046711173e-10,-0.039129395257536934
4.7875000000000005,5113.185007347601,-7.756976803754344e-06,3.166240165509365e-05,3.166240165509365e-05,3.1124892160799856e-10,-0.03878488401877172
4.79375,5112.162960262597,-7.68693223056673e-06,3.1255016775685785e-05,3.1255016775685785e-05,3.0870103946420705e-10,-0.03843466115283365
4.800000000000001,5111.124487980092,-7.615761979352291e-06,3.084771448770181e-05,3.084771448770181e-05,3.0617674714881515e-10,-0.038078809896761455
4.80625,5110.069831536723,-7.543482569214938e-06,3.0440674943080815e-05,3.0440674943080815e-05,3.036764122995397e-10,-0.03771741284607469
4.8125,5108.999230129027,-7.470110393162373e-06,3.003408412801883e-05,3.003408412801883e-05,3.012003971205316e-10,-0.037350551965811864
4.8187500000000005,5107.912921145916,-7.39566172031158e-06,2.962813374185366e-05,2.962813374185366e-05,2.987490584234406e-10,-0.036978308601557895
4.825,5106.811140200751,-7.320152698092114e-06,2.922302105171536e-05,2.922302105171536e-05,2.963227476677491e-10,-0.03660076349046057
4.831250000000001,5105.6941211632975,-7.243599354447204e-06,2.8818948722503746e-05,2.8818948722503746e-05,2.939218110003765e-10,-0.03621799677223602
4.8375,5104.562096191991,-7.166017600032649e-06,2.841612462187372e-05,2.841612462187372e-05,2.915465892945553e-10,-0.03583008800016325
4.84375,5103.415295766046,-7.087423230413582e-06,2.8014761600036217e-05,2.8014761600036217e-05,2.891974181879782e-10,-0.03543711615206791
4.8500000000000005,5102.253948717206,-7.00783192825932e-06,2.7615077244316177e-05,2.7615077244316177e-05,2.8687462812021827e-10,-0.0350391596412966
4.85625,5101.078282261992,-6.927259265536371e-06,2.7217293608548573e-05,2.7217293608548573e-05,2.845785443694223e-10,-0.03463629632768186
4.862500000000001,5099.888522033542,-6.845720705699927e-06,2.6821636917538224e-05,2.6821636917538224e-05,2.823094870882772e-10,-0.034228603528499636
4.86875,5098.684892113649,-6.7632316058839925e-06,2.6428337246958263e-05,2.6428337246958263e-05,2.8006777133925105e-10,-0.033816158029419965
4.875,5097.467615064766,-6.679807219090554e-06,2.6037628179213787e-05,2.6037628179213787e-05,2.7785370712910834e-10,-0.03339903609545277
4.8812500000000005,5096.236911961678,-6.595462696378057e-06,2.5649746435951356e-05,2.5649746435951356e-05,2.756675994426997e-10,-0.032977313481890286
4.8875,5094.9930024237265,-6.510213089049574e-06,2.5264931488050007e-05,2.5264931488050007e-05,2.735097482760264e-10,-0.03255106544524787
4.893750000000001,5093.736104646595,-6.424073350841068e-06,2.488342514408367e-05,2.488342514408367e-05,2.7138044866857974e-10,-0.03212036675420534
4.9,5092.466435434191,-6.337058340110182e-06,2.4505471118397884e-05,2.4505471118397884e-05,2.692799907349547e-10,-0.03168529170055091
4.90625,5091.184210230824,-6.249182822026003e-06,2.4131314580093698e-05,2.4131314580093698e-05,2.67208659695738e-10,-0.031245914110130016
4.9125000000000005,5089.889643152841,-6.160461470760326e-06,2.3761201684357283e-05,2.3761201684357283e-05,2.6516673590766933e-10,-0.03080230735380163
4.91875,5088.582947020942,-6.070908871680908e-06,2.3395379087714292e-05,2.3395379087714292e-05,2.631544948930766e-10,-0.03035454435840454
4.925000000000001,5087.264333392057,-5.980539523547268e-06,2.3034093448921273e-05,2.3034093448921273e-05,2.6117220736858235e-10,-0.02990269761773634
4.93125,5085.9340125914305,-5.889367840709674e-06,2.2677590917332244e-05,2.2677590917332244e-05,2.592201392730818e-10,-0.02944683920354837
4.9375,5084.592193744917,-5.7974081553118434e-06,2.2326116610694546e-05,2.2326116610694546e-05,2.5729855179499096e-10,-0.02898704077655922
4.9437500000000005,5083.239084810911,-5.7046747194980936e-06,2.1979914084434166e-05,2.1979914084434166e-05,2.5540770139876256e-10,-0.028523373597490468
4.95,5081.874892612951,-5.611181707625543e-06,2.1639224794584938e-05,2.1639224794584938e-05,2.5354783985066946e-10,-0.028055908538127713
4.956250000000001,5080.499822871763,-5.5169432184821484e-06,2.1304287556597974e-05,2.1304287556597974e-05,2.5171921424385234e-10,-0.02758471609241074
4.9625,5079.114080237934,-5.4219732775112524e-06,2.0975338002335937e-05,2.0975338002335937e-05,2.4992206702263025e-10,-0.02710986638755626
4.96875,5077.717868324474,-5.326285839043432e-06,2.065260803761105e-05,2.065260803761105e-05,2.4815663600607145e-10,-0.02663142919521716
4.9750000000000005,5076.311389739338,-5.229894788536495e-06,2.0336325302664624e-05,2.0337094825339047e-05,2.464231544108216e-10,-0.026149473942682477
4.98125,5074.894846118483,-5.132813944824386e-06,2.0026712638009646e-05,2.0044942025498812e-05,2.447218508731868e-10,-0.02566406972412193
4.987500000000001,5073.4684381585,-5.035057062375944e-06,1.9723987558065263e-05,1.9776919830498602e-05,2.430529494704678e-10,-0.025175285311879722
4.99375,5072.0323656501205,-4.9366378335643465e-06,1.942836173500329e-05,1.952821075701206e-05,2.414166697415418e-10,-0.024683189167821733
5.0,5070.586827511122,-4.837569890948238e-06,1.9140040495201457e-05,1.929557574591527e-05,2.398132267066887e-10,-0.02418784945474119
5.0062500000000005,5069.132021820182,-4.737866809565464e-06,1.8859222330656124e-05,1.9076759683166652e-05,2.382428308866563e-10,-0.02368933404782732
5.0125,5067.668145850114,-4.637542109240456e-06,1.8586098427649004e-05,1.8870020246824874e-05,2.3670568832096153e-10,-0.023187710546202278
5.018750000000001,5066.195396102121,-4.53660925690628e-06,1.8320852214887808e-05,1.8674316437189722e-05,2.352020005854215e-10,-0.0226830462845314
5.025,5064.713968339702,-4.435081668942452e-06,1.8063658933250713e-05,1.848835544997769e-05,2.3373196480890964e-10,-0.02217540834471226
5.03125,5063.224057623043,-4.332972713529634e-06,1.781468522915911e-05,1.83113500537023e-05,2.3229577368933163e-10,-0.02166486356764817
5.0375000000000005,5061.7258583438015,-4.230295713022366e-06,1.7574088773483574e-05,1.8142423398364925e-05,2.3089361550881484e-10,-0.02115147856511183
5.04375,5060.219564259674,-4.12706394634106e-06,1.7342017907754606e-05,1.798126630399197e-05,2.295256741481047e-10,-0.0206353197317053
5.050000000000001,5058.705368529912,-4.02329065138448e-06,1.7118611319304e-05,1.7827271321888578e-05,2.281921291001617e-10,-0.020116453256922403
5.05625,5057.183463750723,-3.918989027464029e-06,1.6903997746805505e-05,1.7679843487085328e-05,2.268931554829513e-10,-0.019594945137320147
5.0625,5055.654041991094,-3.8141722377611635e-06,1.6698295717515865e-05,1.7538801173764305e-05,2.2562892405141956e-10,-0.019070861188805816
5.0687500000000005,5054.1172948290705,-3.7088534118093716e-06,1.650161331734114e-05,1.740398554562312e-05,2.2439960120864583e-10,-0.018544267059046857
5.075,5052.5734133883,-3.6030456480021193e-06,1.6314047994669172e-05,1.727444843669702e-05,2.2320534901616445e-10,-0.018015228240010596
5.081250000000001,5051.022588375033,-3.4967620161283204e-06,1.6135686398719242e-05,1.7150874560945195e-05,2.2204632520344576e-10,-0.017483810080641603
5.0875,5049.465010115646,-3.390015559936865e-06,1.5966604252965497e-05,1.703242891736436e-05,2.2092268317652735e-10,-0.016950077799684327
5.09375,5047.900868594328,-3.282819299731861e-06,1.5806866263993254e-05,1.6918762536044988e-05,2.1983457202578493e-10,-0.016414096498659304
5.1000000000000005,5046.330353491497,-3.1751862350002938e-06,1.5656526065948548e-05,1.6810083159714344e-05,2.1878213653283233e-10,-0.015875931175001468
5.10625,5044.753654222771,-3.067129347073836e-06,1.5515626200542628e-05,1.6706709069659222e-05,2.1776551717653911e-10,-0.01533564673536918
5.112500000000001,5043.170959978189,-2.9586616018267098e-06,1.5384198132376273e-05,1.660754675783445e-05,2.1678485013815415e-10,-0.014793308009133548
5.11875,5041.5824597621395,-2.8497959524114826e-06,1.5262262299155293e-05,1.6512742511832442e-05,2.1584026730552222e-10,-0.014248979762057414
5.125,5039.988342433815,-2.740545342034825e-06,1.5149828196179822e-05,1.642237141393906e-05,2.1493189627638065e-10,-0.013702726710174126
5.1312500000000005,5038.388796748558,-2.630922706775294e-06,1.5046894494307642e-05,1.633627845254695e-05,2.14059860360722e-10,-0.01315461353387647
5.1375,5036.784011399353,-2.5209409784453577e-06,1.495344919041692e-05,1.6254631141045175e-05,2.1322427858220804e-10,-0.012604704892226789
5.143750000000001,5035.174175059295,-2.410613087499916e-06,1.4869469789227935e-05,1.6177426840378456e-05,2.124252656786198e-10,-0.01205306543749958
5.15,5033.559476425139,-2.2999519659936545e-06,1.479492351518759e-05,1.610423127503844e-05,2.1166293210132726e-10,-0.011499759829968273
5.15625,5031.940104260484,-2.1889705505897986e-06,1.4729767552976e-05,1.6035051650876516e-05,2.1093738401376176e-10,-0.010944852752948993
5.1625000000000005,5030.316247441116,-2.0776817856227263e-06,1.467394931506211e-05,1.5969909013970032e-05,2.102487232888735e-10,-0.010388408928113631
5.16875,5028.688095000198,-1.966098626217212e-06,1.4627406734615886e-05,1.590882438082721e-05,2.095970475055549e-10,-0.00983049313108606
5.175000000000001,5027.055836174748,-1.8542340414670526e-06,1.4590068581979011e-05,1.5851818683561093e-05,2.0898244994401038e-10,-0.009271170207335262
5.18125,5025.41966045286,-1.7421010176760113e-06,1.4561854802804681e-05,1.5798912711406982e-05,2.0840501958005224e-10,-0.008710505088380057
5.1875,5023.779757621979,-1.629712561664087e-06,1.4542676875900364e-05,1.575012704877627e-05,2.0786484107830026e-10,-0.008148562808320435
5.1937500000000005,5022.136317818249,-1.5170817041422572e-06,1.4532438188745748e-05,1.570548201005427e-05,2.073619947842629e-10,-0.007585408520711286
5.2,5020.489531576576,-1.4042215031589822e-06,1.4531034428611553e-05,1.5664997571364e-05,2.068965567152762e-10,-0.007021107515794911
5.206250000000001,5018.839589882184,-1.2911450476218228e-06,1.453835398717335e-05,1.562869329953218e-05,2.0646859855027517e-10,-0.006455725238109114
5.2125,5017.1866842232275,-1.177865460897704e-06,1.455427837649819e-05,1.5596588278507628e-05,2.0607818761837228e-10,-0.00588932730448852
5.21875,5015.531006644187,-1.0643959044954625e-06,1.457868265427996e-05,1.5568974505816775e-05,2.0572538688621482e-10,-0.005321979522477312
5.2250000000000005,5013.872749801242,-9.507495818343909e-07,1.4611435856212063e-05,1.5546192915734185e-05,2.0541025494409354e-10,-0.004753747909171955
5.23125,5012.212107018385,-8.369397421026847e-07,1.4652401433412215e-05,1.5528054363719196e-05,2.051328459907723e-10,-0.004184698710513424
5.237500000000001,5010.549272344986,-7.229796842097591e-07,1.4701437692853744e-05,1.551484508030696e-05,2.0489320981700755e-10,-0.0036148984210487957
5.24375,5008.884440615229,-6.088827608365025e-07,1.4758398238809717e-05,1.5506222338695144e-05,2.0469139178772547e-10,-0.0030444138041825124
5.25,5007.217807508216,-4.946623825877085e-07,1.4823132413379711e-05,1.5503110598591243e-05,2.0452743282282283e-10,-0.0024733119129385426
5.2562500000000005,5005.549569610648,-3.8033202225091005e-07,1.4895485734243303e-05,1.5505860294729933e-05,2.0440136937655595e-10,-0.0019016601112545502
5.2625,5003.87992448014,-2.659052191660522e-07,1.4975300327868489e-05,1.5513813765957504e-05,2.0431323341548164e-10,-0.001329526095830261
5.268750000000001,5002.209070710949,-1.5139558371039966e-07,1.5062415356495782e-05,1.5528846644013792e-05,2.0426305239491133e-10,-0.0007569779185519983
5.275,5000.537208000905,-3.681680190322805e-08,1.515666743731941e-05,1.5550086697150234e-05,2.0425084923383914e-10,-0.00018408400951614023
5.28125,4998.864537220745,7.78173598651876e-08,1.5257891052393796e-05,1.557901026855834e-05,2.0427664228830228e-10,0.000389086799325938
5.2875000000000005,4997.191260484756,1.9249304997566654e-07,1.5365918947906166e-05,1.561624457082142e-05,2.0434044532313152e-10,0.0009624652498783327
5.29375,4995.517581223533,3.0719632658870983e-07,1.5480582521572843e-05,1.5662597706682867e-05,2.0444226748204707e-10,0.0015359816329435492
5.300000000000001,4993.843704259112,4.2191315251504156e-07,1.5601712197036946e-05,1.5719910493397934e-05,2.0458211325605418e-10,0.0021095657625752077
5.30625,4992.169835881687,5.366293899435194e-07,1.57291377842674e-05,1.5790611973098095e-05,2.0475998245009154e-10,0.002683146949717597
5.3125,4990.496183928794,6.513307950219752e-07,1.58626888250825e-05,1.587939259106247e-05,2.0497587014788325e-10,0.003256653975109876
5.3187500000000005,4988.8229578663495,7.660030122865835e-07,1.600219492304481e-05,1.600219492304481e-05,2.0522976667494444e-10,0.0038300150614329178
5.325,4987.150368872614,8.806315689355815e-07,1.614748605709646e-05,1.614748605709646e-05,2.055216575596888e-10,0.004403157844677908
5.331250000000001,4985.478629923808,9.952018689432172e-07,1.6298392878424806e-05,1.6298392878424806e-05,2.0585152349258533e-10,0.0049760093447160855
5.3375,4983.807955882319,1.109699187010109e-06,1.6454746990166258e-05,1.6454746990166258e-05,2.0621934028330972e-10,0.0055484959350505444
5.34375,4982.138563587633,1.2241086623464474e-06,1.6616381209670667e-05,1.6616381209670667e-05,2.066250788158352e-10,0.006120543311732237
5.3500000000000005,4980.470671949333,1.3384152922847402e-06,1.6783129813158864e-05,1.6783129813158864e-05,2.0706870500140627e-10,0.006692076461423701
5.35625,4978.804502043036,1.4526039257192295e-06,1.6954828762711467e-05,1.6954828762711467e-05,2.0755017972933794e-10,0.007263019628596147
5.362500000000001,4977.140277208487,1.5666592563694702e-06,1.7131315915626953e-05,1.7131315915626953e-05,2.080694588155821e-10,0.007833296281847351
5.36875,4975.47822315065,1.6805658158661092e-06,1.7312431216281222e-05,1.7312431216281222e-05,2.0862649294900203e-10,0.008402829079330546
5.375,4973.818568042904,1.794307966657386e-06,1.74980168707085e-05,1.74980168707085e-05,2.09221227635296e-10,0.00897153983328693
5.3812500000000005,4972.161542633514,1.907869894735595e-06,1.7687917504204582e-05,1.7687917504204582e-05,2.0985360313850968e-10,0.009539349473677974
5.3875,4970.507380354204,2.0212356021833547e-06,1.788198030232769e-05,1.788198030232769e-05,2.105235544200782e-10,0.010106178010916773
5.393750000000001,4968.856317431536,2.134388899540359e-06,1.808005513573923e-05,1.808005513573923e-05,2.1123101107533803e-10,0.010671944497701796
5.4,4967.208593000991,2.2473133979921626e-06,1.8281994669386824e-05,1.8281994669386824e-05,2.1197589726744973e-10,0.011236566989960813
5.40625,4965.564449223379,2.359992501383442e-06,1.8487654456584687e-05,1.8487654456584687e-05,2.1275813165867362e-10,0.01179996250691721
5.4125000000000005,4963.924131403904,2.4724093980592803e-06,1.8696893018592137e-05,1.8696893018592137e-05,2.1357762733894099e-10,0.012362046990296402
5.41875,4962.287888113854,2.584547052539135e-06,1.8909571910329514e-05,1.8909571910329514e-05,2.1443429175166572e-10,0.012922735262695675
5.425000000000001,4960.655971314157,2.696388197029351e-06,1.9125555772902608e-05,1.9125555772902608e-05,2.1532802661674266e-10,0.013481940985146755
5.43125,4959.028636481694,2.807915322781467e-06,1.9344712373631736e-05,1.9344712373631736e-05,2.162587278506816e-10,0.014039576613907334
5.4375,4957.406142737291,2.919110671304954e-06,1.956691263430008e-05,1.956691263430008e-05,2.1722628548382867e-10,0.014595553356524769
5.4437500000000005,4955.788752976175,3.0299562254446094e-06,1.979203064834871e-05,1.979203064834871e-05,2.1823058357463036e-10,0.015149781127223047
5.45,4954.176733999756,3.1404337003344182e-06,2.00199436877523e-05,2.00199436877523e-05,2.1927150012089906e-10,0.015702168501672092
5.456250000000001,4952.570356649473,3.250524534241522e-06,2.025053220031093e-05,2.025053220031093e-05,2.2034890696804378e-10,0.01625262267120761
5.4625,4950.969895941367,3.3602098793156743e-06,2.0483679798089792e-05,2.0483679798089792e-05,2.2146266971423477e-10,0.016801049396578373
5.46875,4949.375631202606,3.4694705922616854e-06,2.0719273237730265e-05,2.0719273237730265e-05,2.2261264761247643e-10,0.017347352961308425
5.4750000000000005,4947.787846208255,3.5782872249542715e-06,2.0957202393343485e-05,2.0957202393343485e-05,2.237986934695694e-10,0.017891436124771357
5.48125,4946.206829318628,3.686640015016962e-06,2.1197360222681115e-05,2.1197360222681115e-05,2.250206535419501e-10,0.01843320007508481
5.487500000000001,4944.632873617088,3.794508876388974e-06,2.1439642727258652e-05,2.1439642727258652e-05,2.2627836742840347e-10,0.01897254438194487
5.49375,4943.066277047447,3.901873389906311e-06,2.1683948907083913e-05,2.1683948907083913e-05,2.2757166795965383e-10,0.019509366949531554
5.5,4941.507342550888,4.0087127939257574e-06,2.1930180710618468e-05,2.1930180710618468e-05,2.2890038108484796e-10,0.020043563969628787
5.5062500000000005,4939.9563782012565,4.11500597502295e-06,2.2178242980572562e-05,2.2178242980572562e-05,2.302643257549551e-10,0.02057502987511475
5.5125,4938.413697339808,4.220731458798342e-06,2.2428043396105238e-05,2.2428043396105238e-05,2.3166331380311932e-10,0.021103657293991707
5.518750000000001,4936.879618706824,4.325867400827444e-06,2.267949241197124e-05,2.267949241197124e-05,2.3309714982201257e-10,0.02162933700413722
5.525,4935.354466571264,4.430391577794461e-06,2.2932503195125037e-05,2.2932503195125037e-05,2.3456563103824864e-10,0.022151957888972305
5.53125,4933.838570856562,4.534281378851093e-06,2.3186991559260536e-05,2.3186991559260536e-05,2.360685471839331e-10,0.022671406894255463
5.5375000000000005,4932.332267263059,4.637513797245142e-06,2.344287589773278e-05,2.344287589773278e-05,2.376056803654385e-10,0.02318756898622571
5.54375,4930.835897385342,4.740065422266136e-06,2.3700077115275852e-05,2.3700077115275852e-05,2.3917680492950987e-10,0.02370032711133068
5.550000000000001,4929.34980882445,4.841912431558061e-06,2.3958518558898953e-05,2.3958518558898953e-05,2.4078168732682213e-10,0.024209562157790306
5.55625,4927.874355294064,4.943030583851889e-06,2.4218125948311287e-05,2.4218125948311287e-05,2.4242008597312877e-10,0.024715152919259444
5.5625,4926.409896719401,5.043395212173316e-06,2.4478827306195184e-05,2.4478827306195184e-05,2.4409175110815915e-10,0.02521697606086658
5.5687500000000005,4924.956799328593,5.142981217583606e-06,2.4740552888616966e-05,2.4740552888616966e-05,2.457964246524412e-10,0.02571490608791803
5.575,4923.515435735491,5.241763063514029e-06,2.500323511583581e-05,2.500323511583581e-05,2.475338400622462e-10,0.026208815317570144
5.581250000000001,4922.086185012666,5.339714770756651e-06,2.5266808503742934e-05,2.5266808503742934e-05,2.4930372218287306e-10,0.026698573853783256
5.5875,4920.669432753869,5.436809913176499e-06,2.5531209596136633e-05,2.5531209596136633e-05,2.511057871005118e-10,0.027184049565882495
5.59375,4919.265571125246,5.533021614212158e-06,2.5796376898013275e-05,2.5796376898013275e-05,2.529397419929467e-10,0.02766510807106079
5.6000000000000005,4917.874998903976,5.6283225442337595e-06,2.6062250810030275e-05,2.6062250810030275e-05,2.54805284979384e-10,0.028141612721168798
5.60625,4916.498121502917,5.722684918828831e-06,2.6328773564274512e-05,2.6328773564274512e-05,2.567021049697111e-10,0.028613424594144156
5.612500000000001,4915.135350981305,5.816080498088054e-06,2.6595889161448546e-05,2.6595889161448546e-05,2.5862988151351966e-10,0.029080402490440267
5.61875,4913.787106039669,5.908480586963932e-06,2.686354330956726e-05,2.686354330956726e-05,2.605882846492468e-10,0.029542402934819658
5.625,4912.453811997426,5.999856036776193e-06,2.713168336423953e-05,2.713168336423953e-05,2.6257697475381596e-10,0.029999280183880966
5.6312500000000005,4911.135900753456,6.090177247938334e-06,2.7400258270592587e-05,2.7400258270592587e-05,2.645956023931809e-10,0.03045088623969167
5.6375,4909.833810727268,6.179414173979685e-06,2.7669218506881912e-05,2.7669218506881912e-05,2.6664380817420336e-10,0.030897070869898426
5.643750000000001,4908.547986780301,6.2675363269372136e-06,2.7938516029815205e-05,2.7938516029815205e-05,2.687212225983176e-10,0.03133768163468607
5.65,4907.278880116493,6.3545127841905296e-06,2.820810422160684e-05,2.820810422160684e-05,2.708274659174603e-10,0.03177256392095265
5.65625,4906.026948159769,6.4403121968124644e-06,2.8477937838767856e-05,2.8477937838767856e-05,2.7296214799276866e-10,0.03220156098406232
5.6625000000000005,4904.792654409846,6.524902799506045e-06,2.874797296262661e-05,2.874797296262661e-05,2.75124868156572e-10,0.032624513997530226
5.66875,4903.5764682724885,6.60825242219656e-06,2.90181669515666e-05,2.90181669515666e-05,2.773152150782256e-10,0.0330412621109828
5.675000000000001,4902.378864865549,6.690328503344946e-06,2.9288478394960302e-05,2.9288478394960302e-05,2.7953276663435723e-10,0.03345164251672473
5.68125,4901.200324798562,6.7710981050455565e-06,2.9558867068771024e-05,2.9558867068771024e-05,2.8177708978411837e-10,0.03385549052522778
5.6875,4900.0413339256065,6.850527929967857e-06,2.982929389278959e-05,2.982929389278959e-05,2.840477404500503e-10,0.03425263964983929
5.6937500000000005,4898.902383070245,6.928584340197415e-06,3.0099720889467554e-05,3.0099720889467554e-05,2.863442634051955e-10,0.034642921700987074
5.7,4897.78396772247,7.0052333780268755e-06,3.0370111144305015e-05,3.0370111144305015e-05,2.8866619216710043e-10,0.03502616689013438
5.706250000000001,4896.686587705792,7.080440788742326e-06,3.064042876774777e-05,3.064042876774777e-05,2.9101304889937054e-10,0.03540220394371163
5.7125,4895.610746815344,7.154172045444773e-06,3.091063885854623e-05,3.091063885854623e-05,2.93384344321453e-10,0.035770860227223866
5.71875,4894.556952425525,7.226392375940009e-06,3.118070746852662e-05,3.118070746852662e-05,2.95779577627332e-10,0.036131961879700046
5.7250000000000005,4893.525715066985,7.297066791723301e-06,3.145060156872364e-05,3.145060156872364e-05,2.9819823641383143e-10,0.03648533395861651
5.73125,4892.517547972756,7.3661601190779615e-06,3.172028901682311e-05,3.172028901682311e-05,3.0063979661922484e-10,0.03683080059538981
5.737500000000001,4891.532966593725,7.433637032298878e-06,3.198973852586271e-05,3.198973852586271e-05,3.0310372247285825e-10,0.037168185161494394
5.74375,4890.572488082597,7.499462089043749e-06,3.225891963413879e-05,3.225891963413879e-05,3.055894664564899e-10,0.03749731044521874
5.75,4889.636630747268,7.563599767805804e-06,3.2527802676267835e-05,3.2527802676267835e-05,3.0809646927805076e-10,0.03781799883902902
5.7562500000000005,4888.725913473157,7.626014507492584e-06,3.279635875535161e-05,3.279635875535161e-05,3.106241598585234e-10,0.03813007253746292
5.7625,4887.840855115483,7.686670749085566e-06,3.3064559716195904e-05,3.3064559716195904e-05,3.131719553326297e-10,0.03843335374542783
5.768750000000001,4886.981973861491,7.74553297934542e-06,3.333237811953392e-05,3.333237811953392e-05,3.157392610640043e-10,0.0387276648967271
5.775,4886.149786563485,7.802565776517276e-06,3.359978721720651e-05,3.359978721720651e-05,3.183254706755181e-10,0.03901282888258638
5.78125,4885.344808043697,7.857733857979804e-06,3.386676092825274e-05,3.386676092825274e-05,3.2092996609539465e-10,0.03928866928989902
5.7875000000000005,4884.567550371463,7.91100212977095e-06,3.4133273815865963e-05,3.4133273815865963e-05,3.2355211761974257e-10,0.03955501064885475
5.79375,4883.818522114505,7.96233573791236e-06,3.439930106517166e-05,3.439930106517166e-05,3.261912839920997e-10,0.0398116786895618
5.800000000000001,4883.098227564969,8.011700121443269e-06,3.4664818461785364e-05,3.4664818461785364e-05,3.288468125005554e-10,0.040058500607216344
5.80625,4882.407165942215,8.05906106706367e-06,3.49298023711101e-05,3.49298023711101e-05,3.3151803909298536e-10,0.040295305335318346
5.8125,4881.7458305734,8.10438476527539e-06,3.5194229718334784e-05,3.5194229718334784e-05,3.342042885108937e-10,0.040521923826376954
5.8187500000000005,4881.1147080546625,8.147637867898951e-06,3.545807796909621e-05,3.545807796909621e-05,3.369048744423204e-10,0.04073818933949475
5.825,4880.514277393317,8.188787546833096e-06,3.57213251107692e-05,3.57213251107692e-05,3.396190996942243e-10,0.040943937734165485
5.831250000000001,4879.945009134579,8.2278015539136e-06,3.598394963435072e-05,3.598394963435072e-05,3.423462563847069e-10,0.041139007769568
5.8375,4879.4073644744785,8.264648281717712e-06,3.6245930516905475e-05,3.6245930516905475e-05,3.4508562615539016e-10,0.04132324140858856
5.84375,4878.90179436097,8.299296825150884e-06,3.650724720454183e-05,3.650724720454183e-05,3.4783648040420775e-10,0.04149648412575442
5.8500000000000005,4878.428738586653,8.331717043643215e-06,3.6767879595888444e-05,3.6767879595888444e-05,3.505980805388113e-10,0.041658585218216075
5.85625,4877.988624874827,8.361879623774322e-06,3.702780802604308e-05,3.702780802604308e-05,3.5336967825073465e-10,0.04180939811887161
5.862500000000001,4877.581867962245,8.38975614213739e-06,3.728701325096671e-05,3.728701325096671e-05,3.561505158103941e-10,0.04194878071068695
5.86875,4877.208868681236,8.41531912824581e-06,3.7545476432297e-05,3.7545476432297e-05,3.589398263829401e-10,0.04207659564122905
5.875,4876.87001304419,8.438542127279228e-06,3.780317912255651e-05,3.780317912255651e-05,3.6173683436490613e-10,0.042192710636396145
5.8812500000000005,4876.565671333377,8.459399762460295e-06,3.8060103250732086e-05,3.8060103250732086e-05,3.645407557415328e-10,0.04229699881230148
5.8875,4876.296197199216,8.47786779684844e-06,3.831623110820291e-05,3.831623110820291e-05,3.6735079846457403e-10,0.04238933898424219
5.893750000000001,4876.061926770404,8.493923194333393e-06,3.857154533499576e-05,3.857154533499576e-05,3.701661628503197e-10,0.042469615971666964
5.9,4875.863177778691,8.50754417960825e-06,3.882602890634687e-05,3.882602890634687e-05,3.729860419974971e-10,0.042537720898041254
5.90625,4875.7002487021155,8.51871029690027e-06,3.907966511955063e-05,3.907966511955063e-05,3.758096222246386e-10,0.04259355148450135
5.9125000000000005,4875.573417929182,8.527402467236919e-06,3.933243758107644e-05,3.933243758107644e-05,3.7863608352643086e-10,0.042637012336184596
5.91875,4875.482942948142,8.53360304402529e-06,3.958433019393535e-05,3.958433019393535e-05,3.814646000484861e-10,0.04266801522012645
5.925000000000001,4875.42905956357,8.537295866724649e-06,3.983532714527939e-05,3.983532714527939e-05,3.8429434057990337e-10,0.042686479333623246
5.93125,4875.411981144357,8.538466312394833e-06,4.008541289421671e-05,4.008541289421671e-05,3.8712446906291615e-10,0.04269233156197416
5.9375,4875.431897905587,8.53710134490728e-06,4.033457215982644e-05,4.033457215982644e-05,3.8995414511885085e-10,0.0426855067245364
5.9437500000000005,4875.488976227828,8.533189561610752e-06,4.058278990935799e-05,4.058278990935799e-05,3.927825245895533e-10,0.04266594780805376
5.95,4875.583358015787,8.526721237250266e-06,4.083005134659956e-05,4.083005134659956e-05,3.956087600933722e-10,0.04263360618625133
5.956250000000001,4875.715160101039,8.517688364945469e-06,4.1076341900401726e-05,4.1076341900401726e-05,3.9843200159472533e-10,0.04258844182472735
5.9625,4875.884473689267,8.506084694043433e-06,4.132164721334193e-05,4.132164721334193e-05,4.012513969862122e-10,0.04253042347021716
5.96875,4876.091363856134,8.491905764670727e-06,4.1565953130516474e-05,4.1565953130516474e-05,4.04066092682179e-10,0.04245952882335364
5.9750000000000005,4876.335869093774,8.475148938820725e-06,4.180924568844694e-05,4.180924568844694e-05,4.0687523422258807e-10,0.04237574469410362
5.98125,4876.618000910064,8.455813427824041e-06,4.2051511104088144e-05,4.2051511104088144e-05,4.0967796688599243e-10,0.042279067139120205
5.987500000000001,4876.9377434822645,8.433900316062932e-06,4.2292735763925474e-05,4.2292735763925474e-05,4.1247343631037033e-10,0.042169501580314656
5.99375,4877.295053367936,8.409412580804533e-06,4.253290621314935e-05,4.253290621314935e-05,4.1526078912053395e-10,0.042047062904022665
6.0,4877.689859273765,8.382355108042307e-06,4.277200914489519e-05,4.277200914489519e-05,4.1803917356078885e-10,0.041911775540211534
6.0062500000000005,4878.122061883796,8.352734704250706e-06,4.3010031389537254e-05,4.3010031389537254e-05,4.2080774013148944e-10,0.04176367352125353
6.0125,4878.5915337490305,8.320560103974077e-06,4.324695990402524e-05,4.324695990402524e-05,4.235656422281099e-10,0.041602800519870385
6.018750000000001,4879.098119238162,8.28584197318751e-06,4.348278176125251e-05,4.348278176125251e-05,4.2631203678142916e-10,0.04142920986593755
6.025,4879.641634550885,8.248592908384535e-06,4.371748413944509e-05,4.371748413944509e-05,4.2904608489741323e-10,0.04124296454192268
6.03125,4880.221867794146,8.208827431364079e-06,4.395105431156094e-05,4.395105431156094e-05,4.3176695249537e-10,0.04104413715682039
6.0375000000000005,4880.838579120934,8.166561979706812e-06,4.418347963468878e-05,4.418347963468878e-05,4.34473810942947e-10,0.04083280989853406
6.04375,4881.491500932021,8.121814892949017e-06,4.4414747539436214e-05,4.4414747539436214e-05,4.371658376865467e-10,0.040609074464745085
6.050000000000001,4882.180338140271,8.074606394480117e-06,4.4644845519296906e-05,4.4644845519296906e-05,4.3984221687574164e-10,0.04037303197240058
6.05625,4882.904768496386,8.024958569207786e-06,4.4873761119986625e-05,4.4873761119986625e-05,4.4250213998028595e-10,0.040124792846038926
6.0625,4883.664442975624,7.972895337052485e-06,4.5101481928737986e-05,4.5101481928737986e-05,4.451448063983424e-10,0.039864476685262426
6.0687500000000005,4884.45898622441,7.91844242235056e-06,4.532799556354399e-05,4.532799556354399e-05,4.4776942405456706e-10,0.0395922121117528
6.075,4885.287997065027,7.861627319262235e-06,4.5553289662340286e-05,4.5553289662340286e-05,4.5037520998672883e-10,0.039308136596311175
6.081250000000001,4886.151049056819,7.802479253297274e-06,4.577735187211617e-05,4.577735187211617e-05,4.5296139091957596e-10,0.03901239626648637
6.0875,4887.047691112627,7.74102913908718e-06,4.600016983794439e-05,4.600016983794439e-05,4.555272038247062e-10,0.03870514569543589
6.09375,4887.97744816754,7.677309534547973e-06,4.622173119191982e-05,4.622173119191982e-05,4.5807189646524387e-10,0.038386547672739864
6.1000000000000005,4888.939821897882,7.611354591592082e-06,4.6442023541996816e-05,4.6442023541996816e-05,4.6059472792417985e-10,0.03805677295796041
6.10625,4889.934291488578,7.54320000356159e-06,4.6661034460715456e-05,4.6661034460715456e-05,4.6309496911528837e-10,0.03771600001780795
6.112500000000001,4890.960314444973,7.472882949567558e-06,4.6878751473806414e-05,4.6878751473806414e-05,4.6557190327559424e-10,0.03736441474783779
6.11875,4892.017327447528,7.400442035931937e-06,4.709516204866441e-05,4.709516204866441e-05,4.680248264384312e-10,0.037002210179659684
6.125,4893.104747245399,7.325917234939039e-06,4.7310253582679885e-05,4.7310253582679885e-05,4.704530478861985e-10,0.036629586174695195
6.1312500000000005,4894.221971586196,7.249349821112892e-06,4.752401339141879e-05,4.752401339141879e-05,4.728558905819965e-10,0.03624674910556446
6.1375,4895.368380178826,7.170782305245115e-06,4.773642869664001e-05,4.773642869664001e-05,4.752326915793955e-10,0.03585391152622557
6.143750000000001,4896.543335685332,7.090258366404746e-06,4.794748661414002e-05,4.794748661414002e-05,4.775828024096687e-10,0.03545129183202373
6.15,4897.746184738976,7.007822782167308e-06,4.815717414141427e-05,4.815717414141427e-05,4.799055894458987e-10,0.03503911391083654
6.15625,4898.976258984852,6.923521357304685e-06,4.836547814512459e-05,4.836547814512459e-05,4.822004342434487e-10,0.034617606786523425
6.1625000000000005,4900.232876139339,6.837400851180576e-06,4.8572385348362223e-05,4.8572385348362223e-05,4.844667338563677e-10,0.03418700425590288
6.16875,4901.515341064521,6.749508904098066e-06,4.877788231769549e-05,4.877788231769549e-05,4.867039011293834e-10,0.03374754452049033
6.175000000000001,4902.822946854833,6.6598939628463895e-06,4.898195544999157e-05,4.898195544999157e-05,4.889113649652172e-10,0.03329946981423195
6.18125,4904.154975931412,6.568605205693228e-06,4.918459095900154e-05,4.918459095900154e-05,4.910885705670373e-10,0.032843026028466143
6.1875,4905.510701141138,6.475692467066896e-06,4.938577486169796e-05,4.938577486169796e-05,4.932349796559475e-10,0.03237846233533448
6.1937500000000005,4906.889386856542,6.381206162169525e-06,4.9585492964354396e-05,4.9585492964354396e-05,4.953500706634878e-10,0.03190603081084763
6.2,4908.29029007342,6.285197211758026e-06,4.9783730848356126e-05,4.9783730848356126e-05,4.974333388992045e-10,0.03142598605879013
6.206250000000001,4909.712661502574,6.1877169673240616e-06,4.9980473855731704e-05,4.9980473855731704e-05,4.994842966934192e-10,0.03093858483662031
6.2125,4911.155746652461,6.088817136897783e-06,5.0175707074395006e-05,5.0175707074395006e-05,5.015024735154061e-10,0.030444085684488916
6.21875,4912.618786899399,5.98854971169235e-06,5.036941532308765e-05,5.036941532308765e-05,5.034874160672546e-10,0.02994274855846175
6.2250000000000005,4914.101020542795,5.886966893797967e-06,5.056158313601215e-05,5.056158313601215e-05,5.054386883537665e-10,0.029434834468989833
6.23125,4915.601683841902,5.784121025124618e-06,5.0752194747146196e-05,5.0752194747146196e-05,5.07355871728799e-10,0.02892060512562309
6.237500000000001,4917.120012031583,5.680064517782658e-06,5.094123407422935e-05,5.094123407422935e-05,5.09238564918534e-10,0.028400322588913292
6.24375,4918.6552403147825,5.574849786079505e-06,5.1128684702413476e-05,5.1128684702413476e-05,5.110863840222058e-10,0.027874248930397527
6.25,4920.206604828362,5.468529180299242e-06,5.1314529867569346e-05,5.1314529867569346e-05,5.128989624908805e-10,0.02734264590149621
6.2562500000000005,4921.773343581641,5.36115492241998e-06,5.1498752439242194e-05,5.1498752439242194e-05,5.14675951084928e-10,0.026805774612099903
6.2625,4923.354697363626,5.252779043911332e-06,5.168133490325e-05,5.168133490325e-05,5.164170178108769e-10,0.02626389521955666
6.268750000000001,4924.9499106184,5.143453325741595e-06,5.186225934391956e-05,5.186225934391956e-05,5.18121847838384e-10,0.025717266628707977
6.275,4926.558232286668,5.033229240711251e-06,5.204150742595574e-05,5.204150742595574e-05,5.197901433980902e-10,0.025166146203556252
6.28125,4928.178916611805,4.922157898216052e-06,5.2219060375941506e-05,5.2219060375941506e-05,5.214216236611681e-10,0.02461078949108026
6.2875000000000005,4929.811223908887,4.8102899915297684e-06,5.2394898963466974e-05,5.2394898963466974e-05,5.230160246013952e-10,0.02405144995764884
6.29375,4931.454421296182,4.697675747683244e-06,5.2569003481887655e-05,5.2569003481887655e-05,5.245730988406151e-10,0.02348837873841622
6.300000000000001,4933.107783387512,4.584364880003271e-06,5.274135372871376e-05,5.274135372871376e-05,5.260926154784669e-10,0.022921824400016354
6.30625,4934.770592945466,4.470406543361617e-06,5.291192898563437e-05,5.291192898563437e-05,5.275743599072817e-10,0.022352032716808086
6.3125,4936.442141494017,4.355849292171714e-06,5.308070799818214e-05,5.308070799818214e-05,5.290181336130572e-10,0.021779246460858572
6.3187500000000005,4938.121729891209,4.240741041157971e-06,5.324766895504695e-05,5.324766895504695e-05,5.304237539634286e-10,0.021203705205789854
6.325,4939.8086688606645,4.125129028910412e-06,5.341278946704903e-05,5.341278946704903e-05,5.317910539835592e-10,0.02062564514455206
6.331250000000001,4941.502279483054,4.009059784225639e-06,5.357604654578521e-05,5.357604654578521e-05,5.331198821208756e-10,0.020045298921128194
6.3375,4943.201893646383,3.892579095223739e-06,5.373741658196436e-05,5.373741658196436e-05,5.344101019995651e-10,0.019462895476118697
6.34375,4944.906854456704,3.775731981220029e-06,5.389687532345188e-05,5.389687532345188e-05,5.356615921657512e-10,0.018878659906100145
6.3500000000000005,4946.6165166085975,3.658562667320296e-06,5.405439785304617e-05,5.405439785304617e-05,5.368742458242472e-10,0.01829281333660148
6.35625,4948.33024671685,3.541114561698604e-06,5.4209958566013744e-05,5.4209958566013744e-05,5.380479705677795e-10,0.017705572808493022
6.362500000000001,4950.047423609562,3.4234302355077753e-06,5.43635311474135e-05,5.43635311474135e-05,5.391826880995514e-10,0.017117151177538877
6.36875,4951.7674385835835,3.305551405364313e-06,5.451508854924505e-05,5.451508854924505e-05,5.402783339500016e-10,0.016527757026821566
6.375,4953.489695623754,3.1875189183419842e-06,5.4664602967460043e-05,5.4664602967460043e-05,5.41334857188589e-10,0.01593759459170992
6.3812500000000005,4955.213611586066,3.0693727394013065e-06,5.481204581888043e-05,5.481204581888043e-05,5.423522201314108e-10,0.015346863697006533
6.3875,4956.938616346909,2.9511519411759794e-06,5.495738771807227e-05,5.495738771807227e-05,5.433303980454346e-10,0.014755759705879896
6.393750000000001,4958.664152918539,2.8328946960317763e-06,5.5100598454228804e-05,5.5100598454228804e-05,5.442693788500994e-10,0.014164473480158882
6.4,4960.3896775337025,2.714638270308695e-06,5.524164696812205e-05,5.524164696812205e-05,5.451691628170074e-10,0.013573191351543475
6.40625,4962.114659698726,2.596419020652934e-06,5.538050132918756e-05,5.538050132918756e-05,5.460297622684005e-10,0.01298209510326467
6.4125000000000005,4963.83858221794,2.4782723923419183e-06,5.551712871281282e-05,5.551712871281282e-05,5.468512012750813e-10,0.01239136196170959
6.41875,4965.560941190854,2.3602329195029046e-06,5.5651495377905796e-05,5.5651495377905796e-05,5.476335153544064e-10,0.011801164597514523
6.425000000000001,4967.281245982391,2.2423342271234604e-06,5.5783566644826246e-05,5.5783566644826246e-05,5.483767511689465e-10,0.011211671135617302
6.43125,4968.999019169093,2.1246090347507853e-06,5.591330687376871e-05,5.591330687376871e-05,5.490809662263727e-10,0.010623045173753927
6.4375,4970.713796462191,2.007089161775936e-06,5.604067944369254e-05,5.604067944369254e-05,5.497462285810935e-10,0.01003544580887968
6.4437500000000005,4972.425126608523,1.8898055341986509e-06,5.616564673190087e-05,5.616564673190087e-05,5.503726165381352e-10,0.009449027670993254
6.45,4974.132571272177,1.772788192768866e-06,5.62881700943772e-05,5.62881700943772e-05,5.509602183597201e-10,0.00886394096384433
6.456250000000001,4975.835704896638,1.6560663024015987e-06,5.640820984699464e-05,5.640820984699464e-05,5.515091319749651e-10,0.008280331512007993
6.4625,4977.534114550709,1.5396681627632849e-06,5.652572524771997e-05,5.652572524771997e-05,5.520194646930903e-10,0.0076983408138164245
6.46875,4979.227399758344,1.4236212199291558e-06,5.664067447994089e-05,5.664067447994089e-05,5.524913329204901e-10,0.0071181060996457785
6.4750000000000005,4980.915172313959,1.3079520790133934e-06,5.675301463705185e-05,5.675301463705185e-05,5.529248618819921e-10,0.006539760395066967
6.48125,4982.597056086059,1.1926865176762473e-06,5.686270170844006e-05,5.686270170844006e-05,5.533201853465914e-10,0.005963432588381236
6.487500000000001,4984.272686808089,1.0778495004149314e-06,5.6969690567019654e-05,5.6969690567019654e-05,5.536774453579235e-10,0.005389247502074657
6.49375,4985.941711860078,9.63465193548267e-07,5.707393495846828e-05,5.707393495846828e-05,5.539967919697026e-10,0.004817325967741336
6.5,4987.603790041018,8.495569808082526e-07,5.717538749232604e-05,5.717538749232604e-05,5.542783829863278e-10,0.004247784904041263
6.5062500000000005,4989.2585913339435,7.361474794552492e-07,5.727399963512226e-05,5.727399963512226e-05,5.545223837088322e-10,0.003680737397276246
6.5125,4990.9057966639275,6.232585568371033e-07,5.736972170570088e-05,5.736972170570088e-05,5.547289666863191e-10,0.0031162927841855165
6.518750000000001,4992.545097651552,5.109113473164052e-07,5.746250287291978e-05,5.746250287291978e-05,5.548983114730094e-10,0.0025545567365820258
6.525,4994.176196361057,3.9912626949389577e-07,5.7552291155903736e-05,5.7552291155903736e-05,5.550306043909979e-10,0.001995631347469479
6.53125,4995.798805046302,2.8792304366014564e-07,5.763903342703424e-05,5.763903342703424e-05,5.551260382987942e-10,0.0014396152183007282
6.5375000000000005,4997.412645893205,1.7732070941152652e-07,5.772267541786234e-05,5.772267541786234e-05,5.551848123657019e-10,0.0008866035470576326
6.54375,4999.017450761534,6.733764337069495e-08,5.7803161728133315e-05,5.7803161728133315e-05,5.552071318520721e-10,0.00033668821685347477
6.550000000000001,5000.612960925237,-4.20084230442702e-08,5.788043583811309e-05,5.788043583811309e-05,5.551932078954464e-10,-0.00021004211522135098
6.55625,5002.198926813832,-1.5070038585377537e-07,5.795444012440739e-05,5.795444012440739e-05,5.55143257302588e-10,-0.0007535019292688769
6.5625,5003.775107753169,-2.587217508015663e-07,5.802511587946421e-05,5.802511587946421e-05,5.550575023473853e-10,-0.0012936087540078316
6.5687500000000005,5005.34127170899,-3.6605661573435786e-07,5.809240333494902e-05,5.809240333494902e-05,5.54936170574596e-10,-0.0018302830786717894
6.575,5006.897195031278,-4.726896531164133e-07,5.8156241689180215e-05,5.8156241689180215e-05,5.547794946093857e-10,-0.0023634482655820665
6.581250000000001,5008.442662201952,-5.786060927154336e-07,5.821656913880864e-05,5.821656913880864e-05,5.545877119726068e-10,-0.002893030463577168
6.5875,5009.977465585194,-6.837917044926032e-07,5.8273322914920914e-05,5.8273322914920914e-05,5.543610649017478e-10,-0.003418958522463016
6.59375,5011.50140518084,-7.882327817262015e-07,5.8326439323740476e-05,5.8326439323740476e-05,5.540998001774765e-10,-0.003941163908631007
6.6000000000000005,5013.014288382477,-8.919161243947926e-07,5.837585379209364e-05,5.837585379209364e-05,5.538041689556909e-10,-0.004459580621973963
6.60625,5014.5159297385835,-9.9482902284297e-07,5.842150091779929e-05,5.842150091779929e-05,5.534744266049847e-10,-0.0049741451142148495
6.612500000000001,5016.006150718947,-1.096959241749538e-06,5.846331452513197e-05,5.846331452513197e-05,5.531108325494254e-10,-0.00548479620874769
6.61875,5017.484779485274,-1.1982950044152008e-06,5.85012277254968e-05,5.85012277254968e-05,5.527136501165423e-10,-0.005991475022076004
6.625,5018.951650666786,-1.298824977384168e-06,5.8535172983442276e-05,5.8535172983442276e-05,5.522831463904097e-10,-0.00649412488692084
6.6312500000000005,5020.406605140882,-1.398538255411569e-06,5.856508218812401e-05,5.856508218812401e-05,5.518195920697142e-10,-0.006992691277057845
6.6375,5021.849489819001,-1.4974243467861726e-06,5.859088673031652e-05,5.859088673031652e-05,5.513232613306862e-10,-0.007487121733930863
6.643750000000001,5023.280157437772,-1.5954731590158096e-06,5.861251758505411e-05,5.861251758505411e-05,5.507944316947763e-10,-0.007977365795079048
6.65,5024.698466355401,-1.6926749848808082e-06,5.862990539996389e-05,5.862990539996389e-05,5.502333839009541e-10,-0.00846337492440404
6.65625,5026.104280353757,-1.7890204888589252e-06,5.864298058933457e-05,5.864298058933457e-05,5.49640401782507e-10,-0.008945102444294625
6.6625000000000005,5027.497468445568,-1.8845006939235518e-06,5.865167343394392e-05,5.865167343394392e-05,5.490157721482144e-10,-0.009422503469617758
6.66875,5028.877904687442,-1.979106968715406e-06,5.8655914186645757e-05,5.8655914186645757e-05,5.483597846677743e-10,-0.009895534843577029
6.675000000000001,5030.245467997966,-2.072831015086541e-06,5.8655633183694136e-05,5.8655633183694136e-05,5.47672731761358e-10,-0.010364155075432705
6.68125,5031.600041981248,-2.165664856014243e-06,5.8650760961757646e-05,5.8650760961757646e-05,5.469549084931712e-10,-0.010828324280071217
6.6875,5032.94151475622,-2.2576008238811975e-06,5.8641228380551195e-05,5.8641228380551195e-05,5.462066124688999e-10,-0.011288004119405988
6.6937500000000005,5034.269778790674,-2.348631549117402e-06,5.862696675098599e-05,5.862696675098599e-05,5.454281437369205e-10,-0.01174315774558701
6.7,5035.584730740844,-2.438749949198361e-06,5.860790796871044e-05,5.860790796871044e-05,5.446198046931565e-10,-0.012193749745991805
6.706250000000001,5036.8862712958,-2.527949217993354e-06,5.858398465288674e-05,5.858398465288674e-05,5.437818999894666e-10,-0.01263974608996677
6.7125,5038.174305027232,-2.616222815456888e-06,5.855513029001779e-05,5.855513029001779e-05,5.429147364454488e-10,-0.01308111407728444
6.71875,5039.448740243994,-2.7035644576559258e-06,5.8521279382610374e-05,5.8521279382610374e-05,5.420186229635503e-10,-0.013517822288279628
6.7250000000000005,5040.709488850972,-2.78996810712503e-06,5.848236760242901e-05,5.848236760242901e-05,5.410938704473742e-10,-0.01394984053562515
6.73125,5041.956466213548,-2.875427963541099e-06,5.843833194806538e-05,5.843833194806538e-05,5.401407917230774e-10,-0.014377139817705494
6.737500000000001,5043.189591025651,-2.9599384547091963e-06,5.83891109065168e-05,5.83891109065168e-05,5.391597014637556e-10,-0.01479969227354598
6.74375,5044.408785182909,-3.0434942278506444e-06,5.8334644618436864e-05,5.8334644618436864e-05,5.381509161167172e-10,-0.015217471139253222
6.75,5045.613973659542,-3.1260901411844827e-06,5.827487504669095e-05,5.827487504669095e-05,5.37114753833546e-10,-0.015630450705922415
6.7562500000000005,5046.8050843899555,-3.2077212557932145e-06,5.820974614781901e-05,5.820974614781901e-05,5.360515344028611e-10,-0.016038606278966073
6.7625,5047.98204815392,-3.2883828277637736e-06,5.813920404597889e-05,5.813920404597889e-05,5.349615791856818e-10,-0.016441914138818868
6.768750000000001,5049.144798465813,-3.368070300594639e-06,5.806319720891455e-05,5.806319720891455e-05,5.338452110533084e-10,-0.016840351502973194
6.775,5050.293271467472,-3.4467792978600696e-06,5.798167662546633e-05,5.798167662546633e-05,5.327027543276348e-10,-0.01723389648930035
6.78125,5051.427405825021,-3.5245056161224745e-06,5.789459598411333e-05,5.789459598411333e-05,5.315345347238113e-10,-0.017622528080612373
6.7875000000000005,5052.5471426286185,-3.601245218084149e-06,5.780191185201378e-05,5.780191185201378e-05,5.303408792951756e-10,-0.018006226090420747
6.79375,5053.65242529621,-3.676994225969631e-06,5.770358385398502e-05,5.770358385398502e-05,5.291221163803786e-10,-0.018384971129848156
6.800000000000001,5054.743199479962,-3.751748915130201e-06,5.759957485084393e-05,5.759957485084393e-05,5.278785755526295e-10,-0.018758744575651003
6.80625,5055.819412976339,-3.825505707862196e-06,5.748985111650843e-05,5.748985111650843e-05,5.266105875709903e-10,-0.019127528539310983
6.8125,5056.881015638553,-3.898261167431015e-06,5.737438251324383e-05,5.737438251324383e-05,5.253184843336496e-10,-0.019491305837155075
6.8187500000000005,5057.927959292624,-3.970011992292899e-06,5.725314266442243e-05,5.725314266442243e-05,5.240025988331143e-10,-0.019850059961464498
6.825,5058.960197655415,-4.0407550105069e-06,5.712610912415266e-05,5.712610912415266e-05,5.226632651132503e-10,-0.020203775052534498
6.831250000000001,5059.977686256234,-4.110487174329481e-06,5.699326354312423e-05,5.699326354312423e-05,5.213008182281181e-10,-0.020552435871647404
6.8375,5060.9803823601505,-4.1792055549847116e-06,5.685459183000895e-05,5.685459183000895e-05,5.19915594202539e-10,-0.020896027774923557
6.84375,5061.968244894345,-4.246907337603028e-06,5.671008430775326e-05,5.671008430775326e-05,5.185079299943405e-10,-0.02123453668801514
6.8500000000000005,5062.94123437655,-4.313589816321925e-06,5.6559735864097716e-05,5.6559735864097716e-05,5.170781634582256e-10,-0.021567949081609625
6.85625,5063.899312845792,-4.3792503895421435e-06,5.640354609566126e-05,5.640354609566126e-05,5.156266333112136e-10,-0.021896251947710717
6.862500000000001,5064.842443795551,-4.443886555333166e-06,5.6241519444934487e-05,5.6241519444934487e-05,5.141536790996043e-10,-0.022219432776665833
6.86875,5065.770592108458,-4.507495906982123e-06,5.6073665329534755e-05,5.6073665329534755e-05,5.126596411674179e-10,-0.022537479534910615
6.875,5066.6837239937,-4.570076128680371e-06,5.589999826308958e-05,5.589999826308958e-05,5.111448606262638e-10,-0.022850380643401856
6.8812500000000005,5067.581806925888,-4.631624991342353e-06,5.5720537967130514e-05,5.5720537967130514e-05,5.096096793265961e-10,-0.023158124956711768
6.8875,5068.464809585746,-4.69214034855151e-06,5.55353094733997e-05,5.55353094733997e-05,5.080544398303118e-10,-0.023460701742757547
6.893750000000001,5069.332701803021,-4.7516201326282335e-06,5.534434321599472e-05,5.534434321599472e-05,5.064794853846537e-10,-0.023758100663141168
6.9,5070.185454500642,-4.810062350815158e-06,5.514767511280361e-05,5.514767511280361e-05,5.048851598973765e-10,-0.02405031175407579
6.90625,5071.023039640746,-4.867465081575203e-06,5.494534663571253e-05,5.494534663571253e-05,5.032718079131403e-10,-0.024337325407876018
6.9125000000000005,5071.8454301721795,-4.923826470998081e-06,5.4737404869101327e-05,5.4737404869101327e-05,5.016397745910956e-10,-0.024619132354990404
6.91875,5072.652599979638,-4.979144729311098e-06,5.452390255617924e-05,5.452390255617924e-05,4.999894056836244e-10,-0.024895723646555488
6.925000000000001,5073.444523834422,-5.033418127490339e-06,5.4304898132752015e-05,5.4304898132752015e-05,4.983210475162045e-10,-0.025167090637451695
6.93125,5074.221177345926,-5.086644993968556e-06,5.4080455748054385e-05,5.4080455748054385e-05,4.966350469683653e-10,-0.02543322496984278
6.9375,5074.982536915431,-5.138823711436075e-06,5.385064527232685e-05,5.385064527232685e-05,4.949317514557035e-10,-0.025694118557180377
6.9437500000000005,5075.728579690442,-5.189952713731493e-06,5.361554229086302e-05,5.361554229086302e-05,4.932115089129299e-10,-0.025949763568657462
6.95,5076.4592835207395,-5.240030482818859e-06,5.337522808430379e-05,5.337522808430379e-05,4.914746677779179e-10,-0.026200152414094294
6.956250000000001,5077.174626915412,-5.289055545848352e-06,5.31297895950061e-05,5.31297895950061e-05,4.897215769767265e-10,-0.026445277729241757
6.9625,5077.87458900115,-5.337026472297551e-06,5.2879319379367896e-05,5.2879319379367896e-05,4.879525859095701e-10,-0.026685132361487757
6.96875,5078.559149481719,-5.38394187119059e-06,5.262391554604533e-05,5.262391554604533e-05,4.861680444377108e-10,-0.02691970935595295
6.9750000000000005,5079.22828859834,-5.429800388392624e-06,5.2363681680055035e-05,5.2363681680055035e-05,4.843683028712474e-10,-0.027149001941963118
6.98125,5079.88198709155,-5.474600703977148e-06,5.209872675281069e-05,5.209872675281069e-05,4.825537119577767e-10,-0.02737300351988574
6.987500000000001,5080.520226163586,-5.518341529663914e-06,5.182916501820102e-05,5.182916501820102e-05,4.807246228719039e-10,-0.02759170764831957
6.99375,5081.14298744196,-5.5610216063252924e-06,5.155511589487393e-05,5.155511589487393e-05,4.7888138720558e-10,-0.027805108031626464
7.0,5081.750252944191,-5.60263970155901e-06,5.1276703834949336e-05,5.1276703834949336e-05,4.770243569592437e-10,-0.02801319850779505
7.0062500000000005,5082.34200504342,-5.643194607325423e-06,5.099405817944031e-05,5.099405817944031e-05,4.75153884533746e-10,-0.028215973036627116
7.0125,5082.918226434473,-5.682685137647537e-06,5.070731300071858e-05,5.070731300071858e-05,4.732703227230373e-10,-0.028413425688237685
7.018750000000001,5083.478900101719,-5.721110126372125e-06,5.0416606932416176e-05,5.0416606932416176e-05,4.713740247075969e-10,-0.028605550631860627
7.025,5084.024009286743,-5.7584684249904465e-06,5.01220829872083e-05,5.01220829872083e-05,4.694653440485847e-10,-0.02879234212495223
7.03125,5084.553537457725,-5.794758900517135e-06,4.982388836297524e-05,4.982388836297524e-05,4.675446346826956e-10,-0.028973794502585675
7.0375000000000005,5085.06746827918,-5.829980433425991e-06,4.9522174237891074e-05,4.9522174237891074e-05,4.656122509176985e-10,-0.029149902167129958
7.04375,5085.565785582865,-5.864131915641513e-06,4.9217095555034425e-05,4.9217095555034425e-05,4.6366854742864105e-10,-0.029320659578207568
7.050000000000001,5086.048473338904,-5.897212248585105e-06,4.8908810797162015e-05,4.8908810797162015e-05,4.6171387925470155e-10,-0.029486061242925528
7.05625,5086.515515628465,-5.9292203412750484e-06,4.859748175232764e-05,4.859748175232764e-05,4.597486017966712e-10,-0.02964610170637524
7.0625,5086.966896616378,-5.960155108479427e-06,4.8283273271068383e-05,4.8283273271068383e-05,4.5777307081504803e-10,-0.029800775542397136
7.0687500000000005,5087.402600525506,-5.990015468921253e-06,4.796635301591513e-05,4.796635301591513e-05,4.557876424287262e-10,-0.029950077344606266
7.075,5087.822611610626,-6.01880034353532e-06,4.7646891204016906e-05,4.7646891204016906e-05,4.537926731142629e-10,-0.030094001717676597
7.081250000000001,5088.226914134315,-6.046508653776225e-06,4.732506034369616e-05,4.732506034369616e-05,4.5178851970570586e-10,-0.030232543268881123
7.0875,5088.61549234282,-6.073139319977276e-06,4.700103496577661e-05,4.700103496577661e-05,4.4977553939496526e-10,-0.030365696599886378
7.09375,5088.9883304426685,-6.098691259760078e-06,4.667499135054524e-05,4.667499135054524e-05,4.477540897327124e-10,-0.03049345629880039
7.1000000000000005,5089.34541257839,-6.123163386494713e-06,4.634710725122566e-05,4.634710725122566e-05,4.4572452862978886e-10,-0.030615816932473564
7.10625,5089.6867228109495,-6.146554607810511e-06,4.6017561614851883e-05,4.6017561614851883e-05,4.436872143591094e-10,-0.030732773039052558
7.112500000000001,5090.012245096215,-6.168863824157725e-06,4.568653430143837e-05,4.568653430143837e-05,4.4164250555804146e-10,-0.030844319120788624
7.11875,5090.321963265395,-6.190089927420246e-06,4.535420580234513e-05,4.535420580234513e-05,4.3959076123124454e-10,-0.03095044963710123
7.125,5090.6158610049,-6.210231799580029e-06,4.5020756958734964e-05,4.5020756958734964e-05,4.3753234075395235e-10,-0.031051158997900143
7.1312500000000005,5090.893921838246,-6.2292883114336456e-06,4.4686368681014e-05,4.4686368681014e-05,4.3546760387568006e-10,-0.03114644155716823
7.1375,5091.156129107557,-6.247258321361887e-06,4.435122167013624e-05,4.435122167013624e-05,4.333969107243399e-10,-0.031236291606809435
7.143750000000001,5091.402465956706,-6.264140674153248e-06,4.401549614163859e-05,4.401549614163859e-05,4.31320621810746e-10,-0.03132070337076624
7.15,5091.632915314863,-6.2799341998823854e-06,4.3679371553254004e-05,4.3679371553254004e-05,4.2923909803349186e-10,-0.031399670999411926
7.15625,5091.847459880954,-6.294637712844867e-06,4.3343026336927974e-05,4.3343026336927974e-05,4.2715270068418006e-10,-0.03147318856422434
7.1625000000000005,5092.046082109,-6.308250010549546e-06,4.300663763603741e-05,4.300663763603741e-05,4.2506179145298647e-10,-0.03154125005274773
7.16875,5092.228764194236,-6.320769872770274e-06,4.2670381048580794e-05,4.2670381048580794e-05,4.229667324345386e-10,-0.03160384936385137
7.175000000000001,5092.395488060079,-6.332196060658691e-06,4.2334430377075454e-05,4.2334430377075454e-05,4.2086788613408804e-10,-0.03166098030329345
7.18125,5092.546235346326,-6.34252731592011e-06,4.199895738586128e-05,4.199895738586128e-05,4.1876561547395614e-10,-0.03171263657960055
7.1875,5092.680987397891,-6.3517623600547215e-06,4.166413156647091e-05,4.166413156647091e-05,4.1666028380023104e-10,-0.03175881180027361
7.1937500000000005,5092.79972525477,-6.359899893666519e-06,4.133011991168443e-05,4.133011991168443e-05,4.145522548896939e-10,-0.03179949946833259
7.2,5092.902429643094,-6.3669385958425686e-06,4.099708669884233e-05,4.099708669884233e-05,4.124418929569508e-10,-0.03183469297921284
7.206250000000001,5092.989080966828,-6.372877123605541e-06,4.0665193282944206e-05,4.0665193282944206e-05,4.1032956266174605e-10,-0.03186438561802771
7.2125,5093.059659301359,-6.377714111442552e-06,4.03345979000123e-05,4.03345979000123e-05,4.082156291164319e-10,-0.03188857055721276
7.21875,5093.114144387426,-6.381448170913681e-06,4.000545548114953e-05,4.000545548114953e-05,4.0610045789356777e-10,-0.031907240854568406
7.2250000000000005,5093.1525156267,-6.3840778903437815e-06,3.9677917477671025e-05,3.9677917477671025e-05,4.039844150336216e-10,-0.031920389451718906
7.23125,5093.17475207868,-6.385601834601405e-06,3.93521316976362e-05,3.93521316976362e-05,4.018678670527448e-10,-0.031928009173007026
7.237500000000001,5093.180832458556,-6.386018544969009e-06,3.902824215405663e-05,3.902824215405663e-05,3.997511809505898e-10,-0.031930092724845045
7.24375,5093.17073513715,-6.385326539108776e-06,3.8706388925002465e-05,3.8706388925002465e-05,3.9763472421813933e-10,-0.03192663269554388
7.25,5093.144438141229,-6.383524311128824e-06,3.838670802577779e-05,3.838670802577779e-05,3.9551886484551353e-10,-0.03191762155564412
7.2562500000000005,5093.101919156685,-6.380610331754662e-06,3.806933129328358e-05,3.806933129328358e-05,3.934039713297201e-10,-0.03190305165877331
7.2625,5093.043155532157,-6.3765830486112516e-06,3.775438628263549e-05,3.775438628263549e-05,3.9129041268231126e-10,-0.03188291524305626
7.268750000000001,5092.968124285157,-6.37144088662114e-06,3.7441996176053556e-05,3.7441996176053556e-05,3.891785584369086e-10,-0.031857204433105704
7.275,5092.876802109394,-6.365182248524616e-06,3.713227970399166e-05,3.713227970399166e-05,3.870687786565555e-10,-0.03182591124262308
7.28125,5092.769165384517,-6.357805515527983e-06,3.682535107842705e-05,3.682535107842705e-05,3.849614439408547e-10,-0.03178902757763991
7.2875000000000005,5092.645190187183,-6.349309048086465e-06,3.652131993818412e-05,3.652131993818412e-05,3.828569254328464e-10,-0.03174654524043233
7.29375,5092.504852304965,-6.339691186828516e-06,3.622029130612266e-05,3.622029130612266e-05,3.8075559482558e-10,-0.031698455934142576
7.300000000000001,5092.348127251634,-6.328950253628643e-06,3.5922365557978866e-05,3.5922365557978866e-05,3.786578243683301e-10,-0.031644751268143215
7.30625,5092.174990285345,-6.317084552836148e-06,3.562763840260742e-05,3.562763840260742e-05,3.765639868724054e-10,-0.03158542276418074
7.3125,5091.985416428801,-6.304092372667494e-06,3.5336200873336e-05,3.5336200873336e-05,3.7447445571649624e-10,-0.03152046186333747
7.3187500000000005,5091.779380492121,-6.289971986770342e-06,3.5048139330108656e-05,3.5048139330108656e-05,3.723896048515031e-10,-0.031449859933851715
7.325,5091.556857098316,-6.274721655967543e-06,3.476353547206241e-05,3.476353547206241e-05,3.7030980880478773e-10,-0.03137360827983771
7.331250000000001,5091.317820711527,-6.258339630189721e-06,3.44824663601524e-05,3.44824663601524e-05,3.6823544268378353e-10,-0.03129169815094861
7.3375,5091.062245667815,-6.240824150605338e-06,3.4205004449414255e-05,3.4205004449414255e-05,3.6616688217889956e-10,-0.03120412075302669
7.34375,5090.790106209721,-6.222173451957376e-06,3.3931217630428934e-05,3.3931217630428934e-05,3.641045035656505e-10,-0.03111086725978688
7.3500000000000005,5090.501376523308,-6.202385765116036e-06,3.366116927953476e-05,3.366116927953476e-05,3.620486837059403e-10,-0.031011928825580178
7.35625,5090.196030778369,-6.181459319857217e-06,3.339491831731368e-05,3.339491831731368e-05,3.5999980004842474e-10,-0.030907296599286087
7.362500000000001,5089.874043173022,-6.159392347876449e-06,3.3132519274864035e-05,3.3132519274864035e-05,3.5795823062787537e-10,-0.030796961739382244
7.36875,5089.535387980828,-6.136183086048533e-06,3.287402236736047e-05,3.287402236736047e-05,3.5592435406346266e-10,-0.030680915430242664
7.375,5089.180039602185,-6.111829779943034e-06,3.2619473574392436e-05,3.2619473574392436e-05,3.538985495558741e-10,-0.03055914889971517
7.3812500000000005,5088.807972619518,-6.086330687606009e-06,3.2368914726566986e-05,3.2368914726566986e-05,3.518811968831788e-10,-0.030431653438030046
7.3875,5088.419161856754,-6.0596840836184905e-06,3.2122383597857744e-05,3.2122383597857744e-05,3.4987267639534686e-10,-0.030298420418092453
7.393750000000001,5088.013582442202,-6.0318882634423216e-06,3.1879914003181386e-05,3.1879914003181386e-05,3.478733690073283e-10,-0.030159441317211606
7.4,5087.591209876715,-6.002941548063913e-06,3.164153590068466e-05,3.164153590068466e-05,3.4588365619059274e-10,-0.030014707740319564
7.40625,5087.152020105976,-5.972842288946561e-06,3.140727549822914e-05,3.140727549822914e-05,3.439039199630278e-10,-0.029864211444732804
7.4125000000000005,5086.695989597072,-5.941588873301955e-06,3.11771553635672e-05,3.11771553635672e-05,3.419345428770898e-10,-0.029707944366509777
7.41875,5086.22309542055,-5.9091797296912786e-06,3.095119453771148e-05,3.095119453771148e-05,3.3997590800609853e-10,-0.029545898648456394
7.425000000000001,5085.73331533708,-5.875613333966324e-06,3.0729408651010366e-05,3.0729408651010366e-05,3.3802839892856213e-10,-0.029378066669831622
7.43125,5085.226627888952,-5.840888215560755e-06,3.0511810041454686e-05,3.0511810041454686e-05,3.360923997104173e-10,-0.029204441077803775
7.4375,5084.703012497503,-5.805002964141417e-06,3.0298407874754713e-05,3.0298407874754713e-05,3.3416829488506465e-10,-0.029025014820707084
7.4437500000000005,5084.162449565362,-5.767956236629288e-06,3.0089208265742176e-05,3.0089208265742176e-05,3.322564694310766e-10,-0.028839781183146437
7.45,5083.604920584444,-5.729746764599301e-06,2.9884214400668982e-05,2.9884214400668982e-05,3.3035730874745323e-10,-0.028648733822996507
7.456250000000001,5083.030408249583,-5.690373362067789e-06,2.9683426659992493e-05,2.9683426659992493e-05,3.284711986262963e-10,-0.028451866810338945
7.4625,5082.438896578049,-5.6498349336758e-06,2.9486842741256305e-05,2.9486842741256305e-05,3.2659852522277125e-10,-0.028249174668379
7.46875,5081.830371034632,-5.608130483275988e-06,2.929445778169563e-05,2.929445778169563e-05,3.247396750222228e-10,-0.02804065241637994
7.4750000000000005,5081.20481866305,-5.5652591229300325e-06,2.9106264480217006e-05,2.9106264480217006e-05,3.2289503480430835e-10,-0.02782629561465016
7.48125,5080.562228223418,-5.521220082322833e-06,2.8922253218423567e-05,2.8922253218423567e-05,3.2106499160401123e-10,-0.027606100411614164
7.487500000000001,5079.902590335567,-5.476012718598966e-06,2.874241218037859e-05,2.874241218037859e-05,3.192499326693932e-10,-0.02738006359299483
7.49375,5079.2258976288185,-5.429636526625858e-06,2.8566727470822247e-05,2.8566727470822247e-05,3.174502454159454e-10,-0.02714818263312929
7.5,5078.532144898319,-5.382091149687172e-06,2.839518323157836e-05,2.839518323157836e-05,3.1566631737739487e-10,-0.02691045574843586
7.5062500000000005,5077.821329266958,-5.333376390608937e-06,2.8227761755910336e-05,2.8227761755910336e-05,3.1389853615282307e-10,-0.026666881953044685
7.5125,5077.093450354361,-5.2834922233195785e-06,2.806444360060707e-05,2.806444360060707e-05,3.121472893499532e-10,-0.02641746111659789
7.518750000000001,5076.348510451653,-5.232438804843898e-06,2.790520769560162e-05,2.790520769560162e-05,3.104129645244616e-10,-0.02616219402421949
7.525,5075.586514703097,-5.180216487729649e-06,2.7750031450946635e-05,2.7750031450946635e-05,3.0869594911517036e-10,-0.025901082438648245
7.53125,5074.807471293302,-5.1268258329039115e-06,2.7598890860991454e-05,2.7598890860991454e-05,3.0699663037497876e-10,-0.025634129164519556
7.5375000000000005,5074.011391641386,-5.0722676229549655e-06,2.7451760605626153e-05,2.7451760605626153e-05,3.053153952973923e-10,-0.025361338114774826
7.54375,5073.198290600637,-5.016542875833711e-06,2.7308614148477442e-05,2.7308614148477442e-05,3.0365263053851026e-10,-0.025082714379168553
7.550000000000001,5072.368186664567,-4.959652858967032e-06,2.7169423831960532e-05,2.7169423831960532e-05,3.020087223343352e-10,-0.02479826429483516
7.55625,5071.521102178647,-4.901599103773706e-06,2.703416096910914e-05,2.703416096910914e-05,3.003840564132713e-10,-0.02450799551886853
7.5625,5070.657063557943,-4.842383420571548e-06,2.6902795932123264e-05,2.6902795932123264e-05,2.9877901790368155e-10,-0.024211917102857743
7.5687500000000005,5069.776101510033,-4.782007913862655e-06,2.6775298237591118e-05,2.6775298237591118e-05,2.971939912363784e-10,-0.023910039569313275
7.575,5068.878251263466,-4.720474997981479e-06,2.6651636628357036e-05,2.6651636628357036e-05,2.9562936004192796e-10,-0.023602374989907395
7.581250000000001,5067.963552800897,-4.6577874130885205e-06,2.6531779152022124e-05,2.6531779152022124e-05,2.9408550704265283e-10,-0.023288937065442602
7.5875,5067.032051097428,-4.59394824149018e-06,2.6415693236078104e-05,2.6415693236078104e-05,2.9256281393922575e-10,-0.0229697412074509
7.59375,5066.083796363164,-4.528960924263162e-06,2.6303345759687715e-05,2.6303345759687715e-05,2.9106166129175293e-10,-0.02264480462131581
7.6000000000000005,5065.118844289746,-4.462829278159678e-06,2.619470312213689e-05,2.619470312213689e-05,2.895824283952539e-10,-0.02231414639079839
7.60625,5064.137256300931,-4.39555751276724e-06,2.6089731307994824e-05,2.6089731307994824e-05,2.88125493149454e-10,-0.0219777875638362
7.612500000000001,5063.139099806083,-4.327150247894729e-06,2.5988395949028165e-05,2.5988395949028165e-05,2.866912319228136e-10,-0.021635751239473644
7.61875,5062.1244484568315,-4.257612531153957e-06,2.5890662382924302e-05,2.5890662382924302e-05,2.852800194107306e-10,-0.021288062655769786
7.625,5061.093382405908,-4.18694985570367e-06,2.5796495708887097e-05,2.5796495708887097e-05,2.8389222848786054e-10,-0.02093474927851835
7.6312500000000005,5060.045988568062,-4.115168178120584e-06,2.5705860840175468e-05,2.5705860840175468e-05,2.8252823005451423e-10,-0.02057584089060292
7.6375,5058.982360881918,-4.042273936359735e-06,2.5618722553661578e-05,2.5618722553661578e-05,2.811883928771016e-10,-0.020211369681798673
7.643750000000001,5057.902600572904,-3.968274067764086e-06,2.553504553649086e-05,2.553504553649086e-05,2.798730834226066e-10,-0.01984137033882043
7.65,5056.8068164160995,-3.893176027081096e-06,2.5454794429930796e-05,2.5454794429930796e-05,2.785826656870901e-10,-0.019465880135405476
7.65625,5055.695124998495,-3.816987804441706e-06,2.5377933870499297e-05,2.5377933870499297e-05,2.7731750101823365e-10,-0.01908493902220853
7.6625000000000005,5054.567650980315,-3.7397179432550365e-06,2.530442852846655e-05,2.530442852846655e-05,2.760779479319521e-10,-0.018698589716275183
7.66875,5053.424527353845,-3.6613755579700157e-06,2.523424314382689e-05,2.523424314382689e-05,2.748643619231187e-10,-0.01830687778985008
7.675000000000001,5052.265895700343,-3.581970351653092e-06,2.5167342559838925e-05,2.5167342559838925e-05,2.7367709527046414e-10,-0.01790985175826546
7.68125,5051.091906442677,-3.501512633329365e-06,2.5103691754233343e-05,2.5103691754233343e-05,2.7251649683572777e-10,-0.017507563166646825
7.6875,5049.902719094353,-3.420013335032593e-06,2.5043255868188532e-05,2.5043255868188532e-05,2.7138291185715746e-10,-0.017100066675162964
7.6937500000000005,5048.698502503047,-3.3374840285079224e-06,2.4986000233174307e-05,2.4986000233174307e-05,2.702766817374732e-10,-0.016687420142539613
7.7,5047.479435088639,-3.2539369415096177e-06,2.4931890395763507e-05,2.4931890395763507e-05,2.6919814382642874e-10,-0.01626968470754809
7.706250000000001,5046.245705074104,-3.169384973634763e-06,2.4880892140510663e-05,2.4880892140510663e-05,2.6814763119812504e-10,-0.015846924868173812
7.7125,5044.997510708795,-3.0838417116326644e-06,2.483297151099551e-05,2.483297151099551e-05,2.671254724232494e-10,-0.015419208558163321
7.71875,5043.735060483566,-2.99732144412867e-06,2.478809482912776e-05,2.478809482912776e-05,2.6613199133643416e-10,-0.014986607220643352
7.7250000000000005,5042.458573335894,-2.9098391757003577e-06,2.4746228712807553e-05,2.4746228712807553e-05,2.651675067989498e-10,-0.01454919587850179
7.73125,5041.168278845057,-2.8214106402433782e-06,2.4707340092033974e-05,2.4707340092033974e-05,2.642323324569679e-10,-0.014107053201216892
7.737500000000001,5039.86441741583,-2.732052313563907e-06,2.4671396223551522e-05,2.4671396223551522e-05,2.6332677649565036e-10,-0.013660261567819534
7.74375,5038.5472404500715,-2.6417814251344683e-06,2.463836470412195e-05,2.463836470412195e-05,2.624511413893416e-10,-0.013208907125672341
7.75,5037.217010504923,-2.5506159689500585e-06,2.4608213482506082e-05,2.4608213482506082e-05,2.616057236481632e-10,-0.012753079844750293
7.7562500000000005,5035.8740014375435,-2.4585747134217412e-06,2.4580910870237243e-05,2.4580910870237243e-05,2.607908135613284e-10,-0.012292873567108707
7.7625,5034.518498534078,-2.3656772102456165e-06,2.4556425551265054e-05,2.4556425551265054e-05,2.6000669493751754e-10,-0.011828386051228082
7.768750000000001,5033.150798623623,-2.2719438021858616e-06,2.4534726590545166e-05,2.4534726590545166e-05,2.592536448426736e-10,-0.011359719010929309
7.775,5031.771210174806,-2.1773956297117527e-06,2.451578344164731e-05,2.451578344164731e-05,2.5853193333559776e-10,-0.010886978148558763
7.78125,5030.380053375236,-2.082054636429995e-06,2.4499565953450927e-05,2.4499565953450927e-05,2.5784182320174437e-10,-0.010410273182149975
7.7875000000000005,5028.977660192045,-1.9859435732554413e-06,2.44860443759944e-05,2.44860443759944e-05,2.571835696856337e-10,-0.009929717866277207
7.79375,5027.564374414016,-1.8890860012652477e-06,2.4475189365540588e-05,2.4475189365540588e-05,2.565574202223184e-10,-0.00944543000632624
7.800000000000001,5026.140551672822,-1.791506293183915e-06,2.4466971988918334e-05,2.4466971988918334e-05,2.559636141683581e-10,-0.008957531465919575
7.80625,5024.706559444226,-1.6932296334491422e-06,2.446136372719637e-05,2.446136372719637e-05,2.554023825327716e-10,-0.00846614816724571
7.8125,5023.262777027512,-1.5942820168114246e-06,2.4458336478742918e-05,2.4458336478742918e-05,2.548739477084539e-10,-0.007971410084057124
7.8187500000000005,5021.809595503116,-1.494690245423393e-06,2.4457862561721244e-05,2.4457862561721244e-05,2.543785232045575e-10,-0.007473451227116965
7.825,5020.347417667544,-1.3944819243783972e-06,2.4459914716068485e-05,2.4459914716068485e-05,2.5391631338035277e-10,-0.0069724096218919855
7.831250000000001,5018.87665794495,-1.2936854556615555e-06,2.4464466105002134e-05,2.4464466105002134e-05,2.534875131810931e-10,-0.0064684272783077775
7.8375,5017.397742275331,-1.1923300304804221e-06,2.447149031609569e-05,2.447149031609569e-05,2.5309230787642197e-10,-0.005961650152402111
7.84375,5015.911107978696,-1.0904456199466885e-06,2.448096136196241e-05,2.448096136196241e-05,2.527308728018691e-10,-0.005452228099733442
7.8500000000000005,5014.417203594392,-9.880629640848204e-07,2.449285368058333e-05,2.449285368058333e-05,2.5240337310398925e-10,-0.004940314820424102
7.85625,5012.916488696343,-8.852135591481636e-07,2.4507142135313235e-05,2.4507142135313235e-05,2.5210996348970553e-10,-0.004426067795740818
7.862500000000001,5011.409433682787,-7.819296432280369e-07,2.4523802014595888e-05,2.4523802014595888e-05,2.518507879804224e-10,-0.003909648216140185
7.86875,5009.896519541394,-6.782441801463437e-07,2.4542809031417454e-05,2.4542809031417454e-05,2.5162597967147785e-10,-0.0033912209007317183
7.875,5008.378237589208,-5.741908416275456e-07,2.4564139322524865e-05,2.4564139322524865e-05,2.514356604975044e-10,-0.002870954208137728
7.8812500000000005,5006.855089187217,-4.6980398775128444e-07,2.45877694474337e-05,2.45877694474337e-05,2.5127994100426967e-10,-0.0023490199387564224
7.8875,5005.327585430337,-3.6511864569242724e-07,2.46136763872483e-05,2.46136763872483e-05,2.511589201275634e-10,-0.0018255932284621363
7.893750000000001,5003.796246812186,-2.601704867610434e-07,2.464183754331475e-05,2.464183754331475e-05,2.5107268497969464e-10,-0.001300852433805217
7.9,5002.261602865739,-1.5499580176050627e-07,2.4672230735725685e-05,2.4672230735725685e-05,2.51021310644157e-10,-0.0007749790088025314
7.90625,5000.72419177953,-4.963147468776925e-08,2.4704834201694107e-05,2.4704834201694107e-05,2.5100485997901076e-10,-0.00024815737343884624
7.9125000000000005,4999.18455998992,5.588504519429716e-08,2.473962659381184e-05,2.473962659381184e-05,2.5102338342952193e-10,0.0002794252259714858
7.91875,4997.643261750763,1.6151577287682854e-07,2.4776586978206615e-05,2.4776586978206615e-05,2.510769188505859e-10,0.0008075788643841427
7.925000000000001,4996.100858679707,2.6722221867553724e-07,2.4815694832610565e-05,2.4815694832610565e-05,2.511654913394496e-10,0.001336111093377686
7.93125,4994.557919283011,3.7296542080463047e-07,2.485693004435125e-05,2.485693004435125e-05,2.512891130792304e-10,0.0018648271040231524
7.9375,4993.015018459116,4.78705979401024e-07,2.4900272908275353e-05,2.4900272908275353e-05,2.5144778319371274e-10,0.00239352989700512
7.9437500000000005,4991.472736981792,5.844040919401811e-07,2.4945704124613798e-05,2.4945704124613798e-05,2.516414876138834e-10,0.002922020459700906
7.95,4989.931660964172,6.90019589979483e-07,2.4993204796796017e-05,2.4993204796796017e-05,2.5187019895664565e-10,0.003450097949897415
7.956250000000001,4988.3923813040565,7.955119771596636e-07,2.5042756429219987e-05,2.5042756429219987e-05,2.521338764161291e-10,0.003977559885798318
7.9625,4986.855493112258,9.008404683897576e-07,2.5094340924983682e-05,2.5094340924983682e-05,2.52432465667988e-10,0.004504202341948788
7.96875,4985.321595124764,1.005964030136094e-06,2.5147940583582624e-05,2.5147940583582624e-05,2.5276589878705314e-10,0.00502982015068047
7.9750000000000005,4983.791289099783,1.110841421731165e-06,2.5203538098577373e-05,2.5203538098577373e-05,2.531340941786761e-10,0.005554207108655825
7.98125,4982.265179201745,1.2154312376138462e-06,2.5261116555233944e-05,2.5261116555233944e-05,2.5353695652407425e-10,0.006077156188069231
7.987500000000001,4980.743871372407,1.319691950408265e-06,2.532065942813929e-05,2.532065942813929e-05,2.539743767399544e-10,0.006598459752041325
7.99375,4979.2279726915995,1.423581954744865e-06,2.5382150578793367e-05,2.5382150578793367e-05,2.544462319526614e-10,0.0071179097737243254
8.0,4977.718090728321,1.5270596117237057e-06,2.544557425317853e-05,2.544557425317853e-05,2.549523854870642e-10,0.007635298058618528
8.00625,4976.214832884367,1.630083293916969e-06,2.551091507930618e-05,2.551091507930618e-05,2.554926868703584e-10,0.008150416469584846
8.012500000000001,4974.718805730909,1.73261143080482e-06,2.5578158064740314e-05,2.5578158064740314e-05,2.5606697185092873e-10,0.008663057154024099
8.01875,4973.2306143412725,1.8346025545365282e-06,2.5647288594096568e-05,2.5647288594096568e-05,2.566750624323795e-10,0.009173012772682641
8.025,4971.750861619747,1.9360153459067007e-06,2.5718292426515057e-05,2.5718292426515057e-05,2.573167669228038e-10,0.009680076729533504
8.03125,4970.280147629322,2.036808680435013e-06,2.5791155693104663e-05,2.5791155693104663e-05,2.579918799993265e-10,0.010184043402175066
8.0375,4968.819068919328,2.1369416744366756e-06,2.5865864894355747e-05,2.5865864894355747e-05,2.587001827879176e-10,0.010684708372183377
8.043750000000001,4967.368217855281,2.236373730970268e-06,2.5942406897517934e-05,2.5942406897517934e-05,2.5944144295843477e-10,0.01118186865485134
8.05,4965.928181951691,2.335064585549246e-06,2.6020768933938893e-05,2.6020768933938893e-05,2.6021541483481777e-10,0.011675322927746229
8.05625,4964.499543210218,2.4329743515037174e-06,2.610093859635957e-05,2.610093859635957e-05,2.6102183952031835e-10,0.012164871757518587
8.0625,4963.082877464403,2.530063564879696e-06,2.6182903836160894e-05,2.6182903836160894e-05,2.6186044503761183e-10,0.01265031782439848
8.06875,4961.678753732994,2.626293228764181e-06,2.62666529605563e-05,2.62666529605563e-05,2.6273094648360096e-10,0.013131466143820904
8.075000000000001,4960.287733583413,2.7216248569259386e-06,2.6352174629724097e-05,2.6352174629724097e-05,2.636330461986845e-10,0.013608124284629692
8.08125,4958.910370506152,2.8160205166637944e-06,2.6439457853873022e-05,2.6439457853873022e-05,2.645664339502283e-10,0.014080102583318972
8.0875,4957.547209302773,2.9094428707567095e-06,2.6528491990233873e-05,2.6528491990233873e-05,2.655307871299409e-10,0.014547214353783547
8.09375,4956.1987854885765,3.001855218412713e-06,2.6619266739969607e-05,2.6619266739969607e-05,2.665257709648221e-10,0.015009276092063565
8.1,4954.865624711,3.0932215351169343e-06,2.6711772144995727e-05,2.6711772144995727e-05,2.67551038741319e-10,0.015466107675584671
8.106250000000001,4953.548242185686,3.1835065112826584e-06,2.680599858470232e-05,2.680599858470232e-05,2.686062320422938e-10,0.015917532556413292
8.1125,4952.247142151284,3.2726755896132136e-06,2.690193677256841e-05,2.690193677256841e-05,2.6969098099637467e-10,0.01636337794806607
8.11875,4950.96281734456,3.360695001086919e-06,2.699957775265891e-05,2.699957775265891e-05,2.7080490453923483e-10,0.016803475005434595
8.125,4949.695748496349,3.4475317994818617e-06,2.70989128959938e-05,2.70989128959938e-05,2.7194761068631447e-10,0.017237658997409307
8.13125,4948.446403850463,3.5331538943623414e-06,2.719993389677854e-05,2.719993389677854e-05,2.7311869681647664e-10,0.017665769471811706
8.137500000000001,4947.215238705749,3.6175300824539556e-06,2.7302632768484315e-05,2.7302632768484315e-05,2.743177499660624e-10,0.018087650412269778
8.14375,4946.002694982935,3.7006300773398893e-06,2.7407001839765865e-05,2.7407001839765865e-05,2.7554434713278893e-10,0.018503150386699446
8.15,4944.809200816454,3.78242453741659e-06,2.7513033750204246e-05,2.7513033750204246e-05,2.7679805558891407e-10,0.01891212268708295
8.15625,4943.635170173049,3.862885092053056e-06,2.7620721445861113e-05,2.7620721445861113e-05,2.7807843320307114e-10,0.01931442546026528
8.1625,4942.481002496889,3.9419843659039405e-06,2.773005817463058e-05,2.773005817463058e-05,2.793850287701627e-10,0.0197099218295197
8.168750000000001,4941.347082382171,4.019696001332985e-06,2.7841037481373965e-05,2.7841037481373965e-05,2.807173823486866e-10,0.020098480006664924
8.175,4940.233779274489,4.095994678909651e-06,2.7953653202822156e-05,2.7953653202822156e-05,2.8207502560485585e-10,0.020479973394548257
8.18125,4939.141447199854,4.170856135948178e-06,2.8067899462229576e-05,2.8067899462229576e-05,2.834574821628633e-10,0.02085428067974089
8.1875,4938.07042452344,4.2442571830648755e-06,2.818377066376317e-05,2.818377066376317e-05,2.848642679606343e-10,0.021221285915324378
8.19375,4937.021033737014,4.316175718735874e-06,2.8301261486609054e-05,2.8301261486609054e-05,2.86294891610405e-10,0.02158087859367937
8.200000000000001,4935.993581275909,4.386590741844108e-06,2.842036687877877e-05,2.842036687877877e-05,2.877488547634588e-10,0.02193295370922054
8.20625,4934.988357365298,4.4554823622107224e-06,2.8541082050596545e-05,2.8541082050596545e-05,2.8922565247835394e-10,0.022277411811053614
8.2125,4934.005635895899,4.522831809112509e-06,2.866340246784804e-05,2.866340246784804e-05,2.907247735919741e-10,0.02261415904556254
8.21875,4933.045674329211,4.58862143779324e-06,2.8787323844570623e-05,2.8787323844570623e-05,2.9224570109273736e-10,0.022943107188966198
8.225,4932.108713631113,4.652834733982914e-06,2.891284213546439e-05,2.891284213546439e-05,2.937879124953028e-10,0.02326417366991457
8.231250000000001,4931.194978235203,4.715456316445007e-06,2.903995352790241e-05,2.903995352790241e-05,2.953508802161218e-10,0.023577281582225034
8.2375,4930.304676033618,4.776471937577537e-06,2.9168654433518295e-05,2.9168654433518295e-05,2.9693407194918816e-10,0.023882359687887683
8.24375,4929.437998396405,4.835868482099514e-06,2.9298941479348265e-05,2.9298941479348265e-05,2.9853695104135323e-10,0.02417934241049757
8.25,4928.595120218079,4.893633963859641e-06,2.9430811498504375e-05,2.9430811498504375e-05,3.001589768665829e-10,0.024468169819298204
8.25625,4927.7761999910335,4.949757520809362e-06,2.956426152035511e-05,2.956426152035511e-05,3.0179960519854856e-10,0.024748787604046807
8.262500000000001,4926.981379904659,5.0042294081872166e-06,2.9699288760188766e-05,2.9699288760188766e-05,3.0345828858095903e-10,0.02502114704093608
8.26875,4926.210785970573,5.057040989966108e-06,2.9835890608334712e-05,2.9835890608334712e-05,3.0513447669505747e-10,0.025285204949830543
8.275,4925.464528171743,5.108184728619396e-06,2.997406461871708e-05,2.997406461871708e-05,3.0682761672372636e-10,0.025540923643096982
8.28125,4924.742700635397,5.157654173265735e-06,3.0113808496815034e-05,3.0113808496815034e-05,3.085371537116629e-10,0.025788270866328674
8.2875,4924.045381828875,5.205443946256273e-06,3.025512008700335e-05,3.025512008700335e-05,3.1026253092110865e-10,0.026027219731281366
8.293750000000001,4923.372634777035,5.251549728271223e-06,3.039799735924692e-05,3.039799735924692e-05,3.120031901826394e-10,0.026257748641356115
8.3,4922.724507300388,5.295968241995756e-06,3.054243839512227e-05,3.054243839512227e-05,3.137585722405443e-10,0.026479841209978778
8.30625,4922.101032273035,5.338697234447956e-06,3.068844137313939e-05,3.068844137313939e-05,3.1552811709234744e-10,0.02669348617223978
8.3125,4921.502227899207,5.379735458033807e-06,3.083600455333684e-05,3.083600455333684e-05,3.1731126432204997e-10,0.026898677290169034
8.31875,4920.928098006803,5.419082650406222e-06,3.098512626112324e-05,3.098512626112324e-05,3.191074534266965e-10,0.027095413252031107
8.325000000000001,4920.378632357933,5.456739513206735e-06,3.113580487033849e-05,3.113580487033849e-05,3.2091612413589515e-10,0.027283697566033674
8.33125,4919.853806974091,5.492707689769786e-06,3.1288038785508065e-05,3.1288038785508065e-05,3.227367167239475e-10,0.027463538448848933
8.3375,4919.353584475432,5.526989741870434e-06,3.1441826423264524e-05,3.1441826423264524e-05,3.2456867231427177e-10,0.027634948709352167
8.34375,4918.877914432828,5.559589125596952e-06,3.159716619291029e-05,3.159716619291029e-05,3.264114331758283e-10,0.02779794562798476
8.35,4918.426733731596,5.590510166430088e-06,3.175405647609704e-05,3.175405647609704e-05,3.2826444301128535e-10,0.02795255083215044
8.356250000000001,4917.999966945333,5.619758033610617e-06,3.191249560559742e-05,3.191249560559742e-05,3.3012714723668865e-10,0.028098790168053087
8.3625,4917.597526719229,5.6473387138765676e-06,3.207248184314574e-05,3.207248184314574e-05,3.3199899325242587e-10,0.028236693569382836
8.36875,4917.219314161417,5.673258984650778e-06,3.2234013356325774e-05,3.2234013356325774e-05,3.338794307053043e-10,0.02836629492325389
8.375,4916.865219240758,5.697526386758524e-06,3.239708819448459e-05,3.239708819448459e-05,3.3576791174158537e-10,0.02848763193379262
8.38125,4916.535121190925,5.7201491967537295e-06,3.2561704263653196e-05,3.2561704263653196e-05,3.376638912508463e-10,0.028600745983768647
8.387500000000001,4916.228888918643,5.741136398930816e-06,3.2727859300456264e-05,3.2727859300456264e-05,3.3956682710056547e-10,0.028705681994654078
8.39375,4915.946381415629,5.76049765709752e-06,3.28955508449949e-05,3.28955508449949e-05,3.414761803613512e-10,0.0288024882854876
8.4,4915.6874481727955,5.778243286182061e-06,3.306477621268886e-05,3.306477621268886e-05,3.433914155227598e-10,0.028891216430910305
8.40625,4915.451929596061,5.7943842237459e-06,3.323553246506647e-05,3.323553246506647e-05,3.453120006996712e-10,0.0289719211187295
8.4125,4915.239657422155,5.808932001471014e-06,3.34078163794932e-05,3.34078163794932e-05,3.4723740782921423e-10,0.029044660007355068
8.418750000000001,4915.050455134498,5.821898716688059e-06,3.358162441783247e-05,3.358162441783247e-05,3.4916711285825394e-10,0.029109493583440296
8.425,4914.884138376457,5.833297004009118e-06,3.375695269403516e-05,3.375695269403516e-05,3.511005959214774e-10,0.02916648502004559
8.43125,4914.740515363441,5.843140007126003e-06,3.393379694065749e-05,3.393379694065749e-05,3.530373415101311e-10,0.029215700035630014
8.4375,4914.6193872910135,5.851441350832094e-06,3.411215247431025e-05,3.411215247431025e-05,3.5497683863148524e-10,0.029257206754160468
8.44375,4914.520548738708,5.85821511332266e-06,3.4292014160045935e-05,3.4292014160045935e-05,3.5691858095911646e-10,0.029291075566613298
8.450000000000001,4914.443788069922,5.8634757988255805e-06,3.447337637469432e-05,3.447337637469432e-05,3.5886206697411935e-10,0.029317378994127903
8.45625,4914.388887825284,5.867238310611144e-06,3.465623296916081e-05,3.465623296916081e-05,3.6080680009737124e-10,0.02933619155305572
8.4625,4914.3556251105965,5.8695179244264376e-06,3.484057722970639e-05,3.484057722970639e-05,3.6275228881299213e-10,0.029347589622132186
8.46875,4914.343771977433,5.8703302623965565e-06,3.502640183823253e-05,3.502640183823253e-05,3.6469804678315394e-10,0.029351651311982783
8.475,4914.353095796678,5.869691267431649e-06,3.521369883159892e-05,3.521369883159892e-05,3.666435929544066e-10,0.029348456337158248
8.481250000000001,4914.383359624168,5.8676171781755076e-06,3.5402459560007e-05,3.5402459560007e-05,3.6858845165570094e-10,0.029338085890877538
8.4875,4914.434322557599,5.864124504528213e-06,3.5592674644487364e-05,3.5592674644487364e-05,3.705321526882982e-10,0.029320622522641067
8.49375,4914.505740085087,5.8592300037721004e-06,3.578433393353455e-05,3.578433393353455e-05,3.7247423140776646e-10,0.029296150018860503
8.5,4914.597364424239,5.852950657327178e-06,3.5977426458938006e-05,3.5977426458938006e-05,3.7441422879827255e-10,0.02926475328663589
8.50625,4914.708944851842,5.845303648158991e-06,3.617194039086385e-05,3.617194039086385e-05,3.7635169153938553e-10,0.029226518240794953
8.512500000000001,4914.840228023736,5.8363063388588984e-06,3.6367862992248036e-05,3.6367862992248036e-05,3.7828617206561484e-10,0.029181531694294494
8.51875,4914.990958284551,5.82597625041373e-06,3.656518057256721e-05,3.656518057256721e-05,3.802172286189114e-10,0.029129881252068647
8.525,4915.160877967111,5.814331041678957e-06,3.6763878441059815e-05,3.6763878441059815e-05,3.8214442529436515e-10,0.029071655208394786
8.53125,4915.349727681764,5.801388489566699e-06,3.6963940859476284e-05,3.6963940859476284e-05,3.8406733207933555e-10,0.029006942447833497
8.5375,4915.557246594727,5.787166469957218e-06,3.71653509944431e-05,3.71653509944431e-05,3.859855248862553e-10,0.02893583234978609
8.543750000000001,4915.783172695941,5.771682939339921e-06,3.7368090869532295e-05,3.7368090869532295e-05,3.8789858557934875e-10,0.028858414696699607
8.55,4916.027243056471,5.754955917187597e-06,3.7572141317133904e-05,3.7572141317133904e-05,3.8980610199550795e-10,0.028774779585937982
8.55625,4916.289194074809,5.737003469065049e-06,3.777748193023541e-05,3.777748193023541e-05,3.917076679595704e-10,0.028685017345325244
8.5625,4916.56876171249,5.717843690471277e-06,3.798409101421857e-05,3.798409101421857e-05,3.9360288329424087e-10,0.028589218452356385
8.56875,4916.865681719655,5.697494691412181e-06,3.819194553879019e-05,3.819194553879019e-05,3.9549135382489955e-10,0.028487473457060906
8.575000000000001,4917.179689849044,5.675974581698803e-06,3.84010210901696e-05,3.84010210901696e-05,3.9737269137953784e-10,0.028379872908494017
8.58125,4917.510522060412,5.653301456964333e-06,3.8611291823661685e-05,3.8611291823661685e-05,3.9924651378405874e-10,0.028266507284821666
8.5875,4917.857914714044,5.6294933853914445e-06,3.882273041675003e-05,3.882273041675003e-05,4.0111244485317834e-10,0.028147466926957222
8.59375,4918.221604754079,5.604568395139822e-06,3.9035308022850744e-05,3.9035308022850744e-05,4.0297011437715983e-10,0.028022841975699108
8.6,4918.601329882355,5.578544462462569e-06,3.924899422587256e-05,3.924899422587256e-05,4.048191581046089e-10,0.027892722312312844
8.606250000000001,4918.996828721221,5.551439500498575e-06,3.9463756995734324e-05,3.9463756995734324e-05,4.066592177215539e-10,0.027757197502492875
8.6125,4919.407840968084,5.523271348727043e-06,3.96795626449957e-05,3.96795626449957e-05,4.0848994082703125e-10,0.027616356743635214
8.61875,4919.834107539613,5.494057763069135e-06,3.989637578676143e-05,3.989637578676143e-05,4.103109809053891e-10,0.027470288815345672
8.625,4920.275370706719,5.463816406620825e-06,4.011415929402375e-05,4.011415929402375e-05,4.121219972955203e-10,0.027319082033104125
8.63125,4920.731374221205,5.432564841000304e-06,4.033287426061097e-05,4.033287426061097e-05,4.1392265515722666e-10,0.02716282420500152
8.637500000000001,4921.201863433046,5.400320518292479e-06,4.055247996391393e-05,4.055247996391393e-05,4.157126254349136e-10,0.027001602591462392
8.64375,4921.686585399489,5.367100773572611e-06,4.077293382956437e-05,4.077293382956437e-05,4.1749158481880645e-10,0.026835503867863056
8.65,4922.185288986183,5.332922817990645e-06,4.0994191398241556e-05,4.0994191398241556e-05,4.1925921570387474e-10,0.026664614089953225
8.65625,4922.697724959824,5.2978037323973405e-06,4.121620629478533e-05,4.121620629478533e-05,4.210152061466436e-10,0.0264890186619867
8.6625,4923.2236460738195,5.261760461493141e-06,4.143893019979447e-05,4.143893019979447e-05,4.22759249820066e-10,0.026308802307465705
8.668750000000001,4923.762807146319,5.224809808480459e-06,4.166231282388981e-05,4.166231282388981e-05,4.2449104596662217e-10,0.026124049042402293
8.675,4924.314965130921,5.18696843019991e-06,4.188630188482117e-05,4.188630188482117e-05,4.262102993498073e-10,0.02593484215099955
8.68125,4924.879879181171,5.148252832731117e-06,4.21108430875962e-05,4.21108430875962e-05,4.279167202041606e-10,0.025741264163655585
8.6875,4925.457310708089,5.108679367438649e-06,4.233588010780724e-05,4.233588010780724e-05,4.296100241839842e-10,0.025543396837193245
8.69375,4926.047023431599,5.068264227443824e-06,4.2561354578330274e-05,4.2561354578330274e-05,4.312899323108923e-10,0.02534132113721912
8.700000000000001,4926.648783426264,5.027023444503273e-06,4.278720607956622e-05,4.278720607956622e-05,4.329561709203261e-10,0.025135117222516365
8.70625,4927.262359161013,4.984972886275387e-06,4.301337213339095e-05,4.301337213339095e-05,4.346084716071619e-10,0.024924864431376936
8.7125,4927.887521533747,4.942128253956101e-06,4.323978820097561e-05,4.323978820097561e-05,4.362465711705366e-10,0.024710641269780502
8.71875,4928.524043900611,4.898505080265745e-06,4.346638768463282e-05,4.346638768463282e-05,4.3787021155800504e-10,0.024492525401328725
8.725,4929.171702100511,4.854118727769098e-06,4.3693101933837954e-05,4.3693101933837954e-05,4.3947913980914106e-10,0.02427059363884549
8.731250000000001,4929.83027447513,4.808984387511253e-06,4.391986025556715e-05,4.391986025556715e-05,4.410731079986861e-10,0.024044921937556266
8.7375,4930.499541884448,4.763117077952241e-06,4.414658992908547e-05,4.414658992908547e-05,4.426518731793449e-10,0.023815585389761206
8.74375,4931.179287717966,4.716531644183927e-06,4.4373216225309545e-05,4.4373216225309545e-05,4.442151973243215e-10,0.023582658220919636
8.75,4931.869297902623,4.6692427574131785e-06,4.459966243085902e-05,4.459966243085902e-05,4.457628472696839e-10,0.023346213787065893
8.75625,4932.569360906281,4.621264914695789e-06,4.482584987690052e-05,4.482584987690052e-05,4.4729459465664054e-10,0.023106324573478946
8.762500000000001,4933.279267738423,4.572612438906233e-06,4.505169797287612e-05,4.505169797287612e-05,4.488102158738071e-10,0.022863062194531162
8.76875,4933.998811947269,4.523299478928846e-06,4.527712424519604e-05,4.527712424519604e-05,4.503094919995359e-10,0.02261649739464423
8.775,4934.727789613982,4.473340010056591e-06,4.550204438096245e-05,4.550204438096245e-05,4.5179220874437847e-10,0.022366700050282955
8.78125,4935.46599934407,4.422747834584154e-06,4.572637227677702e-05,4.572637227677702e-05,4.5325815639374375e-10,0.022113739172920772
8.7875,4936.213242255948,4.371536582582654e-06,4.59500200926708e-05,4.59500200926708e-05,4.547071297508137e-10,0.02185768291291327
8.793750000000001,4936.969321967192,4.319719712843843e-06,4.617289831117988e-05,4.617289831117988e-05,4.5613892807977174e-10,0.021598598564219213
8.8,4937.734044578606,4.267310513982253e-06,4.639491580157432e-05,4.639491580157432e-05,4.5755335504939617e-10,0.021336552569911266
8.80625,4938.50721865584,4.214322105684297e-06,4.661597988923193e-05,4.661597988923193e-05,4.5895021867706823e-10,0.021071610528421485
8.8125,4939.288655209269,4.1607674400938424e-06,4.683599643013177e-05,4.683599643013177e-05,4.603293312732388e-10,0.020803837200469213
8.81875,4940.0781676717725,4.106659303324431e-06,4.705486989042501e-05,4.705486989042501e-05,4.6169050938639673e-10,0.020533296516622154
8.825000000000001,4940.875571875113,4.052010317088758e-06,4.7272503431023374e-05,4.7272503431023374e-05,4.63033573748577e-10,0.02026005158544379
8.83125,4941.680686024543,3.996832940436625e-06,4.748879899712777e-05,4.748879899712777e-05,4.643583492214454e-10,0.019984164702183126
8.8375,4942.4933306720195,3.941139471593039e-06,4.7703657412601774e-05,4.7703657412601774e-05,4.656646647429917e-10,0.019705697357965197
8.84375,4943.313328687929,3.8849420498886665e-06,4.791697847907624e-05,4.791697847907624e-05,4.669523532748634e-10,0.019424710249443332
8.85,4944.140505231767,3.828252657775351e-06,4.812866107965377e-05,4.812866107965377e-05,4.682212517503674e-10,0.019141263288876754
8.856250000000001,4944.9746877214,3.7710831229198263e-06,4.8338603287063064e-05,4.8338603287063064e-05,4.694712010231649e-10,0.018855415614599132
8.8625,4945.815705801928,3.713445120369314e-06,4.854670247609556e-05,4.854670247609556e-05,4.707020458166855e-10,0.01856722560184657
8.86875,4946.663391312594,3.6553501747829753e-06,4.8752855440138915e-05,4.8752855440138915e-05,4.719136346742795e-10,0.018276750873914876
8.875,4947.517578253588,3.5968096627237855e-06,4.895695851160409e-05,4.895695851160409e-05,4.731058199101307e-10,0.01798404831361893
8.88125,4948.378102751887,3.537834815005712e-06,4.915890768602602e-05,4.915890768602602e-05,4.742784575609471e-10,0.017689174075028558
8.887500000000001,4949.244803026054,3.4784367190914566e-06,4.935859874960085e-05,4.935859874960085e-05,4.754314073384461e-10,0.017392183595457283
8.89375,4950.117519350685,3.4186263215364605e-06,4.955592740990666e-05,4.955592740990666e-05,4.765645325826499e-10,0.0170931316076823
8.9,4950.99609402021,3.3584144304752e-06,4.975078942953887e-05,4.975078942953887e-05,4.776777002160047e-10,0.016792072152376
8.90625,4951.880371312009,3.2978117181461064e-06,4.9943080762377064e-05,4.9943080762377064e-05,4.78770780698338e-10,0.01648905859073053
8.9125,4952.770197448795,3.236828723451825e-06,5.0132697692185215e-05,5.0132697692185215e-05,4.798436479826624e-10,0.016184143617259124
8.918750000000001,4953.665420561236,3.1754758545518274e-06,5.031953697323489e-05,5.031953697323489e-05,4.80896179471841e-10,0.015877379272759135
8.925,4954.565890649281,3.11376339148464e-06,5.050349597262808e-05,5.050349597262808e-05,4.819282559761204e-10,0.0155688169574232
8.93125,4955.471459543825,3.0517014888172905e-06,5.06844728139854e-05,5.06844728139854e-05,4.829397616715421e-10,0.015258507444086453
8.9375,4956.381980867541,2.9893001783198065e-06,5.08623665221551e-05,5.08623665221551e-05,4.839305840592415e-10,0.014946500891599032
8.94375,4957.297309995363,2.9265693716628224e-06,5.1037077168589464e-05,5.1037077168589464e-05,4.849006139256395e-10,0.014632846858314112
8.950000000000001,4958.217304015077,2.8635188631366752e-06,5.120850601702709e-05,5.120850601702709e-05,4.858497453035361e-10,0.014317594315683376
8.95625,4959.14182168727,2.8001583323904813e-06,5.137655566911348e-05,5.137655566911348e-05,4.867778754341123e-10,0.014000791661952406
8.9625,4960.070723405038,2.73649734718998e-06,5.1541130209586365e-05,5.1541130209586365e-05,4.876849047298453e-10,0.013682486735949899
8.96875,4961.003871153478,2.672545366193071e-06,5.170213535064933e-05,5.170213535064933e-05,4.88570736738344e-10,0.013362726830965354
8.975,4961.941128468969,2.6083117417422022e-06,5.1859478575153986e-05,5.1859478575153986e-05,4.894352781071102e-10,0.013041558708711012
8.981250000000001,4962.882360398234,2.5438057226729096e-06,5.2013069278210235e-05,5.2013069278210235e-05,4.902784385492304e-10,0.012719028613364547
8.9875,4963.827433457099,2.47903645713797e-06,5.21628189068447e-05,5.21628189068447e-05,4.911001308100043e-10,0.012395182285689851
8.99375,4964.776215589007,2.414012995446805e-06,5.230864109732903e-05,5.230864109732903e-05,4.919002706345134e-10,0.012070064977234026
9.0,4965.728576123542,2.348744292919888e-06,5.245045180980318e-05,5.245045180980318e-05,4.926787767361369e-10,0.011743721464599441
9.00625,4966.6843857342865,2.283239212758053e-06,5.2588169459823756e-05,5.2588169459823756e-05,4.934355707660177e-10,0.011416196063790265
9.012500000000001,4967.643516396972,2.2175065289267276e-06,5.272171504647358e-05,5.272171504647358e-05,4.941705772834846e-10,0.011087532644633639
9.01875,4968.605841347157,2.1515549290552437e-06,5.285101227667653e-05,5.285101227667653e-05,4.948837237274364e-10,0.010757774645276219
9.025,4969.571235037448,2.085393017351405e-06,5.29759876853707e-05,5.29759876853707e-05,4.955749403886903e-10,0.010426965086757025
9.03125,4970.539573095105,2.0190293175317372e-06,5.30965707512039e-05,5.30965707512039e-05,4.962441603833033e-10,0.010095146587658687
9.0375,4971.5107322788745,1.9524722757677806e-06,5.3212694007426897e-05,5.3212694007426897e-05,4.968913196268693e-10,0.009762361378838904
9.043750000000001,4972.484590435607,1.8857302636489534e-06,5.3324293147673535e-05,5.3324293147673535e-05,4.975163568097981e-10,0.009428651318244767
9.05,4973.46102645707,1.818811581162598e-06,5.3431307126331166e-05,5.3431307126331166e-05,4.981192133735828e-10,0.00909405790581299
9.05625,4974.439920235997,1.7517244596918478e-06,5.353367825322072e-05,5.353367825322072e-05,4.986998334880603e-10,0.008758622298459239
9.0625,4975.42115262218,1.6844770650320298e-06,5.3631352282322524e-05,5.3631352282322524e-05,4.992581640296715e-10,0.008422385325160148
9.06875,4976.404605378072,1.617077500426386e-06,5.3724278494301895e-05,5.3724278494301895e-05,4.997941545607289e-10,0.008085387502131931
9.075000000000001,4977.3901611342935,1.549533809621953e-06,5.3812409772607894e-05,5.3812409772607894e-05,5.003077573096953e-10,0.007747669048109766
9.08125,4978.377703344733,1.4818539799464365e-06,5.3895702672937954e-05,5.3895702672937954e-05,5.007989271524836e-10,0.007409269899732182
9.0875,4979.367116241238,1.4140459454070172e-06,5.397411748588226e-05,5.397411748588226e-05,5.012676215947837e-10,0.007070229727035086
9.09375,4980.358284788144,1.3461175898120137e-06,5.4047618292583025e-05,5.4047618292583025e-05,5.01713800755423e-10,0.006730587949060069
9.1,4981.351094636421,1.2780767499163657e-06,5.411617301326607e-05,5.411617301326607e-05,5.021374273507712e-10,0.006390383749581828
9.106250000000001,4982.345432077239,1.2099312185919117e-06,5.4179753448524495e-05,5.4179753448524495e-05,5.025384666801942e-10,0.006049656092959559
9.1125,4983.341183995554,1.1416887480234764e-06,5.423833531325759e-05,5.423833531325759e-05,5.029168866125685e-10,0.005708443740117382
9.11875,4984.338237822918,1.073357052931753e-06,5.429189826319144e-05,5.429189826319144e-05,5.032726575738634e-10,0.005366785264658765
9.125,4985.3364814900715,1.004943813823975e-06,5.434042591393138e-05,5.434042591393138e-05,5.036057525358007e-10,0.005024719069119874
9.13125,4986.335803379291,9.364566802734082e-07,5.438390585252024e-05,5.438390585252024e-05,5.039161470056017e-10,0.004682283401367041
9.137500000000001,4987.3360922757765,8.679032742285982e-07,5.442232964150007e-05,5.442232964150007e-05,5.042038190168303e-10,0.004339516371142991
9.14375,4988.337237319055,7.992911933533683e-07,5.445569281549885e-05,5.445569281549885e-05,5.044687491213442e-10,0.003996455966766841
9.15,4989.339127953935,7.306280143985038e-07,5.4483994870387176e-05,5.4483994870387176e-05,5.047109203823627e-10,0.003653140071992519
9.15625,4990.341653880544,6.619212966060119e-07,5.450723924507316e-05,5.450723924507316e-05,5.049303183686636e-10,0.003309606483030059
9.1625,4991.344705004507,5.931785851468338e-07,5.452543329602643e-05,5.452543329602643e-05,5.051269311499192e-10,0.002965892925734169
9.168750000000001,4992.348171385967,5.244074145927964e-07,5.453858826464494e-05,5.453858826464494e-05,5.053007492931831e-10,0.0026220370729639823
9.175,4993.351943188652,4.5561531242359396e-07,5.454671923759924e-05,5.454671923759924e-05,5.054517658605396e-10,0.0022780765621179698
9.18125,4994.355910627872,3.8680980256944726e-07,5.454984510031078e-05,5.454984510031078e-05,5.05579976407927e-10,0.0019340490128472363
9.1875,4995.3599639189,3.1799840899011837e-07,5.4547988483740334e-05,5.4547988483740334e-05,5.056853789851473e-10,0.0015899920449505918
9.19375,4996.3639932233555,2.491886592907142e-07,5.454117570468246e-05,5.454117570468246e-05,5.057679741370751e-10,0.001245943296453571
9.200000000000001,4997.3678885967165,1.803880883748286e-07,5.4529436699780354e-05,5.4529436699780354e-05,5.05827764906076e-10,0.000901940441874143
9.20625,4998.371539933959,1.1160424213527606e-07,5.451280495349264e-05,5.451280495349264e-05,5.058647568356493e-10,0.0005580212106763803
9.2125,4999.374836915313,4.284468118267207e-08,5.449131742026018e-05,5.449131742026018e-05,5.058789579753064e-10,0.00021422340591336036
9.21875,5000.3776689512815,-2.588301538803665e-08,5.4465014441136466e-05,5.4465014441136466e-05,5.058703788866978e-10,-0.00012941507694018325
9.225,5001.379925127284,-9.457124619313046e-08,5.4433939655158484e-05,5.4433939655158484e-05,5.058390326510001e-10,-0.00047285623096565227
9.231250000000001,5002.381494147203,-1.6321238371796435e-07,5.4398139905748536e-05,5.4398139905748536e-05,5.057849348775779e-10,-0.0008160619185898217
9.2375,5003.382264277253,-2.3179877043739274e-07,5.435766514244857e-05,5.435766514244857e-05,5.05708103713931e-10,-0.0011589938521869637
9.24375,5004.382123288513,-3.0032271489932853e-07,5.431256831829872e-05,5.431256831829872e-05,5.056085598569389e-10,-0.0015016135744966427
9.25,5005.380958399335,-3.6877648777209437e-07,5.426290528318092e-05,5.426290528318092e-05,5.054863265654174e-10,-0.0018438824388604719
9.25625,5006.378656217224,-4.37152317856439e-07,5.4208734673455596e-05,5.4208734673455596e-05,5.053414296739951e-10,-0.002185761589282195
9.262500000000001,5007.375102680016,-5.054423880633283e-07,5.415011779822586e-05,5.415011779822586e-05,5.051738976083238e-10,-0.0025272119403166415
9.26875,5008.370182996814,-5.736388313587967e-07,5.408711852256824e-05,5.408711852256824e-05,5.049837614016336e-10,-0.0028681941567939837
9.275,5009.363781588339,-6.417337266773847e-07,5.4019803148072325e-05,5.4019803148072325e-05,5.047710547126415e-10,-0.0032086686333869237
9.28125,5010.355782026955,-7.097190948059663e-07,5.3948240291033937e-05,5.3948240291033937e-05,5.045358138448252e-10,-0.0035485954740298318
9.2875,5011.346066975804,-7.775868942400151e-07,5.387250075864668e-05,5.387250075864668e-05,5.042780777670694e-10,-0.0038879344712000755
9.293750000000001,5012.334518128569,-8.453290170145569e-07,5.379265742353673e-05,5.379265742353673e-05,5.039978881356953e-10,-0.004226645085072784
9.3,5013.3210161479765,-9.12937284512488e-07,5.3708785096983106e-05,5.3708785096983106e-05,5.036952893178781e-10,-0.00456468642256244
9.30625,5014.305440604331,-9.80403443253104e-07,5.362096040116295e-05,5.362096040116295e-05,5.033703284164611e-10,-0.00490201721626552
9.3125,5015.287669913804,-1.0477191606640785e-06,5.352926164075683e-05,5.352926164075683e-05,5.030230552961713e-10,-0.005238595803320392
9.31875,5016.2675812768,-1.1148760208403922e-06,5.343376867424322e-05,5.343376867424322e-05,5.026535226112407e-10,-0.005574380104201961
9.325000000000001,5017.245050615648,-1.1818655202941325e-06,5.333456278520522e-05,5.333456278520522e-05,5.022617858344358e-10,-0.005909327601470663
9.33125,5018.219952512656,-1.2486790636993625e-06,5.32317265539642e-05,5.32317265539642e-05,5.018479032874979e-10,-0.006243395318496812
9.3375,5019.192160148075,-1.315307959636652e-06,5.312534372984679e-05,5.312534372984679e-05,5.014119361729943e-10,-0.00657653979818326
9.34375,5020.161545237811,-1.3817434163422744e-06,5.3015499104381596e-05,5.3015499104381596e-05,5.009539486075776e-10,-0.006908717081711372
9.35,5021.127977971973,-1.4479765374673609e-06,5.290227838571189e-05,5.290227838571189e-05,5.004740076566516e-10,-0.007239882687336804
9.356250000000001,5022.09132695277,-1.5139983178528643e-06,5.27857680744987e-05,5.27857680744987e-05,4.999721833704365e-10,-0.007569991589264321
9.3625,5023.051459133499,-1.5797996393263978e-06,5.266605534157707e-05,5.266605534157707e-05,4.994485488214285e-10,-0.00789899819663199
9.36875,5024.008239757497,-1.6453712665276178e-06,5.2543227907615375e-05,5.2543227907615375e-05,4.98903180143242e-10,-0.008226856332638088
9.375,5024.9615322977,-1.7107038427691169e-06,5.241737392501416e-05,5.241737392501416e-05,4.983361565708246e-10,-0.008553519213845584
9.38125,5025.9111983971725,-1.7757878859402777e-06,5.228858186226742e-05,5.228858186226742e-05,4.977475604820289e-10,-0.008878939429701388
9.387500000000001,5026.85709780949,-1.8406137844620203e-06,5.215694039099488e-05,5.215694039099488e-05,4.971374774405264e-10,-0.009203068922310102
9.39375,5027.799088341345,-1.9051717933007001e-06,5.2022538275839216e-05,5.2022538275839216e-05,4.965059962400413e-10,-0.0095258589665035
9.4,5028.737025794608,-1.9694520300500302e-06,5.1885464267407425e-05,5.1885464267407425e-05,4.958532089498835e-10,-0.009847260150250151
9.40625,5029.67076391098,-2.0334444710901878e-06,5.1745806998420366e-05,5.1745806998420366e-05,4.95179210961755e-10,-0.01016722235545094
9.4125,5030.600154316621,-2.0971389478338583e-06,5.16036548832196e-05,5.16036548832196e-05,4.944841010378001e-10,-0.010485694739169292
9.418750000000001,5031.525046469189,-2.1605251430693027e-06,5.1459096020765086e-05,5.1459096020765086e-05,4.937679813598681e-10,-0.010802625715346513
9.425,5032.4452876058895,-2.223592587411089e-06,5.1312218101242185e-05,5.1312218101242185e-05,4.930309575799519e-10,-0.011117962937055444
9.43125,5033.360722693381,-2.286330655869493e-06,5.116310831638158e-05,5.116310831638158e-05,4.922731388717644e-10,-0.011431653279347464
9.4375,5034.271194379863,-2.348728564550036e-06,5.1011853273580315e-05,5.1011853273580315e-05,4.914946379834082e-10,-0.01174364282275018
9.44375,5035.176542948662,-2.4107753674951043e-06,5.085853891389759e-05,5.085853891389759e-05,4.906955712910926e-10,-0.012053876837475521
9.450000000000001,5036.076606274505,-2.472459953679934e-06,5.070325043398453e-05,5.070325043398453e-05,4.898760588538461e-10,-0.01236229976839967
9.45625,5036.971219782243,-2.5337710441756884e-06,5.054607221199269e-05,5.054607221199269e-05,4.890362244691692e-10,-0.012668855220878442
9.4625,5037.860216408118,-2.5946971894927595e-06,5.0387087737492534e-05,5.0387087737492534e-05,4.881761957295679e-10,-0.012973485947463798
9.46875,5038.743426563511,-2.6552267671177835e-06,5.022637954541949e-05,5.022637954541949e-05,4.872961040799036e-10,-0.013276133835588918
9.475,5039.6206781023675,-2.7153479792581906e-06,5.0064029154052315e-05,5.0064029154052315e-05,4.863960848754905e-10,-0.013576739896290954
9.481250000000001,5040.491796291289,-2.7750488508084723e-06,4.99001170070162e-05,4.99001170070162e-05,4.854762774408668e-10,-0.013875244254042362
9.4875,5041.356603783562,-2.8343172275526064e-06,4.973472241929081e-05,4.973472241929081e-05,4.845368251291623e-10,-0.014171586137763032
9.49375,5042.214920596284,-2.893140774617418e-06,4.956792352719252e-05,4.956792352719252e-05,4.835778753819782e-10,-0.01446570387308709
9.5,5043.066564091907,-2.9515069751918284e-06,4.9399797242288895e-05,4.9399797242288895e-05,4.825995797896919e-10,-0.014757534875959143
9.50625,5043.9113489636065,-3.0094031295271757e-06,4.923041920919379e-05,4.923041920919379e-05,4.816020941520922e-10,-0.015047015647635878
9.512500000000001,5044.749087224885,-3.0668163542340084e-06,4.9059863767181565e-05,4.9059863767181565e-05,4.805855785392487e-10,-0.015334081771170042
9.51875,5045.579588204,-3.1237335818907847e-06,4.8888203915550254e-05,4.8888203915550254e-05,4.795501973525104e-10,-0.015618667909453923
9.525,5046.4026585430165,-3.1801415609800885e-06,4.871551128265524e-05,4.871551128265524e-05,4.78496119385525e-10,-0.01590070780490044
9.53125,5047.218102201841,-3.2360268561679794e-06,4.854185609852746e-05,4.854185609852746e-05,4.774235178851665e-10,-0.016180134280839895
9.5375,5048.025720467588,-3.2913758489420696e-06,4.83673071709833e-05,4.83673071709833e-05,4.763325706122506e-10,-0.016456879244710346
9.543750000000001,5048.825311969331,-3.346174738623916e-06,4.819193186512718e-05,4.819193186512718e-05,4.752234599019149e-10,-0.01673087369311958
9.55,5049.616672698419,-3.4004095437711503e-06,4.80157960861421e-05,4.80157960861421e-05,4.740963727235343e-10,-0.017002047718855752
9.55625,5050.399596035136,-3.454066103984634e-06,4.783896426525884e-05,4.783896426525884e-05,4.72951500740037e-10,-0.01727033051992317
9.5625,5051.173872780949,-3.507130082135697e-06,4.7661499348789894e-05,4.7661499348789894e-05,4.717890403664831e-10,-0.017535650410678484
9.56875,5051.939291197421,-3.5595869670282503e-06,4.748346279011096e-05,4.748346279011096e-05,4.706091928277602e-10,-0.017797934835141253
9.575000000000001,5052.695637051727,-3.611422076510158e-06,4.730491454446947e-05,4.730491454446947e-05,4.694121642152475e-10,-0.01805711038255079
9.58125,5053.442693668667,-3.6626205610479377e-06,4.712591306649756e-05,4.712591306649756e-05,4.681981655422958e-10,-0.01831310280523969
9.5875,5054.180241989751,-3.7131674077782906e-06,4.69465153103049e-05,4.69465153103049e-05,4.669674127983641e-10,-0.018565837038891454
9.59375,5054.908060639727,-3.7630474450494543e-06,4.676677673202543e-05,4.676677673202543e-05,4.657201270016511e-10,-0.01881523722524727
9.600000000000001,5055.6259259998105,-3.812245347464789e-06,4.6586751294691665e-05,4.6586751294691665e-05,4.6445653425005457e-10,-0.019061226737323946
9.606250000000001,5056.333612289005,-3.860745641440257e-06,4.640649147530961e-05,4.640649147530961e-05,4.631768657702895e-10,-0.019303728207201287
9.6125,5057.030891652937,-3.908532711286745e-06,4.622604827400788e-05,4.622604827400788e-05,4.6188135796498936e-10,-0.019542663556433724
9.61875,5057.717534260111,-3.95559080582735e-06,4.6045471225135264e-05,4.6045471225135264e-05,4.605702524576145e-10,-0.01977795402913675
9.625,5058.3933084066675,-4.001904045558841e-06,4.586480841018203e-05,4.586480841018203e-05,4.592437961349868e-10,-0.020009520227794203
9.631250000000001,5059.057980628743,-4.047456430365532e-06,4.568410647240189e-05,4.568410647240189e-05,4.5790224118726716e-10,-0.02023728215182766
9.637500000000001,5059.7113158234315,-4.092231847792755e-06,4.550341063301355e-05,4.550341063301355e-05,4.5654584514519133e-10,-0.020461159238963772
9.64375,5060.353077377612,-4.136214081886049e-06,4.532276470886277e-05,4.532276470886277e-05,4.551748709143753e-10,-0.020681070409430246
9.65,5060.983027305082,-4.179386822600964e-06,4.514221113142871e-05,4.514221113142871e-05,4.537895868065021e-10,-0.02089693411300482
9.65625,5061.6009263926135,-4.2217336757871156e-06,4.4961790967060924e-05,4.4961790967060924e-05,4.5239026656719926e-10,-0.021108668378935578
9.662500000000001,5062.206534353732,-4.263238173748839e-06,4.4781543938336854e-05,4.4781543938336854e-05,4.509771894004159e-10,-0.021316190868744197
9.668750000000001,5062.79960999146,-4.303883786383414e-06,4.460150844643235e-05,4.460150844643235e-05,4.495506399891078e-10,-0.021519418931917073
9.675,5063.379911369077,-4.3436539328963444e-06,4.442172159440208e-05,4.442172159440208e-05,4.481109085120397e-10,-0.02171826966448172
9.68125,5063.947195989523,-4.382531994091743e-06,4.424221921126957e-05,4.424221921126957e-05,4.4665829065651347e-10,-0.021912659970458714
9.6875,5064.501220983142,-4.42050132523422e-06,4.4063035876831245e-05,4.4063035876831245e-05,4.451930876268335e-10,-0.0221025066261711
9.693750000000001,5065.041743303509,-4.4575452694771784e-06,4.388420494708193e-05,4.388420494708193e-05,4.4371560614832104e-10,-0.02228772634738589
9.700000000000001,5065.5685199317095,-4.4936471718506444e-06,4.370575858017424e-05,4.370575858017424e-05,4.42226158466692e-10,-0.022468235859253224
9.70625,5066.081308088152,-4.528790393800177e-06,4.352772776282752e-05,4.352772776282752e-05,4.407250623426161e-10,-0.022643951969000882
9.7125,5066.579865452862,-4.562958328266529e-06,4.3350142337106894e-05,4.3350142337106894e-05,4.3921264104127755e-10,-0.022814791641332644
9.71875,5067.063950393322,-4.596134415294072e-06,4.317303102749659e-05,4.317303102749659e-05,4.3768922331676224e-10,-0.02298067207647036
9.725000000000001,5067.533322199352,-4.628302158154164e-06,4.2996421468196355e-05,4.2996421468196355e-05,4.361551433911008e-10,-0.02314151079077082
9.731250000000001,5067.987741326121,-4.65944513996774e-06,4.282034023057355e-05,4.282034023057355e-05,4.3461074092780176e-10,-0.023297225699838702
9.7375,5068.4269696432675,-4.689547040809694e-06,4.264481285070815e-05,4.264481285070815e-05,4.330563609997159e-10,-0.02344773520404847
9.74375,5068.850770691685,-4.718591655275638e-06,4.2469863856971405e-05,4.2469863856971405e-05,4.314923540510773e-10,-0.02359295827637819
9.75,5069.258909945768,-4.74656291048989e-06,4.229551679758347e-05,4.229551679758347e-05,4.2991907585357606e-10,-0.02373281455244945
9.756250000000001,5069.651155082816,-4.773444884531578e-06,4.212179426809902e-05,4.212179426809902e-05,4.2833688745632335e-10,-0.02386722442265789
9.762500000000001,5070.027276257211,-4.799221825253999e-06,4.1948717938773785e-05,4.1948717938773785e-05,4.2674615512957855e-10,-0.023996109126269996
9.76875,5070.387046380551,-4.823878169470513e-06,4.177630858176887e-05,4.177630858176887e-05,4.2514725030211746e-10,-0.024119390847352564
9.775,5070.730241406436,-4.847398562478433e-06,4.1604586098153175e-05,4.1604586098153175e-05,4.235405494921288e-10,-0.024236992812392166
9.78125,5071.056640620144,-4.869767877890648e-06,4.14335695446681e-05,4.14335695446681e-05,4.219264342315378e-10,-0.02434883938945324
9.787500000000001,5071.366026931517,-4.8909712377430105e-06,4.1263277160221966e-05,4.1263277160221966e-05,4.2030529098366445e-10,-0.02445485618871505
9.793750000000001,5071.658187172269,-4.910994032843762e-06,4.1093726392084836e-05,4.1093726392084836e-05,4.1867751105413764e-10,-0.02455497016421881
9.8,5071.932912395839,-4.929821943329764e-06,4.0924933921758074e-05,4.0924933921758074e-05,4.170434904949951e-10,-0.02464910971664882
9.80625,5072.189998179772,-4.9474409593926755e-06,4.075691569049545e-05,4.075691569049545e-05,4.1540363000191386e-10,-0.024737204796963376
9.8125,5072.429244930079,-4.963837402136766e-06,4.058968692445589e-05,4.058968692445589e-05,4.1375833480452714e-10,-0.02481918701068383
9.818750000000001,5072.650458186933,-4.9789979445286776e-06,4.0423262159470736e-05,4.0423262159470736e-05,4.121080145497974e-10,-0.02489498972264339
9.825000000000001,5072.853448931077,-4.9929096323980965e-06,4.025765526541091e-05,4.025765526541091e-05,4.104530831784285e-10,-0.024964548161990483
9.83125,5073.0380338904,-5.005559905447105e-06,4.009287947014192e-05,4.009287947014192e-05,4.087939587943142e-10,-0.025027799527235526
9.8375,5073.204035846046,-5.0169366182249e-06,3.992894738305702e-05,3.992894738305702e-05,4.0713106352703453e-10,-0.0250846830911245
9.84375,5073.351283937203,-5.027028061023488e-06,3.976587101818127e-05,3.976587101818127e-05,4.0546482338742603e-10,-0.02513514030511744
9.850000000000001,5073.479613964161,-5.035822980649188e-06,3.960366181684066e-05,3.960366181684066e-05,4.037956681162672e-10,-0.025179114903245942
9.856250000000001,5073.588868689095,-5.0433106010238985e-06,3.944233066989347e-05,3.944233066989347e-05,4.0212403102613566e-10,-0.02521655300511949
9.8625,5073.678898133359,-5.049480643569527e-06,3.928188793952167e-05,3.928188793952167e-05,4.004503488365084e-10,-0.025247403217847634
9.86875,5073.749559871147,-5.054323347328444e-06,3.912234348058295e-05,3.912234348058295e-05,3.9877506150219335e-10,-0.02527161673664222
9.875,5073.800719318306,-5.057829488772508e-06,3.8963706661524584e-05,3.8963706661524584e-05,3.970986120351951e-10,-0.02528914744386254
9.881250000000001,5073.832250016566,-5.059990401252882e-06,3.8805986384862514e-05,3.8805986384862514e-05,3.954214463201335e-10,-0.02529995200626441
9.887500000000001,5073.844033910988,-5.0607979940429454e-06,3.864919110722983e-05,3.864919110722983e-05,3.9374401292335085e-10,-0.025303989970214727
9.89375,5073.835961621491,-5.060244770926528e-06,3.849332885900035e-05,3.849332885900035e-05,3.9206676289585744e-10,-0.025301223854632637
9.9,5073.80793270652,-5.058323848284063e-06,3.833840726349391e-05,3.833840726349391e-05,3.9039014957028275e-10,-0.025291619241420316
9.90625,5073.7598559190355,-5.0550289726295305e-06,3.8184433555770975e-05,3.8184433555770975e-05,3.8871462835201364e-10,-0.025275144863147653
9.912500000000001,5073.6916494538245,-5.0503545375516926e-06,3.803141460102531e-05,3.803141460102531e-05,3.8704065650471723e-10,-0.025251772687758463
9.918750000000001,5073.603241185071,-5.044295600013787e-06,3.78793569125837e-05,3.78793569125837e-05,3.8536869293046133e-10,-0.025221478000068933
9.925,5073.494568894504,-5.03684789596671e-06,3.772826666952311e-05,3.772826666952311e-05,3.836991979446598e-10,-0.02518423947983355
9.93125,5073.365580488221,-5.028007855231775e-06,3.75781497339156e-05,3.75781497339156e-05,3.8203263304608465e-10,-0.025140039276158873
9.9375,5073.216234202804,-5.017772615610265e-06,3.742901166771237e-05,3.742901166771237e-05,3.803694606822018e-10,-0.025088863078051325
9.943750000000001,5073.046498799195,-5.006140036178366e-06,3.728085774927835e-05,3.728085774927835e-05,3.787101440100997e-10,-0.02503070018089183
9.950000000000001,5072.856353744301,-4.993108709727571e-06,3.71336929895895e-05,3.71336929895895e-05,3.77055146653295e-10,-0.024965543548637854
9.95625,5072.645789379444,-4.97867797431221e-06,3.698752214810491e-05,3.698752214810491e-05,3.7540493245471053e-10,-0.024893389871561047
9.9625,5072.414807075239,-4.962847923867674e-06,3.684234974832643e-05,3.684234974832643e-05,3.7375996522613346e-10,-0.02481423961933837
9.96875,5072.1634193725295,-4.945619417864674e-06,3.6698180093058325e-05,3.6698180093058325e-05,3.7212070849447407e-10,-0.024728097089323373
9.975000000000001,5071.891650108787,-4.926994089967055e-06,3.6555017279380006e-05,3.6555017279380006e-05,3.704876252451545e-10,-0.024634970449835272
9.981250000000001,5071.599534529271,-4.9069743556628465e-06,3.6412865213344475e-05,3.6412865213344475e-05,3.688611776629681e-10,-0.024534871778314232
9.9875,5071.287119383153,-4.8855634188404874e-06,3.627172762441573e-05,3.627172762441573e-05,3.672418268707592e-10,-0.02442781709420244
9.99375,5070.954463003641,-4.8627652772847085e-06,3.613160807965782e-05,3.613160807965782e-05,3.6563003266628114e-10,-0.024313826386423543
10.0,5070.6016353720825,-4.838584727068957e-06,3.5992509997688466e-05,3.5992509997688466e-05,3.640262532575986e-10,-0.024192923635344785
10.006250000000001,5070.228718165619,-4.81302736582402e-06,3.585443666241002e-05,3.585443666241002e-05,3.624309449974061e-10,-0.0240651368291201
10.012500000000001,5069.835804788286,-4.786099594865138e-06,3.5717391236530305e-05,3.5717391236530305e-05,3.6084456211664203e-10,-0.02393049797432569
10.01875,5069.423000385156,-4.7578086201627395e-06,3.558137677488592e-05,3.558137677488592e-05,3.5926755645778036e-10,-0.023789043100813697
10.025,5068.990421839454,-4.728162452144845e-06,3.544639623758002e-05,3.544639623758002e-05,3.577003772081882e-10,-0.023640812260724224
10.03125,5068.538197752434,-4.697169904322076e-06,3.5312452502946825e-05,3.5312452502946825e-05,3.5614347063393904e-10,-0.02348584952161038
10.037500000000001,5068.0664684062085,-4.66484059072923e-06,3.5179548380354374e-05,3.5179548380354374e-05,3.545972798144739e-10,-0.02332420295364615
10.043750000000001,5067.575385708878,-4.6311849221804375e-06,3.504768662285715e-05,3.504768662285715e-05,3.530622443785039e-10,-0.023155924610902188
10.05,5067.065113122757,-4.5962141013379165e-06,3.491686993970956e-05,3.491686993970956e-05,3.51538800241547e-10,-0.022981070506689582
10.05625,5066.535825575149,-4.559940116597488e-06,3.478710100875131e-05,3.478710100875131e-05,3.5002737934549204e-10,-0.022799700582987442
10.0625,5065.987709351817,-4.522375734797067e-06,3.465838248867474e-05,3.465838248867474e-05,3.485284094005787e-10,-0.022611878673985335
10.068750000000001,5065.420961973723,-4.483534492757428e-06,3.4530717031184715e-05,3.4530717031184715e-05,3.470423136301822e-10,-0.022417672463787144
10.075000000000001,5064.835792056542,-4.4434306876676235e-06,3.4404107293060204e-05,3.4404107293060204e-05,3.455695105187843e-10,-0.022217153438338116
10.08125,5064.232419153985,-4.402079366330409e-06,3.427855594812718e-05,3.427855594812718e-05,3.4411041356350915e-10,-0.022010396831652047
10.0875,5063.611073584214,-4.359496313286145e-06,3.415406569915151e-05,3.415406569915151e-05,3.426654310295955e-10,-0.021797481566430722
10.09375,5062.97199624079,-4.31569803783642e-06,3.4030639289660215e-05,3.4030639289660215e-05,3.412349657101701e-10,-0.0215784901891821
10.100000000000001,5062.315438387517,-4.270701759991678e-06,3.3908279515698945e-05,3.3908279515698945e-05,3.3981941469067845e-10,-0.02135350879995839
10.106250000000001,5061.641661437926,-4.22452539536984e-06,3.3786989237533073e-05,3.3786989237533073e-05,3.384191691183218e-10,-0.0211226269768492
10.1125,5060.950936720261,-4.17718753907564e-06,3.3666771391299354e-05,3.3666771391299354e-05,3.370346139768367e-10,-0.0208859376953782
10.11875,5060.243545227913,-4.1287074485930695e-06,3.3547629000614305e-05,3.3547629000614305e-05,3.3566612786694503e-10,-0.020643537242965346
10.125,5059.519777355647,-4.079105025725795e-06,3.342956518814529e-05,3.342956518814529e-05,3.3431408279279055e-10,-0.020395525128628973
10.131250000000001,5058.779932622866,-4.028400797622867e-06,3.3312583187149304e-05,3.3312583187149304e-05,3.329788439546641e-10,-0.020142003988114335
10.137500000000001,5058.024319384114,-3.976615896929242e-06,3.319668635298424e-05,3.319668635298424e-05,3.3166076954830804e-10,-0.01988307948464621
10.14375,5057.253254527152,-3.923772041102922e-06,3.308187817459648e-05,3.308187817459648e-05,3.3036021057107644e-10,-0.01961886020551461
10.15,5056.467063159515,-3.869891510942407e-06,3.296816228598824e-05,3.296816228598824e-05,3.2907751063521225e-10,-0.019349457554712034
10.15625,5055.6660782846275,-3.814997128370099e-06,3.2855542477667296e-05,3.2855542477667296e-05,3.2781300578848833e-10,-0.019074985641850496
10.162500000000001,5054.850640467256,-3.7591122335189804e-06,3.274402270808116e-05,3.274402270808116e-05,3.265670243424434e-10,-0.018795561167594902
10.168750000000001,5054.021097489779,-3.70226066117149e-06,3.2633607115036864e-05,3.2633607115036864e-05,3.253398867084272e-10,-0.01851130330585745
10.175,5053.177803999762,-3.644466716600854e-06,3.252430002710701e-05,3.252430002710701e-05,3.2413190524165353e-10,-0.01822233358300427
10.18125,5052.321121149354,-3.5857551508664327e-06,3.241610597502183e-05,3.241610597502183e-05,3.2294338409344154e-10,-0.017928775754332164
10.1875,5051.4514162275955,-3.5261511356156537e-06,3.230902970304625e-05,3.230902970304625e-05,3.2177461907180913e-10,-0.01763075567807827
10.193750000000001,5050.56906228655,-3.465680237445994e-06,3.2203076180340136e-05,3.2203076180340136e-05,3.206258975105643e-10,-0.01732840118722997
10.200000000000001,5049.674437761251,-3.4043683918812283e-06,3.2098250612299166e-05,3.2098250612299166e-05,3.194974981470223e-10,-0.01702184195940614
10.20625,5048.767926085469,-3.342241877016633e-06,3.1994558451872615e-05,3.1994558451872615e-05,3.1838969100845785e-10,-0.016711209385083164
10.2125,5047.849915302897,-3.279327286888257e-06,3.189200541085387e-05,3.189200541085387e-05,3.1730273730738497e-10,-0.016396636434441284
10.21875,5046.920797675516,-3.2156515046214963e-06,3.1790597471138216e-05,3.1790597471138216e-05,3.1623688934573626e-10,-0.016078257523107483
10.225000000000001,5045.980969289216,-3.1512416754142826e-06,3.1690340895941565e-05,3.1690340895941565e-05,3.1519239042799733e-10,-0.015756208377071413
10.231250000000001,5045.030829658154,-3.0861251794099525e-06,3.159124224097309e-05,3.159124224097309e-05,3.1416947478333265e-10,-0.015430625897049762
10.2375,5044.070781327972,-3.020329604514597e-06,3.149330836555325e-05,3.149330836555325e-05,3.1316836749672135e-10,-0.015101648022572986
10.24375,5043.101229479132,-2.953882719213166e-06,3.1396546443668054e-05,3.1396546443668054e-05,3.121892844491032e-10,-0.014769413596065829
10.25,5042.122581531363,-2.8868124454378688e-06,3.130096397494933e-05,3.130096397494933e-05,3.1123243226651747e-10,-0.014434062227189345
10.256250000000001,5041.135246748778,-2.819146831541747e-06,3.120656879556931e-05,3.120656879556931e-05,3.1029800827820006e-10,-0.014095734157708735
10.262500000000001,5040.13963584824,-2.7509140254291113e-06,3.1113369089037265e-05,3.1113369089037265e-05,3.0938620048358657e-10,-0.013754570127145557
10.26875,5039.1361606100745,-2.682142247893577e-06,3.102137339688439e-05,3.102137339688439e-05,3.084971875281526e-10,-0.013410711239467885
10.275,5038.125233492915,-2.612859766213067e-06,3.093059062922225e-05,3.093059062922225e-05,3.076311386880063e-10,-0.013064298831065335
10.28125,5037.107267252881,-2.543094868049774e-06,3.08410300751587e-05,3.08410300751587e-05,3.067882138631319e-10,-0.01271547434024887
10.287500000000001,5036.08267456767,-2.4728758357015773e-06,3.075270141305422e-05,3.075270141305422e-05,3.0596856357916773e-10,-0.012364379178507886
10.293750000000001,5035.051867667041,-2.4022309207496652e-06,3.0665614720600274e-05,3.0665614720600274e-05,3.0517232899758736e-10,-0.012011154603748327
10.3,5034.015257968702,-2.3311883191455058e-06,3.0579780484700164e-05,3.0579780484700164e-05,3.0439964193413863e-10,-0.01165594159572753
10.30625,5032.973255722382,-2.259776146778267e-06,3.0495209611131463e-05,3.0495209611131463e-05,3.0365062488538055e-10,-0.011298880733891336
10.3125,5031.926269660634,-2.1880224155619676e-06,3.041191343396822e-05,3.041191343396822e-05,3.029253910631468e-10,-0.010940112077809839
10.318750000000001,5030.874706658005,-2.115955010079554e-06,3.032990372473942e-05,3.032990372473942e-05,3.022240444367501e-10,-0.01057977505039777
10.325000000000001,5029.818971399029,-2.0436016648189478e-06,3.0249192701299407e-05,3.0249192701299407e-05,3.015466797827325e-10,-0.01021800832409474
10.33125,5028.759466054997,-1.970989942033989e-06,3.016979303638442e-05,3.016979303638442e-05,3.008933827419531e-10,-0.009854949710169944
10.3375,5027.696589970746,-1.8981472102608805e-06,3.0091717865828312e-05,3.0091717865828312e-05,3.0026422988379723e-10,-0.009490736051304403
10.34375,5026.630739360882,-1.8251006235185599e-06,3.0014980796409296e-05,3.0014980796409296e-05,2.996592887772795e-10,-0.009125503117592798
10.350000000000001,5025.562307016791,-1.7518771012189893e-06,2.9939595913298347e-05,2.9939595913298347e-05,2.9907861806880574e-10,-0.008759385506094947
10.356250000000001,5024.491682024257,-1.6785033088110622e-06,2.9865577787078652e-05,2.9865577787078652e-05,2.985222675663506e-10,-0.00839251654405531
10.3625,5023.419249491903,-1.6050056391794675e-06,2.9792941480304554e-05,2.9792941480304554e-05,2.9799027832980067e-10,-0.008025028195897338
10.36875,5022.345390291114,-1.5314101948174262e-06,2.972170255356703e-05,2.972170255356703e-05,2.974826827672068e-10,-0.007657050974087131
10.375,5021.27048080758,-1.4577427707898495e-06,2.9651877071031977e-05,2.9651877071031977e-05,2.969995047366828e-10,-0.007288713853949248
10.381250000000001,5020.194892704309,-1.3840288385011329e-06,2.9583481605416196e-05,2.9583481605416196e-05,2.9654075965368503e-10,-0.006920144192505665
10.387500000000001,5019.1189926966235,-1.3102935302793913e-06,2.951653324236548e-05,2.951653324236548e-05,2.961064546034012e-10,-0.006551467651396956
10.39375,5018.043142339436,-1.236561624786632e-06,2.9451049584197703e-05,2.9451049584197703e-05,2.956965884579754e-10,-0.0061828081239331594
10.4,5016.967697826499,-1.1628575332620702e-06,2.9387048752973445e-05,2.9387048752973445e-05,2.953111519982925e-10,-0.005814287666310351
10.40625,5015.893009801758,-1.089205286603543e-06,2.932454939285566e-05,2.932454939285566e-05,2.949501280400449e-10,-0.005446026433017715
10.412500000000001,5014.819423183312,-1.0156285232897283e-06,2.9263570671719204e-05,2.9263570671719204e-05,2.9461349156380213e-10,-0.005078142616448642
10.418750000000001,5013.74727699928,-9.421504781437822e-07,2.920413228197053e-05,2.920413228197053e-05,2.943012098488051e-10,-0.0047107523907189116
10.425,5012.676904236321,-8.687939719368423e-07,2.914625444053724e-05,2.914625444053724e-05,2.9401324261020643e-10,-0.0043439698596842114
10.43125,5011.608631699793,-7.955814018279121e-07,2.9089957887986736e-05,2.9089957887986736e-05,2.9374954213947904e-10,-0.00397790700913956
10.4375,5010.542779886841,-7.225347326345568e-07,2.9035263886733095e-05,2.9035263886733095e-05,2.935100534477187e-10,-0.003612673663172784
10.443750000000001,5009.479662870641,-6.496754889271199e-07,2.898219421829082e-05,2.898219421829082e-05,2.9329471441156666e-10,-0.0032483774446356
10.450000000000001,5008.419588197116,-5.770247479372373e-07,2.8930771179534283e-05,2.8930771179534283e-05,2.931034559214828e-10,-0.0028851237396861867
10.45625,5007.362856793175,-5.046031332697921e-07,2.8881017577921578e-05,2.8881017577921578e-05,2.9293620203210323e-10,-0.0025230156663489604
10.4625,5006.309762886482,-4.3243080940581665e-07,2.883295672564182e-05,2.883295672564182e-05,2.927928701144197e-10,-0.0021621540470290832
10.46875,5005.260593936434,-3.605274769823255e-07,2.8786612432645177e-05,2.8786612432645177e-05,2.9267337100952364e-10,-0.0018026373849116275
10.475000000000001,5004.215630576729,-2.8891236883357584e-07,2.874200899851551e-05,2.874200899851551e-05,2.9257760918366227e-10,-0.0014445618441678793
10.481250000000001,5003.175146568164,-2.1760424677702188e-07,2.8699171203146025e-05,2.8699171203146025e-05,2.925054828843602e-10,-0.0010880212338851094
10.4875,5002.139408762597,-1.4662139912586713e-07,2.8658124296179383e-05,2.8658124296179383e-05,2.924568842973654e-10,-0.0007331069956293357
10.49375,5001.108677076597,-7.598163890910079e-08,2.8618893985174377e-05,2.8618893985174377e-05,2.92431699704185e-10,-0.00037990819454550393
10.5,5000.0832044759245,-5.702302778731483e-09,2.8581506422462874e-05,2.8581506422462874e-05,2.9242980963998347e-10,-2.8511513893657417e-05
10.506250000000001,4999.063236969089,6.41997494168843e-08,2.854598819066167e-05,2.854598819066167e-05,2.9245108905162244e-10,0.00032099874708442147
10.512500000000001,4998.049013610451,1.3370813441563844e-07,2.851236628680579e-05,2.851236628680579e-05,2.9249540745562795e-10,0.0006685406720781922
10.51875,4997.040766512664,2.0280694470294166e-07,2.8480668105071258e-05,2.8480668105071258e-05,2.9256262909588006e-10,0.0010140347235147082
10.525,4996.038720867483,2.714807470750421e-07,2.845092141805739e-05,2.845092141805739e-05,2.926526131008262e-10,0.0013574037353752105
10.53125,4995.043094975143,3.397145806283291e-07,2.84231543566009e-05,2.84231543566009e-05,2.9276521364002786e-10,0.0016985729031416454
10.537500000000001,4994.054100281749,4.074939541990237e-07,2.8397395388096154e-05,2.8397395388096154e-05,2.929002800798591e-10,0.0020374697709951185
10.543750000000001,4993.07194142433,4.748048432779943e-07,2.8373673293298814e-05,2.8373673293298814e-05,2.9305765713818197e-10,0.0023740242163899712
10.55,4992.09681628293,5.416336864257188e-07,2.8352017141592533e-05,2.8352017141592533e-05,2.932371850378339e-10,0.002708168432128594
10.55625,4991.128916040119,6.079673812126308e-07,2.833245626470145e-05,2.833245626470145e-05,2.9343869965876936e-10,0.003039836906063154
10.5625,4990.1684252466275,6.737932797101327e-07,2.831502022883438e-05,2.831502022883438e-05,2.936620326887073e-10,0.0033689663985506635
10.568750000000001,4989.215521893465,7.390991835576307e-07,2.829973880524991e-05,2.829973880524991e-05,2.939070117721431e-10,0.0036954959177881537
10.575000000000001,4988.270377489488,8.038733386308466e-07,2.8286641939235126e-05,2.8286641939235126e-05,2.9417346065759353e-10,0.004019366693154234
10.58125,4987.33315714488,8.681044293365798e-07,2.827575971749446e-05,2.827575971749446e-05,2.944611993429507e-10,0.0043405221466829
10.5875,4986.40401965923,9.317815725588417e-07,2.826712233394909e-05,2.826712233394909e-05,2.947700442188293e-10,0.004658907862794209
10.59375,4985.483117614982,9.948943112810873e-07,2.826076005395137e-05,2.826076005395137e-05,2.950998082098e-10,0.004974471556405436
10.600000000000001,4984.570597474426,1.0574326079088357e-06,2.8256703176923033e-05,2.8256703176923033e-05,2.954503009134094e-10,0.005287163039544179
10.606250000000001,4983.666599681435,1.1193868373167118e-06,2.8254981997430553e-05,2.8254981997430553e-05,2.958213287368958e-10,0.005596934186583559
10.6125,4982.771258766587,1.1807477796434079e-06,2.8255626764715303e-05,2.8255626764715303e-05,2.962126950315162e-10,0.005903738898217039
10.61875,4981.88470345542,1.2415066128576003e-06,2.825866764070124e-05,2.825866764070124e-05,2.9662420022440976e-10,0.0062075330642880015
10.625,4981.00705678026,1.3016549051173653e-06,2.8264134656507562e-05,2.8264134656507562e-05,2.9705564194792847e-10,0.006508274525586826
10.631250000000001,4980.138436194022,1.3611846069449763e-06,2.8272057667498814e-05,2.8272057667498814e-05,2.975068151663742e-10,0.006805923034724881
10.637500000000001,4979.278953687096,1.4200880432384547e-06,2.8282466306910106e-05,2.8282466306910106e-05,2.979775123000879e-10,0.007100440216192274
10.64375,4978.428715905768,1.4783579051405018e-06,2.8295389938090216e-05,2.8295389938090216e-05,2.9846752334684366e-10,0.007391789525702509
10.65,4977.5878242728,1.5359872417848514e-06,2.831085760541081e-05,2.831085760541081e-05,2.9897663600050715e-10,0.007679936208924257
10.65625,4976.756375109261,1.5929694519393135e-06,2.8328897983895268e-05,2.8328897983895268e-05,2.99504635766924e-10,0.007964847259696567
10.662500000000001,4975.934459757813,1.6492982755641108e-06,2.8349539327625985e-05,2.8349539327625985e-05,3.0005130607701024e-10,0.008246491377820554
10.668750000000001,4975.122164706746,1.7049677853033252e-06,2.8372809416994633e-05,2.8372809416994633e-05,3.0061642839702237e-10,0.008524838926516625
10.675,4974.319571714927,1.7599723779265686e-06,2.8398735504865147e-05,2.8398735504865147e-05,3.011997823359909e-10,0.008799861889632844
10.68125,4973.526757937268,1.8143067657371923e-06,2.842734426172468e-05,2.842734426172468e-05,3.018011457503059e-10,0.009071533828685962
10.6875,4972.743796049948,1.8679659679625636e-06,2.845866171990328e-05,2.845866171990328e-05,3.0242029484544905e-10,0.009339829839812817
10.693750000000001,4971.970754376619,1.9209453021412558e-06,2.8492713216948297e-05,2.8492713216948297e-05,3.0305700427487055e-10,0.009604726510706279
10.700000000000001,4971.207697013632,1.973240375521101e-06,2.852952333824478e-05,2.852952333824478e-05,3.037110472360153e-10,0.009866201877605505
10.70625,4970.454683955191,2.0248470764813614e-06,2.8569115858978495e-05,2.8569115858978495e-05,3.0438219556350546e-10,0.010124235382406806
10.7125,4969.71177121804,2.07576156599148e-06,2.861151368554303e-05,2.861151368554303e-05,3.050702198194925e-10,0.0103788078299574
10.71875,4968.979010965406,2.1259802691181394e-06,2.8656738796497512e-05,2.8656738796497512e-05,3.0577488938119356e-10,0.010629901345590697
10.725000000000001,4968.256451630051,2.1754998665915457e-06,2.870481218318615e-05,2.870481218318615e-05,3.064959725256329e-10,0.010877499332957728
10.731250000000001,4967.544138036225,2.224317286441177e-06,2.8755753790135503e-05,2.8755753790135503e-05,3.0723323651161086e-10,0.011121586432205885
10.7375,4966.842111520658,2.2724296957104805e-06,2.8809582455349453e-05,2.8809582455349453e-05,3.0798644765892645e-10,0.011362148478552403
10.74375,4966.150410052249,2.3198344922593064e-06,2.8866315850626335e-05,2.8866315850626335e-05,3.0875537142488285e-10,0.011599172461296532
10.75,4965.469068350071,2.366529296662119e-06,2.8925970422026128e-05,2.8925970422026128e-05,3.0953977247810775e-10,0.011832646483310595
10.756250000000001,4964.798118000186,2.412511944209455e-06,2.898856133061954e-05,2.898856133061954e-05,3.1033941476972214e-10,0.012062559721047274
10.762500000000001,4964.1375875708245,2.457780477019352e-06,2.9054102393653808e-05,2.9054102393653808e-05,3.1115406160189476e-10,0.01228890238509676
10.76875,4963.4875027257185,2.502333136264862e-06,2.912260602627308e-05,2.912260602627308e-05,3.119834756938201e-10,0.012511665681324311
10.775,4962.847886335713,2.5461683545231733e-06,2.91940831839338e-05,2.91940831839338e-05,3.1282741924516034e-10,0.012730841772615867
10.78125,4962.2187585886195,2.58928474825126e-06,2.9268543305657765e-05,2.9268543305657765e-05,3.136856539969938e-10,0.012946423741256301
10.787500000000001,4961.60013709704,2.6316811103924126e-06,2.93459942582672e-05,2.93459942582672e-05,3.145579412903121e-10,0.013158405551962063
10.793750000000001,4960.992037004342,2.673356403117457e-06,2.942644228174781e-05,2.942644228174781e-05,3.1544404212211186e-10,0.013366782015587284
10.8,4960.394471088594,2.7143097507039776e-06,2.9509891935886574e-05,2.9509891935886574e-05,3.16343717199126e-10,0.013571548753519888
10.80625,4959.807449864162,2.754540432556329e-06,2.959634604833172e-05,2.959634604833172e-05,3.172567269892415e-10,0.013772702162781644
10.8125,4959.230981681865,2.7940478763688e-06,2.968580566422228e-05,2.968580566422228e-05,3.18182831770651e-10,0.013970239381844001
10.818750000000001,4958.665072826341,2.832831651433816e-06,2.9778269997534413e-05,2.9778269997534413e-05,3.1912179167878636e-10,0.014164158257169079
10.825000000000001,4958.109727611474,2.8708914620966453e-06,2.987373638429063e-05,2.987373638429063e-05,3.200733667510828e-10,0.014354457310483227
10.83125,4957.564948474157,2.908227141357765e-06,2.9972200237776955e-05,2.9972200237776955e-05,3.2103731696962255e-10,0.014541135706788826
10.8375,4957.030736064966,2.944838644623519e-06,3.0073655005910945e-05,3.0073655005910945e-05,3.22013402301707e-10,0.014724193223117594
10.84375,4956.5070893376105,2.9807260436055416e-06,3.017809213090142e-05,3.017809213090142e-05,3.2300138273840677e-10,0.014903630218027708
10.850000000000001,4955.994005635515,3.015889520368952e-06,3.0285501011337708e-05,3.0285501011337708e-05,3.240010183311391e-10,0.01507944760184476
10.856250000000001,4955.491480776515,3.0503293615291118e-06,3.0395868966842973e-05,3.0395868966842973e-05,3.2501206922632176e-10,0.015251646807645559
10.8625,4954.999509135458,3.0840459525964597e-06,3.0509181205422387e-05,3.0509181205422387e-05,3.2603429569815234e-10,0.015420229762982298
10.86875,4954.518083724579,3.1170397724686505e-06,3.06254207936324e-05,3.06254207936324e-05,3.2706745817956205e-10,0.015585198862343252
10.875,4954.047196271756,3.149311388069052e-06,3.074456862969269e-05,3.074456862969269e-05,3.281113172913925e-10,0.015746556940345262
10.881250000000001,4953.586837296453,3.1808614491303873e-06,3.0866603419656994e-05,3.0866603419656994e-05,3.2916563386984325e-10,0.015904307245651936
10.887500000000001,4953.136996183828,3.2116906831221734e-06,3.099150165675302e-05,3.099150165675302e-05,3.3023016899223825e-10,0.016058453415610865
10.89375,4952.697661256801,3.24179989032045e-06,3.111923760399582e-05,3.111923760399582e-05,3.3130468400115797e-10,0.01620899945160225
10.9,4952.268819845822,3.271189939018078e-06,3.12497832801717e-05,3.12497832801717e-05,3.32388940526984e-10,0.01635594969509039
10.90625,4951.850458356574,3.2998617608738273e-06,3.1383108449283036e-05,3.1383108449283036e-05,3.3348270050890214e-10,0.016499308804369138
10.912500000000001,4951.442562336302,3.327816346398369e-06,3.151918061353661e-05,3.151918061353661e-05,3.345857262144092e-10,0.016639081731991846
10.918750000000001,4951.045116537079,3.3550547405750926e-06,3.1657965009949986e-05,3.1657965009949986e-05,3.356977802573683e-10,0.016775273702875463
10.925,4950.658104978455,3.3815780386137725e-06,3.1799424610642326e-05,3.1799424610642326e-05,3.368186256146567e-10,0.01690789019306886
10.93125,4950.281511006834,3.407387381834814e-06,3.194352012686719e-05,3.194352012686719e-05,3.379480256414496e-10,0.017036936909174072
10.9375,4949.915317354272,3.4324839536820185e-06,3.209021001683587e-05,3.209021001683587e-05,3.3908574408518207e-10,0.017162419768410094
10.943750000000001,4949.559506194243,3.4568689758615283e-06,3.2239450497370454e-05,3.2239450497370454e-05,3.4023154509823135e-10,0.01728434487930764
10.950000000000001,4949.214059196753,3.4805437046048125e-06,3.239119555941639e-05,3.239119555941639e-05,3.4138519324936053e-10,0.017402718523024063
10.95625,4948.878957580456,3.5035094270533355e-06,3.2545396987434185e-05,3.2545396987434185e-05,3.4254645353396386e-10,0.017517547135266678
10.9625,4948.554182164387,3.5257674577627805e-06,3.270200438268029e-05,3.270200438268029e-05,3.4371509138315334e-10,0.0176288372888139
10.96875,4948.239713416438,3.5473191353244725e-06,3.2860965190376605e-05,3.2860965190376605e-05,3.4489087267172553e-10,0.017736595676622363
10.975000000000001,4947.935531501738,3.5681658191019025e-06,3.302222473075806e-05,3.302222473075806e-05,3.4607356372504665e-10,0.017840829095509513
10.981250000000001,4947.641616328098,3.588308886080109e-06,3.318572623397706e-05,3.318572623397706e-05,3.4726293132489314e-10,0.017941544430400545
10.9875,4947.35794759076,3.607749727825834e-06,3.3351410878833445e-05,3.3351410878833445e-05,3.484587427142851e-10,0.01803874863912917
10.99375,4947.084504814693,3.626489747556325e-06,3.351921783528775e-05,3.351921783528775e-05,3.4966076560134785e-10,0.018132448737781626
11.0,4946.821267396355,3.6445303573148425e-06,3.368908431070543e-05,3.368908431070543e-05,3.508687681622373e-10,0.01822265178657421
11.006250000000001,4946.568214642926,3.6618729752508462e-06,3.386094559976919e-05,3.386094559976919e-05,3.5208251904316404e-10,0.01830936487625423
11.012500000000001,4946.325325810746,3.6785190230030282e-06,3.403473513798614e-05,3.403473513798614e-05,3.5330178736154957e-10,0.01839259511501514
11.01875,4946.092580141948,3.6944699231834023e-06,3.421038455870666e-05,3.421038455870666e-05,3.545263427063493e-10,0.01847234961591701
11.025,4945.869956899698,3.709727096960698e-06,3.4387823753561546e-05,3.4387823753561546e-05,3.557559551375739e-10,0.01854863548480349
11.03125,4945.657435402073,3.7242919617414838e-06,3.456698093621449e-05,3.456698093621449e-05,3.569903951850423e-10,0.01862145980870742
11.037500000000001,4945.454995054493,3.738165928947468e-06,3.474778270931735e-05,3.474778270931735e-05,3.582294338463982e-10,0.01869082964473734
11.043750000000001,4945.262615380825,3.751350401887565e-06,3.493015413454635e-05,3.493015413454635e-05,3.594728425844208e-10,0.018756752009437824
11.05,4945.080276052749,3.763846773723364e-06,3.511401880558885e-05,3.511401880558885e-05,3.6072039332366154e-10,0.01881923386861682
11.05625,4944.907956918657,3.7756564255268714e-06,3.529929892394116e-05,3.529929892394116e-05,3.6197185844643684e-10,0.018878282127634358
11.0625,4944.74563803012,3.78678072442931e-06,3.548591537737047e-05,3.548591537737047e-05,3.632270107882074e-10,0.01893390362214655
11.068750000000001,4944.593299668007,3.797221021860071e-06,3.567378782088579e-05,3.567378782088579e-05,3.6448562363237365e-10,0.018986105109300357
11.075000000000001,4944.4509223665245,3.806978651874883e-06,3.586283476005555e-05,3.586283476005555e-05,3.6574747070451733e-10,0.019034893259374415
11.08125,4944.318486936608,3.816054929572459e-06,3.605297363650324e-05,3.605297363650324e-05,3.6701232616611784e-10,0.019080274647862293
11.0875,4944.195974487565,3.8244511495989735e-06,3.624412091540555e-05,3.624412091540555e-05,3.6827996460777323e-10,0.01912225574799487
11.09375,4944.083366447683,3.832168584739842e-06,3.643619217481241e-05,3.643619217481241e-05,3.695501610419543e-10,0.019160842923699208
11.100000000000001,4943.980644583619,3.839208484598401e-06,3.6629102196602714e-05,3.6629102196602714e-05,3.7082269089532076e-10,0.019196042422992006
11.106250000000001,4943.887791018038,3.845572074361181e-06,3.68227650588853e-05,3.68227650588853e-05,3.720973300006281e-10,0.019227860371805905
11.1125,4943.804788246928,3.851260553649681e-06,3.701709422965058e-05,3.701709422965058e-05,3.7337385458825403e-10,0.019256302768248405
11.11875,4943.731619154633,3.856275095458521e-06,3.7212002661474904e-05,3.7212002661474904e-05,3.7465204127737256e-10,0.019281375477292605
11.125,4943.668267028396,3.860616845180121e-06,3.740740288707727e-05,3.740740288707727e-05,3.759316670668053e-10,0.019303084225900602
11.131250000000001,4943.614715570917,3.864286919716065e-06,3.760320711552552e-05,3.760320711552552e-05,3.77212509325578e-10,0.019321434598580323
11.137500000000001,4943.570948912595,3.86728640667555e-06,3.779932732888794e-05,3.779932732888794e-05,3.784943457832112e-10,0.01933643203337775
11.14375,4943.536951621478,3.869616363661269e-06,3.7995675379125596e-05,3.7995675379125596e-05,3.797769545197746e-10,0.019348081818306342
11.15,4943.512708712685,3.871277817643415e-06,3.8192163085020047e-05,3.8192163085020047e-05,3.8106011395573366e-10,0.019356389088217074
11.15625,4943.498205656102,3.872271764422383e-06,3.8388702328932166e-05,3.8388702328932166e-05,3.8234360284161816e-10,0.019361358822111915
11.162500000000001,4943.493428382968,3.8725991681810655e-06,3.858520515318862e-05,3.858520515318862e-05,3.836272002475423e-10,0.01936299584090533
11.168750000000001,4943.498363291079,3.872260961127596e-06,3.8781583855894296e-05,3.8781583855894296e-05,3.8491068555260666e-10,0.01936130480563798
11.175,4943.512997248663,3.871258043229625e-06,3.897775108597176e-05,3.897775108597176e-05,3.8619383843421165e-10,0.019356290216148125
11.18125,4943.5373175969635,3.869591282041245e-06,3.9173619937231344e-05,3.9173619937231344e-05,3.8747643885731404e-10,0.019347956410206226
11.1875,4943.571312151186,3.867261512623802e-06,3.936910404127955e-05,3.936910404127955e-05,3.8875826706365685e-10,0.01933630756311901
11.193750000000001,4943.614969200593,3.864269537561995e-06,3.9564117659077315e-05,3.9564117659077315e-05,3.90039103561005e-10,0.019321347687809975
11.200000000000001,4943.668277506513,3.860616127076674e-06,3.975857577096476e-05,3.975857577096476e-05,3.913187291124178e-10,0.01930308063538337
11.20625,4943.731226299568,3.856302019235921e-06,3.995239416497409e-05,3.995239416497409e-05,3.9259692472559206e-10,0.019281510096179604
11.2125,4943.803805274965,3.851327920266041e-06,4.014548952325839e-05,4.014548952325839e-05,3.938734716423076e-10,0.019256639601330203
11.21875,4943.886004586472,3.845694504964192e-06,4.0337779506470335e-05,4.0337779506470335e-05,3.951481513280101e-10,0.01922847252482096
11.225000000000001,4943.977814838794,3.8394024172145e-06,4.0529182835931444e-05,4.0529182835931444e-05,3.9642074546156463e-10,0.0191970120860725
11.231250000000001,4944.079227078983,3.832452270609538e-06,4.071961937344006e-05,4.071961937344006e-05,3.976910359252155e-10,0.019162261353047688
11.2375,4944.190232785118,3.8248446491791134e-06,4.090901019857365e-05,4.090901019857365e-05,3.989588047947872e-10,0.019124223245895567
11.24375,4944.310823854504,3.8165801082284264e-06,4.109727768334915e-05,4.109727768334915e-05,4.0022383433016373e-10,0.01908290054114213
11.25,4944.440992589826,3.8076591752877013e-06,4.128434556411333e-05,4.128434556411333e-05,4.0148590696608236e-10,0.019038295876438505
11.256250000000001,4944.580731683432,3.7980823511753842e-06,4.147013901054401e-05,4.147013901054401e-05,4.027448053032797e-10,0.018990411755876922
11.262500000000001,4944.730034200164,3.787850111177142e-06,4.165458469165173e-05,4.165458469165173e-05,4.040003121000289e-10,0.01893925055588571
11.26875,4944.888893558708,3.7769629063428903e-06,4.1837610838680506e-05,4.1837610838680506e-05,4.052522102641063e-10,0.01888481453171445
11.275,4945.057303510503,3.7654211649040494e-06,4.2019147304816225e-05,4.2019147304816225e-05,4.0650028284522834e-10,0.018827105824520247
11.28125,4945.235258117568,3.753225293813378e-06,4.2199125621620006e-05,4.2199125621620006e-05,4.077443130279985e-10,0.01876612646906689
11.287500000000001,4945.422751728042,3.7403756804096e-06,4.237747905211408e-05,4.237747905211408e-05,4.089840841254061e-10,0.018701878402048
11.293750000000001,4945.619778950256,3.7268726942091626e-06,4.255414264045724e-05,4.255414264045724e-05,4.1021937957291903e-10,0.018634363471045814
11.3,4945.826334624401,3.712716688827346e-06,4.272905325815665e-05,4.272905325815665e-05,4.1144998292321325e-10,0.01856358344413673
11.30625,4946.0424137928585,3.6979080040310205e-06,4.290214964677276e-05,4.290214964677276e-05,4.1267567784158247e-10,0.018489540020155102
11.3125,4946.268011668082,3.68244696792525e-06,4.307337245708367e-05,4.307337245708367e-05,4.13896248102073e-10,0.01841223483962625
11.318750000000001,4946.50312359889,3.666333899275912e-06,4.324266428468505e-05,4.324266428468505e-05,4.1511147758438803e-10,0.01833166949637956
11.325000000000001,4946.747745034358,3.64956910997046e-06,4.340996970201148e-05,4.340996970201148e-05,4.163211502716079e-10,0.018247845549852298
11.33125,4947.001871486119,3.6321529076188864e-06,4.357523528677429e-05,4.357523528677429e-05,4.175250502487721e-10,0.018160764538094433
11.3375,4947.2654984879755,3.6140855982968104e-06,4.373840964682045e-05,4.373840964682045e-05,4.18722961702371e-10,0.01807042799148405
11.34375,4947.538621554187,3.5953674894326263e-06,4.389944344142632e-05,4.389944344142632e-05,4.199146689207939e-10,0.017976837447163132
11.350000000000001,4947.8212361349915,3.5759988928404146e-06,4.4058289399048634e-05,4.4058289399048634e-05,4.2109995629578285e-10,0.017879994464202072
11.356250000000001,4948.113337570136,3.5559801279002537e-06,4.42149023315642e-05,4.42149023315642e-05,4.2227860832494047e-10,0.01777990063950127
11.3625,4948.414921040498,3.535311524887469e-06,4.4369239145037745e-05,4.4369239145037745e-05,4.234504096153412e-10,0.017676557624437345
11.36875,4948.7259815170855,3.5139934284520984e-06,4.452125884706566e-05,4.452125884706566e-05,4.2461514488829594e-10,0.01756996714226049
11.375,4949.046513708327,3.49202620124979e-06,4.4670922550751244e-05,4.4670922550751244e-05,4.2577259898532005e-10,0.01746013100624895
11.381250000000001,4949.376512004602,3.4694102277250692e-06,4.481819347537415e-05,4.481819347537415e-05,4.269225568753555e-10,0.017347051138625346
11.387500000000001,4949.715970420971,3.446145918047792e-06,4.4963036943824074e-05,4.4963036943824074e-05,4.2806480366329766e-10,0.01723072959023896
11.39375,4950.0648825374665,3.422233712203305e-06,4.510542037687522e-05,4.510542037687522e-05,4.2919912459987775e-10,0.017111168561016524
11.4,4950.423241437133,3.397674084236659e-06,4.524531328438447e-05,4.524531328438447e-05,4.303253050929522e-10,0.016988370421183296
11.40625,4950.791039641744,3.3724675466509166e-06,4.538268725350198e-05,4.538268725350198e-05,4.3144313072024994e-10,0.016862337733254584
11.412500000000001,4951.168269045679,3.3466146549593862e-06,4.5517515933988266e-05,4.5517515933988266e-05,4.325523872436281e-10,0.016733073274796933
11.418750000000001,4951.554920846991,3.3201160123912672e-06,4.5649775020737084e-05,4.5649775020737084e-05,4.3365286062488803e-10,0.016600580061956336
11.425,4951.950985476527,3.2929722747499033e-06,4.5779442233607776e-05,4.5779442233607776e-05,4.3474433704320127e-10,0.016464861373749518
11.43125,4952.356452525108,3.26518415542259e-06,4.590649729467492e-05,4.590649729467492e-05,4.3582660291419606e-10,0.01632592077711295
11.4375,4952.771310667776,3.2367524305403923e-06,4.6030921903006833e-05,4.6030921903006833e-05,4.368994449107541e-10,0.016183762152701963
11.443750000000001,4953.195547586806,3.20767794428627e-06,4.6152699707087885e-05,4.6152699707087885e-05,4.379626499855669e-10,0.01603838972143135
11.450000000000001,4953.629149891856,3.1779616143492696e-06,4.627181627500181e-05,4.627181627500181e-05,4.3901600539549985e-10,0.015889808071746347
11.45625,4954.0721030382865,3.1476044375222556e-06,4.6388259062496367e-05,4.6388259062496367e-05,4.400592987278115e-10,0.015738022187611278
11.4625,4954.524391243602,3.1166074954402167e-06,4.6502017379050764e-05,4.6502017379050764e-05,4.410923179282752e-10,0.015583037477201083
11.46875,4954.985997401541,3.084971960455783e-06,4.6613082352069414e-05,4.6613082352069414e-05,4.42114851331248e-10,0.015424859802278914
11.475000000000001,4955.4569029945005,3.052699101648156e-06,4.672144688932627e-05,4.672144688932627e-05,4.4312668769173124e-10,0.01526349550824078
11.481250000000001,4955.937088003888,3.0197902909611838e-06,4.682710563978455e-05,4.682710563978455e-05,4.441276162194656e-10,0.01509895145480592
11.4875,4956.426530818844,2.9862470094659275e-06,4.6930054952917365e-05,4.6930054952917365e-05,4.451174266151022e-10,0.014931235047329638
11.49375,4956.925208143112,2.952070853742523e-06,4.703029283665388e-05,4.703029283665388e-05,4.460959091084887e-10,0.014760354268712616
11.5,4957.433094900062,2.9172635423756935e-06,4.712781891407579e-05,4.712781891407579e-05,4.4706285449910844e-10,0.014586317711878467
11.506250000000001,4957.950164136682,2.8818269225578175e-06,4.722263437898756e-05,4.722263437898756e-05,4.480180541987084e-10,0.014409134612789087
11.512500000000001,4958.476386925488,2.845762976792888e-06,4.731474195048268e-05,4.731474195048268e-05,4.48961300276149e-10,0.01422881488396444
11.51875,4959.011732265419,2.80907382969425e-06,4.740414582662674e-05,4.740414582662674e-05,4.4989238550450703e-10,0.01404536914847125
11.525,4959.556166981465,2.7717617548684886e-06,4.749085163737605e-05,4.749085163737605e-05,4.5081110341046066e-10,0.013858808774342443
11.53125,4960.109655622901,2.7338291818772753e-06,4.7574866396848425e-05,4.7574866396848425e-05,4.5171724832598147e-10,0.013669145909386376
11.537500000000001,4960.672160360839,2.6952787032685427e-06,4.765619845506026e-05,4.765619845506026e-05,4.526106154423575e-10,0.013476393516342713
11.543750000000001,4961.243640884888,2.6561130816677705e-06,4.773485744924124e-05,4.773485744924124e-05,4.5349100086656636e-10,0.013280565408338852
11.55,4961.824054298536,2.6163352569196472e-06,4.781085425483509e-05,4.781085425483509e-05,4.5435820168001573e-10,0.013081676284598236
11.55625,4962.413355014786,2.5759483532699178e-06,4.7884200936291393e-05,4.7884200936291393e-05,4.552120159996642e-10,0.012879741766349588
11.5625,4963.011494650644,2.5349556865766175e-06,4.795491069775056e-05,4.795491069775056e-05,4.560522430415325e-10,0.012674778432883088
11.568750000000001,4963.618421921822,2.493360771539463e-06,4.802299783371974e-05,4.802299783371974e-05,4.568786831866107e-10,0.012466803857697314
11.575000000000001,4964.234082537032,2.451167328935606e-06,4.808847767983448e-05,4.808847767983448e-05,4.5769113804916376e-10,0.012255836644678029
11.58125,4964.858419092498,2.4083792928495003e-06,4.8151366563796387e-05,4.8151366563796387e-05,4.5848941054743396e-10,0.012041896464247501
11.5875,4965.491370966928,2.3650008178841246e-06,4.821168175657352e-05,4.821168175657352e-05,4.5927330497673285e-10,0.011825004089420624
11.59375,4966.132874216381,2.3210362863403243e-06,4.826944142394595e-05,4.826944142394595e-05,4.6004262708491313e-10,0.011605181431701622
11.600000000000001,4966.782861470646,2.276490315350618e-06,4.8324664578474554e-05,4.8324664578474554e-05,4.607971841502053e-10,0.01138245157675309
11.606250000000001,4967.441261829509,2.2313677639533106e-06,4.837737103196734e-05,4.837737103196734e-05,4.615367850613986e-10,0.011156838819766554
11.6125,4968.10800076107,2.185673740092402e-06,4.8427581348512694e-05,4.8427581348512694e-05,4.622612404003427e-10,0.01092836870046201
11.61875,4968.7830000006925,2.1394136075283242e-06,4.847531679814521e-05,4.847531679814521e-05,4.629703625267393e-10,0.010697068037641621
11.625,4969.466177451598,2.092592992644176e-06,4.852059931120488e-05,4.852059931120488e-05,4.6366396566519033e-10,0.01046296496322088
11.631250000000001,4970.1574470875685,2.0452177911318176e-06,4.856345143344656e-05,4.856345143344656e-05,4.643418659944619e-10,0.010226088955659088
11.637500000000001,4970.856718857091,1.997294174541772e-06,4.860389628195202e-05,4.860389628195202e-05,4.650038817389195e-10,0.00998647087270886
11.64375,4971.563898590279,1.948828596680712e-06,4.864195750189267e-05,4.864195750189267e-05,4.6564983326208353e-10,0.009744142983403559
11.65,4972.278887907739,1.8998277998398996e-06,4.8677659224186966e-05,4.8677659224186966e-05,4.662795431622492e-10,0.009499138999199498
11.65625,4973.001584132564,1.850298820837869e-06,4.8711026024092124e-05,4.8711026024092124e-05,4.668928363701099e-10,0.009251494104189345
11.662500000000001,4973.731880205103,1.8002489968603369e-06,4.8742082880765864e-05,4.8742082880765864e-05,4.67489540248315e-10,0.009001244984301684
11.668750000000001,4974.469664600857,1.7496859710802307e-06,4.877085513782981e-05,4.877085513782981e-05,4.680694846928921e-10,0.008748429855401153
11.675,4975.214821252146,1.6986176980406116e-06,4.879736846496227e-05,4.879736846496227e-05,4.686325022364522e-10,0.008493088490203058
11.68125,4975.967229472982,1.647052448783141e-06,4.882164882054431e-05,4.882164882054431e-05,4.691784281530949e-10,0.008235262243915705
11.6875,4976.72676388847,1.594998815704821e-06,4.884372241537948e-05,4.884372241537948e-05,4.697071005649243e-10,0.007974994078524105
11.693750000000001,4977.493294367931,1.542465717125624e-06,4.886361567750377e-05,4.886361567750377e-05,4.702183605500777e-10,0.00771232858562812
11.700000000000001,4978.266685962972,1.489462401549822e-06,4.888135521809907e-05,4.888135521809907e-05,4.707120522521675e-10,0.00744731200774911
11.70625,4979.0467988498,1.4359984516038317e-06,4.889696779852018e-05,4.889696779852018e-05,4.71188022991028e-10,0.007179992258019159
11.7125,4979.833488276851,1.3820837876336266e-06,4.8910480298441993e-05,4.8910480298441993e-05,4.716461233746547e-10,0.006910418938168133
11.71875,4980.6266045175835,1.3277286709449625e-06,4.8921919685130855e-05,4.8921919685130855e-05,4.720862074122177e-10,0.0066386433547248125
11.725000000000001,4981.425992828346,1.2729437066698818e-06,4.893131298384078e-05,4.893131298384078e-05,4.725081326280248e-10,0.006364718533349409
11.731250000000001,4982.231493412676,1.2177398462433866e-06,4.893868724933287e-05,4.893868724933287e-05,4.72911760176306e-10,0.006088699231216933
11.7375,4983.042941390653,1.162128389474417e-06,4.894406953851359e-05,4.894406953851359e-05,4.732969549566842e-10,0.005810641947372085
11.74375,4983.86016677524,1.1061209861958027e-06,4.894748688418493e-05,4.894748688418493e-05,4.736635857301928e-10,0.005530604930979013
11.75,4984.682994454145,1.0497296374782447e-06,4.8948966269897625e-05,4.8948966269897625e-05,4.74011525235696e-10,0.005248648187391223
11.756250000000001,4985.511244179052,9.929666963940238e-07,4.894853460589625e-05,4.894853460589625e-05,4.743406503065612e-10,0.004964833481970119
11.762500000000001,4986.344730560938,9.358448683165938e-07,4.894621870614296e-05,4.894621870614296e-05,4.746508419874325e-10,0.004679224341582969
11.76875,4987.183263072966,8.783772107429893e-07,4.894204526640526e-05,4.894204526640526e-05,4.749419856509431e-10,0.004391886053714947
11.775,4988.026646059863,8.205771326265577e-07,4.893604084339096e-05,4.893604084339096e-05,4.752139711142088e-10,0.004102885663132788
11.78125,4988.874678755401,7.624583932083772e-07,4.8928231834912565e-05,4.8928231834912565e-05,4.754666927549324e-10,0.0038122919660418856
11.787500000000001,4989.727155306518,7.040351003364214e-07,4.891864446106158e-05,4.891864446106158e-05,4.757000496269517e-10,0.003520175501682107
11.793750000000001,4990.583864805799,6.453217082624786e-07,4.890730474637217e-05,4.890730474637217e-05,4.759139455750577e-10,0.003226608541312393
11.8,4991.444591331046,5.863330149076503e-07,4.889423850295253e-05,4.889423850295253e-05,4.761082893489052e-10,0.002931665074538252
11.80625,4992.309113993312,5.270841585882657e-07,4.8879471314561364e-05,4.8879471314561364e-05,4.762829947158398e-10,0.0026354207929413283
11.8125,4993.177206992626,4.67590614195014e-07,4.886302852160601e-05,4.886302852160601e-05,4.764379805724569e-10,0.00233795307097507
11.818750000000001,4994.048639681696,4.0786818881911744e-07,4.884493520703826e-05,4.884493520703826e-05,4.76573171054712e-10,0.002039340944095587
11.825000000000001,4994.923176637824,3.4793301682047836e-07,4.8825216183123026e-05,4.8825216183123026e-05,4.76688495646396e-10,0.0017396650841023918
11.83125,4995.800577743371,2.8780155433386465e-07,4.8803895979055e-05,4.8803895979055e-05,4.767838892857892e-10,0.0014390077716693232
11.8375,4996.680598273826,2.2749057321028304e-07,4.878099882939762e-05,4.878099882939762e-05,4.768592924703079e-10,0.0011374528660514152
11.84375,4997.5629889946595,1.670171543919728e-07,4.875654866331887e-05,4.875654866331887e-05,4.76914651358954e-10,0.000835085771959864
11.850000000000001,4998.447496266189,1.0639868072059172e-07,4.873056909459805e-05,4.873056909459805e-05,4.769499178723822e-10,0.0005319934036029586
11.856250000000001,4999.333862156734,4.5652829179474384e-08,4.8703083412377684e-05,4.8703083412377684e-05,4.769650497903946e-10,0.00022826414589737192
11.8625,5000.221824564334,-1.5202437427898393e-08,4.8674114572634896e-05,4.8674114572634896e-05,4.769600108466778e-10,-7.601218713949196e-05
11.86875,5001.111117345807,-7.614887935986183e-08,4.8643685190346384e-05,4.8643685190346384e-05,4.769347708205957e-10,-0.00038074439679930915
11.875,5002.001470455022,-1.3716798937412213e-07,4.8611817532321936e-05,4.8611817532321936e-05,4.768893056258544e-10,-0.0006858399468706106
11.881250000000001,5002.892610088219,-1.982410027149583e-07,4.857853351068102e-05,4.857853351068102e-05,4.768235973958564e-10,-0.0009912050135747915
11.887500000000001,5003.784258837868,-2.593489076425885e-07,4.854385467694796e-05,4.854385467694796e-05,4.767376345655654e-10,-0.0012967445382129424
11.89375,5004.676135854031,-3.20472456496029e-07,4.8507802216741144e-05,4.8507802216741144e-05,4.766314119497036e-10,-0.001602362282480145
11.9,5005.567957013302,-3.8159217727936113e-07,4.8470396945032584e-05,4.8470396945032584e-05,4.76504930817109e-10,-0.0019079608863968056
11.90625,5006.45943509566,-4.4268838575997243e-07,4.8431659301954385e-05,4.8431659301954385e-05,4.763581989610824e-10,-0.002213441928799862
11.912500000000001,5007.3502799678645,-5.037411980660945e-07,4.839160934912943e-05,4.839160934912943e-05,4.761912307655595e-10,-0.0025187059903304726
11.918750000000001,5008.24019877465,-5.647305437695174e-07,4.8350266766504174e-05,4.8350266766504174e-05,4.760040472669458e-10,-0.0028236527188475868
11.925,5009.128896136418,-6.256361794381768e-07,4.830765084966205e-05,4.830765084966205e-05,4.7579667621146e-10,-0.0031281808971908836
11.93125,5010.016074353445,-6.864377026419572e-07,4.826378050759677e-05,4.826378050759677e-05,4.755691521078349e-10,-0.0034321885132097864
11.9375,5010.901433616911,-7.471145663938053e-07,4.821867426092546e-05,4.821867426092546e-05,4.753215162752316e-10,-0.0037355728319690266
11.943750000000001,5011.784672225338,-8.076460940070683e-07,4.817235024052242e-05,4.817235024052242e-05,4.750538168862294e-10,-0.004038230470035342
11.950000000000001,5012.665486807348,-8.680114943487151e-07,4.81248261865549e-05,4.81248261865549e-05,4.747661090047598e-10,-0.004340057471743575
11.95625,5013.543572549688,-9.281898774669889e-07,4.8076119447903254e-05,4.8076119447903254e-05,4.744584546188603e-10,-0.004640949387334945
11.9625,5014.41862343045,-9.881602705708898e-07,4.802624698194868e-05,4.802624698194868e-05,4.741309226681322e-10,-0.0049408013528544495
11.96875,5015.290332456811,-1.047901634337879e-06,4.797522535471227e-05,4.797522535471227e-05,4.737835890657931e-10,-0.005239508171689396
11.975000000000001,5016.158391907481,-1.1073928795251038e-06,4.7923070741330276e-05,4.7923070741330276e-05,4.734165367152229e-10,-0.005536964397625519
11.981250000000001,5017.0224935794695,-1.1666128838585134e-06,4.786979892685123e-05,4.786979892685123e-05,4.730298555209123e-10,-0.0058330644192925675
11.9875,5017.882329037678,-1.2255405091733741e-06,4.781542530734118e-05,4.781542530734118e-05,4.726236423937302e-10,-0.00612770254586687
11.99375,5018.737589868541,-1.284154618778767e-06,4.775996489128458e-05,4.775996489128458e-05,4.721980012504346e-10,-0.006420773093893835
12.0,5019.587967936307,-1.342434095017927e-06,4.770343230126868e-05,4.770343230126868e-05,4.717530430073644e-10,-0.006712170475089635
