t_adimensional,p_outlet_Pa,q_outlet_m3s,w_centro_m,w_max_m,volume_acumulado_m3,potencia_W
0.0,19619.934774586527,2.7772151753715226e-06,9.568086168942401e-08,9.568086168942408e-08,1.841050953111929e-12,0.05554430350743045
0.0125,19253.385443064166,5.455666919856047e-06,2.8513557609455335e-07,2.8513557609455356e-07,5.457681335854432e-12,0.10911333839712094
0.025,18901.76570197467,8.025025060558143e-06,5.665323224084635e-07,5.665323224084637e-07,1.077757162289754e-11,0.16050050121116285
0.037500000000000006,18565.733555995284,1.048048142127033e-05,9.381175830254856e-07,9.381175830254861e-07,1.7725214888284925e-11,0.20960962842540662
0.05,18245.37159510213,1.282143249996195e-05,1.3982164485523089e-06,1.3982164485523097e-06,2.6224704136955566e-11,0.25642864999923903
0.0625,17940.383822725933,1.505004120475736e-05,1.9452310761790027e-06,1.945231076179004e-06,3.6201566192912646e-11,0.3010008240951472
0.07500000000000001,17650.26788306291,1.7169978353370575e-05,2.5776381436191647e-06,2.577638143619166e-06,4.75837613115013e-11,0.3433995670674115
0.08750000000000001,17374.442288968607,1.9185492992578696e-05,3.2939859203275454e-06,3.293985920327547e-06,6.030206649474447e-11,0.3837098598515739
0.1,17112.325508974376,2.1100834493047768e-05,4.092891342157928e-06,4.092891342157929e-06,7.429007570605298e-11,0.42201668986095536
0.1125,16863.37473087606,2.2919969295774045e-05,4.973037278495992e-06,4.973037278495994e-06,8.948401231258044e-11,0.4583993859154809
0.125,16627.096740145284,2.464650142128009e-05,5.9331700446778216e-06,5.933170044677823e-06,1.0582248883212204e-10,0.4929300284256018
0.1375,16403.04322616962,2.6283706767893348e-05,6.972097136497656e-06,6.9720971364976584e-06,1.2324628941677468e-10,0.525674135357867
0.15000000000000002,16190.800064810552,2.7834611426309666e-05,8.088685134261742e-06,8.088685134261747e-06,1.4169820425230855e-10,0.5566922285261933
0.1625,15989.976560681365,2.9302070288487987e-05,9.281857723714216e-06,9.28185772371422e-06,1.611229160683661e-10,0.5860414057697597
0.17500000000000002,15800.19747216373,3.0688825322512265e-05,1.0550593794797385e-05,1.0550593794797385e-05,1.814669252798016e-10,0.6137765064502453
0.1875,15621.098431613467,3.1997539038085285e-05,1.1893925595814891e-05,1.1893925595814891e-05,2.0267849731271852e-10,0.6399507807617056
0.2,15452.324164055028,3.323080750290119e-05,1.3310936934241644e-05,1.3310936934241644e-05,2.2470761855922437e-10,0.6646161500580238
0.21250000000000002,15293.528480867615,3.4391160388783136e-05,1.4800761424091522e-05,1.4800761424091522e-05,2.475059523627707e-10,0.6878232077756627
0.225,15144.37507991389,3.5481055124973374e-05,1.6362580783686647e-05,1.6362580783686647e-05,2.710267911276354e-10,0.7096211024994675
0.23750000000000002,15004.53845574171,3.650287024710461e-05,1.799562318820409e-05,1.799562318820409e-05,2.952250040193545e-10,0.7300574049420921
0.25,14873.70453298156,3.745890076883365e-05,1.9699161680020394e-05,1.9699161680020394e-05,3.20056981596951e-10,0.749178015376673
0.2625,14751.570888343682,3.8351356559660045e-05,2.1472512637863996e-05,2.1472512637863996e-05,3.4548057936979987e-10,0.7670271311932009
0.275,14637.846590412093,3.918236351558656e-05,2.33150343039201e-05,2.33150343039201e-05,3.714550621305383e-10,0.7836472703117312
0.28750000000000003,14532.251767261561,3.9953966718629946e-05,2.5226125366705117e-05,2.5226125366705117e-05,3.9794105038245533e-10,0.7990793343725989
0.30000000000000004,14434.51703106864,4.066813464130868e-05,2.720522359683101e-05,2.720522359683101e-05,4.249004695540899e-10,0.8133626928261736
0.3125,14344.382870366835,4.1326763587558686e-05,2.9251804532620624e-05,2.9251804532620624e-05,4.522965021577675e-10,0.8265352717511737
0.325,14261.599084905958,4.193168182233451e-05,3.136538021273697e-05,3.136538021273697e-05,4.800935426857013e-10,0.8386336364466902
0.3375,14185.924300053926,4.248465311997326e-05,3.3545497953360964e-05,3.3545497953360964e-05,5.082571548583494e-10,0.8496930623994652
0.35000000000000003,14117.12556647128,4.2987379689456945e-05,3.5791739167832936e-05,3.5791739167832936e-05,5.367540308119642e-10,0.8597475937891389
0.36250000000000004,14054.978030590362,4.344150458228995e-05,3.810371822694877e-05,3.810371822694877e-05,5.655519518823551e-10,0.868830091645799
0.375,13999.264652612252,4.384861375315291e-05,4.048108135820277e-05,4.048108135820277e-05,5.94619750754684e-10,0.8769722750630582
0.3875,13949.775949072515,4.421023794102922e-05,4.292350558215326e-05,4.292350558215326e-05,6.239272748602833e-10,0.8842047588205844
0.4,13906.309743012587,4.452785449475187e-05,4.54306976837098e-05,4.54306976837098e-05,6.534453509836523e-10,0.8905570898950373
0.41250000000000003,13868.670912815945,4.480288920831074e-05,4.8002393215426154e-05,4.8002393215426154e-05,6.831457510861017e-10,0.8960577841662147
0.42500000000000004,13836.67113796561,4.503671817865695e-05,5.063835552868758e-05,5.063835552868758e-05,7.130011593609603e-10,0.9007343635731391
0.4375,13810.128644712555,4.523066966415353e-05,5.333837482675684e-05,5.333837482675684e-05,7.429851405207712e-10,0.9046133932830706
0.45,13788.867956501255,4.538602590826977e-05,5.610226723060852e-05,5.610226723060852e-05,7.730721092934393e-10,0.9077205181653953
0.4625,13772.719653492106,4.550402489679785e-05,5.892987384377224e-05,5.892987384377224e-05,8.032373010832585e-10,0.910080497935957
0.47500000000000003,13761.520143662427,4.558586203046859e-05,6.18210597952478e-05,6.18210597952478e-05,8.334567437407386e-10,0.9117172406093719
0.48750000000000004,13755.1114457912,4.5632691710724485e-05,6.47757132289121e-05,6.47757132289121e-05,8.637072303836591e-10,0.9126538342144896
0.5,13753.340982929072,4.5645628848876286e-05,6.779374419238597e-05,6.779374419238597e-05,8.939662932185635e-10,0.9129125769775257
0.5125000000000001,13756.061384096893,4.56257503151373e-05,7.08750833564359e-05,7.08750833564359e-05,9.242121783228365e-10,0.9125150063027461
0.525,13763.13029194923,4.5574096344061175e-05,7.401968046572872e-05,7.401968046572872e-05,9.544238213584628e-10,0.9114819268812235
0.5375,13774.410174744227,4.5491671908516397e-05,7.72275023809887e-05,7.72275023809887e-05,9.845808241966118e-10,0.9098334381703279
0.55,13789.768141818493,4.53794480680554e-05,8.049853051910239e-05,8.049853051910239e-05,1.0146634324360724e-09,0.9075889613611079
0.5625,13809.075762565297,4.5238363291672674e-05,8.383275742940555e-05,8.383275742940555e-05,1.0446525137985622e-09,0.9047672658334535
0.5750000000000001,13832.208889463673,4.5069324750969685e-05,8.723018215970753e-05,8.723018215970753e-05,1.0745295373812897e-09,0.9013864950193937
0.5875,13859.047485921645,4.4873209578138896e-05,9.06908039639794e-05,9.06908039639794e-05,1.1042765537434528e-09,0.8974641915627779
0.6000000000000001,13889.475459638845,4.465086608362125e-05,9.421461378602032e-05,9.421461378602032e-05,1.133876175799935e-09,0.893017321672425
0.6125,13923.380501958405,4.440311492998921e-05,9.780158282300911e-05,9.780158282300911e-05,1.1633115604931859e-09,0.8880622985997843
0.625,13960.653933399817,4.4130750260675736e-05,0.00010145164733571546,0.00010145164733571546,1.1925663912133488e-09,0.8826150052135147
0.6375000000000001,14001.19055532095,4.383454078390704e-05,0.00010516468873785807,0.00010516468873785807,1.2216248609369416e-09,0.8766908156781409
0.65,14044.88850752005,4.3515230813235786e-05,0.0001089405078791476,0.0001089405078791476,1.2504716560553199e-09,0.8703046162647157
0.6625000000000001,14091.649131543776,4.317354126637613e-05,0.00011277879235245166,0.00011277879235245166,1.2790919408652809e-09,0.8634708253275226
0.675,14141.37683949855,4.281017062382763e-05,0.00011667907562644979,0.00011667907562644979,1.3074713426951511e-09,0.8562034124765526
0.6875,14193.978988217548,4.2425795848365434e-05,0.00012064068685498092,0.00012064068685498092,1.3355959376404155e-09,0.8485159169673087
0.7000000000000001,14249.365758674625,4.202107326617973e-05,0.0001246626903679698,0.0001246626903679698,1.3634522368834646e-09,0.8404214653235945
0.7125,14307.450040538362,4.1596639410471964e-05,0.0001287438141299889,0.0001287438141299889,1.3910271735725737e-09,0.8319327882094393
0.7250000000000001,14368.147321697365,4.1153111828712554e-05,0.00013288236688050175,0.00013288236688050175,1.4183080902360215e-09,0.823062236574251
0.7375,14431.3755824985,4.069108985546243e-05,0.0001370761442562084,0.0001370761442562084,1.4452827267085234e-09,0.8138217971092485
0.75,14497.055194324594,4.0211155353488766e-05,0.0001413223249408234,0.0001413223249408234,1.4719392085489587e-09,0.8042231070697753
0.7625000000000001,14565.108822033153,3.971387342666725e-05,0.00014561735877642273,0.00014561735877642273,1.4982660359306905e-09,0.794277468533345
0.775,14635.461329705964,3.9199793108685485e-05,0.00014995684977112694,0.00014995684977112694,1.5242520729884353e-09,0.7839958621737098
0.7875000000000001,14708.039689138075,3.866944803173377e-05,0.00015433543799946872,0.00015433543799946872,1.5498865376084163e-09,0.7733889606346753
0.8,14782.772890521534,3.812335707916e-05,0.00015874668544505713,0.00015874668544505713,1.5751589916511696e-09,0.7624671415832
0.8125,14859.591854853621,3.756202502551696e-05,0.0001631829717949788,0.0001631829717949788,1.6000593315986463e-09,0.7512405005103392
0.8250000000000001,14938.429347710007,3.69859431666449e-05,0.00016763540696569117,0.00016763540696569117,1.624577779619004e-09,0.739718863332898
0.8375,15019.219894141355,3.6395589941532535e-05,0.00017209376762106107,0.00017209376762106107,1.6487048750436375e-09,0.7279117988306507
0.8500000000000001,15101.899694579566,3.57914315468153e-05,0.00017654646503998102,0.00017654646503998102,1.6724314662515693e-09,0.715828630936306
0.8625,15186.40654173758,3.517392254399883e-05,0.00018098055132434478,0.00018098055132434478,1.6957487029563744e-09,0.7034784508799766
0.875,15272.679738574803,3.4543506458908805e-05,0.00018538177005455789,0.00018538177005455789,1.7186480288904892e-09,0.6908701291781761
0.8875000000000001,15360.660017444778,3.3900616372488237e-05,0.00018973465608092315,0.00018973465608092315,1.7411211748811675e-09,0.6780123274497647
0.9,15450.289460573871,3.324567550188515e-05,0.000194022687209358,0.000194022687209358,1.763160152311646e-09,0.664913510037703
0.9125000000000001,15541.511422012858,3.257909777076062e-05,0.00019822848816955553,0.00019822848816955553,1.784757246960375e-09,0.6515819554152124
0.925,15634.270451196599,3.1901288367856766e-05,0.00020233408455948713,0.00020233408455948713,1.8059050132105304e-09,0.6380257673571353
0.9375,15728.512218216763,3.1212644293046546e-05,0.0002063212015996073,0.0002063212015996073,1.8265962686215087e-09,0.6242528858609309
0.9500000000000001,15824.183440883817,3.0513554890304455e-05,0.00021017159969187902,0.00021017159969187902,1.8468240888537358e-09,0.6102710978060891
0.9625,15921.231813625462,2.9804402367260026e-05,0.00021386743616849386,0.00021386743616849386,1.866581802937894e-09,0.5960880473452005
0.9750000000000001,16019.605938238403,2.908556230121093e-05,0.00021739164043863327,0.00021739164043863327,1.8858629888795907e-09,0.5817112460242186
0.9875,16119.255256482003,2.8357404131674245e-05,0.00022072828818602269,0.00022072828818602269,1.9046614695905477e-09,0.5671480826334849
1.0,16220.129984477046,2.76202916397464e-05,0.000223862959485997,0.000223862959485997,1.9229713091375615e-09,0.5524058327949279
1.0125,16322.181048847946,2.6874583414729942e-05,0.00022678306579664983,0.00022678306579664983,1.9407868093007982e-09,0.5374916682945988
1.0250000000000001,16425.360024517893,2.612063330867095e-05,0.00022947813176890297,0.00022947813176890297,1.958102506433406e-09,0.522412666173419
1.0375,16529.61907404626,2.535879087963714e-05,0.0002319400196798585,0.0002319400196798585,1.9749131686149837e-09,0.5071758175927428
1.05,16634.91088836837,2.4589401824745964e-05,0.00023416308691837103,0.00023416308691837103,1.9912137930921073e-09,0.49178803649491926
1.0625,16741.188628776228,2.3812808404119465e-05,0.00023614427017536213,0.00023614427017536213,2.006999603999903e-09,0.4762561680823893
1.075,16848.40586996099,2.3029349857086805e-05,0.00023788309359940753,0.00023788309359940753,2.0222660503595252e-09,0.4605869971417361
1.0875000000000001,16956.51654391993,2.2239362812069218e-05,0.00023938160192546449,0.00023938160192546449,2.037008804347352e-09,0.4447872562413844
1.1,17065.474884520117,2.1443181691659318e-05,0.00024064422321663719,0.00024064422321663719,2.0512237598327156e-09,0.4288636338331864
1.1125,17175.235372508974,2.0641139114448623e-05,0.00024167756913320298,0.00024167756913320298,2.0649070311820046e-09,0.41282278228897246
1.125,17285.75268075345,1.983356629516769e-05,0.00024249018334991757,0.00024249018334991757,2.078054952328029e-09,0.39667132590335374
1.1375,17396.981619499125,1.90207934446942e-05,0.00024309225072150336,0.00024309225072150336,2.0906640761045524e-09,0.380415868893884
1.1500000000000001,17508.877081435945,1.8203150171468934e-05,0.00024349528094808767,0.00024349528094808767,2.10273117384693e-09,0.3640630034293787
1.1625,17621.393986360956,1.7380965885853632e-05,0.0002437117807850446,0.0002437117807850446,2.114253235260798e-09,0.34761931771707266
1.175,17734.487225226785,1.6554570208983347e-05,0.00024375492830933757,0.00024375492830933757,2.1252274685617987e-09,0.3310914041796669
1.1875,17848.11160335463,1.5724293387720023e-05,0.0002436382614907533,0.0002436382614907533,2.135651300890383e-09,0.31448586775440046
1.2000000000000002,17962.221782579192,1.4890466717411268e-05,0.00024337539146287207,0.00024337539146287207,2.145522379006865e-09,0.2978093343482254
1.2125000000000001,18076.77222207248,1.4053422974300324e-05,0.00024297974861929648,0.00024297974861929648,2.154838570273125e-09,0.28106845948600645
1.225,18191.71711757027,1.3213496859616224e-05,0.00024246436716510638,0.00024246436716510638,2.1635979639287082e-09,0.26426993719232444
1.2375,18307.010338691576,1.2371025457588825e-05,0.00024184171121972132,0.00024184171121972132,2.1717988726705448e-09,0.24742050915177652
1.25,18422.60536401389,1.152634870987151e-05,0.00024112354316647178,0.00024112354316647178,2.179439834547174e-09,0.23052697419743018
1.2625000000000002,18538.455213528305,1.067980990910174e-05,0.00024032083281816453,0.00024032083281816453,2.1865196151801513e-09,0.2135961981820348
1.2750000000000001,18654.512378068703,9.831756214576569e-06,0.00023944370422121099,0.00023944370422121099,2.193037210327308e-09,0.19663512429153138
1.2875,18770.728745275283,8.982539193256748e-06,0.00023850141561631096,0.00023850141561631096,2.1989918488046444e-09,0.17965078386513494
1.3,18887.055521620736,8.13251538953426e-06,0.00023750236723268667,0.00023750236723268667,2.2043829957859353e-09,0.1626503077906852
1.3125,19003.443150002156,7.282046927403243e-06,0.00023645413119931702,0.00023645413119931702,2.2092103565015153e-09,0.14564093854806487
1.3250000000000002,19119.841222375595,6.431502148865035e-06,0.00023536349786356078,0.00023536349786356078,2.213473880360276e-09,0.12863004297730068
1.3375000000000001,19236.19838688061,5.581256292577886e-06,0.0002342365331456668,0.0002342365331456668,2.2171737655215467e-09,0.11162512585155772
1.35,19352.462248886888,4.731692216937747e-06,0.00023307864214453322,0.00023307864214453322,2.2203104639463134e-09,0.09463384433875495
1.3625,19468.57926536254,3.88320117194832e-06,0.00023189463495916775,0.00023189463495916775,2.2228846869601225e-09,0.0776640234389664
1.375,19584.49463194638,3.03618362440644e-06,0.00023068879151881352,0.00023068879151881352,2.2248974113630087e-09,0.0607236724881288
1.3875000000000002,19700.152162083847,2.191050141082893e-06,0.00022946492304979632,0.00022946492304979632,2.226349886124896e-09,0.043821002821657865
1.4000000000000001,19815.494157568573,1.3482223346995996e-06,0.00022822642859009188,0.00022822642859009188,2.2272436397080958e-09,0.026964446693991992
1.4125,19930.461269825744,5.08133877561961e-07,0.00022697634565097157,0.00022697634565097157,2.2275804880617597e-09,0.01016267755123922
1.425,20044.992351278423,-3.287684123448102e-07,0.00022571739469294354,0.00022571739469294354,2.2273625433363137e-09,-0.006575368246896204
1.4375,20159.024296168816,-1.1620234082010423e-06,0.0002244520175198908,0.0002244520175198908,2.226592223368967e-09,-0.023240468164020846
1.4500000000000002,20272.491870266193,-1.991154429996319e-06,0.00022318241000293445,0.00022318241000293445,2.2252722619941172e-09,-0.03982308859992638
1.4625000000000001,20385.327529000882,-2.815667915596946e-06,0.0002219105497359622,0.0002219105497359622,2.2234057202347223e-09,-0.05631335831193891
1.475,20497.461223723923,-3.6350520050428124e-06,0.00022063821931621105,0.00022063821931621105,2.2209959984321615e-09,-0.07270104010085625
1.4875,20608.820196022232,-4.448775037567128e-06,0.00021936702595728633,0.00021936702595728633,2.218046849372439e-09,-0.08897550075134256
1.5,20719.32876033425,-5.256283963126768e-06,0.00021809841810060236,0.00021809841810060236,2.2145623924654056e-09,-0.10512567926253537
1.5125000000000002,20828.908075521842,-6.0570026732235375e-06,0.00021683369961493414,0.00021683369961493414,2.210547129030498e-09,-0.12114005346447075
1.5250000000000001,20937.4759065652,-6.850330259568686e-06,0.00021557404208007684,0.00021557404208007684,2.2060059587368337e-09,-0.13700660519137373
1.5375,21044.946378186505,-7.635639213752749e-06,0.00021432049555325343,0.00021432049555325343,2.2009441972367665e-09,-0.15271278427505497
1.55,21151.22972294992,-8.412273586563777e-06,0.0002130739981256433,0.0002130739981256433,2.195367595019652e-09,-0.16824547173127555
1.5625,21256.232027259717,-9.179547131942686e-06,0.00021183538449726785,0.00021183538449726785,2.18928235749601e-09,-0.18359094263885373
1.5750000000000002,21359.854979655636,-9.936741467725318e-06,0.00021060539373431847,0.00021060539373431847,2.1826951663009543e-09,-0.19873482935450637
1.5875000000000001,21461.9956268832,-1.0683104293195652e-05,0.00020938467632424743,0.00020938467632424743,2.1756132017792277e-09,-0.21366208586391305
1.6,21562.546144368498,-1.1417847711902615e-05,0.00020817380060927015,0.00020817380060927015,2.1680441665820637e-09,-0.2283569542380523
1.6125,21661.39362892945,-1.214014671695221e-05,0.00020697325865604214,0.00020697325865604214,2.159996310268167e-09,-0.2428029343390442
1.625,21758.419922755053,-1.2849137904792043e-05,0.00020578347160548122,0.00020578347160548122,2.1514784547573424e-09,-0.25698275809584087
1.6375000000000002,21853.501478852835,-1.3543918492007277e-05,0.00020460479453934317,0.00020460479453934317,2.1425000204359023e-09,-0.2708783698401455
1.6500000000000001,21946.509279228514,-1.4223545717440332e-05,0.0002034375208968923,0.0002034375208968923,2.1330710526584157e-09,-0.2844709143488066
1.6625,22037.308817968962,-1.4887036718576903e-05,0.00020228188647400383,0.00020228188647400383,2.1232022483314044e-09,-0.29774073437153803
1.675,22125.76016208235,-1.5533368976116772e-05,0.00020113807303696643,0.00020113807303696643,2.112904982202325e-09,-0.3106673795223354
1.6875,22211.71810333306,-1.616148142346169e-05,0.00020000621158330076,0.00020000621158330076,2.1021913324130592e-09,-0.3232296284692338
1.7000000000000002,22295.03241432846,-1.6770276317997553e-05,0.0001988863852816391,0.0001988863852816391,2.0910741048129078e-09,-0.3354055263599511
1.7125000000000001,22375.54822170618,-1.7358621968045906e-05,0.00019777863212199005,0.00019777863212199005,2.0795668554638525e-09,-0.34717243936091813
1.725,22453.10650836667,-1.7925356402786846e-05,0.00019668294730658043,0.00019668294730658043,2.067683910712981e-09,-0.3585071280557369
1.7375,22527.544755266652,-1.846929206197234e-05,0.00019559928541006773,0.00019559928541006773,2.0554403841560417e-09,-0.3693858412394468
1.75,22598.697731283504,-1.898922156762971e-05,0.00019452756233640244,0.00019452756233640244,2.0428521897748624e-09,-0.37978443135259415
1.7625000000000002,22666.398437085114,-1.948392462111548e-05,0.00019346765709813104,0.00019346765709813104,2.0299360505026265e-09,-0.3896784924223096
1.7750000000000001,22730.479205795302,-1.9952176045901525e-05,0.00019241941344255237,0.00019241941344255237,2.0167095014574844e-09,-0.39904352091803047
1.7875,22790.77295956806,-2.03927549696269e-05,0.00019138264134791304,0.00019138264134791304,2.003190887089267e-09,-0.40785509939253795
1.8,22847.114617047766,-2.0804455108696534e-05,0.0001903571184117481,0.0001903571184117481,1.9893993515084072e-09,-0.4160891021739307
1.8125,22899.342642174197,-2.1186096085722773e-05,0.0001893425911525029,0.0001893425911525029,1.975354821312391e-09,-0.42372192171445544
1.8250000000000002,22947.300720025094,-2.1536535675254745e-05,0.00018833877624466503,0.00018833877624466503,1.961077980294355e-09,-0.4307307135050949
1.8375000000000001,22990.839540507197,-2.1854682837572362e-05,0.00018734536170673342,0.00018734536170673342,1.9465902355114217e-09,-0.43709365675144723
1.85,23029.8186658755,-2.213951136503844e-05,0.00018636200806041798,0.00018636200806041798,1.931913674306695e-09,-0.44279022730076883
1.8625,23064.10845346763,-2.2390073931917917e-05,0.000185388349478456,0.000185388349478456,1.9170710120174505e-09,-0.44780147863835834
1.875,23093.592000864734,-2.2605516308068074e-05,0.00018442399493734542,0.00018442399493734542,1.9020855302608962e-09,-0.4521103261613615
1.8875000000000002,23118.167077125567,-2.2785091470866214e-05,0.00018346852939011763,0.00018346852939011763,1.8869810058649537e-09,-0.4557018294173243
1.9000000000000001,23137.74800097205,-2.2928173329500897e-05,0.00018252151497302022,0.00018252151497302022,1.8717816307010376e-09,-0.45856346659001795
1.9125,23152.267424994203,-2.303426976252163e-05,0.00018158249225866323,0.00018158249225866323,1.8565119228740757e-09,-0.4606853952504326
1.925,23161.677984226848,-2.310303466433893e-05,0.00018065098156682435,0.00018065098156682435,1.8411966299267551e-09,-0.4620606932867786
1.9375,23165.953767950337,-2.3134278699966072e-05,0.0001797264843427252,0.0001797264843427252,1.8258606249143125e-09,-0.4626855739993214
1.9500000000000002,23165.091575319268,-2.3127978480164952e-05,0.00017880848461120482,0.00017880848461120482,1.8105287963970051e-09,-0.462559569603299
1.9625000000000001,23159.111918479823,-2.308428389142646e-05,0.00017789645051384054,0.00017789645051384054,1.795225933573446e-09,-0.4616856778285292
1.975,23148.05974112875,-2.3003523346635722e-05,0.00017698983593471528,0.00017698983593471528,1.7799766079332062e-09,-0.4600704669327144
1.9875,23132.004825939694,-2.2886206762215846e-05,0.00017608808221921754,0.00017608808221921754,1.764805052935831e-09,-0.45772413524431693
2.0,23111.04187077359,-2.273302611501301e-05,0.00017519061998899307,0.00017519061998899307,1.7497350433206905e-09,-0.45466052230026016
2.0125,23085.290220933908,-2.254485348583427e-05,0.00017429687105496102,0.00017429687105496102,1.734789775713793e-09,-0.4508970697166854
2.025,23054.893252692305,-2.232273655473618e-05,0.00017340625042917146,0.00017340625042917146,1.7199917522208293e-09,-0.4464547310947236
2.0375,23020.017411632365,-2.2067891574009097e-05,0.00017251816843522993,0.00017251816843522993,1.7053626686785125e-09,-0.44135783148018193
2.0500000000000003,22980.850917776992,-2.1781693906272276e-05,0.0001716320329160645,0.0001716320329160645,1.6909233091783361e-09,-0.4356338781254455
2.0625,22937.602157669928,-2.1465666275081326e-05,0.00017074725153697797,0.00017074725153697797,1.6766934483791512e-09,-0.42931332550162654
2.075,22890.497791304468,-2.1121464931866752e-05,0.00016986323418122825,0.00016986323418122825,1.6626917629898542e-09,-0.422429298637335
2.0875,22839.780608755125,-2.0750863993896334e-05,0.00016897939543483511,0.00016897939543483511,1.648935753634638e-09,-0.4150172798779267
2.1,22785.707177328197,-2.0355738251519034e-05,0.00016809515715693227,0.00016809515715693227,1.6354416781155373e-09,-0.4071147650303807
2.1125000000000003,22728.54532480684,-1.9938044777715713e-05,0.00016720995113178808,0.00016720995113178808,1.6222244968662337e-09,-0.39876089555431427
2.125,22668.57150776371,-1.9499803697816748e-05,0.0001663232217986126,0.0001663232217986126,1.6092978311538593e-09,-0.38999607395633495
2.1375,22606.068115853297,-1.9043078491407798e-05,0.00016543442905546027,0.00016543442905546027,1.5966739343389136e-09,-0.38086156982815594
2.15,22541.320763429518,-1.8569956201619452e-05,0.00016454305113392076,0.00016454305113392076,1.5843636762546928e-09,-0.37139912403238906
2.1625,22474.615618781776,-1.8082527919304166e-05,0.0001636485875418643,0.0001636485875418643,1.5723765405240036e-09,-0.3616505583860833
2.1750000000000003,22406.23681881759,-1.758286989158568e-05,0.0001627505620722469,0.0001627505620722469,1.5607206343992588e-09,-0.3516573978317136
2.1875,22336.46401326595,-1.707302557684863e-05,0.0001618485258768698,0.0001618485258768698,1.5494027104985454e-09,-0.3414605115369726
2.2,22265.570077612712,-1.6554988932680837e-05,0.00016094206060499047,0.00016094206060499047,1.5384281996203265e-09,-0.3310997786536167
2.2125,22193.81902820567,-1.6030689181118157e-05,0.00016003078160776053,0.00016003078160776053,1.5278012536574554e-09,-0.32061378362236315
2.225,22121.46416653189,-1.5501977248491205e-05,0.00015911434121057322,0.00015911434121057322,1.5175247975003857e-09,-0.3100395449698241
2.2375000000000003,22048.746472807954,-1.4970614027064499e-05,0.00015819243205648567,0.00015819243205648567,1.5076005887218885e-09,-0.29941228054129
2.25,21975.89326200739,-1.4438260554340803e-05,0.00015726479052487687,0.00015726479052487687,1.4980292837720329e-09,-0.2887652110868161
2.2625,21903.117108497347,-1.3906470155171167e-05,0.00015633120023034842,0.00015633120023034842,1.488810509382261e-09,-0.2781294031034233
2.275,21830.615038832384,-1.337668254331984e-05,0.00015539149560749878,0.00015539149560749878,1.47994293787961e-09,-0.2675336508663968
2.2875,21758.567986111622,-1.2850219834348319e-05,0.00015444556558752773,0.00015444556558752773,1.4714243651440423e-09,-0.2570043966869664
2.3000000000000003,21687.14049386052,-1.232828438181459e-05,0.00015349335737258128,0.00015349335737258128,1.4632517900001886e-09,-0.2465656876362918
2.3125,21616.48065273654,-1.1811958314768182e-05,0.0001525348803132452,0.0001525348803132452,1.4554214939156897e-09,-0.23623916629536362
2.325,21546.720249592694,-1.1302204626988559e-05,0.00015157020989355955,0.00015157020989355955,1.4479291199774695e-09,-0.22604409253977117
2.3375,21477.975105596593,-1.0799869647693172e-05,0.00015059949182627552,0.00015059949182627552,1.4407697502301433e-09,-0.21599739295386344
2.35,21410.345578205644,-1.030568670956912e-05,0.00014962294625873218,0.00014962294625873218,1.4339379805828428e-09,-0.2061137341913824
2.3625000000000003,21343.917200802833,-9.820280822730313e-06,0.0001486408720866204,0.0001486408720866204,1.4274279926176158e-09,-0.19640561645460627
2.375,21278.761433653646,-9.344174162109609e-06,0.00014765365136895783,0.00014765365136895783,1.4212336217601635e-09,-0.18688348324219217
2.3875,21214.93650044408,-8.877792180216732e-06,0.00014666175383276056,0.00014666175383276056,1.4153484213983545e-09,-0.17755584360433463
2.4000000000000004,21152.48828591494,-8.421470166340188e-06,0.00014566574145012678,0.00014566574145012678,1.4097657226525614e-09,-0.16842940332680376
2.4125,21091.451271886486,-7.975460086267731e-06,0.00014466627306370633,0.00014466627306370633,1.404478689611859e-09,-0.15950920172535463
2.4250000000000003,21031.849491143585,-7.5399375525280084e-06,0.0001436641090288227,0.0001436641090288227,1.399480369949563e-09,-0.15079875105056018
2.4375,20973.69748111233,-7.115008793098334e-06,0.00014266011583184872,0.00014266011583184872,1.394763740919124e-09,-0.1423001758619667
2.45,20917.001221865696,-6.700717505609032e-06,0.0001416552706348754,0.0001416552706348754,1.3903217508062818e-09,-0.13401435011218066
2.4625000000000004,20861.759045659073,-6.297051503504043e-06,0.000140650665686335,0.000140650665686335,1.3861473559753987e-09,-0.12594103007008087
2.475,20807.962507802906,-5.903949079692661e-06,0.00013964751252617952,0.00013964751252617952,1.3822335536972448e-09,-0.11807898159385323
2.4875000000000003,20755.597211166863,-5.521305031365067e-06,0.00013864714590264857,0.00013864714590264857,1.3785734109828595e-09,-0.11042610062730134
2.5,20704.643578894676,-5.148976306387568e-06,0.00013765102730581313,0.00013765102730581313,1.375160089674345e-09,-0.10297952612775135
2.5125,20655.077571971717,-4.78678724670869e-06,0.00013666074801123494,0.00013666074801123494,1.3719868680597404e-09,-0.09573574493417379
2.5250000000000004,20606.87135006833,-4.434534417284816e-06,0.0001356780315155642,0.0001356780315155642,1.3690471592867398e-09,-0.08869068834569632
2.5375,20559.993875600354,-4.09199102007196e-06,0.00013470473523510005,0.00013470473523510005,1.3663345268503205e-09,-0.0818398204014392
2.5500000000000003,20514.411462173994,-3.7589109016261227e-06,0.00013374285132868933,0.00013374285132868933,1.3638426974236806e-09,-0.07517821803252245
2.5625,20470.08826954654,-3.435032169885055e-06,0.00013279450649831181,0.00013279450649831181,1.3615655712915685e-09,-0.0687006433977011
2.575,20426.986747947067,-3.120080440908808e-06,0.00013186196061480454,0.00013186196061480454,1.3594972306313053e-09,-0.06240160881817616
2.5875000000000004,20385.068035086995,-2.8137717399214483e-06,0.0001309476040129356,0.0001309476040129356,1.3576319458706714e-09,-0.05627543479842897
2.6,20344.292309486293,-2.515815083134112e-06,0.00013005395329997925,0.00013005395329997925,1.3559641803342692e-09,-0.050316301662682236
2.6125000000000003,20304.619103865174,-2.2259147677692898e-06,0.00012918364552558085,0.00012918364552558085,1.3544885933718008e-09,-0.0445182953553858
2.625,20266.007582352653,-1.9437723976739643e-06,0.00012833943056851427,0.00012833943056851427,1.3532000421435397e-09,-0.03887544795347928
2.6375,20228.41678514899,-1.669088671125012e-06,0.0001275241616083379,0.0001275241616083379,1.3520935822206452e-09,-0.03338177342250024
2.6500000000000004,20191.805844103154,-1.401564956092586e-06,0.00012674078356729134,0.00012674078356729134,1.3511644671412141e-09,-0.02803129912185172
2.6625,20156.134172425598,-1.1409046765152376e-06,0.00012599231943026876,0.00012599231943026876,1.3504081470473535e-09,-0.022818093530304753
2.6750000000000003,20121.361631497053,-8.86814531203976e-07,0.00012528185437845696,0.00012528185437845696,1.3498202665142261e-09,-0.01773629062407952
2.6875,20087.448677451703,-6.390055649564085e-07,0.00012461251770518587,0.00012461251770518587,1.3493966616690417e-09,-0.01278011129912817
2.7,20054.35648993609,-3.971941094235266e-07,0.00012398746252048108,0.00012398746252048108,1.3491333566863349e-09,-0.007943882188470532
2.7125000000000004,20022.04708517448,-1.6110260930347157e-07,0.00012340984329332934,0.00012340984329332934,1.3490265597355487e-09,-0.0032220521860694316
2.725,19990.483415219853,6.953965241101508e-08,0.0001228827913271669,0.0001228827913271669,1.3490726584478436e-09,0.0013907930482203016
2.7375000000000003,19959.62945503718,2.9499591809960784e-07,0.000122409388313784,0.000122409388313784,1.3492682149610723e-09,0.005899918361992157
2.75,19929.450278855395,5.155213975901325e-07,0.0001219926381627225,0.0001219926381627225,1.3496099605949e-09,0.01031042795180265
2.7625,19899.9121270431,7.313627794907827e-07,0.00012163543735616633,0.00012163543735616633,1.35009479020198e-09,0.014627255589815655
2.7750000000000004,19870.982464594916,9.427578038110741e-07,0.0001213405441319668,0.0001213405441319668,1.3507197562358156e-09,0.018855156076221482
2.7875,19842.630032181667,1.149934888931824e-06,0.000121110546848367,0.000121110546848367,1.3514820625713344e-09,0.02299869777863648
2.8000000000000003,19814.824890590673,1.3531128068686415e-06,0.00012094783193165183,0.00012094783193165183,1.3523790581101911e-09,0.027062256137372828
2.8125,19787.53845928267,1.5525004015317159e-06,0.00012085455185077861,0.00012085455185077861,1.3534082301993017e-09,0.03105000803063432
2.825,19760.74354969997,1.7482963453324717e-06,0.00012083259359945924,0.00012083259359945924,1.3545671978880281e-09,0.03496592690664943
2.8375000000000004,19734.414393888117,1.9406889300420977e-06,0.0001208835481946527,0.0001208835481946527,1.3558537050467217e-09,0.03881377860084195
2.85,19708.52666892478,2.1298558882815976e-06,0.00012100868171958575,0.00012100868171958575,1.3572656133669286e-09,0.04259711776563195
2.8625000000000003,19683.05751759703,2.315964242431766e-06,0.0001212089084480188,0.0001212089084480188,1.3588008952614371e-09,0.046319284848635324
2.875,19657.98556571658,2.499170178104567e-06,0.00012148476658351171,0.00012148476658351171,1.3604576266804467e-09,0.049983403562091334
2.8875,19633.290936423564,2.679618939624846e-06,0.00012183639713219428,0.00012183639713219428,1.362233979858451e-09,0.05359237879249692
2.9000000000000004,19608.955261789957,2.857444745240159e-06,0.00012226352639960487,0.00012226352639960487,1.3641282160049123e-09,0.05714889490480318
2.9125,19584.961692003206,3.032770720013475e-06,0.00012276545256147925,0.00012276545256147925,1.3661386779504488e-09,0.0606554144002695
2.9250000000000003,19561.2949023815,3.205708844563363e-06,0.00012334103670527923,0.00012334103670527923,1.368263782759043e-09,0.06411417689126726
2.9375,19537.941098445426,3.3763599180032124e-06,0.00012398869867447137,0.00012398869867447137,1.3705020143156805e-09,0.06752719836006425
2.95,19514.888019249083,3.5448135335986153e-06,0.00012470641797220227,0.00012470641797220227,1.3728519158978518e-09,0.07089627067197231
2.9625000000000004,19492.124939153382,3.711148065813447e-06,0.00012549173989655324,0.00012549173989655324,1.3753120827384681e-09,0.07422296131626893
2.975,19469.642668202538,3.875430667552327e-06,0.00012634178698780327,0.00012634178698780327,1.3778811545869474e-09,0.07750861335104654
2.9875000000000003,19447.43355125294,4.037717276533915e-06,0.00012725327577119724,0.00012725327577119724,1.3805578082745267e-09,0.0807543455306783
3.0,19425.49146598031,4.198052629846376e-06,0.00012822253867894666,0.00012822253867894666,1.3833407502892226e-09,0.08396105259692753
3.0125,19403.811819883173,4.356470285847729e-06,0.0001292455509350874,0.0001292455509350874,1.3862287093653106e-09,0.08712940571695457
3.0250000000000004,19382.39154638046,4.512992652680056e-06,0.00013031796208897998,0.00013031796208897998,1.389220429091706e-09,0.09025985305360112
3.0375,19361.229100089862,4.6676310227714565e-06,0.0001314351317902516,0.0001314351317902516,1.392314660543217e-09,0.09335262045542914
3.0500000000000003,19340.32445135798,4.820385612804448e-06,0.00013259216931236947,0.00013259216931236947,1.3955101549382932e-09,0.09640771225608896
3.0625,19319.679080099602,4.971245608737156e-06,0.00013378397625613534,0.00013378397625613534,1.3988056563266199e-09,0.09942491217474313
3.075,19299.29596898569,5.120189215575574e-06,0.00013500529180031056,0.00013500529180031056,1.4021998943097058e-09,0.10240378431151148
3.0875000000000004,19279.179596007085,5.267183711714422e-06,0.00013625073981609004,0.00013625073981609004,1.4056915767974951e-09,0.10534367423428845
3.1,19259.335926420263,5.41218550779177e-06,0.00013751487712663872,0.00013751487712663872,1.4092793828039943e-09,0.1082437101558354
3.1125000000000003,19239.772404063857,5.555140210140948e-06,0.00013879224217334677,0.00013879224217334677,1.4129619552849625e-09,0.11110280420281897
3.125,19220.497942013455,5.695982689074128e-06,0.00014007740334734585,0.00014007740334734585,1.4167378940208676e-09,0.11391965378148255
3.1375,19201.522912521836,5.834637152396641e-06,0.0001413650062581748,0.0001413650062581748,1.4206057485485764e-09,0.11669274304793283
3.1500000000000004,19182.859136162948,5.971017224730614e-06,0.00014264981924081541,0.00014264981924081541,1.4245640111456284e-09,0.11942034449461228
3.1625,19164.519870075677,6.105026033422457e-06,0.00014392677644671403,0.00014392677644671403,1.4286111098714597e-09,0.12210052066844913
3.1750000000000003,19146.519795170738,6.2365563020212485e-06,0.00014519101792249487,0.00014519101792249487,1.4327454016705949e-09,0.12473112604042497
3.1875,19128.87500213607,6.3654904525449225e-06,0.00014643792615012227,0.00014643792615012227,1.436965165543632e-09,0.12730980905089845
3.2,19111.602976038095,6.491700717997602e-06,0.0001476631586022235,0.0001476631586022235,1.441268595792816e-09,0.12983401435995204
3.2125000000000004,19094.722579284746,6.615049266865076e-06,0.00014886267595384578,0.00014886267595384578,1.4456537953501442e-09,0.13230098533730153
3.225,19078.254032674256,6.735388341593811e-06,0.00015003276568462882,0.00015003276568462882,1.4501187691972684e-09,0.1347077668318762
3.2375000000000003,19062.218894216217,6.852560413351906e-06,0.00015117006090069356,0.00015117006090069356,1.4546614178879917e-09,0.13705120826703812
3.25,19046.640035367564,6.966398355674487e-06,0.0001522715543009435,0.0001522715543009435,1.4592795311858769e-09,0.13932796711348974
3.2625,19031.541614285932,7.076725639909524e-06,0.00015333460730551467,0.00015333460730551467,1.4639707818314176e-09,0.1415345127981905
3.2750000000000004,19016.94904565643,7.183356555698485e-06,0.0001543569544525095,0.0001543569544525095,1.4687327194553695e-09,0.1436671311139697
3.2875,19002.888966606453,7.286096460045629e-06,0.00015533670325087459,0.00015533670325087459,1.4735627646571922e-09,0.14572192920091256
3.3000000000000003,18989.389198178007,7.384742058844723e-06,0.00015627232975057537,0.00015627232975057537,1.4784582032701197e-09,0.14769484117689446
3.3125,18976.478701787753,7.479081725036842e-06,0.0001571626701546622,0.0001571626701546622,1.4834161808371403e-09,0.14958163450073686
3.325,18964.1875300631,7.568895857860107e-06,0.0001580069088503538,0.0001580069088503538,1.4884336973251286e-09,0.15137791715720214
3.3375000000000004,18952.546771408764,7.65395728791455e-06,0.00015880456327720325,0.00015880456327720325,1.4935076021075005e-09,0.15307914575829099
3.35,18941.588487625526,7.73403173299356e-06,0.00015955546607945186,0.00015955546607945186,1.4986345892490426e-09,0.1546806346598712
3.3625000000000003,18931.34564387875,7.808878309818583e-06,0.00016025974500687954,0.00016025974500687954,1.50381119312998e-09,0.15617756619637166
3.375,18921.852030295682,7.878250106944934e-06,0.00016091780103421973,0.00016091780103421973,1.5090337844498278e-09,0.15756500213889868
3.3875,18913.14217446079,7.941894824173359e-06,0.0001615302851642281,0.0001615302851642281,1.5142985666551185e-09,0.1588378964834672
3.4000000000000004,18905.251244082043,7.999555483792947e-06,0.00016209807436473272,0.00016209807436473272,1.5196015728386198e-09,0.15999110967585892
3.4125,18898.214939109996,8.05097121888333e-06,0.0001626222470666198,0.0001626222470666198,1.5249386631611292e-09,0.1610194243776666
3.4250000000000003,18892.069372624057,8.095878143707559e-06,0.0001631040586190445,0.0001631040586190445,1.5303055228502625e-09,0.16191756287415118
3.4375,18886.850939837514,8.134010310918188e-06,0.00016354491706162166,0.00016354491706162166,1.5356976608337858e-09,0.16268020621836377
3.45,18882.596174635033,8.165100759867498e-06,0.00016394635953241433,0.00016394635953241433,1.5411104090678862e-09,0.16330201519734996
3.4625000000000004,18879.34159313238,8.188882659747794e-06,0.0001643100295866535,0.0001643100295866535,1.5465389226232441e-09,0.16377765319495588
3.475,18877.12352384587,8.205090550579667e-06,0.00016463765565570107,0.00016463765565570107,1.5519781805937734e-09,0.16410181101159335
3.4875000000000003,18875.977924175502,8.213461684207567e-06,0.000164931030830115,0.000164931030830115,1.5574229878943225e-09,0.16426923368415133
3.5,18875.940183045488,8.213737466446875e-06,0.00016519199410597869,0.00016519199410597869,1.562867978014395e-09,0.1642747493289375
3.5125,18877.04490970599,8.205665000352157e-06,0.00016542241319094506,0.00016542241319094506,1.5683076167949207e-09,0.16411330000704313
3.5250000000000004,18879.325708882952,8.188998729241674e-06,0.0001656241689265788,0.0001656241689265788,1.5737362072942096e-09,0.16377997458483348
3.5375,18882.814942668112,8.163502176622105e-06,0.00016579914134724243,0.00016579914134724243,1.5791478958073226e-09,0.1632700435324421
3.5500000000000003,18887.543479762044,8.128949778516074e-06,0.00016594919736345818,0.00016594919736345818,1.5845366791001165e-09,0.1625789955703215
3.5625,18893.540432931994,8.08512880191547e-06,0.00016607618002971458,0.00016607618002971458,1.589896412915055e-09,0.1617025760383094
3.575,18900.832885801876,8.031841341180611e-06,0.00016618189933322985,0.00016618189933322985,1.595220821800458e-09,0.16063682682361222
3.5875000000000004,18909.44561036989,7.968906382199749e-06,0.00016626812442123757,0.00016626812442123757,1.6005035103081088e-09,0.15937812764399498
3.6,18919.400776931394,7.896161922040341e-06,0.000166336577169802,0.000166336577169802,1.6057379755960042e-09,0.15792323844080683
3.6125000000000003,18930.71765837897,7.813467129693001e-06,0.0001663889269867606,0.0001663889269867606,1.6109176214634893e-09,0.15626934259386002
3.625,18943.41233114179,7.720704531365633e-06,0.00016642678673480806,0.00016642678673480806,1.6160357738350516e-09,0.15441409062731265
3.6375,18957.49737531959,7.6177822016685846e-06,0.0001664517096575889,0.0001664517096575889,1.6210856976966785e-09,0.15235564403337168
3.6500000000000004,18972.981576843827,7.504635939984157e-06,0.00016646518719152354,0.00016646518719152354,1.6260606154749589e-09,0.15009271879968314
3.6625,18989.869634764644,7.381231409382655e-06,0.00016646864754849664,0.00016646864754849664,1.6309537268340978e-09,0.1476246281876531
3.6750000000000003,19008.161877002458,7.247566213680824e-06,0.00016646345495903257,0.00016646345495903257,1.6357582298498406e-09,0.14495132427361648
3.6875,19027.85398811755,7.103671886688299e-06,0.0001664509094717165,0.0001664509094717165,1.640467343502092e-09,0.142073437733766
3.7,19048.936752824236,6.949615766404191e-06,0.0001664322472119731,0.0001664322472119731,1.6450743314099658e-09,0.13899231532808382
3.7125000000000004,19071.395819108544,6.7855027259601094e-06,0.00016640864101149328,0.00016640864101149328,1.6495725267142966e-09,0.13571005451920218
3.725,19095.211484893553,6.611476732506623e-06,0.00016638120132826144,0.00016638120132826144,1.6539553579935582e-09,0.13222953465013246
3.7375000000000003,19120.358512216855,6.42772220505154e-06,0.00016635097738597446,0.00016635097738597446,1.6582163760799101e-09,0.12855444410103078
3.75,19146.805972854567,6.2344651425222316e-06,0.00016631895847041107,0.00016631895847041107,1.6623492816230494e-09,0.12468930285044463
3.7625,19174.517129217973,6.031973994073003e-06,0.0001662860753287989,0.0001662860753287989,1.6663479532310025e-09,0.12063947988146005
3.7750000000000004,19203.449354181972,5.820560244919931e-06,0.0001662532016262799,0.0001662532016262799,1.6702064759992723e-09,0.11641120489839862
3.7875,19233.554093254377,5.600578692775777e-06,0.00016622115542107784,0.00016622115542107784,1.6739191702232384e-09,0.11201157385551554
3.8000000000000003,19264.776872180075,5.37242739228447e-06,0.00016619070062684602,0.00016619070062684602,1.6774806200737228e-09,0.1074485478456894
3.8125,19297.057352681422,5.13654724771377e-06,0.0001661625484368822,0.0001661625484368822,1.680885702002545e-09,0.1027309449542754
3.825,19330.329438575187,4.893421237540283e-06,0.00016613735869042023,0.00016613735869042023,1.6841296126340454e-09,0.09786842475080565
3.8375000000000004,19364.521433975475,4.6435732584242365e-06,0.0001661157411660603,0.0001661157411660603,1.6872078958902656e-09,0.09287146516848473
3.85,19399.556254705305,4.3875665803819835e-06,0.00016609825679160574,0.00016609825679160574,1.6901164690920427e-09,0.08775133160763968
3.8625000000000003,19435.35169339388,4.126001909668227e-06,0.0001660854187631778,0.0001660854187631778,1.6928516477759631e-09,0.08252003819336454
3.875,19471.820738047056,3.859515060912015e-06,0.00016607769356952743,0.00016607769356952743,1.6954101689681468e-09,0.07719030121824029
3.8875,19508.871943158345,3.588774245335203e-06,0.00016607550192001652,0.00016607550192001652,1.697789212660357e-09,0.07177548490670406
3.9000000000000004,19546.409851678338,3.3144769873318597e-06,0.00016607921957685043,0.00016607921957685043,1.6999864212420717e-09,0.06628953974663719
3.9125,19584.335465407843,3.037346687209052e-06,0.0001660891780938727,0.0001660891780938727,1.7019999166539529e-09,0.060746933744181046
3.9250000000000003,19622.54676062693,2.758128853381851e-06,0.00016610566546563412,0.00016610566546563412,1.7038283150435897e-09,0.055162577067637025
3.9375,19660.939245037505,2.4775870326735837e-06,0.00016612892669157317,0.00016612892669157317,1.7054707387233866e-09,0.049551740653471676
3.95,19699.40655140061,2.196498472490171e-06,0.00016615916426104236,0.00016615916426104236,1.7069268252528526e-09,0.043929969449803416
3.9625000000000004,19737.84106259178,1.9156495534075414e-06,0.00016619653856562495,0.00016619653856562495,1.7081967334930947e-09,0.03831299106815083
3.975,19776.134562211235,1.6358310350322018e-06,0.00016624116824574936,0.00016624116824574936,1.7092811465097322e-09,0.03271662070064404
3.9875000000000003,19814.17890436497,1.3578331617686964e-06,0.00016629313047905164,0.00016629313047905164,1.7101812712313634e-09,0.02715666323537393
4.0,19851.866695807035,1.0824406782670993e-06,0.00016635246121829425,0.00016635246121829425,1.7108988348037086e-09,0.021648813565341988
4.0125,19889.0919832984,8.104278067498342e-07,0.0001664191553869363,0.0001664191553869363,1.7114360776141602e-09,0.016208556134996683
4.025,19925.75093881313,5.425532400667686e-07,0.00016649316704069332,0.00016649316704069332,1.7117957429971658e-09,0.010851064801335374
4.0375000000000005,19961.742535110734,2.795552051508113e-07,0.00016657440950363603,0.00016657440950363603,1.711981063667114e-09,0.005591104103016226
4.05,19996.969204196484,2.2146651510429165e-08,0.00016666275548756754,0.00016666275548756754,1.7119957449616112e-09,0.0004429330302085833
4.0625,20031.337471317966,-2.2898938151418195e-07,0.00016675803720360533,0.00016675803720360533,1.7118439450136533e-09,-0.004579787630283639
4.075,20064.758557388664,-4.732041667848031e-07,0.0001668600464750761,0.0001668600464750761,1.7115302520056353e-09,-0.009464083335696061
4.0875,20097.148943089822,-7.09887411370936e-07,0.00016696853486102383,0.00016696853486102383,1.7110596586908297e-09,-0.01419774822741872
4.1000000000000005,20128.430888370003,-9.38471052646663e-07,0.00016708321379983252,0.00016708321379983252,1.7104375343983856e-09,-0.01876942105293326
4.1125,20158.532901639268,-1.1584326867836562e-06,0.00016720375478268182,0.00016720375478268182,1.709669594765536e-09,-0.023168653735673124
4.125,20187.390153614353,-1.3692985928076306e-06,0.0001673297895667857,0.0001673297895667857,1.7087618694651203e-09,-0.027385971856152613
4.1375,20214.9448315224,-1.5706463208332368e-06,0.00016746091043861385,0.00016746091043861385,1.7077206682173326e-09,-0.03141292641666474
4.15,20241.14643017718,-1.7621068190254227e-06,0.00016759667053756002,0.00016759667053756002,1.7065525453914814e-09,-0.03524213638050845
4.1625000000000005,20265.951977311208,-1.9433660801402658e-06,0.0001677365842507987,0.0001677365842507987,1.705264263516236e-09,-0.038867321602805316
4.175,20289.326191437216,-2.1141662950578945e-06,0.00016788012769035932,0.00016788012769035932,1.7038627560251815e-09,-0.04228332590115789
4.1875,20311.241571435425,-2.274306507408664e-06,0.000168026739263735,0.000168026739263735,1.702355089568414e-09,-0.045486130148173286
4.2,20331.67841797173,-2.4236427700879143e-06,0.00016817582034963033,0.00016817582034963033,1.70074842622038e-09,-0.04847285540175829
4.2125,20350.624787759392,-2.5620878110286944e-06,0.0001683267360907225,0.0001683267360907225,1.6990499859092796e-09,-0.05124175622057389
4.2250000000000005,20368.07638253593,-2.6896102219385195e-06,0.00016847881631555723,0.00016847881631555723,1.6972670093842658e-09,-0.05379220443877039
4.2375,20384.03637545272,-2.8062331896913812e-06,0.00016863135660190917,0.00016863135660190917,1.6954067220236206e-09,-0.05612466379382763
4.25,20398.515178328384,-2.9120327955987124e-06,0.00016878361949408977,0.00016878361949408977,1.6934762987703655e-09,-0.05824065591197425
4.2625,20411.53015390047,-3.0071359127717963e-06,0.0001689348358867708,0.0001689348358867708,1.6914828304617368e-09,-0.06014271825543593
4.275,20423.10527780728,-3.091717736156646e-06,0.00016908420658788383,0.00016908420658788383,1.6894332917960327e-09,-0.06183435472313292
4.2875000000000005,20433.270755538095,-3.165998983508695e-06,0.00016923090407304237,0.00016923090407304237,1.6873345111549683e-09,-0.0633199796701739
4.3,20442.062599992973,-3.2302428085343777e-06,0.00016937407444368512,0.00016937407444368512,1.6851931424723491e-09,-0.06460485617068755
4.3125,20449.522175596165,-3.284751469630693e-06,0.00016951283960073654,0.00016951283960073654,1.6830156393110788e-09,-0.06569502939261386
4.325,20455.69571510142,-3.3298627990913385e-06,0.00016964629964500474,0.00016964629964500474,1.680808231280774e-09,-0.06659725598182677
4.3375,20460.633815326863,-3.3659465183227613e-06,0.00016977353551475492,0.00016977353551475492,1.6785769028980703e-09,-0.06731893036645523
4.3500000000000005,20464.39091803608,-3.3934004445486867e-06,0.0001698936118698957,0.0001698936118698957,1.6763273749615499e-09,-0.06786800889097373
4.3625,20467.02478209049,-3.412646633709567e-06,0.0001700055802309665,0.0001700055802309665,1.674065088483591e-09,-0.06825293267419134
4.375,20468.595952790885,-3.424127502835689e-06,0.00017010848237960277,0.00017010848237960277,1.671795191192745e-09,-0.06848255005671378
4.3875,20469.167234056353,-3.428301973146706e-06,0.00017020135402535727,0.00017020135402535727,1.6695225265929007e-09,-0.06856603946293412
4.4,20468.80316873498,-3.4256416725770482e-06,0.00017028322874166487,0.00017028322874166487,1.6672516255398434e-09,-0.06851283345154097
4.4125000000000005,20467.569531931968,-3.416627233421249e-06,0.00017035314217133502,0.00017035314217133502,1.6649867002721507e-09,-0.06833254466842498
4.425,20465.53284177938,-3.4017447174177265e-06,0.00017041013649924237,0.00017041013649924237,1.6627316408119462e-09,-0.06803489434835452
4.4375,20462.759891564518,-3.381482196928757e-06,0.0001704532651868566,0.0001704532651868566,1.6604900136320307e-09,-0.06762964393857514
4.45,20459.317306617235,-3.3563265170111663e-06,0.00017048159795991625,0.00017048159795991625,1.6582650624694793e-09,-0.06712653034022333
4.4625,20455.271128797824,-3.326760259193076e-06,0.00017049422603691966,0.00017049422603691966,1.656059711151988e-09,-0.06653520518386152
4.4750000000000005,20450.68643088959,-3.2932589237542876e-06,0.000170490267582201,0.000170490267582201,1.6538765682921228e-09,-0.06586517847508574
4.4875,20445.626962646897,-3.256288343329011e-06,0.0001704688733632061,0.0001704688733632061,1.6517179336961228e-09,-0.06512576686658023
4.5,20440.154829724564,-3.216302336777488e-06,0.0001704292325872247,0.0001704292325872247,1.649585806327984e-09,-0.06432604673554976
4.5125,20434.330206206432,-3.173740608569419e-06,0.00017037057888830942,0.00017037057888830942,1.6474818936660654e-09,-0.06347481217138838
4.525,20428.211080972662,-3.1290268954406272e-06,0.00017029219643048142,0.00017029219643048142,1.6454076222883019e-09,-0.06258053790881254
4.5375000000000005,20421.853037708162,-3.082567358868616e-06,0.0001701934260886421,0.0001701934260886421,1.643364149523064e-09,-0.06165134717737232
4.55,20415.309067953873,-3.034749218998044e-06,0.00017007367166395755,0.00017007367166395755,1.641352376005607e-09,-0.06069498437996088
4.5625,20408.629416248386,-2.9859396230596175e-06,0.00016993240608593124,0.00016993240608593124,1.639372958984658e-09,-0.05971879246119235
4.575,20401.861456101262,-2.936484739081641e-06,0.00016976917754901817,0.00016976917754901817,1.6374263262297935e-09,-0.05872969478163282
4.5875,20395.04959527986,-2.886709063800916e-06,0.0001695836155275509,0.0001695836155275509,1.6355126903976125e-09,-0.05773418127601832
4.6000000000000005,20388.23520868059,-2.836914932138947e-06,0.00016937543660903935,0.00016937543660903935,1.633632063723083e-09,-0.05673829864277894
4.6125,20381.45659689177,-2.787382214412975e-06,0.0001691444500826681,0.0001691444500826681,1.631784272911611e-09,-0.0557476442882595
4.625,20374.74896843736,-2.738368186585978e-06,0.00016889056321714834,0.00016889056321714834,1.629968974117123e-09,-0.054767363731719566
4.6375,20368.144443613935,-2.6901075583064247e-06,0.00016861378616008085,0.00016861378616008085,1.628185667901561e-09,-0.05380215116612849
4.65,20361.67207779892,-2.642812643223369e-06,0.00016831423638974797,0.00016831423638974797,1.6264337140814714e-09,-0.05285625286446738
4.6625000000000005,20355.357902105145,-2.5966736560596898e-06,0.00016799214264986005,0.00016799214264986005,1.6247123463776636e-09,-0.0519334731211938
4.675,20349.2249792905,-2.551859121155573e-06,0.00016764784829832212,0.00016764784829832212,1.6230206867940368e-09,-0.05103718242311146
4.6875,20343.293472889527,-2.5085163776257886e-06,0.00016728181400262144,0.00016728181400262144,1.6213577596615336e-09,-0.05017032755251577
4.7,20337.580727615506,-2.466772166876788e-06,0.00016689461971702832,0.00016689461971702832,1.6197225052926205e-09,-0.049335443337535756
4.7125,20332.101359185133,-2.4267332889716197e-06,0.00016648696588048988,0.00016648696588048988,1.6181137932006553e-09,-0.04853466577943239
4.7250000000000005,20326.867351831985,-2.388487315182815e-06,0.00016605967377890393,0.00016605967377890393,1.6165304348468955e-09,-0.0477697463036563
4.7375,20321.88816190492,-2.352103345006583e-06,0.00016561368502139334,0.00016561368502139334,1.6149711958856713e-09,-0.047042066900131664
4.75,20317.170826081427,-2.317632796899838e-06,0.0001651500600872442,0.0001651500600872442,1.6134348078853698e-09,-0.046352655937996756
4.7625,20312.720072865723,-2.285110223020228e-06,0.00016466997590828497,0.00016466997590828497,1.6119199795093171e-09,-0.04570220446040456
4.775,20308.538436182185,-2.2545541392771887e-06,0.0001641747224606111,0.0001641747224606111,1.6104254071464093e-09,-0.045091082785543773
4.7875000000000005,20304.626370013873,-2.225967863019835e-06,0.0001636656983496142,0.0001636656983496142,1.60894978498643e-09,-0.0445193572603967
4.800000000000001,20300.982363172345,-2.1993403516797835e-06,0.0001631444053831514,0.0001631444053831514,1.6074918145394206e-09,-0.04398680703359567
4.8125,20297.603053412702,-2.1746470366403864e-06,0.000162612442139261,0.000162612442139261,1.6060502136022683e-09,-0.043492940732807725
4.825,20294.48334023699,-2.1518506475072227e-06,0.0001620714965469466,0.0001620714965469466,1.604623724678875e-09,-0.043037012950144456
4.8375,20291.616495837705,-2.1309020228015284e-06,0.0001615233375110445,0.0001615233375110445,1.603211122862906e-09,-0.04261804045603057
4.8500000000000005,20288.994273747623,-2.111740903881123e-06,0.00016096980562487213,0.00016096980562487213,1.6018112231942404e-09,-0.04223481807762246
4.862500000000001,20286.607014853813,-2.0942967096107356e-06,0.0001604128030270372,0.0001604128030270372,1.6004228875018819e-09,-0.04188593419221471
4.875,20284.44375052747,-2.078489289952191e-06,0.00015985428247125143,0.00015985428247125143,1.599045030747305e-09,-0.041569785799043815
4.8875,20282.492302697792,-2.0642296572258456e-06,0.00015929623569003223,0.00015929623569003223,1.5976766268830386e-09,-0.041284593144516914
4.9,20280.739380770196,-2.051420694308729e-06,0.00015874068114457,0.00015874068114457,1.5963167142417772e-09,-0.04102841388617458
4.9125000000000005,20279.170675348658,-2.0399578394848857e-06,0.0001581896512635768,0.0001581896512635768,1.5949644004714948e-09,-0.04079915678969771
4.925000000000001,20277.770948777073,-2.0297297480522367e-06,0.00015764517928340516,0.00015764517928340516,1.5936188670319724e-09,-0.040594594961044735
4.9375,20276.524122560313,-2.02061893112197e-06,0.00015710928580993917,0.00015710928580993917,1.5922793732678565e-09,-0.040412378622439404
4.95,20275.41336176083,-2.0125023723257027e-06,0.00015658396522953697,0.00015658396522953697,1.590945260072895e-09,-0.04025004744651405
4.9625,20274.42115650217,-2.005252123375919e-06,0.00015607117210148132,0.00015607117210148132,1.5896159531593689e-09,-0.04010504246751838
4.9750000000000005,20273.529400733038,-1.9987358796121933e-06,0.00015557280766784412,0.00015557280766784412,1.5882909659459865e-09,-0.039974717592243865
4.987500000000001,20272.71946842745,-1.9928175368128665e-06,0.00015509070661828283,0.00015509070661828283,1.5869699020766604e-09,-0.03985635073625733
5.0,20271.97228741206,-1.9873577306639718e-06,0.00015462662424698735,0.00015462662424698735,1.585652457581664e-09,-0.039747154613279434
5.0125,20271.26841102103,-1.9822143603582097e-06,0.00015418222413674627,0.00015418222413674627,1.5843384226916878e-09,-0.039644287207164196
5.025,20270.58808778848,-1.9772430978500533e-06,0.00015375906650089323,0.00015375906650089323,1.5830276833143027e-09,-0.03954486195700107
5.0375000000000005,20269.91132939002,-1.9722978843221657e-06,0.0001533585973077606,0.0001533585973077606,1.5817202221813114e-09,-0.039445957686443316
5.050000000000001,20269.217977049066,-1.9672314154256024e-06,0.00015298213830427566,0.00015298213830427566,1.5804161196744264e-09,-0.03934462830851205
5.0625,20268.487766617993,-1.961895616845005e-06,0.00015263087804558446,0.00015263087804558446,1.5791155543356908e-09,-0.039237912336900105
5.075,20267.700392544513,-1.956142111711153e-06,0.00015230586402622412,0.00015230586402622412,1.577818803068045e-09,-0.03912284223422306
5.0875,20266.835570923984,-1.949822681339369e-06,0.00015200799599554557,0.00015200799599554557,1.5765262410304641e-09,-0.03899645362678737
5.1000000000000005,20265.873101832836,-1.942789720714019e-06,0.00015173802052602465,0.00015173802052602465,1.5752383412311488e-09,-0.03885579441428038
5.112500000000001,20264.792931128653,-1.9348966900678193e-06,0.00015149652688800042,0.00015149652688800042,1.5739556738213591e-09,-0.03869793380135639
5.125,20263.575211886848,-1.9259985638210975e-06,0.00015128394426850182,0.00015128394426850182,1.5726789050916402e-09,-0.03851997127642195
5.1375,20262.20036563793,-1.9159522780493734e-06,0.00015110054035541489,0.00015110054035541489,1.5714087961714165e-09,-0.03831904556098747
5.15,20260.64914354735,-1.9046171775398716e-06,0.00015094642129157959,0.00015094642129157959,1.5701462014322265e-09,-0.03809234355079743
5.1625000000000005,20258.902687668415,-1.891855463377015e-06,0.00015082153298675687,0.00015082153298675687,1.5688920665942464e-09,-0.037837109267540296
5.175000000000001,20256.942592377654,-1.8775326418647183e-06,0.00015072566375904923,0.00015072566375904923,1.56764742653522e-09,-0.03755065283729437
5.1875,20254.750966084062,-1.8615179754485365e-06,0.00015065844826155374,0.00015065844826155374,1.5664134028004634e-09,-0.03723035950897073
5.2,20252.310493281188,-1.843684936143454e-06,0.00015061937263503202,0.00015061937263503202,1.5651912008122897e-09,-0.03687369872286908
5.2125,20249.604496988268,-1.8239116618032378e-06,0.0001506077808134328,0.0001506077808134328,1.563982106776965e-09,-0.03647823323606476
5.2250000000000005,20246.61700160105,-1.8020814153844963e-06,0.00015062288189641174,0.00015062288189641174,1.5627874842872133e-09,-0.03604162830768993
5.237500000000001,20243.332796146275,-1.778083047163148e-06,0.00015066375849175111,0.00015066375849175111,1.5616087706183116e-09,-0.03556166094326296
5.25,20239.737497907372,-1.7518114596524014e-06,0.00015072937592094392,0.00015072937592094392,1.5604474727159861e-09,-0.035036229193048024
5.2625,20235.817616352837,-1.7231680747514803e-06,0.0001508185921733015,0.0001508185921733015,1.559305162874629e-09,-0.034463361495029605
5.275,20231.56061727602,-1.6920613024210498e-06,0.0001509301684878581,0.0001509301684878581,1.558183474104824e-09,-0.033841226048421
5.2875000000000005,20226.954987013058,-1.6584070099386e-06,0.0001510627804381395,0.0001510627804381395,1.5570840951897975e-09,-0.033168140198772
5.300000000000001,20221.990296576023,-1.6221289905333695e-06,0.00015121502939255022,0.00015121502939255022,1.556008765431205e-09,-0.03244257981066739
5.3125,20216.657265501133,-1.5831594299386961e-06,0.00015138545422270237,0.00015138545422270237,1.554959269085634e-09,-0.03166318859877392
5.325,20210.9478251756,-1.54143936913085e-06,0.00015157254313340532,0.00015157254313340532,1.5539374294943524e-09,-0.030828787382617
5.3375,20204.855181366816,-1.4969191612503742e-06,0.00015177474549117725,0.00015177474549117725,1.5529451029101572e-09,-0.029938383225007484
5.3500000000000005,20198.373875645855,-1.4495589204255615e-06,0.00015199048353291291,0.00015199048353291291,1.5519841720266926e-09,-0.02899117840851123
5.362500000000001,20191.499845350176,-1.3993289599432394e-06,0.00015221816384261084,0.00015221816384261084,1.5510565392172989e-09,-0.027986579198864787
5.375,20184.23048170402,-1.3462102169394107e-06,0.0001524561884916622,0.0001524561884916622,1.5501641194923296e-09,-0.026924204338788213
5.3875,20176.564685669633,-1.2901946605182063e-06,0.00015270296574695677,0.00015270296574695677,1.5493088331859205e-09,-0.025803893210364127
5.4,20168.502921073316,-1.2312856799532219e-06,0.00015295692026077236,0.00015295692026077236,1.5484925983854147e-09,-0.024625713599064437
5.4125000000000005,20160.04726451442,-1.1694984493865841e-06,0.0001532165026668829,0.0001532165026668829,1.5477173231190255e-09,-0.02338996898773168
5.425000000000001,20151.201451538385,-1.104860265220764e-06,0.00015348019851833754,0.00015348019851833754,1.5469848973198369e-09,-0.022097205304415283
5.4375,20141.970918524585,-1.0374108522023926e-06,0.00015374653651372065,0.00015374653651372065,1.5462971845868974e-09,-0.02074821704404785
5.45,20132.36283971873,-9.672026340294918e-07,0.00015401409597020184,0.00015401409597020184,1.5456560137669251e-09,-0.01934405268058984
5.4625,20122.386158822523,-8.943009641789015e-07,0.0001542815135131224,0.0001542815135131224,1.5450631703829946e-09,-0.01788601928357803
5.4750000000000005,20112.051614536376,-8.18784312554495e-07,0.00015454748896306467,0.00015454748896306467,1.5445203879394917e-09,-0.0163756862510899
5.487500000000001,20101.371759447164,-7.407444035030725e-07,0.00015481079041214022,0.00015481079041214022,1.5440293391355765e-09,-0.014814888070061451
5.5,20090.36097164979,-6.60286300738688e-07,0.0001550702584914598,0.0001550702584914598,1.5435916270223482e-09,-0.013205726014773761
5.5125,20079.035458500417,-5.775284347616167e-07,0.0001553248098412837,0.0001553248098412837,1.5432087761418344e-09,-0.011550568695232332
5.525,20067.413251908223,-4.92602568460081e-07,0.00015557343980408293,0.00015557343980408293,1.5428822236887831e-09,-0.009852051369201621
5.5375000000000005,20055.51419460015,-4.0565369674348084e-07,0.0001558152243685794,0.0001558152243685794,1.5426133107389887e-09,-0.008113073934869616
5.550000000000001,20043.35991682078,-3.168398762794645e-07,0.0001560493213997145,0.0001560493213997145,1.542403273590488e-09,-0.00633679752558929
5.5625,20030.9738029678,-2.2633198169588688e-07,0.00015627497119537122,0.00015627497119537122,1.5422532352663724e-09,-0.004526639633917738
5.575,20018.38094771495,-1.3431338496376103e-07,0.00015649149641552558,0.00015649149641552558,1.5421641972301424e-09,-0.0026862676992752206
5.5875,20005.608101231755,-4.097955509984762e-08,0.00015669830143332764,0.00015669830143332764,1.5421370313664226e-09,-0.0008195911019969525
5.6000000000000005,19992.683603172565,5.34624241817271e-08,0.0001568948711604225,0.0001568948711604225,1.5421724722814329e-09,0.001069248483634542
5.612500000000001,19979.637305189968,1.4879442068341487e-07,0.00015708076940065764,0.00015708076940065764,1.5422711099788092e-09,0.0029758884136682974
5.625,19966.500481807576,2.447879049971099e-07,0.0001572556367872304,0.0001572556367872304,1.5424333829671616e-09,0.004895758099942198
5.6375,19953.305729581498,3.412046873472937e-07,0.00015741918835837166,0.00015741918835837166,1.5426595718560951e-09,0.006824093746945874
5.65,19940.086854583653,4.377977397776359e-07,0.00015757121082591108,0.00015757121082591108,1.5429497934972686e-09,0.008755954795552717
5.6625000000000005,19926.878748344294,5.343121026642928e-07,0.00015771155958960815,0.00015771155958960815,1.543303995726391e-09,0.010686242053285855
5.675000000000001,19913.717252507027,6.304858737054214e-07,0.00015784015554804796,0.00015784015554804796,1.5437219527608343e-09,0.012609717474108427
5.6875,19900.639012570853,7.260512766663979e-07,0.00015795698175427995,0.00015795698175427995,1.5442032613057281e-09,0.014521025533327958
5.7,19887.68132121041,8.207358062620663e-07,0.00015806207996131764,0.00015806207996131764,1.544747337419013e-09,0.016414716125241327
5.7125,19874.88195179935,9.142634446428547e-07,0.00015815554709920428,0.00015815554709920428,1.5453534141829175e-09,0.018285268892857094
5.7250000000000005,19862.278982879652,1.0063559440296932e-06,0.000158237531721677,0.000158237531721677,1.5460205402257088e-09,0.020127118880593865
5.737500000000001,19849.910614451273,1.0967341691266028e-06,0.00015830823045661008,0.00015830823045661008,1.5467475791333478e-09,0.021934683382532058
5.75,19837.81497707519,1.1851194920410371e-06,0.00015836788449047172,0.00015836788449047172,1.5475332097858528e-09,0.023702389840820744
5.7625,19826.029934905062,1.2712352315742183e-06,0.00015841677611305607,0.00015841677611305607,1.5483759276477867e-09,0.025424704631484364
5.775,19814.592883873054,1.3548081279190615e-06,0.000158455225344824,0.000158455225344824,1.5492740470363413e-09,0.02709616255838123
5.7875000000000005,19803.540546361335,1.4355698430360697e-06,0.00015848358666535514,0.00015848358666535514,1.5502257043840393e-09,0.028711396860721394
5.800000000000001,19792.908763787276,1.5132584762803047e-06,0.00015850224585773687,0.00015850224585773687,1.5512288625061634e-09,0.030265169525606095
5.8125,19782.7322886112,1.587620084238091e-06,0.00015851161698022823,0.00015851161698022823,1.5522813158757067e-09,0.03175240168476182
5.825,19773.044577351662,1.6584101932133796e-06,0.00015851213947327733,0.00015851213947327733,1.553380696900966e-09,0.03316820386426759
5.8375,19763.87758624344,1.7253952923909153e-06,0.00015850427540696317,0.00015850427540696317,1.5545244831929757e-09,0.03450790584781831
5.8500000000000005,19755.261571220253,1.788354295408313e-06,0.00015848850687119517,0.00015848850687119517,1.5557100058018326e-09,0.03576708590816626
5.862500000000001,19747.224893921993,1.8470799578996454e-06,0.00015846533350855036,0.00015846533350855036,1.5569344583927307e-09,0.03694159915799291
5.875,19739.79383543438,1.901380238537783e-06,0.0001584352701874612,0.0001584352701874612,1.558194907324247e-09,0.03802760477075566
5.8875,19732.992419453887,1.951079591206997e-06,0.0001583988448115887,0.0001583988448115887,1.5594883025832255e-09,0.039021591824139945
5.9,19726.842246535536,1.9960201761852575e-06,0.00015835659625961936,0.00015835659625961936,1.5608114895225684e-09,0.03992040352370515
5.9125000000000005,19721.36234102994,2.0360629786098307e-06,0.00015830907244840348,0.00015830907244840348,1.5621612213404726e-09,0.04072125957219661
5.925000000000001,19716.569012239182,2.071088823039505e-06,0.00015825682851129073,0.00015825682851129073,1.5635341722322327e-09,0.0414217764607901
5.9375,19712.475731229013,2.1009992736104127e-06,0.0001582004250827055,0.0001582004250827055,1.5649269511387683e-09,0.042019985472208254
5.95,19709.093024623424,2.1257174101055666e-06,0.00015814042667941863,0.00015814042667941863,1.5663361160096171e-09,0.042514348202111335
5.9625,19706.42838657362,2.1451884712135074e-06,0.00015807740016859998,0.00015807740016859998,1.567758188492353e-09,0.04290376942427015
5.9750000000000005,19704.486209948493,2.159380357331102e-06,0.00015801191331255279,0.00015801191331255279,1.5691896689553187e-09,0.043187607146622044
5.987500000000001,19703.26773763096,2.168283986458042e-06,0.00015794453338002423,0.00015794453338002423,1.5706270517462836e-09,0.04336567972916084
6.0,19702.77103462317,2.17191349802246e-06,0.00015787582581413073,0.00015787582581413073,1.5720668405862232e-09,0.0434382699604492
6.0125,19702.99098148177,2.1703063008553578e-06,0.00015780635294721903,0.00015780635294721903,1.5735055639948983e-09,0.04340612601710715
6.025,19703.919289400605,2.1635229629776147e-06,0.0001577366727533835,0.0001577366727533835,1.574939790643374e-09,0.043270459259552294
6.0375000000000005,19705.54453705603,2.151646942361396e-06,0.00015766733762986242,0.00015766733762986242,1.5763661445280582e-09,0.04303293884722792
6.050000000000001,19707.852229121236,2.1347841593581265e-06,0.00015759889319912456,0.00015759889319912456,1.5777813198612942e-09,0.04269568318716253
6.0625,19710.82487614131,2.113062413027904e-06,0.00015753187712412085,0.00015753187712412085,1.579182095575034e-09,0.042261248260558076
6.075,19714.442095256654,2.08663064514164e-06,0.0001574668179298985,0.0001574668179298985,1.5805653493366072e-09,0.041732612902832804
6.0875,19718.680731047898,2.0556580571347514e-06,0.00015740423382554948,0.00015740423382554948,1.5819280709791079e-09,0.041113161142695025
6.1000000000000005,19723.51499558391,2.0203330867522893e-06,0.00015734463152128046,0.00015734463152128046,1.5832673752533874e-09,0.040406661735045785
6.112500000000001,19728.916626557086,1.980862252518531e-06,0.00015728850503623763,0.00015728850503623763,1.5845805138140303e-09,0.03961724505037062
6.125,19734.855062215654,1.9374688754713695e-06,0.00015723633449359374,0.00015723633449359374,1.5858648863579525e-09,0.03874937750942739
6.1375,19741.29763163565,1.8903916888058134e-06,0.00015718858490029573,0.00015718858490029573,1.587118050841315e-09,0.03780783377611627
6.15,19748.20975872798,1.839883347154861e-06,0.00015714570490977888,0.00015714570490977888,1.58833773270822e-09,0.03679766694309722
6.1625000000000005,19755.555178244034,1.7862088481861125e-06,0.00015710812556686825,0.00015710812556686825,1.5895218330730649e-09,0.03572417696372225
6.175000000000001,19763.296161937476,1.729643879996534e-06,0.00015707625903501013,0.00015707625903501013,1.5906684358073618e-09,0.03459287759993068
6.1875,19771.393752945536,1.6704731084345167e-06,0.00015705049730689946,0.00015705049730689946,1.5917758134912028e-09,0.03340946216869033
6.2,19779.808006393076,1.6089884189616082e-06,0.00015703121090049083,0.00015703121090049083,1.5928424321992327e-09,0.032179768379232164
6.2125,19788.498234174236,1.545487127979033e-06,0.00015701874754329756,0.00015701874754329756,1.5938669551008862e-09,0.03090974255958066
6.2250000000000005,19797.42325185171,1.4802701786849518e-06,0.00015701343084879087,0.00015701343084879087,1.594848244864639e-09,0.029605403573699035
6.237500000000001,19806.54162561521,1.4136403364962926e-06,0.00015701555898960814,0.00015701555898960814,1.5957853648659784e-09,0.028272806729925853
6.25,19815.811917270257,1.3459003988667716e-06,0.0001570254033731566,0.0001570254033731566,1.5966775792086412e-09,0.026918007977335432
6.2625,19825.192925277202,1.2773514339651103e-06,0.00015704320732605874,0.00015704320732605874,1.597524351578249e-09,0.025547028679302208
6.275,19834.64391993304,1.2082910621516849e-06,0.00015706918479471596,0.00015706918479471596,1.5983253429567128e-09,0.024165821243033698
6.2875000000000005,19844.124870881104,1.1390117935178032e-06,0.00015710351907006765,0.00015710351907006765,1.5990804082345701e-09,0.022780235870356064
6.300000000000001,19853.596665244448,1.0697994339406547e-06,0.00015714636154538466,0.00015714636154538466,1.5997895917666784e-09,0.021395988678813094
6.3125,19863.02131480667,1.0009315711723563e-06,0.00015719783051665125,0.00015719783051665125,1.6004531219243156e-09,0.020018631423447127
6.325,19872.362150805653,9.326761514381276e-07,0.00015725801003575434,0.00015725801003575434,1.6010714047036901e-09,0.01865352302876255
6.3375,19881.584005063556,8.652901558831979e-07,0.00015732694882730097,0.00015732694882730097,1.6016450164570517e-09,0.01730580311766396
6.3500000000000005,19890.65337634011,7.990183849972448e-07,0.00015740465928041792,0.00015740465928041792,1.6021746958179807e-09,0.015980367699944896
6.362500000000001,19899.53858096944,7.34092357876868e-07,0.00015749111652734179,0.00015749111652734179,1.6026613348969856e-09,0.01468184715753736
6.375,19908.209887021665,6.707293318796292e-07,0.00015758625762097472,0.00015758625762097472,1.6031059698272163e-09,0.013414586637592584
6.3875,19916.639631410668,6.091314468951663e-07,0.00015768998082384912,0.00015768998082384912,1.6035097707429041e-09,0.012182628937903325
6.4,19924.80231955127,5.49484997127743e-07,0.00015780214502110688,0.00015780214502110688,1.6038740312750567e-09,0.010989699942554861
6.4125000000000005,19932.67470735066,4.919598319686427e-07,0.00015792256927014316,0.00015792256927014316,1.6042001576499846e-09,0.009839196639372855
6.425000000000001,19940.23586549375,4.367088862513822e-07,0.0001580510324994838,0.0001580510324994838,1.604489657476428e-09,0.008734177725027645
6.4375,19947.467226150977,3.8386783894446037e-07,0.00015818727336924966,0.00015818727336924966,1.6047441283064252e-09,0.007677356778889207
6.45,19954.352612400653,3.335548981588304e-07,0.0001583309903052029,0.0001583309903052029,1.6049652460536622e-09,0.006671097963176608
6.4625,19960.878250806203,2.8587070924358665e-07,0.00015848184171786205,0.00015848184171786205,1.6051547533508953e-09,0.005717414184871733
6.4750000000000005,19967.03276772923,2.4089838172427696e-07,0.00015863944641750807,0.00015863944641750807,1.6053144479252334e-09,0.004817967634485539
6.487500000000001,19972.8071700875,1.987036299139057e-07,0.00015880338423508117,0.00015880338423508117,1.605446171066632e-09,0.003974072598278114
6.5,19978.194811375273,1.5933502120344325e-07,0.00015897319685797884,0.00015897319685797884,1.6055517962609822e-09,0.003186700424068865
6.5125,19983.191343866787,1.2282432532378113e-07,0.0001591483888886142,0.0001591483888886142,1.6056332180547301e-09,0.0024564865064756226
6.525,19987.794658001825,8.918695726691408e-08,0.00015932842913227922,0.00015932842913227922,1.6056923412131147e-09,0.0017837391453382815
6.5375000000000005,19992.004810022067,5.8422506063822094e-08,0.00015951275211937757,0.00015951275211937757,1.6057310702289382e-09,0.001168450121276442
6.550000000000001,19995.823938976642,3.0515341239474556e-08,0.00015970075986546293,0.00015970075986546293,1.6057512992333638e-09,0.0006103068247894912
6.5625,19999.256174253933,5.435288501049036e-09,0.00015989182387073526,0.00015989182387073526,1.6057549023546359e-09,0.00010870577002098072
6.575,20002.307534814237,-1.6861633940428945e-08,0.00016008528735872996,0.00016008528735872996,1.605743724564916e-09,-0.0003372326788085789
6.5875,20004.985821310234,-3.643242706504477e-08,0.00016028046775189072,0.00016028046775189072,1.6057195730496977e-09,-0.0007286485413008954
6.6000000000000005,20007.300502268747,-5.3346279357826646e-08,0.00016047665937956283,0.00016047665937956283,1.6056842091285556e-09,-0.0010669255871565328
6.612500000000001,20009.26259549569,-6.768370020273596e-08,0.0001606731364116973,0.0001606731364116973,1.6056393407503783e-09,-0.001353674004054719
6.625,20010.88454582755,-7.953562659376837e-08,0.00016086915600923763,0.00016086915600923763,1.6055866155807748e-09,-0.0015907125318753675
6.6375,20012.180100318685,-8.900251109878886e-08,0.00016106396167979436,0.00016106396167979436,1.6055276146940804e-09,-0.0017800502219757772
6.65,20013.16418189805,-9.619339864433923e-08,0.00016125678682482012,0.00016125678682482012,1.6054638468773741e-09,-0.0019238679728867845
6.6625000000000005,20013.852762473565,-1.0122499926430237e-07,0.00016144685846210786,0.00016144685846210786,1.6053967435491816e-09,-0.0020244999852860475
6.675000000000001,20014.262736397333,-1.0422076348207899e-07,0.00016163340110507773,0.00016163340110507773,1.6053276542911204e-09,-0.0020844152696415795
6.6875,20014.411795133772,-1.0530996648466302e-07,0.00016181564077801815,0.00016181564077801815,1.6052578429866568e-09,-0.0021061993296932605
6.7,20014.318303899414,-1.0462680670674059e-07,0.0001619928091442417,0.0001619928091442417,1.6051884845574229e-09,-0.0020925361341348116
6.7125,20014.001180967472,-1.0230952388286363e-07,0.00016216414772203172,0.00016216414772203172,1.6051206622841877e-09,-0.0020461904776572725
6.7250000000000005,20013.479780251007,-9.84995410551811e-08,0.0001623289121613266,0.0001623289121613266,1.6050553656966029e-09,-0.001969990821103622
6.737500000000001,20012.77377769895,-9.334063445094882e-08,0.00016248637655234493,0.00016248637655234493,1.6049934890132462e-09,-0.0018668126890189765
6.75,20011.90306196516,-8.697813457554378e-08,0.00016263583773582654,0.00016263583773582654,1.6049358301112712e-09,-0.0017395626915108757
6.7625,20010.887629730558,-7.955816131058572e-08,0.00016277661958328247,0.00016277661958328247,1.6048830900031198e-09,-0.0015911632262117143
6.775,20009.74748598718,-7.122689526880058e-08,0.00016290807721463507,0.00016290807721463507,1.6048358727962628e-09,-0.0014245379053760116
6.7875000000000005,20008.502549521803,-6.212988714275054e-08,0.00016302960111991608,0.00016302960111991608,1.6047946861107818e-09,-0.0012425977428550108
6.800000000000001,20007.172563770164,-5.2411406298719194e-08,0.00016314062115129572,0.00016314062115129572,1.6047599419287768e-09,-0.001048228125974384
6.8125,20005.777013150855,-4.2213829413099026e-08,0.00016324061035165774,0.00016324061035165774,1.6047319578490539e-09,-0.0008442765882619805
6.825,20004.335044931908,-3.1677069529875177e-08,0.00016332908858622986,0.00016332908858622986,1.6047109587202983e-09,-0.0006335413905975035
6.8375,20002.8653966271,-2.093804553701e-08,0.00016340562594443687,0.00016340562594443687,1.6046970786259383e-09,-0.0004187609107402
6.8500000000000005,20001.386328877947,-1.0130191717004355e-08,0.00016346984588016896,0.00016346984588016896,1.604690363194134e-09,-0.0002026038343400871
6.862500000000001,19999.915563730643,6.169932749058222e-10,0.0001635214280600551,0.0001635214280600551,1.6046907722067546e-09,1.2339865498116445e-05
6.875,19998.470228184586,1.1178358913714542e-08,0.00016356011089109284,0.00016356011089109284,1.6046981824818082e-09,0.00022356717827429082
6.8875,19997.066802857174,2.1433477919653705e-08,0.00016358569370110754,0.00016358569370110754,1.6047123910045408e-09,0.0004286695583930741
6.9,19995.72107558608,3.126698529964045e-08,0.0001635980385479755,0.0001635980385479755,1.6047331182832902e-09,0.000625339705992809
6.9125000000000005,19994.448099767753,4.0568882775119724e-08,0.00016359707163633483,0.00016359707163633483,1.6047600119071484e-09,0.0008113776555023945
6.925000000000001,19993.262157217665,4.9234810166028585e-08,0.0001635827843235937,0.0001635827843235937,1.6047926502835286e-09,0.0009846962033205717
6.9375,19992.176725328638,5.7166285376802804e-08,0.00016355523370040355,0.00016355523370040355,1.604830546534821e-09,0.0011433257075360562
6.95,19991.204448294025,6.427091467442469e-08,0.00016351454273435853,0.00016351454273435853,1.6048731525344454e-09,0.001285418293488494
6.9625,19990.357112162295,7.046257496360847e-08,0.0001634608999694756,0.0001634608999694756,1.604919863063736e-09,0.0014092514992721694
6.9750000000000005,19989.645623494052,7.566156975336136e-08,0.00016339455877795856,0.00016339455877795856,1.6049700200722184e-09,0.0015132313950672273
6.987500000000001,19989.0799913901,7.979476047334747e-08,0.00016331583616481185,0.00016331583616481185,1.6050229170249377e-09,0.0015958952094669494
7.0,19988.669312675564,8.27956747429267e-08,0.00016322511112999626,0.00016322511112999626,1.6050778033215598e-09,0.0016559134948585339
7.0125,19988.421760027468,8.460459312067799e-08,0.00016312282259696052,0.00016312282259696052,1.6051338887729803e-09,0.0016920918624135598
7.025,19988.344572851467,8.516861577246312e-08,0.00016300946692049113,0.00016300946692049113,1.6051903481221276e-09,0.0017033723154492625
7.0375000000000005,19988.444050723963,8.444171039287609e-08,0.00016288559499084423,0.00016288559499084423,1.6052463255965342e-09,0.001688834207857522
7.050000000000001,19988.72554923177,8.238474260125205e-08,0.00016275180895500976,0.00016275180895500976,1.6053009394810588e-09,0.0016476948520250411
7.0625,19989.193478060362,7.896548991236423e-08,0.00016260875857965906,0.00016260875857965906,1.6053532866998683e-09,0.0015793097982472848
7.075,19989.851301197275,7.415864025471058e-08,0.0001624571372837961,0.0001624571372837961,1.605402447397438e-09,0.0014831728050942116
7.0875,19990.701539133617,6.794577587865242e-08,0.0001622976778723245,0.0001622976778723245,1.605447489508885e-09,0.0013589155175730485
7.1000000000000005,19991.745772968632,6.031534336517373e-08,0.00016213114800461525,0.00016213114800461525,1.6054874733104191e-09,0.0012063068673034746
7.112500000000001,19992.98465033686,5.12626103145178e-08,0.0001619583454346797,0.0001619583454346797,1.605521455941083e-09,0.001025252206290356
7.125,19994.417893096714,4.078960916508776e-08,0.0001617800930616818,0.0001617800930616818,1.605548495887248e-09,0.0008157921833017553
7.1375,19996.044306735523,2.8905068467886112e-08,0.00016159723383124007,0.00016159723383124007,1.6055676574215519e-09,0.0005781013693577223
7.15,19997.86179146317,1.5624331822175883e-08,0.0001614106255292481,0.0001614106255292481,1.6055780149880984e-09,0.0003124866364435177
7.1625000000000005,19999.8673549823,9.692645653279295e-10,0.0001612211355107696,0.0001612211355107696,1.6055786575257987e-09,1.9385291306558592e-05
7.175000000000001,20002.057126934647,-1.503185179531463e-08,0.00016102963540692953,0.00016102963540692953,1.6055686927217315e-09,-0.0003006370359062926
7.1875,20004.426375040723,-3.2344437515993816e-08,0.00016083699585262305,0.00016083699585262305,1.605547251186324e-09,-0.0006468887503198763
7.2,20006.969522957992,-5.092774510873839e-08,0.00016064408127730454,0.00016064408127730454,1.605513490542027e-09,-0.0010185549021747677
7.2125,20009.680169894113,-7.073500265995566e-08,0.00016045174480010737,0.00016045174480010737,1.605466599416982e-09,-0.0014147000531991132
7.2250000000000005,20012.551112020516,-9.171357030579119e-08,0.0001602608232690995,0.0001602608232690995,1.6054058013349602e-09,-0.0018342714061158239
7.237500000000001,20015.574365739307,-1.1380511024472585e-07,0.00016007213248262031,0.00016007213248262031,1.6053303584925967e-09,-0.002276102204894517
7.25,20018.7411928588,-1.3694577070518667e-07,0.00015988646262839938,0.00015988646262839938,1.6052395754146712e-09,-0.0027389154141037333
7.2625,20022.042127740588,-1.6106638430897839e-07,0.00015970457397356067,0.00015970457397356067,1.6051328024778905e-09,-0.0032213276861795676
7.275,20025.467006476705,-1.8609268128119853e-07,0.00015952719283570128,0.00015952719283570128,1.6050094392933313e-09,-0.003721853625623971
7.2875000000000005,20029.00499816124,-2.119455179518239e-07,0.00015935500786204597,0.00015935500786204597,1.604868937937407e-09,-0.004238910359036478
7.300000000000001,20032.644638311514,-2.3854112097499925e-07,0.0001591886666402581,0.0001591886666402581,1.6047108060209383e-09,-0.004770822419499985
7.3125,20036.37386449409,-2.6579134765766096e-07,0.00015902877266088373,0.00015902877266088373,1.6045346095856482e-09,-0.00531582695315322
7.325,20040.18005420325,-2.9360396273985433e-07,0.0001588758826476661,0.0001588758826476661,1.6043399758171763e-09,-0.005872079254797087
7.3375,20044.050065027666,-3.218829319059154e-07,0.00015873050426813866,0.00015873050426813866,1.604126595563521e-09,-0.006437658638118308
7.3500000000000005,20047.970277135402,-3.505287322272375e-07,0.00015859309423304138,0.00015859309423304138,1.603894225647685e-09,-0.00701057464454475
7.362500000000001,20051.926638089953,-3.794386796453962e-07,0.00015846405678924942,0.00015846405678924942,1.603642690963227e-09,-0.007588773592907924
7.375,20055.904709999282,-4.0850727349838524e-07,0.00015834374260710848,0.00015834374260710848,1.6033718863414258e-09,-0.008170145469967706
7.3875,20059.889718980987,-4.376265579739757e-07,0.0001582324480593777,0.0001582324480593777,1.6030817781788282e-09,-0.008752531159479514
7.4,20063.86660691065,-4.666865002428716e-07,0.00015813041488543566,0.00015813041488543566,1.6027724058141313e-09,-0.009333730004857432
7.4125000000000005,20067.820085398558,-4.955753848817972e-07,0.00015803783023104378,0.00015803783023104378,1.6024438826435948e-09,-0.009911507697635944
7.425000000000001,20071.734691922476,-5.241802240433298e-07,0.00015795482705082084,0.00015795482705082084,1.6020963969645464e-09,-0.010483604480866595
7.4375,20075.594848017983,-5.523871826671754e-07,0.00015788148485769687,0.00015788148485769687,1.6017302125370108e-09,-0.011047743653343508
7.45,20079.384919407657,-5.800820178571394e-07,0.0001578178308010031,0.0001578178308010031,1.601345668854069e-09,-0.011601640357142787
7.4625,20083.089277925337,-6.071505313712518e-07,0.00015776384105254925,0.00015776384105254925,1.6009431811122564e-09,-0.012143010627425036
7.4750000000000005,20086.692365065162,-6.334790339910685e-07,0.00015771944247804822,0.00015771944247804822,1.600523239874124e-09,-0.012669580679821369
7.487500000000001,20090.178756962876,-6.589548203514055e-07,0.00015768451456958787,0.00015768451456958787,1.6000864104160308e-09,-0.013179096407028109
7.5,20093.533230588622,-6.834666526258967e-07,0.00015765889161352604,0.00015765889161352604,1.5996333317552933e-09,-0.013669333052517935
7.5125,20096.740830906838,-7.069052512788174e-07,0.00015764236506719795,0.00015764236506719795,1.59916471535201e-09,-0.014138105025576346
7.525,20099.786938733796,-7.291637909114175e-07,0.00015763468611717526,0.00015763468611717526,1.5986813434821825e-09,-0.01458327581822835
7.5375000000000005,20102.657338997567,-7.501383990542787e-07,0.00015763556839149188,0.00015763556839149188,1.5981840672801829e-09,-0.015002767981085574
7.550000000000001,20105.338289084226,-7.697286555875365e-07,0.00015764469079824534,0.00015764469079824534,1.5976738044501458e-09,-0.015394573111750728
7.5625,20107.81658693146,-7.878380903110871e-07,0.00015766170046327348,0.00015766170046327348,1.5971515366475183e-09,-0.015756761806221743
7.575,20110.079638508447,-8.043746760395407e-07,0.00015768621574018188,0.00015768621574018188,1.5966183065337287e-09,-0.016087493520790815
7.5875,20112.115524307286,-8.192513144630753e-07,0.00015771782926682975,0.00015771782926682975,1.596075214508773e-09,-0.016385026289261504
7.6000000000000005,20113.9130644496,-8.323863118994738e-07,0.00015775611104344928,0.00015775611104344928,1.595523415128419e-09,-0.016647726237989477
7.612500000000001,20115.461882003863,-8.437038419649196e-07,0.00015780061150885027,0.00015780061150885027,1.5949641132147005e-09,-0.016874076839298393
7.625,20116.752464094938,-8.531343921151622e-07,0.0001578508645926168,0.0001578508645926168,1.594398559670393e-09,-0.017062687842303245
7.6375,20117.77622038251,-8.606151909556441e-07,0.00015790639072281072,0.00015790639072281072,1.5938280470102209e-09,-0.01721230381911288
7.65,20118.525538478174,-8.660906131917066e-07,0.00015796669977042623,0.00015796669977042623,1.593253904623618e-09,-0.017321812263834134
7.6625000000000005,20118.99383587552,-8.695125590886024e-07,0.00015803129391366068,0.00015803129391366068,1.5926774937859382e-09,-0.017390251181772048
7.675000000000001,20119.175607966885,-8.708408053386855e-07,0.00015809967040695248,0.00015809967040695248,1.5921002024370736e-09,-0.01741681610677371
7.6875,20119.066471729464,-8.700433242899635e-07,0.00015817132424165902,0.00015817132424165902,1.5915234397484504e-09,-0.01740086648579927
7.7,20118.663204678334,-8.670965685771424e-07,0.00015824575068717516,0.00015824575068717516,1.59094863050134e-09,-0.017341931371542847
7.7125,20117.96377869435,-8.619857183151112e-07,0.00015832244770320892,0.00015832244770320892,1.5903772093013025e-09,-0.017239714366302224
7.7250000000000005,20116.96738836169,-8.547048881639301e-07,0.00015840091821580263,0.00015840091821580263,1.5898106146553644e-09,-0.017094097763278603
7.737500000000001,20115.67447346963,-8.452572917557427e-07,0.00015848067225150166,0.00015848067225150166,1.5892502829401945e-09,-0.016905145835114852
7.75,20114.086735365447,-8.336553611855461e-07,0.00015856122892580582,0.00015856122892580582,1.5886976422910694e-09,-0.01667310722371092
7.7625,20112.20714687542,-8.199208195097978e-07,0.00015864211828367432,0.00015864211828367432,1.5881541064427774e-09,-0.016398416390195954
7.775,20110.039955551332,-8.040847044673941e-07,0.00015872288299138214,0.00015872288299138214,1.5876210685547988e-09,-0.016081694089347884
7.7875000000000005,20107.590680037727,-7.861873419354675e-07,0.00015880307988042858,0.00015880307988042858,1.587099895054081e-09,-0.015723746838709352
7.800000000000001,20104.86609940137,-7.662782679557001e-07,0.00015888228134547288,0.00015888228134547288,1.5865919195295053e-09,-0.015325565359114002
7.8125,20101.874235309962,-7.444160985130229e-07,0.00015896007659940603,0.00015896007659940603,1.5860984367126776e-09,-0.014888321970260458
7.825,20098.624326999477,-7.206683466147004e-07,0.00015903607278966323,0.00015903607278966323,1.5856206965799797e-09,-0.014413366932294008
7.8375,20095.126799019876,-6.951111866014402e-07,0.00015910989598073014,0.00015910989598073014,1.585159898610863e-09,-0.013902223732028806
7.8500000000000005,20091.393221804065,-6.678291660193691e-07,0.00015918119200850482,0.00015918119200850482,1.5847171862371444e-09,-0.013356583320387382
7.862500000000001,20087.436265161912,-6.389148657888691e-07,0.0001592496272127416,0.0001592496272127416,1.5842936415175817e-09,-0.012778297315777381
7.875,20083.26964485577,-6.084685098200319e-07,0.00015931488905423453,0.00015931488905423453,1.583890280071239e-09,-0.012169370196400638
7.8875,20078.908062471368,-5.765975256400989e-07,0.0001593766866236929,0.0001593766866236929,1.5835080463021183e-09,-0.011531950512801979
7.9,20074.36713885638,-5.434160580115809e-07,0.00015943475104943712,0.00015943475104943712,1.5831478089462193e-09,-0.010868321160231618
7.9125000000000005,20069.66334145128,-5.090444379270233e-07,0.00015948883581109842,0.00015948883581109842,1.5828103569706098e-09,-0.010180888758540466
7.925000000000001,20064.813905894953,-4.7360860976214474e-07,0.00015953871696645547,0.00015953871696645547,1.5824963958522432e-09,-0.009472172195242894
7.9375,20059.836752336196,-4.3723951975008613e-07,0.00015958419329839367,0.00015958419329839367,1.5822065442621639e-09,-0.008744790395001723
7.95,20054.75039693512,-4.0007246930024165e-07,0.0001596250863887359,0.0001596250863887359,1.5819413311784062e-09,-0.008001449386004833
7.9625,20049.5738590811,-3.622464370225092e-07,0.0001596612406253829,0.0001596612406253829,1.5817011934483319e-09,-0.007244928740450184
7.9750000000000005,20044.32656489885,-3.239033736268451e-07,0.00015969252314882308,0.00015969252314882308,1.5814864738183874e-09,-0.006478067472536902
7.987500000000001,20039.02824765144,-2.851874741453588e-07,0.00015971882374363837,0.00015971882374363837,1.5812974194463147e-09,-0.005703749482907176
8.0,20033.698845680905,-2.462444321664087e-07,0.0001597400546801568,0.0001597400546801568,1.5811341809077388e-09,-0.004924888643328174
8.012500000000001,20028.358398557906,-2.0722068097361003e-07,0.0001597561505108918,0.0001597561505108918,1.5809968117058152e-09,-0.0041444136194722005
8.025,20023.02694212942,-1.682626266453896e-07,0.0001597670678258746,0.0001597670678258746,1.580885268289264e-09,-0.003365252532907792
8.0375,20017.724403176402,-1.295158782890701e-07,0.00015977278497043747,0.00015977278497043747,1.5807994105806926e-09,-0.002590317565781402
8.05,20012.470494396148,-9.112448065723498e-08,0.00015977330172845536,0.00015977330172845536,1.5807390030136255e-09,-0.0018224896131446996
8.0625,20007.28461043188,-5.323015442061237e-08,0.00015976863897350333,0.00015976863897350333,1.5807037160731682e-09,-0.0010646030884122475
8.075000000000001,20002.185725671276,-1.5971549350141637e-08,0.0001597588382898519,0.0001597588382898519,1.580693128331745e-09,-0.00031943098700283276
8.0875,19997.192294518387,2.0516484407413062e-08,0.00015974396156470463,0.00015974396156470463,1.5807067289679174e-09,0.00041032968814826127
8.1,19992.32215483719,5.61036018933943e-08,0.00015972409055259158,0.00015972409055259158,1.580743920752931e-09,0.0011220720378678861
8.1125,19987.592435234135,9.066464083671536e-08,0.00015969932641237103,0.00015969932641237103,1.5808040234863836e-09,0.0018132928167343071
8.125,19983.019466825826,1.2408026639447362e-07,0.0001596697892168701,0.0001596697892168701,1.5808862778593013e-09,0.002481605327889472
8.137500000000001,19978.61870009556,1.5623757869106457e-07,0.0001596356174348123,0.0001596356174348123,1.5809898497199593e-09,0.003124751573821291
8.15,19974.404627409916,1.8703067900716535e-07,0.00015959696738434228,0.00015959696738434228,1.5811138347150366e-09,0.003740613580143307
8.1625,19970.390711716453,2.163611908012876e-07,0.00015955401265717174,0.00015955401265717174,1.5812572632761627e-09,0.004327223816025752
8.175,19966.58932189485,2.4413873211288336e-07,0.00015950694351212988,0.00015950694351212988,1.5814191059196259e-09,0.0048827746422576675
8.1875,19963.011675179157,2.702813362930065e-07,0.0001594559662367187,0.0001594559662367187,1.5815982788249893e-09,0.005405626725860131
8.200000000000001,19959.66778701221,2.947158184325284e-07,0.0001594013024751412,0.0001594013024751412,1.5817936496566174e-09,0.005894316368650568
8.2125,19956.566428628812,3.173780853034719e-07,0.00015934318852119466,0.00015934318852119466,1.5820040435906656e-09,0.006347561706069438
8.225,19953.715092606544,3.382133870930871e-07,0.00015928187457440006,0.00015928187457440006,1.5822282495089485e-09,0.006764267741861741
8.2375,19951.119966551185,3.5717650968575905e-07,0.00015921762395777305,0.00015921762395777305,1.5824650263202728e-09,0.007143530193715181
8.25,19948.785915023596,3.742319067317904e-07,0.00015915071229572904,0.00015915071229572904,1.5827131093693226e-09,0.007484638134635809
8.262500000000001,19946.716469742772,3.893537712276703e-07,0.00015908142665075766,0.00015908142665075766,1.5829712168929934e-09,0.0077870754245534055
8.275,19944.913828040724,4.025260468163918e-07,0.00015901006461769377,0.00015901006461769377,1.5832380564842198e-09,0.008050520936327835
8.2875,19943.378859470642,4.137423794913853e-07,0.0001589369333746554,0.0001589369333746554,1.5835123315237849e-09,0.008274847589827706
8.3,19942.111120416015,4.2300601085150317e-07,0.0001588623486900084,0.0001588623486900084,1.5837927475413684e-09,0.008460120217030064
8.3125,19941.10887647888,4.3032961450015876e-07,0.0001587866338850522,0.0001587866338850522,1.584078018468142e-09,0.008606592290003176
8.325000000000001,19940.36913237401,4.3573507760660184e-07,0.00015871011875249653,0.00015871011875249653,1.5843668727445575e-09,0.008714701552132036
8.3375,19939.88766899593,4.3925323004618043e-07,0.00015863313843121211,0.00015863313843121211,1.5846580592485796e-09,0.008785064600923608
8.35,19939.65908727925,4.40923523906394e-07,0.00015855603223818634,0.00015855603223818634,1.58495035301146e-09,0.00881847047812788
8.3625,19939.67685842334,4.4079366648250753e-07,0.0001584791424590912,0.0001584791424590912,1.5852425606902167e-09,0.008815873329650151
8.375,19939.933380013736,4.389192101886945e-07,0.00015840281309937362,0.00015840281309937362,1.5855335257682644e-09,0.00877838420377389
8.387500000000001,19940.42003753455,4.3536310307444957e-07,0.00015832738859830042,0.00015832738859830042,1.5858221334580728e-09,0.008707262061488991
8.4,19941.127270736022,4.3019520386057403e-07,0.00015825321250892896,0.00015825321250892896,1.5861073152823388e-09,0.008603904077211481
8.4125,19942.044644297475,4.2349176559255904e-07,0.0001581806261475205,0.0001581806261475205,1.5863880533128643e-09,0.00846983531185118
8.425,19943.16092220446,4.153348921506894e-07,0.000158109967216467,0.000158109967216467,1.5866633840491485e-09,0.008306697843013787
8.4375,19944.464145246933,4.058119719556293e-07,0.00015804156840534996,0.00015804156840534996,1.5869324019215765e-09,0.008116239439112586
8.450000000000001,19945.94171103646,3.950150932656468e-07,0.0001579757559752946,0.0001579757559752946,1.5871942624070008e-09,0.007900301865312936
8.4625,19947.580455938645,3.8304044547756193e-07,0.00015791284833230793,0.00015791284833230793,1.5874481847474376e-09,0.007660808909551239
8.475,19949.366738321074,3.699877108194265e-07,0.00015785315459579968,0.00015785315459579968,1.587693454265509e-09,0.00739975421638853
8.4875,19951.286522524017,3.559594507598468e-07,0.00015779697316896398,0.00015779697316896398,1.5879294242731276e-09,0.007119189015196936
8.5,19953.32546297527,3.4106049135911433e-07,0.00015774459031814915,0.00015774459031814915,1.5881555175727228e-09,0.006821209827182286
8.512500000000001,19955.468987891312,3.253973116535599e-07,0.0001576962787687502,0.0001576962787687502,1.5883712275530197e-09,0.006507946233071198
8.525,19957.70238202457,3.090774389981915e-07,0.00015765229632552197,0.00015765229632552197,1.5885761188839828e-09,0.006181548779963831
8.5375,19960.01086794927,2.92208855098494e-07,0.0001576128845255222,0.0001576128845255222,1.5887698278180106e-09,0.00584417710196988
8.55,19962.379685403284,2.7489941624152907e-07,0.00015757826733214667,0.00015757826733214667,1.5889520621067937e-09,0.005497988324830581
8.5625,19964.794168239812,2.572562909939115e-07,0.00015754864987890986,0.00015754864987890986,1.5891226005454168e-09,0.00514512581987823
8.575000000000001,19967.239818577305,2.393854183725971e-07,0.00015752421727174745,0.00015752421727174745,1.5892812921572747e-09,0.004787708367451942
8.5875,19969.702377774636,2.213909892175467e-07,0.00015750513345866703,0.00015750513345866703,1.5894280550351834e-09,0.0044278197843509335
8.6,19972.167893896112,2.0337495320629143e-07,0.00015749154017554722,0.00015749154017554722,1.5895628748556857e-09,0.004067499064125828
8.6125,19974.622785375126,1.8543655365388044e-07,0.0001574835559767798,0.0001574835559767798,1.5896858030849687e-09,0.003708731073077609
8.625,19977.05390062281,1.6767189193954924e-07,0.00015748127535925987,0.00015748127535925987,1.5897969548960356e-09,0.003353437838790985
8.637500000000001,19979.448573371603,1.501735230985482e-07,0.00015748476798795727,0.00015748476798795727,1.5898965068177897e-09,0.003003470461970964
8.65,19981.794673584835,1.3303008381628153e-07,0.0001574940780309419,0.0001574940780309419,1.58998469413751e-09,0.0026606016763256303
8.6625,19984.080653803205,1.1632595376550275e-07,0.00015750922361129182,0.00015750922361129182,1.5900618080788246e-09,0.002326519075310055
8.675,19986.295590838763,1.0014095093864418e-07,0.00015753019638278324,0.00015753019638278324,1.590128192777715e-09,0.0020028190187728837
8.6875,19988.429222765775,8.455006134916613e-08,0.0001575569612356457,0.0001575569612356457,1.5901842420793367e-09,0.0016910012269833225
8.700000000000001,19990.471981192863,6.96232032099868e-08,0.00015758945613797353,0.00015758945613797353,1.5902303961785094e-09,0.001392464064199736
8.7125,19992.415018837175,5.5425025446354076e-08,0.000157627592117609,0.000157627592117609,1.5902671381266413e-09,0.0011085005089270816
8.725,19994.250232450937,4.20147401658642e-08,0.00015767125338846948,0.00015767125338846948,1.5902949902275923e-09,0.000840294803317284
8.7375,19995.970281181835,2.9445988491863212e-08,0.00015772029762437575,0.00015772029762437575,1.5903145103445998e-09,0.0005889197698372643
8.75,19997.568600477367,1.7766738969360918e-08,0.00015777455638246507,0.00015777455638246507,1.5903262881398543e-09,0.00035533477938721835
8.762500000000001,19999.039411661695,7.019217574602338e-09,0.00015783383567724476,0.00015783383567724476,1.5903309412676784e-09,0.00014038435149204675
8.775,20000.377727344396,-2.760131796504301e-09,0.00015789791670526692,0.00015789791670526692,1.5903291115415125e-09,-5.520263593008602e-05
8.7875,20001.57935282774,-1.1540657622853982e-08,0.00015796655671929704,0.00015796655671929704,1.590321461094077e-09,-0.00023081315245707964
8.8,20002.640883706496,-1.929748321146937e-08,0.00015803949004971048,0.00015803949004971048,1.5903086685491659e-09,-0.00038594966422938744
8.8125,20003.559699857622,-2.601146278054992e-08,0.00015811642926969857,0.00015811642926969857,1.5902914252225527e-09,-0.0005202292556109984
8.825000000000001,20004.33395603259,-3.166911271726354e-08,0.00015819706649970768,0.00015819706649970768,1.5902704313684684e-09,-0.0006333822543452708
8.8375,20004.96256927138,-3.626251960996744e-08,0.00015828107484538152,0.00015828107484538152,1.5902463924870443e-09,-0.0007252503921993487
8.85,20005.445203362266,-3.978922669054887e-08,0.00015836810996214197,0.00015836810996214197,1.590220015707034e-09,-0.0007957845338109774
8.8625,20005.782250573313,-4.225210034122886e-08,0.00015845781173843803,0.00015845781173843803,1.5901920062570302e-09,-0.0008450420068245772
8.875,20005.97481088142,-4.365917832232396e-08,0.0001585498060886272,0.0001585498060886272,1.5901630640372932e-09,-0.0008731835664464792
8.887500000000001,20006.02466892633,-4.4023501364132166e-08,0.00015864370684544188,0.00015864370684544188,1.5901338803032187e-09,-0.0008804700272826433
8.9,20005.934268907935,-4.336292973984936e-08,0.00015873911774104518,0.00015873911774104518,1.5901051344704019e-09,-0.0008672585947969873
8.9125,20005.706687644288,-4.1699946397324056e-08,0.0001588356344648068,0.0001588356344648068,1.5900774910502087e-09,-0.0008339989279464811
8.925,20005.34560600045,-3.906144817767806e-08,0.0001589328467851427,0.0001589328467851427,1.59005159672375e-09,-0.0007812289635535612
8.9375,20004.855278886924,-3.547852659048888e-08,0.00015903034072206932,0.00015903034072206932,1.5900280775611825e-09,-0.0007095705318097776
8.950000000000001,20004.240504021007,-3.098623954865799e-08,0.00015912770075653378,0.00015912770075653378,1.590007536392331e-09,-0.0006197247909731598
8.9625,20003.50658963361,-2.562337539365612e-08,0.00015922451206210544,0.00015922451206210544,1.5899905503337392e-09,-0.0005124675078731224
8.975,20002.659321292645,-1.9432210464965924e-08,0.000159320362744255,0.000159320362744255,1.589977668476433e-09,-0.0003886442092993185
8.9875,20001.704928002728,-1.2458261387526956e-08,0.0001594148460722132,0.0001594148460722132,1.5899694097378934e-09,-0.0002491652277505391
9.0,20000.650047732215,-4.750033169046012e-09,0.00015950756268829535,0.00015950756268829535,1.5899662608810203e-09,-9.500066338092023e-05
9.012500000000001,19999.501692505022,3.6412358832400817e-09,0.00015959812277960368,0.00015959812277960368,1.5899686747021937e-09,7.282471766480163e-05
9.025,19998.2672131833,1.2661831497987035e-08,0.00015968614819717716,0.00015968614819717716,1.5899770683899261e-09,0.0002532366299597407
9.0375,19996.954264059645,2.2255822179018975e-08,0.00015977127450795045,0.00015977127450795045,1.5899918220550358e-09,0.00044511644358037947
9.05,19995.570767360816,3.236531857632888e-08,0.00015985315296530644,0.00015985315296530644,1.5900132774327613e-09,0.0006473063715265777
9.0625,19994.12487776236,4.2930732790071176e-08,0.00015993145238455772,0.00015993145238455772,1.5900417367567711e-09,0.0008586146558014235
9.075000000000001,19992.624946997857,5.389103697689879e-08,0.00016000586091036872,0.00016000586091036872,1.590077461804607e-09,0.0010778207395379757
9.0875,19991.079488641102,6.518402069115042e-08,0.0001600760876639243,0.0001600760876639243,1.5901206731137218e-09,0.0013036804138230084
9.1,19989.4971431325,7.674654645113443e-08,0.0001601418642585547,0.0001601418642585547,1.590171549366936e-09,0.0015349309290226887
9.1125,19987.886643109006,8.851480307129202e-08,0.00016020294617353744,0.00016020294617353744,1.59023022694583e-09,0.0017702960614258403
9.125,19986.256779098745,1.0042455634658831e-07,0.00016025911397689452,0.00016025911397689452,1.590296799650321e-09,0.002008491126931766
9.137500000000001,19984.61636562772,1.1241139671275146e-07,0.00016031017438919006,0.00016031017438919006,1.590371318582413e-09,0.002248227934255029
9.15,19982.974207788517,1.2441098353772866e-07,0.00016035596118158484,0.00016035596118158484,1.5904537921918946e-09,0.0024882196707545733
9.1625,19981.339068313475,1.3635928572402302e-07,0.00016039633590271869,0.00016039633590271869,1.5905441864815319e-09,0.0027271857144804605
9.175,19979.71963519456,1.4819281831950666e-07,0.0001604311884303468,0.0001604311884303468,1.5906424253691165e-09,0.002963856366390133
9.1875,19978.124489888447,1.5984887484560258e-07,0.00016046043734504494,0.00016046043734504494,1.5907483912035244e-09,0.0031969774969120516
9.200000000000001,19976.56207614763,1.7126575505718344e-07,0.00016048403012470486,0.00016048403012470486,1.5908619254317612e-09,0.003425315101143669
9.2125,19975.04066951562,1.823829878478882e-07,0.0001605019431599472,0.0001605019431599472,1.590982829413774e-09,0.003647659756957764
9.225,19973.568347525925,1.9314154900877918e-07,0.00016051418159197917,0.00016051418159197917,1.5911108653816174e-09,0.0038628309801755837
9.2375,19972.152960647978,2.0348407353768132e-07,0.00016052077897579353,0.00016052077897579353,1.591245757539363e-09,0.0040696814707536265
9.25,19970.802104021095,2.1335506218143886e-07,0.00016052179677294073,0.00016052179677294073,1.5913871932999278e-09,0.0042671012436287774
9.262500000000001,19969.523090024304,2.227010818749458e-07,0.00016051732367938692,0.00016051732367938692,1.5915348246547758e-09,0.004454021637498916
9.275,19968.32292173008,2.3147095971911462e-07,0.00016050747479518746,0.00016050747479518746,1.591688269672212e-09,0.0046294191943822924
9.2875,19967.208267294933,2.3961597011616503e-07,0.0001604923906438483,0.0001604923906438483,1.5918471141197273e-09,0.0047923194023233
9.3,19966.18543534167,2.4709001465499345e-07,0.00016047223605030316,0.00016047223605030316,1.5920109132055955e-09,0.004941800293099869
9.3125,19965.26035139339,2.5384979431318896e-07,0.000160447198887394,0.000160447198887394,1.592179193434622e-09,0.005076995886263779
9.325000000000001,19964.438535422043,2.5985497351566543e-07,0.0001604174887015999,0.0001604174887015999,1.5923514545726514e-09,0.005197099470313308
9.3375,19963.725080577104,2.6506833556393757e-07,0.00016038333522950472,0.00016038333522950472,1.5925271717141092e-09,0.005301366711278751
9.35,19963.12463316677,2.6945592892589445e-07,0.00016034498681712333,0.00016034498681712333,1.5927057974465227e-09,0.005389118578517889
9.3625,19962.641373960483,2.7298720385286506e-07,0.00016030270875471664,0.00016030270875471664,1.5928867641056054e-09,0.005459744077057301
9.375,19962.279000893188,2.75635138771827e-07,0.0001602567815401111,0.0001602567815401111,1.5930694861141294e-09,0.00551270277543654
9.387500000000001,19962.04071324441,2.773763558836901e-07,0.0001602074990838008,0.0001602074990838008,1.5932533623974289e-09,0.005547527117673802
9.4,19961.929197376197,2.781912253872157e-07,0.00016015516686924841,0.00016015516686924841,1.5934377788679957e-09,0.005563824507744314
9.4125,19961.94661410625,2.780639577401312e-07,0.00016010010008181625,0.00016010010008181625,1.5936221109712348e-09,0.0055612791548026235
9.425,19962.09458780017,2.76982683367459e-07,0.00016004262171965546,0.00016004262171965546,1.5938057262840602e-09,0.0055396536673491805
9.4375,19962.37419726115,2.749395192305025e-07,0.00015998306069966094,0.00015998306069966094,1.5939879871576202e-09,0.0054987903846100495
9.450000000000001,19962.785968497265,2.71930621680182e-07,0.00015992174997127038,0.00015992174997127038,1.5941682533950598e-09,0.005438612433603641
9.4625,19963.329869441757,2.679562250348657e-07,0.00015985902465045392,0.00015985902465045392,1.5943458849548566e-09,0.005359124500697314
9.475,19964.00530670071,2.630206653467254e-07,0.00015979522018571044,0.00015979522018571044,1.5945202446699117e-09,0.0052604133069345076
9.4875,19964.81112439644,2.5713238885132895e-07,0.00015973067056727195,0.00015973067056727195,1.5946907009722425e-09,0.005142647777026579
9.5,19965.745605171964,2.5030394463378385e-07,0.00015966570659002165,0.00015966570659002165,1.5948566306128127e-09,0.005006078892675677
9.512500000000001,19966.80647341124,2.425519610900809e-07,0.00015960065417986862,0.00015960065417986862,1.5950174213657598e-09,0.0048510392218016184
9.525,19967.99090072883,2.3389710581607628e-07,0.00015953583279250006,0.00015953583279250006,1.595172474706031e-09,0.004677942116321525
9.5375,19969.295513769397,2.2436402861711748e-07,0.00015947155389256238,0.00015947155389256238,1.5953212084492399e-09,0.0044872805723423495
9.55,19970.716404349492,2.1398128739919418e-07,0.00015940811952041553,0.00015940811952041553,1.5954630593423963e-09,0.004279625747983884
9.5625,19972.249141963992,2.0278125677767304e-07,0.00015934582095267135,0.00015934582095267135,1.5955974855940511e-09,0.004055625135553461
9.575000000000001,19973.8887886701,1.9080001932137127e-07,0.00015928493746177752,0.00015928493746177752,1.5957239693323443e-09,0.003816000386427425
9.5875,19975.629916346243,1.7807723943760698e-07,0.00015922573517895413,0.00015922573517895413,1.595842018979452e-09,0.0035615447887521394
9.600000000000001,19977.466626312817,1.6465601999737217e-07,0.00015916846606383854,0.00015916846606383854,1.5959511715309863e-09,0.0032931203999474433
9.6125,19979.39257128826,1.505827418986756e-07,0.0001591133669832598,0.0001591133669832598,1.5960509947290422e-09,0.003011654837973512
9.625,19981.400979639,1.35906886869165e-07,0.00015906065890064874,0.00015906065890064874,1.5961410891177752e-09,0.0027181377373833
9.637500000000001,19983.48468186647,1.2068084391575618e-07,0.00015901054617670983,0.00015901054617670983,1.5962210899706742e-09,0.0024136168783151237
9.65,19985.636139262522,1.0495969993890675e-07,0.00015896321598113768,0.00015896321598113768,1.5962906690790286e-09,0.002099193998778135
9.662500000000001,19987.847474644415,8.880101514021021e-08,0.00015891883781436395,0.00015891883781436395,1.5963495363915116e-09,0.0017760203028042044
9.675,19990.11050507061,7.226458396479624e-08,0.00015887756313757602,0.00015887756313757602,1.5963974414952877e-09,0.0014452916792959249
9.6875,19992.41677641912,5.541218243221151e-08,0.0001588395251085602,0.0001588395251085602,1.5964341749296236e-09,0.0011082436486442302
9.700000000000001,19994.75759969524,3.830730282040552e-08,0.00015880483842029496,0.00015880483842029496,1.5964595693236173e-09,0.0007661460564081104
9.7125,19997.124088925266,2.1014876777071533e-08,0.00015877359923865638,0.00015877359923865638,1.596473500350375e-09,0.0004202975355414307
9.725000000000001,19999.507200470813,3.600988037734735e-09,0.00015874588523510124,0.00015874588523510124,1.596475887490744e-09,7.20197607546947e-05
9.7375,20001.897773590845,-1.3867423968480462e-08,0.00015872175570976434,0.00015872175570976434,1.5964666946005636e-09,-0.00027734847936960924
9.75,20004.286572062047,-3.132286824870584e-08,0.00015870125180004481,0.00015870125180004481,1.5964459302763028e-09,-0.0006264573649741168
9.762500000000001,20006.66432665754,-4.869761264591365e-08,0.0001586843967694645,0.0001586843967694645,1.5964136480149313e-09,-0.000973952252918273
9.775,20009.02177827167,-6.592399896093412e-08,0.0001586711963713538,0.0001586711963713538,1.5963699461648924e-09,-0.0013184799792186825
9.787500000000001,20011.3497214693,-8.293476117675709e-08,0.00015866163928175963,0.00015866163928175963,1.5963149676661197e-09,-0.0016586952235351417
9.8,20013.639048229667,-9.966334510174224e-08,0.00015865569759587086,0.00015865569759587086,1.5962488995781598e-09,-0.001993266902034845
9.8125,20015.880791646196,-1.1604422769606591e-07,0.00015865332738221593,0.00015865332738221593,1.5961719723966086e-09,-0.002320884553921318
9.825000000000001,20018.066169340407,-1.3201323430418839e-07,0.00015865446928890265,0.00015865446928890265,1.5960844591592496e-09,-0.0026402646860837677
9.8375,20020.186626341518,-1.475078519874748e-07,0.0001586590491962372,0.0001586590491962372,1.5959866743444823e-09,-0.0029501570397494964
9.850000000000001,20022.233877184033,-1.6246753713441509e-07,0.00015866697891017142,0.00015866697891017142,1.5958789725658287e-09,-0.0032493507426883017
9.8625,20024.199946970693,-1.7683401552345478e-07,0.00015867815689118287,0.00015867815689118287,1.5957617470675277e-09,-0.0035366803104690957
9.875,20026.07721115599,-1.905515730236743e-07,0.00015869246901338435,0.00015869246901338435,1.5956354280274176e-09,-0.0038110314604734856
9.887500000000001,20027.858433802285,-2.035673351436899e-07,0.00015870978934888212,0.00015870978934888212,1.5955004806745037e-09,-0.004071346702873798
9.9,20029.536804071013,-2.158315336779076e-07,0.00015872998097265223,0.00015872998097265223,1.5953574032297622e-09,-0.004316630673558152
9.912500000000001,20031.105970715395,-2.272977587523715e-07,0.0001587528967834756,0.0001587528967834756,1.5952067246798601e-09,-0.0045459551750474305
9.925,20032.560074351888,-2.3792319463970238e-07,0.00015877838033675852,0.00015877838033675852,1.5950490023945496e-09,-0.004758463892794048
9.9375,20033.893777298264,-2.4766883779347496e-07,0.0001588062666853643,0.0001588062666853643,1.5948848195995256e-09,-0.0049533767558695
9.950000000000001,20035.102290779825,-2.5649969564667763e-07,0.00015883638322488426,0.00015883638322488426,1.5947147827174967e-09,-0.005129993912933553
9.9625,20036.18139931795,-2.6438496482619874e-07,0.0001588685505400834,0.0001588685505400834,1.5945395185911163e-09,-0.0052876992965239745
9.975000000000001,20037.127482134252,-2.712981875544846e-07,0.00015890258324955747,0.00015890258324955747,1.594359671602232e-09,-0.005425963751089692
9.9875,20037.93753141845,-2.7721738514022877e-07,0.00015893829084593467,0.00015893829084593467,1.5941759007026425e-09,-0.005544347702804576
10.0,20038.609167330513,-2.8212516760095213e-07,0.00015897547852924127,0.00015897547852924127,1.5939888763721856e-09,-0.0056425033520190425
10.012500000000001,20039.140649625897,-2.860088186106217e-07,0.00015901394803132153,0.00015901394803132153,1.5937992775205118e-09,-0.005720176372212434
10.025,20039.530885815446,-2.8886035512393646e-07,0.00015905349842945888,0.00015905349842945888,1.5936077883493329e-09,-0.005777207102478729
10.037500000000001,20039.779435793134,-2.9067656119443093e-07,0.00015909392694758153,0.00015909392694758153,1.5934150951922523e-09,-0.005813531223888619
10.05,20039.886512889407,-2.914589956741932e-07,0.00015913502974365237,0.00015913502974365237,1.5932218833494908e-09,-0.005829179913483864
10.0625,20039.852981332704,-2.9121397365781504e-07,0.0001591766026820356,0.0001591766026820356,1.5930288339349128e-09,-0.0058242794731563005
10.075000000000001,20039.68035012198,-2.8995252171109227e-07,0.00015921844208980482,0.00015921844208980482,1.592836620752734e-09,-0.005799050434221845
10.0875,20039.370763341467,-2.876903071033247e-07,0.00015926034549610106,0.00015926034549610106,1.5926459072211393e-09,-0.005753806142066493
10.100000000000001,20038.92698697382,-2.8444754143991716e-07,0.00015930211235377258,0.00015930211235377258,1.5924573433597856e-09,-0.005688950828798343
10.1125,20038.352392286302,-2.802488592685594e-07,0.00015934354474262435,0.00015934354474262435,1.5922715628577775e-09,-0.005604977185371188
10.125,20037.650935895475,-2.7512317240409624e-07,0.00015938444805367938,0.00015938444805367938,1.5920891802382132e-09,-0.005502463448081925
10.137500000000001,20036.827136633106,-2.6910350088489086e-07,0.00015942463165390266,0.00015942463165390266,1.5919107881347912e-09,-0.005382070017697817
10.15,20035.886049361347,-2.6222678163383556e-07,0.00015946390953086744,0.00015946390953086744,1.591736954695258e-09,-0.005244535632676711
10.162500000000001,20034.83323590458,-2.5453365604988147e-07,0.0001595021009168499,0.0001595021009168499,1.5915682211256646e-09,-0.005090673120997629
10.175,20033.67473328428,-2.4606823789923775e-07,0.0001595390308918267,0.0001595390308918267,1.5914050993884899e-09,-0.004921364757984755
10.1875,20032.417019465163,-2.368778630075217e-07,0.00015957453096482,0.00015957453096482,1.5912480700666972e-09,-0.004737557260150434
10.200000000000001,20031.066976830767,-2.2701282237535687e-07,0.00015960843963299024,0.00015960843963299024,1.5910975804047115e-09,-0.004540256447507138
10.2125,20029.631853628918,-2.1652608044716088e-07,0.00015964060291781998,0.00015964060291781998,1.5909540425361603e-09,-0.004330521608943217
10.225000000000001,20028.119223633774,-2.0547298035739548e-07,0.00015967087487766223,0.00015967087487766223,1.590817831907009e-09,-0.004109459607147909
10.2375,20026.536944287232,-1.939109380575642e-07,0.00015969911809585234,0.00015969911809585234,1.5906892859014652e-09,-0.003878218761151284
10.25,20024.893113587066,-1.8189912729187235e-07,0.00015972520414349922,0.00015972520414349922,1.5905687026767151e-09,-0.003637982545837447
10.262500000000001,20023.19602599924,-1.6949815743777274e-07,0.00015974901401598647,0.00015974901401598647,1.5904563402112248e-09,-0.0033899631487554547
10.275,20021.4541276738,-1.567697462603715e-07,0.00015977043854212923,0.00015977043854212923,1.590352415569976e-09,-0.00313539492520743
10.287500000000001,20019.67597124776,-1.4377638964604197e-07,0.00015978937876484766,0.00015978937876484766,1.5902571043886385e-09,-0.0028755277929208393
10.3,20017.87017051688,-1.305810303808693e-07,0.00015980574629214018,0.00015980574629214018,1.5901705405773167e-09,-0.002611620607617386
10.3125,20016.045355257316,-1.1724672802386154e-07,0.0001598194636170657,0.0001598194636170657,1.5900928162431378e-09,-0.002344934560477231
10.325000000000001,20014.21012647366,-1.0383633189330138e-07,0.0001598304644053832,0.0001598304644053832,1.5900239818296234e-09,-0.0020767266378660275
10.3375,20012.373012342432,-9.041215913814526e-08,0.00015983869374944345,0.00015983869374944345,1.589964046469472e-09,-0.0018082431827629052
10.350000000000001,20010.542425113144,-7.70356798049221e-08,0.0001598441083868914,0.0001598441083868914,1.5899129785461126e-09,-0.001540713596098442
10.3625,20008.726619217923,-6.37672107354859e-08,0.00015984667688271402,0.00015984667688271402,1.5898707064581798e-09,-0.0012753442147097182
10.375,20006.933650828563,-5.0665620042855086e-08,0.00015984637977316395,0.00015984637977316395,1.5898371195798935e-09,-0.0010133124008571018
10.387500000000001,20005.17133908679,-3.778804381204988e-08,0.00015984320967010147,0.00015984320967010147,1.589812069409243e-09,-0.0007557608762409977
10.4,20003.4472292176,-2.5189616561778074e-08,0.00015983717132433137,0.00015983717132433137,1.5897953708948494e-09,-0.0005037923312355615
10.412500000000001,20001.76855771943,-1.2923216881880773e-08,0.00015982828164656405,0.00015982828164656405,1.5897868039314509e-09,-0.0002584643376376155
10.425,20000.142219806825,-1.039229532003925e-09,0.00015981656968470738,0.00015981656968470738,1.5897861150130921e-09,-2.07845906400785e-05
10.4375,19998.57473926404,1.0414674849794104e-08,0.00015980207655629205,0.00015980207655629205,1.5897930190323517e-09,0.00020829349699588208
10.450000000000001,19997.072240844507,2.139374142198639e-08,0.00015978485533495488,0.00015978485533495488,1.589807201213259e-09,0.0004278748284397278
10.4625,19995.640425337544,3.1856313339078176e-08,0.00015976497089004703,0.00015976497089004703,1.5898283191649955e-09,0.0006371262667815635
10.475000000000001,19994.284547396208,4.176399376631408e-08,0.0001597424996785988,0.0001597424996785988,1.589856005042997e-09,0.0008352798753262816
10.4875,19993.009396203386,5.108178715214544e-08,0.00015971752948906083,0.00015971752948906083,1.5898898678037069e-09,0.0010216357430429088
10.5,19991.81927903347,5.977821935350709e-08,0.00015969015913644804,0.00015969015913644804,1.589929495538962e-09,0.0011955643870701419
10.512500000000001,19990.718007741056,6.782543635955064e-08,0.00015966049810874097,0.00015966049810874097,1.5899744578758246e-09,0.001356508727191013
10.525,19989.708888194356,7.519928150882853e-08,0.00015962866616464584,0.00015962866616464584,1.5900243084276014e-09,0.0015039856301765706
10.537500000000001,19988.794712645158,8.18793512399455e-08,0.00015959479288307643,0.00015959479288307643,1.590078587281821e-09,0.00163758702479891
10.55,19987.977755012456,8.784902955659151e-08,0.00015955901716500055,0.00015955901716500055,1.5901368235110586e-09,0.0017569805911318301
10.5625,19987.259769035747,9.309550152269872e-08,0.00015952148668858308,0.00015952148668858308,1.5901985376927067e-09,0.0018619100304539742
10.575000000000001,19986.641989236654,9.760974623163198e-08,0.00015948235731886153,0.00015948235731886153,1.5902632444240851e-09,0.0019521949246326395
10.5875,19986.12513461384,1.0138650981414794e-07,0.00015944179247349814,0.00015944179247349814,1.5903304548196573e-09,0.002027730196282959
10.600000000000001,19985.709414974695,1.0442425916158653e-07,0.00015939996244646908,0.00015939996244646908,1.59039967897757e-09,0.0020884851832317303
10.6125,19985.394539801942,1.0672511714460422e-07,0.00015935704369186927,0.00015935704369186927,1.5904704284032474e-09,0.0021345023428920844
10.625,19985.17972953147,1.082947802005827e-07,0.00015931321807032976,0.00015931321807032976,1.590542218378354e-09,0.0021658956040116538
10.637500000000001,19985.063729112007,1.0914241924673406e-07,0.00015926867206085817,0.00015926867206085817,1.5906145702640706e-09,0.002182848384934681
10.65,19985.044823707027,1.0928056494915832e-07,0.00015922359594122332,0.00015922359594122332,1.5906870137283151e-09,0.0021856112989831664
10.662500000000001,19985.120856386704,1.0872497844029015e-07,0.00015917818294030152,0.00015917818294030152,1.5907590888872583e-09,0.002174499568805803
10.675,19985.289247655015,1.074945086294283e-07,0.00015913262836609067,0.00015913262836609067,1.590830348352251e-09,0.002149890172588566
10.6875,19985.54701665013,1.0561093729234977e-07,0.00015908712871336614,0.00015908712871336614,1.5909003591740574e-09,0.0021122187458469956
10.700000000000001,19985.89080384904,1.0309881315644223e-07,0.00015904188075520646,0.00015904188075520646,1.5909687046771029e-09,0.0020619762631288448
10.7125,19986.31689511075,9.998527621892224e-08,0.00015899708062284393,0.00015899708062284393,1.591034986177259e-09,0.001999705524378445
10.725000000000001,19986.82124688375,9.629987354573519e-08,0.00015895292287850167,0.00015895292287850167,1.5910988245775198e-09,0.0019259974709147038
10.7375,19987.39951240959,9.207436780022912e-08,0.00015890959958605433,0.00015890959958605433,1.5911598618367495e-09,0.0018414873560045825
10.75,19988.04706875064,8.734253974236405e-08,0.00015886729938449808,0.00015886729938449808,1.5912177623075038e-09,0.001746850794847281
10.762500000000001,19988.75904447643,8.213998592306206e-08,0.000158826206569328,0.000158826206569328,1.5912722139397408e-09,0.0016427997184612411
10.775,19989.530347842137,7.650391277358037e-08,0.0001587865001870036,0.0001587865001870036,1.591322929348031e-09,0.0015300782554716074
10.787500000000001,19990.355695301485,7.047292825846013e-08,0.00015874835314772412,0.00015874835314772412,1.5913696467406513e-09,0.0014094585651692026
10.8,19991.229640198148,6.408683222233648e-08,0.0001587119313617435,0.0001587119313617435,1.5914121307096974e-09,0.0012817366444467296
10.8125,19992.14660148681,5.738640651684976e-08,0.00015867739290442045,0.00015867739290442045,1.5914501728820685e-09,0.0011477281303369953
10.825000000000001,19993.10089234291,5.0413205945099926e-08,0.00015864488721512664,0.00015864488721512664,1.5914835924318672e-09,0.0010082641189019985
10.8375,19994.086748525464,4.320935100753132e-08,0.0001586145543350231,0.0001586145543350231,1.591512236455406e-09,0.0008641870201506264
10.850000000000001,19995.098356366507,3.581732337640365e-08,0.00015858652418856124,0.00015858652418856124,1.5915359802106343e-09,0.000716346467528073
10.8625,19996.129880269193,2.827976496633484e-08,0.00015856091591337184,0.00015856091591337184,1.5915547272233637e-09,0.0005655952993266968
10.875,19997.17548960194,2.0639281406377322e-08,0.00015853783724297256,0.00015853783724297256,1.5915684092632148e-09,0.00041278562812754644
10.887500000000001,19998.229384890245,1.2938250656352788e-08,0.00015851738394645376,0.00015851738394645376,1.5915769861926922e-09,0.00025876501312705575
10.9,19999.285823210466,5.218637445928339e-09,0.00015849963932899463,0.00015849963932899463,1.5915804456932483e-09,0.00010437274891856678
10.912500000000001,20000.339142703426,-2.478185848679887e-09,0.00015848467379671975,0.00015848467379671975,1.5915788028726058e-09,-4.956371697359775e-05
10.925,20001.383786131002,-1.0111611339114527e-08,0.00015847254448903155,0.00015847254448903155,1.5915720997579684e-09,-0.00020223222678229054
10.9375,20002.414323409244,-1.764196028137414e-08,0.00015846329498114806,0.00015846329498114806,1.5915604046800793e-09,-0.00035283920562748284
10.950000000000001,20003.425473060724,-2.5030639825913026e-08,0.00015845695505914536,0.00015845695505914536,1.5915438115533683e-09,-0.0005006127965182605
10.9625,20004.41212253251,-3.224029149214249e-08,0.00015845354056934715,0.00015845354056934715,1.5915224390576732e-09,-0.0006448058298428497
10.975000000000001,20005.369347340067,-3.923493105390719e-08,0.0001584530533434286,0.0001584530533434286,1.5914964297272285e-09,-0.0007846986210781438
10.9875,20006.292428999852,-4.598007957660325e-08,0.00015845548120011006,0.00015845548120011006,1.5914659489527896e-09,-0.0009196015915320649
11.0,20007.176871722462,-5.244288539710347e-08,0.00015846079802381025,0.00015846079802381025,1.5914311839028934e-09,-0.0010488577079420694
11.012500000000001,20008.018417843952,-5.859223688532062e-08,0.00015846896392011686,0.00015846896392011686,1.5913923423703685e-09,-0.0011718447377064125
11.025,20008.81306198019,-6.439886587027153e-08,0.00015847992544741531,0.00015847992544741531,1.5913496515502833e-09,-0.0012879773174054305
11.037500000000001,20009.557063892258,-6.983544165452969e-08,0.0001584936159234997,0.0001584936159234997,1.5913033567555697e-09,-0.0013967088330905939
11.05,20010.246960059867,-7.487665557792441e-08,0.00015850995580547845,0.00015850995580547845,1.59125372007659e-09,-0.0014975331115584883
11.0625,20010.879573959373,-7.949929612569784e-08,0.00015852885314078521,0.00015852885314078521,1.5912010189909119e-09,-0.0015899859225139569
11.075000000000001,20011.452025052182,-8.368231460633691e-08,0.00015855020408661672,0.00015855020408661672,1.591145544929546e-09,-0.0016736462921267382
11.0875,20011.961736488964,-8.740688145194842e-08,0.00015857389349464845,0.00015857389349464845,1.5910876018058614e-09,-0.0017481376290389684
11.100000000000001,20012.406441543008,-9.06564332174884e-08,0.00015859979555743017,0.00015859979555743017,1.591027504513343e-09,-0.001813128664349768
11.1125,20012.78418878061,-9.341671037721619e-08,0.0001586277745124417,0.0001586277745124417,1.5909655773982956e-09,-0.0018683342075443237
11.125,20013.09334599193,-9.56757860338282e-08,0.00015865768539939526,0.00015865768539939526,1.5909021527135145e-09,-0.001913515720676564
11.137500000000001,20013.332602892973,-9.742408567270334e-08,0.00015868937486601182,0.00015868937486601182,1.5908375690588614e-09,-0.0019484817134540668
11.15,20013.50097262403,-9.865439810637627e-08,0.00015872268201717521,0.00015872268201717521,1.590772169814585e-09,-0.0019730879621275253
11.162500000000001,20013.597792063483,-9.93618777662051e-08,0.0001587574393020837,0.0001587574393020837,1.5907063015731226e-09,-0.001987237555324102
11.175,20013.622720979387,-9.954403850819404e-08,0.00015879347343377643,0.00015879347343377643,1.5906403125750078e-09,-0.0019908807701638806
11.1875,20013.575740044904,-9.920073910786395e-08,0.00015883060633521245,0.00015883060633521245,1.5905745511543934e-09,-0.001984014782157279
11.200000000000001,20013.457147741155,-9.833416062662295e-08,0.000158868656105927,0.000158868656105927,1.5905093641995796e-09,-0.001966683212532459
11.2125,20013.267556172403,-9.694877583853776e-08,0.00015890743800318184,0.00015890743800318184,1.590445095633808e-09,-0.0019389755167707552
11.225000000000001,20013.007885822928,-9.505131091195685e-08,0.0001589467654314666,0.0001589467654314666,1.590382084921458e-09,-0.0019010262182391372
11.2375,20012.679359280308,-9.265069954626116e-08,0.00015898645093419473,0.00015898645093419473,1.5903206656046478e-09,-0.0018530139909252233
11.25,20012.28349395431,-8.975802976953117e-08,0.00015902630718147258,0.00015902630718147258,1.5902611638751015e-09,-0.0017951605953906234
11.262500000000001,20011.8220938212,-8.638648360842752e-08,0.00015906614794790046,0.00015906614794790046,1.5902038971860117e-09,-0.0017277296721685503
11.275,20011.29724022135,-8.255126984813714e-08,0.0001591057890744915,0.0001591057890744915,1.5901491729084756e-09,-0.0016510253969627428
11.287500000000001,20010.711281742762,-7.826955010669928e-08,0.0001591450494089642,0.0001591450494089642,1.5900972870369373e-09,-0.0015653910021339857
11.3,20010.066823221096,-7.356035845591245e-08,0.00015918375171887695,0.00015918375171887695,1.5900485229479149e-09,-0.001471207169118249
11.3125,20009.366713889187,-6.844451482948696e-08,0.00015922172357232564,0.00015922172357232564,1.5900031502161295e-09,-0.0013688902965897393
11.325000000000001,20008.61403471107,-6.294453246871285e-08,0.00015925879818121382,0.00015925879818121382,1.5899614234919914e-09,-0.001258890649374257
11.3375,20007.812084935507,-5.708451966676283e-08,0.0001592948152024296,0.0001592948152024296,1.5899235814442191e-09,-0.0011416903933352566
11.350000000000001,20006.96436790689,-5.089007608464361e-08,0.00015932962149261715,0.00015932962149261715,1.589889845771193e-09,-0.0010178015216928723
11.3625,20006.074576171894,-4.438818392512139e-08,0.0001593630718126116,0.0001593630718126116,1.589860420284451e-09,-0.0008877636785024277
11.375,20005.146575924457,-3.760709426512429e-08,0.00015939502947801378,0.00015939502947801378,1.5898354900675363e-09,-0.0007521418853024857
11.387500000000001,20004.18439083029,-3.057620886296052e-08,0.00015942536695280355,0.00015942536695280355,1.5898152207131957e-09,-0.0006115241772592104
11.4,20003.192185278655,-2.332595777299238e-08,0.0001594539663833329,0.0001594539663833329,1.5897997576417093e-09,-0.0004665191554598476
11.412500000000001,20002.17424710837,-1.5887673118086132e-08,0.00015948072007049185,0.00015948072007049185,1.5897892255028976e-09,-0.00031775346236172263
11.425,20001.13496985741,-8.293459388845537e-09,0.00015950553087830017,0.00015950553087830017,1.5897837276641101e-09,-0.00016586918777691074
11.4375,20000.078834591186,-5.760606572846748e-10,0.0001595283125776398,0.0001595283125776398,1.5897833457862378e-09,-1.1521213145693497e-05
11.450000000000001,19999.01039136433,7.231274887615387e-09,0.00015954899012430763,0.00015954899012430763,1.5897881394895282e-09,0.00014462549775230775
11.4625,19997.93424037378,1.509493265511777e-08,0.00015956749987102305,0.00015956749987102305,1.5897981461106926e-09,0.0003018986531023554
11.475000000000001,19996.85501286577,2.2981071171718386e-08,0.00015958378971347664,0.00015958378971347664,1.589813380552503e-09,0.0004596214234343677
11.4875,19995.777351859346,3.085576293711572e-08,0.00015959781917094086,0.00015959781917094086,1.5898338352267638e-09,0.0006171152587423144
11.5,19994.705892753773,3.8685136131314706e-08,0.00015960955940238686,0.00015960955940238686,1.5898594800912228e-09,0.0007737027226262941
11.512500000000001,19993.64524388802,4.643551666851846e-08,0.00015961899315945316,0.00015961899315945316,1.5898902627806517e-09,0.0009287103333703692
11.525,19992.5999671244,5.407357007621842e-08,0.00015962611467799278,0.00015962611467799278,1.5899261088319804e-09,0.0010814714015243683
11.537500000000001,19991.5745585303,6.156644266198699e-08,0.00015963092951028218,0.00015963092951028218,1.5899669220030114e-09,0.0012313288532397398
11.55,19990.57342923186,6.888190141575087e-08,0.00015963345430030536,0.00015963345430030536,1.590012584683879e-09,0.0013776380283150175
11.5625,19989.600886518405,7.598847208327486e-08,0.0001596337165048268,0.0001596337165048268,1.5900629584000372e-09,0.0015197694416654972
11.575000000000001,19988.66111527595,8.285557483614143e-08,0.00015963175406323902,0.00015963175406323902,1.5901178844051863e-09,0.0016571114967228286
11.5875,19987.758159829624,8.945365695585387e-08,0.00015962761501940888,0.00015962761501940888,1.590177184362157e-09,0.0017890731391170774
11.600000000000001,19986.895906274265,9.57543219445079e-08,0.00015962135709895455,0.00015962135709895455,1.5902406611093835e-09,0.0019150864388901578
11.6125,19986.07806537496,1.0173045447258519e-07,0.0001596130472455578,0.0001596130472455578,1.5903080995102062e-09,0.0020346090894517036
11.625,19985.308156118885,1.0735634057575213e-07,0.00015960276112005815,0.00015960276112005815,1.5903792673818541e-09,0.0021471268115150427
11.637500000000001,19984.589489995047,1.1260778251666077e-07,0.00015959058256618158,0.00015959058256618158,1.5904539165005716e-09,0.0022521556503332153
11.65,19983.925156085304,1.1746220773663644e-07,0.00015957660304683215,0.00015957660304683215,1.5905317836789689e-09,0.0023492441547327287
11.662500000000001,19983.318007039652,1.218987713334321e-07,0.0001595609210549169,0.0001595609210549169,1.5906125919113078e-09,0.002437975426668642
11.675,19982.77064601261,1.258984515173582e-07,0.00015954364150268648,0.00015954364150268648,1.5906960515820661e-09,0.002517969030347164
11.6875,19982.28541463371,1.294441375178423e-07,0.0001595248750935561,0.0001595248750935561,1.5907818617327759e-09,0.002588882750356846
11.700000000000001,19981.86438207928,1.325207094360186e-07,0.00015950473768032477,0.00015950473768032477,1.5908697113817976e-09,0.002650414188720372
11.7125,19981.509335311806,1.3511510956668063e-07,0.0001594833496136391,0.0001594833496136391,1.5909592808913745e-09,0.0027023021913336128
11.725000000000001,19981.221770548113,1.3721640474478197e-07,0.00015946083508445088,0.00015946083508445088,1.5910502433760167e-09,0.0027443280948956394
11.7375,19981.00288601131,1.388158393069519e-07,0.0001594373214640982,0.0001594373214640982,1.5911422661459948e-09,0.002776316786139038
11.75,19980.85357601775,1.3990687829795503e-07,0.0001594129386455004,0.0001594129386455004,1.5912350121794752e-09,0.0027981375659591004
11.762500000000001,19980.774426444113,1.4048524059505873e-07,0.00015938781838880134,0.00015938781838880134,1.591328141616614e-09,0.0028097048119011744
11.775,19980.76571161274,1.405489216696397e-07,0.00015936209367462085,0.00015936209367462085,1.59142131326874e-09,0.0028109784333927943
11.787500000000001,19980.82739262605,1.4009820575477996e-07,0.00015933589806789065,0.00015933589806789065,1.5915141861356037e-09,0.0028019641150955994
11.8,19980.959117175265,1.3913566724046876e-07,0.00015930936509505364,0.00015930936509505364,1.5916064209235513e-09,0.002782713344809375
11.8125,19981.160220841914,1.3766616117325015e-07,0.00015928262763720145,0.00015928262763720145,1.5916976815574001e-09,0.002753323223465003
11.825000000000001,19981.42972989646,1.356968027941841e-07,0.00015925581734151513,0.00015925581734151513,1.5917876366787511e-09,0.002713936055883682
11.8375,19981.766365600568,1.3323693610917235e-07,0.00015922906405315982,0.00015922906405315982,1.5918759611234642e-09,0.002664738722183447
11.850000000000001,19982.168550001406,1.302980915460923e-07,0.00015920249526956895,0.00015920249526956895,1.5919623373710654e-09,0.002605961830921846
11.8625,19982.634413203818,1.268939328156862e-07,0.00015917623561883919,0.00015917623561883919,1.5920464569589268e-09,0.002537878656313724
11.875,19983.161802095172,1.2304019315568122e-07,0.00015915040636374533,0.00015915040636374533,1.592128021854182e-09,0.0024608038631136245
11.887500000000001,19983.74829049075,1.1875460120098235e-07,0.00015912512493267603,0.00015912512493267603,1.5922067457765004e-09,0.002375092024019647
11.9,19984.391190655733,1.1405679678502176e-07,0.0001591005044785905,0.0001591005044785905,1.5922823554650445e-09,0.002281135935700435
11.912500000000001,19985.087566155824,1.0896823703987295e-07,0.00015907665346690094,0.00015907665346690094,1.5923545918831802e-09,0.002179364740797459
11.925,19985.834245976646,1.0351209322317047e-07,0.00015905367529300016,0.00015905367529300016,1.5924232113547924e-09,0.0020702418644634093
11.9375,19986.627839845398,9.77131387590044e-08,0.0001590316679299777,0.0001590316679299777,1.5924879866263808e-09,0.0019542627751800877
11.950000000000001,19987.464754680652,9.15976290368414e-08,0.00015901072360690184,0.00015901072360690184,1.5925487078494738e-09,0.001831952580736828
11.9625,19988.341212087984,8.519317356653513e-08,0.00015899092851789082,0.00015899092851789082,1.5926051834782922e-09,0.0017038634713307027
11.975000000000001,19989.253266812622,7.852860113849467e-08,0.00015897236256205333,0.00015897236256205333,1.5926572410780255e-09,0.0015705720227698935
11.9875,19990.196826055093,7.163381868564634e-08,0.00015895509911424845,0.00015895509911424845,1.5927047280395456e-09,0.0014326763737129268
12.0,19991.167669546412,6.453966458683625e-08,0.00015893920482649512,0.00015893920482649512,1.5927475121968753e-09,0.001290793291736725
