t_adimensional,p_outlet_Pa,q_outlet_m3s,w_centro_m,w_max_m,volume_acumulado_m3,potencia_W
0.0,9989.611570841163,7.119565206236699e-07,1.2186733353715898e-08,1.2186733353715906e-08,2.359824767076455e-13,0.007119565206236699
0.00625,9979.288130680525,1.4194591107449282e-06,3.6539994125846345e-08,3.653999412584637e-08,7.064711467817542e-13,0.014194591107449282
0.0125,9969.050187490402,2.1211022851119354e-06,7.303969330314234e-08,7.303969330314242e-08,1.409523869934691e-12,0.021211022851119355
0.018750000000000003,9958.915432435731,2.8156736043398004e-06,1.2166588030354814e-07,1.2166588030354825e-07,2.3427966352018662e-12,0.028156736043398002
0.025,9948.898516662848,3.5021689725687727e-06,1.823987607632648e-07,1.8239876076326493e-07,3.5036126177164774e-12,0.03502168972568773
0.03125,9939.011014919368,4.179795130558169e-06,2.5521871055968015e-07,2.5521871055968047e-07,4.889032061835942e-12,0.04179795130558169
0.037500000000000006,9929.261552484082,4.847960956867445e-06,3.4010628622736293e-07,3.4010628622736325e-07,6.495919280989971e-12,0.04847960956867445
0.043750000000000004,9919.656062900103,5.506259804379051e-06,4.3704223208379273e-07,4.3704223208379326e-07,8.321003802857787e-12,0.05506259804379051
0.05,9910.198139094005,6.154445436875693e-06,5.460074844952265e-07,5.460074844952274e-07,1.0360933538572197e-11,0.06154445436875693
0.05625,9900.889439412895,6.7924042018369895e-06,6.669831737798284e-07,6.669831737798293e-07,1.2612318728421698e-11,0.06792404201836989
0.0625,9891.730112441812,7.42012591620439e-06,7.999506242677896e-07,7.999506242677906e-07,1.5071766237455838e-11,0.0742012591620439
0.06875,9882.719209399365,8.037675603394975e-06,9.448913530226902e-07,9.448913530226911e-07,1.7735904483145648e-11,0.08037675603394975
0.07500000000000001,9873.855059579862,8.645167762888494e-06,1.1017870676829546e-06,1.1017870676829556e-06,2.0601399834536486e-11,0.08645167762888493
0.08125,9865.135591805136,9.242744339994345e-06,1.2706196638161006e-06,1.2706196638161025e-06,2.3664965709341292e-11,0.09242744339994345
0.08750000000000001,9856.558592348807,9.830557049364615e-06,1.4513712221007446e-06,1.4513712221007467e-06,2.6923365812050794e-11,0.09830557049364616
0.09375,9848.12189662603,1.0408754237806946e-05,1.6440240055703122e-06,1.6440240055703147e-06,3.037341301764025e-11,0.10408754237806947
0.1,9839.82351761157,1.0977472083333593e-05,1.8485604570750867e-06,1.848560457075089e-06,3.40119653381455e-11,0.10977472083333593
0.10625000000000001,9831.661718178177,1.1536829637537568e-05,2.0649631970506995e-06,2.0649631970507016e-06,3.783592024600335e-11,0.11536829637537568
0.1125,9823.635037247741,1.2086927033365006e-05,2.293215021624781e-06,2.2932150216247834e-06,4.184220840334682e-11,0.12086927033365005
0.11875000000000001,9815.742280894965,1.2627846094837756e-05,2.533298901050704e-06,2.533298901050707e-06,4.6027787593396744e-11,0.12627846094837755
0.125,9807.982489540344,1.3159652585384269e-05,2.785197978428194e-06,2.785197978428197e-06,5.0389637397076883e-11,0.13159652585384268
0.13125,9800.354891404011,1.3682399397870649e-05,3.048895568653838e-06,3.0488955686538414e-06,5.4924754926984885e-11,0.13682399397870648
0.1375,9792.858850764096,1.4196130100611153e-05,3.324375157538241e-06,3.3243751575382453e-06,5.963015173671079e-11,0.14196130100611154
0.14375000000000002,9785.493817600845,1.4700882388442875e-05,3.611620401028277e-06,3.611620401028281e-06,6.450285187403603e-11,0.14700882388442874
0.15000000000000002,9778.259283164944,1.5196691127786098e-05,3.910615124480175e-06,3.9106151244801784e-06,6.953989094343682e-11,0.15196691127786097
0.15625,9771.154744109597,1.5683590814819447e-05,4.221343321939654e-06,4.221343321939657e-06,7.473831598336519e-11,0.15683590814819448
0.1625,9764.179676212354,1.6161617376390946e-05,4.543789155397036e-06,4.543789155397039e-06,8.009518594045349e-11,0.16161617376390947
0.16875,9757.333517471108,1.6630809328542326e-05,4.877936953996738e-06,4.877936953996741e-06,8.560757252771885e-11,0.16630809328542326
0.17500000000000002,9750.615659500912,1.7091208366074713e-05,5.223771213190669e-06,5.2237712131906726e-06,9.127256127818309e-11,0.17091208366074712
0.18125000000000002,9744.025445672647,1.754285949016048e-05,5.5812765938333105e-06,5.581276593833315e-06,9.708725264079024e-11,0.17542859490160478
0.1875,9737.56217424695,1.798581079352361e-05,5.9504379212223195e-06,5.950437921222324e-06,1.0304876300512089e-10,0.1798581079352361
0.19375,9731.225104812014,1.8420113019256253e-05,6.3312401840925575e-06,6.331240184092562e-06,1.0915422557987342e-10,0.18420113019256254
0.2,9725.013466535758,1.884581899526744e-05,6.723668533573636e-06,6.72366853357364e-06,1.154007910838896e-10,0.1884581899526744
0.20625000000000002,9718.92646703256,1.9262983026600445e-05,7.127708282121824e-06,7.127708282121829e-06,1.2178562823576016e-10,0.19262983026600444
0.21250000000000002,9712.963300957392,1.9671660306445655e-05,7.543344902436804e-06,7.54334490243681e-06,1.283059240482067e-10,0.19671660306445654
0.21875,9707.123157733877,2.0071906386536597e-05,7.97056402637273e-06,7.970564026372734e-06,1.349588839469231e-10,0.20071906386536598
0.225,9701.405228070616,2.046377673052867e-05,8.409351443851528e-06,8.409351443851533e-06,1.4174173174138137e-10,0.2046377673052867
0.23125,9695.808709116533,2.0847326360695764e-05,8.859693101784739e-06,8.859693101784746e-06,1.486517094785331e-10,0.20847326360695764
0.23750000000000002,9690.332808241737,2.1222609598832836e-05,9.321575103008497e-06,9.321575103008502e-06,1.5568607721063127e-10,0.21222609598832837
0.24375000000000002,9684.97674551984,2.158967989610313e-05,9.794983705234672e-06,9.794983705234675e-06,1.628421127066538e-10,0.2158967989610313
0.25,9679.739755042867,2.1948589742946854e-05,1.0279905320019774e-05,1.0279905320019776e-05,1.7011711113386592e-10,0.21948589742946853
0.25625000000000003,9674.621085224642,2.2299390648264772e-05,1.0776326511751967e-05,1.0776326511751967e-05,1.7750838473248274e-10,0.22299390648264772
0.2625,9669.619998264456,2.264213317621348e-05,1.128423399665554e-05,1.128423399665554e-05,1.850132625025278e-10,0.2264213317621348
0.26875,9664.7357689441,2.297686702860503e-05,1.180361464181134e-05,1.180361464181134e-05,1.9262908991800354e-10,0.2297686702860503
0.275,9659.967682937015,2.3303641160819184e-05,1.233445546419111e-05,1.233445546419111e-05,2.003532286794816e-10,0.23303641160819183
0.28125,9655.315034802825,2.362250391922862e-05,1.2876743629703278e-05,1.2876743629703278e-05,2.0818305651224365e-10,0.23622503919228618
0.28750000000000003,9650.77712583864,2.3933503188458114e-05,1.3430466452247545e-05,1.3430466452247545e-05,2.1611596701323205e-10,0.23933503188458113
0.29375,9646.353261947823,2.4236686537460074e-05,1.3995611392775695e-05,1.3995611392775695e-05,2.2414936954641834e-10,0.24236686537460073
0.30000000000000004,9642.042751670055,2.4532101354501104e-05,1.4572166058356204e-05,1.4572166058356204e-05,2.322806891829137e-10,0.24532101354501104
0.30625,9637.844904494572,2.481979496277265e-05,1.5160118201240591e-05,1.5160118201240591e-05,2.4050736667939944e-10,0.2481979496277265
0.3125,9633.75902954637,2.509981471043556e-05,1.5759455717929914e-05,1.5759455717929914e-05,2.488268584864033e-10,0.2509981471043556
0.31875000000000003,9629.78443469955,2.5372208031368543e-05,1.63701666482403e-05,1.63701666482403e-05,2.57236636776711e-10,0.2537220803136854
0.325,9625.920426134635,2.563702247552694e-05,1.699223917436703e-05,1.699223917436703e-05,2.6573418948384087e-10,0.25637022475526944
0.33125000000000004,9622.166308317064,2.589430571040003e-05,1.7625661619947093e-05,1.7625661619947093e-05,2.743170203410009e-10,0.2589430571040003
0.3375,9618.521384342726,2.6144105497345373e-05,1.827042244912064e-05,1.827042244912064e-05,2.829826489122022e-10,0.2614410549734537
0.34375,9614.984956568318,2.6386469648369285e-05,1.8926510265592154e-05,1.8926510265592154e-05,2.9172861060904667e-10,0.2638646964836929
0.35000000000000003,9611.55632742967,2.6621445970063906e-05,1.9593913811692274e-05,1.9593913811692274e-05,3.0055245668893266e-10,0.26621445970063906
0.35625,9608.234800342952,2.68490822018305e-05,2.027262196744142e-05,2.027262196744142e-05,3.0945175423278395e-10,0.268490822018305
0.36250000000000004,9605.019680589747,2.706942595522624e-05,2.0962623749616245e-05,2.0962623749616245e-05,3.18424086102675e-10,0.2706942595522624
0.36875,9601.910276099345,2.7282524660355228e-05,2.1663908310819905e-05,2.1663908310819905e-05,3.2746705088168737e-10,0.2728252466035523
0.375,9598.905898061994,2.7488425523832298e-05,2.2376464938556883e-05,2.2376464938556883e-05,3.365782627998326e-10,0.274884255238323
0.38125000000000003,9596.005861331934,2.768717550116827e-05,2.3100283054312813e-05,2.3100283054312813e-05,3.4575535165082236e-10,0.2768717550116827
0.3875,9593.209484604147,2.787882128465694e-05,2.3835352212639535e-05,2.3835352212639535e-05,3.5499596270482333e-10,0.2787882128465694
0.39375000000000004,9590.516090373352,2.8063409306178373e-05,2.4581662100245307e-05,2.4581662100245307e-05,3.6429775662214166e-10,0.2806340930617837
0.4,9587.925004704459,2.8240985752926186e-05,2.5339202535089813e-05,2.5339202535089813e-05,3.7365840937211985e-10,0.28240985752926184
0.40625,9585.435556859093,2.8411596593031988e-05,2.6107963465483538e-05,2.6107963465483538e-05,3.8307561216052744e-10,0.2841159659303199
0.41250000000000003,9583.047078829737,2.857528760745651e-05,2.6887934969190775e-05,2.6887934969190775e-05,3.92547071367522e-10,0.2857528760745651
0.41875,9580.75890483855,2.873210442435178e-05,2.7679107252535636e-05,2.7679107252535636e-05,4.0207050849699973e-10,0.2873210442435178
0.42500000000000004,9578.570370852076,2.8882092552331378e-05,2.8481470649510156e-05,2.8481470649510156e-05,4.116436601369736e-10,0.2888209255233138
0.43125,9576.480814155357,2.9025297409640763e-05,2.9295015620883974e-05,2.9295015620883974e-05,4.212642779296205e-10,0.2902529740964076
0.4375,9574.489573018773,2.916176434699798e-05,3.0119732753314562e-05,3.0119732753314562e-05,4.3093012854889844e-10,0.2916176434699798
0.44375000000000003,9572.595986476506,2.9291538662769027e-05,3.095561275845742e-05,3.095561275845742e-05,4.4063899368319465e-10,0.2929153866276903
0.45,9570.799394223503,2.9414665610046697e-05,3.180264647207535e-05,3.180264647207535e-05,4.503886700203191e-10,0.294146656100467
0.45625000000000004,9569.09913662435,2.9531190396027763e-05,3.266082485314571e-05,3.266082485314571e-05,4.60176969232292e-10,0.2953119039602776
0.4625,9567.49455481901,2.964115817476057e-05,3.353013898296442e-05,3.353013898296442e-05,4.700017179577278e-10,0.29641158174760573
0.46875,9565.984990902933,2.9744614034819734e-05,3.4410580064244804e-05,3.4410580064244804e-05,4.798607577801329e-10,0.29744614034819733
0.47500000000000003,9564.569788154024,2.984160298373865e-05,3.530213942020881e-05,3.530213942020881e-05,4.897519452010447e-10,0.29841602983738647
0.48125,9563.248291279442,2.9932169931097494e-05,3.620480849366669e-05,3.620480849366669e-05,4.996731516075637e-10,0.29932169931097496
0.48750000000000004,9562.019846656081,3.0016359672048643e-05,3.7118578846080103e-05,3.7118578846080103e-05,5.096222632344262e-10,0.3001635967204864
0.49375,9560.88380254228,3.0094216872800067e-05,3.8043442156601265e-05,3.8043442156601265e-05,5.195971811212647e-10,0.30094216872800067
0.5,9559.839509244124,3.0165786059215294e-05,3.89793902210779e-05,3.89793902210779e-05,5.295958210660899e-10,0.30165786059215294
0.50625,9558.886319225605,3.023111160927286e-05,3.9926414951010154e-05,3.9926414951010154e-05,5.396161135762732e-10,0.3023111160927286
0.5125000000000001,9558.023587157639,3.0290237749703804e-05,4.088450837244045e-05,4.088450837244045e-05,5.496560038184146e-10,0.302902377497038
0.51875,9557.250669907226,3.0343208556730832e-05,4.1853662624750765e-05,4.1853662624750765e-05,5.597134515684562e-10,0.30343208556730833
0.525,9556.566926472937,3.0390067960497034e-05,4.283386995933329e-05,4.283386995933329e-05,5.697864311632628e-10,0.30390067960497036
0.53125,9555.971717876091,3.0430859752516174e-05,4.3825122738089055e-05,4.3825122738089055e-05,5.798729314546727e-10,0.30430859752516176
0.5375,9555.464407020077,3.046562759530997e-05,4.482741343169483e-05,4.482741343169483e-05,5.899709557667419e-10,0.3046562759530997
0.5437500000000001,9555.044358531482,3.0494415033322254e-05,4.584073461755994e-05,4.584073461755994e-05,6.000785218566072e-10,0.30494415033322253
0.55,9554.71093859472,3.0517265504209492e-05,4.686507897737089e-05,4.686507897737089e-05,6.101936618790901e-10,0.3051726550420949
0.55625,9554.46351479434,3.053422234968841e-05,4.7900439294091235e-05,4.7900439294091235e-05,6.203144223548975e-10,0.30534222349688406
0.5625,9554.301455972845,3.0545328825259705e-05,4.8946808448246345e-05,4.8946808448246345e-05,6.304388641420447e-10,0.30545328825259704
0.56875,9554.22413211262,3.055062810830274e-05,5.000417941327403e-05,5.000417941327403e-05,6.405650624099616e-10,0.3055062810830274
0.5750000000000001,9554.230914246125,3.0550163304231625e-05,5.107254524966242e-05,5.107254524966242e-05,6.506911066156391e-10,0.30550163304231626
0.58125,9554.321174395986,3.0543977450600204e-05,5.215189909752158e-05,5.215189909752158e-05,6.608151004811367e-10,0.30543977450600207
0.5875,9554.494285543984,3.053211351922728e-05,5.3242234167143646e-05,5.3242234167143646e-05,6.709351619717944e-10,0.30532113519227283
0.59375,9554.749621625682,3.0514614416570328e-05,5.434354372699314e-05,5.434354372699314e-05,6.810494232745677e-10,0.3051461441657033
0.6000000000000001,9555.086557545228,3.04915229826985e-05,5.545582108843223e-05,5.545582108843223e-05,6.911560307760231e-10,0.304915229826985
0.6062500000000001,9555.50446920472,3.0462881989296577e-05,5.657905958631934e-05,5.657905958631934e-05,7.012531450396718e-10,0.30462881989296575
0.6125,9556.002733540361,3.0428734137170676e-05,5.771325255442014e-05,5.771325255442014e-05,7.113389407824761e-10,0.30428734137170677
0.61875,9556.580728559476,3.038912205372363e-05,5.8858393294331914e-05,5.8858393294331914e-05,7.2141160685052e-10,0.30389122053723633
0.625,9557.237833371444,3.034408829082937e-05,6.0014475036340645e-05,6.0014475036340645e-05,7.31469346193974e-10,0.3034408829082937
0.6312500000000001,9557.973428207644,3.0293675323465395e-05,6.118149089029854e-05,6.118149089029854e-05,7.415103758416081e-10,0.30293675323465397
0.6375000000000001,9558.786894426516,3.0237925549371335e-05,6.235943378422336e-05,6.235943378422336e-05,7.515329268751898e-10,0.30237925549371336
0.64375,9559.677614501084,3.0176881289896274e-05,6.354829638787345e-05,6.354829638787345e-05,7.61535244404165e-10,0.30176881289896273
0.65,9560.644971988582,3.011058479208866e-05,6.474807101803876e-05,6.474807101803876e-05,7.715155875410299e-10,0.30110584792088657
0.65625,9561.688351482446,3.003907823197778e-05,6.595874952170372e-05,6.595874952170372e-05,7.814722293777914e-10,0.3003907823197778
0.6625000000000001,9562.80713854929,2.9962403718903098e-05,6.718032313257906e-05,6.718032313257906e-05,7.914034569638627e-10,0.29962403718903097
0.6687500000000001,9564.000719653439,2.9880603300672174e-05,6.841278229576359e-05,6.841278229576359e-05,8.013075712856676e-10,0.29880603300672176
0.675,9565.268482073783,2.9793718969274884e-05,6.965611645448469e-05,6.965611645448469e-05,8.111828872481397e-10,0.29793718969274885
0.68125,9566.6098138166,2.9701792666851542e-05,7.09103137919781e-05,7.09103137919781e-05,8.210277336581996e-10,0.2970179266685154
0.6875,9568.024103529197,2.9604866291606968e-05,7.217536092061016e-05,7.217536092061016e-05,8.308404532101916e-10,0.2960486629160697
0.6937500000000001,9569.510740418655,2.95029817033793e-05,7.345124250932745e-05,7.345124250932745e-05,8.406194024731676e-10,0.295029817033793
0.7000000000000001,9571.06911417945,2.9396180728607763e-05,7.473794083945303e-05,7.473794083945303e-05,8.503629518798163e-10,0.2939618072860776
0.70625,9572.698614932686,2.92845051644952e-05,7.603543527775343e-05,7.603543527775343e-05,8.600694857167727e-10,0.292845051644952
0.7125,9574.398633179113,2.916799678222186e-05,7.734370165460126e-05,7.734370165460126e-05,8.697374021159929e-10,0.2916799678222186
0.71875,9576.168559767286,2.904669732913352e-05,7.866271153398387e-05,7.866271153398387e-05,8.793651130468539e-10,0.2904669732913352
0.7250000000000001,9578.007785876756,2.8920648529893617e-05,7.9992431361097e-05,7.9992431361097e-05,8.889510443086354e-10,0.28920648529893617
0.7312500000000001,9579.915703015537,2.8789892086651337e-05,8.13328214723581e-05,8.13328214723581e-05,8.984936355230573e-10,0.28789892086651336
0.7375,9581.891703030562,2.8654469678331855e-05,8.268383495192689e-05,8.268383495192689e-05,9.079913401265821e-10,0.28654469678331856
0.74375,9583.935178128526,2.8514422959198713e-05,8.404541631829121e-05,8.404541631829121e-05,9.174426253622403e-10,0.28514422959198715
0.75,9586.045520904996,2.8369793556869358e-05,8.541750002422698e-05,8.541750002422698e-05,9.268459722707988e-10,0.2836979355686936
0.7562500000000001,9588.222124378392,2.822062306998262e-05,8.680000875354317e-05,8.680000875354317e-05,9.361998756811554e-10,0.2822062306998262
0.7625000000000001,9590.46438202608,2.806695306572202e-05,8.81928514985517e-05,8.81928514985517e-05,9.455028441999131e-10,0.2806695306572202
0.76875,9592.771687819812,2.790882507739151e-05,8.959592140323221e-05,8.959592140323221e-05,9.547534002001503e-10,0.27908825077391514
0.775,9595.143436257555,2.7746280602222696e-05,9.100909335867445e-05,9.100909335867445e-05,9.639500798094642e-10,0.27746280602222695
0.78125,9597.579022390175,2.7579361099567146e-05,9.243222133964685e-05,9.243222133964685e-05,9.730914328974157e-10,0.27579361099567146
0.7875000000000001,9600.077841840159,2.740810798959535e-05,9.386513547413198e-05,9.386513547413198e-05,9.82176023062542e-10,0.2740810798959535
0.7937500000000001,9602.63929081203,2.72325626525894e-05,9.530763884144608e-05,9.530763884144608e-05,9.912024276191359e-10,0.272325626525894
0.8,9605.262766093214,2.7052766428879832e-05,9.67595039991679e-05,9.67595039991679e-05,1.0001692375840031e-09,0.2705276642887983
0.80625,9607.947665045458,2.6868760619442394e-05,9.822046924457235e-05,9.822046924457235e-05,1.0090750576634184e-09,0.26868760619442394
0.8125,9610.693385586617,2.668058648713816e-05,9.969023462260367e-05,9.969023462260367e-05,1.0179185062404915e-09,0.2668058648713816
0.8187500000000001,9613.499326163814,2.6488285258552657e-05,0.00010116845769961278,0.00010116845769961278,1.0266982153631445e-09,0.2648828525855266
0.8250000000000001,9616.364885718986,2.629189812636711e-05,0.00010265474913007691,0.00010265474913007691,1.0354128307328725e-09,0.2629189812636711
0.83125,9619.289463647532,2.6091466252178645e-05,0.00010414866805223187,0.00010414866805223187,1.0440610116944422e-09,0.26091466252178647
0.8375,9622.272459752126,2.5887030769675932e-05,0.00010564971735786089,0.00010564971735786089,1.0526414312266404e-09,0.25887030769675934
0.84375,9625.313274192535,2.5678632788072647e-05,0.00010715733889123985,0.00010715733889123985,1.0611527759341616e-09,0.2567863278807265
0.8500000000000001,9628.411307433242,2.546631339570299e-05,0.0001086709086422379,0.0001086709086422379,1.0695937460406882e-09,0.2546631339570299
0.8562500000000001,9631.565960189762,2.5250113663689775e-05,0.00011018973200857765,0.00011018973200857765,1.0779630553831847e-09,0.25250113663689777
0.8625,9634.776633375392,2.5030074649606557e-05,0.00011171303921199485,0.00011171303921199485,1.0862594314074078e-09,0.2503007464960656
0.86875,9638.042728048735,2.4806237401069258e-05,0.0001132399809621943,0.0001132399809621943,1.0944816151646044e-09,0.2480623740106926
0.875,9641.363645363033,2.4578642959208363e-05,0.00011476962447073971,0.00011476962447073971,1.1026283613093633e-09,0.24578642959208363
0.8812500000000001,9644.738786517604,2.4347332361990295e-05,0.00011630094992398343,0.00011630094992398343,1.1106984380985661e-09,0.24347332361990295
0.8875000000000001,9648.167552711986,2.411234664737304e-05,0.00011783284752946793,0.00011783284752946793,1.118690627391384e-09,0.2411234664737304
0.89375,9651.649345102142,2.3873726856297454e-05,0.00011936411525354807,0.00011936411525354807,1.126603724650267e-09,0.23873726856297453
0.9,9655.183564759063,2.363151403552996e-05,0.00012089345736893702,0.00012089345736893702,1.1344365389428739e-09,0.2363151403552996
0.90625,9658.769612628977,2.3385749240384077e-05,0.00012241948392913943,0.00012241948392913943,1.142187892944907e-09,0.23385749240384077
0.9125000000000001,9662.406889494998,2.3136473537357547e-05,0.00012394071128202268,0.00012394071128202268,1.1498566229438173e-09,0.23136473537357546
0.9187500000000001,9666.094795939058,2.2883728006727365e-05,0.00012545556372685874,0.00012545556372685874,1.157441578843373e-09,0.22883728006727366
0.925,9669.832732304263,2.2627553745148028e-05,0.00012696237640789083,0.00012696237640789083,1.1649416241690874e-09,0.22627553745148027
0.93125,9673.620098656038,2.23679918682974e-05,0.00012845939952277533,0.00012845939952277533,1.1723556360745243e-09,0.223679918682974
0.9375,9677.456294742447,2.210508351361144e-05,0.0001299448039061412,0.0001299448039061412,1.1796825053485101e-09,0.2210508351361144
0.9437500000000001,9681.340719952157,2.1838869843142678e-05,0.00013141668802714364,0.00013141668802714364,1.186921136423293e-09,0.21838869843142678
0.9500000000000001,9685.272773270939,2.15693920465694e-05,0.00013287308641550893,0.00013287308641550893,1.1940704473836994e-09,0.215693920465694
0.95625,9689.251853235019,2.129669134437274e-05,0.0001343119795035538,0.0001343119795035538,1.2011293699773444e-09,0.21296691344372742
0.9625,9693.27735788224,2.1020808991188474e-05,0.00013573130484249626,0.00013573130484249626,1.208096849625952e-09,0.21020808991188475
0.96875,9697.348684700735,2.074178627932928e-05,0.00013712896962066274,0.00013712896962066274,1.214971845437844e-09,0.2074178627932928
0.9750000000000001,9701.46523057521,2.04596645424631e-05,0.00013850286437964185,0.00013850286437964185,1.221753330221646e-09,0.204596645424631
0.9812500000000001,9705.62639173127,2.0174485159423666e-05,0.00013985087779282566,0.00013985087779282566,1.2284402905012597e-09,0.20174485159423666
0.9875,9709.831563678541,1.9886289558121013e-05,0.00014117091233998235,0.00014117091233998235,1.2350317265321283e-09,0.19886289558121012
0.99375,9714.080141152494,1.9595119219514e-05,0.00014246090068241444,0.00014246090068241444,1.2415266523188206e-09,0.19595119219513998
1.0,9718.371518056312,1.930101568160246e-05,0.00014371882251680392,0.00014371882251680392,1.2479240956339373e-09,0.1930101568160246
1.00625,9722.705087403017,1.9004020543395272e-05,0.00014494272166293,0.00014494272166293,1.2542230980383325e-09,0.19004020543395272
1.0125,9727.080241258467,1.870417546881089e-05,0.00014613072312193376,0.00014613072312193376,1.260422714902629e-09,0.1870417546881089
1.01875,9731.496370686147,1.8401522190470503e-05,0.00014728104982847818,0.00014728104982847818,1.2665220154299899e-09,0.18401522190470504
1.0250000000000001,9735.952865693547,1.8096102513348617e-05,0.00014839203881268588,0.00014839203881268588,1.2725200826801004e-09,0.18096102513348616
1.03125,9740.449115181995,1.7787958318253384e-05,0.00014946215648666537,0.00014946215648666537,1.2784160135943037e-09,0.17787958318253383
1.0375,9744.984506898028,1.747713156511729e-05,0.00015049001277612397,0.00015049001277612397,1.2842089190218273e-09,0.1747713156511729
1.04375,9749.558427388642,1.7163664296088635e-05,0.00015147437383019013,0.00015147437383019013,1.2898979237470338e-09,0.17163664296088635
1.05,9754.170261959009,1.684759863842439e-05,0.00015241417306210249,0.00015241417306210249,1.2954821665176303e-09,0.1684759863842439
1.0562500000000001,9758.81939463278,1.6528976807195326e-05,0.00015330852029962132,0.00015330852029962132,1.3009608000737755e-09,0.16528976807195325
1.0625,9763.50520811553,1.6207841107824143e-05,0.00015415670885642307,0.00015415670885642307,1.306332991178027e-09,0.16207841107824142
1.06875,9768.227083759319,1.5884233938486335e-05,0.00015495822037367654,0.00015495822037367654,1.311597920646085e-09,0.15884233938486336
1.075,9772.98440152919,1.555819779241098e-05,0.0001557127273236044,0.0001557127273236044,1.3167547833782985e-09,0.1555819779241098
1.08125,9777.776539970426,1.5229775260124639e-05,0.0001564200931130611,0.0001564200931130611,1.3218027883919147e-09,0.1522977526012464
1.0875000000000001,9782.602876176314,1.4899009031685506e-05,0.0001570803697738236,0.0001570803697738236,1.32674115885407e-09,0.14899009031685506
1.09375,9787.462785754315,1.4565941898956434e-05,0.00015769379327609638,0.00015769379327609638,1.331569132115533e-09,0.14565941898956433
1.1,9792.355642792123,1.4230616757965443e-05,0.00015826077655131508,0.00015826077655131508,1.336285959745232e-09,0.14230616757965445
1.10625,9797.280819821182,1.3893076611399401e-05,0.00015878190035830685,0.00015878190035830685,1.340890907565606e-09,0.13893076611399402
1.1125,9802.237687777677,1.3553364571272157e-05,0.00015925790217187195,0.00015925790217187195,1.3453832556888436e-09,0.13553364571272156
1.1187500000000001,9807.225615960477,1.3211523861802078e-05,0.00015968966331359673,0.00015968966331359673,1.3497622985540724e-09,0.13211523861802077
1.125,9812.243971985894,1.2867597822526262e-05,0.00016007819458002922,0.00016007819458002922,1.354027344965583e-09,0.1286759782252626
1.13125,9817.292121738394,1.2521629911669904e-05,0.00016042462065222687,0.00016042462065222687,1.358177718132169e-09,0.12521629911669904
1.1375,9822.36942931757,1.2173663709780195e-05,0.00016073016359231161,0.00016073016359231161,1.3622127557076708e-09,0.12173663709780194
1.14375,9827.475256981303,1.1823742923624629e-05,0.00016099612574645126,0.00016099612574645126,1.366131809832812e-09,0.11823742923624629
1.1500000000000001,9832.60896508516,1.1471911390344723e-05,0.0001612238723792852,0.0001612238723792852,1.3699342471784139e-09,0.11471911390344723
1.15625,9837.769912018324,1.1118213081847872e-05,0.00016141481436214664,0.00016141481436214664,1.373619448990063e-09,0.11118213081847872
1.1625,9842.957454136145,1.0762692109413056e-05,0.000161570391226686,0.000161570391226686,1.3771868111343077e-09,0.10762692109413056
1.16875,9848.170945690828,1.0405392728480597e-05,0.0001616920548771005,0.0001616920548771005,1.380635744146441e-09,0.10405392728480596
1.175,9853.409738758577,1.0046359343592232e-05,0.00016178125422880492,0.00016178125422880492,1.3839656732799211e-09,0.10046359343592233
1.1812500000000001,9858.673183166484,9.685636513445783e-06,0.00016183942100991518,0.00016183942100991518,1.3871760385574674e-09,0.09685636513445783
1.1875,9863.960626417407,9.323268956028656e-06,0.0001618679569254299,0.0001618679569254299,1.3902662948238582e-09,0.09323268956028656
1.19375,9869.271413614235,8.959301553795987e-06,0.0001618682223436829,0.0001618682223436829,1.3932359118004446e-09,0.08959301553795987
1.2000000000000002,9874.604887384476,8.593779358862869e-06,0.00016184152662179736,0.00016184152662179736,1.396084374141385e-09,0.08593779358862869
1.20625,9879.960387804245,8.22674759818485e-06,0.00016178912014284366,0.00016178912014284366,1.3988111814915974e-09,0.0822674759818485
1.2125000000000001,9885.337252323525,7.858251678707263e-06,0.0001617121880935204,0.0001617121880935204,1.4014158485464183e-09,0.07858251678707263
1.21875,9890.734815691521,7.488337192470981e-06,0.00016161184596873626,0.00016161184596873626,1.4038979051129531e-09,0.07488337192470981
1.225,9896.152409882725,7.117049921669825e-06,0.00016148913674966014,0.00016148913674966014,1.4062568961731044e-09,0.07117049921669825
1.2312500000000002,9901.58936402399,6.744435843663016e-06,0.00016134502966569123,0.00016134502966569123,1.40849238194826e-09,0.06744435843663016
1.2375,9907.045004321682,6.370541135953685e-06,0.00016118042041927678,0.00016118042041927678,1.4106039379656323e-09,0.06370541135953685
1.2437500000000001,9912.518653989491,5.995412181152045e-06,0.0001609961327262751,0.0001609961327262751,1.412591155126242e-09,0.059954121811520454
1.25,9918.009633175685,5.61909557194861e-06,0.00016079292100412487,0.00016079292100412487,1.4144536397745516e-09,0.0561909557194861
1.25625,9923.517258890057,5.241638116128589e-06,0.0001605714740257146,0.0001605714740257146,1.416191013769758e-09,0.052416381161285885
1.2625000000000002,9929.040844929506,4.863086841663551e-06,0.00016033241934861284,0.00016033241934861284,1.4178029145587763e-09,0.04863086841663551
1.26875,9934.579701802084,4.483489001920001e-06,0.0001600763283270728,0.0001600763283270728,1.4192889952509481e-09,0.04483489001920001
1.2750000000000001,9940.133136648845,4.102892081026925e-06,0.0001598037215176293,0.0001598037215176293,1.4206489246945281e-09,0.04102892081026925
1.28125,9945.700453162264,3.72134379944562e-06,0.00015951507429765057,0.00015951507429765057,1.4218823875550193e-09,0.0372134379944562
1.2875,9951.280951501663,3.3388921197852307e-06,0.0001592108225292466,0.0001592108225292466,1.4229890843954336e-09,0.033388921197852306
1.2937500000000002,9956.87392820397,2.955585252906386e-06,0.00015889136811771319,0.00015889136811771319,1.4239687317585766e-09,0.02955585252906386
1.3,9962.478676089935,2.5714716643536227e-06,0.00015855708433337222,0.00015855708433337222,1.4248210622514643e-09,0.025714716643536226
1.3062500000000001,9968.094484164869,2.186600081154615e-06,0.0001582083207873878,0.0001582083207873878,1.4255458246319927e-09,0.02186600081154615
1.3125,9973.720637513763,1.8010194990212064e-06,0.0001578454079750155,0.0001578454079750155,1.426142783897996e-09,0.018010194990212065
1.31875,9979.356417189483,1.41477918998366e-06,0.00015746866132293697,0.00015746866132293697,1.426611721378833e-09,0.0141477918998366
1.3250000000000002,9985.001100095207,1.0279287104859397e-06,0.00015707838470004987,0.00015707838470004987,1.4269524348296586e-09,0.010279287104859397
1.33125,9990.65395885864,6.405179099659302e-07,0.0001566748733726238,0.0001566748733726238,1.4271647385285376e-09,0.006405179099659302
1.3375000000000001,9996.314261699961,2.5259693994088847e-07,0.00015625841640448462,0.00015625841640448462,1.4272484633765715e-09,0.0025259693994088847
1.34375,10001.981272291248,-1.3578373638524386e-07,0.00015582929852037242,0.00015582929852037242,1.4272034570012092e-09,-0.0013578373638524386
1.35,10007.654249608693,-5.245733339792885e-07,0.0001553878014654651,0.0001553878014654651,1.4270295838629188e-09,-0.0052457333397928855
1.3562500000000002,10013.332447776727,-9.137207352907366e-07,0.0001549342049060364,0.0001549342049060364,1.4267267253654024e-09,-0.009137207352907366
1.3625,10019.015115903636,-1.3031744790105703e-06,0.00015446878692522092,0.00015446878692522092,1.4262947799695379e-09,-0.013031744790105703
1.3687500000000001,10024.701497909864,-1.692882748271712e-06,0.00015399182417388923,0.00015399182417388923,1.42573366331123e-09,-0.01692882748271712
1.375,10030.390832347199,-2.0827933582879934e-06,0.00015350359173982558,0.00015350359173982558,1.42504330832336e-09,-0.020827933582879935
1.38125,10036.082352210504,-2.472853743430076e-06,0.00015300436279894284,0.00015300436279894284,1.4242236653620184e-09,-0.02472853743430076
1.3875000000000002,10041.775284740865,-2.863010943738225e-06,0.00015249440811046568,0.00015249440811046568,1.4232747023372082e-09,-0.028630109437382253
1.39375,10047.468851220401,-3.2532115908727217e-06,0.00015197399541419382,0.00015197399541419382,1.4221964048482046e-09,-0.03253211590872722
1.4000000000000001,10053.162266759318,-3.6434018935033926e-06,0.00015144338878251258,0.00015144338878251258,1.420988776323759e-09,-0.036434018935033924
1.40625,10058.854740074556,-4.033527622139948e-06,0.00015090284797314321,0.00015090284797314321,1.4196518381673285e-09,-0.04033527622139948
1.4125,10064.545473259928,-4.42353409340471e-06,0.0001503526278211272,0.0001503526278211272,1.4181856299075208e-09,-0.044235340934047095
1.4187500000000002,10070.23366154901,-4.813366153748535e-06,0.00014979297770059973,0.00014979297770059973,1.4165902093539352e-09,-0.04813366153748535
1.425,10075.918493069174,-5.2029681626097065e-06,0.00014922414107889514,0.00014922414107889514,1.4148656527585857e-09,-0.052029681626097064
1.4312500000000001,10081.599148587691,-5.5922839750137565e-06,0.00014864635517775537,0.00014864635517775537,1.413012054983092e-09,-0.055922839750137565
1.4375,10087.274801249585,-5.981256923609743e-06,0.00014805985074915995,0.00014805985074915995,1.4110295296718248e-09,-0.05981256923609743
1.44375,10092.944616307292,-6.369829800135387e-06,0.00014746485196678158,0.00014746485196678158,1.4089182094311936e-09,-0.06369829800135388
1.4500000000000002,10098.607750841637,-6.7579448362995555e-06,0.00014686157642845705,0.00014686157642845705,1.4066782460152723e-09,-0.06757944836299555
1.45625,10104.263353474169,-7.145543684065848e-06,0.00014625023526046227,0.00014625023526046227,1.4043098105179593e-09,-0.07145543684065847
1.4625000000000001,10109.910564070477,-7.532567395315401e-06,0.00014563103331084084,0.00014563103331084084,1.4018130935718786e-09,-0.07532567395315401
1.46875,10115.548513433692,-7.918956400860693e-06,0.00014500416941656764,0.00014500416941656764,1.3991883055542369e-09,-0.07918956400860694
1.475,10121.176322988664,-8.304650488774692e-06,0.00014436983672788691,0.00014436983672788691,1.3964356767998634e-09,-0.08304650488774692
1.4812500000000002,10126.793104454982,-8.689588781991826e-06,0.00014372822307267627,0.00014372822307267627,1.3935554578216748e-09,-0.08689588781991826
1.4875,10132.397959508542,-9.073709715128429e-06,0.00014307951134404196,0.00014307951134404196,1.3905479195388222e-09,-0.0907370971512843
1.4937500000000001,10137.989979431388,-9.456951010461044e-06,0.00014242387989542028,0.00014242387989542028,1.3874133535128006e-09,-0.09456951010461044
1.5,10143.568244747652,-9.839249652991205e-06,0.0001417615029291027,0.0001417615029291027,1.3841520721918236e-09,-0.09839249652991205
1.50625,10149.131824845215,-1.0220541864515411e-05,0.00014109255086616697,0.00014109255086616697,1.3807644091637925e-09,-0.10220541864515412
1.5125000000000002,10154.679777581536,-1.0600763076608922e-05,0.00014041719068813734,0.00014041719068813734,1.3772507194182196e-09,-0.10600763076608921
1.51875,10160.211148872215,-1.0979847902422102e-05,0.0001397355862431727,0.0001397355862431727,1.373611379617501e-09,-0.10979847902422102
1.5250000000000001,10165.72497226032,-1.1357730107178706e-05,0.00013904789851206003,0.00013904789851206003,1.369846788377967e-09,-0.11357730107178705
1.53125,10171.220268465358,-1.1734342577256542e-05,0.00013835428583166442,0.00013835428583166442,1.3659573665611806e-09,-0.11734342577256542
1.5375,10176.69604490974,-1.210961728772313e-05,0.00013765490407565697,0.00013765490407565697,1.361943557575998e-09,-0.12109617287723129
1.5437500000000002,10182.151295220063,-1.248348526819232e-05,0.00013694990679423752,0.00013694990679423752,1.3578058276919443e-09,-0.1248348526819232
1.55,10187.584998703014,-1.2855876566862415e-05,0.00013623944531613897,0.00013623944531613897,1.3535446663645104e-09,-0.12855876566862415
1.5562500000000001,10192.99611979157,-1.3226720212593004e-05,0.00013552366881741253,0.00013552366881741253,1.349160586573019e-09,-0.13226720212593004
1.5625,10198.38360746119,-1.3595944174875946e-05,0.00013480272436233693,0.00013480272436233693,1.3446541251717587e-09,-0.13595944174875946
1.56875,10203.746394612597,-1.3963475321556833e-05,0.0001340767569222796,0.0001340767569222796,1.340025843255132e-09,-0.13963475321556834
1.5750000000000002,10209.083397420445,-1.4329239374166206e-05,0.00013334590937848264,0.00013334590937848264,1.3352763265376078e-09,-0.14329239374166206
1.58125,10214.393514644156,-1.4693160860725893e-05,0.0001326103225145921,0.0001326103225145921,1.3304061857493183e-09,-0.14693160860725893
1.5875000000000001,10219.6756269012,-1.5055163065904506e-05,0.00013187013500433561,0.00013187013500433561,1.325416057048176e-09,-0.15055163065904506
1.59375,10224.928595898971,-1.54151679784084e-05,0.00013112548339913472,0.00013112548339913472,1.3203066024494281e-09,-0.15415167978408398
1.6,10230.15126362567,-1.5773096235509575e-05,0.00013037650211967093,0.00013037650211967093,1.3150785102735984e-09,-0.15773096235509576
1.6062500000000002,10235.342451497736,-1.612886706463134e-05,0.0001296233234545609,0.0001296233234545609,1.3097324956137904e-09,-0.1612886706463134
1.6125,10240.500959464085,-1.6482398221935132e-05,0.00012886607756839105,0.00012886607756839105,1.3042693008233463e-09,-0.16482398221935132
1.6187500000000001,10245.625565065338,-1.6833605927879018e-05,0.0001281048925204656,0.0001281048925204656,1.2986896960248656e-09,-0.16833605927879017
1.625,10250.71502244983,-1.7182404799749082e-05,0.00012733989429477405,0.00012733989429477405,1.2929944796415868e-09,-0.17182404799749082
1.63125,10255.76806134517,-1.752870778120047e-05,0.0001265712068409244,0.0001265712068409244,1.2871844789521222e-09,-0.1752870778120047
1.6375000000000002,10260.783385987892,-1.787242606888441e-05,0.00012579895212513803,0.00012579895212513803,1.2812605506695144e-09,-0.1787242606888441
1.64375,10265.759674011797,-1.8213469036281954e-05,0.00012502325018988724,0.00012502325018988724,1.2752235815455364e-09,-0.18213469036281954
1.6500000000000001,10270.69557529861,-1.855174415491396e-05,0.00012424421922037834,0.00012424421922037834,1.2690744890011095e-09,-0.18551744154913957
1.65625,10275.589710793096,-1.8887156913150588e-05,0.00012346197561585086,0.00012346197561585086,1.2628142217836298e-09,-0.18887156913150588
1.6625,10280.440671287504,-1.921961073290179e-05,0.00012267663406356736,0.00012267663406356736,1.2564437606519108e-09,-0.19219610732901787
1.6687500000000002,10285.247016180048,-1.954900688453335e-05,0.0001218883076133978,0.0001218883076133978,1.2499641190893253e-09,-0.19549006884533351
1.675,10290.007272213623,-1.987524440042044e-05,0.00012109710775104108,0.00012109710775104108,1.2433763440456015e-09,-0.1987524440042044
1.6812500000000001,10294.719932201506,-2.0198219987622772e-05,0.00012030314446815387,0.00012030314446815387,1.2366815167075644e-09,-0.20198219987622773
1.6875,10299.383453748696,-2.0517827940241506e-05,0.00011950652632795011,0.00011950652632795011,1.2298807532989252e-09,-0.20517827940241506
1.69375,10303.996257977491,-2.0833960052098084e-05,0.00011870736052517249,0.00011870736052517249,1.2229752059090151e-09,-0.20833960052098083
1.7000000000000002,10308.556728268886,-2.1146505530458766e-05,0.00011790575293969295,0.00011790575293969295,1.2159660633501153e-09,-0.21146505530458767
1.70625,10313.063209030577,-2.1455350911614962e-05,0.0001171018081833578,0.0001171018081833578,1.2088545520427685e-09,-0.21455350911614962
1.7125000000000001,10317.514004505534,-2.1760379979218448e-05,0.00011629562964002833,0.00011629562964002833,1.2016419369281585e-09,-0.21760379979218447
1.71875,10321.907377634929,-2.2061473686360706e-05,0.00011548731949907179,0.00011548731949907179,1.1943295224063175e-09,-0.22061473686360705
1.725,10326.241548991531,-2.235851008247689e-05,0.00011467697878281189,0.00011467697878281189,1.186918653298561e-09,-0.2235851008247689
1.7312500000000002,10330.514695800675,-2.2651364246245803e-05,0.00011386470736865007,0.00011386470736865007,1.1794107158321641e-09,-0.22651364246245803
1.7375,10334.72495106713,-2.29399082257463e-05,0.00011305060400670924,0.00011305060400670924,1.1718071386448724e-09,-0.229399082257463
1.7437500000000001,10338.87040282721,-2.3224010987217578e-05,0.0001122347663339358,0.0001122347663339358,1.1641093938063977e-09,-0.23224010987217578
1.75,10342.949093547899,-2.350353837385284e-05,0.00011141729088562061,0.00011141729088562061,1.1563189978535715e-09,-0.23503538373852842
1.75625,10346.959019693535,-2.377835307613296e-05,0.00011059827310527457,0.00011059827310527457,1.14843751283533e-09,-0.23778353076132958
1.7625000000000002,10350.898131484646,-2.4048314615275646e-05,0.00010977780735372572,0.00010977780735372572,1.1404665473631883e-09,-0.24048314615275646
1.76875,10354.764332871564,-2.431327934143592e-05,0.00010895598691820141,0.00010895598691820141,1.1324077576623077e-09,-0.2431327934143592
1.7750000000000001,10358.555481747995,-2.4573100448342556e-05,0.00010813290402203209,0.00010813290402203209,1.1242628486177135e-09,-0.24573100448342555
1.78125,10362.269390429481,-2.4827628006090806e-05,0.00010730864983546976,0.00010730864983546976,1.1160335748096428e-09,-0.24827628006090807
1.7875,10365.903826422325,-2.5076709013832456e-05,0.00010648331448796891,0.00010648331448796891,1.107721741531429e-09,-0.25076709013832454
1.7937500000000002,10369.456513508065,-2.5320187474107668e-05,0.00010565698708213385,0.00010565698708213385,1.0993292057827464e-09,-0.2532018747410767
1.8,10372.925133169172,-2.555790449054707e-05,0.00010482975570940523,0.00010482975570940523,1.0908578772304727e-09,-0.2555790449054707
1.8062500000000001,10376.307326380265,-2.5789698390635677e-05,0.00010400170746744465,0.00010400170746744465,1.0823097191288599e-09,-0.2578969839063568
1.8125,10379.600695789077,-2.6015404875169816e-05,0.00010317292847908326,0.00010317292847908326,1.0736867491901664e-09,-0.2601540487516982
1.81875,10382.802808309001,-2.62348571959534e-05,0.0001023435039126314,0.0001023435039126314,1.0649910403963917e-09,-0.262348571959534
1.8250000000000002,10385.911198145177,-2.644788636316828e-05,0.00010151351800330154,0.00010151351800330154,1.0562247217422757e-09,-0.26447886363168277
1.83125,10388.923370272041,-2.6654321383714362e-05,0.00010068305407547622,0.00010068305407547622,1.047389978899299e-09,-0.26654321383714363
1.8375000000000001,10391.836804379484,-2.685398953164727e-05,9.985219456555183e-05,9.985219456555183e-05,1.0384890547900457e-09,-0.2685398953164727
1.84375,10394.648959300748,-2.704671665164433e-05,9.902102104510815e-05,9.902102104510815e-05,1.029524250061979e-09,-0.2704671665164433
1.85,10397.357277932639,-2.7232327496202696e-05,9.818961424418556e-05,9.818961424418556e-05,1.020497923449452e-09,-0.27232327496202696
1.8562500000000002,10399.95919265456,-2.7410646097017528e-05,9.735805407449382e-05,9.735805407449382e-05,1.011412492012621e-09,-0.27410646097017527
1.8625,10402.452131248365,-2.7581496170703155e-05,9.65264196524241e-05,9.65264196524241e-05,1.0022704312418828e-09,-0.27581496170703157
1.8687500000000001,10404.833523317404,-2.7744701558708084e-05,9.569478932178501e-05,9.569478932178501e-05,9.930742750164955e-10,-0.27744701558708085
1.875,10407.100807197417,-2.7900086700936507e-05,9.486324067622955e-05,9.486324067622955e-05,9.838266154062183e-10,-0.27900086700936505
1.88125,10409.251437346584,-2.8047477142228144e-05,9.403185058138146e-05,9.403185058138146e-05,9.745301023050725e-10,-0.28047477142228144
1.8875000000000002,10411.282892197352,-2.8186700070466164e-05,9.320069519670233e-05,9.320069519670233e-05,9.651874428867454e-10,-0.28186700070466164
1.89375,10413.192682446012,-2.8317584884685047e-05,9.236984999716512e-05,9.236984999716512e-05,9.558014008716893e-10,-0.2831758488468505
1.9000000000000001,10414.978359750017,-2.8439963791138833e-05,9.153938979481377e-05,9.153938979481377e-05,9.463747955966514e-10,-0.28439963791138834
1.90625,10416.637525797581,-2.8553672424871517e-05,9.070938876029255e-05,9.070938876029255e-05,9.369105008781798e-10,-0.2855367242487152
1.9125,10418.167841707334,-2.8658550493909316e-05,8.987992044442433e-05,8.987992044442433e-05,9.274114436626077e-10,-0.2865855049390932
1.9187500000000002,10419.56703771005,-2.8754442442776097e-05,8.905105779990345e-05,8.905105779990345e-05,9.178806024561114e-10,-0.28754442442776096
1.925,10420.832923057907,-2.884119813162315e-05,8.822287320315099e-05,8.822287320315099e-05,9.083210055296667e-10,-0.28841198131623147
1.9312500000000001,10421.963396101977,-2.8918673526870337e-05,8.739543847635666e-05,8.739543847635666e-05,8.98735728895087e-10,-0.28918673526870337
1.9375,10422.956454472343,-2.898673139888327e-05,8.656882490970694e-05,8.656882490970694e-05,8.891278940498135e-10,-0.2898673139888327
1.94375,10423.810205290507,-2.9045242021867893e-05,8.574310328377435e-05,8.574310328377435e-05,8.795006654897195e-10,-0.29045242021867895
1.9500000000000002,10424.52287533919,-2.9094083870855695e-05,8.491834389201975e-05,8.491834389201975e-05,8.69857247990895e-10,-0.29094083870855697
1.95625,10425.092821111524,-2.9133144310387374e-05,8.409461656333978e-05,8.409461656333978e-05,8.602008836631632e-10,-0.29133144310387377
1.9625000000000001,10425.518538656606,-2.9162320269285924e-05,8.327199068457722e-05,8.327199068457722e-05,8.505348487799385e-10,-0.29162320269285924
1.96875,10425.798673138388,-2.9181518895747544e-05,8.245053522290202e-05,8.245053522290202e-05,8.408624503909511e-10,-0.29181518895747544
1.975,10425.932028021332,-2.9190658186877135e-05,8.163031874796773e-05,8.163031874796773e-05,8.311870227263076e-10,-0.29190658186877133
1.9812500000000002,10425.91757379714,-2.918966758675804e-05,8.081140945374982e-05,8.081140945374982e-05,8.215119234023181e-10,-0.2918966758675804
1.9875,10425.754456166533,-2.9178488547178014e-05,7.999387517998013e-05,7.999387517998013e-05,8.118405294414664e-10,-0.29178488547178016
1.9937500000000001,10425.442003591828,-2.915707504523822e-05,7.917778343310407e-05,7.917778343310407e-05,8.021762331208166e-10,-0.29157075045238223
2.0,10424.979734138835,-2.9125394052251237e-05,7.83632014067033e-05,7.83632014067033e-05,7.925224376649991e-10,-0.29125394052251236
2.00625,10424.367361530054,-2.9083425948589347e-05,7.75501960013451e-05,7.75501960013451e-05,7.828825528016939e-10,-0.2908342594858935
2.0125,10423.604800336276,-2.903116487947461e-05,7.673883384384049e-05,7.673883384384049e-05,7.73259990199184e-10,-0.2903116487947461
2.0187500000000003,10422.692170238897,-2.896861904710767e-05,7.592918130591298e-05,7.592918130591298e-05,7.636581588070811e-10,-0.2896861904710767
2.025,10421.629799303435,-2.889581093500841e-05,7.512130452230077e-05,7.512130452230077e-05,7.540804601226925e-10,-0.2889581093500841
2.03125,10420.41822621193,-2.881277746098621e-05,7.431526940833255e-05,7.431526940833255e-05,7.445302834066852e-10,-0.2881277746098621
2.0375,10419.058201409494,-2.8719570055764394e-05,7.35111416770332e-05,7.35111416770332e-05,7.350110008726884e-10,-0.28719570055764393
2.04375,10417.55068713372,-2.861625466494678e-05,7.270898685582847e-05,7.270898685582847e-05,7.255259628762454e-10,-0.2861625466494678
2.0500000000000003,10415.896856300904,-2.8502911672725765e-05,7.190887030292684e-05,7.190887030292684e-05,7.160784931290522e-10,-0.28502911672725767
2.05625,10414.09809023905,-2.8379635746483236e-05,7.11108572234626e-05,7.11108572234626e-05,7.066718839647042e-10,-0.28379635746483234
2.0625,10412.15597526466,-2.824653560221743e-05,7.031501268548671e-05,7.031501268548671e-05,6.973093916821939e-10,-0.2824653560221743
2.06875,10410.072298115809,-2.810373369153073e-05,6.952140163589101e-05,6.952140163589101e-05,6.879942319931585e-10,-0.2810373369153073
2.075,10407.849040262674,-2.7951365811723968e-05,6.873008891634766e-05,6.873008891634766e-05,6.787295755983636e-10,-0.27951365811723966
2.0812500000000003,10405.48837113082,-2.7789580641350506e-05,6.794113927934021e-05,6.794113927934021e-05,6.695185439181311e-10,-0.2778958064135051
2.0875,10402.992640282297,-2.7618539204376616e-05,6.715461740435457e-05,6.715461740435457e-05,6.603642050003743e-10,-0.27618539204376613
2.09375,10400.364368612589,-2.7438414266861203e-05,6.637058791428976e-05,6.637058791428976e-05,6.512695696286072e-10,-0.27438414266861205
2.1,10397.606238630287,-2.724938967079656e-05,6.558911539213915e-05,6.558911539213915e-05,6.422375876507565e-10,-0.2724938967079656
2.10625,10394.721083897843,-2.705165961043058e-05,6.481026439798353e-05,6.481026439798353e-05,6.332711445478413e-10,-0.2705165961043058
2.1125000000000003,10391.711877719112,-2.684542785700991e-05,6.40340994863287e-05,6.40340994863287e-05,6.243730582596166e-10,-0.2684542785700991
2.11875,10388.581721169761,-2.663090693843181e-05,6.326068522381256e-05,6.326068522381256e-05,6.155460762821261e-10,-0.2663090693843181
2.125,10385.333830570657,-2.640831728076249e-05,6.249008620729962e-05,6.249008620729962e-05,6.067928730498044e-10,-0.2640831728076249
2.13125,10381.971524512008,-2.6177886318962857e-05,6.172236708237588e-05,6.172236708237588e-05,5.981160476123345e-10,-0.26177886318962856
2.1375,10378.498210539827,-2.5939847584452615e-05,6.0957592562252866e-05,6.0957592562252866e-05,5.895181216139382e-10,-0.25939847584452613
2.1437500000000003,10374.9173716184,-2.5694439777336812e-05,6.019582744708689e-05,6.019582744708689e-05,5.810015375801831e-10,-0.25694439777336814
2.15,10371.232552484535,-2.5441905831210363e-05,5.943713664371833e-05,5.943713664371833e-05,5.725686575147651e-10,-0.25441905831210365
2.15625,10367.447346008621,-2.518249197844643e-05,5.868158518583572e-05,5.868158518583572e-05,5.642217618061078e-10,-0.2518249197844643
2.1625,10363.565379677,-2.4916446823761835e-05,5.792923825457021e-05,5.792923825457021e-05,5.559630484410347e-10,-0.24916446823761834
2.16875,10359.590302305049,-2.4644020433641026e-05,5.718016119952725e-05,5.718016119952725e-05,5.477946325202562e-10,-0.24644020433641026
2.1750000000000003,10355.52577108847,-2.4365463448891813e-05,5.6434419560265e-05,5.6434419560265e-05,5.397185460680073e-10,-0.24365463448891814
2.18125,10351.375439091817,-2.4081026227207196e-05,5.5692079088231184e-05,5.5692079088231184e-05,5.317367381258873e-10,-0.24081026227207197
2.1875,10347.142943268529,-2.379095802212461e-05,5.49532057691732e-05,5.49532057691732e-05,5.238510751188394e-10,-0.23790958022124611
2.19375,10342.831893096956,-2.3495506204215817e-05,5.421786584603893e-05,5.421786584603893e-05,5.160633414792715e-10,-0.23495506204215816
2.2,10338.445859908737,-2.3194915529716094e-05,5.348612584238892e-05,5.348612584238892e-05,5.083752405135942e-10,-0.23194915529716092
2.2062500000000003,10333.988366975205,-2.2889427461121798e-05,5.275805258634354e-05,5.275805258634354e-05,5.00788395493952e-10,-0.22889427461121797
2.2125,10329.462880408006,-2.257927954356151e-05,5.2033713235091486e-05,5.2033713235091486e-05,4.933043509566587e-10,-0.22579279543561512
2.21875,10324.872800917568,-2.2264704839990717e-05,5.131317529998916e-05,5.131317529998916e-05,4.859245741878426e-10,-0.22264704839990718
2.225,10320.221456463501,-2.194593142748465e-05,5.059650667228326e-05,5.059650667228326e-05,4.786504568760475e-10,-0.21945931427484652
2.23125,10315.512095818049,-2.162318195612231e-05,4.988377564949201e-05,4.988377564949201e-05,4.714833169110454e-10,-0.21623181956122312
2.2375000000000003,10310.747883053316,-2.129667327117803e-05,4.9175050962483714e-05,4.9175050962483714e-05,4.6442440030787465e-10,-0.2129667327117803
2.24375,10305.931892951701,-2.096661609857842e-05,4.8470401803294685e-05,4.8470401803294685e-05,4.5747488323513724e-10,-0.2096661609857842
2.25,10301.067107328074,-2.0633214792852453e-05,4.7769897853732066e-05,4.7769897853732066e-05,4.506358741268382e-10,-0.20633214792852453
2.25625,10296.156412242532,-2.0296667146112605e-05,4.707360931481128e-05,4.707360931481128e-05,4.439084158575402e-10,-0.20296667146112604
2.2625,10291.202596073177,-1.9957164255964118e-05,4.638160693708147e-05,4.638160693708147e-05,4.372934879612999e-10,-0.1995716425596412
2.2687500000000003,10286.20834840924,-1.961489044965646e-05,4.56939620518969e-05,4.56939620518969e-05,4.307920088757452e-10,-0.1961489044965646
2.275,10281.17625971818,-1.9270023261273364e-05,4.501074660369657e-05,4.501074660369657e-05,4.244048381937129e-10,-0.19270023261273364
2.28125,10276.108821733762,-1.892273345831027e-05,4.433203318335864e-05,4.433203318335864e-05,4.181327789060769e-10,-0.1892273345831027
2.2875,10271.008428505429,-1.857318511361629e-05,4.365789506270076e-05,4.365789506270076e-05,4.119765796207311e-10,-0.1857318511361629
2.29375,10265.877378047253,-1.8221535718382917e-05,4.298840623020134e-05,4.298840623020134e-05,4.0593693674412107e-10,-0.18221535718382917
2.3000000000000003,10260.717874519281,-1.7867936331646773e-05,4.232364142802076e-05,4.232364142802076e-05,4.000144966132225e-10,-0.17867936331646772
2.30625,10255.532030873568,-1.7512531761636387e-05,4.1663676190404645e-05,4.1663676190404645e-05,3.94209857567411e-10,-0.17512531761636388
2.3125,10250.321871896078,-1.7155460774233683e-05,4.100858688355434e-05,4.100858688355434e-05,3.885235719512358e-10,-0.17155460774233683
2.31875,10245.089337575015,-1.6796856323834345e-05,4.035845074705136e-05,4.035845074705136e-05,3.8295614804067357e-10,-0.16796856323834344
2.325,10239.836286729042,-1.6436845801975106e-05,3.971334593692417e-05,3.971334593692417e-05,3.7750805188697317e-10,-0.16436845801975106
2.3312500000000003,10234.564500828348,-1.607555129924332e-05,3.9073351570445957e-05,3.9073351570445957e-05,3.7217970907368857e-10,-0.1607555129924332
2.3375,10229.275687948131,-1.5713089876189705e-05,3.8438547772751576e-05,3.8438547772751576e-05,3.6697150638391634e-10,-0.15713089876189706
2.34375,10223.971486794038,-1.5349573839220873e-05,3.780901572536071e-05,3.780901572536071e-05,3.618837933760866e-10,-0.15349573839220873
2.35,10218.653470746081,-1.4985111017747404e-05,3.7184837716692146e-05,3.7184837716692146e-05,3.5691688386789174e-10,-0.14985111017747405
2.35625,10213.323151871558,-1.4619805039196769e-05,3.656609719465164e-05,3.656609719465164e-05,3.520710573290599e-10,-0.14619805039196768
2.3625000000000003,10207.981984862621,-1.4253755598860922e-05,3.595287882137225e-05,3.595287882137225e-05,3.473465601846863e-10,-0.14253755598860923
2.36875,10202.63137085925,-1.3887058721927199e-05,3.534526853018274e-05,3.534526853018274e-05,3.427436070317126e-10,-0.13887058721927198
2.375,10197.272661126144,-1.351980701542989e-05,3.4743353584875425e-05,3.4743353584875425e-05,3.3826238177189514e-10,-0.1351980701542989
2.38125,10191.907160554145,-1.3152089908251575e-05,3.414722264134138e-05,3.414722264134138e-05,3.3390303866522337e-10,-0.13152089908251574
2.3875,10186.536130966555,-1.2783993877689722e-05,3.355696581163651e-05,3.355696581163651e-05,3.296657033082413e-10,-0.12783993877689723
2.3937500000000003,10181.160794212516,-1.2415602661479197e-05,3.2972674730539285e-05,3.2972674730539285e-05,3.2555047354209306e-10,-0.12415602661479197
2.4000000000000004,10175.78233503788,-1.2046997454518723e-05,3.239444262465732e-05,3.239444262465732e-05,3.2155742029536155e-10,-0.12046997454518724
2.40625,10170.401903726035,-1.1678257089884306e-05,3.182236438413802e-05,3.182236438413802e-05,3.176865883669098e-10,-0.11678257089884306
2.4125,10165.020618508643,-1.1309458204020072e-05,3.1256536637036945e-05,3.1256536637036945e-05,3.1393799715396835e-10,-0.11309458204020072
2.41875,10159.639567747241,-1.094067538627448e-05,3.069705782639666e-05,3.069705782639666e-05,3.10311641330658e-10,-0.1094067538627448
2.4250000000000003,10154.259811893065,-1.0571981313193578e-05,3.0144028290089253e-05,3.0144028290089253e-05,3.068074914820002e-10,-0.10571981313193578
2.4312500000000004,10148.882385233208,-1.0203446868192713e-05,2.9597550343476565e-05,2.9597550343476565e-05,3.0342549469826157e-10,-0.10203446868192713
2.4375,10143.5082974346,-9.835141247401826e-06,2.905772836494413e-05,2.905772836494413e-05,3.001655751342153e-10,-0.09835141247401825
2.44375,10138.138534900927,-9.4671320526178e-06,2.8524668884367423e-05,2.8524668884367423e-05,2.9702763453759287e-10,-0.09467132052617801
2.45,10132.774061955619,-9.099485372401263e-06,2.7998480674571908e-05,2.7998480674571908e-05,2.9401155275065567e-10,-0.09099485372401263
2.4562500000000003,10127.415821868313,-8.732265852425674e-06,2.7479274845851765e-05,2.7479274845851765e-05,2.9111718818844914e-10,-0.08732265852425675
2.4625000000000004,10122.064737741348,-8.365536756225892e-06,2.696716494361551e-05,2.696716494361551e-05,2.8834437829692133e-10,-0.08365536756225893
2.46875,10116.721713273093,-7.999360017504275e-06,2.6462267049229235e-05,2.6462267049229235e-05,2.856929399937042e-10,-0.07999360017504276
2.475,10111.387633414339,-7.63379628513747e-06,2.59646998841306e-05,2.59646998841306e-05,2.831626700939773e-10,-0.0763379628513747
2.48125,10106.063364935042,-7.268904961989624e-06,2.547458491728696e-05,2.547458491728696e-05,2.8075334572346633e-10,-0.07268904961989624
2.4875000000000003,10100.74975691513,-6.904744238581557e-06,2.4992046476070087e-05,2.4992046476070087e-05,2.7846472472028205e-10,-0.06904744238581556
2.4937500000000004,10095.447641175597,-6.541371122593364e-06,2.4517211860616282e-05,2.4517211860616282e-05,2.7629654602698033e-10,-0.06541371122593365
2.5,10090.15783266055,-6.178841465094107e-06,2.4050211461734125e-05,2.4050211461734125e-05,2.7424853007392816e-10,-0.06178841465094107
2.50625,10084.881129784422,-5.817209984299567e-06,2.3591178882411876e-05,2.3591178882411876e-05,2.723203791547949e-10,-0.05817209984299567
2.5125,10079.61831475246,-5.4565302875611666e-06,2.3140251062962167e-05,2.3140251062962167e-05,2.705117777947554e-10,-0.05456530287561166
2.5187500000000003,10074.370153864867,-5.096854892188686e-06,2.2697568409822367e-05,2.2697568409822367e-05,2.688223931117911e-10,-0.050968548921886854
2.5250000000000004,10069.137397810595,-4.738235245609532e-06,2.2263274928003937e-05,2.2263274928003937e-05,2.6725187517130943e-10,-0.047382352456095324
2.53125,10063.920781958037,-4.38072174527e-06,2.1837518357153395e-05,2.1837518357153395e-05,2.657998573341664e-10,-0.0438072174527
2.5375,10058.721026646042,-4.024363758591625e-06,2.142045031114955e-05,2.142045031114955e-05,2.644659565980751e-10,-0.04024363758591625
2.54375,10053.538837479382,-3.669209643209904e-06,2.101222642111678e-05,2.101222642111678e-05,2.6324977393230533e-10,-0.03669209643209904
2.5500000000000003,10048.374905630128,-3.315306767644732e-06,2.0613006481681295e-05,2.0613006481681295e-05,2.621508946055326e-10,-0.03315306767644732
2.5562500000000004,10043.22990814694,-2.9627015324827695e-06,2.0222954600236186e-05,2.0222954600236186e-05,2.6116888850666526e-10,-0.029627015324827696
2.5625,10038.104508271928,-2.611439392092406e-06,1.9842239348911666e-05,1.9842239348911666e-05,2.6030331045847486e-10,-0.026114393920924062
2.56875,10032.999355764568,-2.26156487684215e-06,1.947103391886812e-05,1.947103391886812e-05,2.5955370052386154e-10,-0.0226156487684215
2.575,10027.915087232685,-1.913121615753126e-06,1.9109516276442315e-05,1.9109516276442315e-05,2.589195843046114e-10,-0.01913121615753126
2.5812500000000003,10022.852326467353,-1.5661523594859202e-06,1.8757869320580396e-05,1.8757869320580396e-05,2.5840047323253465e-10,-0.0156615235948592
2.5875000000000004,10017.811684781806,-1.2206990035402682e-06,1.8416281040885725e-05,1.8416281040885725e-05,2.5799586485291387e-10,-0.012206990035402682
2.59375,10012.79376135101,-8.768026115329097e-07,1.8084944675495146e-05,1.8084944675495146e-05,2.5770524310023713e-10,-0.008768026115329097
2.6,10007.799143550255,-5.34503438413079e-07,1.7764058867874396e-05,1.7764058867874396e-05,2.5752807856623587e-10,-0.00534503438413079
2.60625,10002.828407291032,-1.9384095347579393e-07,1.7453827821492515e-05,1.7453827821492515e-05,2.5746382876029476e-10,-0.0019384095347579392
2.6125000000000003,9997.882117352014,1.4514613696064602e-07,1.7154461451196853e-05,1.7238574048107806e-05,2.575119383623453e-10,0.0014514613696064603
2.6187500000000004,9992.96082770321,4.824198673357913e-07,1.6866175529965682e-05,1.7295437035591676e-05,2.5767183946839483e-10,0.004824198673357913
2.625,9988.065081821802,8.179429911954701e-07,1.6589191829565118e-05,1.7365686468136232e-05,2.579429518288784e-10,0.008179429911954701
2.63125,9983.195412998626,1.1516789601995453e-06,1.632373825348257e-05,1.744649175312892e-05,2.5832468308005355e-10,0.011516789601995453
2.6375,9978.352344633533,1.4835919038627912e-06,1.6070048960351422e-05,1.753521335342178e-05,2.5881642896867924e-10,0.014835919038627911
2.6437500000000003,9973.536390519748,1.813646610083893e-06,1.582836447592241e-05,1.7631676073098273e-05,2.5941757357024155e-10,0.01813646610083893
2.6500000000000004,9968.748055115911,2.1418085064987416e-06,1.559893179147851e-05,1.773570571594328e-05,2.6012748950099854e-10,0.021418085064987415
2.65625,9963.987833805531,2.4680436426761496e-06,1.5382004446432998e-05,1.7847129537404702e-05,2.6094553812412384e-10,0.024680436426761498
2.6625,9959.256213145101,2.7923186731574446e-06,1.5177842592697636e-05,1.796599049736233e-05,2.618710697502286e-10,0.027923186731574446
2.66875,9954.553671098776,3.114600841326162e-06,1.4986713038261107e-05,1.8091813945518072e-05,2.629034238325369e-10,0.031146008413261622
2.6750000000000003,9949.880677262554,3.4348579640811685e-06,1.480888926727956e-05,1.8224415834654508e-05,2.640419291569811e-10,0.034348579640811686
2.6812500000000004,9945.237693076355,3.7530584172755258e-06,1.4644651433853631e-05,1.83636341258467e-05,2.6528590402747086e-10,0.03753058417275526
2.6875,9940.625172026266,4.069171121874933e-06,1.4494286326552248e-05,1.8509310204722584e-05,2.6663465644657376e-10,0.04069171121874933
2.69375,9936.043559836608,4.383165530783253e-06,1.435808730064537e-05,1.8661557788847374e-05,2.6808748429183e-10,0.04383165530783253
2.7,9931.493294653314,4.695011616278563e-06,1.4236354174928296e-05,1.8820105219408455e-05,2.69643675487902e-10,0.046950116162785625
2.7062500000000003,9926.974807219194,5.004679858001226e-06,1.4129393089962065e-05,1.8984760108488758e-05,2.713025081747428e-10,0.05004679858001226
2.7125000000000004,9922.488521042065,5.3121412314353306e-06,1.403751632452028e-05,1.9155377446380935e-05,2.7306325087194684e-10,0.05312141231435331
2.71875,9918.03485255641,5.617367196826397e-06,1.3961042067025436e-05,1.9331816301304294e-05,2.749251626394269e-10,0.05617367196826397
2.725,9913.614211279339,5.92032968848116e-06,1.3900294138779882e-05,1.9513939901044064e-05,2.7688749323454487e-10,0.059203296884811595
2.73125,9909.22699996229,6.221001104399268e-06,1.3855601665850534e-05,1.9701615687159858e-05,2.789494832658057e-10,0.06221001104399267
2.7375000000000003,9904.873614737715,6.519354296191554e-06,1.3827298696555101e-05,1.9894715343811868e-05,2.8111036434320944e-10,0.06519354296191554
2.7437500000000004,9900.554445262773,6.8153625592449274e-06,1.3815723761622622e-05,2.0093114803354037e-05,2.83369359225344e-10,0.06815362559244928
2.75,9896.26987485985,7.108999623099649e-06,1.3821219374265112e-05,2.0296694230905144e-05,2.857256819632876e-10,0.07108999623099649
2.75625,9892.020280654046,7.40023964201044e-06,1.3844131467601726e-05,2.0506970016484776e-05,2.8817853804138344e-10,0.0740023964201044
2.7625,9887.80603370866,7.689057185668575e-06,1.38848087671234e-05,2.072859721633009e-05,2.9072712451493845e-10,0.07689057185668574
2.7687500000000003,9883.627499158461,7.975427230067325e-06,1.3943602096175879e-05,2.0955626431657146e-05,2.933706301448949e-10,0.07975427230067325
2.7750000000000004,9879.485036341332,8.259325148498061e-06,1.402086361277309e-05,2.1187939233741148e-05,2.961082355295172e-10,0.08259325148498062
2.78125,9875.378998927246,8.540726702668544e-06,1.4116945976431218e-05,2.142809256490593e-05,2.98939113233135e-10,0.08540726702668544
2.7875,9871.309735046847,8.81960803393873e-06,1.4232201444136608e-05,2.1673717960259913e-05,3.018624279119813e-10,0.08819608033938729
2.79375,9867.277587417158,9.095945654672424e-06,1.4366980895027115e-05,2.1924450514603794e-05,3.0487733643716407e-10,0.09095945654672424
2.8000000000000003,9863.282893466285,9.369716439705482e-06,1.4521632783875461e-05,2.2180182564072158e-05,3.079829880148098e-10,0.09369716439705482
2.8062500000000004,9859.325985456013,9.640897617933088e-06,1.4696502024012957e-05,2.2440810635920747e-05,3.111785243034187e-10,0.09640897617933088
2.8125,9855.407190603082,9.909466764019792e-06,1.489192880092003e-05,2.2706235353515125e-05,3.1446307952847235e-10,0.09909466764019792
2.81875,9851.526831197958,1.0175401790236583e-05,1.510824731833354e-05,2.297758295251813e-05,3.178357805943352e-10,0.10175401790236584
2.825,9847.685224722089,1.0438680938429497e-05,1.5345784479376044e-05,2.3263183957368805e-05,3.2129574719349437e-10,0.10438680938429497
2.8312500000000003,9843.882683963307,1.0699282772124052e-05,1.560485850589485e-05,2.3558206549630386e-05,3.248420919131825e-10,0.10699282772124052
2.8375000000000004,9840.119517128747,1.0957186168769198e-05,1.5885777499903748e-05,2.385963338177136e-05,3.2847392033942947e-10,0.10957186168769198
2.84375,9836.396027956247,1.1212370312123915e-05,1.618883795174205e-05,2.4166777686564203e-05,3.321903311585908e-10,0.11212370312123915
2.85,9832.712515822916,1.1464814684788478e-05,1.6514323200298205e-05,2.447882385021056e-05,3.359904162564007e-10,0.11464814684788478
2.85625,9829.069275852286,1.1714499060881704e-05,1.6862501851381214e-05,2.4795679715191757e-05,3.3987326081459737e-10,0.11714499060881704
2.8625000000000003,9825.466599019057,1.1961403498864383e-05,1.7233626161055673e-05,2.5117257045344984e-05,3.4383794340517026e-10,0.11961403498864383
2.8687500000000004,9821.904772251419,1.2205508334508307e-05,1.7627930391477134e-05,2.5447806671293977e-05,3.478835360822764e-10,0.12205508334508307
2.875,9818.384078531722,1.2446794174009474e-05,1.8045629147465612e-05,2.5795434098991135e-05,3.5200910447187424e-10,0.12446794174009475
2.88125,9814.90479699499,1.2685241887243359e-05,1.8486915702727483e-05,2.6151810421001745e-05,3.562137078591218e-10,0.1268524188724336
2.8875,9811.46720302508,1.2920832601159783e-05,1.8951960325271068e-05,2.6513183285026772e-05,3.604963992735857e-10,0.12920832601159785
2.8937500000000003,9808.07156834911,1.3153547693314301e-05,1.9440908612149516e-05,2.6879465542646738e-05,3.6485622557230595e-10,0.13153547693314302
2.9000000000000004,9804.71816113014,1.3383368785533148e-05,1.9953879844197245e-05,2.7250573826467735e-05,3.6929222752076107e-10,0.13383368785533148
2.90625,9801.40724605737,1.3610277737708508e-05,2.0490965371893724e-05,2.7631822151961755e-05,3.7380343987177637e-10,0.1361027773770851
2.9125,9798.139084434912,1.3834256641721145e-05,2.105222704388219e-05,2.803467020499779e-05,3.7838889144241826e-10,0.13834256641721146
2.91875,9794.913934268876,1.4055287815487538e-05,2.1637695689982103e-05,2.84456788608484e-05,3.830476051889151e-10,0.14055287815487538
2.9250000000000003,9791.732050352159,1.4273353797129164e-05,2.2247369670754625e-05,2.886202992453947e-05,3.877785982796455e-10,0.14273353797129162
2.9312500000000004,9788.593684347981,1.4488437339261684e-05,2.288121350580267e-05,2.92834468893533e-05,3.9258088216623377e-10,0.14488437339261684
2.9375,9785.499084871259,1.4700521403402557e-05,2.3539156593003964e-05,2.971261010302103e-05,3.9745346265279187e-10,0.14700521403402556
2.94375,9782.448497568726,1.4909589154495715e-05,2.4221092030781512e-05,3.0166625998458466e-05,4.0239533996334623e-10,0.14909589154495714
2.95,9779.442165197102,1.5115623955552633e-05,2.4926875555305288e-05,3.0630426896697764e-05,4.074055088074886e-10,0.15115623955552632
2.9562500000000003,9776.480327699348,1.5318609362409335e-05,2.565632460418845e-05,3.1099597125944185e-05,4.124829584442889e-10,0.15318609362409336
2.9625000000000004,9773.563222279849,1.551852911859928e-05,2.6409217517788087e-05,3.1574051789015086e-05,4.176266727445088e-10,0.1551852911859928
2.96875,9770.691083477266,1.5715367150342346e-05,2.7185292888642953e-05,3.2077786286214535e-05,4.2283563025115414e-10,0.15715367150342346
2.975,9767.864143235971,1.5909107561650257e-05,2.7984249068879455e-05,3.2594172151103106e-05,4.281088042384053e-10,0.15909107561650257
2.98125,9765.082630975947,1.6099734629548985e-05,2.8805743844593237e-05,3.311732494993309e-05,4.334451627689637e-10,0.16099734629548984
2.9875000000000003,9762.346773660534,1.628723279941856e-05,2.9649394285271265e-05,3.365162568122319e-05,4.388436687498541e-10,0.16287232799418558
2.9937500000000004,9759.656795862855,1.6471586680450706e-05,3.0514776775262073e-05,3.421436707831586e-05,4.443032799867207e-10,0.16471586680450706
3.0,9757.012919830462,1.6652781041224605e-05,3.1401427233137424e-05,3.4787729856645496e-05,4.4982294923665727e-10,0.16652781041224604
3.00625,9754.415365547935,1.6830800805400687e-05,3.23088415235241e-05,3.537188516746975e-05,4.5540162425960987e-10,0.16830800805400686
3.0125,9751.864350798169,1.700563104753229e-05,3.3236476064630376e-05,3.5990713470504125e-05,4.610382478683911e-10,0.1700563104753229
3.0187500000000003,9749.36009122168,1.7177256988994553e-05,3.4183748633258766e-05,3.662104481567535e-05,4.667317579773452e-10,0.17177256988994552
3.0250000000000004,9746.902800374453,1.7345663994029492e-05,3.515003936759717e-05,3.727198234344341e-05,4.724810876497022e-10,0.17345663994029492
3.03125,9744.492689783789,1.751083756590603e-05,3.613469196652967e-05,3.795313198314508e-05,4.782851651436591e-10,0.1751083756590603
3.0375,9742.12996900281,1.767276334319306e-05,3.7137015082619595e-05,3.865442030778166e-05,4.841429139572264e-10,0.1767276334319306
3.04375,9739.814845663152,1.7831427096143576e-05,3.815628390430855e-05,3.9390026236361344e-05,4.900532528718749e-10,0.17831427096143576
3.0500000000000003,9737.547525526254,1.79868147231872e-05,3.919174192126222e-05,4.015265487156431e-05,4.96015095995021e-10,0.179868147231872
3.0562500000000004,9735.328212532866,1.81389122475283e-05,4.0242602865194525e-05,4.094949047307589e-05,5.020273528013843e-10,0.181389122475283
3.0625,9733.15710885131,1.828770581384661e-05,4.130805281693494e-05,4.1793171962120275e-05,5.08088928173251e-10,0.1828770581384661
3.06875,9731.03441492391,1.843318168509679e-05,4.238725246898648e-05,4.26786170126637e-05,5.14198722439677e-10,0.18433181685096792
3.075,9728.960329512756,1.857532623940341e-05,4.347933953137334e-05,4.361717287788261e-05,5.20355631414662e-10,0.18575326239403409
3.0812500000000003,9726.935049743197,1.8714125967047385e-05,4.458343126721477e-05,4.4620147999507746e-05,5.265585464343238e-10,0.18714125967047385
3.0875000000000004,9724.958771147081,1.8849567467540096e-05,4.56986271432022e-05,4.56986271432022e-05,5.328063543931039e-10,0.18849567467540096
3.09375,9723.031687703477,1.8981637446780934e-05,4.6824011579017636e-05,4.6824011579017636e-05,5.390979377790305e-10,0.18981637446780933
3.1,9721.153991879779,1.9110322714294373e-05,4.7958656778726135e-05,4.7958656778726135e-05,5.454321747080652e-10,0.19110322714294373
3.10625,9719.325874670392,1.923561018054235e-05,4.910162562631997e-05,4.910162562631997e-05,5.518079389575601e-10,0.19235610180542348
3.1125000000000003,9717.547525635138,1.9357486854307907e-05,5.025197462689698e-05,5.025197462689698e-05,5.582240999988463e-10,0.19357486854307906
3.1187500000000004,9715.819132936325,1.9475939840146116e-05,5.140875687443285e-05,5.140875687443285e-05,5.646795230289784e-10,0.19475939840146117
3.125,9714.140883375178,1.9590956335898233e-05,5.257102502676368e-05,5.257102502676368e-05,5.71173069001655e-10,0.19590956335898232
3.13125,9712.512962427121,1.9702523630265343e-05,5.3737834268238894e-05,5.3737834268238894e-05,5.777035946573341e-10,0.19702523630265342
3.1375,9710.935554276342,1.981062910043755e-05,5.490824524053826e-05,5.490824524053826e-05,5.842699525525643e-10,0.19810629100437552
3.1437500000000003,9709.408841849774,1.9915260209775224e-05,5.6081326922372454e-05,5.6081326922372454e-05,5.908709910885455e-10,0.19915260209775223
3.1500000000000004,9707.93300685002,2.0016404505538656e-05,5.725615943920417e-05,5.725615943920417e-05,5.975055545389389e-10,0.20016404505538657
3.15625,9706.50822978812,2.01140496166627e-05,5.843183678473177e-05,5.843183678473177e-05,6.04172483076938e-10,0.20114049616662702
3.1625,9705.134690015022,2.020818325157315e-05,5.9607469436664766e-05,5.9607469436664766e-05,6.108706128016167e-10,0.2020818325157315
3.16875,9703.81256575321,2.0298793196041585e-05,6.078218685028243e-05,6.078218685028243e-05,6.175987757635656e-10,0.20298793196041584
3.1750000000000003,9702.542034127426,2.0385867311075808e-05,6.195513981439125e-05,6.195513981439125e-05,6.2435579998983e-10,0.2038586731107581
3.1812500000000004,9701.32327119477,2.0469393530842777e-05,6.312550265557365e-05,6.312550265557365e-05,6.311405095081589e-10,0.20469393530842778
3.1875,9700.156451974788,2.054935986062151e-05,6.429247527803229e-05,6.429247527803229e-05,6.379517243705752e-10,0.20549359860621508
3.19375,9699.041750478904,2.0625754374783283e-05,6.545528502786606e-05,6.545528502786606e-05,6.447882606762771e-10,0.20625754374783284
3.2,9697.979339739488,2.0698565214796882e-05,6.66131883722475e-05,6.66131883722475e-05,6.516489305938778e-10,0.20698565214796882
3.2062500000000003,9696.969391838575,2.0767780587256667e-05,6.776547238568684e-05,6.776547238568684e-05,6.58532542382992e-10,0.20767780587256668
3.2125000000000004,9696.012077936455,2.083338876193176e-05,6.891145603734441e-05,6.891145603734441e-05,6.654379004151753e-10,0.2083338876193176
3.21875,9695.107568299787,2.0895378069834732e-05,7.00504912751707e-05,7.00504912751707e-05,6.723638051942238e-10,0.20895378069834733
3.225,9694.25603232948,2.0953736901308607e-05,7.118196390448913e-05,7.118196390448913e-05,6.793090533758398e-10,0.20953736901308606
3.23125,9693.457638588483,2.1008453704131427e-05,7.230529426046787e-05,7.230529426046787e-05,6.862724377866686e-10,0.21008453704131427
3.2375000000000003,9692.712554828882,2.1059516981638057e-05,7.34199376757357e-05,7.34199376757357e-05,6.932527474427138e-10,0.21059516981638057
3.2437500000000004,9692.020948019535,2.1106915290859432e-05,7.452538474615661e-05,7.452538474615661e-05,7.002487675671341e-10,0.21106915290859432
3.25,9691.382984372514,2.1150637240679938e-05,7.562116139947302e-05,7.562116139947302e-05,7.072592796074317e-10,0.21150637240679937
3.25625,9690.798829369938,2.1190671490014507e-05,7.670682877313643e-05,7.670682877313643e-05,7.142830612520343e-10,0.21190671490014507
3.2625,9690.268647790075,2.1227006746007414e-05,7.778198290914918e-05,7.778198290914918e-05,7.213188864462817e-10,0.21227006746007415
3.2687500000000003,9689.792603733584,2.1259631762255832e-05,7.884625427512759e-05,7.884625427512759e-05,7.283655254078223e-10,0.21259631762255832
3.2750000000000004,9689.370860648678,2.1288535337061878e-05,7.989930712204819e-05,7.989930712204819e-05,7.354217446414313e-10,0.21288535337061879
3.28125,9689.00358135632,2.1313706311717834e-05,8.094083869024481e-05,8.094083869024481e-05,7.424863069532598e-10,0.21313706311717834
3.2875,9688.690928074633,2.133513356883044e-05,8.197057827617512e-05,8.197057827617512e-05,7.495579714645289e-10,0.2133513356883044
3.29375,9688.4330624427,2.13528060306909e-05,8.298828617326056e-05,8.298828617326056e-05,7.566354936246832e-10,0.213528060306909
3.3000000000000003,9688.230145543534,2.136671265769868e-05,8.399375250072237e-05,8.399375250072237e-05,7.637176252240221e-10,0.2136671265769868
3.3062500000000004,9688.08233792613,2.137684244684827e-05,8.498679593478206e-05,8.498679593478206e-05,7.708031144058297e-10,0.2137684244684827
3.3125,9687.98979962667,2.138318443028936e-05,8.596726235686868e-05,8.596726235686868e-05,7.778907056780267e-10,0.21383184430289362
3.31875,9687.95269018799,2.138572767397227e-05,8.693502343358064e-05,8.693502343358064e-05,7.849791399243742e-10,0.21385727673972268
3.325,9687.971168678156,2.138446127639193e-05,8.788997514308768e-05,8.788997514308768e-05,7.920671544152607e-10,0.2138446127639193
3.3312500000000003,9688.045393706914,2.1379374367445067e-05,8.88320362624391e-05,8.88320362624391e-05,7.991534828181105e-10,0.21379374367445067
3.3375000000000004,9688.175523440777,2.1370456107416837e-05,8.976114682987439e-05,8.976114682987439e-05,8.062368552074561e-10,0.21370456107416835
3.34375,9688.361715615283,2.135769568611487e-05,9.067726659572137e-05,9.067726659572137e-05,8.133159980747236e-10,0.21357695686114872
3.35,9688.604127545585,2.134108232217004e-05,9.158037347482923e-05,9.158037347482923e-05,8.203896343377861e-10,0.2134108232217004
3.35625,9688.902916133567,2.132060526252526e-05,9.247046201273101e-05,9.247046201273101e-05,8.274564833503485e-10,0.21320605262525258
3.3625000000000003,9689.258237872544,2.1296253782135176e-05,9.334754187687711e-05,9.334754187687711e-05,8.345152609112317e-10,0.21296253782135177
3.3687500000000004,9689.670248847855,2.1268017183901363e-05,9.421163638334444e-05,9.421163638334444e-05,8.415646792736357e-10,0.21268017183901364
3.375,9690.139104734331,2.1235884798869767e-05,9.506278106841969e-05,9.506278106841969e-05,8.486034471544688e-10,0.21235884798869767
3.38125,9690.66496078899,2.1199845986718526e-05,9.590102231339719e-05,9.590102231339719e-05,8.556302697438372e-10,0.21199845986718527
3.3875,9691.247971839244,2.1159890136566685e-05,9.672641602983802e-05,9.672641602983802e-05,8.626438487148037e-10,0.21159890136566684
3.3937500000000003,9691.888292265918,2.1116006668135986e-05,9.753902641142337e-05,9.753902641142337e-05,8.696428822335315e-10,0.21116006668135986
3.4000000000000004,9692.586075980793,2.1068185033300065e-05,9.83389247574175e-05,9.83389247574175e-05,8.766260649699406e-10,0.21068185033300066
3.40625,9693.34147639765,2.1016414718057333e-05,9.91261883716495e-05,9.91261883716495e-05,8.83592088109019e-10,0.21016414718057333
3.4125,9694.154646396812,2.0960685244965994e-05,9.990089953984173e-05,9.990089953984173e-05,8.905396393629403e-10,0.20960685244965993
3.41875,9695.025738282373,2.0900986176081738e-05,0.00010066314458706982,0.00010066314458706982,8.974674029841561e-10,0.20900986176081737
3.4250000000000003,9695.954903731219,2.083730711644087e-05,0.00010141301301614639,0.00010141301301614639,9.043740597796414e-10,0.2083730711644087
3.4312500000000004,9696.942293733553,2.0769637718133746e-05,0.00010215059672678795,0.00010215059672678795,9.112582871264915e-10,0.20769637718133746
3.4375,9697.98805852441,2.0697967685015897e-05,0.00010287598931456218,0.00010287598931456218,9.181187589890797e-10,0.20697967685015897
3.44375,9699.092347504698,2.0622286778106233e-05,0.00010358928544782538,0.00010358928544782538,9.249541459380044e-10,0.20622286778106233
3.45,9700.255309151597,2.0542584821724323e-05,0.00010429058032015755,0.00010429058032015755,9.317631151710705e-10,0.20542584821724322
3.4562500000000003,9701.477090917557,2.0458851710421103e-05,0.00010497996917518455,0.00010497996917518455,9.385443305365683e-10,0.20458851710421103
3.4625000000000004,9702.757839116817,2.0371077416759715e-05,0.00010565754690014977,0.00010565754690014977,9.45296452559131e-10,0.20371077416759714
3.46875,9704.0976987983,2.027925200000577e-05,0.00010632340768416033,0.00010632340768416033,9.520181384684724e-10,0.2027925200000577
3.475,9705.49681360511,2.0183365615788936e-05,0.00010697764473668563,0.00010697764473668563,9.587080422313278e-10,0.20183365615788937
3.48125,9706.95532561794,2.0083408526800015e-05,0.00010762035006162674,0.00010762035006162674,9.653648145869402e-10,0.20083408526800015
3.4875000000000003,9708.473375183306,1.9979371114590677e-05,0.00010825161428210144,0.00010825161428210144,9.719871030864573e-10,0.19979371114590677
3.4937500000000004,9710.051100723951,1.987124389254513e-05,0.00010887152651099601,0.00010887152651099601,9.78573552136628e-10,0.1987124389254513
3.5,9711.688638531714,1.975901752009609e-05,0.00010948017426231844,0.00010948017426231844,9.851228030482109e-10,0.1975901752009609
3.50625,9713.386122540618,1.964268281825955e-05,0.0001100776433984392,0.0001100776433984392,9.916334940895332e-10,0.19642682818259552
3.5125,9715.143684080034,1.9522230786565538e-05,0.00011066401810842151,0.00011066401810842151,9.981042605456595e-10,0.1952223078656554
3.5187500000000003,9716.96145160582,1.939765262146465e-05,0.00011123938091281458,0.00011123938091281458,1.004533734783662e-09,0.19397652621464648
3.5250000000000004,9718.83955040933,1.9268939736292264e-05,0.00011180381269050249,0.00011180381269050249,1.010920546324509e-09,0.19268939736292265
3.53125,9720.77810230187,1.913608378287475e-05,0.00011235739272346155,0.00011235739272346155,1.0172633219221144e-09,0.1913608378287475
3.5375,9722.77722527454,1.8999076674864017e-05,0.00011290019875557247,0.00011290019875557247,1.0235606856501203e-09,0.18999076674864018
3.54375,9724.837033130898,1.8857910612888682e-05,0.0001134323070619508,0.0001134323070619508,1.0298112589970187e-09,0.18857910612888681
3.5500000000000003,9726.957635092294,1.8712578111611713e-05,0.00011395379252559555,0.00011395379252559555,1.0360136609702392e-09,0.18712578111611713
3.5562500000000004,9729.139135374067,1.8563072028785895e-05,0.00011446472871850133,0.00011446472871850133,1.0421665082098683e-09,0.18563072028785896
3.5625,9731.381632730823,1.840938559639935e-05,0.0001149651879847301,0.0001149651879847301,1.0482684151126926e-09,0.1840938559639935
3.56875,9733.685219970243,1.8251512454004065e-05,0.00011545524152328528,0.00011545524152328528,1.0543179939672882e-09,0.18251512454004065
3.575,9736.049983433726,1.8089446684320496e-05,0.00011593495946897141,0.00011593495946897141,1.060313855100911e-09,0.18089446684320495
3.5812500000000003,9738.47600244188,1.7923182851211048e-05,0.00011640441096974903,0.00011640441096974903,1.0662546070389757e-09,0.17923182851211047
3.5875000000000004,9740.963348705049,1.7752716040114122e-05,0.00011686366425940494,0.00011686366425940494,1.0721388566779338e-09,0.17752716040114122
3.59375,9743.512085695726,1.757804190102901e-05,0.00011731278672464683,0.00011731278672464683,1.077965209472402e-09,0.1757804190102901
3.6,9746.122267983024,1.739915669413939e-05,0.000117751844965998,0.000117751844965998,1.0837322696374113e-09,0.17399156694139392
3.60625,9748.793940527083,1.7216057338160206e-05,0.0001181809048521086,0.0001181809048521086,1.0894386403666814e-09,0.17216057338160207
3.6125000000000003,9751.52713793292,1.702874146148846e-05,0.00011860003156731347,0.00011860003156731347,1.095082924067849e-09,0.17028741461488459
3.6187500000000004,9754.321883661893,1.683720745623364e-05,0.0001190092896524545,0.0001190092896524545,1.1006637226156055e-09,0.1683720745623364
3.625,9757.178189200271,1.6641454535197453e-05,0.00011940874303914254,0.00011940874303914254,1.1061796376237207e-09,0.16641454535197453
3.63125,9760.096053183952,1.6441482791865118e-05,0.0001197984550777673,0.0001197984550777673,1.1116292707369502e-09,0.16441482791865117
3.6375,9763.075460478436,1.6237293263462634e-05,0.00012017848855966729,0.00012017848855966729,1.117011223943845e-09,0.16237293263462635
3.6437500000000003,9766.116381213218,1.6028887997124393e-05,0.0001205489057339533,0.0001205489057339533,1.1223240999114919e-09,0.16028887997124394
3.6500000000000004,9769.218769770407,1.5816270119204916e-05,0.000120909768319534,0.000120909768319534,1.1275665023432269e-09,0.15816270119204917
3.65625,9772.382563727318,1.5599443907756197e-05,0.0001212611375129285,0.0001212611375129285,1.1327370363603739e-09,0.15599443907756197
3.6625,9775.607682752576,1.5378414868178437e-05,0.0001216030739924653,0.0001216030739924653,1.1378343089090563e-09,0.15378414868178436
3.66875,9778.894027456074,1.5153189812037042e-05,0.0001219356379194658,0.0001219356379194658,1.1428569291931336e-09,0.1515318981203704
3.6750000000000003,9782.241478192971,1.492377693902193e-05,0.000122258888936994,0.000122258888936994,1.1478035091343044e-09,0.1492377693902193
3.6812500000000004,9785.649893822614,1.4690185922007517e-05,0.00012257288616672574,0.00012257288616672574,1.1526726638604025e-09,0.14690185922007518
3.6875,9789.119110423215,1.4452427995152033e-05,0.00012287768820445092,0.00012287768820445092,1.1574630122228943e-09,0.14452427995152034
3.69375,9792.648939962884,1.4210516044953856e-05,0.00012317335311467752,0.00012317335311467752,1.162173177344557e-09,0.14210516044953855
3.7,9796.23916892964,1.3964464704160308e-05,0.00012345993842475286,0.00012345993842475286,1.1668017871982843e-09,0.1396446470416031
3.7062500000000003,9799.889556921318,1.3714290448400429e-05,0.0001237375011188627,0.0001237375011188627,1.1713474752179215e-09,0.1371429044840043
3.7125000000000004,9803.599835197978,1.3460011695388149e-05,0.00012400609763221253,0.00012400609763221253,1.1758088809419805e-09,0.1346001169538815
3.71875,9807.369705199704,1.3201648906516062e-05,0.00012426578384563825,0.00012426578384563825,1.1801846506910312e-09,0.1320164890651606
3.725,9811.198837032165,1.2939224690632361e-05,0.00012451661508083758,0.00012451661508083758,1.1844734382794887e-09,0.12939224690632362
3.73125,9815.086867923961,1.267276390976508e-05,0.00012475864609636238,0.00012475864609636238,1.188673905762444e-09,0.1267276390976508
3.7375000000000003,9819.033400659582,1.2402293786528416e-05,0.00012499193108446248,0.00012499193108446248,1.1927847242180949e-09,0.12402293786528415
3.7437500000000004,9823.038001991861,1.2127844012915802e-05,0.00012521652366882764,0.00012521652366882764,1.1968045745662381e-09,0.12127844012915802
3.75,9827.100201038977,1.1849446860153834e-05,0.00012543247690323565,0.00012543247690323565,1.2007321484231714e-09,0.11849446860153834
3.75625,9831.21948767137,1.1567137289260147e-05,0.00012563984327108017,0.00012563984327108017,1.2045661489932425e-09,0.11567137289260146
3.7625,9835.395310893919,1.1280953061917403e-05,0.00012583867468572487,0.00012583867468572487,1.2083052919971468e-09,0.11280953061917402
3.7687500000000003,9839.627077229765,1.0990934851244691e-05,0.0001260290224916074,0.0001260290224916074,1.2119483066369411e-09,0.10990934851244691
3.7750000000000004,9843.914149111642,1.0697126352016885e-05,0.00012621093746600023,0.00012621093746600023,1.2154939365975914e-09,0.10697126352016885
3.78125,9848.255843289053,1.0399574389853104e-05,0.00012638446982132356,0.00012638446982132356,1.2189409410847096e-09,0.10399574389853104
3.7875,9852.65142925756,1.0098329028866233e-05,0.00012654966920789876,0.00012654966920789876,1.222288095897974e-09,0.10098329028866233
3.79375,9857.100127717906,9.793443677237964e-06,0.0001267065847170287,0.0001267065847170287,1.2255341945395414e-09,0.09793443677237963
3.8000000000000003,9861.601109074356,9.484975190157807e-06,0.0001268552648842918,0.0001268552648842918,1.228678049356579e-09,0.09484975190157807
3.8062500000000004,9866.153491979601,9.17298396954045e-06,0.00012699575769294306,0.00012699575769294306,1.2317184927168498e-09,0.09172983969540449
3.8125,9870.756341935446,8.857534059913687e-06,0.00012712811057732083,0.00012712811057732083,1.234654378216079e-09,0.08857534059913687
3.81875,9875.408669958902,8.538693239850041e-06,0.00012725237042616956,0.00012725237042616956,1.2374845819156273e-09,0.08538693239850041
3.825,9880.109431322344,8.216533108298448e-06,0.00012736858358579887,0.00012736858358579887,1.240208003608778e-09,0.08216533108298447
3.8312500000000003,9884.857524378023,7.891129165159182e-06,0.0001274767958630122,0.0001274767958630122,1.2428235681137325e-09,0.07891129165159183
3.8375000000000004,9889.651789475773,7.562560885435152e-06,0.00012757705252775057,0.00012757705252775057,1.2453302265911828e-09,0.07562560885435152
3.84375,9894.491007984916,7.230911786286868e-06,0.0001276693983154114,0.0001276693983154114,1.2477269578841101e-09,0.07230911786286869
3.85,9899.373901428962,6.896269486316176e-06,0.00012775387742881334,0.00012775387742881334,1.2500127698772338e-09,0.06896269486316176
3.85625,9904.299130743952,6.558725756406322e-06,0.0001278305335397915,0.0001278305335397915,1.252186700873311e-09,0.06558725756406322
3.8625000000000003,9909.2652956695,6.218376561452786e-06,0.0001278994097904183,0.0001278994097904183,1.2542478209832678e-09,0.06218376561452786
3.8687500000000004,9914.270934282385,5.875322092331047e-06,0.00012796054879385532,0.00012796054879385532,1.2561952335269283e-09,0.05875322092331047
3.875,9919.31452268161,5.529666787464143e-06,0.00012801399263485087,0.00012801399263485087,1.2580280764408897e-09,0.05529666787464143
3.88125,9924.394474834879,5.181519343374755e-06,0.00012805978286990443,0.00012805978286990443,1.2597455236898974e-09,0.051815193433747554
3.8875,9929.509142593462,4.830992713633495e-06,0.00012809796052712702,0.00012809796052712702,1.2613467866778691e-09,0.04830992713633495
3.8937500000000003,9934.65681588536,4.47820409564764e-06,0.00012812856610582983,0.00012812856610582983,1.2628311156545424e-09,0.04478204095647639
3.9000000000000004,9939.835723092798,4.12327490477207e-06,0.00012815163957587716,0.00012815163957587716,1.2641978011135395e-09,0.0412327490477207
3.90625,9945.044031621972,3.766330735267393e-06,0.00012816722037684245,0.00012816722037684245,1.2654461751774921e-09,0.03766330735267393
3.9125,9950.279848670954,3.407501307678395e-06,0.00012817534741700606,0.00012817534741700606,1.266575612965724e-09,0.03407501307678395
3.91875,9955.541222201102,3.046920402259497e-06,0.0001281760590722343,0.0001281760590722343,1.2675855339398678e-09,0.03046920402259497
3.9250000000000003,9960.826142116382,2.6847257781321867e-06,0.00012816939318477665,0.00012816939318477665,1.268475403222685e-09,0.026847257781321868
3.9312500000000004,9966.132541655326,2.3210590779226884e-06,0.00012815538706201817,0.00012815538706201817,1.269244732885279e-09,0.023210590779226884
3.9375,9971.45829899662,1.9560657176955765e-06,0.00012813407747521943,0.00012813407747521943,1.269893083197824e-09,0.019560657176955765
3.94375,9976.801239081504,1.5898947620709687e-06,0.00012810550065827492,0.00012810550065827492,1.2704200638389021e-09,0.01589894762070969
3.95,9982.15913565277,1.2226987844883333e-06,0.00012806969230651642,0.00012806969230651642,1.2708253350585241e-09,0.012226987844883333
3.9562500000000003,9987.529713509744,8.546337126588772e-07,0.00012802668757558495,0.00012802668757558495,1.2711086087899235e-09,0.008546337126588772
3.9625000000000004,9992.910650977541,4.858586593301479e-07,0.000127976521080391,0.000127976521080391,1.2712696497052565e-09,0.004858586593301479
3.96875,9998.299582588019,1.1653573857059973e-07,0.00012791922689417887,0.00012791922689417887,1.27130827621041e-09,0.0011653573857059972
3.975,10003.694101967181,-2.5317013213242157e-07,0.00012785483854770816,0.00012785483854770816,1.271224361374211e-09,-0.002531701321324216
3.98125,10009.091764924406,-6.230914435807363e-07,0.00012778338902856137,0.00012778338902856137,1.2710178337874663e-09,-0.006230914435807363
3.9875000000000003,10014.49009273626,-9.9305831991148e-07,0.00012770491078058417,0.00012770491078058417,1.2706886783474085e-09,-0.0099305831991148
3.9937500000000004,10019.886575616516,-1.362898756426026e-06,0.0001276194357034622,0.0001276194357034622,1.2702369369633118e-09,-0.01362898756426026
4.0,10025.278676363772,-1.732438869559846e-06,0.0001275269951524354,0.0001275269951524354,1.2696627091792538e-09,-0.01732438869559846
4.0062500000000005,10030.663834175324,-2.1015031582665205e-06,0.00012742761993814956,0.00012742761993814956,1.2689661527102406e-09,-0.021015031582665204
4.0125,10036.039468615792,-2.469914776006452e-06,0.00012732134032664277,0.00012732134032664277,1.268147483888178e-09,-0.02469914776006452
4.01875,10041.40298372782,-2.837495812451072e-06,0.00012720818603946326,0.00012720818603946326,1.267206978014472e-09,-0.02837495812451072
4.025,10046.75177226984,-3.2040675839374344e-06,0.00012708818625391404,0.00012708818625391404,1.2661449696163554e-09,-0.032040675839374345
4.03125,10052.08322006707,-3.5694509316364257e-06,0.00012696136960341976,0.00012696136960341976,1.2649618526043839e-09,-0.035694509316364254
4.0375000000000005,10057.394710458528,-3.933466526331433e-06,0.0001268277641780099,0.0001268277641780099,1.2636580803289123e-09,-0.039334665263314326
4.04375,10062.683628823568,-4.295935178643628e-06,0.00012668739752491278,0.00012668739752491278,1.262234165533745e-09,-0.042959351786436284
4.05,10067.947367170458,-4.656678153485697e-06,0.00012654029664925536,0.00012654029664925536,1.2606906802055577e-09,-0.046566781534856966
4.05625,10073.183328767616,-5.015517487478668e-06,0.0001263864880148628,0.0001263864880148628,1.2590282553181096e-09,-0.05015517487478668
4.0625,10078.388932799488,-5.3722763080267055e-06,0.00012622599754515354,0.00012622599754515354,1.257247580470697e-09,-0.05372276308026706
4.0687500000000005,10083.561619027028,-5.726779152713022e-06,0.0001260588506241252,0.0001260588506241252,1.2553494034207401e-09,-0.05726779152713022
4.075,10088.698852432926,-6.078852287656902e-06,0.00012588507209742707,0.00012588507209742707,1.2533345295108494e-09,-0.060788522876569016
4.08125,10093.798127831673,-6.428324023457368e-06,0.00012570468627351618,0.00012570468627351618,1.2512038209911692e-09,-0.06428324023457367
4.0875,10098.856974424163,-6.775025027343701e-06,0.00012551771692489357,0.00012551771692489357,1.2489581962382583e-09,-0.06775025027343701
4.09375,10103.872960277216,-7.118788630157033e-06,0.0001253241872894187,0.0001253241872894187,1.2465986288722188e-09,-0.07118788630157033
4.1000000000000005,10108.84369670723,-7.459451126800726e-06,0.00012512412007169995,0.00012512412007169995,1.244126146774239e-09,-0.07459451126800726
4.10625,10113.766842549687,-7.7968520688201e-06,0.00012491753744456002,0.00012491753744456002,1.2415418310071587e-09,-0.07796852068820101
4.1125,10118.640108294032,-8.130834547804525e-06,0.00012470446105057495,0.00012470446105057495,1.2388468146421001e-09,-0.08130834547804525
4.11875,10123.461260066792,-8.461245468346545e-06,0.0001244849120036867,0.0001244849120036867,1.2360422814946228e-09,-0.08461245468346545
4.125,10128.228123444303,-8.787935809343473e-06,0.00012425891089088903,0.00012425891089088903,1.2331294647742701e-09,-0.08787935809343472
4.1312500000000005,10132.938587078246,-9.110760872486553e-06,0.00012402647777398754,0.00012402647777398754,1.2301096456517525e-09,-0.09110760872486554
4.1375,10137.59060611903,-9.42958051685062e-06,0.00012378763219143395,0.00012378763219143395,1.2269841517483731e-09,-0.09429580516850619
4.14375,10142.182205420739,-9.744259378573265e-06,0.0001235423931602368,0.0001235423931602368,1.2237543555526405e-09,-0.09744259378573265
4.15,10146.71148251603,-1.0054667074695543e-05,0.00012329077917795045,0.00012329077917795045,1.220421672769317e-09,-0.10054667074695543
4.15625,10151.176610346654,-1.0360678390326598e-05,0.00012303280822474448,0.00012303280822474448,1.2169875606064297e-09,-0.10360678390326597
4.1625000000000005,10155.575839740435,-1.0662173448390266e-05,0.00012276849776555717,0.00012276849776555717,1.2134535160060185e-09,-0.10662173448390266
4.16875,10159.907501624642,-1.0959037861313378e-05,0.00012249786475233729,0.00012249786475233729,1.2098210738246053e-09,-0.10959037861313378
4.175,10164.170008968118,-1.1251162864121098e-05,0.00012222092562637902,0.00012222092562637902,1.2060918049695486e-09,-0.11251162864121098
4.18125,10168.36185844555,-1.1538445428514193e-05,0.00012193769632075634,0.00012193769632075634,1.2022673144975862e-09,-0.11538445428514192
4.1875,10172.48163182025,-1.1820788357615217e-05,0.00012164819226286459,0.00012164819226286459,1.1983492396819733e-09,-0.11820788357615217
4.1937500000000005,10176.52799704162,-1.2098100361184542e-05,0.00012135242837707796,0.00012135242837707796,1.194339248054691e-09,-0.12098100361184543
4.2,10180.499709056094,-1.2370296111222033e-05,0.00012105041908753386,0.00012105041908753386,1.1902390354302234e-09,-0.12370296111222033
4.20625,10184.395610333266,-1.2637296277984706e-05,0.00012074217832105663,0.00012074217832105663,1.1860503239173986e-09,-0.12637296277984705
4.2125,10188.214631107263,-1.289902754656452e-05,0.00012042771951023564,0.00012042771951023564,1.1817748599257325e-09,-0.1289902754656452
4.21875,10191.955789339028,-1.3155422614281874e-05,0.00012010705559667454,0.00012010705559667454,1.1774144121726387e-09,-0.13155422614281875
4.2250000000000005,10195.618190403646,-1.3406420169259217e-05,0.00011978019903443212,0.00011978019903443212,1.172970769697739e-09,-0.13406420169259217
4.23125,10199.201026509701,-1.3651964850644014e-05,0.0001194471617936769,0.0001194471617936769,1.168445739890359e-09,-0.13651964850644013
4.2375,10202.703575859787,-1.389200719105047e-05,0.00011910795536458186,0.00011910795536458186,1.1638411465361009e-09,-0.1389200719105047
4.24375,10206.125201560542,-1.41265035418843e-05,0.00011876259076148826,0.00011876259076148826,1.1591588278881685e-09,-0.141265035418843
4.25,10209.465350294493,-1.4355415982303171e-05,0.00011841107852737197,0.00011841107852737197,1.1544006347688685e-09,-0.1435541598230317
4.2562500000000005,10212.72355076504,-1.4578712212647363e-05,0.000118053428738649,0.000118053428738649,1.1495684287064324e-09,-0.14578712212647363
4.2625,10215.899411927978,-1.4796365433249149e-05,0.00011768965101036171,0.00011768965101036171,1.1446640801120115e-09,-0.14796365433249148
4.26875,10218.992621024141,-1.5008354209595734e-05,0.00011731975450179132,0.00011731975450179132,1.1396894665013607e-09,-0.15008354209595734
4.275,10222.002941427903,-1.5214662324878235e-05,0.00011694374792254708,0.00011694374792254708,1.1346464707653991e-09,-0.15214662324878234
4.28125,10224.930210327371,-1.5415278621008166e-05,0.00011656163953918756,0.00011656163953918756,1.129536979493464e-09,-0.15415278621008166
4.2875000000000005,10227.774336252542,-1.5610196829222773e-05,0.00011617343718243479,0.00011617343718243479,1.124362881352714e-09,-0.15610196829222772
4.29375,10230.535296468852,-1.5799415391431138e-05,0.00011577914825504715,0.00011577914825504715,1.1191260655267463e-09,-0.15799415391431137
4.3,10233.213134251859,-1.598293727347454e-05,0.00011537877974042242,0.00011537877974042242,1.1138284202161122e-09,-0.15982937273474543
4.30625,10235.807956062377,-1.616076977148629e-05,0.00011497233821200892,0.00011497233821200892,1.1084718312030125e-09,-0.1616076977148629
4.3125,10238.319928637115,-1.6332924312539528e-05,0.00011455982984360776,0.00011455982984360776,1.1030581804820735e-09,-0.1633292431253953
4.3187500000000005,10240.749276014074,-1.6499416250765185e-05,0.00011414126042065576,0.00011414126042065576,1.0975893449586974e-09,-0.16499416250765186
4.325,10243.09627650839,-1.666026466010756e-05,0.00011371663535258503,0.00011371663535258503,1.0920671952161077e-09,-0.1666026466010756
4.33125,10245.361259656234,-1.6815492124862014e-05,0.00011328595968636118,0.00011328595968636118,1.0864935943518207e-09,-0.16815492124862014
4.3375,10247.544603142029,-1.6965124529108228e-05,0.00011284923812130885,0.00011284923812130885,1.0808703968839113e-09,-0.16965124529108228
4.34375,10249.646729725791,-1.7109190846114104e-05,0.00011240647502533965,0.00011240647502533965,1.0751994477270822e-09,-0.17109190846114106
4.3500000000000005,10251.668104184731,-1.7247722928740365e-05,0.0001119576744527042,0.0001119576744527042,1.0694825812382046e-09,-0.17247722928740367
4.35625,10253.609230283975,-1.7380755301824465e-05,0.00011150284016339643,0.00011150284016339643,1.0637216203306747e-09,-0.17380755301824466
4.3625,10255.47064778925,-1.7508324957465595e-05,0.00011104197564434507,0.00011104197564434507,1.057918375656624e-09,-0.17508324957465596
4.36875,10257.252929535123,-1.7630471154070987e-05,0.00011057508413253319,0.00011057508413253319,1.0520746448557376e-09,-0.17630471154070987
4.375,10258.956678558678,-1.7747235219957835e-05,0.00011010216864019382,0.00011010216864019382,1.0461922118691697e-09,-0.17747235219957835
4.3812500000000005,10260.582525311389,-1.785866036223609e-05,0.00010962323198223525,0.00010962323198223525,1.040272846316805e-09,-0.1785866036223609
4.3875,10262.131124956812,-1.7964791481625834e-05,0.00010913827680605602,0.00010913827680605602,1.0343183029359019e-09,-0.17964791481625833
4.39375,10263.603154763572,-1.8065674993789264e-05,0.00010864730562391558,0.00010864730562391558,1.0283303210789546e-09,-0.18065674993789263
4.4,10264.9993116008,-1.8161358657682822e-05,0.00010815032084803232,0.00010815032084803232,1.0223106242684507e-09,-0.18161358657682822
4.40625,10266.32030954228,-1.8251891411360168e-05,0.00010764732482858541,0.00010764732482858541,1.0162609198060507e-09,-0.1825189141136017
4.4125000000000005,10267.566877584608,-1.833732321558197e-05,0.00010713831989480353,0.00010713831989480353,1.0101828984336066e-09,-0.18337323215581972
4.41875,10268.739757483012,-1.8417704905515147e-05,0.00010662330839932628,0.00010662330839932628,1.0040782340433336e-09,-0.18417704905515148
4.425,10269.839701708865,-1.849308805073228e-05,0.00010610229276603023,0.00010610229276603023,9.97948583434387e-10,-0.18493088050732281
4.43125,10270.867471529755,-1.8563524823652397e-05,0.00010557527554151447,0.00010557527554151447,9.91795586113045e-10,-0.18563524823652397
4.4375,10271.823835214429,-1.8629067876497494e-05,0.00010504225945044415,0.00010504225945044415,9.856208641336751e-10,-0.18629067876497493
4.4437500000000005,10272.709566361485,-1.8689770226775836e-05,0.00010450324745495326,0.00010450324745495326,9.794260219776572e-10,-0.18689770226775837
4.45,10273.525442352466,-1.8745685151243318e-05,0.00010395824281831061,0.00010395824281831061,9.732126464674547e-10,-0.1874568515124332
4.45625,10274.272242926467,-1.879686608823843e-05,0.00010340724917305386,0.00010340724917305386,9.669823067130569e-10,-0.18796866088238431
4.4625,10274.950748875313,-1.8843366548235343e-05,0.0001028502705937979,0.0001028502705937979,9.60736554088069e-10,-0.18843366548235344
4.46875,10275.56174085512,-1.8885240032412854e-05,0.00010228731167492359,0.00010228731167492359,9.544769222327932e-10,-0.18885240032412853
4.4750000000000005,10276.105998311436,-1.8922539958995447e-05,0.00010171837761335221,0.00010171837761335221,9.48204927081725e-10,-0.18922539958995446
4.48125,10276.584298514188,-1.8955319597085505e-05,0.00010114347429660956,0.00010114347429660956,9.419220669129792e-10,-0.18955319597085504
4.4875,10276.997415696525,-1.898363200767444e-05,0.00010056260839637994,0.00010056260839637994,9.356298224172714e-10,-0.1898363200767444
4.49375,10277.34612029402,-1.900752999149324e-05,9.997578746774796e-05,9.997578746774796e-05,9.293296567841816e-10,-0.1900752999149324
4.5,10277.631178278312,-1.902706604334126e-05,9.938302005431953e-05,9.938302005431953e-05,9.230230158035578e-10,-0.1902706604334126
4.5062500000000005,10277.853350579693,-1.90422923125152e-05,9.878431579940825e-05,9.878431579940825e-05,9.167113279800346e-10,-0.190422923125152
4.5125,10278.01339259298,-1.9053260568947504e-05,9.817968556346542e-05,9.817968556346542e-05,9.103960046587766e-10,-0.19053260568947505
4.51875,10278.112053761031,-1.9060022174655924e-05,9.756914154792243e-05,9.756914154792243e-05,9.040784401606836e-10,-0.19060022174655925
4.525,10278.150077229537,-1.9062628060102127e-05,9.695269742560447e-05,9.695269742560447e-05,8.977600119254327e-10,-0.19062628060102127
4.53125,10278.128199568218,-1.906112870505755e-05,9.633036847786144e-05,9.633036847786144e-05,8.914420806608629e-10,-0.1906112870505755
4.5375000000000005,10278.047150551123,-1.9055574123578946e-05,9.570217173854839e-05,9.570217173854839e-05,8.851259904973384e-10,-0.19055574123578944
4.54375,10277.907652992111,-1.9046013852703063e-05,9.506812614497133e-05,9.506812614497133e-05,8.788130691458606e-10,-0.19046013852703064
4.55,10277.71042262843,-1.9032496944480632e-05,9.44282526958971e-05,9.44282526958971e-05,8.725046280588194e-10,-0.1903249694448063
4.55625,10277.45616804762,-1.9015071960982617e-05,9.378257461670534e-05,9.378257461670534e-05,8.662019625924002e-10,-0.19015071960982616
4.5625,10277.14559065344,-1.89937869719271e-05,9.313111753173861e-05,9.313111753173861e-05,8.599063521697772e-10,-0.189937869719271
4.5687500000000005,10276.779384663982,-1.8968689554592515e-05,9.247390964388242e-05,9.247390964388242e-05,8.536190604443359e-10,-0.18968689554592516
4.575,10276.35823713967,-1.893982679570173e-05,9.181098192137985e-05,9.181098192137985e-05,8.473413354622706e-10,-0.1893982679570173
4.58125,10275.882828034839,-1.8907245294981735e-05,9.114236829185635e-05,9.114236829185635e-05,8.410744098240023e-10,-0.18907245294981734
4.5875,10275.353830270362,-1.887099117012466e-05,9.046810584349825e-05,9.046810584349825e-05,8.348195008439523e-10,-0.18870991170124662
4.59375,10274.771909822663,-1.8831110062897523e-05,8.978823503329426e-05,8.978823503329426e-05,8.285778107082906e-10,-0.18831110062897524
4.6000000000000005,10274.137725826335,-1.8787647146170122e-05,8.910279990221195e-05,8.910279990221195e-05,8.223505266303545e-10,-0.18787647146170122
4.60625,10273.451930686912,-1.8740647131652434e-05,8.841184829714175e-05,8.841184829714175e-05,8.161388210035034e-10,-0.18740647131652433
4.6125,10272.71517020164,-1.8690154278154592e-05,8.771543209939799e-05,8.771543209939799e-05,8.09943851551235e-10,-0.18690154278154592
4.61875,10271.92808368499,-1.863621240020388e-05,8.701360745952183e-05,8.701360745952183e-05,8.037667614744459e-10,-0.1863621240020388
4.625,10271.091304097597,-1.8578864876873746e-05,8.63064350380827e-05,8.63064350380827e-05,7.976086795957649e-10,-0.18578864876873746
4.6312500000000005,10270.205458176213,-1.8518154660699633e-05,8.559398025212451e-05,8.559398025212451e-05,7.914707205009328e-10,-0.18518154660699634
4.6375,10269.271166563776,-1.8454124286575135e-05,8.487631352684976e-05,8.487631352684976e-05,7.853539846772313e-10,-0.18454124286575135
4.64375,10268.289043937371,-1.8386815880539723e-05,8.415351055207907e-05,8.415351055207907e-05,7.792595586490009e-10,-0.18386815880539722
4.65,10267.259699133921,-1.831627116838574e-05,8.342565254296618e-05,8.342565254296618e-05,7.731885151103054e-10,-0.1831627116838574
4.65625,10266.183735272347,-1.82425314840273e-05,8.269282650438807e-05,8.269282650438807e-05,7.671419130548219e-10,-0.182425314840273
4.6625000000000005,10265.06174987154,-1.8165637777587825e-05,8.195512549836796e-05,8.195512549836796e-05,7.611207979030511e-10,-0.18165637777587826
4.66875,10263.89433496376,-1.8085630623175143e-05,8.1212648913826e-05,8.1212648913826e-05,7.551262016269501e-10,-0.18085630623175145
4.675,10262.682077203319,-1.800255022632435e-05,8.046550273788636e-05,8.046550273788636e-05,7.491591428720976e-10,-0.1800255022632435
4.68125,10261.425557970128,-1.7916436431098146e-05,7.971379982790435e-05,7.971379982790435e-05,7.432206270775066e-10,-0.17916436431098146
4.6875,10260.1253534683,-1.782732872684296e-05,7.895766018330964e-05,7.895766018330964e-05,7.373116465931977e-10,-0.17827328726842961
4.6937500000000005,10258.782034819793,-1.7735266254606266e-05,7.819721121629494e-05,7.819721121629494e-05,7.314331807956441e-10,-0.17735266254606266
4.7,10257.396168153275,-1.764028781322627e-05,7.743258802031183e-05,7.743258802031183e-05,7.255861962011997e-10,-0.17640287813226269
4.70625,10255.968314688404,-1.7542431865110217e-05,7.666393363526938e-05,7.666393363526938e-05,7.19771646577611e-10,-0.17542431865110217
4.7125,10254.499030815856,-1.7441736541721075e-05,7.589139930826553e-05,7.589139930826553e-05,7.13990473053711e-10,-0.17441736541721076
4.71875,10252.988868173503,-1.733823964879517e-05,7.511514474861692e-05,7.511514474861692e-05,7.082436042273827e-10,-0.17338239648795167
4.7250000000000005,10251.43837371918,-1.723197867131541e-05,7.433533837589183e-05,7.433533837589183e-05,7.025319562718753e-10,-0.1723197867131541
4.73125,10249.84808979961,-1.7122990778265623e-05,7.355215755959112e-05,7.355215755959112e-05,6.968564330405441e-10,-0.17122990778265623
4.7375,10248.218554217334,-1.701131282719203e-05,7.276578884906719e-05,7.276578884906719e-05,6.912179261700786e-10,-0.17011312827192032
4.74375,10246.550300294637,-1.689698136859785e-05,7.197642819221896e-05,7.197642819221896e-05,6.856173151822732e-10,-0.16896981368597852
4.75,10244.843856935824,-1.6780032650196144e-05,7.118428114145433e-05,7.118428114145433e-05,6.800554675843894e-10,-0.16780032650196144
4.7562500000000005,10243.099748687191,-1.6660502621045085e-05,7.038956304537005e-05,7.038956304537005e-05,6.74533238968147e-10,-0.16660502621045084
4.7625,10241.318495796466,-1.6538426935588346e-05,6.959249922456355e-05,6.959249922456355e-05,6.690514731073753e-10,-0.16538426935588346
4.76875,10239.500614270168,-1.6413840957621743e-05,6.879332512996304e-05,6.879332512996304e-05,6.636110020543511e-10,-0.16413840957621742
4.775,10237.646615931066,-1.628677976420528e-05,6.799228648204029e-05,6.799228648204029e-05,6.582126462348379e-10,-0.16286779764205278
4.78125,10235.757008474675,-1.615727814953788e-05,6.718963938925858e-05,6.718963938925858e-05,6.528572145418431e-10,-0.1615727814953788
4.7875000000000005,10233.832295525226,-1.6025370628810252e-05,6.638565044410302e-05,6.638565044410302e-05,6.475455044280965e-10,-0.1602537062881025
4.79375,10231.872976692091,-1.589109144204889e-05,6.558059679504625e-05,6.558059679504625e-05,6.42278301997255e-10,-0.1589109144204889
4.800000000000001,10229.879547625547,-1.575447455796281e-05,6.477476619281725e-05,6.477476619281725e-05,6.370563820938333e-10,-0.1575447455796281
4.80625,10227.852500073488,-1.561555367780225e-05,6.396845700936702e-05,6.396845700936702e-05,6.318805083918537e-10,-0.15615553677802252
4.8125,10225.792321937677,-1.5474362239237142e-05,6.316197822796094e-05,6.316197822796094e-05,6.267514334822123e-10,-0.15474362239237144
4.8187500000000005,10223.699497330852,-1.533093342026129e-05,6.235564940287662e-05,6.235564940287662e-05,6.2166989895875e-10,-0.15330933420261292
4.825,10221.574506634139,-1.5185300143126833e-05,6.154980058724482e-05,6.154980058724482e-05,6.166366355030197e-10,-0.15185300143126834
4.831250000000001,10219.417826555,-1.5037495078312151e-05,6.074477222764444e-05,6.074477222764444e-05,6.116523629677381e-10,-0.15037495078312152
4.8375,10217.229930185566,-1.4887550648525334e-05,5.994091502414569e-05,5.994091502414569e-05,6.067177904589114e-10,-0.14887550648525333
4.84375,10215.011287061438,-1.473549903274415e-05,5.913858975459362e-05,5.913858975459362e-05,6.018336164166202e-10,-0.14735499032744148
4.8500000000000005,10212.762363221653,-1.4581372170292753e-05,5.833816706203268e-05,5.833816706203268e-05,5.970005286944551e-10,-0.14581372170292753
4.85625,10210.483621268078,-1.4425201764954723e-05,5.754002720429572e-05,5.754002720429572e-05,5.922192046375878e-10,-0.14425201764954723
4.862500000000001,10208.175520426472,-1.4267019289121348e-05,5.67445597649145e-05,5.67445597649145e-05,5.874903111594674e-10,-0.1426701928912135
4.86875,10205.838516607106,-1.4106855987973858e-05,5.5952163324655235e-05,5.5952163324655235e-05,5.828145048171306e-10,-0.1410685598797386
4.875,10203.473062466586,-1.3944742883697905e-05,5.516324509314091e-05,5.516324509314091e-05,5.781924318851155e-10,-0.13944742883697905
4.8812500000000005,10201.079607469543,-1.378071077972861e-05,5.437822050019047e-05,5.437822050019047e-05,5.73624728427967e-10,-0.13780710779728608
4.8875,10198.658597951176,-1.361479026502422e-05,5.3597512746685716e-05,5.3597512746685716e-05,5.691120203713274e-10,-0.1361479026502422
4.893750000000001,10196.210477179839,-1.3447011718366737e-05,5.282155231496509e-05,5.282155231496509e-05,5.646549235715998e-10,-0.13447011718366736
4.9,10193.735685420294,-1.3277405312687714e-05,5.2050776438942727e-05,5.2050776438942727e-05,5.602540438841793e-10,-0.13277405312687715
4.90625,10191.234659997133,-1.3106001019417785e-05,5.1285628534357313e-05,5.1285628534357313e-05,5.559099772302412e-10,-0.13106001019417785
4.9125000000000005,10188.707835358542,-1.2932828612858526e-05,5.0526557589768584e-05,5.0526557589768584e-05,5.516233096620807e-10,-0.12932828612858527
4.91875,10186.155643140464,-1.2757917674575621e-05,4.977401751913889e-05,4.977401751913889e-05,5.473946174269968e-10,-0.12757917674575622
4.925000000000001,10183.578512230857,-1.258129759781247e-05,4.902846647706024e-05,4.902846647706024e-05,5.432244670297128e-10,-0.1258129759781247
4.93125,10180.976868834608,-1.2402997591923605e-05,4.829036613791461e-05,4.829036613791461e-05,5.391134152933271e-10,-0.12402997591923605
4.9375,10178.351136538271,-1.2223046686827632e-05,4.7560180940483474e-05,4.7560180940483474e-05,5.350620094187885e-10,-0.12223046686827632
4.9437500000000005,10175.701736375624,-1.2041473737479569e-05,4.6838377299750885e-05,4.6838377299750885e-05,5.310707870428894e-10,-0.12041473737479569
4.95,10173.029086892744,-1.1858307428362744e-05,4.612542278787188e-05,4.612542278787188e-05,5.27140276294769e-10,-0.11858307428362744
4.956250000000001,10170.33360421437,-1.1673576278000574e-05,4.542178528650158e-05,4.542178528650158e-05,5.232709958509225e-10,-0.11673576278000575
4.9625,10167.615702109726,-1.1487308643488802e-05,4.472793211289961e-05,4.472793211289961e-05,5.194634549887067e-10,-0.11487308643488801
4.96875,10164.875792058972,-1.1299532725048902e-05,4.404432912243699e-05,4.404432912243699e-05,5.157181536383373e-10,-0.11299532725048901
4.9750000000000005,10162.114283320068,-1.1110276570603532e-05,4.337143979033669e-05,4.337143979033669e-05,5.120355824333692e-10,-0.11110276570603532
4.98125,10159.331582995763,-1.091956808037499e-05,4.270972427567367e-05,4.270972427567367e-05,5.08416222759653e-10,-0.1091956808037499
4.987500000000001,10156.528096101063,-1.0727435011507836e-05,4.205963847084194e-05,4.205963847084194e-05,5.048605468027584e-10,-0.10727435011507837
4.99375,10153.704225631374,-1.0533904982716763e-05,4.142163303986594e-05,4.142163303986594e-05,5.013690175938581e-10,-0.10533904982716763
5.0,10150.860372630043,-1.0339005478961108e-05,4.079615244908659e-05,4.079615244908659e-05,4.97942089054062e-10,-0.10339005478961108
5.0062500000000005,10147.996936257654,-1.0142763856147141e-05,4.0183633993890296e-05,4.0189999384230344e-05,4.945802060371923e-10,-0.10142763856147141
5.0125,10145.114313860551,-9.94520734585961e-06,3.958450682526759e-05,3.964064083748552e-05,4.912838043709906e-10,-0.09945207345859611
5.018750000000001,10142.212901040672,-9.746363060123826e-06,3.8999190980087834e-05,3.91390845150516e-05,4.880533108967471e-10,-0.09746363060123826
5.025,10139.293091725349,-9.546257996199704e-06,3.842809641905501e-05,3.867492068795801e-05,4.848891435073396e-10,-0.09546257996199704
5.03125,10136.355278237748,-9.3449190414092e-06,3.7871622076366056e-05,3.8239883016816734e-05,4.817917111836742e-10,-0.09344919041409201
5.0375000000000005,10133.399851367838,-9.142372977998579e-06,3.733015492512693e-05,3.783221438302563e-05,4.787614140295119e-10,-0.09142372977998578
5.04375,10130.427200443846,-8.938646488036969e-06,3.680406906259129e-05,3.744996804813304e-05,4.757986433046743e-10,-0.08938646488036969
5.050000000000001,10127.437713404313,-8.733766158352702e-06,3.6293724819271666e-05,3.708552810994638e-05,4.729037814566109e-10,-0.08733766158352703
5.05625,10124.431776870804,-8.527758485509011e-06,3.579946789593353e-05,3.673715262325482e-05,4.700772021503181e-10,-0.08527758485509011
5.0625,10121.409776220786,-8.320649880820667e-06,3.532162853241696e-05,3.6413159022418916e-05,4.673192702965959e-10,-0.08320649880820667
5.0687500000000005,10118.372095661744,-8.112466675413216e-06,3.486052071214028e-05,3.6098665183280486e-05,4.6463034207862655e-10,-0.08112466675413216
5.075,10115.319118305668,-7.903235125326529e-06,3.441644140602382e-05,3.579880141978165e-05,4.6201076497686245e-10,-0.07903235125326528
5.081250000000001,10112.251226243898,-7.692981416664531e-06,3.3989669859430826e-05,3.551613687937235e-05,4.594608777922067e-10,-0.07692981416664531
5.0875,10109.16880062327,-7.481731670793021e-06,3.3580466925556664e-05,3.52456824363385e-05,4.569810106674711e-10,-0.07481731670793021
5.09375,10106.072221722607,-7.269511949587584e-06,3.318907444850814e-05,3.498405956706936e-05,4.5457148510709457e-10,-0.07269511949587584
5.1000000000000005,10102.961869029872,-7.056348260733861e-06,3.2815714699101946e-05,3.473336020044579e-05,4.522326139951045e-10,-0.0705634826073386
5.10625,10099.83812132063,-6.842266563082415e-06,3.2460589866177114e-05,3.449166226219655e-05,4.499647016113038e-10,-0.06842266563082415
5.112500000000001,10096.701356736707,-6.6272927720607014e-06,3.212388160596143e-05,3.4265229679383495e-05,4.4776804364566346e-10,-0.06627292772060701
5.11875,10093.551952866315,-6.411452765144814e-06,3.180575065175801e-05,3.405098562368557e-05,4.45642927210902e-10,-0.06411452765144814
5.125,10090.390286824475,-6.194772387393795e-06,3.150633648592743e-05,3.3844832125207196e-05,4.4358963085323015e-10,-0.06194772387393795
5.1312500000000005,10087.216735335089,-5.977277457049556e-06,3.122575707583404e-05,3.364680222551227e-05,4.4160842456123957e-10,-0.05977277457049556
5.1375,10084.031674813294,-5.7589937712056086e-06,3.0964108675105736e-05,3.345692929285366e-05,4.3969956977291275e-10,-0.05758993771205609
5.143750000000001,10080.835481449587,-5.539947111548031e-06,3.0721465691225294e-05,3.327524700577292e-05,4.378633193807297e-10,-0.055399471115480305
5.15,10077.628531294424,-5.3201632501723075e-06,3.0497880620131557e-05,3.310178932620559e-05,4.360999177348471e-10,-0.05320163250172307
5.15625,10074.411200344364,-5.099667955479895e-06,3.0293384048162344e-05,3.293750876187653e-05,4.344096006443223e-10,-0.05099667955479895
5.1625000000000005,10071.18386462935,-4.878486998158538e-06,3.010798472132048e-05,3.278217851563924e-05,4.327925953763559e-10,-0.04878486998158538
5.16875,10067.946900301215,-4.656646157250698e-06,2.9941669681492318e-05,3.2634918612435264e-05,4.3124912065352236e-10,-0.04656646157250698
5.175000000000001,10064.70068372364,-4.434171226314509e-06,2.979440446889693e-05,3.249576388270088e-05,4.2977938664895864e-10,-0.04434171226314509
5.18125,10061.445591563252,-4.211088019682065e-06,2.9666133389696854e-05,3.236474933745468e-05,4.2838359497947864e-10,-0.042110880196820646
5.1875,10058.182000882967,-3.9874223788199e-06,2.9556779847359618e-05,3.2241910085186227e-05,4.2706193869657933e-10,-0.039874223788199
5.1937500000000005,10054.910289235655,-3.763200178796896e-06,2.9466246736026777e-05,3.212728124067858e-05,4.258146022753029e-10,-0.03763200178796896
5.2,10051.630834760661,-3.538447334864902e-06,2.9394416893825288e-05,3.202099508084182e-05,4.24641761600918e-10,-0.03538447334864902
5.206250000000001,10048.344016281346,-3.313189809157655e-06,2.9341153613748128e-05,3.192279466517352e-05,4.235435839533804e-10,-0.03313189809157655
5.2125,10045.050213404811,-3.087453617513742e-06,2.930630120943832e-05,3.183300626966124e-05,4.2252022798953214e-10,-0.03087453617513742
5.21875,10041.749806623086,-2.8612648364295473e-06,2.9289685632936307e-05,3.17515667205964e-05,4.215718437229962e-10,-0.028612648364295473
5.2250000000000005,10038.443177416844,-2.634649610148258e-06,2.9291115141195946e-05,3.167850954273793e-05,4.2069857250172137e-10,-0.026346496101482583
5.23125,10035.130708360723,-2.4076341578912114e-06,2.9310381007941416e-05,3.161386757391634e-05,4.1990054698313017e-10,-0.024076341578912114
5.237500000000001,10031.812783231067,-2.180244781237973e-06,2.934725827722809e-05,3.155767282936426e-05,4.191778911068208e-10,-0.021802447812379732
5.24375,10028.489787116048,-1.9525078716616753e-06,2.940150655488582e-05,3.151015042366558e-05,4.185307200647714e-10,-0.019525078716616753
5.25,10025.16210652759,-1.7244499182262778e-06,2.9472870833864602e-05,3.14728849382158e-05,4.179591402689928e-10,-0.017244499182262778
5.2562500000000005,10021.830129516486,-1.496097515452444e-06,2.9561082349371412e-05,3.144439391732374e-05,4.174632493165743e-10,-0.014960975154524441
5.2625,10018.494245789701,-1.267477371358852e-06,2.9665859459583527e-05,3.1424701756929635e-05,4.1704313595206415e-10,-0.01267477371358852
5.268750000000001,10015.154846830135,-1.038616315685794e-06,2.9786908547648877e-05,3.141383108884356e-05,4.1669888002712397e-10,-0.01038616315685794
5.275,10011.812326019688,-8.095413083078763e-07,2.9923924940637788e-05,3.1411802624868506e-05,4.16430552457395e-10,-0.008095413083078764
5.28125,10008.467078764505,-5.802794478427243e-07,3.0076593841093214e-05,3.142027556759789e-05,4.162382151765109e-10,-0.005802794478427242
5.2875000000000005,10005.119502624,-3.508579804624054e-07,3.0244591266838008e-05,3.144632008621044e-05,4.1612192108718977e-10,-0.003508579804624054
5.29375,10001.769997442041,-1.2130430891436721e-07,3.0427584994737153e-05,3.1483211961427736e-05,4.160817140093364e-10,-0.001213043089143672
5.300000000000001,9998.418965482002,1.0835399824158764e-07,3.062523550418023e-05,3.153081614311378e-05,4.1611762862508266e-10,0.0010835399824158764
5.30625,9995.066811564671,3.3808919717383634e-07,3.083719691614291e-05,3.1591236774772867e-05,4.1622969042069246e-10,0.0033808919717383634
5.3125,9991.713943209827,5.678733590907834e-07,3.106311792380557e-05,3.167159667419479e-05,4.164179156252557e-10,0.005678733590907834
5.3187500000000005,9988.360770780626,7.976783603180419e-07,3.130264271085065e-05,3.176408798839654e-05,4.166823111460932e-10,0.007976783603180418
5.325,9985.007707632312,1.027475872135359e-06,3.155541185372624e-05,3.188326614088974e-05,4.170228745007928e-10,0.010274758721353592
5.331250000000001,9981.655170263732,1.2572373503679733e-06,3.18210632043507e-05,3.2022414602648714e-05,4.174395937457957e-10,0.012572373503679733
5.3375,9978.303578473226,1.4869340247276315e-06,3.209923274993919e-05,3.2192257392421944e-05,4.179324474014497e-10,0.014869340247276314
5.34375,9974.953355517478,1.7165368878988763e-06,3.238955544685621e-05,3.240413144255362e-05,4.185014043734451e-10,0.017165368878988764
5.3500000000000005,9971.604928274968,1.946016684366909e-06,3.269166602563707e-05,3.269166602563707e-05,4.191464238705473e-10,0.01946016684366909
5.35625,9968.258727412478,2.17534389898387e-06,3.300519976457186e-05,3.300519976457186e-05,4.1986745531853997e-10,0.021753438989838697
5.362500000000001,9964.91518755583,2.404488745271157e-06,3.332979322950809e-05,3.332979322950809e-05,4.206644382702906e-10,0.02404488745271157
5.36875,9961.574747464534,2.633421153456213e-06,3.366508497779772e-05,3.366508497779772e-05,4.2153730231185105e-10,0.026334211534562127
5.375,9958.23785021031,2.8621107582430823e-06,3.40107162245909e-05,3.40107162245909e-05,4.224859669645045e-10,0.028621107582430822
5.3812500000000005,9954.904943359033,3.0905268863169837e-06,3.4366331469958465e-05,3.4366331469958465e-05,4.235103415826705e-10,0.030905268863169837
5.3875,9951.576479157493,3.3186385435843338e-06,3.4731579085606185e-05,3.4731579085606185e-05,4.246103252475809e-10,0.03318638543584334
5.393750000000001,9948.25291472284,3.5464144021506634e-06,3.510611186022442e-05,3.510611186022442e-05,4.257858066566395e-10,0.03546414402150663
5.4,9944.934712236809,3.7738227870403107e-06,3.54895875027937e-05,3.54895875027937e-05,4.2703666400837975e-10,0.03773822787040311
5.40625,9941.622339142878,4.000831662662986e-06,3.588166910343894e-05,3.588166910343894e-05,4.283627648829367e-10,0.04000831662662986
5.4125000000000005,9938.316268347491,4.227408619033924e-06,3.628202555168948e-05,3.628202555168948e-05,4.297639661179517e-10,0.04227408619033924
5.41875,9935.016978424579,4.453520857755828e-06,3.669033191225826e-05,3.669033191225826e-05,4.3124011367983054e-10,0.04453520857755828
5.425000000000001,9931.72495382341,4.67913517777256e-06,3.7106269758697924e-05,3.7106269758697924e-05,4.3279104253027967e-10,0.0467913517777256
5.43125,9928.440685079657,4.904217960906299e-06,3.752952746552434e-05,3.752952746552434e-05,4.344165764880486e-10,0.04904217960906299
5.4375,9925.164669029347,5.128735157191863e-06,3.795980045961663e-05,3.795980045961663e-05,4.361165280858112e-10,0.05128735157191863
5.4437500000000005,9921.8974090256,5.352652270023866e-06,3.8396791431906335e-05,3.8396791431906335e-05,4.3789069842212407e-10,0.053526522700238666
5.45,9918.639415157835,5.575934341134567e-06,3.8840210510555955e-05,3.8840210510555955e-05,4.3973887700840557e-10,0.05575934341134567
5.456250000000001,9915.391204473133,5.7985459354225076e-06,3.928977539699726e-05,3.928977539699726e-05,4.4166084161088634e-10,0.057985459354225076
5.4625,9912.15330119948,6.0204511256544175e-06,3.9745211466352675e-05,3.9745211466352675e-05,4.4365635808748906e-10,0.06020451125654418
5.46875,9908.926236970407,6.241613477065332e-06,4.020625183389743e-05,4.020625183389743e-05,4.4572518021960384e-10,0.06241613477065332
5.4750000000000005,9905.710551050825,6.461996031884429e-06,4.067263738933611e-05,4.067263738933611e-05,4.478670495387348e-10,0.06461996031884429
5.48125,9902.506790563488,6.681561293816892e-06,4.114411680076444e-05,4.114411680076444e-05,4.500816951480027e-10,0.06681561293816891
5.487500000000001,9899.31551071557,6.900271212514701e-06,4.162044649026589e-05,4.162044649026589e-05,4.523688335385006e-10,0.06900271212514701
5.49375,9896.137275024825,7.118087168072333e-06,4.210139058315269e-05,4.210139058315269e-05,4.547281684005104e-10,0.07118087168072333
5.5,9892.972655544972,7.334969955586186e-06,4.2586720832903196e-05,4.2586720832903196e-05,4.571593904296016e-10,0.07334969955586186
5.5062500000000005,9889.822233089335,7.5508797698196846e-06,4.307621652387224e-05,4.307621652387224e-05,4.5966217712764715e-10,0.07550879769819685
5.5125,9886.686597452617,7.765776190019094e-06,4.356966435385878e-05,4.356966435385878e-05,4.622361925988063e-10,0.07765776190019094
5.518750000000001,9883.566347629328,7.979618164928297e-06,4.40668582986071e-05,4.40668582986071e-05,4.6488108734054076e-10,0.07979618164928297
5.525,9880.462092028958,8.192363998054036e-06,4.456759946029472e-05,4.456759946029472e-05,4.675964980297466e-10,0.08192363998054036
5.53125,9877.374448686274,8.403971333236406e-06,4.5071695902022527e-05,4.5071695902022527e-05,4.703820473041038e-10,0.08403971333236405
5.5375000000000005,9874.30404546696,8.614397140582758e-06,4.5578962470272565e-05,4.5578962470272565e-05,4.732373435387633e-10,0.08614397140582758
5.54375,9871.251520266309,8.823597702826484e-06,4.608922060723674e-05,4.608922060723674e-05,4.761619806185121e-10,0.08823597702826484
5.550000000000001,9868.21752120123,9.031528602175546e-06,4.66022981548468e-05,4.66022981548468e-05,4.791555377055802e-10,0.09031528602175545
5.55625,9865.202706794073,9.238144707718963e-06,4.711802915225429e-05,4.711802915225429e-05,4.822175790032727e-10,0.09238144707718962
5.5625,9862.20774614717,9.443400163462832e-06,4.763625362841879e-05,4.763625362841879e-05,4.853476535156365e-10,0.09443400163462833
5.5687500000000005,9859.233319107027,9.647248377070726e-06,4.815681739136587e-05,4.815681739136587e-05,4.885452948033947e-10,0.09647248377070726
5.575,9856.280116417374,9.849642009386532e-06,4.8679571815574396e-05,4.8679571815574396e-05,4.91810020736409e-10,0.09849642009386532
5.581250000000001,9853.348839859229,1.0050532964821072e-05,4.9204373628845783e-05,4.9204373628845783e-05,4.951413332429546e-10,0.10050532964821071
5.5875,9850.440202377624,1.0249872382686753e-05,4.9731084699898586e-05,4.9731084699898586e-05,4.985387180561239e-10,0.10249872382686753
5.59375,9847.554928192541,1.044761062956756e-05,5.02595718278207e-05,5.02595718278207e-05,5.020016444577007e-10,0.10447610629567561
5.6000000000000005,9844.693752894307,1.0643697292814482e-05,5.0789706534399337e-05,5.0789706534399337e-05,5.055295650198785e-10,0.10643697292814482
5.60625,9841.857423520205,1.0838081175259054e-05,5.132136486023784e-05,5.132136486023784e-05,5.091219153452267e-10,0.10838081175259054
5.612500000000001,9839.046698612963,1.1030710291240237e-05,5.185442716545768e-05,5.185442716545768e-05,5.127781138053393e-10,0.11030710291240238
5.61875,9836.262348257675,1.1221531864041971e-05,5.238877793567725e-05,5.238877793567725e-05,5.164975612786353e-10,0.11221531864041971
5.625,9833.505154097478,1.1410492324840867e-05,5.2924305593853706e-05,5.2924305593853706e-05,5.202796408878097e-10,0.11410492324840868
5.6312500000000005,9830.77590932541,1.1597537313265096e-05,5.3460902318473696e-05,5.3460902318473696e-05,5.241237177374693e-10,0.11597537313265097
5.6375,9828.075418650904,1.1782611679666967e-05,5.399846386848294e-05,5.399846386848294e-05,5.280291386525226e-10,0.11782611679666967
5.643750000000001,9825.404498240463,1.1965659489212938e-05,5.453688941525337e-05,5.453688941525337e-05,5.319952319179249e-10,0.11965659489212938
5.65,9822.763975629887,1.2146624027895294e-05,5.507608138180127e-05,5.507608138180127e-05,5.360213070204163e-10,0.12146624027895295
5.65625,9820.154689606738,1.2325447810570235e-05,5.561594528939029e-05,5.561594528939029e-05,5.401066543929234e-10,0.12325447810570235
5.6625000000000005,9817.577490062295,1.2502072591127098e-05,5.615638961158006e-05,5.615638961158006e-05,5.442505451623323e-10,0.12502072591127097
5.66875,9815.033237810327,1.267643937489274e-05,5.669732563571426e-05,5.669732563571426e-05,5.48452230901373e-10,0.1267643937489274
5.675000000000001,9812.522804372024,1.2848488433374353e-05,5.723866733178175e-05,5.723866733178175e-05,5.527109433853899e-10,0.12848488433374353
5.68125,9810.047071725348,1.3018159321442359e-05,5.7780331228530436e-05,5.7780331228530436e-05,5.57025894354808e-10,0.1301815932144236
5.6875,9807.606932017257,1.3185390897053111e-05,5.832223629666673e-05,5.832223629666673e-05,5.61396275284137e-10,0.13185390897053112
5.6937500000000005,9805.20328723713,1.33501213436085e-05,5.886430383893221e-05,5.886430383893221e-05,5.658212571583848e-10,0.133501213436085
5.7,9802.83704885126,1.3512288195046607e-05,5.9406457386814675e-05,5.9406457386814675e-05,5.702999902577901e-10,0.13512288195046607
5.706250000000001,9800.50913739502,1.3671828363753542e-05,5.994862260362243e-05,5.994862260362243e-05,5.748316039518035e-10,0.1367182836375354
5.7125,9798.220482023487,1.3828678171382562e-05,6.0490727193627274e-05,6.0490727193627274e-05,5.794152065032868e-10,0.1382867817138256
5.71875,9795.972020018009,1.3982773382661353e-05,6.103270081696479e-05,6.103270081696479e-05,5.840498848839155e-10,0.13982773382661354
5.7250000000000005,9793.764696248249,1.4134049242262829e-05,6.157447500996779e-05,6.157447500996779e-05,5.887347046018039e-10,0.14134049242262828
5.73125,9791.599462588507,1.4282440514808472e-05,6.21159831106011e-05,6.21159831106011e-05,5.934687095423889e-10,0.14282440514808473
5.737500000000001,9789.477277287398,1.4427881528066254e-05,6.265716018866276e-05,6.265716018866276e-05,5.982509218236319e-10,0.14427881528066255
5.74375,9787.399104290049,1.4570306219397476e-05,6.319794298041681e-05,6.319794298041681e-05,6.030803416666165e-10,0.14570306219397475
5.75,9785.365912512403,1.470964818549847e-05,6.373826982732707e-05,6.373826982732707e-05,6.079559472826327e-10,0.1470964818549847
5.7562500000000005,9783.378675066702,1.484584073547425e-05,6.427808061856809e-05,6.427808061856809e-05,6.128766947778527e-10,0.1484584073547425
5.7625,9781.43836843825,1.4978816947271138e-05,6.48173167369994e-05,6.48173167369994e-05,6.178415180767124e-10,0.14978816947271137
5.768750000000001,9779.54597161246,1.5108509727485237e-05,6.535592100830059e-05,6.535592100830059e-05,6.22849328865116e-10,0.15108509727485236
5.775,9777.70246515293,1.5234851874552444e-05,6.589383765297879e-05,6.589383765297879e-05,6.278990165545857e-10,0.15234851874552444
5.78125,9775.90883023032,1.5357776145314013e-05,6.64310122409751e-05,6.64310122409751e-05,6.329894482684747e-10,0.15357776145314012
5.7875000000000005,9774.166047601802,1.547721532493923e-05,6.696739164861293e-05,6.696739164861293e-05,6.38119468851357e-10,0.15477215324939228
5.79375,9772.4750965425,1.559310230017406e-05,6.750292401764803e-05,6.750292401764803e-05,6.432879009026955e-10,0.1559310230017406
5.800000000000001,9770.836953728673,1.5705370135870866e-05,6.803755871619745e-05,6.803755871619745e-05,6.484935448358763e-10,0.15705370135870866
5.80625,9769.252592074045,1.5813952154740495e-05,6.857124630134285e-05,6.857124630134285e-05,6.537351789636778e-10,0.15813952154740496
5.8125,9767.72297952034,1.5918782020253593e-05,6.910393848322049e-05,6.910393848322049e-05,6.590115596112178e-10,0.15918782020253594
5.8187500000000005,9766.249077782551,1.6019793822602795e-05,6.96355880904282e-05,6.96355880904282e-05,6.643214212573925e-10,0.16019793822602796
5.825,9764.831841051917,1.6116922167622713e-05,7.016614903659606e-05,7.016614903659606e-05,6.696634767057903e-10,0.16116922167622713
5.831250000000001,9763.472214656951,1.6210102268548572e-05,7.069557628798416e-05,7.069557628798416e-05,6.750364172860175e-10,0.1621010226854857
5.8375,9762.17113368474,1.629927004047892e-05,7.122382583198589e-05,7.122382583198589e-05,6.804389130863363e-10,0.16299270040478922
5.84375,9760.92952156587,1.638436219739175e-05,7.175085464643008e-05,7.175085464643008e-05,6.858696132184577e-10,0.1638436219739175
5.8500000000000005,9759.748288623634,1.646531635154729e-05,7.227662066958877e-05,7.227662066958877e-05,6.91327146115283e-10,0.1646531635154729
5.85625,9758.628330591546,1.654207111509488e-05,7.280108277081005e-05,7.280108277081005e-05,6.968101198623238e-10,0.1654207111509488
5.862500000000001,9757.570527101607,1.661456620368519e-05,7.332420072170687e-05,7.332420072170687e-05,7.023171225634637e-10,0.1661456620368519
5.86875,9756.575740146067,1.6682742541873397e-05,7.384593516784325e-05,7.384593516784325e-05,7.078467227416581e-10,0.16682742541873397
5.875,9755.644812516968,1.674654237008339e-05,7.436624760086857e-05,7.436624760086857e-05,7.133974697750865e-10,0.1674654237008339
5.8812500000000005,9754.77856622605,1.6805909352887955e-05,7.488510033105886e-05,7.488510033105886e-05,7.18967894369196e-10,0.16805909352887954
5.8875,9753.97780090939,1.686078868834514e-05,7.540245646023155e-05,7.540245646023155e-05,7.245565090649845e-10,0.1686078868834514
5.893750000000001,9753.243292220433,1.6911127218116925e-05,7.591827985500584e-05,7.591827985500584e-05,7.301618087837839e-10,0.16911127218116925
5.9,9752.575790216482,1.6956873538082955e-05,7.643253512038704e-05,7.643253512038704e-05,7.357822714087064e-10,0.16956873538082956
5.90625,9751.976017741223,1.6997978109149118e-05,7.694518757365638e-05,7.694518757365638e-05,7.414163584028188e-10,0.16997978109149117
5.9125000000000005,9751.444668810054,1.703439336793926e-05,7.745620321855285e-05,7.745620321855285e-05,7.470625154640074e-10,0.1703439336793926
5.91875,9750.982407001178,1.7066073837047196e-05,7.796554871973525e-05,7.796554871973525e-05,7.527191732163854e-10,0.17066073837047196
5.925000000000001,9750.589863858117,1.7092976234516465e-05,7.847319137751573e-05,7.847319137751573e-05,7.583847479379887e-10,0.17092976234516466
5.93125,9750.267637308574,1.7115059582206676e-05,7.897909910285699e-05,7.897909910285699e-05,7.640576423243904e-10,0.17115059582206676
5.9375,9750.01629010441,1.713228531269769e-05,7.948324039262692e-05,7.948324039262692e-05,7.697362462877488e-10,0.1713228531269769
5.9437500000000005,9749.836348288532,1.7144617374377153e-05,7.998558430510465e-05,7.998558430510465e-05,7.754189377906882e-10,0.17144617374377152
5.95,9749.728299693059,1.7152022334351844e-05,8.04861004357326e-05,8.04861004357326e-05,7.811040837142897e-10,0.17152022334351844
5.956250000000001,9749.692592474636,1.7154469478820483e-05,8.098475889310838e-05,8.098475889310838e-05,7.867900407593514e-10,0.17154469478820483
5.9625,9749.72963369268,1.7151930910543867e-05,8.148153027521098e-05,8.148153027521098e-05,7.924751563799555e-10,0.17151930910543867
5.96875,9749.839787934265,1.7144381643048358e-05,8.1976385645854e-05,8.1976385645854e-05,7.9815776974826e-10,0.1714438164304836
5.9750000000000005,9750.02337599295,1.7131799691200367e-05,8.24692965113588e-05,8.24692965113588e-05,8.038362127493119e-10,0.17131799691200367
5.98125,9750.280673604993,1.7114166157793036e-05,8.296023479743921e-05,8.296023479743921e-05,8.095088110045598e-10,0.17114166157793037
5.987500000000001,9750.61191024954,1.7091465315791496e-05,8.344917282628862e-05,8.344917282628862e-05,8.151738849226273e-10,0.17091465315791496
5.99375,9751.017268017044,1.7063684685890154e-05,8.393608329385905e-05,8.393608329385905e-05,8.208297507757938e-10,0.17063684685890154
6.0,9751.496880550474,1.7030815109044132e-05,8.442093924732168e-05,8.442093924732168e-05,8.264747218005154e-10,0.1703081510904413
6.0062500000000005,9752.050832065644,1.699285081364788e-05,8.490371406269596e-05,8.490371406269596e-05,8.321071093202131e-10,0.1699285081364788
6.0125,9752.679156453209,1.694978947704616e-05,8.538438142263516e-05,8.538438142263516e-05,8.377252238884493e-10,0.1694978947704616
6.018750000000001,9753.381836468523,1.6901632281077054e-05,8.586291529435387e-05,8.586291529435387e-05,8.433273764505138e-10,0.16901632281077053
6.025,9754.158803012417,1.6848383961362462e-05,8.633928990768336e-05,8.633928990768336e-05,8.489118795213485e-10,0.16848383961362462
6.03125,9755.009934506797,1.6790052850079443e-05,8.681347973323917e-05,8.681347973323917e-05,8.544770483776478e-10,0.16790052850079443
6.0375000000000005,9755.935056369735,1.6726650911964863e-05,8.728545946068521e-05,8.728545946068521e-05,8.600212022618933e-10,0.16726650911964863
6.04375,9756.93394059175,1.6658193773327095e-05,8.775520397707768e-05,8.775520397707768e-05,8.655426655960054e-10,0.16658193773327096
6.050000000000001,9758.006305417695,1.658470074386068e-05,8.822268834527189e-05,8.822268834527189e-05,8.710397692022242e-10,0.16584700743860678
6.05625,9759.151815136129,1.6506194831083898e-05,8.868788778237469e-05,8.868788778237469e-05,8.76510851528777e-10,0.16506194831083898
6.0625,9760.370079978458,1.6422702747244473e-05,8.915077763822446e-05,8.915077763822446e-05,8.819542598778336e-10,0.16422702747244475
6.0687500000000005,9761.660656129961,1.6334254908564783e-05,8.9611333373881e-05,8.9611333373881e-05,8.873683516332129e-10,0.16334254908564783
6.075,9763.02304585411,1.6240885426725808e-05,9.006953054010677e-05,9.006953054010677e-05,8.927514954852652e-10,0.1624088542672581
6.081250000000001,9764.45669773109,1.6142632092517154e-05,9.052534475582117e-05,9.052534475582117e-05,8.981020726503364e-10,0.16142632092517153
6.0875,9765.961007011229,1.603953635161e-05,9.097875168650932e-05,9.097875168650932e-05,9.034184780822012e-10,0.1603953635161
6.09375,9767.535316083886,1.5931643272439548e-05,9.14297270225666e-05,9.14297270225666e-05,9.086991216728514e-10,0.15931643272439547
6.1000000000000005,9769.178915060684,1.5819001506214098e-05,9.18782464575603e-05,9.18782464575603e-05,9.139424294400283e-10,0.15819001506214098
6.10625,9770.891042473424,1.5701663239098537e-05,9.232428566638966e-05,9.232428566638966e-05,9.191468446989068e-10,0.15701663239098537
6.112500000000001,9772.670886084674,1.5579684136650953e-05,9.276782028332545e-05,9.276782028332545e-05,9.243108292153617e-10,0.15579684136650954
6.11875,9774.517583810059,1.5453123280622062e-05,9.320882587991034e-05,9.320882587991034e-05,9.294328643382864e-10,0.1545312328062206
6.125,9776.430224749836,1.5322043098257883e-05,9.36472779427015e-05,9.36472779427015e-05,9.34511452108479e-10,0.15322043098257881
6.1312500000000005,9778.407850327334,1.5186509284276242e-05,9.408315185083655e-05,9.408315185083655e-05,9.395451163416654e-10,0.15186509284276242
6.1375,9780.44945553136,1.5046590715718004e-05,9.45164228534043e-05,9.45164228534043e-05,9.44532403683301e-10,0.15046590715718003
6.143750000000001,9782.553990259374,1.490235935990257e-05,9.494706604660167e-05,9.494706604660167e-05,9.494718846328632e-10,0.1490235935990257
6.15,9784.72036075713,1.475389017574579e-05,9.537505635065845e-05,9.537505635065845e-05,9.543621545354343e-10,0.1475389017574579
6.15625,9786.94743115162,1.4601261008725566e-05,9.580036848651127e-05,9.580036848651127e-05,9.592018345384708e-10,0.14601261008725566
6.1625000000000005,9789.23402507161,1.4444552479806388e-05,9.62229769522087e-05,9.62229769522087e-05,9.639895725117565e-10,0.14444552479806388
6.16875,9791.578927351664,1.4283847868658739e-05,9.66428559990295e-05,9.66428559990295e-05,9.687240439286467e-10,0.1428384786865874
6.175000000000001,9793.980885814117,1.4119232991532382e-05,9.705997960729567e-05,9.705997960729567e-05,9.734039527068336e-10,0.14119232991532382
6.18125,9796.438613123633,1.3950796074164105e-05,9.747432146186306e-05,9.747432146186306e-05,9.780280320069861e-10,0.13950796074164104
6.1875,9798.950788708127,1.3778627620120067e-05,9.788585492727191e-05,9.788585492727191e-05,9.825950449877507e-10,0.13778627620120068
6.1937500000000005,9801.516060740456,1.3602820274990657e-05,9.829455302254007e-05,9.829455302254007e-05,9.871037855157387e-10,0.13602820274990657
6.2,9804.133048174139,1.3423468686871675e-05,9.870038839558245e-05,9.870038839558245e-05,9.915530788292694e-10,0.13423468686871676
6.206250000000001,9806.800342826875,1.3240669363578995e-05,9.910333329724026e-05,9.910333329724026e-05,9.95941782154786e-10,0.13240669363578994
6.2125,9809.516511504726,1.3054520527055602e-05,9.95033595549042e-05,9.95033595549042e-05,1.0002687852750142e-09,0.13054520527055602
6.21875,9812.280098161003,1.2865121965438855e-05,9.990043854571644e-05,9.990043854571644e-05,1.0045330110480862e-09,0.12865121965438855
6.2250000000000005,9815.089626081797,1.2672574883262757e-05,0.00010029454116933723,0.00010029454116933723,1.0087334158770157e-09,0.12672574883262758
6.23125,9817.9436000918,1.2476981750274458e-05,0.00010068563782026194,0.00010068563782026194,1.0128689901290593e-09,0.12476981750274459
6.237500000000001,9820.840508773832,1.2278446149346478e-05,0.00010107369835967624,0.00010107369835967624,1.0169387585046703e-09,0.12278446149346478
6.24375,9823.77882669418,1.2077072623965672e-05,0.00010145869208683733,0.00010145869208683733,1.0209417803558993e-09,0.12077072623965672
6.25,9826.757016626532,1.1872966525777459e-05,0.00010184058770997102,0.00010184058770997102,1.024877149954264e-09,0.11872966525777459
6.2562500000000005,9829.77353176973,1.1666233862658852e-05,0.00010221935331667498,0.00010221935331667498,1.0287439967082612e-09,0.11666233862658852
6.2625,9832.826817949304,1.1456981147786477e-05,0.00010259495634382075,0.00010259495634382075,1.0325414853308515e-09,0.11456981147786477
6.268750000000001,9835.915315798953,1.1245315250156299e-05,0.00010296736354694798,0.00010296736354694798,1.036268815957398e-09,0.11245315250156299
6.275,9839.037462914013,1.103134324700005e-05,0.00010333654096914673,0.00010333654096914673,1.0399252242146872e-09,0.1103134324700005
6.28125,9842.191695970663,1.0815172278529525e-05,0.00010370245390942512,0.00010370245390942512,1.043509981241804e-09,0.10815172278529525
6.2875000000000005,9845.376452805865,1.0596909405424241e-05,0.00010406506689056224,0.00010406506689056224,1.0470223936637704e-09,0.10596909405424242
6.29375,9848.59017445035,1.0376661469460066e-05,0.00010442434362644818,0.00010442434362644818,1.0504618035189887e-09,0.10376661469460066
6.300000000000001,9851.831307111519,1.015453495765733e-05,0.00010478024698891573,0.00010478024698891573,1.0538275881416553e-09,0.1015453495765733
6.30625,9855.098304098578,9.930635870305591e-06,0.00010513273897407128,0.00010513273897407128,1.0571191600004307e-09,0.09930635870305592
6.3125,9858.389627687302,9.705069593199946e-06,0.00010548178066813473,0.00010548178066813473,1.0603359664947615e-09,0.09705069593199946
6.3187500000000005,9861.70375091789,9.477940774399793e-06,0.00010582733221280245,0.00010582733221280245,1.0634774897103533e-09,0.09477940774399793
6.325,9865.039159323283,9.249353205796144e-06,0.00010616935277015004,0.00010616935277015004,1.0665432461353883e-09,0.09249353205796144
6.331250000000001,9868.39435258324,9.019409709747389e-06,0.00010650780048709499,0.00010650780048709499,1.0695327863391674e-09,0.09019409709747389
6.3375,9871.7678461011,8.788212031016837e-06,0.00010684263245944482,0.00010684263245944482,1.072445694614935e-09,0.08788212031016837
6.34375,9875.158172500212,8.555860734217767e-06,0.00010717380469555838,0.00010717380469555838,1.0752815885887098e-09,0.08555860734217767
6.3500000000000005,9878.563883037463,8.322455106943873e-06,0.00010750127207965426,0.00010750127207965426,1.0780401187960101e-09,0.08322455106943873
6.35625,9881.983548931481,8.08809306873474e-06,0.00010782498833480372,0.00010782498833480372,1.0807209682284024e-09,0.0808809306873474
6.362500000000001,9885.41576260412,7.852871085997696e-06,0.00010814490598565119,0.00010814490598565119,1.0833238518518522e-09,0.07852871085997697
6.36875,9888.859138833617,7.6168840929791e-06,0.00010846097632091049,0.00010846097632091049,1.085848516098879e-09,0.076168840929791
6.375,9892.312315818286,7.380225418850044e-06,0.00010877314935569027,0.00010877314935569027,1.0882947383365452e-09,0.07380225418850044
6.3812500000000005,9895.773956151235,7.1429867209438795e-06,0.00010908137379370818,0.00010908137379370818,1.090662326312313e-09,0.0714298672094388
6.3875,9899.242747703902,6.905257924155714e-06,0.00010938559698945887,0.00010938559698945887,1.092951117579819e-09,0.06905257924155714
6.393750000000001,9902.717404421066,6.667127166487811e-06,0.00010968576491040814,0.00010968576491040814,1.0951609789065956e-09,0.06667127166487812
6.4,9906.196667026288,6.4286807506990984e-06,0.0001099818220992907,0.0001099818220992907,1.0972918056657688e-09,0.06428680750699098
6.40625,9909.67930363922,6.1900031019925085e-06,0.00011027371163659745,0.00011027371163659745,1.0993435212137304e-09,0.061900031019925084
6.4125000000000005,9913.164110306203,5.951176731650336e-06,0.00011056137510334354,0.00011056137510334354,1.1013160762557568e-09,0.05951176731650336
6.41875,9916.649911446015,5.712282206505606e-06,0.00011084475254421725,0.00011084475254421725,1.103209448201509e-09,0.05712282206505606
6.425000000000001,9920.135560211505,5.473398124116374e-06,0.00011112378243121595,0.00011112378243121595,1.1050236405123042e-09,0.05473398124116374
6.43125,9923.619938771568,5.234601093490562e-06,0.00011139840162788392,0.00011139840162788392,1.1067586820419982e-09,0.05234601093490562
6.4375,9927.10195851329,4.995965721190628e-06,0.00011166854535427411,0.00011166854535427411,1.108414626373262e-09,0.04995965721190628
6.4437500000000005,9930.580560169401,4.75756460263113e-06,0.000111934147152764,0.000111934147152764,1.1099915511509746e-09,0.0475756460263113
6.45,9934.054713871952,4.519468318367138e-06,0.00011219513885486412,0.00011219513885486412,1.1114895574143847e-09,0.04519468318367138
6.456250000000001,9937.523419137297,4.281745435158383e-06,0.00011245145054916548,0.00011245145054916548,1.1129087689296262e-09,0.04281745435158383
6.4625,9940.98570478382,4.044462511582331e-06,0.00011270301055058097,0.00011270301055058097,1.1142493315240923e-09,0.04044462511582331
6.46875,9944.440628787304,3.8076841079595334e-06,0.00011294974537104328,0.00011294974537104328,1.1155114124241023e-09,0.03807684107959533
6.4750000000000005,9947.887278076574,3.571472800346395e-06,0.00011319157969183145,0.00011319157969183145,1.116695199597203e-09,0.03571472800346395
6.48125,9951.324768273827,3.3358891983439425e-06,0.00011342843633770482,0.00011342843633770482,1.1178009011003761e-09,0.03335889198343942
6.487500000000001,9954.752243382845,3.100991966466303e-06,0.0001136602362530329,0.0001136602362530329,1.118828744435326e-09,0.03100991966466303
6.49375,9958.168875428755,2.866837848809278e-06,0.00011388689848011644,0.00011388689848011644,1.1197789759119457e-09,0.02866837848809278
6.5,9961.573864054162,2.6334816967577976e-06,0.00011410834013990386,0.00011410834013990386,1.1206518600209652e-09,0.026334816967577977
6.5062500000000005,9964.966436073983,2.4009764994706775e-06,0.00011432447641531399,0.00011432447641531399,1.1214476788167052e-09,0.024009764994706775
6.5125,9968.345844994183,2.169373416882523e-06,0.0001145352205373841,0.0001145352205373841,1.1221667313107694e-09,0.021693734168825227
6.518750000000001,9971.711370496954,1.938721814965112e-06,0.00011474048377446922,0.00011474048377446922,1.1228093328774237e-09,0.019387218149651123
6.525,9975.062317897233,1.7090693029946376e-06,0.0001149401754247246,0.0001149401754247246,1.1233758146713293e-09,0.017090693029946376
6.53125,9978.398017573078,1.4804617725762385e-06,0.00011513420281211073,0.00011513420281211073,1.1238665230582087e-09,0.014804617725762385
6.5375000000000005,9981.717824374267,1.2529434381835683e-06,0.00011532247128616507,0.00011532247128616507,1.1242818190589505e-09,0.012529434381835682
6.54375,9985.021117011986,1.0265568789784136e-06,0.00011550488422578955,0.00011550488422578955,1.1246220778075753e-09,0.010265568789784137
6.550000000000001,9988.307297433334,8.013430816836366e-07,0.00011568134304730895,0.00011568134304730895,1.1248876880234106e-09,0.008013430816836366
6.55625,9991.575790183551,5.773414842916913e-07,0.00011585174721705716,0.00011585174721705716,1.1250790514977558e-09,0.0057734148429169135
6.5625,9994.826041758983,3.5459002040080886e-07,0.00011601599426875273,0.00011601599426875273,1.1251965825952402e-09,0.0035459002040080885
6.5687500000000005,9998.057519954007,1.3312516398130382e-07,0.00011617397982592678,0.00011617397982592678,1.1252407077700203e-09,0.0013312516398130381
6.575,10001.269713204281,-8.701802561461631e-08,0.00011632559762966746,0.00011632559762966746,1.1252118650968964e-09,-0.0008701802561461631
6.581250000000001,10004.462129928925,-3.058058585748552e-07,0.00011647073957194638,0.00011647073957194638,1.125110503817369e-09,-0.003058058585748552
6.5875,10007.634297874149,-5.232059696448787e-07,0.00011660929573479042,0.00011660929573479042,1.1249370839006066e-09,-0.0052320596964487865
6.59375,10010.78576346052,-7.391872733924051e-07,0.0001167411544355616,0.0001167411544355616,1.1246920756192398e-09,-0.007391872733924051
6.6000000000000005,10013.916091135954,-9.53719919859111e-07,0.00011686620227860403,0.00011686620227860403,1.1243759591398562e-09,-0.00953719919859111
6.60625,10017.024862735945,-1.166775250727129e-06,0.00011698432421351326,0.00011698432421351326,1.1239892241280235e-09,-0.011667752507271291
6.612500000000001,10020.11167685341,-1.3783257561160957e-06,0.00011709540360027695,0.00011709540360027695,1.1235323693676328e-09,-0.013783257561160956
6.61875,10023.176148218761,-1.5883450321146999e-06,0.00011719932228152997,0.00011719932228152997,1.1230059023943177e-09,-0.015883450321146998
6.625,10026.217907092518,-1.7968077391389703e-06,0.00011729596066215782,0.00011729596066215782,1.1224103391426768e-09,-0.017968077391389704
6.6312500000000005,10029.236598670714,-2.00368956119823e-06,0.00011738519779647255,0.00011738519779647255,1.1217462036069976e-09,-0.0200368956119823
6.6375,10032.231882504962,-2.208967166138529e-06,0.00011746691148317453,0.00011746691148317453,1.1210140275151563e-09,-0.02208967166138529
6.643750000000001,10035.20343193758,-2.412618166922735e-06,0.00011754097836829974,0.00011754097836829974,1.1202143500153539e-09,-0.024126181669227347
6.65,10038.150933552144,-2.6146210839963063e-06,0.0001176072740563383,0.0001176072740563383,1.1193477173753256e-09,-0.026146210839963064
6.65625,10041.074086640927,-2.814955308777883e-06,0.00011766567322969335,0.00011766567322969335,1.1184146826936502e-09,-0.02814955308777883
6.6625000000000005,10043.97260268914,-3.013601068304757e-06,0.00011771604977663145,0.00011771604977663145,1.1174158056227802e-09,-0.030136010683047568
6.66875,10046.846204876065,-3.2105393910545056e-06,0.00011775827692785668,0.00011775827692785668,1.1163516521033984e-09,-0.03210539391054506
6.675000000000001,10049.694627593744,-3.4057520739560344e-06,0.00011779222740181825,0.00011779222740181825,1.1152227941097104e-09,-0.034057520739560344
6.68125,10052.517615983115,-3.599221650595694e-06,0.00011781777355883931,0.00011781777355883931,1.1140298094052746e-09,-0.03599221650595694
6.6875,10055.314925487315,-3.7909313606172573e-06,0.00011783478756412958,0.00011783478756412958,1.1127732813089753e-09,-0.03790931360617257
6.6937500000000005,10058.086321422858,-3.980865120308183e-06,0.0001178431415597175,0.0001178431415597175,1.1114537984707446e-09,-0.03980865120308183
6.7,10060.831578567175,-4.1690074943589375e-06,0.00011784270784531033,0.00011784270784531033,1.1100719546566452e-09,-0.041690074943589374
6.706250000000001,10063.550480763795,-4.3553436687769385e-06,0.00011783335906805977,0.00011783335906805977,1.108628348542931e-09,-0.043553436687769384
6.7125,10066.242820543086,-4.539859424932253e-06,0.00011781496842118007,0.00011781496842118007,1.1071235835187108e-09,-0.04539859424932253
6.71875,10068.908398760283,-4.722541114708129e-06,0.00011778740985133235,0.00011778740985133235,1.105558267496847e-09,-0.047225411147081287
6.7250000000000005,10071.54702424816,-4.9033756367261246e-06,0.00011775055827465413,0.00011775055827465413,1.1039330127327375e-09,-0.04903375636726125
6.73125,10074.158513485423,-5.082350413612669e-06,0.00011770428980127763,0.00011770428980127763,1.1022484356506288e-09,-0.05082350413612669
6.737500000000001,10076.742690279743,-5.259453370271585e-06,0.0001176484819681428,0.0001176484819681428,1.100505156677135e-09,-0.05259453370271585
6.74375,10079.299385464878,-5.434672913125197e-06,0.00011758301397987297,0.00011758301397987297,1.0987038000816342e-09,-0.054346729131251964
6.75,10081.828436611098,-5.607997910285283e-06,0.00011750776695744146,0.00011750776695744146,1.0968449938232391e-09,-0.05607997910285283
6.7562500000000005,10084.329687749212,-5.77941767261407e-06,0.00011742262419431673,0.00011742262419431673,1.0949293694040446e-09,-0.0577941767261407
6.7625,10086.802989106282,-5.948921935634972e-06,0.00011732747141973286,0.00011732747141973286,1.0929575617283711e-09,-0.059489219356349717
6.768750000000001,10089.248196853607,-6.116500842252478e-06,0.00011722219706868981,0.00011722219706868981,1.0909302089677352e-09,-0.06116500842252478
6.775,10091.66517286597,-6.282144926240695e-06,0.00011710669255824575,0.00011710669255824575,1.088847952431294e-09,-0.06282144926240694
6.78125,10094.053784491043,-6.445845096460492e-06,0.00011698085256962074,0.00011698085256962074,1.0867114364415195e-09,-0.06445845096460492
6.7875000000000005,10096.41390432935,-6.607592621765822e-06,0.00011684457533558837,0.00011684457533558837,1.084521308214878e-09,-0.06607592621765822
6.79375,10098.745410023526,-6.767379116560668e-06,0.00011669776293258915,0.00011669776293258915,1.0822782177472936e-09,-0.06767379116560668
6.800000000000001,10101.048184056282,-6.925196526969205e-06,0.0001165403215769567,0.0001165403215769567,1.0799828177041984e-09,-0.06925196526969206
6.80625,10103.322113557424,-7.081037117582984e-06,0.00011637216192460634,0.00011637216192460634,1.077635763314975e-09,-0.07081037117582985
6.8125,10105.567090117964,-7.234893458750357e-06,0.00011619319937349318,0.00011619319937349318,1.0752377122716105e-09,-0.07234893458750356
6.8187500000000005,10107.783009612505,-7.386758414374884e-06,0.00011600335436810854,0.00011600335436810854,1.0727893246313959e-09,-0.07386758414374885
6.825,10109.969772027784,-7.536625130191075e-06,0.0001158025527052424,0.0001158025527052424,1.0702912627235119e-09,-0.07536625130191074
6.831250000000001,10112.12728129839,-7.684487022487427e-06,0.00011559072584020331,0.00011559072584020331,1.0677441910593521e-09,-0.07684487022487427
6.8375,10114.255445148174,-7.830337767248523e-06,0.00011536781119265112,0.00011536781119265112,1.0651487762464448e-09,-0.07830337767248523
6.84375,10116.354174937607,-7.974171289689565e-06,0.00011513375245116336,0.00011513375245116336,1.0625056869058436e-09,-0.07974171289689566
6.8500000000000005,10118.423385516515,-8.115981754158534e-06,0.0001148884998756259,0.0001148884998756259,1.0598155935928662e-09,-0.08115981754158534
6.85625,10120.462995081636,-8.255763554382807e-06,0.00011463201059650792,0.00011463201059650792,1.0570791687210645e-09,-0.08255763554382807
6.862500000000001,10122.472925039043,-8.393511304038848e-06,0.00011436424891005594,0.00011436424891005594,1.0542970864893214e-09,-0.08393511304038848
6.86875,10124.453099871038,-8.529219827625039e-06,0.00011408518656841811,0.00011408518656841811,1.0514700228119725e-09,-0.08529219827625038
6.875,10126.403447007058,-8.662884151619556e-06,0.0001137948030636897,0.0001137948030636897,1.0485986552518583e-09,-0.08662884151619556
6.8812500000000005,10128.323896698603,-8.79449949590644e-06,0.00011349308590485477,0.00011349308590485477,1.045683662956219e-09,-0.0879449949590644
6.8875,10130.214381897802,-8.924061265454696e-06,0.00011318003088658573,0.00011318003088658573,1.042725726595347e-09,-0.08924061265454696
6.893750000000001,10132.074838139562,-9.051565042236494e-06,0.00011285564234885387,0.00011285564234885387,1.0397255283039173e-09,-0.09051565042236494
6.9,10133.905203426844,-9.177006577371852e-06,0.00011251993342629964,0.00011251993342629964,1.0366837516249237e-09,-0.09177006577371852
6.90625,10135.705418119202,-9.300381783488457e-06,0.00011217292628631067,0.00011217292628631067,1.0336010814561446e-09,-0.09300381783488457
6.9125000000000005,10137.475424824463,-9.421686727286305e-06,0.00011181465235476001,0.00011181465235476001,1.0304782039990762e-09,-0.09421686727286305
6.91875,10139.215168292707,-9.540917622298013e-06,0.0001114451525283664,0.0001114451525283664,1.0273158067102625e-09,-0.09540917622298013
6.925000000000001,10140.924595313862,-9.658070821836425e-06,0.00011106447737265122,0.00011106447737265122,1.0241145782549653e-09,-0.09658070821836426
6.93125,10142.603654616898,-9.773142812122216e-06,0.00011067268730448634,0.00011067268730448634,1.0208752084631109e-09,-0.09773142812122217
6.9375,10144.252296772534,-9.88613020558483e-06,0.00011026985275825028,0.00011026985275825028,1.0175983882874567e-09,-0.09886130205584831
6.9437500000000005,10145.870474097754,-9.997029734330845e-06,0.00010985605433463904,0.00010985605433463904,1.0142848097639244e-09,-0.09997029734330845
6.95,10147.458140562707,-1.0105838243774559e-05,0.00010943138293121158,0.00010943138293121158,1.010935165974043e-09,-0.10105838243774559
6.956250000000001,10149.015251700337,-1.0212552686426076e-05,0.00010899593985378911,0.00010899593985378911,1.0075501510094506e-09,-0.10212552686426077
6.9625,10150.541764517828,-1.0317170115832704e-05,0.00010854983690787118,0.00010854983690787118,1.0041304599384066e-09,-0.10317170115832704
6.96875,10152.037637410418,-1.0419687680669953e-05,0.00010809319646928065,0.00010809319646928065,1.0006767887742592e-09,-0.10419687680669953
6.9750000000000005,10153.502830077312,-1.0520102618978743e-05,0.00010762615153330365,0.00010762615153330365,9.971898344458257e-10,-0.10520102618978744
6.98125,10154.937303439729,-1.0618412252545873e-05,0.00010714884574164898,0.00010714884574164898,9.936702947696338e-10,-0.10618412252545872
6.987500000000001,10156.341019560752,-1.0714613981424948e-05,0.0001066614333866155,0.0001066614333866155,9.901188684239798e-10,-0.10714613981424947
6.99375,10157.71394156772,-1.0808705278595358e-05,0.00010616407939192314,0.00010616407939192314,9.865362549247571e-10,-0.10808705278595358
7.0,10159.056033576058,-1.0900683684757044e-05,0.00010565695926973571,0.00010565695926973571,9.829231546030096e-10,-0.10900683684757044
7.0062500000000005,10160.367260615285,-1.0990546803258949e-05,0.00010514025905347953,0.00010514025905347953,9.792802685841661e-10,-0.10990546803258949
7.0125,10161.64758855699,-1.1078292295159271e-05,0.00010461417520614203,0.00010461417520614203,9.756082987689129e-10,-0.11078292295159271
7.018750000000001,10162.896984044752,-1.1163917874415782e-05,0.00010407891450381697,0.00010407891450381697,9.719079478156585e-10,-0.11163917874415782
7.025,10164.115414425592,-1.1247421303204484e-05,0.00010353469389434998,0.00010353469389434998,9.681799191245533e-10,-0.11247421303204484
7.03125,10165.302847683637,-1.1328800387365113e-05,0.00010298174033102616,0.00010298174033102616,9.644249168230152e-10,-0.11328800387365114
7.0375000000000005,10166.459252375558,-1.1408052971972039e-05,0.00010242029058133358,0.00010242029058133358,9.606436457527262e-10,-0.1140805297197204
7.04375,10167.584597567677,-1.1485176937029157e-05,0.0001018505910109285,0.0001018505910109285,9.56836811458054e-10,-0.11485176937029157
7.050000000000001,10168.678852774983,-1.1560170193287551e-05,0.00010127289734302396,0.00010127289734302396,9.530051201758613e-10,-0.11560170193287551
7.05625,10169.741987901847,-1.1633030678184699e-05,0.0001006874743935172,0.0001006874743935172,9.491492788266603e-10,-0.11633030678184698
7.0625,10170.773973184507,-1.1703756351904101e-05,0.00010009459578226892,0.00010009459578226892,9.452699950070729e-10,-0.11703756351904102
7.0687500000000005,10171.774779135421,-1.1772345193554361e-05,9.949454362104205e-05,9.949454362104205e-05,9.413679769835582e-10,-0.11772345193554361
7.075,10172.744376489029,-1.183879519746671e-05,9.888760817870414e-05,9.888760817870414e-05,9.374439336873672e-10,-0.1183879519746671
7.081250000000001,10173.682736149727,-1.1903104369610222e-05,9.827408752439053e-05,9.827408752439053e-05,9.334985747106848e-10,-0.11903104369610222
7.0875,10174.58982914105,-1.1965270724123949e-05,9.765428714942019e-05,9.765428714942019e-05,9.295326103039218e-10,-0.11965270724123948
7.09375,10175.4656265568,-1.2025292279965366e-05,9.702851956884497e-05,9.702851956884497e-05,9.255467513741185e-10,-0.12025292279965366
7.1000000000000005,10176.310099513961,-1.2083167057674673e-05,9.639710390360267e-05,9.639710390360267e-05,9.215417094844193e-10,-0.12083167057674672
7.10625,10177.123219107065,-1.2138893076254594e-05,9.576036544432872e-05,9.576036544432872e-05,9.175181968545827e-10,-0.12138893076254594
7.112500000000001,10177.904956364322,-1.2192468350165456e-05,9.511863519796322e-05,9.511863519796322e-05,9.134769263624869e-10,-0.12192468350165456
7.11875,10178.655282205576,-1.224389088643557e-05,9.447224941836714e-05,9.447224941836714e-05,9.094186115465931e-10,-0.12243890886435571
7.125,10179.374167401547,-1.2293158681887001e-05,9.38215491222353e-05,9.38215491222353e-05,9.053439666093285e-10,-0.12293158681887001
7.1312500000000005,10180.061582535543,-1.234026972047707e-05,9.316687959166044e-05,9.316687959166044e-05,9.012537064213502e-10,-0.12340269720477069
7.1375,10180.717497965827,-1.2385221970756136e-05,9.250858986476678e-05,9.250858986476678e-05,8.971485465266522e-10,-0.12385221970756137
7.143750000000001,10181.3418837906,-1.2428013383442368e-05,9.184703221588677e-05,9.184703221588677e-05,8.93029203148476e-10,-0.12428013383442368
7.15,10181.934709814126,-1.24686418891145e-05,9.118256162680619e-05,9.118256162680619e-05,8.888963931959855e-10,-0.124686418891145
7.15625,10182.495945514856,-1.2507105396023766e-05,9.051553525064681e-05,9.051553525064681e-05,8.847508342716684e-10,-0.12507105396023765
7.1625000000000005,10183.025560015385,-1.2543401788026442e-05,8.984631186999213e-05,8.984631186999213e-05,8.80593244679421e-10,-0.12543401788026443
7.16875,10183.523522053869,-1.2577528922638792e-05,8.917525135089298e-05,8.917525135089298e-05,8.764243434332799e-10,-0.12577528922638792
7.175000000000001,10183.989799957671,-1.2609484629216326e-05,8.850271409441171e-05,8.850271409441171e-05,8.72244850266755e-10,-0.12609484629216325
7.18125,10184.424361618405,-1.2639266707259756e-05,8.782906048737935e-05,8.782906048737935e-05,8.680554856427259e-10,-0.12639266707259755
7.1875,10184.827174469356,-1.266687292485018e-05,8.715465035404758e-05,8.715465035404758e-05,8.638569707638557e-10,-0.1266687292485018
7.1937500000000005,10185.198205464258,-1.2692301017216427e-05,8.647984241031759e-05,8.647984241031759e-05,8.596500275834801e-10,-0.12692301017216429
7.2,10185.537421058805,-1.2715548685437786e-05,8.580499372221951e-05,8.580499372221951e-05,8.554353788169266e-10,-0.12715548685437786
7.206250000000001,10185.844787193373,-1.273661359528573e-05,8.513045917030103e-05,8.513045917030103e-05,8.512137479532175e-10,-0.12736613595285728
7.2125,10186.120269278266,-1.2755493376208524e-05,8.445659092156005e-05,8.445659092156005e-05,8.469858592671094e-10,-0.12755493376208524
7.21875,10186.363832181232,-1.2772185620463021e-05,8.378373791052552e-05,8.378373791052552e-05,8.427524378314206e-10,-0.12772185620463022
7.2250000000000005,10186.575440216826,-1.278668788239826e-05,8.311224533105195e-05,8.311224533105195e-05,8.385142095295958e-10,-0.1278668788239826
7.23125,10186.755057138384,-1.2798997677895981e-05,8.244245414034747e-05,8.244245414034747e-05,8.342719010684562e-10,-0.12798997677895982
7.237500000000001,10186.90264613202,-1.2809112483973396e-05,8.177470057670256e-05,8.177470057670256e-05,8.300262399910817e-10,-0.12809112483973395
7.24375,10187.01816981351,-1.2817029738554095e-05,8.110931569232699e-05,8.110931569232699e-05,8.257779546897686e-10,-0.12817029738554095
7.25,10187.10159022748,-1.2822746840413264e-05,8.044662490263647e-05,8.044662490263647e-05,8.215277744190055e-10,-0.12822746840413263
7.2562500000000005,10187.152868848998,-1.28262611493039e-05,7.978694755325846e-05,7.978694755325846e-05,8.172764293084075e-10,-0.128262611493039
7.2625,10187.171966588423,-1.2827569986271055e-05,7.913059650594926e-05,7.913059650594926e-05,8.130246503755463e-10,-0.12827569986271053
7.268750000000001,10187.15884379874,-1.2826670634161604e-05,7.847787774453102e-05,7.847787774453102e-05,8.08773169538611e-10,-0.12826670634161605
7.275,10187.113460286007,-1.282356033833741e-05,7.782909000186984e-05,7.782909000186984e-05,8.045227196288329e-10,-0.12823560338337409
7.28125,10187.035775322724,-1.2818236307600307e-05,7.718452440882448e-05,7.718452440882448e-05,8.002740344026037e-10,-0.12818236307600306
7.2875000000000005,10186.925747664745,-1.2810695715337597e-05,7.654446416599911e-05,7.654446416599911e-05,7.960278485532134e-10,-0.12810695715337597
7.29375,10186.783335571265,-1.280093570089732e-05,7.590918423903488e-05,7.590918423903488e-05,7.917848977221333e-10,-0.1280093570089732
7.300000000000001,10186.608496828147,-1.2788953371202947e-05,7.527895107807386e-05,7.527895107807386e-05,7.875459185097633e-10,-0.12788953371202946
7.30625,10186.401188775582,-1.2774745802617555e-05,7.465402236192493e-05,7.465402236192493e-05,7.833116484855608e-10,-0.12774745802617554
7.3125,10186.161368338766,-1.2758310043067993e-05,7.403464676735661e-05,7.403464676735661e-05,7.790828261974668e-10,-0.12758310043067994
7.3187500000000005,10185.888992062946,-1.273964311444004e-05,7.342106376383637e-05,7.342106376383637e-05,7.748601911805369e-10,-0.12739643114440038
7.325,10185.584016152217,-1.2718742015255828e-05,7.281350343392886e-05,7.281350343392886e-05,7.706444839646855e-10,-0.12718742015255827
7.331250000000001,10185.246396513516,-1.2695603723645311e-05,7.221218631946121e-05,7.221218631946121e-05,7.664364460814448e-10,-0.1269560372364531
7.3375,10184.876088803818,-1.2670225200623976e-05,7.161732329345765e-05,7.161732329345765e-05,7.622368200696377e-10,-0.12670225200623977
7.34375,10184.47304848284,-1.2642603393689308e-05,7.102911545774314e-05,7.102911545774314e-05,7.580463494798581e-10,-0.12642603393689308
7.3500000000000005,10184.03723087043,-1.2612735240748942e-05,7.044775406601416e-05,7.044775406601416e-05,7.538657788776499e-10,-0.12612735240748943
7.35625,10183.5685912089,-1.2580617674393664e-05,6.98734204720763e-05,6.98734204720763e-05,7.496958538452691e-10,-0.12580617674393665
7.362500000000001,10183.067084730486,-1.2546247626529065e-05,6.930628610285304e-05,6.930628610285304e-05,7.455373209819109e-10,-0.12546247626529064
7.36875,10182.532666730443,-1.250962203337943e-05,6.874651245567763e-05,6.874651245567763e-05,7.413909279022781e-10,-0.1250962203337943
7.375,10181.965292645773,-1.2470737840878328e-05,6.81942511192932e-05,6.81942511192932e-05,7.372574232333634e-10,-0.12470737840878328
7.3812500000000005,10181.36491813958,-1.242959201046009e-05,6.764964381790172e-05,6.764964381790172e-05,7.33137556609311e-10,-0.1242959201046009
7.3875,10180.731499191694,-1.2386181525266948e-05,6.711282247752506e-05,6.711282247752506e-05,7.290320786642217e-10,-0.12386181525266948
7.393750000000001,10180.064992195703,-1.234050339678652e-05,6.658390931386772e-05,6.658390931386772e-05,7.249417410227576e-10,-0.1234050339678652
7.4,10179.365354061929,-1.2292554671934693e-05,6.606301694080318e-05,6.606301694080318e-05,7.208672962883991e-10,-0.12292554671934694
7.40625,10178.63254232787,-1.224233244059884e-05,6.555024849854453e-05,6.555024849854453e-05,7.168094980292018e-10,-0.1224233244059884
7.4125000000000005,10177.866515274955,-1.218983384365651e-05,6.504569780050375e-05,6.504569780050375e-05,7.127691007608956e-10,-0.1218983384365651
7.41875,10177.067232052796,-1.2135056081484659e-05,6.454944949779521e-05,6.454944949779521e-05,7.087468599271626e-10,-0.12135056081484659
7.425000000000001,10176.23465281078,-1.2077996422974404e-05,6.406157926029532e-05,6.406157926029532e-05,7.047435318769288e-10,-0.12077996422974405
7.43125,10175.368738837065,-1.2018652215066256e-05,6.35821539731347e-05,6.35821539731347e-05,7.007598738384932e-10,-0.12018652215066256
7.4375,10174.46945270569,-1.1957020892820534e-05,6.311123194746801e-05,6.311123194746801e-05,6.967966438903201e-10,-0.11957020892820533
7.4437500000000005,10173.536758431328,-1.1893099990037439e-05,6.264886314434478e-05,6.264886314434478e-05,6.928546009283115e-10,-0.11893099990037438
7.45,10172.570621632742,-1.1826887150440978e-05,6.219508941048615e-05,6.219508941048615e-05,6.889345046293717e-10,-0.11826887150440978
7.456250000000001,10171.57100970402,-1.1758380139440506e-05,6.17499447247636e-05,6.17499447247636e-05,6.850371154110745e-10,-0.11758380139440507
7.4625,10170.537891995413,-1.1687576856483227e-05,6.131345545417065e-05,6.131345545417065e-05,6.811631943872347e-10,-0.11687576856483227
7.46875,10169.47124000158,-1.1614475348010453e-05,6.0885640618081264e-05,6.0885640618081264e-05,6.773135033191868e-10,-0.11614475348010453
7.4750000000000005,10168.37102756043,-1.1539073821029716e-05,6.0466512159596824e-05,6.0466512159596824e-05,6.734888045625638e-10,-0.11539073821029716
7.48125,10167.237231059751,-1.1461370657314287e-05,6.0056075222797516e-05,6.0056075222797516e-05,6.696898610093703e-10,-0.11461370657314288
7.487500000000001,10166.069829653963,-1.1381364428240636e-05,5.9654328434733384e-05,5.9654328434733384e-05,6.659174360251371e-10,-0.11381364428240637
7.49375,10164.86880548994,-1.1299053910273608e-05,5.9261264191015385e-05,5.9261264191015385e-05,6.621722933809432e-10,-0.11299053910273607
7.5,10163.634143942734,-1.12144381011081e-05,5.887686894389596e-05,5.887686894389596e-05,6.584551971800884e-10,-0.112144381011081
7.5062500000000005,10162.365833860658,-1.1127516236474845e-05,5.850112349176354e-05,5.850112349176354e-05,6.547669117791939e-10,-0.11127516236474845
7.5125,10161.063867820107,-1.1038287807616752e-05,5.813400326901334e-05,5.813400326901334e-05,6.511082017035121e-10,-0.11038287807616752
7.518750000000001,10159.728242390796,-1.0946752579440979e-05,5.777547863529932e-05,5.777547863529932e-05,6.47479831556218e-10,-0.10946752579440978
7.525,10158.358958410356,-1.0852910609350418e-05,5.742551516321827e-05,5.742551516321827e-05,6.438825659214603e-10,-0.10852910609350418
7.53125,10156.956021268961,-1.07567622667569e-05,5.708407392352532e-05,5.708407392352532e-05,6.403171692609437e-10,-0.107567622667569
7.5375000000000005,10155.519441204227,-1.0658308253276612e-05,5.675111176703222e-05,5.675111176703222e-05,6.367844058038179e-10,-0.10658308253276612
7.54375,10154.049233605547,-1.0557549623606614e-05,5.6426581602392946e-05,5.6426581602392946e-05,6.332850394296464e-10,-0.10557549623606614
7.550000000000001,10152.54541932893,-1.0454487807079463e-05,5.611043266903746e-05,5.611043266903746e-05,6.298198335442317e-10,-0.10454487807079463
7.55625,10151.008025021072,-1.0349124629890953e-05,5.5802610804570685e-05,5.5802610804570685e-05,6.26389550948072e-10,-0.10349124629890953
7.5625,10149.437083453598,-1.0241462337993959e-05,5.550305870601244e-05,5.550305870601244e-05,6.229949536972304e-10,-0.10241462337993959
7.5687500000000005,10147.832633866428,-1.0131503620649095e-05,5.521171618431229e-05,5.521171618431229e-05,6.196368029563974e-10,-0.10131503620649095
7.575,10146.194722321112,-1.001925163462078e-05,5.4928520411632536e-05,5.4928520411632536e-05,6.163158588439343e-10,-0.10019251634620781
7.581250000000001,10144.52340206312,-9.904710029004664e-06,5.4653406160950725e-05,5.4653406160950725e-05,6.130328802686864e-10,-0.09904710029004664
7.5875,10142.81873389272,-9.787882970670095e-06,5.438630603759222e-05,5.438630603759222e-05,6.09788624758364e-10,-0.09787882970670095
7.59375,10141.080786545326,-9.668775170298606e-06,5.412715070235973e-05,5.412715070235973e-05,6.065838482792923e-10,-0.09668775170298606
7.6000000000000005,10139.309637079483,-9.54739190899662e-06,5.387586908598409e-05,5.387586908598409e-05,6.034193050473406e-10,-0.0954739190899662
7.60625,10137.505371273557,-9.423739065457958e-06,5.363238859467454e-05,5.363238859467454e-05,6.002957473298478e-10,-0.09423739065457959
7.612500000000001,10135.668084029372,-9.297823143648723e-06,5.3396635306600474e-05,5.3396635306600474e-05,5.972139252383725e-10,-0.09297823143648723
7.61875,10133.797879783499,-9.169651300984237e-06,5.316853415918748e-05,5.316853415918748e-05,5.941745865121028e-10,-0.09169651300984237
7.625,10131.894872925059,-9.039231376964669e-06,5.2948009127159906e-05,5.2948009127159906e-05,5.91178476291775e-10,-0.0903923137696467
7.6312500000000005,10129.959188219756,-8.906571922232847e-06,5.2734983391308265e-05,5.2734983391308265e-05,5.88226336883961e-10,-0.08906571922232846
7.6375,10127.990961239433,-8.771682228014727e-06,5.2529379498004613e-05,5.2529379498004613e-05,5.853189075155972e-10,-0.08771682228014727
7.643750000000001,10125.990338796519,-8.634572355899641e-06,5.2331119509529535e-05,5.2331119509529535e-05,5.824569240786428e-10,-0.08634572355899642
7.65,10123.95747938303,-8.495253167914274e-06,5.214012514531401e-05,5.214012514531401e-05,5.7964111886477e-10,-0.08495253167914274
7.65625,10121.892553612828,-8.3537363568411e-06,5.195631791423418e-05,5.195631791423418e-05,5.768722202900042e-10,-0.083537363568411
7.6625000000000005,10119.79574466678,-8.21003447672865e-06,5.1779619238130364e-05,5.1779619238130364e-05,5.741509526092525e-10,-0.08210034476728649
7.66875,10117.667248740094,-8.064160973537713e-06,5.160995056675124e-05,5.160995056675124e-05,5.714780356206736e-10,-0.08064160973537714
7.675000000000001,10115.50727549039,-7.916130215864357e-06,5.144723348435061e-05,5.144723348435061e-05,5.688541843598642e-10,-0.07916130215864357
7.68125,10113.316048486331,-7.765957525677289e-06,5.1291389808188136e-05,5.1291389808188136e-05,5.662801087838581e-10,-0.07765957525677289
7.6875,10111.093805655433,-7.613659209003963e-06,5.1142341679205985e-05,5.1142341679205985e-05,5.637565134449533e-10,-0.07613659209003963
7.6937500000000005,10108.840799729936,-7.4592525864966066e-06,5.1000011645170945e-05,5.1000011645170945e-05,5.612840971544088e-10,-0.07459252586496606
7.7,10106.557298690066,-7.3027560238062526e-06,5.086432273658658e-05,5.086432273658658e-05,5.588635526360724e-10,-0.07302756023806252
7.706250000000001,10104.243586203236,-7.144188961689849e-06,5.073519853569204e-05,5.073519853569204e-05,5.564955661700306e-10,-0.0714418896168985
7.7125,10101.899962058656,-6.983571945772541e-06,5.06125632388735e-05,5.06125632388735e-05,5.541808172263932e-10,-0.06983571945772542
7.71875,10099.526742594848,-6.820926655884553e-06,5.049634171282067e-05,5.049634171282067e-05,5.519199780893531e-10,-0.06820926655884553
7.7250000000000005,10097.124261120822,-6.656275934889185e-06,5.038645954476585e-05,5.038645954476585e-05,5.497137134716927e-10,-0.06656275934889185
7.73125,10094.692868327731,-6.489643816916145e-06,5.028284308714413e-05,5.028284308714413e-05,5.475626801199302e-10,-0.06489643816916145
7.737500000000001,10092.232932690898,-6.321055554911936e-06,5.018541949701384e-05,5.018541949701384e-05,5.454675264103356e-10,-0.06321055554911936
7.74375,10089.744840860689,-6.15053764741686e-06,5.009411677057384e-05,5.009411677057384e-05,5.434288919360708e-10,-0.0615053764741686
7.75,10087.228998040398,-5.978117864476259e-06,5.000886377311018e-05,5.000886377311018e-05,5.414474070857409e-10,-0.05978117864476259
7.7562500000000005,10084.685828350423,-5.803825272591829e-06,4.992959026469894e-05,4.992959026469894e-05,5.395236926136761e-10,-0.05803825272591829
7.7625,10082.115775177042,-5.627690258617299e-06,4.9856226921984816e-05,4.9856226921984816e-05,5.376583592022922e-10,-0.056276902586172996
7.768750000000001,10079.519301503871,-5.4497445525016065e-06,4.9788705356346205e-05,4.9788705356346205e-05,5.358520070169133e-10,-0.054497445525016064
7.775,10076.896890226059,-5.270021248781511e-06,4.97269581287477e-05,4.97269581287477e-05,5.341052252534707e-10,-0.05270021248781511
7.78125,10074.249044443746,-5.088554826725128e-06,4.967091876156995e-05,4.967091876156995e-05,5.324185916795253e-10,-0.05088554826725128
7.7875000000000005,10071.576287734915,-4.905381169027268e-06,4.9620521747695045e-05,4.9620521747695045e-05,5.307926721690922e-10,-0.04905381169027268
7.79375,10068.879164405946,-4.720537578957447e-06,4.957570255711302e-05,4.957570255711302e-05,5.292280202317828e-10,-0.04720537578957447
7.800000000000001,10066.158239717271,-4.534062795861765e-06,4.9536397641301676e-05,4.9536397641301676e-05,5.277251765368081e-10,-0.045340627958617645
7.80625,10063.414100084638,-4.345997008920324e-06,4.950254443561879e-05,4.950254443561879e-05,5.262846684324219e-10,-0.043459970089203236
7.8125,10060.647353252632,-4.156381869062915e-06,4.947408135993133e-05,4.947408135993133e-05,5.249070094614148e-10,-0.041563818690629147
7.8187500000000005,10057.858628440401,-3.96526049894701e-06,4.945094781769263e-05,4.945094781769263e-05,5.235926988733008e-10,-0.039652604989470104
7.825,10055.048576457499,-3.772677500903814e-06,4.94330841936639e-05,4.94330841936639e-05,5.2234222113387e-10,-0.037726775009038135
7.831250000000001,10052.21786978914,-3.578678962760237e-06,4.9420431850462845e-05,4.9420431850462845e-05,5.211560454328118e-10,-0.03578678962760237
7.8375,10049.36720264834,-3.383312461447221e-06,4.94129331241076e-05,4.94129331241076e-05,5.20034625190142e-10,-0.03383312461447221
7.84375,10046.497290995458,-3.1866270643076737e-06,4.941053131871095e-05,4.941053131871095e-05,5.189783975621961e-10,-0.03186627064307674
7.8500000000000005,10043.608872522283,-2.9886733280207016e-06,4.9413170700466053e-05,4.9413170700466053e-05,5.179877829479797e-10,-0.029886733280207016
7.85625,10040.702706600454,-2.789503295062514e-06,4.942079649105213e-05,4.942079649105213e-05,5.170631844966918e-10,-0.027895032950625138
7.862500000000001,10037.779574192711,-2.589170487628564e-06,4.943335486057559e-05,4.943335486057559e-05,5.16204987617262e-10,-0.02589170487628564
7.86875,10034.840277726227,-2.3877298989460624e-06,4.945079292015064e-05,4.945079292015064e-05,5.154135594907683e-10,-0.023877298989460623
7.875,10031.885640926705,-2.1852379819109847e-06,4.9473058714211226e-05,4.9473058714211226e-05,5.146892485866203e-10,-0.021852379819109848
7.8812500000000005,10028.916508612801,-1.9817526349890958e-06,4.950010121263567e-05,4.950010121263567e-05,5.140323841834164e-10,-0.01981752634989096
7.8875,10025.933746449466,-1.777333185326324e-06,4.953187030275489e-05,4.953187030275489e-05,5.134432758953982e-10,-0.01777333185326324
7.893750000000001,10022.938240660362,-1.5720403690199516e-06,4.9568316781305543e-05,4.9568316781305543e-05,5.129222132054453e-10,-0.015720403690199516
7.9,10019.93089769758,-1.3659363085087503e-06,4.960939234638016e-05,4.960939234638016e-05,5.12469465005563e-10,-0.013659363085087504
7.90625,10016.912643869575,-1.1590844870469966e-06,4.965504958941822e-05,4.965504958941822e-05,5.120852791458322e-10,-0.011590844870469966
7.9125000000000005,10013.884424925425,-9.515497202346973e-07,4.970524198727427e-05,4.970524198727427e-05,5.117698819927944e-10,-0.009515497202346974
7.91875,10010.847205596448,-7.433981245838796e-07,4.9759923894392044e-05,4.9759923894392044e-05,5.115234779982563e-10,-0.0074339812458387965
7.925000000000001,10007.801969093838,-5.346970831087937e-07,4.98190505351073e-05,4.98190505351073e-05,5.113462492795e-10,-0.005346970831087937
7.93125,10004.749716563394,-3.2551520793600714e-07,4.988257799609606e-05,4.988257799609606e-05,5.112383552118855e-10,-0.0032551520793600713
7.9375,10001.691466496157,-1.1592229993894023e-07,4.995046321897975e-05,4.995046321897975e-05,5.111999320348335e-10,-0.0011592229993894023
7.9437500000000005,9998.628254096593,9.401069459001023e-08,5.0022663993094065e-05,5.0022663993094065e-05,5.112310924721688e-10,0.0009401069459001023
7.95,9995.561130607364,3.042117302075961e-07,5.0099138948424465e-05,5.0099138948424465e-05,5.113319253677999e-10,0.003042117302075961
7.956250000000001,9992.491162591417,5.146077114968484e-07,5.017984754870715e-05,5.017984754870715e-05,5.115024953376984e-10,0.005146077114968484
7.9625,9989.419431173072,7.251245451128253e-07,5.026475008469162e-05,5.026475008469162e-05,5.117428424391301e-10,0.007251245451128253
7.96875,9986.347031237216,9.356871946470983e-07,5.035380766755817e-05,5.035380766755817e-05,5.120529818580696e-10,0.009356871946470982
7.9750000000000005,9983.27507058841,1.146219738251758e-06,5.044698222248114e-05,5.044698222248114e-05,5.124329036157169e-10,0.01146219738251758
7.98125,9980.20466907107,1.3566454289542672e-06,5.054423648232729e-05,5.054423648232729e-05,5.128825722950041e-10,0.013566454289542671
7.987500000000001,9977.136957651064,1.5668867575849604e-06,5.064553398147661e-05,5.064553398147661e-05,5.134019267879602e-10,0.015668867575849604
7.99375,9974.073077460715,1.776865518229641e-06,5.0750839049752095e-05,5.0750839049752095e-05,5.139908800647711e-10,0.01776865518229641
8.0,9971.014178808286,1.9865028761103402e-06,5.086011680644369e-05,5.086011680644369e-05,5.146493189653388e-10,0.019865028761103402
8.00625,9967.961420153802,2.1957194377881376e-06,5.097333315441123e-05,5.097333315441123e-05,5.153771040141089e-10,0.021957194377881375
8.012500000000001,9964.915967052197,2.404435323572829e-06,5.109045477425019e-05,5.109045477425019e-05,5.161740692589009e-10,0.024044353235728292
8.01875,9961.878991066698,2.612570242015459e-06,5.121144911850442e-05,5.121144911850442e-05,5.170400221344269e-10,0.02612570242015459
8.025,9958.85166865318,2.820043566351084e-06,5.1336284405909127e-05,5.1336284405909127e-05,5.179747433511495e-10,0.02820043566351084
8.03125,9955.835180018441,3.0267744127508756e-06,5.146492961564788e-05,5.146492961564788e-05,5.189779868100768e-10,0.030267744127508756
8.0375,9952.83070795414,3.2326817202346838e-06,5.159735448160711e-05,5.159735448160711e-05,5.200494795440435e-10,0.032326817202346834
8.043750000000001,9949.839436648865,3.437684332087603e-06,5.173352948661169e-05,5.173352948661169e-05,5.2118892168598e-10,0.03437684332087603
8.05,9946.862550480633,3.6417010786169213e-06,5.187342585662586e-05,5.187342585662586e-05,5.223959864646102e-10,0.03641701078616921
8.05625,9943.901232792025,3.8446508610790495e-06,5.2017015554903e-05,5.2017015554903e-05,5.236703202279682e-10,0.03844650861079049
8.0625,9940.956664651454,4.046452736599925e-06,5.216427127606891e-05,5.216427127606891e-05,5.250115424950623e-10,0.04046452736599925
8.06875,9938.030023601978,4.247026003906538e-06,5.23151664401229e-05,5.23151664401229e-05,5.264192460359551e-10,0.04247026003906538
8.075000000000001,9935.122482401333,4.446290289682198e-06,5.2469675186341395e-05,5.2469675186341395e-05,5.278929969804668e-10,0.044462902896821976
8.08125,9932.23520775557,4.644165635353573e-06,5.262777236706892e-05,5.262777236706892e-05,5.294323349556443e-10,0.04644165635353573
8.0875,9929.369359049193,4.840572584113628e-06,5.278943354138117e-05,5.278943354138117e-05,5.310367732520751e-10,0.04840572584113628
8.09375,9926.526087075023,5.035432267981316e-06,5.2954634968605624e-05,5.2954634968605624e-05,5.327057990190572e-10,0.05035432267981316
8.1,9923.706532766244,5.228666494696312e-06,5.3123353601684255e-05,5.3123353601684255e-05,5.34438873488571e-10,0.05228666494696312
8.106250000000001,9920.91182593359,5.420197834245125e-06,5.3295567080363716e-05,5.3295567080363716e-05,5.362354322279307e-10,0.05420197834245125
8.1125,9918.143084011648,5.609949704813871e-06,5.347125372419768e-05,5.347125372419768e-05,5.380948854209256e-10,0.056099497048138706
8.11875,9915.40141081554,5.797846457962393e-06,5.3650392525346126e-05,5.3650392525346126e-05,5.40016618177193e-10,0.05797846457962393
8.125,9912.687895312958,5.983813462814913e-06,5.3832963141156065e-05,5.3832963141156065e-05,5.419999908694954e-10,0.059838134628149124
8.13125,9910.003610412552,6.167777189063217e-06,5.401894588650784e-05,5.401894588650784e-05,5.440443394985114e-10,0.06167777189063217
8.137500000000001,9907.349611773536,6.349665288580461e-06,5.4208321725910724e-05,5.4208321725910724e-05,5.461489760846771e-10,0.06349665288580461
8.14375,9904.726936637648,6.52940667544604e-06,5.4401072265331295e-05,5.4401072265331295e-05,5.483131890865518e-10,0.06529406675446041
8.15,9902.136602687717,6.7069316041853935e-06,5.459717974373723e-05,5.459717974373723e-05,5.505362438451177e-10,0.06706931604185394
8.15625,9899.579606934836,6.882171746032725e-06,5.479662702433878e-05,5.479662702433878e-05,5.528173830533569e-10,0.06882171746032725
8.1625,9897.056924637169,7.0550602630293615e-06,5.4999397585509606e-05,5.4999397585509606e-05,5.551558272503887e-10,0.07055060263029361
8.168750000000001,9894.569508252882,7.22553187977609e-06,5.520547551136768e-05,5.520547551136768e-05,5.575507753393899e-10,0.0722553187977609
8.175,9892.118286430275,7.393522952664006e-06,5.541484548199643e-05,5.541484548199643e-05,5.60001405128462e-10,0.07393522952664006
8.18125,9889.70416303645,7.558971536415409e-06,5.5627492763285486e-05,5.5627492763285486e-05,5.625068738935536e-10,0.07558971536415408
8.1875,9887.328016228208,7.721817447773813e-06,5.584340319636946e-05,5.584340319636946e-05,5.650663189624937e-10,0.07721817447773813
8.19375,9884.990697566715,7.882002326190457e-06,5.606256318664228e-05,5.606256318664228e-05,5.676788583191394e-10,0.07882002326190457
8.200000000000001,9882.693031177503,8.0394696913634e-06,5.628495969232377e-05,5.628495969232377e-05,5.703435912265956e-10,0.08039469691363399
8.20625,9880.435812959178,8.19416499749484e-06,5.6510580212554223e-05,5.6510580212554223e-05,5.730595988684191e-10,0.0819416499749484
8.2125,9878.219809841059,8.346035684142047e-06,5.67394127749917e-05,5.67394127749917e-05,5.758259450066762e-10,0.08346035684142047
8.21875,9876.045759093086,8.495031223547874e-06,5.697144592288579e-05,5.697144592288579e-05,5.786416766556897e-10,0.08495031223547873
8.225,9873.91436768754,8.641103164347452e-06,5.720666870160075e-05,5.720666870160075e-05,5.815058247702722e-10,0.08641103164347452
8.231250000000001,9871.826311715804,8.784205171559093e-06,5.7445070644559595e-05,5.7445070644559595e-05,5.844174049472145e-10,0.08784205171559094
8.2375,9869.782235860255,8.92429306277887e-06,5.768664175858026e-05,5.768664175858026e-05,5.873754181387709e-10,0.0892429306277887
8.24375,9867.782752922294,9.061324840510251e-06,5.793137250857346e-05,5.793137250857346e-05,5.90378851376861e-10,0.09061324840510251
8.25,9865.828443408129,9.195260720572303e-06,5.8179253801571366e-05,5.8179253801571366e-05,5.934266785066868e-10,0.09195260720572303
8.25625,9863.919855171906,9.326063156542205e-06,5.84302769700549e-05,5.84302769700549e-05,5.965178609284516e-10,0.09326063156542204
8.262500000000001,9862.057503117512,9.45369686020026e-06,5.868443375454693e-05,5.868443375454693e-05,5.996513483458561e-10,0.0945369686020026
8.26875,9860.241868958847,9.578128817958147e-06,5.8941716285437597e-05,5.8941716285437597e-05,6.028260795200389e-10,0.09578128817958147
8.275,9858.473401038733,9.69932830326354e-06,5.920211706400719e-05,5.920211706400719e-05,6.06040983027629e-10,0.09699328303263541
8.28125,9856.752514206573,9.81726688498686e-06,5.9465628942611385e-05,5.9465628942611385e-05,6.092949780215786e-10,0.0981726688498686
8.2875,9855.079589754454,9.931918431808179e-06,5.97322451039929e-05,5.97322451039929e-05,6.125869749934489e-10,0.09931918431808179
8.293750000000001,9853.45497541102,1.0043259112634642e-05,6.000195903968304e-05,6.000195903968304e-05,6.159158765358352e-10,0.10043259112634642
8.3,9851.87898539245,1.0151267393090691e-05,6.027476452745607e-05,6.027476452745607e-05,6.192805781036285e-10,0.10151267393090692
8.30625,9850.35190051054,1.025592402813532e-05,6.055065560779888e-05,6.055065560779888e-05,6.226799687728294e-10,0.10255924028135319
8.3125,9848.873968335703,1.0357212050871893e-05,6.082962655935823e-05,6.082962655935823e-05,6.261129319956537e-10,0.10357212050871893
8.31875,9847.445403414922,1.0455116757627347e-05,6.111167187332743e-05,6.111167187332743e-05,6.295783463506921e-10,0.10455116757627347
8.325000000000001,9846.066387542334,1.0549625689388188e-05,6.139678622673436e-05,6.139678622673436e-05,6.330750862869169e-10,0.10549625689388188
8.33125,9844.737070082112,1.0640728609691039e-05,6.168496445459247e-05,6.168496445459247e-05,6.366020228603598e-10,0.10640728609691039
8.3375,9843.45756834109,1.0728417479075256e-05,6.197620152087707e-05,6.197620152087707e-05,6.401580244623228e-10,0.10728417479075256
8.34375,9842.227967990011,1.0812686426214391e-05,6.227049248828878e-05,6.227049248828878e-05,6.437419575380196e-10,0.1081268642621439
8.35,9841.048323531488,1.0893531715851962e-05,6.256783248676703e-05,6.256783248676703e-05,6.473526872945897e-10,0.10893531715851962
8.356250000000001,9839.918658812347,1.0970951713675055e-05,6.286821668071683e-05,6.286821668071683e-05,6.509890783974693e-10,0.10970951713675055
8.3625,9838.838967578995,1.1044946848266767e-05,6.317164023491276e-05,6.317164023491276e-05,6.546499956541511e-10,0.11044946848266766
8.36875,9837.809214072913,1.1115519570285317e-05,6.347809827904505e-05,6.347809827904505e-05,6.583343046844138e-10,0.11115519570285318
8.375,9836.829333664637,1.1182674309023717e-05,6.378758587087402e-05,6.378758587087402e-05,6.620408725761535e-10,0.11182674309023717
8.38125,9835.899233523382,1.1246417426509376e-05,6.410009795795991e-05,6.410009795795991e-05,6.65768568526e-10,0.11246417426509375
8.387500000000001,9835.018793320383,1.1306757169307687e-05,6.441562933793723e-05,6.441562933793723e-05,6.695162644639597e-10,0.11306757169307687
8.39375,9834.18786596308,1.1363703618197677e-05,6.473417461730405e-05,6.473417461730405e-05,6.732828356613761e-10,0.11363703618197676
8.4,9833.406278358225,1.1417268635891072e-05,6.505572816869877e-05,6.505572816869877e-05,6.770671613215638e-10,0.11417268635891072
8.40625,9832.67383220038,1.1467465812968537e-05,6.538028408663918e-05,6.538028408663918e-05,6.808681251525208e-10,0.11467465812968537
8.4125,9831.990304784587,1.1514310412208912e-05,6.570783614170088e-05,6.570783614170088e-05,6.846846159211894e-10,0.11514310412208913
8.418750000000001,9831.355449839284,1.155781931148805e-05,6.603837773311457e-05,6.603837773311457e-05,6.885155279887903e-10,0.1155781931148805
8.425,9830.768998377896,1.159801094542442e-05,6.637190183976547e-05,6.637190183976547e-05,6.923597618268148e-10,0.1159801094542442
8.43125,9830.230659566061,1.1634905245948274e-05,6.670840096958002e-05,6.670840096958002e-05,6.962162245133178e-10,0.11634905245948274
8.4375,9829.7401216019,1.1668523581970056e-05,6.704786710728967e-05,6.704786710728967e-05,7.000838302092144e-10,0.11668523581970056
8.44375,9829.297052606771,1.1698888698322107e-05,6.739029166056448e-05,6.739029166056448e-05,7.039615006143379e-10,0.11698888698322106
8.450000000000001,9828.901101524707,1.1726024654145412e-05,6.773566540451357e-05,6.773566540451357e-05,7.078481654030755e-10,0.11726024654145412
8.45625,9828.551899026574,1.1749956760890046e-05,6.808397842455355e-05,6.808397842455355e-05,7.11742762639454e-10,0.11749956760890046
8.4625,9828.249058418387,1.1770711520094554e-05,6.843522005765076e-05,6.843522005765076e-05,7.156442391716022e-10,0.11770711520094554
8.46875,9827.992176549762,1.1788316561105313e-05,6.878937883194781e-05,6.878937883194781e-05,7.195515510055699e-10,0.11788316561105314
8.475,9827.780834721496,1.1802800578892289e-05,6.914644240479011e-05,6.914644240479011e-05,7.234636636585358e-10,0.11802800578892289
8.481250000000001,9827.61459958909,1.1814193272112494e-05,6.950639749917355e-05,6.950639749917355e-05,7.273795524914854e-10,0.11814193272112494
8.4875,9827.493024061043,1.1822525281566846e-05,6.986922983863968e-05,6.986922983863968e-05,7.31298203021491e-10,0.11822525281566845
8.49375,9827.415648188624,1.1827828129190057e-05,7.023492408065159e-05,7.023492408065159e-05,7.352186112137688e-10,0.11827828129190057
8.5,9827.382000046955,1.1830134157707022e-05,7.060346374848891e-05,7.060346374848891e-05,7.39139783753735e-10,0.11830134157707022
8.50625,9827.39159660339,1.1829476471082136e-05,7.097483116170755e-05,7.097483116170755e-05,7.430607382993236e-10,0.11829476471082136
8.512500000000001,9827.443944573388,1.1825888875881236e-05,7.134900736521613e-05,7.134900736521613e-05,7.469805037138678e-10,0.11825888875881237
8.51875,9827.538541261238,1.1819405823658537e-05,7.17259720570286e-05,7.17259720570286e-05,7.508981202798856e-10,0.11819405823658537
8.525,9827.67487538404,1.1810062354473317e-05,7.210570351475897e-05,7.210570351475897e-05,7.548126398941438e-10,0.11810062354473318
8.53125,9827.852427878188,1.1797894041633763e-05,7.248817852093233e-05,7.248817852093233e-05,7.587231262444061e-10,0.11797894041633762
8.5375,9828.070672686034,1.1782936937757325e-05,7.28733722871937e-05,7.28733722871937e-05,7.626286549683038e-10,0.11782936937757325
8.543750000000001,9828.32907752307,1.1765227522229383e-05,7.32612583775041e-05,7.32612583775041e-05,7.665283137947902e-10,0.11765227522229382
8.55,9828.627104622601,1.17448026501339e-05,7.365180863042152e-05,7.365180863042152e-05,7.704212026686687e-10,0.117448026501339
8.55625,9828.964211458908,1.1721699502722093e-05,7.404499308057255e-05,7.404499308057255e-05,7.743064338587026e-10,0.11721699502722092
8.5625,9829.339851446344,1.1695955539477105e-05,7.444077987942887e-05,7.444077987942887e-05,7.781831320498373e-10,0.11695955539477106
8.56875,9829.75347461494,1.1667608451825096e-05,7.483913521551147e-05,7.483913521551147e-05,7.820504344200787e-10,0.11667608451825096
8.575000000000001,9830.204528261045,1.1636696118535304e-05,7.524002323415397e-05,7.524002323415397e-05,7.859074907025898e-10,0.11636696118535304
8.58125,9830.692457573237,1.1603256562844392e-05,7.564340595696488e-05,7.564340595696488e-05,7.897534632335747e-10,0.11603256562844393
8.5875,9831.216706231995,1.1567327911332723e-05,7.604924320113782e-05,7.604924320113782e-05,7.935875269865334e-10,0.11567327911332723
8.59375,9831.776716984059,1.1528948354573369e-05,7.645749249876722e-05,7.645749249876722e-05,7.974088695934716e-10,0.11528948354573369
8.6,9832.37193219065,1.1488156109567595e-05,7.686810901633568e-05,7.686810901633568e-05,8.012166913536614e-10,0.11488156109567596
8.606250000000001,9833.001794349191,1.1444989383973931e-05,7.728104547454784e-05,7.728104547454784e-05,8.050102052305439e-10,0.11444989383973932
8.6125,9833.6657465893,1.1399486342131618e-05,7.769625206869446e-05,7.769625206869446e-05,8.087886368373711e-10,0.11399486342131618
8.61875,9834.363233142232,1.1351685072873056e-05,7.811367638973832e-05,7.811367638973832e-05,8.125512244121786e-10,0.11351685072873055
8.625,9835.093699784848,1.1301623559114241e-05,7.853326334632253e-05,7.853326334632253e-05,8.162972187826789e-10,0.1130162355911424
8.63125,9835.856594257382,1.1249339649206603e-05,7.895495508790913e-05,7.895495508790913e-05,8.200258833216592e-10,0.11249339649206602
8.637500000000001,9836.651366656204,1.1194871030028655e-05,7.937869092926414e-05,7.937869092926414e-05,8.237364938934602e-10,0.11194871030028655
8.64375,9837.477469801397,1.113825520179111e-05,7.980440727651286e-05,7.980440727651286e-05,8.274283387921038e-10,0.1113825520179111
8.65,9838.334359579985,1.1079529454524704e-05,8.023203755499576e-05,8.023203755499576e-05,8.311007186716274e-10,0.11079529454524703
8.65625,9839.221495264695,1.1018730846215947e-05,8.066151213916278e-05,8.066151213916278e-05,8.347529464691721e-10,0.11018730846215948
8.6625,9840.13833980967,1.0955896182552433e-05,8.109275828474964e-05,8.109275828474964e-05,8.383843473213558e-10,0.10955896182552433
8.668750000000001,9841.084360123281,1.0891061998235924e-05,8.152570006348624e-05,8.152570006348624e-05,8.419942584744538e-10,0.10891061998235925
8.675,9842.059027318077,1.0824264539818618e-05,8.196025830059171e-05,8.196025830059171e-05,8.455820291888895e-10,0.10824264539818618
8.68125,9843.061816940351,1.0755539750015373e-05,8.239635051531636e-05,8.239635051531636e-05,8.491470206385257e-10,0.10755539750015373
8.6875,9844.092209177621,1.068492325344246e-05,8.283389086479426e-05,8.283389086479426e-05,8.52688605805229e-10,0.1068492325344246
8.69375,9845.149689047112,1.0612450343731603e-05,8.327279009147401e-05,8.327279009147401e-05,8.562061693691625e-10,0.10612450343731603
8.700000000000001,9846.233746564192,1.0538155971966403e-05,8.371295547439764e-05,8.371295547439764e-05,8.596991075952464e-10,0.10538155971966402
8.70625,9847.343876892783,1.0462074736387249e-05,8.415429078460006e-05,8.415429078460006e-05,8.631668282162057e-10,0.10462074736387249
8.7125,9848.479580477744,1.0384240873309709e-05,8.459669624490221e-05,8.459669624490221e-05,8.666087503126081e-10,0.1038424087330971
8.71875,9849.640363160457,1.030468824920097e-05,8.504006849437181e-05,8.504006849437181e-05,8.700243041902753e-10,0.10304688249200969
8.725,9850.825736278593,1.0223450353858554e-05,8.548430055772423e-05,8.548430055772423e-05,8.734129312554334e-10,0.10223450353858554
8.731250000000001,9852.035216750155,1.0140560294635464e-05,8.592928181993596e-05,8.592928181993596e-05,8.767740838879496e-10,0.10140560294635463
8.7375,9853.268327143209,1.005605079165619e-05,8.637489800633883e-05,8.637489800633883e-05,8.801072253129823e-10,0.1005605079165619
8.74375,9854.524595732351,9.969954173968487e-06,8.682103116846131e-05,8.682103116846131e-05,8.834118294713568e-10,0.09969954173968487
8.75,9855.803556541792,9.882302376576482e-06,8.726755967587744e-05,8.726755967587744e-05,8.866873808889567e-10,0.09882302376576482
8.75625,9857.104749376507,9.79312693830157e-06,8.77143582143193e-05,8.77143582143193e-05,8.899333745454069e-10,0.09793126938301569
8.762500000000001,9858.427719842364,9.702459000418667e-06,8.816129779030157e-05,8.816129779030157e-05,8.931493157423039e-10,0.09702459000418666
8.76875,9859.772019355112,9.610329306016601e-06,8.8608245742499e-05,8.8608245742499e-05,8.963347199712353e-10,0.09610329306016602
8.775,9861.137205140243,9.516768200032844e-06,8.905506576010901e-05,8.905506576010901e-05,8.994891127818089e-10,0.09516768200032844
8.78125,9862.52284022314,9.421805629914295e-06,8.950161790842124e-05,8.950161790842124e-05,9.02612029649903e-10,0.09421805629914295
8.7875,9863.928493411026,9.325471146857474e-06,8.994775866180441e-05,8.994775866180441e-05,9.05703015846326e-10,0.09325471146857474
8.793750000000001,9865.353739267053,9.227793907583261e-06,9.039334094430882e-05,9.039334094430882e-05,9.087616263060654e-10,0.09227793907583261
8.8,9866.798158077294,9.128802676603061e-06,9.083821417806894e-05,9.083821417806894e-05,9.117874254982873e-10,0.09128802676603061
8.80625,9868.261335810925,9.028525828935265e-06,9.128222433967565e-05,9.128222433967565e-05,9.147799872972363e-10,0.09028525828935265
8.8125,9869.742864074995,8.926991353232749e-06,9.172521402467196e-05,9.172521402467196e-05,9.177388948541728e-10,0.0892699135323275
8.81875,9871.242340062821,8.824226855284135e-06,9.216702252030886e-05,9.216702252030886e-05,9.206637404704696e-10,0.08824226855284134
8.825000000000001,9872.759366498276,8.72025956185355e-06,9.260748588667954e-05,9.260748588667954e-05,9.235541254719822e-10,0.08720259561853551
8.83125,9874.293551575342,8.615116324825668e-06,9.304643704633142e-05,9.304643704633142e-05,9.264096600847924e-10,0.08615116324825668
8.8375,9875.844508893473,8.508823625624703e-06,9.348370588243421e-05,9.348370588243421e-05,9.292299633124172e-10,0.08508823625624704
8.84375,9877.411857389438,8.401407579878149e-06,9.391911934556199e-05,9.391911934556199e-05,9.320146628145627e-10,0.08401407579878149
8.85,9878.995221266578,8.292893942297976e-06,9.435250156912355e-05,9.435250156912355e-05,9.34763394787497e-10,0.08292893942297976
8.856250000000001,9880.594229920198,8.183308111753841e-06,9.47836739934534e-05,9.47836739934534e-05,9.374758038461033e-10,0.08183308111753841
8.8625,9882.208517861518,8.072675136514951e-06,9.521245549855044e-05,9.521245549855044e-05,9.401515429076715e-10,0.08072675136514951
8.86875,9883.837724638699,7.961019719638815e-06,9.56386625454271e-05,9.56386625454271e-05,9.42790273077476e-10,0.07961019719638815
8.875,9885.481494756745,7.848366224487153e-06,9.606210932600595e-05,9.606210932600595e-05,9.45391663536181e-10,0.07848366224487152
8.88125,9887.139477595083,7.73473868035075e-06,9.648260792147404e-05,9.648260792147404e-05,9.479553914291099e-10,0.07734738680350751
8.887500000000001,9888.811327324252,7.620160788166796e-06,9.68999684689789e-05,9.68999684689789e-05,9.50481141757412e-10,0.07620160788166797
8.89375,9890.496702821465,7.504655926313849e-06,9.731399933652226e-05,9.731399933652226e-05,9.529686072711472e-10,0.0750465592631385
8.9,9892.195267584913,7.388247156471008e-06,9.772450730588014e-05,9.772450730588014e-05,9.554174883643142e-10,0.07388247156471008
8.90625,9893.906689647705,7.270957229529354e-06,9.813129776334946e-05,9.813129776334946e-05,9.57827492971838e-10,0.07270957229529354
8.9125,9895.630641490876,7.152808591545075e-06,9.853417489809347e-05,9.853417489809347e-05,9.601983364685307e-10,0.07152808591545075
8.918750000000001,9897.366799956071,7.033823389724937e-06,9.893294190782965e-05,9.893294190782965e-05,9.625297415700352e-10,0.07033823389724937
8.925,9899.114846157909,6.914023478436e-06,9.932740121157539e-05,9.932740121157539e-05,9.648214382357625e-10,0.06914023478436
8.93125,9900.874465395907,6.7934304252325535e-06,9.97173546691389e-05,9.97173546691389e-05,9.670731635738254e-10,0.06793430425232554
8.9375,9902.645347066624,6.672065516894331e-06,0.00010010260380701444,0.00010010260380701444,9.69284661747974e-10,0.06672065516894331
8.94375,9904.427184575163,6.549949765470957e-06,0.00010048295005031358,0.00010048295005031358,9.714556838865344e-10,0.06549949765470957
8.950000000000001,9906.21967524724,6.427103914328554e-06,0.00010085819496033714,0.00010085819496033714,9.735859879933528e-10,0.06427103914328554
8.95625,9908.022520240656,6.303548444195162e-06,0.00010122814047736622,0.00010122814047736622,9.756753388607411e-10,0.06303548444195162
8.9625,9909.835424457468,6.179303579202424e-06,0.00010159258916822445,0.00010159258916822445,9.777235079844275e-10,0.06179303579202424
8.96875,9911.658096455554,6.054389292921627e-06,0.00010195134447813967,0.00010195134447813967,9.797302734805064e-10,0.06054389292921627
8.975,9913.49024836112,5.928825314392851e-06,0.0001023042109864085,0.0001023042109864085,9.816954200043866e-10,0.059288253143928514
8.981250000000001,9915.331595780292,5.802631134146411e-06,0.00010265099466534502,0.00010265099466534502,9.836187386717363e-10,0.05802631134146411
8.9875,9917.181857711834,5.6758260102164195e-06,0.00010299150314197394,0.00010299150314197394,9.855000269814201e-10,0.0567582601021642
8.99375,9919.04075645911,5.548428974146554e-06,0.0001033255459619068,0.0001033255459619068,9.873390887404284e-10,0.05548428974146554
9.0,9920.908017543044,5.4204588369886876e-06,0.00010365293485482344,0.00010365293485482344,9.891357339907928e-10,0.054204588369886876
9.00625,9922.783369614079,5.2919341952951424e-06,0.00010397348400096176,0.00010397348400096176,9.908897789384894e-10,0.05291934195295143
9.012500000000001,9924.666544365487,5.162873437105843e-06,0.00010428701029800542,0.00010428701029800542,9.926010458843262e-10,0.05162873437105843
9.01875,9926.55727644541,5.033294747931695e-06,0.00010459333362774366,0.00010459333362774366,9.942693631568136e-10,0.05033294747931695
9.025,9928.45530337008,4.9032161167358424e-06,0.00010489227712186782,0.00010489227712186782,9.958945650470169e-10,0.04903216116735842
9.03125,9930.360365436321,4.7726553419145946e-06,0.0001051836674262579,0.0001051836674262579,9.974764917453923e-10,0.047726553419145945
9.0375,9932.272205634246,4.641630037279884e-06,0.00010546733496310577,0.00010546733496310577,9.990149892806047e-10,0.04641630037279884
9.043750000000001,9934.190569559962,4.5101576380453505e-06,0.00010574311419021624,0.00010574311419021624,1.0005099094603307e-09,0.045101576380453506
9.05,9936.115205328286,4.378255406818126e-06,0.00010601084385682354,0.00010601084385682354,1.0019611098140468e-09,0.04378255406818126
9.05625,9938.045863484864,4.24594043959847e-06,0.00010627036725526052,0.00010627036725526052,1.0033684535378065e-09,0.0424594043959847
9.0625,9939.98229691887,4.113229671789517e-06,0.00010652153246781877,0.00010652153246781877,1.0047318094410096e-09,0.04113229671789517
9.06875,9941.924260774767,3.980139884219296e-06,0.00010676419260814188,0.00010676419260814188,1.0060510518951671e-09,0.039801398842192956
9.075000000000001,9943.871512364476,3.846687709177312e-06,0.00010699820605650039,0.00010699820605650039,1.007326060784667e-09,0.03846687709177312
9.08125,9945.82381107904,3.712889636467872e-06,0.00010722343668830539,0.00010722343668830539,1.0085567214595467e-09,0.03712889636467872
9.0875,9947.780918299775,3.5787620194823708e-06,0.00010743975409522882,0.00010743975409522882,1.009742924690279e-09,0.035787620194823705
9.09375,9949.742597309729,3.444321081292704e-06,0.0001076470337983119,0.0001076470337983119,1.0108845666245754e-09,0.03444321081292704
9.1,9951.70861320418,3.3095829207679306e-06,0.00010784515745245928,0.00010784515745245928,1.0119815487462195e-09,0.033095829207679305
9.106250000000001,9953.678732800974,3.1745635187162376e-06,0.00010803401304173444,0.00010803401304173444,1.0130337778359345e-09,0.03174563518716238
9.1125,9955.652724550768,3.0392787440542735e-06,0.00010821349506489227,0.00010821349506489227,1.0140411659342956e-09,0.030392787440542735
9.11875,9957.630358446317,2.9037443600057423e-06,0.00010838350471060824,0.00010838350471060824,1.0150036303066983e-09,0.029037443600057423
9.125,9959.611405931775,2.767976030331211e-06,0.00010854395002188802,0.00010854395002188802,1.01592109341039e-09,0.027679760303312113
9.13125,9961.595639811108,2.6319893255908657e-06,0.00010869474604916899,0.00010869474604916899,1.0167934828635787e-09,0.026319893255908656
9.137500000000001,9963.582834156352,2.4957997294420204e-06,0.00010883581499165414,0.00010883581499165414,1.017620731416628e-09,0.024957997294420203
9.14375,9965.572764215194,2.3594226449729992e-06,0.00010896708632645043,0.00010896708632645043,1.0184027769253526e-09,0.023594226449729992
9.15,9967.565206317915,2.2228734010749437e-06,0.00010908849692511642,0.00010908849692511642,1.0191395623264241e-09,0.022228734010749436
9.15625,9969.55993778396,2.0861672588530584e-06,0.00010919999115725924,0.00010919999115725924,1.0198310356149043e-09,0.020861672588530583
9.1625,9971.55673682761,1.9493194180786327e-06,0.00010930152098085695,0.00010930152098085695,1.0204771498239146e-09,0.019493194180786325
9.168750000000001,9973.55538246344,1.8123450236831509e-06,0.00010939304601902103,0.00010939304601902103,1.0210778630064596e-09,0.01812345023683151
9.175,9975.555654410708,1.6752591722956547e-06,0.00010947453362295208,0.00010947453362295208,1.0216331382194169e-09,0.016752591722956546
9.18125,9977.557332997578,1.5380769188244325e-06,0.00010954595892088318,0.00010954595892088318,1.0221429435097077e-09,0.015380769188244325
9.1875,9979.5601990642,1.4008132830839672e-06,0.00010960730485284616,0.00010960730485284616,1.0226072519026662e-09,0.014008132830839673
9.19375,9981.5640338654,1.2634832564679962e-06,0.0001096585621911391,0.0001096585621911391,1.0230260413926182e-09,0.012634832564679961
9.200000000000001,9983.568618972678,1.1261018086693696e-06,0.00010969972954641534,0.00010969972954641534,1.0233992949356884e-09,0.011261018086693695
9.20625,9985.573736175478,9.886838944472855e-07,0.00010973081335935889,0.00010973081335935889,1.0237270004448511e-09,0.009886838944472854
9.2125,9987.579167381611,8.512444604422917e-07,0.00010975182787795448,0.00010975182787795448,1.0240091507872383e-09,0.008512444604422917
9.21875,9989.58469451729,7.137984520393618e-07,0.0001097627951204041,0.0001097627951204041,1.0242457437837246e-09,0.007137984520393618
9.225,9991.590099426201,5.763608202791071e-07,0.00010976374482378662,0.00010976374482378662,1.024436782210801e-09,0.00576360820279107
9.231250000000001,9993.5951637679,4.3894652881707943e-07,0.00010975471437859997,0.00010975471437859997,1.0245822738047564e-09,0.004389465288170794
9.2375,9995.599668915705,3.015705609308986e-07,0.00010973574874936917,0.00010973574874936917,1.0246822312681816e-09,0.003015705609308986
9.24375,9997.603395853588,1.6424792657474454e-07,0.00010970690038154577,0.00010970690038154577,1.0247366722788114e-09,0.0016424792657474454
9.25,9999.606125072809,2.699366948055933e-08,0.0001096682290949663,0.0001096682290949663,1.0247456195007203e-09,0.0002699366948055933
9.25625,10001.607636467354,-1.1017712569493141e-07,0.00010961980196417818,0.00010961980196417818,1.0247091005978872e-09,-0.0011017712569493141
9.262500000000001,10003.607709229094,-2.472493261785208e-07,0.00010956169318598098,0.00010956169318598098,1.0246271482501444e-09,-0.002472493261785208
9.26875,10005.606121742363,-3.8420774384547593e-07,0.00010949398393456973,0.00010949398393456973,1.0244998001715236e-09,-0.003842077438454759
9.275,10007.602651477604,-5.210371279428457e-07,0.00010941676220470358,0.00010941676220470358,1.024327099131015e-09,-0.005210371279428457
9.28125,10009.597074884658,-6.577221577730178e-07,0.00010933012264335815,0.00010933012264335815,1.0241090929757504e-09,-0.006577221577730178
9.2875,10011.589167285565,-7.942474353397401e-07,0.000109234166370354,0.000109234166370354,1.0238458346566244e-09,-0.007942474353397401
9.293750000000001,10013.578702766401,-9.305974779591896e-07,0.00010912900078848418,0.00010912900078848418,1.023537382256365e-09,-0.009305974779591896
9.3,10015.565454069607,-1.0667567108388972e-06,0.00010901473938369416,0.00010901473938369416,1.0231837990200633e-09,-0.010667567108388972
9.30625,10017.549192484708,-1.202709459627817e-06,0.000108891501515894,0.000108891501515894,1.0227851533881726e-09,-0.012027094596278171
9.3125,10019.529687739423,-1.3384399429411061e-06,0.0001087594122010078,0.0001087594122010078,1.022341519031986e-09,-0.01338439942941106
9.31875,10021.50670789045,-1.4739322648635549e-06,0.00010861860188488766,0.00010861860188488766,1.0218529748915978e-09,-0.014739322648635549
9.325000000000001,10023.480019213705,-1.6091704074361175e-06,0.00010846920620973995,0.00010846920620973995,1.0213196052163559e-09,-0.016091704074361175
9.33125,10025.449386094306,-1.7441382231302949e-06,0.00010831136577372865,0.00010831136577372865,1.020741499607808e-09,-0.017441382231302947
9.3375,10027.414570917013,-1.878819427315611e-06,0.00010814522588443507,0.00010814522588443507,1.0201187530651455e-09,-0.01878819427315611
9.34375,10029.37533395624,-2.013197590725896e-06,0.00010797093630686608,0.00010797093630686608,1.0194514660331437e-09,-0.02013197590725896
9.35,10031.331433265916,-2.1472561319305474e-06,0.0001077886510067119,0.0001077886510067119,1.0187397444525972e-09,-0.021472561319305476
9.356250000000001,10033.282624570153,-2.280978309817413e-06,0.00010759852788956107,0.00010759852788956107,1.0179836998132482e-09,-0.02280978309817413
9.3625,10035.228661153571,-2.4143472160944786e-06,0.00010740072853678467,0.00010740072853678467,1.0171834492091986e-09,-0.024143472160944784
9.36875,10037.169293752431,-2.5473457678180516e-06,0.00010719541793880255,0.00010719541793880255,1.0163391153967997e-09,-0.025473457678180517
9.375,10039.104270446038,-2.6799566999556682e-06,0.00010698276422644263,0.00010698276422644263,1.0154508268550068e-09,-0.02679956699955668
9.38125,10041.033336548931,-2.8121625579925087e-06,0.00010676293840110122,0.00010676293840110122,1.014518717848184e-09,-0.028121625579925088
9.387500000000001,10042.95623450373,-2.9439456905906816e-06,0.00010653611406440412,0.00010653611406440412,1.0135429284913425e-09,-0.029439456905906818
9.39375,10044.872703774901,-3.075288242311317e-06,0.00010630246714805974,0.00010630246714805974,1.0125236048177917e-09,-0.03075288242311317
9.4,10046.782480743614,-3.2061721464099752e-06,0.00010606217564458327,0.00010606217564458327,1.0114608988491771e-09,-0.03206172146409975
9.40625,10048.685298604109,-3.336579117716513e-06,0.00010581541933955681,0.00010581541933955681,1.010354968667879e-09,-0.03336579117716513
9.4125,10050.580887260758,-3.466490645611166e-06,0.00010556237954607351,0.00010556237954607351,1.0092059784917393e-09,-0.03466490645611166
9.418750000000001,10052.468973227567,-3.595887987109176e-06,0.00010530323884199515,0.00010530323884199515,1.0080140987510805e-09,-0.03595887987109176
9.425,10054.349279528837,-3.7247521600669774e-06,0.0001050381808106317,0.0001050381808106317,1.0067795061679762e-09,-0.037247521600669777
9.43125,10056.221525602057,-3.853063936523558e-06,0.00010476738978542797,0.00010476738978542797,1.0055023838377288e-09,-0.038530639365235576
9.4375,10058.08542720293,-3.980803836191252e-06,0.0001044910505992189,0.0001044910505992189,1.004182921312505e-09,-0.03980803836191252
9.44375,10059.940696312739,-4.10795212011083e-06,0.00010420934833858742,0.00010420934833858742,1.0028213146870737e-09,-0.041079521201108304
9.450000000000001,10061.787041048483,-4.234488784486457e-06,0.00010392246810383134,0.00010392246810383134,1.0014177666865883e-09,-0.042344887844864565
9.45625,10063.624165575762,-4.360393554716595e-06,0.00010363059477501678,0.00010363059477501678,9.999724867563466e-10,-0.04360393554716595
9.4625,10065.451770024616,-4.485645879637729e-06,0.0001033339127845643,0.0001033339127845643,9.98485691153459e-10,-0.04485645879637729
9.46875,10067.269550409217,-4.610224925998198e-06,0.00010303260589678301,0.00010303260589678301,9.969576030403488e-10,-0.04610224925998198
9.475,10069.077198550514,-4.734109573180219e-06,0.00010272685699473477,0.00010272685699473477,9.953884525800007e-10,-0.04734109573180219
9.481250000000001,10070.87440200331,-4.857278408188648e-06,0.00010241684787477767,0.00010241684787477767,9.93778477032872e-10,-0.048572784081886484
9.4875,10072.660843987422,-4.9797097209256465e-06,0.00010210275904910414,0.00010210275904910414,9.921279208553687e-10,-0.049797097209256465
9.49375,10074.436203322713,-5.1013814997710176e-06,0.00010178476955655447,0.00010178476955655447,9.90437035799787e-10,-0.051013814997710176
9.5,10076.200154370017,-5.222271427488402e-06,0.00010146305678195231,0.00010146305678195231,9.887060810156116e-10,-0.05222271427488402
9.50625,10077.952366975931,-5.342356877478183e-06,0.00010113779628417407,0.00010113779628417407,9.869353231520569e-10,-0.053423568774781834
9.512500000000001,10079.692506423768,-5.46161491039829e-06,0.00010080916163312965,0.00010080916163312965,9.851250364617262e-10,-0.054616149103982894
9.51875,10081.420233389888,-5.58002227117464e-06,0.00010047732425579735,0.00010047732425579735,9.832755029052638e-10,-0.0558002227117464
9.525,10083.135203906044,-5.697555386423334e-06,0.00010014245329142258,0.00010014245329142258,9.813870122568612e-10,-0.05697555386423334
9.53125,10084.83706932812,-5.814190362307109e-06,9.980471545595625e-05,9.980471545595625e-05,9.794598622104721e-10,-0.058141903623071096
9.5375,10086.525476311594,-5.929902982848844e-06,9.946427491577586e-05,9.946427491577586e-05,9.77494358486589e-10,-0.059299029828488434
9.543750000000001,10088.200066793825,-6.04466870872533e-06,9.91212931707011e-05,9.91212931707011e-05,9.754908149394174e-10,-0.0604466870872533
9.55,10089.86047798383,-6.158462676564607e-06,9.877592894628422e-05,9.877592894628422e-05,9.734495536642846e-10,-0.06158462676564607
9.55625,10091.506342359919,-6.271259698770452e-06,9.842833809532592e-05,9.842833809532592e-05,9.713709051051054e-10,-0.06271259698770452
9.5625,10093.137287674728,-6.3830342638977685e-06,9.807867350853875e-05,9.807867350853875e-05,9.692552081617234e-10,-0.06383034263897769
9.56875,10094.752936969522,-6.493760537602579e-06,9.772708503425258e-05,9.772708503425258e-05,9.671028102969388e-10,-0.06493760537602579
9.575000000000001,10096.352908596582,-6.60341236419049e-06,9.737371940703047e-05,9.737371940703047e-05,9.649140676430215e-10,-0.0660341236419049
9.58125,10097.936816250956,-6.711963268787342e-06,9.701872018503865e-05,9.701872018503865e-05,9.626893451075053e-10,-0.06711963268787342
9.5875,10099.50426901147,-6.819386460155681e-06,9.666222769599143e-05,9.666222769599143e-05,9.604290164780485e-10,-0.06819386460155681
9.59375,10101.054871391627,-6.9256548341805195e-06,9.630437899146975e-05,9.630437899146975e-05,9.581334645261394e-10,-0.0692565483418052
9.600000000000001,10102.588223400584,-7.030740978047503e-06,9.594530780939224e-05,9.594530780939224e-05,9.558030811094159e-10,-0.07030740978047503
9.606250000000001,10104.103920614612,-7.134617175136362e-06,9.558514454439977e-05,9.558514454439977e-05,9.534382672723648e-10,-0.07134617175136362
9.6125,10105.60155425911,-7.237255410652046e-06,9.522401622589692e-05,9.522401622589692e-05,9.510394333451533e-10,-0.07237255410652046
9.61875,10107.080711301978,-7.338627378015384e-06,9.486204650347953e-05,9.486204650347953e-05,9.486069990403427e-10,-0.07338627378015385
9.625,10108.540974558304,-7.438704486034628e-06,9.449935563946382e-05,9.449935563946382e-05,9.461413935472249e-10,-0.07438704486034628
9.631250000000001,10109.98192280643,-7.537457866878436e-06,9.413606050822099e-05,9.413606050822099e-05,9.436430556235167e-10,-0.07537457866878436
9.637500000000001,10111.403130916706,-7.63485838487014e-06,9.377227460201166e-05,9.377227460201166e-05,9.411124336841383e-10,-0.0763485838487014
9.64375,10112.80416999158,-7.730876646122245e-06,9.340810804300569e-05,9.340810804300569e-05,9.385499858867993e-10,-0.07730876646122245
9.65,10114.184607519184,-7.825483009029129e-06,9.304366760116708e-05,9.304366760116708e-05,9.359561802141065e-10,-0.07825483009029129
9.65625,10115.544007538834,-7.918647595634903e-06,9.267905671767788e-05,9.267905671767788e-05,9.333314945519033e-10,-0.07918647595634903
9.662500000000001,10116.881930820033,-8.010340303892109e-06,9.231437553357246e-05,9.231437553357246e-05,9.306764167635467e-10,-0.08010340303892109
9.668750000000001,10118.197935054744,-8.100530820825804e-06,9.194972092325121e-05,9.194972092325121e-05,9.279914447598202e-10,-0.08100530820825803
9.675,10119.491575062319,-8.189188636616156e-06,9.158518653254208e-05,9.158518653254208e-05,9.252770865641794e-10,-0.08189188636616157
9.68125,10120.762403009358,-8.276283059611124e-06,9.122086282098031e-05,9.122086282098031e-05,9.225338603730214e-10,-0.08276283059611124
9.6875,10122.009968641712,-8.361783232279445e-06,9.085683710797797e-05,9.085683710797797e-05,9.197622946106667e-10,-0.08361783232279445
9.693750000000001,10123.233819531704,-8.445658148112255e-06,9.049319362255949e-05,9.049319362255949e-05,9.169629279787384e-10,-0.08445658148112255
9.700000000000001,10124.433501338195,-8.527876669480069e-06,9.013001355634342e-05,9.013001355634342e-05,9.141363094996235e-10,-0.08527876669480068
9.70625,10125.608558081594,-8.608407546449899e-06,8.976737511945741e-05,8.976737511945741e-05,9.112829985536959e-10,-0.08608407546449899
9.7125,10126.758532432077,-8.687219436565401e-06,8.940535359907961e-05,8.940535359907961e-05,9.084035649099845e-10,-0.08687219436565402
9.71875,10127.882966012625,-8.76428092559083e-06,8.904402142030816e-05,8.904402142030816e-05,9.054985887499646e-10,-0.0876428092559083
9.725000000000001,10128.981399715418,-8.83956054921746e-06,8.868344820906901e-05,8.868344820906901e-05,9.025686606841549e-10,-0.08839560549217461
9.731250000000001,10130.0533740329,-8.913026815728965e-06,8.832370085678198e-05,8.832370085678198e-05,8.996143817612021e-10,-0.08913026815728965
9.7375,10131.098429402062,-8.984648229619834e-06,8.796484358651515e-05,8.796484358651515e-05,8.966363634691365e-10,-0.08984648229619834
9.74375,10132.116106563166,-9.054393316158605e-06,8.76069380203688e-05,8.76069380203688e-05,8.936352277284868e-10,-0.09054393316158606
9.75,10133.10594693151,-9.12223064688517e-06,8.725004324784096e-05,8.725004324784096e-05,8.90611606876943e-10,-0.0912223064688517
9.756250000000001,10134.067492983126,-9.188128866028882e-06,8.689421589493931e-05,8.689421589493931e-05,8.875661436452626e-10,-0.09188128866028882
9.762500000000001,10135.000288653257,-9.25205671783167e-06,8.653951019381567e-05,8.653951019381567e-05,8.844994911241213e-10,-0.09252056717831669
9.76875,10135.90387974819,-9.313983074757538e-06,8.618597805271185e-05,8.618597805271185e-05,8.814123127216129e-10,-0.09313983074757538
9.775,10136.777814369343,-9.373876966567307e-06,8.583366912601893e-05,8.583366912601893e-05,8.783052821111123e-10,-0.09373876966567307
9.78125,10137.621643349918,-9.43170761023454e-06,8.548263088426393e-05,8.548263088426393e-05,8.751790831692222e-10,-0.0943170761023454
9.787500000000001,10138.434920702986,-9.487444440675945e-06,8.513290868385124e-05,8.513290868385124e-05,8.720344099035351e-10,-0.09487444440675945
9.793750000000001,10139.21720408179,-9.54105714226653e-06,8.478454583639897e-05,8.478454583639897e-05,8.688719663699484e-10,-0.0954105714226653
9.8,10139.968055250269,-9.592515681107161e-06,8.443758367752271e-05,8.443758367752271e-05,8.656924665792847e-10,-0.09592515681107161
9.80625,10140.68704056433,-9.64179033800912e-06,8.409206163493237e-05,8.409206163493237e-05,8.624966343929792e-10,-0.0964179033800912
9.8125,10141.373731463218,-9.688851742157501e-06,8.374801729571942e-05,8.374801729571942e-05,8.592852034076085e-10,-0.096888517421575
9.818750000000001,10142.027704970034,-9.733670905412388e-06,8.340548647272467e-05,8.340548647272467e-05,8.560589168280513e-10,-0.09733670905412388
9.825000000000001,10142.648544200538,-9.77621925720391e-06,8.306450326988821e-05,8.306450326988821e-05,8.528185273290816e-10,-0.0977621925720391
9.83125,10143.235838880839,-9.816468679974429e-06,8.272510014649446e-05,8.272510014649446e-05,8.495647969052151e-10,-0.09816468679974429
9.8375,10143.789185871372,-9.854391545118401e-06,8.238730798023677e-05,8.238730798023677e-05,8.46298496708643e-10,-0.09854391545118402
9.84375,10144.308189698024,-9.889960749367581e-06,8.205115612903645e-05,8.205115612903645e-05,8.430204068751055e-10,-0.09889960749367581
9.850000000000001,10144.792463088615,-9.923149751566695e-06,8.17166724915612e-05,8.17166724915612e-05,8.397313163375763e-10,-0.09923149751566696
9.856250000000001,10145.241627514575,-9.95393260978196e-06,8.138388356639818e-05,8.138388356639818e-05,8.364320226276463e-10,-0.0995393260978196
9.8625,10145.655313736133,-9.982284018682413e-06,8.105281450984553e-05,8.105281450984553e-05,8.33123331664518e-10,-0.09982284018682414
9.86875,10146.033162350997,-1.0008179347131435e-05,8.072348919229558e-05,8.072348919229558e-05,8.298060575315394e-10,-0.10008179347131435
9.875,10146.37482434491,-1.0031594675923626e-05,8.039593025319094e-05,8.039593025319094e-05,8.264810222402298e-10,-0.10031594675923626
9.881250000000001,10146.679961643411,-1.0052506835599822e-05,8.007015915454214e-05,8.007015915454214e-05,8.231490554817719e-10,-0.10052506835599823
9.887500000000001,10146.948247663868,-1.007089344427107e-05,7.974619623300317e-05,7.974619623300317e-05,8.198109943659667e-10,-0.1007089344427107
9.89375,10147.179367866362,-1.008673294538028e-05,7.94240607505077e-05,7.94240607505077e-05,8.164676831476716e-10,-0.10086732945380279
9.9,10147.3730203026,-1.0100004645328469e-05,7.910377094347469e-05,7.910377094347469e-05,8.131199729407682e-10,-0.10100004645328468
9.90625,10147.528916162184,-1.0110688750890891e-05,7.878534407059801e-05,7.878534407059801e-05,8.097687214197269e-10,-0.10110688750890891
9.912500000000001,10147.64678031409,-1.0118766406346762e-05,7.846879645923966e-05,7.846879645923966e-05,8.064147925088657e-10,-0.10118766406346763
9.918750000000001,10147.72635184317,-1.0124219730244931e-05,7.815414355045066e-05,7.815414355045066e-05,8.030590560594226e-10,-0.10124219730244931
9.925,10147.767384580327,-1.0127031851726834e-05,7.784139994264789e-05,7.784139994264789e-05,7.997023875145875e-10,-0.10127031851726834
9.93125,10147.76964762485,-1.0127186946326888e-05,7.753057943397885e-05,7.753057943397885e-05,7.963456675626696e-10,-0.10127186946326888
9.9375,10147.732925857663,-1.0124670271170013e-05,7.722169506340905e-05,7.722169506340905e-05,7.929897817785967e-10,-0.10124670271170014
9.943750000000001,10147.657020445435,-1.0119468199485101e-05,7.691475915057005e-05,7.691475915057005e-05,7.89635620253976e-10,-0.10119468199485102
9.950000000000001,10147.541749332693,-1.0111568254353217e-05,7.660978333440796e-05,7.660978333440796e-05,7.86284077215968e-10,-0.10111568254353218
9.95625,10147.386947721918,-1.0100959141609079e-05,7.630677861067429e-05,7.630677861067429e-05,7.829360506352554e-10,-0.10100959141609078
9.9625,10147.192468540214,-1.0087630781814494e-05,7.600575536830263e-05,7.600575536830263e-05,7.795924418234146e-10,-0.10087630781814494
9.96875,10146.958182891029,-1.0071574341222853e-05,7.570672342471558e-05,7.570672342471558e-05,7.762541550200225e-10,-0.10071574341222853
9.975000000000001,10146.683980490034,-1.0052782261654434e-05,7.540969206010731e-05,7.540969206010731e-05,7.729220969698627e-10,-0.10052782261654435
9.981250000000001,10146.369770084097,-1.0031248289202999e-05,7.511467005074777e-05,7.511467005074777e-05,7.695971764906152e-10,-0.10031248289202999
9.9875,10146.015479851982,-1.000696750169546e-05,7.482166570135443e-05,7.482166570135443e-05,7.662803040314454e-10,-0.1000696750169546
9.99375,10145.621057785504,-9.979936334827632e-06,7.453068687657769e-05,7.453068687657769e-05,7.629723912229298e-10,-0.09979936334827633
10.0,10145.186472050678,-9.95015260690076e-06,7.424174103164589e-05,7.424174103164589e-05,7.596743504187827e-10,-0.09950152606900761
10.006250000000001,10144.711711327127,-9.917615542085417e-06,7.395483524221489e-05,7.395483524221489e-05,7.563870942298719e-10,-0.09917615542085417
10.012500000000001,10144.196785124837,-9.882325792141416e-06,7.366997623346724e-05,7.366997623346724e-05,7.531115350510354e-10,-0.09882325792141416
10.01875,10143.641724077843,-9.844285456524859e-06,7.338717040850424e-05,7.338717040850424e-05,7.498485845812332e-10,-0.09844285456524858
10.025,10143.04658021286,-9.803498100816021e-06,7.310642387607405e-05,7.310642387607405e-05,7.465991533375911e-10,-0.09803498100816022
10.03125,10142.411427192876,-9.759968773404643e-06,7.282774247767716e-05,7.282774247767716e-05,7.433641501639145e-10,-0.09759968773404643
10.037500000000001,10141.736360534282,-9.713704020372348e-06,7.255113181408943e-05,7.255113181408943e-05,7.401444817342687e-10,-0.09713704020372348
10.043750000000001,10141.021497796795,-9.664711898515262e-06,7.227659727134211e-05,7.227659727134211e-05,7.369410520522432e-10,-0.09664711898515262
10.05,10140.266978745794,-9.613001986453412e-06,7.200414404619584e-05,7.200414404619584e-05,7.337547619465334e-10,-0.09613001986453412
10.05625,10139.47296548552,-9.558585393777404e-06,7.1733777171145e-05,7.1733777171145e-05,7.305865085634909e-10,-0.09558585393777404
10.0625,10138.639642563365,-9.501474768186753e-06,7.146550153898659e-05,7.146550153898659e-05,7.274371848573075e-10,-0.09501474768186753
10.068750000000001,10137.767217044207,-9.44168430057856e-06,7.119932192698658e-05,7.119932192698658e-05,7.24307679078513e-10,-0.0944168430057856
10.075000000000001,10136.855918553918,-9.379229728049563e-06,7.093524302067495e-05,7.093524302067495e-05,7.211988742614769e-10,-0.09379229728049562
10.08125,10135.905999292578,-9.314128334779148e-06,7.067326943729891e-05,7.067326943729891e-05,7.181116477116187e-10,-0.09314128334779148
10.0875,10134.917734015893,-9.246398950765704e-06,7.041340574896201e-05,7.041340574896201e-05,7.150468704930363e-10,-0.09246398950765704
10.09375,10133.891419985126,-9.176061948393535e-06,7.015565650547576e-05,7.015565650547576e-05,7.120054069172721e-10,-0.09176061948393535
10.100000000000001,10132.827376884936,-9.103139236812597e-06,6.990002625694782e-05,6.990002625694782e-05,7.089881140339429e-10,-0.09103139236812596
10.106250000000001,10131.72594670965,-9.027654254118435e-06,6.964651957613005e-05,6.964651957613005e-05,7.05995841123961e-10,-0.09027654254118435
10.1125,10130.587493616493,-8.94963195732499e-06,6.939514108054732e-05,6.939514108054732e-05,7.03029429196079e-10,-0.0894963195732499
10.11875,10129.412403747381,-8.869098810128209e-06,6.914589545442719e-05,6.914589545442719e-05,7.000897104874907e-10,-0.08869098810128209
10.125,10128.201085018018,-8.786082768463838e-06,6.889878747044797e-05,6.889878747044797e-05,6.971775079692186e-10,-0.08786082768463838
10.131250000000001,10126.95396687518,-8.700613263868247e-06,6.865382201132219e-05,6.865382201132219e-05,6.942936348570172e-10,-0.08700613263868247
10.137500000000001,10125.67150002202,-8.612721184656517e-06,6.841100409122997e-05,6.841100409122997e-05,6.914388941285142e-10,-0.08612721184656517
10.14375,10124.354156112022,-8.522438854937646e-06,6.81703388771161e-05,6.81703388771161e-05,6.886140780473077e-10,-0.08522438854937646
10.15,10123.002427411417,-8.429800011492137e-06,6.793183170986257e-05,6.793183170986257e-05,6.858199676947268e-10,-0.08429800011492136
10.15625,10121.616826431022,-8.334839778542709e-06,6.769548812534701e-05,6.769548812534701e-05,6.83057332509956e-10,-0.08334839778542709
10.162500000000001,10120.197885528196,-8.237594640454313e-06,6.746131387539632e-05,6.746131387539632e-05,6.80326929839207e-10,-0.08237594640454313
10.168750000000001,10118.746156478628,-8.138102412404961e-06,6.722931494864296e-05,6.722931494864296e-05,6.776295044946122e-10,-0.08138102412404961
10.175,10117.262210019573,-8.036402209074188e-06,6.699949759129013e-05,6.699949759129013e-05,6.749657883234971e-10,-0.08036402209074188
10.18125,10115.746635364665,-7.932534411401118e-06,6.67718683277908e-05,6.67718683277908e-05,6.723364997886701e-10,-0.07932534411401118
10.1875,10114.20003969161,-7.826540631469128e-06,6.654643398144408e-05,6.654643398144408e-05,6.697423435603527e-10,-0.07826540631469128
10.193750000000001,10112.623047603609,-7.718463675579021e-06,6.63232016949111e-05,6.63232016949111e-05,6.671840101203478e-10,-0.07718463675579021
10.200000000000001,10111.016300564666,-7.608347505577444e-06,6.610217895065121e-05,6.610217895065121e-05,6.64662175379027e-10,-0.07608347505577444
10.20625,10109.380456311188,-7.496237198511703e-06,6.588337359127805e-05,6.588337359127805e-05,6.621775003056908e-10,-0.07496237198511703
10.2125,10107.716188239847,-7.382178904686663e-06,6.566679383983364e-05,6.566679383983364e-05,6.597306305728301e-10,-0.07382178904686663
10.21875,10106.024184773523,-7.266219804203443e-06,6.545244831997718e-05,6.545244831997718e-05,6.573221962147937e-10,-0.07266219804203443
10.225000000000001,10104.30514870615,-7.148408062063689e-06,6.524034607608454e-05,6.524034607608454e-05,6.549528113013373e-10,-0.0714840806206369
10.231250000000001,10102.559796527903,-7.028792781926787e-06,6.503049659325203e-05,6.503049659325203e-05,6.526230736264988e-10,-0.07028792781926788
10.2375,10100.788857732228,-6.907423958610862e-06,6.482290981719767e-05,6.482290981719767e-05,6.503335644132187e-10,-0.06907423958610863
10.24375,10098.993074105852,-6.784352429431603e-06,6.461759617405138e-05,6.461759617405138e-05,6.480848480340887e-10,-0.06784352429431603
10.25,10097.173199003058,-6.659629824475789e-06,6.441456659002412e-05,6.441456659002412e-05,6.458774717485829e-10,-0.06659629824475789
10.256250000000001,10095.32999660605,-6.533308515909049e-06,6.421383251094483e-05,6.421383251094483e-05,6.437119654570908e-10,-0.06533308515909049
10.262500000000001,10093.464241172824,-6.405441566419556e-06,6.401540592165217e-05,6.401540592165217e-05,6.415888414720395e-10,-0.06405441566419556
10.26875,10091.576716273503,-6.276082676901534e-06,6.381929936522757e-05,6.381929936522757e-05,6.395085943063562e-10,-0.06276082676901534
10.275,10089.668214017765,-6.145286133483899e-06,6.362552596205329e-05,6.362552596205329e-05,6.374717004794883e-10,-0.06145286133483899
10.28125,10087.739534273698,-6.013106754010855e-06,6.343409942867904e-05,6.343409942867904e-05,6.354786183411634e-10,-0.06013106754010855
10.287500000000001,10085.791483880432,-5.87959983408219e-06,6.324503409647842e-05,6.324503409647842e-05,6.335297879130339e-10,-0.0587959983408219
10.293750000000001,10083.824875856148,-5.744821092761716e-06,6.30583449300751e-05,6.30583449300751e-05,6.316256307483174e-10,-0.057448210927617156
10.3,10081.840528602363,-5.608826618062646e-06,6.287404754551735e-05,6.287404754551735e-05,6.297665498095057e-10,-0.056088266180626456
10.30625,10079.839265107179,-5.471672812318655e-06,6.26921582281776e-05,6.26921582281776e-05,6.279529293641816e-10,-0.05471672812318655
10.3125,10077.821912147565,-5.333416337549151e-06,6.25126939503525e-05,6.25126939503525e-05,6.261851348989447e-10,-0.05333416337549151
10.318750000000001,10075.789299494236,-5.194114060926458e-06,6.233567238853704e-05,6.233567238853704e-05,6.244635130514115e-10,-0.05194114060926458
10.325000000000001,10073.742259118575,-5.053823000451785e-06,6.216111194034481e-05,6.216111194034481e-05,6.227883915602227e-10,-0.05053823000451785
10.33125,10071.681624404644,-4.912600270945449e-06,6.198903174104505e-05,6.198903174104505e-05,6.211600792329519e-10,-0.0491260027094545
10.3375,10069.608229367443,-4.770503030455173e-06,6.181945167968484e-05,6.181945167968484e-05,6.195788659317772e-10,-0.047705030304551733
10.34375,10067.52290787808,-4.6275884271844414e-06,6.16523924147641e-05,6.16523924147641e-05,6.180450225767448e-10,-0.04627588427184441
10.350000000000001,10065.426492898921,-4.483913547040508e-06,6.148787538942833e-05,6.148787538942833e-05,6.165588011664168e-10,-0.04483913547040508
10.356250000000001,10063.319815728224,-4.339535361899289e-06,6.132592284614337e-05,6.132592284614337e-05,6.151204348156679e-10,-0.043395353618992896
10.3625,10061.203705257512,-4.194510678681365e-06,6.116655784081386e-05,6.116655784081386e-05,6.137301378103609e-10,-0.04194510678681365
10.36875,10059.078987241423,-4.048896089330448e-06,6.10098042563061e-05,6.10098042563061e-05,6.123881056786021e-10,-0.040488960893304476
10.375,10056.946483582335,-3.902747921782172e-06,6.08556868153343e-05,6.08556868153343e-05,6.110945152782487e-10,-0.039027479217821716
10.381250000000001,10054.80701163058,-3.7561221920075788e-06,6.070423109266684e-05,6.070423109266684e-05,6.09849524900311e-10,-0.037561221920075785
10.387500000000001,10052.66138350181,-3.6090745572118487e-06,6.055546352660876e-05,6.055546352660876e-05,6.086532743878677e-10,-0.036090745572118485
10.39375,10050.510405411618,-3.4616602702648684e-06,6.040941142971389e-05,6.040941142971389e-05,6.075058852700857e-10,-0.034616602702648686
10.4,10048.354877030002,-3.3139341354359564e-06,6.026610299867953e-05,6.026610299867953e-05,6.064074609109112e-10,-0.033139341354359565
10.40625,10046.195590855421,-3.1659504655007833e-06,6.012556732337428e-05,6.012556732337428e-05,6.053580866719785e-10,-0.03165950465500783
10.412500000000001,10044.033331609839,-3.017763040283966e-06,5.998783439494861e-05,5.998783439494861e-05,6.043578300892603e-10,-0.03017763040283966
10.418750000000001,10041.868875655544,-2.8694250666961748e-06,5.9852935112976326e-05,5.9852935112976326e-05,6.03406741062963e-10,-0.028694250666961747
10.425,10039.702990434724,-2.720989140319818e-06,5.972090129157364e-05,5.972090129157364e-05,6.025048520601559e-10,-0.02720989140319818
10.43125,10037.53643393229,-2.5725072085924723e-06,5.959176566444117e-05,5.959176566444117e-05,6.016521783296026e-10,-0.025725072085924724
10.4375,10035.36995416255,-2.424030535632357e-06,5.946556188877348e-05,5.946556188877348e-05,6.008487181282516e-10,-0.02424030535632357
10.443750000000001,10033.20428868046,-2.2756096687450605e-06,5.934232454797925e-05,5.934232454797925e-05,6.000944529588282e-10,-0.022756096687450607
10.450000000000001,10031.040164118158,-2.1272944066457277e-06,5.9222089153154236e-05,5.9222089153154236e-05,5.993893478179597e-10,-0.021272944066457276
10.45625,10028.878295746406,-1.9791337694258617e-06,5.910489214324856e-05,5.910489214324856e-05,5.987333514542552e-10,-0.01979133769425862
10.4625,10026.719387062547,-1.8311759702887904e-06,5.8990770883868874e-05,5.8990770883868874e-05,5.981263966357534e-10,-0.018311759702887904
10.46875,10024.564129403783,-1.68346838907286e-06,5.887976366465537e-05,5.887976366465537e-05,5.975684004261473e-10,-0.016834683890728598
10.475000000000001,10022.413201587486,-1.5360575475763403e-06,5.877190969517318e-05,5.877190969517318e-05,5.97059264469186e-10,-0.015360575475763404
10.481250000000001,10020.267269577258,-1.3889890866931575e-06,5.866724909925714e-05,5.866724909925714e-05,5.965988752806573e-10,-0.013889890866931575
10.4875,10018.126986176143,-1.2423077453636003e-06,5.8565822907749225e-05,5.8565822907749225e-05,5.961871045473446e-10,-0.012423077453636003
10.49375,10015.992990745626,-1.0960573413394513e-06,5.846767304956713e-05,5.846767304956713e-05,5.958238094323615e-10,-0.010960573413394513
10.5,10013.865908951535,-9.50280753758234e-07,5.837284234104339e-05,5.837284234104339e-05,5.955088328862615e-10,-0.00950280753758234
10.506250000000001,10011.746352536102,-8.050199075167483e-07,5.8281374473474256e-05,5.8281374473474256e-05,5.952420039633262e-10,-0.008050199075167483
10.512500000000001,10009.634919115733,-6.603157594296437e-07,5.819331399881838e-05,5.819331399881838e-05,5.950231381424432e-10,-0.006603157594296438
10.51875,10007.532192005141,-5.162082861544766e-07,5.810870631348575e-05,5.810870631348575e-05,5.948520376519848e-10,-0.005162082861544766
10.525,10005.43874006645,-3.727364738606288e-07,5.802759764015861e-05,5.802759764015861e-05,5.947284917981118e-10,-0.003727364738606288
10.53125,10003.355117583313,-2.2993830961551133e-07,5.795003500758701e-05,5.795003500758701e-05,5.94652277295932e-10,-0.0022993830961551133
10.537500000000001,10001.281864160326,-8.785077445769148e-08,5.7876066228303006e-05,5.7876066228303006e-05,5.946231586029548e-10,-0.0008785077445769148
10.543750000000001,9999.219504645494,5.349016187686739e-08,5.780573987419936e-05,5.780573987419936e-05,5.946408882542938e-10,0.000534901618768674
10.55,9997.168549077373,1.940495446127569e-07,5.773910524992013e-05,5.773910524992013e-05,5.947052071990821e-10,0.0019404954461275691
10.55625,9995.129492654301,3.3379343601755687e-07,5.7676212364012824e-05,5.7676212364012824e-05,5.948158451375775e-10,0.003337934360175569
10.5625,9993.102815726568,4.726889159520724e-07,5.761711189779419e-05,5.761711189779419e-05,5.9497252085845e-10,0.004726889159520724
10.568750000000001,9991.088983810176,6.107040809343413e-07,5.756185517188412e-05,5.756185517188412e-05,5.951749425757596e-10,0.006107040809343413
10.575000000000001,9989.088447621043,7.478080417658015e-07,5.751049411036514e-05,5.751049411036514e-05,5.954228082651464e-10,0.007478080417658016
10.58125,9987.101643130436,8.839709197703628e-07,5.7463081202528326e-05,5.7463081202528326e-05,5.957158059987751e-10,0.008839709197703627
10.5875,9985.128991638909,1.019163841698975e-06,5.741966946216925e-05,5.741966946216925e-05,5.960536142785901e-10,0.01019163841698975
10.59375,9983.170899869554,1.1533589333541714e-06,5.7380312384402e-05,5.7380312384402e-05,5.964359023674574e-10,0.011533589333541714
10.600000000000001,9981.22776007862,1.2865293119905146e-06,5.734506389996285e-05,5.734506389996285e-05,5.968623306177873e-10,0.012865293119905146
10.606250000000001,9979.299950183939,1.4186490775482598e-06,5.731397832697938e-05,5.731397832697938e-05,5.973325507972521e-10,0.014186490775482598
10.6125,9977.387833908373,1.549693302778479e-06,5.728711032018563e-05,5.728711032018563e-05,5.978462064112305e-10,0.01549693302778479
10.61875,9975.491760939762,1.679638022318897e-06,5.7264514817568336e-05,5.7264514817568336e-05,5.984029330216307e-10,0.01679638022318897
10.625,9973.612067104397,1.808460220780161e-06,5.724624698443461e-05,5.724624698443461e-05,5.99002358561765e-10,0.01808460220780161
10.631250000000001,9971.749074554547,1.936137819902745e-06,5.7232362154896624e-05,5.7232362154896624e-05,5.996441036469673e-10,0.01936137819902745
10.637500000000001,9969.903091968614,2.0626496648448647e-06,5.7222915770774596e-05,5.7222915770774596e-05,6.00327781880666e-10,0.020626496648448647
10.64375,9968.07441476292,2.187975509661722e-06,5.7217963317924925e-05,5.7217963317924925e-05,6.010530001556435e-10,0.021879755096617222
10.65,9966.263325314432,2.31209600203621e-06,5.721756026000684e-05,5.721756026000684e-05,6.018193589502344e-10,0.0231209600203621
10.65625,9964.470093193855,2.4349926673208118e-06,5.722176196970697e-05,5.722176196970697e-05,6.026264526192354e-10,0.02434992667320812
10.662500000000001,9962.694975407408,2.5566478919497683e-06,5.7230623657447936e-05,5.7230623657447936e-05,6.034738696793154e-10,0.025566478919497683
10.668750000000001,9960.938216647326,2.6770449062799156e-06,5.7244200297614e-05,5.7244200297614e-05,6.043611930887394e-10,0.026770449062799156
10.675,9959.200049549856,2.7961677669175986e-06,5.726254655233354e-05,5.726254655233354e-05,6.052880005212345e-10,0.027961677669175986
10.68125,9957.48069495946,2.914001338587973e-06,5.728571669286559e-05,5.728571669286559e-05,6.062538646338449e-10,0.02914001338587973
10.6875,9955.780362199579,3.0305312756018797e-06,5.7313764518645085e-05,5.7313764518645085e-05,6.072583533286462e-10,0.030305312756018797
10.693750000000001,9954.099249348024,3.1457440029739896e-06,5.7346743274048866e-05,5.7346743274048866e-05,6.083010300081992e-10,0.031457440029739894
10.700000000000001,9952.437543516786,3.2596266972445416e-06,5.738470556295232e-05,5.738470556295232e-05,6.093814538246484e-10,0.032596266972445415
10.70625,9950.795421135408,3.3721672670553257e-06,5.7427703261154495e-05,5.7427703261154495e-05,6.104991799223813e-10,0.03372167267055326
10.7125,9949.173048237584,3.4833543335289803e-06,5.7475787426757175e-05,5.7475787426757175e-05,6.116537596741847e-10,0.034833543335289804
10.71875,9947.570580749161,3.5931772104987325e-06,5.752900820859195e-05,5.752900820859195e-05,6.128447409108481e-10,0.035931772104987325
10.725000000000001,9945.988164778428,3.7016258846340467e-06,5.758741475279696e-05,5.758741475279696e-05,6.140716681441796e-10,0.037016258846340466
10.731250000000001,9944.425936907059,3.808690995505581e-06,5.765105510765354e-05,5.765105510765354e-05,6.153340827834137e-10,0.03808690995505581
10.7375,9942.884024481029,3.914363815630928e-06,5.771997612680081e-05,5.771997612680081e-05,6.166315233450061e-10,0.03914363815630928
10.74375,9941.36254590162,4.0186362305406004e-06,5.779422337095495e-05,5.779422337095495e-05,6.179635256558204e-10,0.040186362305406
10.75,9939.861610915546,4.12150071890168e-06,5.787384100826746e-05,5.787384100826746e-05,6.19329623049727e-10,0.0412150071890168
10.756250000000001,9938.381320903434,4.22295033273439e-06,5.7958871713465344e-05,5.7958871713465344e-05,6.207293465576443e-10,0.042229503327343904
10.762500000000001,9936.921769166653,4.322978677754867e-06,5.804935656592373e-05,5.804935656592373e-05,6.221622250910656e-10,0.04322978677754867
10.76875,9935.48304121203,4.4215798938752315e-06,5.8145334946829576e-05,5.8145334946829576e-05,6.236277856191206e-10,0.04421579893875231
10.775,9934.06521503347,4.518748635889978e-06,5.824684443560282e-05,5.824684443560282e-05,6.251255533392372e-10,0.045187486358899784
10.78125,9932.668361390797,4.614480054375639e-06,5.835392070574868e-05,5.835392070574868e-05,6.266550518414711e-10,0.046144800543756394
10.787500000000001,9931.292544084834,4.708769776828586e-06,5.846659742032233e-05,5.846659742032233e-05,6.282158032665845e-10,0.047087697768285856
10.793750000000001,9929.937820228964,4.8016138890638195e-06,5.8584906127194416e-05,5.8584906127194416e-05,6.298073284579578e-10,0.048016138890638195
10.8,9928.604240516399,4.89300891689559e-06,5.870887615431209e-05,5.870887615431209e-05,6.314291471074312e-10,0.0489300891689559
10.80625,9927.291849482943,4.982951808118714e-06,5.8838534505157516e-05,5.8838534505157516e-05,6.330807778951717e-10,0.049829518081187144
10.8125,9926.000685765513,5.071439914807586e-06,5.897390575461138e-05,5.897390575461138e-05,6.347617386236752e-10,0.05071439914807586
10.818750000000001,9924.730782355547,5.1584709759479875e-06,5.9115011945434875e-05,5.9115011945434875e-05,6.364715463460096e-10,0.051584709759479874
10.825000000000001,9923.48216684699,5.244043100414965e-06,5.926187248558919e-05,5.926187248558919e-05,6.382097174884181e-10,0.05244043100414965
10.83125,9922.25486168001,5.328154750308446e-06,5.941450404661608e-05,5.941450404661608e-05,6.399757679673967e-10,0.05328154750308446
10.8375,9921.048884378508,5.4108047246564104e-06,5.957292046330799e-05,5.957292046330799e-05,6.417692133013721e-10,0.0541080472465641
10.84375,9919.864247782329,5.491992143493962e-06,5.973713263489976e-05,5.973713263489976e-05,6.435895687171008e-10,0.054919921434939616
10.850000000000001,9918.700960274136,5.5717164323250885e-06,5.9907148428017565e-05,5.9907148428017565e-05,6.454363492509191e-10,0.055717164323250884
10.856250000000001,9917.559026000525,5.649977306972411e-06,6.0082972581623675e-05,6.0082972581623675e-05,6.473090698449707e-10,0.05649977306972411
10.8625,9916.438445087206,5.726774758818912e-06,6.026460661419756e-05,6.026460661419756e-05,6.492072454385437e-10,0.05726774758818912
10.86875,9915.339213848669,5.80210904044425e-06,6.045204873339593e-05,6.045204873339593e-05,6.511303910546445e-10,0.0580210904044425
10.875,9914.261324992032,5.8759806516571455e-06,6.064529374843499e-05,6.064529374843499e-05,6.53078021881945e-10,0.05875980651657146
10.881250000000001,9913.204767815032,5.948390325924121e-06,6.0844332985438724e-05,6.0844332985438724e-05,6.550496533522289e-10,0.0594839032592412
10.887500000000001,9912.169528398195,6.0193390171938305e-06,6.104915420599638e-05,6.104915420599638e-05,6.570448012134719e-10,0.0601933901719383
10.89375,9911.155589791506,6.0888278871152686e-06,6.125974152917184e-05,6.125974152917184e-05,6.590629815986861e-10,0.06088827887115269
10.9,9910.162932195044,6.156858292647215e-06,6.147607535720517e-05,6.147607535720517e-05,6.611037110906558e-10,0.061568582926472146
10.90625,9909.191533134177,6.223431774055462e-06,6.169813230514448e-05,6.169813230514448e-05,6.631665067826964e-10,0.06223431774055462
10.912500000000001,9908.241367629185,6.288550043293633e-06,6.192588513464287e-05,6.192588513464287e-05,6.652508863355607e-10,0.06288550043293632
10.918750000000001,9907.312408359105,6.352214972762736e-06,6.215930269215111e-05,6.215930269215111e-05,6.67356368030621e-10,0.06352214972762736
10.925,9906.404625820409,6.414428584443965e-06,6.239834985173227e-05,6.239834985173227e-05,6.694824708194478e-10,0.06414428584443965
10.93125,9905.517988480366,6.475193039398799e-06,6.26429874627182e-05,6.26429874627182e-05,6.716287143699092e-10,0.064751930393988
10.9375,9904.652462924494,6.534510627629903e-06,6.289317230242227e-05,6.289317230242227e-05,6.737946191089088e-10,0.06534510627629903
10.943750000000001,9903.808013999947,6.592383758296048e-06,6.314885703411495e-05,6.314885703411495e-05,6.759797062618816e-10,0.06592383758296047
10.950000000000001,9902.984604952828,6.648814950273833e-06,6.340999017046125e-05,6.340999017046125e-05,6.781834978891597e-10,0.06648814950273833
10.95625,9902.182197561038,6.7038068230588205e-06,6.367651604261022e-05,6.367651604261022e-05,6.804055169193235e-10,0.06703806823058821
10.9625,9901.400752262325,6.7573620879984e-06,6.394837477511724e-05,6.394837477511724e-05,6.826452871796469e-10,0.067573620879984
10.96875,9900.64022827728,6.8094835398485825e-06,6.422550226686988e-05,6.422550226686988e-05,6.84902333423743e-10,0.06809483539848582
10.975000000000001,9899.90058372816,6.86017404864685e-06,6.45078301781766e-05,6.45078301781766e-05,6.871761813565171e-10,0.0686017404864685
10.981250000000001,9899.181775752702,6.909436551893028e-06,6.479528592416669e-05,6.479528592416669e-05,6.894663576565273e-10,0.06909436551893028
10.9875,9898.483760614135,6.957274047030261e-06,6.508779267463681e-05,6.508779267463681e-05,6.917723899958531e-10,0.06957274047030261
10.99375,9897.80649380641,7.003689584218097e-06,6.538526936046693e-05,6.538526936046693e-05,6.940938070575685e-10,0.07003689584218098
11.0,9897.149930155532,7.0486862593898005e-06,6.568763068671467e-05,6.568763068671467e-05,6.964301385509142e-10,0.07048686259389801
11.006250000000001,9896.51402391702,7.09226720758611e-06,6.599478715248278e-05,6.599478715248278e-05,6.987809152242601e-10,0.0709226720758611
11.012500000000001,9895.898728868928,7.134435596557791e-06,6.630664507763977e-05,6.630664507763977e-05,7.011456688759467e-10,0.07134435596557791
11.01875,9895.303998401629,7.175194620629489e-06,6.662310663645814e-05,6.662310663645814e-05,7.035239323630937e-10,0.0717519462062949
11.025,9894.72978560367,7.2145474948176e-06,6.694406989821944e-05,6.694406989821944e-05,7.059152396084584e-10,0.072145474948176
11.03125,9894.176043343823,7.252497449195035e-06,6.726942887481791e-05,6.726942887481791e-05,7.083191256054258e-10,0.07252497449195035
11.037500000000001,9893.642724349862,7.289047723496084e-06,6.759907357537928e-05,6.759907357537928e-05,7.107351264212116e-10,0.07289047723496084
11.043750000000001,9893.129781283906,7.324201561954734e-06,6.793289006789309e-05,6.793289006789309e-05,7.131627791983532e-10,0.07324201561954734
11.05,9892.637166814458,7.357962208370165e-06,6.827076054783983e-05,6.827076054783983e-05,7.156016221545655e-10,0.07357962208370165
11.05625,9892.164833685154,7.39033290139332e-06,6.861256341377736e-05,6.861256341377736e-05,7.180511945810348e-10,0.07390332901393319
11.0625,9891.712734780376,7.421316870028885e-06,6.895817334983188e-05,6.895817334983188e-05,7.205110368392215e-10,0.07421316870028885
11.068750000000001,9891.280823187719,7.4509173293471325e-06,6.930746141502241e-05,6.930746141502241e-05,7.22980690356241e-10,0.07450917329347133
11.075000000000001,9890.86905225784,7.479137476400615e-06,6.966029513932828e-05,6.966029513932828e-05,7.254596976188923e-10,0.07479137476400616
11.08125,9890.477375660836,7.505980486340793e-06,7.00165386263924e-05,7.00165386263924e-05,7.279476021663979e-10,0.07505980486340794
11.0875,9890.105747440339,7.5314495087301805e-06,7.037605266273407e-05,7.037605266273407e-05,7.304439485819232e-10,0.0753144950873018
11.09375,9889.754122064167,7.555547664045789e-06,7.073869483332813e-05,7.073869483332813e-05,7.329482824829348e-10,0.07555547664045789
11.100000000000001,9889.422454472991,7.578278040370064e-06,7.110431964338887e-05,7.110431964338887e-05,7.354601505104642e-10,0.07578278040370065
11.106250000000001,9889.110700125733,7.599643690265795e-06,7.147277864618008e-05,7.147277864618008e-05,7.379791003173339e-10,0.07599643690265795
11.1125,9888.81881504246,7.619647627831772e-06,7.184392057665558e-05,7.184392057665558e-05,7.405046805554082e-10,0.07619647627831772
11.11875,9888.54675584491,7.63829282593636e-06,7.221759149071732e-05,7.221759149071732e-05,7.430364408619276e-10,0.07638292825936359
11.125,9888.294479794311,7.655582213626403e-06,7.259363490986238e-05,7.259363490986238e-05,7.455739318449837e-10,0.07655582213626402
11.131250000000001,9888.061944826468,7.67151867370923e-06,7.297189197097381e-05,7.297189197097381e-05,7.481167050681927e-10,0.07671518673709231
11.137500000000001,9887.849109584746,7.68610504050583e-06,7.335220158099538e-05,7.335220158099538e-05,7.506643130346241e-10,0.07686105040505829
11.14375,9887.65593345027,7.699344097773533e-06,7.373440057621544e-05,7.373440057621544e-05,7.532163091700417e-10,0.07699344097773533
11.15,9887.482376569862,7.711238576796903e-06,7.411832388587078e-05,7.411832388587078e-05,7.557722478055107e-10,0.07711238576796903
11.15625,9887.3283998813,7.721791154645748e-06,7.450380469976883e-05,7.450380469976883e-05,7.583316841594277e-10,0.07721791154645748
11.162500000000001,9887.193965136543,7.731004452599498e-06,7.489067463961293e-05,7.489067463961293e-05,7.608941743190292e-10,0.07731004452599498
11.168750000000001,9887.079034922164,7.738881034737449e-06,7.527876393370486e-05,7.527876393370486e-05,7.634592752214317e-10,0.07738881034737449
11.175,9886.983572677456,7.745423406694635e-06,7.566790159468718e-05,7.566790159468718e-05,7.660265446342605e-10,0.07745423406694635
11.18125,9886.907542710238,7.750634014583324e-06,7.605791559997825e-05,7.605791559997825e-05,7.685955411359201e-10,0.07750634014583324
11.1875,9886.850910210174,7.754515244080456e-06,7.644863307454407e-05,7.644863307454407e-05,7.711658240955624e-10,0.07754515244080457
11.193750000000001,9886.813641259727,7.757069419681492e-06,7.683988047564302e-05,7.683988047564302e-05,7.737369536528085e-10,0.07757069419681492
11.200000000000001,9886.79570284242,7.758298804121395e-06,7.723148377917275e-05,7.723148377917275e-05,7.763084906972768e-10,0.07758298804121395
11.20625,9886.797062849033,7.75820559796372e-06,7.762326866724246e-05,7.762326866724246e-05,7.788799968479767e-10,0.0775820559796372
11.2125,9886.817690080927,7.756791939358976e-06,7.801506071658965e-05,7.801506071658965e-05,7.814510344326207e-10,0.07756791939358977
11.21875,9886.857554251357,7.75405990397359e-06,7.840668558745609e-05,7.840668558745609e-05,7.840211664669143e-10,0.07754059903973591
11.225000000000001,9886.916625983618,7.75001150509106e-06,7.879796921253626e-05,7.879796921253626e-05,7.865899566338786e-10,0.07750011505091059
11.231250000000001,9886.994876807534,7.744648693887003e-06,7.918873798560934e-05,7.918873798560934e-05,7.891569692632638e-10,0.07744648693887003
11.2375,9887.092279152237,7.737973359879999e-06,7.95788189494665e-05,7.95788189494665e-05,7.917217693111132e-10,0.07737973359879999
11.24375,9887.208806337594,7.729987331560312e-06,7.996803998274588e-05,7.996803998274588e-05,7.942839223395346e-10,0.07729987331560312
11.25,9887.344432562164,7.720692377198698e-06,8.035622998529005e-05,8.035622998529005e-05,7.968429944967405e-10,0.07720692377198698
11.256250000000001,9887.499132888559,7.710090205837589e-06,8.074321906164443e-05,8.074321906164443e-05,7.993985524974161e-10,0.07710090205837589
11.262500000000001,9887.672883226589,7.698182468467229e-06,8.112883870231937e-05,8.112883870231937e-05,8.019501636034776e-10,0.0769818246846723
11.26875,9887.865660313175,7.684970759389274e-06,8.151292196244465e-05,8.151292196244465e-05,8.044973956052828e-10,0.07684970759389274
11.275,9888.077441689798,7.670456617770599e-06,8.18953036374521e-05,8.18953036374521e-05,8.07039816803356e-10,0.07670456617770599
11.28125,9888.308205676816,7.654641529390064e-06,8.227582043542979e-05,8.227582043542979e-05,8.095769959906923e-10,0.07654641529390065
11.287500000000001,9888.557931345358,7.637526928581195e-06,8.265431114580092e-05,8.265431114580092e-05,8.121085024357053e-10,0.07637526928581195
11.293750000000001,9888.82659848597,7.619114200373642e-06,8.303061680398977e-05,8.303061680398977e-05,8.146339058658861e-10,0.07619114200373642
11.3,9889.11418757432,7.599404682836443e-06,8.340458085174957e-05,8.340458085174957e-05,8.171527764522366e-10,0.07599404682836443
11.30625,9889.420679734138,7.57839966962619e-06,8.377604929283807e-05,8.377604929283807e-05,8.196646847945497e-10,0.0757839966962619
11.3125,9889.746056697104,7.556100412743152e-06,8.414487084374048e-05,8.414487084374048e-05,8.221692019076015e-10,0.07556100412743151
11.318750000000001,9890.090300759273,7.53250812549841e-06,8.451089707915314e-05,8.451089707915314e-05,8.246658992083277e-10,0.0753250812549841
11.325000000000001,9890.453394734901,7.507623985695205e-06,8.487398257195648e-05,8.487398257195648e-05,8.271543485040545e-10,0.07507623985695205
11.33125,9890.835321906661,7.481449139027525e-06,8.523398502742065e-05,8.523398502742065e-05,8.296341219818555e-10,0.07481449139027525
11.3375,9891.236065973093,7.453984702699041e-06,8.559076541140468e-05,8.559076541140468e-05,8.321047921991082e-10,0.07453984702699042
11.34375,9891.655610992313,7.425231769265419e-06,8.594418807232594e-05,8.594418807232594e-05,8.345659320753251e-10,0.07425231769265418
11.350000000000001,9892.093941322591,7.39519141070297e-06,8.629412085669509e-05,8.629412085669509e-05,8.370171148853316e-10,0.0739519141070297
11.356250000000001,9892.551041559987,7.363864682706602e-06,8.664043521802926e-05,8.664043521802926e-05,8.3945791425387e-10,0.07363864682706601
11.3625,9893.026896471914,7.331252629219813e-06,8.698300631897542e-05,8.698300631897542e-05,8.418879041517042e-10,0.07331252629219813
11.36875,9893.521490927666,7.2973562871995094e-06,8.732171312649414e-05,8.732171312649414e-05,8.443066588933041e-10,0.07297356287199509
11.375,9894.034809825598,7.262176691618214e-06,8.7656438499974e-05,8.7656438499974e-05,8.467137531361876e-10,0.07262176691618213
11.381250000000001,9894.566838016553,7.225714880706127e-06,8.798706927216599e-05,8.798706927216599e-05,8.491087618820006e-10,0.07225714880706127
11.387500000000001,9895.117560223667,7.187971901435276e-06,8.831349632284704e-05,8.831349632284704e-05,8.514912604794147e-10,0.07187971901435276
11.39375,9895.686960959103,7.148948815247966e-06,8.863561464514218e-05,8.863561464514218e-05,8.538608246289229e-10,0.07148948815247966
11.4,9896.275024436593,7.108646704031337e-06,8.895332340445382e-05,8.895332340445382e-05,8.562170303896166e-10,0.07108646704031336
11.40625,9896.88173448086,7.067066676339774e-06,8.926652598996759e-05,8.926652598996759e-05,8.585594541880248e-10,0.07067066676339774
11.412500000000001,9897.507074432926,7.02420987386661e-06,8.957513005872266e-05,8.957513005872266e-05,8.608876728290976e-10,0.0702420987386661
11.418750000000001,9898.151027052334,6.9800774781663e-06,8.987904757225543e-05,8.987904757225543e-05,8.632012635094189e-10,0.069800774781663
11.425,9898.813574415215,6.934670717627981e-06,9.017819482584342e-05,9.017819482584342e-05,8.654998038327301e-10,0.06934670717627982
11.43125,9899.49469780879,6.887990874700999e-06,9.047249247039631e-05,9.047249247039631e-05,8.677828718278482e-10,0.06887990874700999
11.4375,9900.194377622493,6.840039293372696e-06,9.076186552705882e-05,9.076186552705882e-05,8.700500459690637e-10,0.06840039293372696
11.443750000000001,9900.912593234942,6.790817386898343e-06,9.10462433946088e-05,9.10462433946088e-05,8.72300905199099e-10,0.06790817386898343
11.450000000000001,9901.64932289763,6.74032664578283e-06,9.13255598497515e-05,9.13255598497515e-05,8.74535028954714e-10,0.0674032664578283
11.45625,9902.404543614746,6.688568646013185e-06,9.15997530404277e-05,9.15997530404277e-05,8.767519971950394e-10,0.06688568646013185
11.4625,9903.178231019323,6.63554505754071e-06,9.186876547227009e-05,9.186876547227009e-05,8.789513904327219e-10,0.0663554505754071
11.46875,9903.970359246065,6.581257653011034e-06,9.213254398835831e-05,9.213254398835831e-05,8.811327897679625e-10,0.06581257653011034
11.475000000000001,9904.780900800239,6.525708316739871e-06,9.239103974243741e-05,9.239103974243741e-05,8.832957769255307e-10,0.06525708316739871
11.481250000000001,9905.60982642305,6.468899053931853e-06,9.264420816577958e-05,9.264420816577958e-05,8.854399342948337e-10,0.06468899053931854
11.4875,9906.457104953895,6.410832000139281e-06,9.289200892788162e-05,9.289200892788162e-05,8.87564844973121e-10,0.06410832000139281
11.49375,9907.322703188707,6.351509430957064e-06,9.313440589120409e-05,9.313440589120409e-05,8.896700928119023e-10,0.06351509430957064
11.5,9908.206585735064,6.290933771949628e-06,9.337136706016904e-05,9.337136706016904e-05,8.91755262466656e-10,0.06290933771949628
11.506250000000001,9909.108714864356,6.229107608804959e-06,9.360286452464456e-05,9.360286452464456e-05,8.938199394499029e-10,0.06229107608804959
11.512500000000001,9910.029050359879,6.166033697710336e-06,9.382887439815392e-05,9.382887439815392e-05,8.958637101877197e-10,0.06166033697710336
11.51875,9910.967549362795,6.101714975943753e-06,9.404937675105647e-05,9.404937675105647e-05,8.978861620797622e-10,0.06101714975943753
11.525,9911.924166214088,6.036154572674324e-06,9.426435553895448e-05,9.426435553895448e-05,8.998868835628692e-10,0.06036154572674324
11.53125,9912.898852294462,5.969355819964368e-06,9.44737985265886e-05,9.44737985265886e-05,9.018654641783124e-10,0.059693558199643684
11.537500000000001,9913.891555860622,5.901322263965155e-06,9.467769720748871e-05,9.467769720748871e-05,9.038214946427578e-10,0.05901322263965155
11.543750000000001,9914.902221879393,5.832057676297627e-06,9.487604671965365e-05,9.487604671965365e-05,9.05754566922999e-10,0.05832057676297627
11.55,9915.930791859098,5.7615660656087084e-06,9.506884575753617e-05,9.506884575753617e-05,9.076642743145207e-10,0.05761566065608709
11.55625,9916.977203678493,5.689851689293087e-06,9.525609648061313e-05,9.525609648061313e-05,9.09550211523948e-10,0.05689851689293087
11.5625,9918.04139141342,5.616919065369599e-06,9.543780441882233e-05,9.543780441882233e-05,9.114119747554318e-10,0.05616919065369599
11.568750000000001,9919.123285161459,5.542772984500662e-06,9.561397837514927e-05,9.561397837514927e-05,9.132491618010184e-10,0.055427729845006615
11.575000000000001,9920.222810864747,5.4674185221423824e-06,9.578463032564661e-05,9.578463032564661e-05,9.150613721350459e-10,0.054674185221423824
11.58125,9921.33989013085,5.390861050812245e-06,9.594977531716854e-05,9.594977531716854e-05,9.16848207012607e-10,0.05390861050812245
11.5875,9922.47444005223,5.313106252460494e-06,9.610943136310078e-05,9.610943136310078e-05,9.18609269572113e-10,0.05313106252460494
11.59375,9923.626373024468,5.234160130930567e-06,9.626361933736398e-05,9.626361933736398e-05,9.203441649419867e-10,0.05234160130930567
11.600000000000001,9924.795596563486,5.154029024493143e-06,9.641236286696522e-05,9.641236286696522e-05,9.220525003515108e-10,0.05154029024493143
11.606250000000001,9925.982013121728,5.0727196184376225e-06,9.655568822336807e-05,9.655568822336807e-05,9.237338852458493e-10,0.050727196184376225
11.6125,9927.185519903724,4.990238957704011e-06,9.66936242129467e-05,9.66936242129467e-05,9.253879314052557e-10,0.049902389577040115
11.61875,9928.406008681657,4.906594459537505e-06,9.682620206678385e-05,9.682620206678385e-05,9.270142530684766e-10,0.049065944595375055
11.625,9929.643365610444,4.821793926147223e-06,9.695345533006584e-05,9.695345533006584e-05,9.286124670603498e-10,0.048217939261472234
11.631250000000001,9930.897471043509,4.73584555734984e-06,9.707541975132165e-05,9.707541975132165e-05,9.30182192923594e-10,0.0473584555734984
11.637500000000001,9932.168199348569,4.648757963178074e-06,9.719213317174436e-05,9.719213317174436e-05,9.317230530547775e-10,0.04648757963178074
11.64375,9933.45541872454,4.560540176433272e-06,9.730363541482602e-05,9.730363541482602e-05,9.332346728444477e-10,0.04560540176433272
11.65,9934.758991019598,4.471201665160665e-06,9.740996817652806e-05,9.740996817652806e-05,9.34716680821395e-10,0.04471201665160665
11.65625,9936.078771550472,4.380752345025076e-06,9.751117491620002e-05,9.751117491620002e-05,9.361687088010198e-10,0.04380752345025076
11.662500000000001,9937.41460892372,4.289202591564274e-06,9.760730074845045e-05,9.760730074845045e-05,9.375903920377596e-10,0.04289202591564274
11.668750000000001,9938.766344859152,4.196563252296505e-06,9.769839233616346e-05,9.769839233616346e-05,9.389813693815302e-10,0.04196563252296505
11.675,9940.133814015315,4.102845658658018e-06,9.778449778484451e-05,9.778449778484451e-05,9.403412834381235e-10,0.04102845658658018
11.68125,9941.516843818632,4.008061637746011e-06,9.786566653846877e-05,9.786566653846877e-05,9.416697807334972e-10,0.04008061637746011
11.6875,9942.915254294903,3.912223523841629e-06,9.79419492769944e-05,9.79419492769944e-05,9.429665118818844e-10,0.03912223523841629
11.693750000000001,9944.328857904808,3.815344169687308e-06,9.80133978156928e-05,9.80133978156928e-05,9.442311317576405e-10,0.03815344169687308
11.700000000000001,9945.757459383416,3.7174369574922073e-06,9.80800650064365e-05,9.80800650064365e-05,9.454632996707389e-10,0.037174369574922074
11.70625,9947.200855583993,3.618515809639053e-06,9.814200464107509e-05,9.814200464107509e-05,9.466626795458138e-10,0.03618515809639053
11.7125,9948.658835326341,3.5185951990652915e-06,9.819927135701815e-05,9.819927135701815e-05,9.478289401046465e-10,0.035185951990652914
11.71875,9950.13117925068,3.4176901592911844e-06,9.825192054513321e-05,9.825192054513321e-05,9.489617550519726e-10,0.03417690159291185
11.725000000000001,9951.617659676735,3.3158162940671016e-06,9.830000826005645e-05,9.830000826005645e-05,9.5006080326449e-10,0.03315816294067102
11.731250000000001,9953.11804046888,3.212989786612102e-06,9.834359113300256e-05,9.834359113300256e-05,9.511257689829258e-10,0.03212989786612102
11.7375,9954.63207690805,3.1092274084157082e-06,9.838272628714988e-05,9.838272628714988e-05,9.521563420070235e-10,0.031092274084157084
11.74375,9956.159515569587,3.0045465275745934e-06,9.841747125566665e-05,9.841747125566665e-05,9.531522178932915e-10,0.030045465275745933
11.75,9957.700094209338,2.8989651166359686e-06,9.844788390243363e-05,9.844788390243363e-05,9.541130981553524e-10,0.028989651166359685
11.756250000000001,9959.253541656297,2.7925017599193404e-06,9.84740223455089e-05,9.84740223455089e-05,9.550386904667185e-10,0.027925017599193403
11.762500000000001,9960.819577714241,2.685175660288501e-06,9.84959448833709e-05,9.84959448833709e-05,9.559287088658124e-10,0.02685175660288501
11.76875,9962.397913071,2.5770066453456736e-06,9.851370992396587e-05,9.851370992396587e-05,9.567828739630406e-10,0.025770066453456735
11.775,9963.98824921718,2.4680151730200385e-06,9.852737591657806e-05,9.852737591657806e-05,9.57600913149719e-10,0.024680151730200384
11.78125,9965.59027837362,2.358222336523068e-06,9.85370012865311e-05,9.85370012865311e-05,9.583825608086412e-10,0.023582223365230682
11.787500000000001,9967.203683428945,2.247649868643588e-06,9.854264437272156e-05,9.854264437272156e-05,9.591275585260713e-10,0.022476498686435878
11.793750000000001,9968.82813788678,2.1363201453558075e-06,9.854436336797774e-05,9.854436336797774e-05,9.598356553049307e-10,0.021363201453558075
11.8,9970.46330582358,2.0242561887141874e-06,9.85422162622287e-05,9.85422162622287e-05,9.605066077789456e-10,0.020242561887141873
11.80625,9972.108841857018,1.9114816690095674e-06,9.853626078846234e-05,9.853626078846234e-05,9.6114018042751e-10,0.019114816690095675
11.8125,9973.76439112593,1.7980209061617033e-06,9.852655437144405e-05,9.852655437144405e-05,9.617361457910077e-10,0.01798020906161703
11.818750000000001,9975.429589281272,1.6838988703240896e-06,9.851315407916175e-05,9.851315407916175e-05,9.622942846863382e-10,0.016838988703240895
11.825000000000001,9977.104062489203,1.5691411816778493e-06,9.849611657695692e-05,9.849611657695692e-05,9.62814386422371e-10,0.01569141181677849
11.83125,9978.787427446267,1.4537741093923632e-06,9.847549808429645e-05,9.847549808429645e-05,9.632962490150577e-10,0.014537741093923633
11.8375,9980.479291407006,1.337824569731377e-06,9.845135433413493e-05,9.845135433413493e-05,9.637396794019148e-10,0.01337824569731377
11.84375,9982.179252224312,1.2213201232843666e-06,9.842374053481289e-05,9.842374053481289e-05,9.6414449365559e-10,0.012213201232843666
11.850000000000001,9983.886898402901,1.1042889713041954e-06,9.83927113344321e-05,9.83927113344321e-05,9.645105171962143e-10,0.011042889713041954
11.856250000000001,9985.60180916624,9.867599511333288e-07,9.835832078764616e-05,9.835832078764616e-05,9.648375850022376e-10,0.009867599511333288
11.8625,9987.323554536384,8.687625307021573e-07,9.832062232480079e-05,9.832062232480079e-05,9.651255418194408e-10,0.008687625307021572
11.86875,9989.051695428543,7.50326802084555e-07,9.827966872335636e-05,9.827966872335636e-05,9.653742423678126e-10,0.0075032680208455505
11.875,9990.785783758498,6.314834740971067e-07,9.823551208152201e-05,9.823551208152201e-05,9.655835515459726e-10,0.006314834740971067
11.881250000000001,9992.525362565257,5.122638639301967e-07,9.818820379402979e-05,9.818820379402979e-05,9.657533446328203e-10,0.005122638639301967
11.887500000000001,9994.269966147185,3.9269988780065856e-07,9.813779452997485e-05,9.813779452997485e-05,9.658835074860868e-10,0.003926998878006586
11.89375,9996.019120212664,2.728240506174568e-07,9.808433421264766e-05,9.808433421264766e-05,9.659739367374598e-10,0.002728240506174568
11.9,9997.772342045693,1.5266943465369618e-07,9.8027872001282e-05,9.8027872001282e-05,9.660245399839553e-10,0.0015266943465369618
11.90625,9999.52914068549,3.226968722001327e-08,9.7968456274644e-05,9.7968456274644e-05,9.660352359752022e-10,0.0003226968722001327
11.912500000000001,10001.289017121124,-8.83409926636255e-08,9.790613461638517e-05,9.790613461638517e-05,9.660059547963104e-10,-0.0008834099266362551
11.918750000000001,10003.051464500562,-2.091278685987455e-07,9.784095380208466e-05,9.784095380208466e-05,9.65936638045988e-10,-0.002091278685987455
11.925,10004.815968354402,-3.3005568214083626e-07,9.777295978790495e-05,9.777295978790495e-05,9.658272390095766e-10,-0.0033005568214083624
11.93125,10006.582006834047,-4.5108866913042247e-07,9.770219770078668e-05,9.770219770078668e-05,9.656777228266742e-10,-0.004510886691304224
11.9375,10008.349050964862,-5.721905770175767e-07,9.762871183010936e-05,9.762871183010936e-05,9.654880666530147e-10,-0.005721905770175767
11.943750000000001,10010.116564912885,-6.933246831726185e-07,9.755254562074531e-05,9.755254562074531e-05,9.652582598162794e-10,-0.006933246831726185
11.950000000000001,10011.884006266542,-8.144538141734951e-07,9.747374166743657e-05,9.747374166743657e-05,9.649883039655145e-10,-0.00814453814173495
11.95625,10013.6508263321,-9.355403660582104e-07,9.739234171042523e-05,9.739234171042523e-05,9.646782132138363e-10,-0.009355403660582105
11.9625,10015.416470442939,-1.056546325528411e-06,9.730838663227021e-05,9.730838663227021e-05,9.643280142741088e-10,-0.01056546325528411
11.96875,10017.180378282845,-1.1774332920879843e-06,9.722191645578487e-05,9.722191645578487e-05,9.639377465872821e-10,-0.011774332920879843
11.975000000000001,10018.941984222192,-1.2981625010983432e-06,9.713297034303261e-05,9.713297034303261e-05,9.635074624430905e-10,-0.012981625010983433
11.981250000000001,10020.700717667432,-1.4186948477297493e-06,9.704158659531904e-05,9.704158659531904e-05,9.630372270928105e-10,-0.014186948477297493
11.9875,10022.45600342355,-1.5389909117858161e-06,9.694780265412258e-05,9.694780265412258e-05,9.625271188537911e-10,-0.015389909117858161
11.99375,10024.20726206828,-1.659010983376118e-06,9.685165510290683e-05,9.685165510290683e-05,9.619772292054747e-10,-0.01659010983376118
12.0,10025.953910339076,-1.778715089409568e-06,9.67531796697614e-05,9.67531796697614e-05,9.61387662876637e-10,-0.01778715089409568
