t_adimensional,p_outlet_Pa,q_outlet_m3s,w_centro_m,w_max_m,volume_acumulado_m3,potencia_W
0.0,9960.209271815818,7.098610278846404e-07,1.215086429357606e-08,1.2150864293576073e-08,2.35287912429976e-13,0.007098610278846404
0.00625,9920.783853434436,1.4132049799775273e-06,3.639690666300818e-08,3.639690666300822e-08,7.037036114371833e-13,0.014132049799775273
0.0125,9881.800264047006,2.108666764588894e-06,7.268301467787901e-08,7.268301467787909e-08,1.402634502923201e-12,0.02108666764588894
0.018750000000000003,9843.323819249485,2.795081160617727e-06,1.2095472901783217e-07,1.2095472901783228e-07,2.3290817729104947e-12,0.02795081160617727
0.025,9805.407846792572,3.471496808445278e-06,1.8115830812132484e-07,1.81158308121325e-07,3.479731273278829e-12,0.03471496808445278
0.03125,9768.09362047212,4.137177389326576e-06,2.5324077808889063e-07,2.532407780888909e-07,4.851024798418429e-12,0.04137177389326576
0.037500000000000006,9731.410917941506,4.791591674084223e-06,3.3714996853062063e-07,3.37149968530621e-07,6.439228063459971e-12,0.04791591674084223
0.043750000000000004,9695.379074563705,5.434394722551663e-06,4.3283453565227914e-07,4.3283453565227956e-07,8.240492450941534e-12,0.05434394722551664
0.05,9660.008387391714,6.065402836737175e-06,5.402439743007977e-07,5.402439743007981e-07,1.0250908455543867e-11,0.06065402836737176
0.05625,9625.301720281328,6.684564925856383e-06,6.593286209341855e-07,6.593286209341861e-07,1.246654963758518e-11,0.06684564925856383
0.0625,9591.256170920433,7.291932766751261e-06,7.900396495552034e-07,7.900396495552042e-07,1.4883506719144336e-11,0.0729193276675126
0.06875,9557.864680270735,7.887632291679451e-06,9.323290625766164e-07,9.323290625766174e-07,1.7497912163340833e-11,0.07887632291679451
0.07500000000000001,9525.117491100476,8.4718375682912e-06,1.086149678400518e-06,1.0861496784005192e-06,2.030595612911411e-11,0.08471837568291199
0.08125,9493.003391478333,9.044748615870175e-06,1.2514551172307639e-06,1.2514551172307652e-06,2.3303895073056035e-11,0.09044748615870174
0.08750000000000001,9461.510708128964,9.606573684022107e-06,1.428199786331456e-06,1.4281997863314573e-06,2.6488054477403037e-11,0.09606573684022107
0.09375,9430.628040836144,1.015751615100547e-05,1.616338865627749e-06,1.6163388656277507e-06,2.985482723539734e-11,0.1015751615100547
0.1,9400.344750791395,1.069776581168e-05,1.8158282942445246e-06,1.815828294244527e-06,3.3400669148983843e-11,0.1069776581168
0.10625000000000001,9370.651231847682,1.1227494038363822e-05,2.0266247583132595e-06,2.0266247583132616e-06,3.712209282254256e-11,0.11227494038363822
0.1125,9341.539003776848,1.17468521171425e-05,2.248685680160059e-06,2.2486856801600624e-06,4.1015661005180225e-11,0.11746852117142499
0.11875000000000001,9313.000671149974,1.2255971981433301e-05,2.4819692088238444e-06,2.4819692088238478e-06,4.507798017616639e-11,0.12255971981433302
0.125,9285.029791190978,1.275496856946325e-05,2.72643421174263e-06,2.726434211742634e-06,4.930569491177049e-11,0.12754968569463251
0.13125,9257.620689985064,1.324394310307465e-05,2.98204026738297e-06,2.9820402673829733e-06,5.369548333887966e-11,0.13243943103074649
0.1375,9230.768259991679,1.3722986700079903e-05,3.248747658564944e-06,3.248747658564947e-06,5.824405378595434e-11,0.13722986700079903
0.14375000000000002,9204.467764094605,1.4192183869970441e-05,3.526517366243211e-06,3.5265173662432134e-06,6.29481425926586e-11,0.14192183869970443
0.15000000000000002,9178.7146634812,1.4651615584528929e-05,3.815311063533866e-06,3.815311063533869e-06,6.780451293726434e-11,0.1465161558452893
0.15625,9153.504479279627,1.5101361746201282e-05,4.1150911098181504e-06,4.115091109818155e-06,7.28099544822128e-11,0.15101361746201283
0.1625,9128.832691667149,1.554150298799296e-05,4.425820544799893e-06,4.4258205447998964e-06,7.796128361626318e-11,0.1554150298799296
0.16875,9104.694675389339,1.5972121823799033e-05,4.74746308243803e-06,4.747463082438034e-06,8.325534407792534e-11,0.15972121823799032
0.17500000000000002,9081.085667374133,1.6393303226156824e-05,5.0799831047148e-06,5.0799831047148045e-06,8.868900777039228e-11,0.16393303226156825
0.18125000000000002,9058.000760282604,1.6805134741308598e-05,5.4233456552318265e-06,5.423345655231832e-06,9.425917561461085e-11,0.16805134741308597
0.1875,9035.434915175441,1.720770626322598e-05,5.777516432649656e-06,5.77751643264966e-06,9.996277832745146e-11,0.1720770626322598
0.19375,9013.382986712191,1.7601109584062815e-05,6.142461784001591e-06,6.142461784001595e-06,1.0579677705087257e-10,0.17601109584062816
0.2,8991.839755122703,1.7985437823790424e-05,6.518148697920905e-06,6.518148697920909e-06,1.1175816379203409e-10,0.17985437823790423
0.20625000000000002,8970.799960327357,1.8360784821492825e-05,6.9045447978230995e-06,6.9045447978231054e-06,1.1784396166165188e-10,0.18360784821492826
0.21250000000000002,8950.258334805167,1.8727244549007833e-05,7.301618335083363e-06,7.301618335083367e-06,1.240512249179998e-10,0.18727244549007832
0.21875,8930.20963295059,1.90849105872055e-05,7.709338182244998e-06,7.709338182245e-06,1.3037703883732102e-10,0.190849105872055
0.225,8910.648655626788,1.9433875687960406e-05,8.127673826288805e-06,8.127673826288807e-06,1.368185194390522e-10,0.19433875687960406
0.23125,8891.570269370004,1.977423143154688e-05,8.556595361986777e-06,8.556595361986779e-06,1.4337281309748921e-10,0.1977423143154688
0.23750000000000002,8872.96942022967,2.010606797973712e-05,8.996073485356948e-06,8.996073485356948e-06,1.500370960716157e-10,0.20106067979737122
0.24375000000000002,8854.841142570593,2.0429473918769947e-05,9.446079487230063e-06,9.446079487230063e-06,1.5680857398288255e-10,0.20429473918769947
0.25,8837.180563364012,2.0744536182796872e-05,9.906585246933248e-06,9.906585246933252e-06,1.6368448126761319e-10,0.20744536182796872
0.25625000000000003,8819.982902596852,2.1051340046582166e-05,1.037756322609111e-05,1.0377563226091111e-05,1.706620806269892e-10,0.21051340046582165
0.2625,8803.24347047286,2.1349969175435105e-05,1.085898646254073e-05,1.0858986462540732e-05,1.7773866249358636e-10,0.21349969175435105
0.26875,8786.957662094224,2.164050572008897e-05,1.135082856435408e-05,1.1350828564354081e-05,1.8491154452935878e-10,0.2164050572008897
0.275,8771.120950312748,2.1923030444235925e-05,1.1853063703958976e-05,1.1853063703958976e-05,1.921780711658955e-10,0.21923030444235925
0.28125,8755.72887742964,2.2197622872597458e-05,1.2365666612348457e-05,1.2365666612348457e-05,1.9953561319375577e-10,0.22197622872597458
0.28750000000000003,8740.777046402049,2.246436144780422e-05,1.2888612573367773e-05,1.2888612573367773e-05,2.0698156740380329e-10,0.2246436144780422
0.29375,8726.261112171647,2.2723323685089575e-05,1.3421877418068344e-05,1.3421877418068344e-05,2.145133562798144e-10,0.22723323685089575
0.30000000000000004,8712.176773666526,2.297458631497404e-05,1.3965437519118926e-05,1.3965437519118926e-05,2.2212842773838026e-10,0.2297458631497404
0.30625,8698.51976693364,2.321822540578533e-05,1.4519269785265533e-05,1.4519269785265533e-05,2.2982425490941865e-10,0.23218225405785328
0.3125,8685.285859738633,2.3454316459991393e-05,1.5083351655833536e-05,1.5083351655833536e-05,2.375983359486164e-10,0.23454316459991392
0.31875000000000003,8672.47084783272,2.3682934480804198e-05,1.5657661095267308e-05,1.5657661095267308e-05,2.4544819387194763e-10,0.236829344808042
0.325,8660.070552935935,2.3904154008152077e-05,1.624217658770499e-05,1.624217658770499e-05,2.533713764021157e-10,0.23904154008152076
0.33125000000000004,8648.080822344657,2.4118049125688443e-05,1.6836877131587817e-05,1.6836877131587817e-05,2.6136545581731785e-10,0.24118049125688443
0.3375,8636.497529941571,2.432469344276925e-05,1.7441742234305272e-05,1.7441742234305272e-05,2.694280287940363e-10,0.2432469344276925
0.34375,8625.316578290334,2.4524160057086235e-05,1.8056751906878555e-05,1.8056751906878555e-05,2.7755671623744407e-10,0.24524160057086236
0.35000000000000003,8614.533901434,2.4716521504741682e-05,1.8681886658685773e-05,1.8681886658685773e-05,2.857491630952625e-10,0.24716521504741681
0.35625,8604.145467996359,2.4901849704925555e-05,1.9317127492232617e-05,1.9317127492232617e-05,2.9400303815328177e-10,0.24901849704925555
0.36250000000000004,8594.147284202563,2.5080215906021218e-05,1.9962455897972168e-05,1.9962455897972168e-05,3.0231603381301786e-10,0.2508021590602122
0.36875,8584.535396491086,2.5251690639013663e-05,2.0617853849176973e-05,2.0617853849176973e-05,3.1068586585392633e-10,0.25251690639013663
0.375,8575.305893466244,2.541634368265537e-05,2.1283303796865773e-05,2.1283303796865773e-05,3.1911027318407017e-10,0.2541634368265537
0.38125000000000003,8566.454907037132,2.557424404314794e-05,2.1958788664786166e-05,2.1958788664786166e-05,3.2758701758405277e-10,0.2557424404314794
0.3875,8557.97861268754,2.5725459949324716e-05,2.2644291844453588e-05,2.2644291844453588e-05,3.3611388344935453e-10,0.25725459949324714
0.39375000000000004,8549.873228915234,2.587005886265774e-05,2.3339797190245722e-05,2.3339797190245722e-05,3.44688677535986e-10,0.2587005886265774
0.4,8542.135015955924,2.6008107500019244e-05,2.404528901455086e-05,2.404528901455086e-05,3.533092287136855e-10,0.26008107500019245
0.40625,8534.760273965347,2.6139671866112477e-05,2.4760752082967826e-05,2.4760752082967826e-05,3.6197338772986645e-10,0.2613967186611248
0.41250000000000003,8527.745340865073,2.6264817291905863e-05,2.5486171609554756e-05,2.5486171609554756e-05,3.706790269863035e-10,0.2626481729190586
0.41875,8521.08659006484,2.6383608475262646e-05,2.6221533252123815e-05,2.6221533252123815e-05,3.794240403292859e-10,0.26383608475262643
0.42500000000000004,8514.78042826121,2.6496109520212793e-05,2.696682310757897e-05,2.696682310757897e-05,3.882063428527877e-10,0.2649610952021279
0.43125,8508.823293479567,2.660238397188714e-05,2.7722027707294185e-05,2.7722027707294185e-05,3.9702387071321726e-10,0.2660238397188714
0.4375,8503.21165348137,2.6702494844925022e-05,2.8487134012529654e-05,2.8487134012529654e-05,4.0587458095358223e-10,0.26702494844925023
0.44375000000000003,8497.942004610213,2.6796504644068655e-05,2.926212940988427e-05,2.926212940988427e-05,4.147564513344812e-10,0.2679650464406865
0.45,8493.010871096381,2.6884475376563823e-05,3.0047001706782623e-05,3.0047001706782623e-05,4.236674801692051e-10,0.2688447537656382
0.45625000000000004,8488.414804796237,2.6966468556809796e-05,3.084173912699523e-05,3.084173912699523e-05,4.326056861603804e-10,0.269664685568098
0.4625,8484.150385303876,2.704254520437116e-05,3.1646330306190644e-05,3.1646330306190644e-05,4.415691082359529e-10,0.2704254520437116
0.46875,8480.214220345322,2.711276583693938e-05,3.24607642875179e-05,3.24607642875179e-05,4.505558053828386e-10,0.2711276583693938
0.47500000000000003,8476.602946352901,2.7177190460094155e-05,3.328503051721707e-05,3.328503051721707e-05,4.5956385647718123e-10,0.2717719046009415
0.48125,8473.313229111256,2.723587855576981e-05,3.4119118840254786e-05,3.4119118840254786e-05,4.685913601107866e-10,0.2723587855576981
0.48750000000000004,8470.341764377004,2.7288889071205475e-05,3.496301949598003e-05,3.496301949598003e-05,4.776364344138945e-10,0.27288889071205474
0.49375,8467.685278386629,2.733628040988702e-05,3.581672311379316e-05,3.581672311379316e-05,4.866972168749483e-10,0.2733628040988702
0.5,8465.3405281883,2.7378110425620058e-05,3.668022070881838e-05,3.668022070881838e-05,4.957718641583998e-10,0.27378110425620056
0.50625,8463.304301758577,2.7414436420452974e-05,3.7553503677565846e-05,3.7553503677565846e-05,5.048585519218263e-10,0.27414436420452976
0.5125000000000001,8461.573417886702,2.744531514674347e-05,3.843656379356439e-05,3.843656379356439e-05,5.139554746337313e-10,0.2744531514674347
0.51875,8460.144725831726,2.747080281326731e-05,3.932939320293917e-05,3.932939320293917e-05,5.230608453933718e-10,0.2747080281326731
0.525,8459.015104778253,2.7490955094935665e-05,4.02319844199e-05,4.02319844199e-05,5.321728957538049e-10,0.27490955094935665
0.53125,8458.181463127708,2.7505827145435348e-05,4.114433032209464e-05,4.114433032209464e-05,5.412898755491248e-10,0.27505827145435346
0.5375,8457.640737673355,2.7515473611945337e-05,4.206642414576717e-05,4.206642414576717e-05,5.504100527265776e-10,0.27515473611945335
0.5437500000000001,8457.389892710493,2.751994865101297e-05,4.299825948064319e-05,4.299825948064319e-05,5.595317131839386e-10,0.2751994865101297
0.55,8457.425919132114,2.7519305944688365e-05,4.3939830264439706e-05,4.3939830264439706e-05,5.686531606122369e-10,0.27519305944688366
0.55625,8457.745833555433,2.7513598716101926e-05,4.489113077686823e-05,4.489113077686823e-05,5.777727163436437e-10,0.2751359871610193
0.5625,8458.346677517875,2.750287974381213e-05,4.585215563296143e-05,4.585215563296143e-05,5.868887192041161e-10,0.2750287974381213
0.56875,8459.225516769433,2.748720137442975e-05,4.6822899775506625e-05,4.6822899775506625e-05,5.959995253702252e-10,0.27487201374429754
0.5750000000000001,8460.37944067811,2.7466615533221674e-05,4.78033584663101e-05,4.78033584663101e-05,6.051035082294993e-10,0.2746661553322167
0.58125,8461.805561754532,2.7441173732595605e-05,4.879352727594277e-05,4.879352727594277e-05,6.141990582435789e-10,0.27441173732595603
0.5875,8463.50101529027,2.7410927078549444e-05,4.979340207152696e-05,4.979340207152696e-05,6.232845828135097e-10,0.27410927078549446
0.59375,8465.462959096973,2.7375926275325367e-05,5.080297900201333e-05,5.080297900201333e-05,6.323585061465779e-10,0.2737592627532537
0.6000000000000001,8467.68857332603,2.733622162862801e-05,5.18222544802611e-05,5.18222544802611e-05,6.414192691242129e-10,0.2733622162862801
0.6062500000000001,8470.175060344207,2.7291863047845026e-05,5.285122516107188e-05,5.285122516107188e-05,6.50465329170625e-10,0.2729186304784503
0.6125,8472.919644638221,2.724290004774393e-05,5.388988791413011e-05,5.388988791413011e-05,6.594951601220064e-10,0.2724290004774393
0.61875,8475.919572722987,2.718938175011389e-05,5.493823979056949e-05,5.493823979056949e-05,6.685072520962761e-10,0.2718938175011389
0.625,8479.172113028613,2.7131356885779265e-05,5.5996277981606847e-05,5.5996277981606847e-05,6.775001113634918e-10,0.2713135688577927
0.6312500000000001,8482.674555746926,2.706887379734007e-05,5.706399976735893e-05,5.706399976735893e-05,6.864722602171708e-10,0.2706887379734007
0.6375000000000001,8486.424212622267,2.700198044290117e-05,5.814140245357762e-05,5.814140245357762e-05,6.954222368468468e-10,0.2700198044290117
0.64375,8490.418416678334,2.6930724400946283e-05,5.922848329359885e-05,5.922848329359885e-05,7.043485952122414e-10,0.2693072440094628
0.65,8494.654521878252,2.6855152876403532e-05,6.0325239392295994e-05,6.0325239392295994e-05,7.132499049194475e-10,0.2685515287640353
0.65625,8499.129902720992,2.6775312707844896e-05,6.143166758825485e-05,6.143166758825485e-05,7.221247510994978e-10,0.26775312707844895
0.6625000000000001,8503.84195378257,2.6691250375670215e-05,6.254776430974026e-05,6.254776430974026e-05,7.309717342896467e-10,0.26691250375670217
0.6687500000000001,8508.788089214588,2.6603012011052356e-05,6.367352539930358e-05,6.367352539930358e-05,7.397894703176166e-10,0.26603012011052357
0.675,8513.965742215727,2.6510643405368465e-05,6.48089459010835e-05,6.48089459010835e-05,7.485765901889703e-10,0.26510643405368467
0.68125,8519.37236449271,2.6414190019814518e-05,6.5954019803984e-05,6.5954019803984e-05,7.573317399776707e-10,0.26414190019814515
0.6875,8525.005425728246,2.63136969948963e-05,6.710873973297745e-05,6.710873973297745e-05,7.66053580719786e-10,0.263136969948963
0.6937500000000001,8530.862413072267,2.6209209159508512e-05,6.827309657978595e-05,6.827309657978595e-05,7.74740788310204e-10,0.2620920915950851
0.7000000000000001,8536.9408306701,2.6100771039350952e-05,6.94470790631561e-05,6.94470790631561e-05,7.833920534021364e-10,0.2610077103935095
0.70625,8543.238199238778,2.5988426864482827e-05,7.063067320787651e-05,7.063067320787651e-05,7.920060813091269e-10,0.2598842686448283
0.7125,8549.752055699935,2.5872220575878467e-05,7.18238617306207e-05,7.18238617306207e-05,8.005815919092321e-10,0.2587222057587847
0.71875,8556.479952872109,2.5752195830914165e-05,7.302662331965884e-05,7.302662331965884e-05,8.091173195510212e-10,0.25752195830914165
0.7250000000000001,8563.41945922311,2.5628396007782572e-05,7.423893179450774e-05,7.423893179450774e-05,8.176120129610387e-10,0.2562839600778257
0.7312500000000001,8570.568158679724,2.5500864208892945e-05,7.546075513072408e-05,7.546075513072408e-05,8.260644351523944e-10,0.2550086420889294
0.7375,8577.9236504875,2.5369643263369157e-05,7.669205433433944e-05,7.669205433433944e-05,8.344733633341813e-10,0.25369643263369157
0.74375,8585.483549112676,2.5234775728799914e-05,7.79327821499489e-05,7.79327821499489e-05,8.428375888214733e-10,0.25234775728799913
0.75,8593.245484175664,2.509630389242568e-05,7.918288158625682e-05,7.918288158625682e-05,8.511559169457167e-10,0.2509630389242568
0.7562500000000001,8601.207100404785,2.4954269771963363e-05,8.044228424302758e-05,8.044228424302758e-05,8.59427166965395e-10,0.24954269771963364
0.7625000000000001,8609.366057598969,2.4808715116273554e-05,8.17109084239554e-05,8.17109084239554e-05,8.676501719769148e-10,0.24808715116273553
0.76875,8617.72003058808,2.465968140606647e-05,8.298865702103363e-05,8.298865702103363e-05,8.758237788257254e-10,0.2465968140606647
0.775,8626.266709181218,2.4507209854824555e-05,8.427541515764477e-05,8.427541515764477e-05,8.839468480177449e-10,0.24507209854824555
0.78125,8635.003798094414,2.435134141009285e-05,8.557104757988133e-05,8.557104757988133e-05,8.92018253631213e-10,0.2435134141009285
0.7875000000000001,8643.929016850987,2.419211675525586e-05,8.687539578861218e-05,8.687539578861218e-05,9.00036883229134e-10,0.2419211675525586
0.7937500000000001,8653.040099650192,2.4029576311884442e-05,8.818827490858604e-05,8.818827490858604e-05,9.080016377724964e-10,0.24029576311884443
0.8,8662.334795200626,2.3863760242699585e-05,8.950947029546026e-05,8.950947029546026e-05,9.159114315344758e-10,0.23863760242699586
0.80625,8671.810866519394,2.3694708455164986e-05,9.083873388708317e-05,9.083873388708317e-05,9.237651920158284e-10,0.23694708455164987
0.8125,8681.466090696284,2.352246060568839e-05,9.217578031165037e-05,9.217578031165037e-05,9.315618598616764e-10,0.2352246060568839
0.8187500000000001,8691.298258626783,2.3347056104384005e-05,9.352028277247758e-05,9.352028277247758e-05,9.39300388779873e-10,0.23347056104384006
0.8250000000000001,8701.305174717845,2.3168534120326573e-05,9.487186873703369e-05,9.487186873703369e-05,9.46979745461108e-10,0.23168534120326573
0.83125,8711.484656570237,2.2986933587211376e-05,9.623011546647527e-05,9.623011546647527e-05,9.545989095008903e-10,0.22986933587211375
0.8375,8721.834534644247,2.280229320932529e-05,9.759454543109536e-05,9.759454543109536e-05,9.621568733235081e-10,0.22802293209325292
0.84375,8732.352651912728,2.2614651467730335e-05,9.896462166668602e-05,9.896462166668602e-05,9.696526421080405e-10,0.22614651467730335
0.8500000000000001,8743.036863508112,2.242404662656326e-05,0.00010033974313661803,0.00010033974313661803,9.77085233716456e-10,0.2242404662656326
0.8562500000000001,8753.885036367927,2.2230516739362246e-05,0.00010171924017422403,0.00010171924017422403,9.84453678623808e-10,0.22230516739362247
0.8625,8764.895048882652,2.2034099655342534e-05,0.00010310237008955819,0.00010310237008955819,9.91757019850511e-10,0.22034099655342534
0.86875,8776.06479055078,2.183483302555756e-05,0.00010448831303349198,0.00010448831303349198,9.989943128966583e-10,0.2183483302555756
0.875,8787.392161642183,2.163275430889813e-05,0.00010587616822005478,0.00010587616822005478,1.006164625678329e-09,0.2163275430889813
0.8812500000000001,8798.875072872816,2.142790077789947e-05,0.00010726495061458848,0.00010726495061458848,1.013267038465819e-09,0.2142790077789947
0.8875000000000001,8810.511445090771,2.1220309524342985e-05,0.00010865358820029383,0.00010865358820029383,1.0203006438237287e-09,0.21220309524342984
0.89375,8822.299208973249,2.1010017464655617e-05,0.0001100409199387399,0.0001100409199387399,1.0272645465528408e-09,0.21010017464655617
0.9,8834.236304734746,2.079706134512387e-05,0.00011142569454054172,0.00011142569454054172,1.0341578636337267e-09,0.2079706134512387
0.90625,8846.320681843305,2.0581477746951335e-05,0.00011280657016036349,0.00011280657016036349,1.040979724172028e-09,0.20581477746951335
0.9125000000000001,8858.55029874371,2.036330309119718e-05,0.00011418211512540027,0.00011418211512540027,1.047729269345376e-09,0.20363303091197182
0.9187500000000001,8870.923122584976,2.0142573643638983e-05,0.00011555080979831281,0.00011555080979831281,1.0544056523519228e-09,0.20142573643638984
0.925,8883.43712894936,1.9919325519605334e-05,0.00011691104966408859,0.00011691104966408859,1.0610080383604736e-09,0.19919325519605333
0.93125,8896.090301580902,1.9693594688823013e-05,0.00011826114971542274,0.00011826114971542274,1.0675356044622265e-09,0.19693594688823013
0.9375,8908.880632110175,1.9465416980319706e-05,0.00011959935019298877,0.00011959935019298877,1.0739875396241365e-09,0.19465416980319705
0.9437500000000001,8921.80611977479,1.9234828087417054e-05,0.00012092382371554984,0.00012092382371554984,1.080363044643935e-09,0.19234828087417052
0.9500000000000001,8934.864771132869,1.9001863572840326e-05,0.00012223268381050768,0.00012223268381050768,1.0866613321068429e-09,0.19001863572840325
0.95625,8948.054599769033,1.8766558873961615e-05,0.00012352399482857458,0.00012352399482857458,1.0928816263440216e-09,0.18766558873961614
0.9625,8961.373625992795,1.8528949308182494e-05,0.00012479578319727906,0.00012479578319727906,1.099023163392808e-09,0.18528949308182494
0.96875,8974.819876529227,1.8289070078451655e-05,0.00012604604993758347,0.00012604604993758347,1.105085190958778e-09,0.18289070078451655
0.9750000000000001,8988.391384202967,1.804695627890257e-05,0.00012727278433670658,0.00012727278433670658,1.1110669683796792e-09,0.1804695627890257
0.9812500000000001,9002.086187616835,1.78026429005869e-05,0.00012847397863909575,0.00012847397863909575,1.116967766591264e-09,0.17802642900586899
0.9875,9015.902330826862,1.7556164837271548e-05,0.00012964764358723834,0.00012964764358723834,1.122786868095044e-09,0.17556164837271548
0.99375,9029.837863015951,1.7307556891261453e-05,0.00013079182461553813,0.00013079182461553813,1.1285235669279733e-09,0.17307556891261452
1.0,9043.890838168238,1.7056853779206117e-05,0.00013190461847471989,0.00013190461847471989,1.1341771686340596e-09,0.17056853779206116
1.00625,9058.059314747165,1.6804090137846833e-05,0.00013298419004206122,0.00013298419004206122,1.139746990237876e-09,0.16804090137846833
1.0125,9072.341355378938,1.6549300529662195e-05,0.0001340287890550326,0.0001340287890550326,1.145232360219947e-09,0.16549300529662195
1.01875,9086.735026543818,1.6292519448372983e-05,0.00013503676649342017,0.00013503676649342017,1.1506326184939587e-09,0.16292519448372983
1.0250000000000001,9101.238398277523,1.603378132427278e-05,0.00013600659032837195,0.00013600659032837195,1.1559471163857347e-09,0.1603378132427278
1.03125,9115.849543883518,1.577312052935794e-05,0.0001369368603565519,0.0001369368603565519,1.1611752166139137e-09,0.1577312052935794
1.0375,9130.566539657772,1.5510571382239275e-05,0.00013782632184406558,0.00013782632184406558,1.166316293272254e-09,0.15510571382239274
1.04375,9145.387464626176,1.5246168152827374e-05,0.00013867387771818133,0.00013867387771818133,1.1713697318134923e-09,0.15246168152827375
1.05,9160.310400294253,1.4979945066793813e-05,0.00013947859906507127,0.00013947859906507127,1.176334929034679e-09,0.14979945066793812
1.0562500000000001,9175.333430409317,1.4711936309820594e-05,0.0001402397337185729,0.0001402397337185729,1.1812112930639252e-09,0.14711936309820595
1.0625,9190.454640732514,1.4442176031659926e-05,0.00014095671275784357,0.00014095671275784357,1.1859982433484923e-09,0.14442176031659926
1.06875,9205.672118820461,1.4170698350035211e-05,0.00014162915477006774,0.00014162915477006774,1.1906952106441762e-09,0.1417069835003521
1.075,9220.983953813133,1.389753735442136e-05,0.0001422568677771912,0.0001422568677771912,1.195301637005944e-09,0.1389753735442136
1.08125,9236.38823622637,1.362272710974829e-05,0.00014283984877195606,0.00014283984877195606,1.1998169757797986e-09,0.1362272710974829
1.0875000000000001,9251.883057746069,1.3346301660074941e-05,0.0001433782808570951,0.0001433782808570951,1.2042406915958613e-09,0.1334630166007494
1.09375,9267.466511020768,1.3068295032282724e-05,0.00014387252803112227,0.00014387252803112227,1.208572260362677e-09,0.13068295032282723
1.1,9283.136689451225,1.2788741239836558e-05,0.00014432312771336448,0.00014432312771336448,1.2128111692627684e-09,0.12788741239836557
1.10625,9298.891686973026,1.2507674286658775e-05,0.00014473078114834127,0.00014473078114834127,1.2169569167494726e-09,0.12507674286658774
1.1125,9314.729597830918,1.2225128171156435e-05,0.00014509634187396403,0.00014509634187396403,1.221009012545113e-09,0.12225128171156435
1.1187500000000001,9330.648516342595,1.1941136890436023e-05,0.0001454208024780205,0.0001454208024780205,1.224966977640568e-09,0.11941136890436023
1.125,9346.646536650385,1.1655734444731692e-05,0.00014570527990188158,0.00014570527990188158,1.2288303442963083e-09,0.11655734444731691
1.13125,9362.72175246018,1.136895484206445e-05,0.00014595099957832595,0.00014595099957832595,1.2325986560449774e-09,0.1136895484206445
1.1375,9378.872256766697,1.108083210314031e-05,0.00014615927871103142,0.00014615927871103142,1.2362714676955962e-09,0.1108083210314031
1.14375,9395.0961415659,1.0791400266486287e-05,0.0001463315090160674,0.0001463315090160674,1.2398483453394702e-09,0.10791400266486287
1.1500000000000001,9411.39149755399,1.0500693393813886e-05,0.0001464691392503235,0.0001464691392503235,1.2433288663578733e-09,0.10500693393813886
1.15625,9427.756413815325,1.020874557559209e-05,0.00014657365784816992,0.00014657365784816992,1.2467126194315807e-09,0.1020874557559209
1.1625,9444.18897749945,9.915590936804523e-06,0.00014664657597596837,0.00014664657597596837,1.2499992045523087e-09,0.09915590936804522
1.16875,9460.687273489977,9.621263642860491e-06,0.00014668941129480052,0.00014668941129480052,1.2531882330361134e-09,0.0962126364286049
1.175,9477.24938406647,9.325797905625728e-06,0.00014670367269564225,0.00014670367269564225,1.2562793275387899e-09,0.09325797905625728
1.1812500000000001,9493.873388561402,9.02922798953693e-06,0.0001466908462390922,0.0001466908462390922,1.2592721220732966e-09,0.09029227989536931
1.1875,9510.557363015367,8.731588217764392e-06,0.00014665238249473897,0.00014665238249473897,1.262166262029223e-09,0.08731588217764391
1.19375,9527.299379830158,8.432912978388782e-06,0.00014658968543453235,0.00014658968543453235,1.2649614041943049e-09,0.08432912978388782
1.2000000000000002,9544.097507423889,8.133236730561923e-06,0.00014650410299141145,0.00014650410299141145,1.2676572167779811e-09,0.08133236730561923
1.20625,9560.949809887685,7.832594010626407e-06,0.00014639691935028045,0.00014639691935028045,1.2702533794369789e-09,0.07832594010626406
1.2125000000000001,9577.854346646203,7.531019438175245e-06,0.0001462693489945424,0.0001462693489945424,1.2727495833029077e-09,0.07531019438175245
1.21875,9594.809172121946,7.2285477220399296e-06,0.00014612253248909047,0.00014612253248909047,1.2751455310118382e-09,0.0722854772203993
1.225,9611.812335403722,6.925213666202961e-06,0.00014595753394109294,0.00014595753394109294,1.2774409367358404e-09,0.06925213666202962
1.2312500000000002,9628.861879919288,6.621052175638904e-06,0.00014577534004414882,0.00014577534004414882,1.279635526216458e-09,0.06621052175638904
1.2375,9645.955843111373,6.316098262095761e-06,0.0001455768605803092,0.0001455768605803092,1.2817290368000995e-09,0.06316098262095761
1.2437500000000001,9663.092256115802,6.010387049835782e-06,0.00014536293022874688,0.00014536293022874688,1.2837212174753315e-09,0.06010387049835782
1.25,9680.269143440411,5.703953781361463e-06,0.00014513431150998973,0.00014513431150998973,1.2856118289120699e-09,0.05703953781361463
1.25625,9697.484522643432,5.396833823158173e-06,0.00014489169868087132,0.00014489169868087132,1.2874006435026755e-09,0.05396833823158173
1.2625000000000002,9714.736404008341,5.089062671489417e-06,0.00014463572238773793,0.00014463572238773793,1.2890874454049693e-09,0.05089062671489417
1.26875,9732.02279021408,4.780675958284157e-06,0.00014436695488382343,0.00014436695488382343,1.2906720305871996e-09,0.04780675958284157
1.2750000000000001,9749.341675997473,4.471709457157789e-06,0.0001440859156207023,0.0001440859156207023,1.2921542068750054e-09,0.044717094571577895
1.28125,9766.691047805742,4.162199089609369e-06,0.0001437930770328395,0.0001437930770328395,1.2935337940004325e-09,0.04162199089609369
1.2875,9784.06888343701,3.852180931437475e-06,0.00014348887034780773,0.00014348887034780773,1.294810623653078e-09,0.03852180931437475
1.2937500000000002,9801.473151666125,3.541691219415986e-06,0.00014317369127197444,0.00014317369127197444,1.2959845395334458e-09,0.03541691219415986
1.3,9818.901811853499,3.230766358268951e-06,0.00014284790542153157,0.00014284790542153157,1.2970553974086152e-09,0.03230766358268951
1.3062500000000001,9836.352813535525,2.919442927981003e-06,0.00014251185339077393,0.00014251185339077393,1.298023065170332e-09,0.02919442927981003
1.3125,9853.824095994023,2.6077576914764744e-06,0.0001421658553726541,0.0001421658553726541,1.298887422895645e-09,0.026077576914764745
1.31875,9871.313587803443,2.295747602696724e-06,0.00014181021527000164,0.00014181021527000164,1.2996483629102198e-09,0.02295747602696724
1.3250000000000002,9888.819206354443,1.9834498151013453e-06,0.00014144522425861162,0.00014144522425861162,1.3003057898544705e-09,0.019834498151013454
1.33125,9906.338857352353,1.6709016906150585e-06,0.00014107116378497326,0.00014107116378497326,1.3008596207526564e-09,0.016709016906150585
1.3375000000000001,9923.870434289636,1.3581408090382542e-06,0.00014068830800113513,0.00014068830800113513,1.3013097850850988e-09,0.013581408090382541
1.34375,9941.411817891567,1.0452049779355522e-06,0.0001402969256565989,0.0001402969256565989,1.3016562248636745e-09,0.010452049779355523
1.35,9958.960875534462,7.321322430133951e-07,0.00013989728148185502,0.00013989728148185502,1.3018988947107496e-09,0.007321322430133951
1.3562500000000002,9976.515460636438,4.189608989946247e-07,0.00013948963710998932,0.00013948963710998932,1.3020377619417173e-09,0.0041896089899462466
1.3625,9994.073412019332,1.0572950099525685e-07,0.00013907425159160523,0.00013907425159160523,1.3020728066513073e-09,0.0010572950099525685
1.3687500000000001,10011.6325532428,-2.0752312359364875e-07,0.00013865138156413776,0.00013865138156413776,1.3020040218038325e-09,-0.0020752312359364877
1.375,10029.190691909951,-5.207578627181322e-07,0.00013822128113961374,0.00013822128113961374,1.301831413327543e-09,-0.005207578627181322
1.38125,10046.745618944598,-8.339353067682679e-07,0.00013778420157525088,0.00013778420157525088,1.3015550002132524e-09,-0.00833935306768268
1.3875000000000002,10064.295107840442,-1.1470157351819249e-06,0.0001373403907892847,0.0001373403907892847,1.3011748146174048e-09,-0.011470157351819249
1.39375,10081.836913881947,-1.4599591025483605e-06,0.00013689009278041066,0.00013689009278041066,1.3006909019697483e-09,-0.014599591025483605
1.4000000000000001,10099.368773337677,-1.772725024215183e-06,0.00013643354700362036,0.00013643354700362036,1.3001033210857788e-09,-0.01772725024215183
1.40625,10116.888402625851,-2.085272761402452e-06,0.0001359709877483948,0.0001359709877483948,1.2994121442841173e-09,-0.02085272761402452
1.4125,10134.393497452455,-2.397561205827422e-06,0.00013550264355760168,0.00013550264355760168,1.2986174575089843e-09,-0.02397561205827422
1.4187500000000002,10151.881731922182,-2.7095488638427694e-06,0.00013502873671741674,0.00013502873671741674,1.2977193604579315e-09,-0.027095488638427694
1.425,10169.350757622069,-3.021193840089868e-06,0.00013454948284050955,0.00013454948284050955,1.2967179667149909e-09,-0.030211938400898683
1.4312500000000001,10186.798202678085,-3.332453820666987e-06,0.00013406509055692386,0.00013406509055692386,1.2956134038894044e-09,-0.03332453820666987
1.4375,10204.221670784178,-3.64328605580977e-06,0.00013357576131981219,0.00013357576131981219,1.2944058137600924e-09,-0.036432860558097704
1.44375,10221.61874020393,-3.9536473420782164e-06,0.0001330816893266715,0.0001330816893266715,1.2930953524260283e-09,-0.03953647342078216
1.4500000000000002,10238.98696274366,-4.2634940040405566e-06,0.00013258306155113293,0.00013258306155113293,1.291682190462682e-09,-0.042634940040405564
1.45625,10256.323862696901,-4.572781875439643e-06,0.0001320800578757907,0.0001320800578757907,1.2901665130847086e-09,-0.04572781875439643
1.4625000000000001,10273.626935758606,-4.8814662798220175e-06,0.00013157285131305802,0.00013157285131305802,1.2885485203150544e-09,-0.04881466279822017
1.46875,10290.893647907493,-5.189502010603494e-06,0.00013106160829862178,0.00013106160829862178,1.2868284271606736e-09,-0.051895020106034945
1.475,10308.121434255458,-5.4968433105379636e-06,0.00013054648904067825,0.00013054648904067825,1.285006463795048e-09,-0.05496843310537963
1.4812500000000002,10325.307697860726,-5.803443850548308e-06,0.0001300276479076989,0.0001300276479076989,1.2830828757477239e-09,-0.05803443850548308
1.4875,10342.449808502904,-6.10925670786985e-06,0.0001295052338378818,0.0001295052338378818,1.2810579241010938e-09,-0.0610925670786985
1.4937500000000001,10359.545101415888,-6.4142343434477316e-06,0.0001289793907545619,0.0001289793907545619,1.2789318856946697e-09,-0.06414234343447732
1.5,10376.59087597527,-6.718328578520297e-06,0.00012845025797353918,0.00012845025797353918,1.2767050533371176e-09,-0.06718328578520297
1.50625,10393.584394335801,-7.021490570310953e-06,0.0001279179705903834,0.0001279179705903834,1.27437773602635e-09,-0.07021490570310954
1.5125000000000002,10410.522880013948,-7.323670786741377e-06,0.00012738265983814492,0.00012738265983814492,1.2719502591779988e-09,-0.07323670786741376
1.51875,10427.403516410177,-7.624818980069689e-06,0.0001268444534083941,0.0001268444534083941,1.2694229648626268e-09,-0.07624818980069689
1.5250000000000001,10444.22344526505,-7.924884159348187e-06,0.00012630347573100567,0.00012630347573100567,1.2667962120520677e-09,-0.07924884159348188
1.53125,10460.97976504301,-8.223814561587085e-06,0.00012575984821048191,0.00012575984821048191,1.2640703768753244e-09,-0.08223814561587085
1.5375,10477.669529236473,-8.521557621503478e-06,0.00012521368941877591,0.00012521368941877591,1.2612458528844945e-09,-0.08521557621503478
1.5437500000000002,10494.289744583824,-8.818059939728629e-06,0.0001246651152464666,0.0001246651152464666,1.2583230513312328e-09,-0.08818059939728629
1.55,10510.837369193558,-9.113267249342155e-06,0.00012411423901569345,0.00012411423901569345,1.255302401454307e-09,-0.09113267249342155
1.5562500000000001,10527.309310566834,-9.407124380598853e-06,0.0001235611715594558,0.0001235611715594558,1.2521843507788444e-09,-0.09407124380598854
1.5625,10543.702423511693,-9.699575223712939e-06,0.0001230060212727083,0.0001230060212727083,1.2489693654279148e-09,-0.09699575223712939
1.56875,10560.01350794037,-9.990562689565934e-06,0.00012244889414114892,0.00012244889414114892,1.245657930447136e-09,-0.09990562689565934
1.5750000000000002,10576.239306543124,-1.0280028668208171e-05,0.00012188989375372261,0.00012188989375372261,1.2422505501430351e-09,-0.10280028668208172
1.58125,10592.376502331555,-1.0567913985030359e-05,0.0001213291213046903,0.0001213291213046903,1.238747748435936e-09,-0.10567913985030358
1.5875000000000001,10608.421716044884,-1.0854158354491054e-05,0.00012076667559068108,0.00012076667559068108,1.235150069228186e-09,-0.10854158354491054
1.59375,10624.371503413191,-1.113870033129841e-05,0.00012020265300751545,0.00012020265300751545,1.2314580767885614e-09,-0.1113870033129841
1.6,10640.222352273864,-1.142147725896025e-05,0.00011963714755080392,0.00011963714755080392,1.2276723561537275e-09,-0.1142147725896025
1.6062500000000002,10655.970679535822,-1.170242521563592e-05,0.0001190702508234545,0.0001190702508234545,1.2237935135476473e-09,-0.1170242521563592
1.6125,10671.612827991235,-1.1981478957246144e-05,0.0001185020520523104,0.0001185020520523104,1.2198221768198444e-09,-0.11981478957246144
1.6187500000000001,10687.145062971418,-1.2258571857824058e-05,0.00011793263811523831,0.00011793263811523831,1.2157589959034398e-09,-0.12258571857824058
1.625,10702.563568849519,-1.2533635847121104e-05,0.00011736209357914028,0.00011736209357914028,1.211604643293867e-09,-0.12533635847121102
1.63125,10717.864445392002,-1.2806601345516436e-05,0.00011679050074860087,0.00011679050074860087,1.2073598145491634e-09,-0.12806601345516436
1.6375000000000002,10733.043703963895,-1.3077397196317388e-05,0.00011621793972423723,0.00011621793972423723,1.2030252288127011e-09,-0.1307739719631739
1.64375,10748.09726359456,-1.3345950595582064e-05,0.0001156444884693062,0.0001156444884693062,1.1986016293591776e-09,-0.13345950595582065
1.6500000000000001,10763.020946915793,-1.361218701964248e-05,0.00011507022288275287,0.00011507022288275287,1.1940897841646298e-09,-0.1361218701964248
1.65625,10777.810475982593,-1.3876030150559133e-05,0.00011449521687665674,0.00011449521687665674,1.1894904865011566e-09,-0.13876030150559132
1.6625,10792.46146799498,-1.4137401799794019e-05,0.00011391954245594397,0.00011391954245594397,1.184804555556941e-09,-0.1413740179979402
1.6687500000000002,10806.969430939382,-1.4396221830450024e-05,0.00011334326979826831,0.00011334326979826831,1.1800328370820455e-09,-0.14396221830450023
1.675,10821.329759171971,-1.465240807848966e-05,0.00011276646733210911,0.00011276646733210911,1.1751762040603208e-09,-0.1465240807848966
1.6812500000000001,10835.537728973313,-1.4905876273414827e-05,0.00011218920181136672,0.00011218920181136672,1.1702355574076056e-09,-0.14905876273414828
1.6875,10849.588494102236,-1.5156539958962628e-05,0.00011161153838503291,0.00011161153838503291,1.1652118266962115e-09,-0.15156539958962628
1.69375,10863.477081387273,-1.540431041444787e-05,0.00011103354066085543,0.00011103354066085543,1.160105970905481e-09,-0.1540431041444787
1.7000000000000002,10877.198386393342,-1.5649096577462738e-05,0.00011045527076227336,0.00011045527076227336,1.1549189791979652e-09,-0.15649096577462737
1.70625,10890.74716920928,-1.5890804968725654e-05,0.00010987678937825867,0.00010987678937825867,1.1496518717205126e-09,-0.15890804968725653
1.7125000000000001,10904.11805040503,-1.612933961995506e-05,0.00010929815580603627,0.00010929815580603627,1.1443057004292638e-09,-0.1612933961995506
1.71875,10917.30550721175,-1.6364602005728895e-05,0.0001087194279869556,0.0001087194279869556,1.138881549937231e-09,-0.16364602005728895
1.725,10930.30386998472,-1.659649098037545e-05,0.00010814066253604205,0.00010814066253604205,1.1333805383827976e-09,-0.1659649098037545
1.7312500000000002,10943.10731901065,-1.6824902721025823e-05,0.00010756191476595363,0.00010756191476595363,1.1278038183170907e-09,-0.16824902721025822
1.7375,10955.70988172945,-1.704973067804068e-05,0.00010698323870620917,0.00010698323870620917,1.1221525776077875e-09,-0.1704973067804068
1.7437500000000001,10968.105430440819,-1.7270865534103505e-05,0.00010640468711863316,0.00010640468711863316,1.1164280403564787e-09,-0.17270865534103505
1.75,10980.287680573632,-1.748819517334727e-05,0.00010582631150998649,0.00010582631150998649,1.1106314678262656e-09,-0.1748819517334727
1.75625,10992.250189598859,-1.7701604661950445e-05,0.00010524816214272388,0.00010524816214272388,1.1047641593757896e-09,-0.17701604661950446
1.7625000000000002,11003.986356667845,-1.7910976241699353e-05,0.00010467028804474852,0.00010467028804474852,1.0988274533953943e-09,-0.17910976241699353
1.76875,11015.489423065885,-1.8116189338065507e-05,0.00010409273701892941,0.00010409273701892941,1.0928227282406103e-09,-0.18116189338065508
1.7750000000000001,11026.75247356702,-1.831712058438707e-05,0.00010351555565301806,0.00010351555565301806,1.0867514031576268e-09,-0.1831712058438707
1.78125,11037.768438783385,-1.8513643863770856e-05,0.00010293878933045847,0.00010293878933045847,1.0806149391948713e-09,-0.18513643863770857
1.7875,11048.530098598132,-1.8705630370343284e-05,0.00010236248224243731,0.00010236248224243731,1.0744148400942906e-09,-0.18705630370343285
1.7937500000000002,11059.03008677469,-1.8892948691473942e-05,0.00010178667740138004,0.00010178667740138004,1.0681526531553763e-09,-0.18892948691473943
1.8,11069.260896831096,-1.9075464912571307e-05,0.00010121141665596588,0.00010121141665596588,1.061829970064455e-09,-0.19075464912571308
1.8062500000000001,11079.214889266186,-1.9253042746005632e-05,0.00010063674070762488,0.00010063674070762488,1.055448427681248e-09,-0.19253042746005633
1.8125,11088.884300222575,-1.9425543685646388e-05,0.00010006268912838679,0.00010006268912838679,1.0490097087742063e-09,-0.19425543685646388
1.81875,11098.26125166311,-1.9592827188410235e-05,9.948930037988595e-05,9.948930037988595e-05,1.0425155426956714e-09,-0.19592827188410233
1.8250000000000002,11107.337763132895,-1.9754750884098397e-05,9.891661183328382e-05,9.891661183328382e-05,1.0359677059874854e-09,-0.19754750884098396
1.83125,11116.105765171056,-1.9911170814658208e-05,9.834465978985175e-05,9.834465978985175e-05,1.029368022907294e-09,-0.19911170814658208
1.8375000000000001,11124.557114425885,-2.0061941703832318e-05,9.777347950195889e-05,9.777347950195889e-05,1.0227183658654741e-09,-0.20061941703832317
1.84375,11132.683610515804,-2.0206917257959474e-05,9.720310519423155e-05,9.720310519423155e-05,1.0160206557623591e-09,-0.20206917257959475
1.85,11140.477014666689,-2.0345950498462922e-05,9.663357008468395e-05,9.663357008468395e-05,1.009276862215258e-09,-0.20345950498462922
1.8562500000000002,11147.929070141532,-2.0478894126307227e-05,9.606490640566509e-05,9.606490640566509e-05,1.0024890036646738e-09,-0.20478894126307226
1.8625,11155.03152446134,-2.0605600918421627e-05,9.549714542451608e-05,9.549714542451608e-05,9.95659147349124e-10,-0.20605600918421627
1.8687500000000001,11161.776153401011,-2.0725924155779987e-05,9.493031746388291e-05,9.493031746388291e-05,9.887894091380723e-10,-0.20725924155779987
1.875,11168.154786723573,-2.083971808249571e-05,9.436445192167766e-05,9.436445192167766e-05,9.818819532126902e-10,-0.2083971808249571
1.88125,11174.159335596973,-2.094683839493683e-05,9.379957729072416e-05,9.379957729072416e-05,9.749389915844971e-10,-0.20946838394936831
1.8875000000000002,11179.78182161738,-2.1047142759495343e-05,9.32357211781583e-05,9.32357211781583e-05,9.679627834423843e-10,-0.21047142759495344
1.89375,11185.014407340439,-2.1140491357259057e-05,9.267291032467835e-05,9.267291032467835e-05,9.60955634319103e-10,-0.21140491357259056
1.9000000000000001,11189.8494282,-2.122674745343789e-05,9.211117062375608e-05,9.211117062375608e-05,9.539198950690123e-10,-0.21226747453437889
1.90625,11194.279425671288,-2.1305777988994953e-05,9.155052714092367e-05,9.155052714092367e-05,9.468579606497278e-10,-0.21305777988994953
1.9125,11198.29718151399,-2.1377454191529922e-05,9.099100413324832e-05,9.099100413324832e-05,9.397722687012894e-10,-0.2137745419152992
1.9187500000000002,11201.89575290579,-2.1441652202065236e-05,9.043262506909298e-05,9.043262506909298e-05,9.32665297917575e-10,-0.21441652202065237
1.925,11205.068508258802,-2.149825371399924e-05,8.98754126482441e-05,8.98754126482441e-05,9.255395662059324e-10,-0.21498253713999238
1.9312500000000001,11207.809163487358,-2.1547146620121584e-05,8.931938882246472e-05,8.931938882246472e-05,9.183976286323502e-10,-0.21547146620121585
1.9375,11210.111818478354,-2.1588225663241203e-05,8.876457481650602e-05,8.876457481650602e-05,9.112420751509768e-10,-0.21588225663241203
1.94375,11211.97099349746,-2.162139308566254e-05,8.821099114958565e-05,8.821099114958565e-05,9.04075528118365e-10,-0.2162139308566254
1.9500000000000002,11213.381665247658,-2.164655927246792e-05,8.765865765731872e-05,8.765865765731872e-05,8.969006395944969e-10,-0.2164655927246792
1.95625,11214.339302284787,-2.1663643383329735e-05,8.710759351406627e-05,8.710759351406627e-05,8.897200884343908e-10,-0.21663643383329736
1.9625000000000001,11214.83989948474,-2.1672573967390728e-05,8.65578172556513e-05,8.65578172556513e-05,8.825365771759022e-10,-0.21672573967390726
1.96875,11214.880011246933,-2.1673289555621173e-05,8.600934680238184e-05,8.600934680238184e-05,8.753528287311838e-10,-0.21673289555621172
1.975,11214.456783119262,-2.1665739224991583e-05,8.546219948231569e-05,8.546219948231569e-05,8.681715828911474e-10,-0.21665739224991584
1.9812500000000002,11213.567981524226,-2.1649883128794918e-05,8.491639205470208e-05,8.491639205470208e-05,8.609955926541473e-10,-0.2164988312879492
1.9875,11212.21202127493,-2.162569298751559e-05,8.437194073354163e-05,8.437194073354163e-05,8.538276203919611e-10,-0.2162569298751559
1.9937500000000001,11210.387990571726,-2.159315253477702e-05,8.382886121121555e-05,8.382886121121555e-05,8.466704338679597e-10,-0.2159315253477702
2.0,11208.095673186934,-2.1552257913107422e-05,8.328716868214959e-05,8.328716868214959e-05,8.395268021240974e-10,-0.21552257913107423
2.00625,11205.33556755707,-2.150301801454431e-05,8.274687786649309e-05,8.274687786649309e-05,8.323994912550063e-10,-0.21503018014544312
2.0125,11202.10890252385,-2.1445454761452856e-05,8.220800303381197e-05,8.220800303381197e-05,8.252912600890129e-10,-0.21445454761452856
2.0187500000000003,11198.417649488774,-2.1379603323358727e-05,8.167055802681087e-05,8.167055802681087e-05,8.182048557972822e-10,-0.21379603323358726
2.025,11194.26453077293,-2.130551226609023e-05,8.113455628511651e-05,8.113455628511651e-05,8.111430094535296e-10,-0.21305512266090232
2.03125,11189.653024006455,-2.122324363008292e-05,8.06000108691687e-05,8.06000108691687e-05,8.041084315677768e-10,-0.21223243630082922
2.0375,11184.587362405204,-2.1132872935316548e-05,8.006693448427727e-05,8.006693448427727e-05,7.971038076184724e-10,-0.21132872935316546
2.04375,11179.072530830745,-2.1034489111023153e-05,7.953533950491165e-05,7.953533950491165e-05,7.901317936079104e-10,-0.21034489111023152
2.0500000000000003,11173.114257568674,-2.0928194349018463e-05,7.900523799929554e-05,7.900523799929554e-05,7.831950116662631e-10,-0.20928194349018464
2.05625,11166.719001803867,-2.0814103880256604e-05,7.847664175438017e-05,7.847664175438017e-05,7.762960457296768e-10,-0.20814103880256604
2.0625,11159.893936812565,-2.0692345674982526e-05,7.794956230126835e-05,7.794956230126835e-05,7.694374373177535e-10,-0.20692345674982526
2.06875,11152.64692893714,-2.0563060067645617e-05,7.742401094115632e-05,7.742401094115632e-05,7.626216814353573e-10,-0.20563060067645617
2.075,11144.986512453357,-2.042639930853103e-05,7.689999877185316e-05,7.689999877185316e-05,7.558512226230355e-10,-0.20426399308531032
2.0812500000000003,11136.92186048298,-2.028252704485126e-05,7.637753671492782e-05,7.637753671492782e-05,7.491284511794353e-10,-0.2028252704485126
2.0875,11128.46275215004,-2.013161773480712e-05,7.58566355435223e-05,7.58566355435223e-05,7.424556995779333e-10,-0.20131617734807122
2.09375,11119.619536216122,-1.9973855998863683e-05,7.533730591085816e-05,7.533730591085816e-05,7.358352390982895e-10,-0.19973855998863682
2.1,11110.403091475246,-1.980943591318054e-05,7.481955837945101e-05,7.481955837945101e-05,7.292692766924971e-10,-0.19809435913180543
2.10625,11100.824784216837,-1.9638560250777083e-05,7.43034034510355e-05,7.43034034510355e-05,7.227599521021541e-10,-0.19638560250777085
2.1125000000000003,11090.896423106436,-1.9461439676591134e-05,7.378885159719294e-05,7.378885159719294e-05,7.163093352426367e-10,-0.19461439676591133
2.11875,11080.630211853373,-1.9278291903094585e-05,7.327591329066303e-05,7.327591329066303e-05,7.099194238671499e-10,-0.19278291903094585
2.125,11070.038700066638,-1.9089340813553804e-05,7.276459903731375e-05,7.276459903731375e-05,7.035921415213788e-10,-0.19089340813553804
2.13125,11059.13473271167,-1.889481556035858e-05,7.225491940873617e-05,7.225491940873617e-05,6.973293357970044e-10,-0.18894815560358583
2.1375,11047.931398600464,-1.869494964608587e-05,7.174688507542665e-05,7.174688507542665e-05,6.911327768898067e-10,-0.1869494964608587
2.1437500000000003,11036.441978351393,-1.8489979995108974e-05,7.124050684051559e-05,7.124050684051559e-05,6.850041564654887e-10,-0.18489979995108974
2.15,11024.679892259004,-1.828014602360677e-05,7.073579567400098e-05,7.073579567400098e-05,6.789450868337515e-10,-0.18280146023606772
2.15625,11012.658648511568,-1.8065688715770497e-05,7.023276274744457e-05,7.023276274744457e-05,6.729571004285672e-10,-0.18065688715770498
2.1625,11000.391792184339,-1.7846849713847747e-05,6.973141946909111e-05,6.973141946909111e-05,6.670416495900614e-10,-0.17846849713847748
2.16875,10987.892855421984,-1.762387042940823e-05,6.923177751937285e-05,6.923177751937285e-05,6.612001066409734e-10,-0.17623870429408228
2.1750000000000003,10975.175309205339,-1.739699118286671e-05,6.87338488867659e-05,6.87338488867659e-05,6.554337642483261e-10,-0.1739699118286671
2.18125,10962.252517071833,-1.7166450377862074e-05,6.823764590396931e-05,6.823764590396931e-05,6.497438360587533e-10,-0.17166450377862075
2.1875,10949.137691130549,-1.693248371657487e-05,6.774318128438231e-05,6.774318128438231e-05,6.441314575939155e-10,-0.16932483716574867
2.19375,10935.843850680507,-1.6695323461477016e-05,6.725046815886112e-05,6.725046815886112e-05,6.385976873906123e-10,-0.16695323461477016
2.2,10922.383783702324,-1.645519774835779e-05,6.675952011274201e-05,6.675952011274201e-05,6.331435083685986e-10,-0.1645519774835779
2.2062500000000003,10908.77001145746,-1.6212329954768935e-05,6.627035122312292e-05,6.627035122312292e-05,6.27769829407731e-10,-0.16212329954768934
2.2125,10895.01475638372,-1.596693812729233e-05,6.57829760964023e-05,6.57829760964023e-05,6.224774871149523e-10,-0.1596693812729233
2.21875,10881.12991343629,-1.5719234470266177e-05,6.529740990607974e-05,6.529740990607974e-05,6.172672477607399e-10,-0.15719234470266177
2.225,10867.127024977755,-1.5469424897824543e-05,6.481366843082888e-05,6.481366843082888e-05,6.121398093640331e-10,-0.15469424897824544
2.23125,10853.017259276816,-1.5217708650321392e-05,6.433176809285977e-05,6.433176809285977e-05,6.070958039043003e-10,-0.15217708650321393
2.2375000000000003,10838.811392633235,-1.496427797543693e-05,6.385172599659415e-05,6.385172599659415e-05,6.02135799639304e-10,-0.1496427797543693
2.24375,10824.519795102658,-1.4709317873513003e-05,6.337355996768346e-05,6.337355996768346e-05,5.972603035072777e-10,-0.14709317873513003
2.25,10810.152419756121,-1.4453005905946432e-05,6.28972885924069e-05,6.28972885924069e-05,5.924697635926102e-10,-0.1445300590594643
2.25625,10795.71879537102,-1.4195512064794982e-05,6.24229312574927e-05,6.24229312574927e-05,5.877645716347515e-10,-0.14195512064794982
2.2625,10781.228022415145,-1.3936998701129398e-05,6.195050819041372e-05,6.195050819041372e-05,5.831450655608655e-10,-0.13936998701129397
2.2687500000000003,10766.68877215339,-1.3677620509104878e-05,6.148004050021489e-05,6.148004050021489e-05,5.786115320237635e-10,-0.1367762050910488
2.275,10752.109288681331,-1.3417524562232729e-05,6.1011550218937383e-05,6.1011550218937383e-05,5.741642089278141e-10,-0.1341752456223273
2.28125,10737.497393663387,-1.3156850397913564e-05,6.05450603437105e-05,6.05450603437105e-05,5.698032879268353e-10,-0.13156850397913564
2.2875,10722.860493536724,-1.2895730145950702e-05,6.0080594879589694e-05,6.0080594879589694e-05,5.655289168793883e-10,-0.128957301459507
2.29375,10708.20558892547,-1.2634288696498876e-05,5.9618178883224196e-05,5.9618178883224196e-05,5.613412022484057e-10,-0.12634288696498877
2.3000000000000003,10693.539286000145,-1.2372643902719295e-05,5.9157838507443705e-05,5.9157838507443705e-05,5.572402114336466e-10,-0.12372643902719295
2.30625,10678.867809512347,-1.211090681330726e-05,5.869960104685806e-05,5.869960104685806e-05,5.532259750270804e-10,-0.12110906813307261
2.3125,10664.197017230266,-1.1849181930030246e-05,5.824349498456779e-05,5.824349498456779e-05,5.492984889829065e-10,-0.11849181930030246
2.31875,10649.532415507176,-1.1587567485459348e-05,5.7789550040086305e-05,5.7789550040086305e-05,5.454577166955198e-10,-0.11587567485459348
2.325,10634.879175717355,-1.1326155736190341e-05,5.733779721857626e-05,5.733779721857626e-05,5.417035909802846e-10,-0.11326155736190341
2.3312500000000003,10620.242151307142,-1.106503326702677e-05,5.688826886150378e-05,5.688826886150378e-05,5.380360159534864e-10,-0.11065033267026769
2.3375,10605.625895219315,-1.080428130182955e-05,5.644099869881376e-05,5.644099869881376e-05,5.344548688092502e-10,-0.10804281301829549
2.34375,10591.03467746585,-1.0543976017018175e-05,5.5996021902728394e-05,5.5996021902728394e-05,5.309600014925462e-10,-0.10543976017018175
2.35,10576.472502643102,-1.028418885403017e-05,5.555337514326881e-05,5.555337514326881e-05,5.2755124226863e-10,-0.10284188854030171
2.35625,10561.943127200519,-1.0024986827399118e-05,5.5113096645596974e-05,5.5113096645596974e-05,5.242283971903677e-10,-0.10024986827399118
2.3625000000000003,10547.450076298319,-9.766432825489687e-06,5.46752262492711e-05,5.46752262492711e-05,5.209912514658802e-10,-0.09766432825489686
2.36875,10532.996660109266,-9.508585901321704e-06,5.423980546950364e-05,5.423980546950364e-05,5.17839570729793e-10,-0.09508585901321705
2.375,10518.585989443705,-9.251501551316585e-06,5.380687756050672e-05,5.380687756050672e-05,5.147731022220927e-10,-0.09251501551316585
2.38125,10504.220990598422,-8.995231980200731e-06,5.337648758100499e-05,5.337648758100499e-05,5.117915758791805e-10,-0.08995231980200731
2.3875,10489.904419352893,-8.739826350694198e-06,5.294868246199153e-05,5.294868246199153e-05,5.088947053421639e-10,-0.08739826350694198
2.3937500000000003,10475.638874056862,-8.485331016992922e-06,5.252351107679804e-05,5.252351107679804e-05,5.0608218888776e-10,-0.08485331016992922
2.4000000000000004,10461.426807774176,-8.2317897414128e-06,5.210102431354707e-05,5.210102431354707e-05,5.033537102873906e-10,-0.082317897414128
2.40625,10447.270539466086,-7.979243893899262e-06,5.1681275150050634e-05,5.1681275150050634e-05,5.00708939600148e-10,-0.07979243893899263
2.4125,10433.172264214845,-7.727732634412238e-06,5.126431873121763e-05,5.126431873121763e-05,4.981475339053091e-10,-0.07727732634412238
2.41875,10419.134062503103,-7.477293078470606e-06,5.085021244903063e-05,5.085021244903063e-05,4.956691379799783e-10,-0.07477293078470605
2.4250000000000003,10405.157908578629,-7.227960446379884e-06,5.0439016025152406e-05,5.0439016025152406e-05,4.932733849272673e-10,-0.07227960446379884
2.4312500000000004,10391.245677945582,-6.979768196870573e-06,5.003079159622279e-05,5.003079159622279e-05,4.909598967601811e-10,-0.06979768196870573
2.4375,10377.399154031433,-6.732748146041909e-06,4.9625603801907765e-05,4.9625603801907765e-05,4.887282849460776e-10,-0.0673274814604191
2.44375,10363.620034088592,-6.486930572636819e-06,4.922351987576471e-05,4.922351987576471e-05,4.865781509162349e-10,-0.06486930572636819
2.45,10349.909934391646,-6.242344310769835e-06,4.882460973899019e-05,4.882460973899019e-05,4.845090865446818e-10,-0.062423443107698345
2.4562500000000003,10336.2703947986,-5.999016831292049e-06,4.8428946097119624e-05,4.8428946097119624e-05,4.825206746000605e-10,-0.059990168312920485
2.4625000000000004,10322.702882742817,-5.756974313008412e-06,4.8036604539750954e-05,4.8036604539750954e-05,4.806124891738831e-10,-0.057569743130084124
2.46875,10309.208796724302,-5.5162417049653096e-06,4.764766364336694e-05,4.764766364336694e-05,4.787840960881433e-10,-0.05516241704965309
2.475,10295.789469367983,-5.276842781003456e-06,4.7262205077332566e-05,4.7262205077332566e-05,4.770350532848451e-10,-0.05276842781003456
2.48125,10282.446170112204,-5.038800187726373e-06,4.688031371314429e-05,4.688031371314429e-05,4.753649111996332e-10,-0.05038800187726373
2.4875000000000003,10269.180107589567,-4.802135486971169e-06,4.650207773700677e-05,4.650207773700677e-05,4.737732131213455e-10,-0.048021354869711694
2.4937500000000004,10255.99243175605,-4.566869193789925e-06,4.6127588765808914e-05,4.6127588765808914e-05,4.722594955389764e-10,-0.04566869193789925
2.5,10242.88423581952,-4.333020810860168e-06,4.575694196656471e-05,4.575694196656471e-05,4.70823288477235e-10,-0.04333020810860168
2.50625,10229.856558014813,-4.100608860145007e-06,4.539023617937402e-05,4.539023617937402e-05,4.69464115821609e-10,-0.041006088601450066
2.5125,10216.91038326422,-3.8696509125210305e-06,4.5027574043944365e-05,4.5027574043944365e-05,4.681814956336082e-10,-0.038696509125210304
2.5187500000000003,10204.046644758886,-3.6401636159877727e-06,4.466906212969575e-05,4.466906212969575e-05,4.669749404566582e-10,-0.03640163615987773
2.5250000000000004,10191.266225489182,-3.412162722969347e-06,4.43148110694459e-05,4.43148110694459e-05,4.65843957612944e-10,-0.03412162722969347
2.53125,10178.569959747123,-3.185663117119096e-06,4.396493569664281e-05,4.396493569664281e-05,4.6478804949137016e-10,-0.03185663117119096
2.5375,10165.958634618808,-2.9606788399436975e-06,4.3619555186074465e-05,4.3619555186074465e-05,4.638067138266953e-10,-0.029606788399436975
2.54375,10153.432991479644,-2.7372231174759564e-06,4.32787931979411e-05,4.32787931979411e-05,4.62899443969826e-10,-0.027372231174759565
2.5500000000000003,10140.993727500532,-2.515308387146659e-06,4.29427780251235e-05,4.29427780251235e-05,4.6206572914920404e-10,-0.02515308387146659
2.5562500000000004,10128.64149716973,-2.294946324936296e-06,4.26116427434207e-05,4.26116427434207e-05,4.613050547231939e-10,-0.02294946324936296
2.5625,10116.376913831946,-2.076147872827689e-06,4.228552536446202e-05,4.228552536446202e-05,4.606169024233709e-10,-0.02076147872827689
2.56875,10104.200551242253,-1.8589232665309904e-06,4.196456899092122e-05,4.196456899092122e-05,4.6000075058861955e-10,-0.018589232665309905
2.575,10092.112945131648,-1.6432820634128052e-06,4.164892197357442e-05,4.164892197357442e-05,4.5945607438997516e-10,-0.016432820634128053
2.5812500000000003,10080.114594778583,-1.429233170531246e-06,4.133873806964884e-05,4.133873806964884e-05,4.5898234604617234e-10,-0.01429233170531246
2.5875000000000004,10068.205964579774,-1.2167848726578432e-06,4.103417660180542e-05,4.103417660180542e-05,4.5857903502990597e-10,-0.012167848726578431
2.59375,10056.387485612615,-1.0059448601547566e-06,4.073540261698647e-05,4.073540261698647e-05,4.5824560826485195e-10,-0.010059448601547566
2.6,10044.659557182424,-7.967202565706854e-07,4.0442587044238683e-05,4.0442587044238683e-05,4.579815303135411e-10,-0.007967202565706854
2.60625,10033.02254834552,-5.891176458204413e-07,4.0155906850493994e-05,4.0155906850493994e-05,4.577862635562241e-10,-0.0058911764582044125
2.6125000000000003,10021.476799402597,-3.8314309882005933e-07,3.9875545193155406e-05,3.9875545193155406e-05,4.576592683609083e-10,-0.0038314309882005932
2.6187500000000004,10010.022623354476,-1.7880219946075053e-07,3.9601691568193305e-05,3.9601691568193305e-05,4.5760000324478496e-10,-0.0017880219946075054
2.625,9998.660307315335,2.38999301802492e-08,3.933454195231133e-05,3.933454195231133e-05,4.5760792502730073e-10,0.000238999301802492
2.63125,9987.390113878495,2.249586054768013e-07,3.9074298937589966e-05,3.9074298937589966e-05,4.5768248897515335e-10,0.002249586054768013
2.6375,9976.212282430395,4.243695558052321e-07,3.882117185686242e-05,3.882117185686242e-05,4.5782314893951537e-10,0.004243695558052321
2.6437500000000003,9965.127030411633,6.221289020572778e-07,3.857537689792269e-05,3.857537689792269e-05,4.580293574858045e-10,0.006221289020572778
2.6500000000000004,9954.13455452168,8.18233135142914e-07,3.833713720451128e-05,3.833713720451128e-05,4.5830056601632843e-10,0.00818233135142914
2.65625,9943.235031867665,1.0126790954934451e-06,3.810668296187173e-05,3.810668296187173e-05,4.586362248861359e-10,0.010126790954934451
2.6625,9932.42862105801,1.2054639535585938e-06,3.788425146452338e-05,3.788425146452338e-05,4.590357835124034e-10,0.012054639535585937
2.66875,9921.715463240782,1.3965851912763842e-06,3.76700871637538e-05,3.76700871637538e-05,4.5949869047767977e-10,0.013965851912763842
2.6750000000000003,9911.095683089801,1.5860405844818982e-06,3.746444169220147e-05,3.746444169220147e-05,4.600243936273005e-10,0.015860405844818983
2.6812500000000004,9900.56938974081,1.773828186210441e-06,3.7267573862776825e-05,3.7267573862776825e-05,4.6061234016126735e-10,0.01773828186210441
2.6875,9890.136677679915,1.9599463108424345e-06,3.707974963906108e-05,3.707974963906108e-05,4.612619767208728e-10,0.019599463108424347
2.69375,9879.797627588589,2.144393519031525e-06,3.690124207422926e-05,3.690124207422926e-05,4.6197274947032886e-10,0.02144393519031525
2.7,9869.552307148086,2.3271686033537803e-06,3.673233121546948e-05,3.673233121546948e-05,4.627441041736394e-10,0.023271686033537804
2.7062500000000003,9859.40077180698,2.508270574614266e-06,3.6573303970817305e-05,3.6573303970817305e-05,4.6357548626693336e-10,0.025082705746142662
2.7125000000000004,9849.343065515448,2.687698648747667e-06,3.642445393529455e-05,3.642445393529455e-05,4.644663409264562e-10,0.02687698648747667
2.71875,9839.379221429777,2.8654522342515473e-06,3.6286081173238986e-05,3.6286081173238986e-05,4.6541611313239626e-10,0.028654522342515473
2.725,9829.509262589945,3.0415309200941455e-06,3.615849195373739e-05,3.615849195373739e-05,4.664242477287027e-10,0.030415309200941456
2.73125,9819.73320257421,3.215934464043032e-06,3.6041998436132e-05,3.6041998436132e-05,4.674901894790354e-10,0.03215934464043032
2.7375000000000003,9810.051046132141,3.3886627813660337e-06,3.5936918302661624e-05,3.5936918302661624e-05,4.68613383118969e-10,0.033886627813660336
2.7437500000000004,9800.462789799612,3.559715933861595e-06,3.584357433542641e-05,3.5868442672778936e-05,4.697932734045618e-10,0.03559715933861595
2.75,9790.968422497495,3.7290941191816504e-06,3.576229393503009e-05,3.594563042121644e-05,4.71029305157385e-10,0.0372909411918165
2.75625,9781.567926115138,3.896797660416018e-06,3.5693408578459353e-05,3.6044390737450895e-05,4.723209233061e-10,0.038967976604160175
2.7625,9772.2612760813,4.0628269959131575e-06,3.5637253214005554e-05,3.61602419329283e-05,4.736675729246616e-10,0.040628269959131574
2.7687500000000003,9763.04844192241,4.2271826693175515e-06,3.559416559132295e-05,3.6286332825295554e-05,4.750686992672188e-10,0.042271826693175515
2.7750000000000004,9753.929387809643,4.389865319808928e-06,3.556448552504876e-05,3.642282975902077e-05,4.765237477997809e-10,0.04389865319808928
2.78125,9744.904073095591,4.55087567253299e-06,3.5548554090785135e-05,3.657233321256063e-05,4.780321642287113e-10,0.045508756725329905
2.7875,9735.972452839995,4.7102145292169835e-06,3.554671275266054e-05,3.673340465031606e-05,4.79593394526111e-10,0.047102145292169835
2.79375,9727.134478325765,4.867882758966611e-06,3.555930242214819e-05,3.690216737477754e-05,4.812068849521515e-10,0.04867882758966611
2.8000000000000003,9718.3900975648,5.023881289243176e-06,3.558666244832003e-05,3.7078449122415534e-05,4.828720820744172e-10,0.05023881289243176
2.8062500000000004,9709.73925579346,5.178211097021622e-06,3.5629129540254846e-05,3.7262075608273226e-05,4.845884327843168e-10,0.05178211097021622
2.8125,9701.181895958147,5.330873200131311e-06,3.5687036622896467e-05,3.7452871174981654e-05,4.863553843106255e-10,0.05330873200131311
2.81875,9692.717959190042,5.481868648782e-06,3.576071162826845e-05,3.765065943062581e-05,4.881723842302166e-10,0.05481868648782
2.825,9684.347385269879,5.631198517277711e-06,3.5850476224592866e-05,3.785526387127962e-05,4.900388804760485e-10,0.05631198517277711
2.8312500000000003,9676.070113081625,5.778863895920887e-06,3.5956644486527256e-05,3.8066508484253236e-05,4.919543213424671e-10,0.057788638959208875
2.8375000000000004,9667.886081055407,5.924865883108768e-06,3.607952151042157e-05,3.828421832835799e-05,4.939181554878892e-10,0.05924865883108768
2.84375,9659.795227599816,6.069205577623191e-06,3.6219401979199486e-05,3.8508220087789645e-05,4.959298319349294e-10,0.06069205577623191
2.85,9651.797491523255,6.2118840711141564e-06,3.63765686821804e-05,3.8738342596553585e-05,4.97988800068037e-10,0.062118840711141564
2.85625,9643.892812444317,6.3529024407765566e-06,3.655129099587244e-05,3.897441733070226e-05,5.000945096287041e-10,0.06352902440776556
2.8625000000000003,9636.081131191744,6.49226174221859e-06,3.674382333247591e-05,3.921627886602053e-05,5.022464107083107e-10,0.0649226174221859
2.8687500000000004,9628.362390193339,6.629963002519454e-06,3.695440356353295e-05,3.946581083913298e-05,5.044439537386688e-10,0.06629963002519454
2.875,9620.736533854824,6.766007213473249e-06,3.718325142683423e-05,3.972640845563667e-05,5.066865894803269e-10,0.06766007213473249
2.88125,9613.203508928345,6.900395325015323e-06,3.743056692533965e-05,3.999411058773734e-05,5.089737690086955e-10,0.06900395325015322
2.8875,9605.763264870744,7.033128238826833e-06,3.7696528727477436e-05,4.026797593673071e-05,5.113049436980529e-10,0.07033128238826833
2.8937500000000003,9598.415754192647,7.164206802113073e-06,3.798129257874605e-05,4.05488722571395e-05,5.13679565203489e-10,0.07164206802113073
2.9000000000000004,9591.160932797467,7.293631801550832e-06,3.8284989735048226e-05,4.083677816409893e-05,5.160970854408426e-10,0.07293631801550832
2.90625,9583.998760311488,7.421403957400208e-06,3.860772542862509e-05,4.113055331345631e-05,5.185569565646875e-10,0.07421403957400208
2.9125,9576.929200405151,7.54752391777637e-06,3.894957737782394e-05,4.1430041520207494e-05,5.21058630944419e-10,0.07547523917776369
2.91875,9569.952221105295,7.671992253077048e-06,3.931059435221708e-05,4.173509096351733e-05,5.236015611384947e-10,0.07671992253077048
2.9250000000000003,9563.067795098883,7.794809450561907e-06,3.969079480478189e-05,4.20532562107675e-05,5.261851998668772e-10,0.07794809450561907
2.9312500000000004,9556.275900028635,7.91597590908035e-06,4.009016558294919e-05,4.2380131040291164e-05,5.288089999817303e-10,0.0791597590908035
2.9375,9549.57651878062,8.035491933944836e-06,4.050866073031881e-05,4.27193019608832e-05,5.314724144364157e-10,0.08035491933944837
2.94375,9542.969639763236,8.153357731947143e-06,4.0946200390724465e-05,4.306451971461155e-05,5.341748962528374e-10,0.08153357731947143
2.95,9536.455257178888,8.269573406515576e-06,4.1402669826098316e-05,4.3415626962050144e-05,5.369158984871813e-10,0.08269573406515576
2.9562500000000003,9530.033371287574,8.38413895301147e-06,4.187791855923649e-05,4.377441870624435e-05,5.396948741940961e-10,0.0838413895301147
2.9625000000000004,9523.703988662844,8.497054254163696e-06,4.237175965209737e-05,4.415560313285693e-05,5.425112763893598e-10,0.08497054254163695
2.96875,9517.467122440008,8.608319075640204e-06,4.288396912967392e-05,4.4544724696314974e-05,5.453645580110798e-10,0.08608319075640204
2.975,9511.322792556766,8.717933061755785e-06,4.3414285558769645e-05,4.494385676781564e-05,5.482541718794694e-10,0.08717933061755785
2.98125,9505.271025986136,8.825895731315354e-06,4.396240979017787e-05,4.5351638341532655e-05,5.511795706552469e-10,0.08825895731315354
2.9875000000000003,9499.311856961876,8.932206473592135e-06,4.452800487181821e-05,4.577699340266648e-05,5.54140206796701e-10,0.08932206473592136
2.9937500000000004,9493.445327196607,9.03686454444002e-06,4.511069613932821e-05,4.6220436000458706e-05,5.571355325154687e-10,0.0903686454444002
3.0,9487.671486092086,9.139869062539213e-06,4.571007148944836e-05,4.66709994337488e-05,5.601649997310681e-10,0.09139869062539213
3.00625,9481.990390942183,9.24121900577415e-06,4.632568184028396e-05,4.714754248775481e-05,5.632280600242304e-10,0.0924121900577415
3.0125,9476.402107128673,9.340913207742323e-06,4.695704178118636e-05,4.7639646623386105e-05,5.663241645890755e-10,0.09340913207742323
3.0187500000000003,9470.90670830984,9.438950354392373e-06,4.760363041358091e-05,4.8148775288016254e-05,5.694527641841727e-10,0.09438950354392374
3.0250000000000004,9465.504276601374,9.53532898078948e-06,4.826489238259265e-05,4.868356822507082e-05,5.726133090825293e-10,0.0953532898078948
3.03125,9460.194902751187,9.6300474680057e-06,4.8940239097795615e-05,4.924052791514062e-05,5.758052490205489e-10,0.096300474680057
3.0375,9454.978686306415,9.723104040132503e-06,4.962905013985461e-05,4.982488908981783e-05,5.790280331459989e-10,0.09723104040132503
3.04375,9449.85573577456,9.814496761412514e-06,5.033067484825452e-05,5.0439851206032996e-05,5.822811099650277e-10,0.09814496761412514
3.0500000000000003,9444.826168777452,9.90422353348697e-06,5.1044434083738045e-05,5.108877191525954e-05,5.855639272882695e-10,0.0990422353348697
3.0562500000000004,9439.890112199591,9.992282092755264e-06,5.17696221575169e-05,5.1775674292256015e-05,5.88875932176074e-10,0.09992282092755264
3.0625,9435.0477023299,1.0078670007842536e-05,5.250550891780068e-05,5.250550891780068e-05,5.92216570882896e-10,0.10078670007842536
3.06875,9430.299084997872,1.0163384677171111e-05,5.325134198271985e-05,5.325134198271985e-05,5.955852888008812e-10,0.10163384677171111
3.075,9425.64441570406,1.0246423326631397e-05,5.400634910732315e-05,5.400634910732315e-05,5.989815304026792e-10,0.10246423326631397
3.0812500000000003,9421.083859745511,1.0327783007347736e-05,5.4769740671021704e-05,5.4769740671021704e-05,6.024047391835161e-10,0.10327783007347736
3.0875000000000004,9416.617592335846,1.0407460593534506e-05,5.554071227064892e-05,5.554071227064892e-05,6.058543576025567e-10,0.10407460593534507
3.09375,9412.245798720483,1.048545278043787e-05,5.631844740322426e-05,5.631844740322426e-05,6.093298270235843e-10,0.1048545278043787
3.1,9407.968674287778,1.056175608235847e-05,5.710212022156263e-05,5.710212022156263e-05,6.128305876550253e-10,0.1056175608235847
3.10625,9403.78642467531,1.0636366830750339e-05,5.7890898345074405e-05,5.7890898345074405e-05,6.16356078489343e-10,0.10636366830750339
3.1125000000000003,9399.699265872521,1.0709281172391529e-05,5.868394570746565e-05,5.868394570746565e-05,6.199057372418266e-10,0.10709281172391528
3.1187500000000004,9395.707424319471,1.0780495067621856e-05,5.948042542258265e-05,5.948042542258265e-05,6.234790002887939e-10,0.10780495067621856
3.125,9391.811137002323,1.0850004288643372e-05,6.027950264935876e-05,6.027950264935876e-05,6.270753026052327e-10,0.10850004288643372
3.13125,9388.010651544999,1.091780441787926e-05,6.108034743671967e-05,6.108034743671967e-05,6.306940777018971e-10,0.1091780441787926
3.1375,9384.306226298286,1.0983890846386947e-05,6.188213752938957e-05,6.188213752938957e-05,6.343347575618782e-10,0.10983890846386947
3.1437500000000003,9380.698130426077,1.1048258772321476e-05,6.268406111581537e-05,6.268406111581537e-05,6.379967725766653e-10,0.11048258772321476
3.1500000000000004,9377.186643988696,1.1110903199445131e-05,6.348531949988956e-05,6.348531949988956e-05,6.416795514817129e-10,0.11110903199445131
3.15625,9373.772058024162,1.117181893567966e-05,6.428512967879922e-05,6.428512967879922e-05,6.453825212915288e-10,0.11171818935679659
3.1625,9370.454674627214,1.1231000591697447e-05,6.508272681015313e-05,6.508272681015313e-05,6.491051072342942e-10,0.11231000591697447
3.16875,9367.234807026245,1.1288442579548206e-05,6.587736655253348e-05,6.587736655253348e-05,6.528467326860286e-10,0.11288442579548207
3.1750000000000003,9364.112779658448,1.1344139111317912e-05,6.666832726477041e-05,6.666832726477041e-05,6.566068191043113e-10,0.11344139111317912
3.1812500000000004,9361.08892824335,1.1398084197816818e-05,6.745491205053645e-05,6.745491205053645e-05,6.603847859615667e-10,0.11398084197816818
3.1875,9358.163599854974,1.1450271647293646e-05,6.823645063628507e-05,6.823645063628507e-05,6.641800506779242e-10,0.11450271647293646
3.19375,9355.337152992372,1.1500695064173255e-05,6.901230107210116e-05,6.901230107210116e-05,6.679920285536596e-10,0.11500695064173255
3.2,9352.609957649633,1.1549347847815179e-05,6.978185124666745e-05,6.978185124666745e-05,6.718201327012248e-10,0.11549347847815179
3.2062500000000003,9349.982395383977,1.159622319129082e-05,7.054452020926612e-05,7.054452020926612e-05,6.756637739768722e-10,0.11596223191290819
3.2125000000000004,9347.45485938366,1.1641314080177282e-05,7.129975929350297e-05,7.129975929350297e-05,6.795223609118796e-10,0.11641314080177283
3.21875,9345.02775453456,1.1684613291366214e-05,7.204705303924616e-05,7.204705303924616e-05,6.8339529964338e-10,0.11684613291366214
3.225,9342.701497486365,1.1726113391886242e-05,7.27859199110872e-05,7.27859199110872e-05,6.872819938448011e-10,0.11726113391886242
3.23125,9340.47651671768,1.176580673773821e-05,7.351591281344048e-05,7.351591281344048e-05,6.911818446559192e-10,0.1176580673773821
3.2375000000000003,9338.3532526008,1.18036854727427e-05,7.423661940417414e-05,7.423661940417414e-05,6.950942506125299e-10,0.118036854727427
3.2437500000000004,9336.33215746546,1.1839741527399911e-05,7.494766221039257e-05,7.494766221039257e-05,6.990186075757425e-10,0.11839741527399911
3.25,9334.413695662171,1.1873966617762594e-05,7.564869855164599e-05,7.564869855164599e-05,7.029543086609001e-10,0.11873966617762595
3.25625,9332.59834362435,1.1906352244323305e-05,7.633942027740877e-05,7.633942027740877e-05,7.069007441661298e-10,0.11906352244323305
3.2625,9330.886589930145,1.1936889690917962e-05,7.701955332712754e-05,7.701955332712754e-05,7.108573015005316e-10,0.11936889690917962
3.2687500000000003,9329.278935362461,1.1965570023648539e-05,7.768885712247707e-05,7.768885712247707e-05,7.148233651120086e-10,0.11965570023648539
3.2750000000000004,9327.77589296835,1.1992384089828508e-05,7.834712380266213e-05,7.834712380266213e-05,7.187983164147484e-10,0.11992384089828509
3.28125,9326.377988116346,1.2017322516955502e-05,7.899417731465696e-05,7.899417731465696e-05,7.227815337163632e-10,0.12017322516955502
3.2875,9325.085758552466,1.2040375711716817e-05,7.962987237116925e-05,7.962987237116925e-05,7.267723921447017e-10,0.12040375711716818
3.29375,9323.899754453498,1.2061533859034237e-05,8.025409328984764e-05,8.025409328984764e-05,7.307702635743427e-10,0.12061533859034237
3.3000000000000003,9322.820538478114,1.2080786921155931e-05,8.086675272781397e-05,8.086675272781397e-05,7.347745165527892e-10,0.12080786921155931
3.3062500000000004,9321.848685814608,1.2098124636804206e-05,8.146779032599357e-05,8.146779032599357e-05,7.387845162263788e-10,0.12098124636804206
3.3125,9320.984784224802,1.2113536520389242e-05,8.205717127793792e-05,8.205717127793792e-05,7.427996242659341e-10,0.12113536520389241
3.31875,9320.229434084022,1.2127011861300226e-05,8.263488483788617e-05,8.263488483788617e-05,7.468191987921786e-10,0.12127011861300226
3.325,9319.583248415525,1.2138539723286539e-05,8.320094278270197e-05,8.320094278270197e-05,7.508425943009465e-10,0.12138539723286539
3.3312500000000003,9319.046852919639,1.2148108943943267e-05,8.375537784205437e-05,8.375537784205437e-05,7.548691615882224e-10,0.12148108943943267
3.3375000000000004,9318.620885995568,1.2155708134316506e-05,8.429824211079742e-05,8.429824211079742e-05,7.588982476750504e-10,0.12155708134316506
3.34375,9318.30599875612,1.2161325678645676e-05,8.482960545695147e-05,8.482960545695147e-05,7.629291957323575e-10,0.12161325678645675
3.35,9318.10285503328,1.2164949734261435e-05,8.534955393801374e-05,8.534955393801374e-05,7.669613450057433e-10,0.12164949734261435
3.35625,9318.012131373995,1.2166568231659483e-05,8.585818823753941e-05,8.585818823753941e-05,7.709940307402942e-10,0.12166568231659483
3.3625000000000003,9318.034517025138,1.2166168874772122e-05,8.635562213305203e-05,8.635562213305203e-05,7.750265841054873e-10,0.12166168874772122
3.3687500000000004,9318.170713905885,1.2163739141461162e-05,8.684198100537923e-05,8.684198100537923e-05,7.790583321202583e-10,0.12163739141461162
3.375,9318.421436565946,1.2159266284257372e-05,8.731740039848254e-05,8.731740039848254e-05,7.830885975783136e-10,0.12159266284257372
3.38125,9318.787412129186,1.2152737331373662e-05,8.778202463777523e-05,8.778202463777523e-05,7.871166989737791e-10,0.12152737331373663
3.3875,9319.26938021967,1.2144139088020595e-05,8.82360055138149e-05,8.82360055138149e-05,7.911419504272847e-10,0.12144139088020596
3.3937500000000003,9319.868092869247,1.2133458138055056e-05,8.867950103713521e-05,8.867950103713521e-05,7.95163661612595e-10,0.12133458138055056
3.4000000000000004,9320.584314404608,1.2120680845994428e-05,8.911267426885905e-05,8.911267426885905e-05,7.991811376839078e-10,0.12120680845994428
3.40625,9321.418821312174,1.2105793359430814e-05,8.953569223062746e-05,8.953569223062746e-05,8.031936792039531e-10,0.12105793359430814
3.4125,9322.372402078061,1.2088781611881439e-05,8.994872489630054e-05,8.994872489630054e-05,8.072005820730365e-10,0.12088781611881438
3.41875,9323.44585700193,1.2069631326113714e-05,9.035194426684853e-05,9.035194426684853e-05,8.112011374591848e-10,0.12069631326113714
3.4250000000000003,9324.639997981409,1.204832801798512e-05,9.074552352886829e-05,9.074552352886829e-05,8.151946317295648e-10,0.12048328017985119
3.4312500000000004,9325.955648266041,1.2024857000840353e-05,9.112963629623855e-05,9.112963629623855e-05,8.191803463833583e-10,0.12024857000840353
3.4375,9327.393642176767,1.1999203390510137e-05,9.1504455933579e-05,9.1504455933579e-05,8.231575579862957e-10,0.11999203390510138
3.44375,9328.954824789529,1.1971352110958239e-05,9.187015495940758e-05,9.187015495940758e-05,8.271255381070599e-10,0.11971352110958239
3.45,9330.640051579554,1.1941287900625487e-05,9.222690452620491e-05,9.222690452620491e-05,8.310835532557942e-10,0.11941287900625487
3.4562500000000003,9332.450188023951,1.1908995319521687e-05,9.257487397399655e-05,9.257487397399655e-05,8.350308648249596e-10,0.11908995319521687
3.4625000000000004,9334.386109159175,1.1874458757118658e-05,9.291423045355711e-05,9.291423045355711e-05,8.389667290328089e-10,0.11874458757118658
3.46875,9336.448699090628,1.1837662441099825e-05,9.324513861492313e-05,9.324513861492313e-05,8.428903968697615e-10,0.11837662441099825
3.475,9338.63885045093,1.1798590447024172e-05,9.356776035657652e-05,9.356776035657652e-05,8.468011140479804e-10,0.11798590447024172
3.48125,9340.957463803537,1.175722670896468e-05,9.388225463042247e-05,9.388225463042247e-05,8.506981209544756e-10,0.1175722670896468
3.4875000000000003,9343.405446988436,1.1713555031183644e-05,9.418877729753294e-05,9.418877729753294e-05,8.54580652608078e-10,0.11713555031183645
3.4937500000000004,9345.983714405831,1.1667559100909784e-05,9.448748102955535e-05,9.448748102955535e-05,8.584479386206475e-10,0.11667559100909784
3.5,9348.693186234319,1.1619222502284189e-05,9.477851525068823e-05,9.477851525068823e-05,8.622992031629039e-10,0.11619222502284189
3.50625,9351.534787579953,1.1568528731544678e-05,9.506202611519844e-05,9.506202611519844e-05,8.661336649352914e-10,0.11568528731544678
3.5125,9354.509447551627,1.151546121352029e-05,9.533815651558776e-05,9.533815651558776e-05,8.69950537144309e-10,0.11515461213520291
3.5187500000000003,9357.618098258557,1.1460003319509783e-05,9.560704611670611e-05,9.560704611670611e-05,8.737490274847678e-10,0.11460003319509783
3.5250000000000004,9360.861673726858,1.1402138386620389e-05,9.586883141134354e-05,9.586883141134354e-05,8.775283381284585e-10,0.11402138386620389
3.53125,9364.24110872873,1.1341849738644764e-05,9.612364579310905e-05,9.612364579310905e-05,8.812876657197372e-10,0.11341849738644764
3.5375,9367.757337521994,1.1279120708556123e-05,9.637161964270987e-05,9.637161964270987e-05,8.850262013785692e-10,0.11279120708556123
3.54375,9371.411292493442,1.1213934662703066e-05,9.661288042407509e-05,9.661288042407509e-05,8.887431307115912e-10,0.11213934662703066
3.5500000000000003,9375.203902702953,1.1146275026787122e-05,9.684755278711396e-05,9.684755278711396e-05,8.924376338317841e-10,0.11146275026787122
3.5562500000000004,9379.13609232268,1.107612531370709e-05,9.707575867425394e-05,9.707575867425394e-05,8.961088853873751e-10,0.11076125313707091
3.5625,9383.208778966706,1.1003469153355052e-05,9.729761742826135e-05,9.729761742826135e-05,8.997560546006162e-10,0.11003469153355051
3.56875,9387.422871906901,1.0928290324449375e-05,9.751324589920184e-05,9.751324589920184e-05,9.033783053171132e-10,0.10928290324449375
3.575,9391.779270169272,1.0850572788489934e-05,9.772275854874203e-05,9.772275854874203e-05,9.069747960664098e-10,0.10850572788489934
3.5812500000000003,9396.278860507322,1.0770300725920327e-05,9.792626755032515e-05,9.792626755032515e-05,9.105446801345582e-10,0.10770300725920327
3.5875000000000004,9400.92251524615,1.0687458574580569e-05,9.812388288406587e-05,9.812388288406587e-05,9.140871056494345e-10,0.10687458574580569
3.59375,9405.711089994453,1.0602031070532192e-05,9.831571242550087e-05,9.831571242550087e-05,9.176012156795863e-10,0.10602031070532192
3.6,9410.64542121847,1.0514003291335056e-05,9.850186202759924e-05,9.850186202759924e-05,9.210861483474241e-10,0.10514003291335056
3.60625,9415.72632367439,1.0423360701851995e-05,9.868243559567712e-05,9.868243559567712e-05,9.245410369575958e-10,0.10423360701851994
3.6125000000000003,9420.95458769518,1.0330089202653323e-05,9.885753515507522e-05,9.885753515507522e-05,9.279650101414042e-10,0.10330089202653324
3.6187500000000004,9426.330976327765,1.0234175181088171e-05,9.90272609116428e-05,9.90272609116428e-05,9.313571920181535e-10,0.1023417518108817
3.625,9431.856222317425,1.0135605565083677e-05,9.919171130522962e-05,9.919171130522962e-05,9.347167023743267e-10,0.10135605565083677
3.63125,9437.531024936121,1.0034367879725898e-05,9.935098305651646e-05,9.935098305651646e-05,9.38042656861518e-10,0.10034367879725899
3.6375,9443.35604665245,9.930450306668203e-06,9.950517120761828e-05,9.950517120761828e-05,9.41334167214056e-10,0.09930450306668204
3.6437500000000003,9449.331909640927,9.823841746403449e-06,9.965436915697142e-05,9.965436915697142e-05,9.445903414872679e-10,0.09823841746403449
3.6500000000000004,9455.459192129474,9.714531883425714e-06,9.979866868907051e-05,9.979866868907051e-05,9.478102843173413e-10,0.09714531883425714
3.65625,9461.738424584171,9.602511254295398e-06,9.99381599996531e-05,9.99381599996531e-05,9.509930972037472e-10,0.09602511254295398
3.6625,9468.170085730959,9.487771318608292e-06,0.00010007293171694299,0.00010007293171694299,9.541378788151856e-10,0.09487771318608292
3.66875,9474.754598415662,9.370304532854653e-06,0.00010020307091955945,0.00010020307091955945,9.572437253200129e-10,0.09370304532854652
3.6750000000000003,9481.49232530339,9.250104427138353e-06,0.00010032866315168062,0.00010032866315168062,9.603097307420972e-10,0.09250104427138353
3.6812500000000004,9488.383564420663,9.127165684708865e-06,0.00010044979243601848,0.00010044979243601848,9.633349873430366e-10,0.09127165684708866
3.6875,9495.428544543127,9.00148422424008e-06,0.00010056654128512286,0.00010056654128512286,9.66318586031648e-10,0.0900148422424008
3.69375,9502.627420434466,8.873057284769946e-06,0.00010067899071148242,0.00010067899071148242,9.692596168016092e-10,0.08873057284769946
3.7,9509.980267941972,8.741883513193477e-06,0.00010078722023683897,0.00010078722023683897,9.72157169198104e-10,0.08741883513193477
3.7062500000000003,9517.487078956374,8.607963054179041e-06,0.00010089130790107355,0.00010089130790107355,9.750103328142663e-10,0.08607963054179041
3.7125000000000004,9525.147756244349,8.471297642353968e-06,0.00010099133027096538,0.00010099133027096538,9.778181978181843e-10,0.08471297642353967
3.71875,9532.962108164276,8.331890696580551e-06,0.00010108736244906747,0.00010108736244906747,9.805798555111486e-10,0.08331890696580552
3.725,9540.92984327545,8.189747416117464e-06,0.0001011794780828859,0.0001011794780828859,9.832943989177775e-10,0.08189747416117464
3.73125,9549.05056485568,8.044874878434834e-06,0.0001012677493744983,0.0001012677493744983,9.859609234085612e-10,0.08044874878434834
3.7375000000000003,9557.323765339876,7.897282138423483e-06,0.00010135224709069659,0.00010135224709069659,9.885785273552906e-10,0.07897282138423484
3.7437500000000004,9565.748820696903,7.746980328710711e-06,0.00010143304057369598,0.00010143304057369598,9.91146312819736e-10,0.0774698032871071
3.75,9574.324984762236,7.593982760766324e-06,0.00010151019775241235,0.00010151019775241235,9.936633862758384e-10,0.07593982760766324
3.75625,9583.051383545748,7.438305026453953e-06,0.00010158378515427744,0.00010158378515427744,9.9612885936556e-10,0.07438305026453952
3.7625,9591.927009534966,7.279965099653625e-06,0.00010165386791753271,0.00010165386791753271,9.985418496884192e-10,0.07279965099653625
3.7687500000000003,9600.950716017616,7.118983437553361e-06,0.00010172050980392125,0.00010172050980392125,1.0009014816245983e-09,0.07118983437553361
3.7750000000000004,9610.1212114462,6.955383081179235e-06,0.00010178377321168078,0.00010178377321168078,1.0032068871913726e-09,0.06955383081179235
3.78125,9619.437053871354,6.789189754706267e-06,0.00010184371918872853,0.00010184371918872853,1.0054572069324577e-09,0.06789189754706267
3.7875,9628.896645470459,6.620431963066164e-06,0.00010190040744592388,0.00010190040744592388,1.0076515908397084e-09,0.06620431963066163
3.79375,9638.498227200414,6.4491410873431376e-06,0.00010195389637029158,0.00010195389637029158,1.0097891993064376e-09,0.06449141087343138
3.8000000000000003,9648.239873603932,6.2753514774256715e-06,0.00010200424303809064,0.00010200424303809064,1.0118692041114455e-09,0.06275351477425671
3.8062500000000004,9658.119487800881,6.099100541360861e-06,0.00010205150322761938,0.00010205150322761938,1.0138907894326648e-09,0.060991005413608614
3.8125,9668.134796696746,5.920428830838892e-06,0.00010209573143165476,0.00010209573143165476,1.0158531528891423e-09,0.05920428830838892
3.81875,9678.283346440474,5.739380122218543e-06,0.00010213698086943462,0.00010213698086943462,1.0177555066098742e-09,0.05739380122218543
3.825,9688.562498166557,5.556001492491151e-06,0.0001021753034981028,0.0001021753034981028,1.0195970783278224e-09,0.055560014924911506
3.8312500000000003,9698.969424055049,5.37034338956975e-06,0.00010221075002355025,0.00010221075002355025,1.0213771124972279e-09,0.0537034338956975
3.8375000000000004,9709.501103744387,5.18245969628313e-06,0.00010224336991059829,0.00010224336991059829,1.0230948714321346e-09,0.0518245969628313
3.84375,9720.154321131911,4.9924077874511605e-06,0.0001022732113924836,0.0001022732113924836,1.0247496364638323e-09,0.049924077874511606
3.85,9730.925661597685,4.800248579418357e-06,0.00010230032147961816,0.00010230032147961816,1.0263407091147172e-09,0.04800248579418357
3.85625,9741.811509684852,4.606046571427455e-06,0.00010232474596760937,0.00010232474596760937,1.027867412285866e-09,0.04606046571427455
3.8625000000000003,9752.808047272463,4.409869878224127e-06,0.00010234652944453731,0.00010234652944453731,1.0293290914554171e-09,0.04409869878224127
3.8687500000000004,9763.911252272395,4.211790253297735e-06,0.00010236571529749715,0.00010236571529749715,1.0307251158846557e-09,0.04211790253297735
3.875,9775.116897883912,4.011883102181797e-06,0.00010238234571842356,0.00010238234571842356,1.0320548798285058e-09,0.04011883102181797
3.88125,9786.420552436362,3.810227485261379e-06,0.00010239646170922199,0.00010239646170922199,1.0333178037469551e-09,0.03810227485261379
3.8875,9797.817579849376,3.6069061095631894e-06,0.00010240810308623842,0.00010240810308623842,1.0345133355137561e-09,0.03606906109563189
3.8937500000000003,9809.303140737964,3.4020053090377653e-06,0.00010241730848410427,0.00010241730848410427,1.0356409516185936e-09,0.03402005309037765
3.9000000000000004,9820.872194188387,3.1956150128818064e-06,0.00010242411535899698,0.00010242411535899698,1.0367001583587515e-09,0.03195615012881806
3.90625,9832.519500227003,2.9878287014923267e-06,0.00010242855999135924,0.00010242855999135924,1.0376904930161808e-09,0.029878287014923267
3.9125,9844.239623002753,2.7787433496928977e-06,0.00010243067748812118,0.00010243067748812118,1.0386115250157488e-09,0.027787433496928977
3.91875,9856.026934700078,2.5684593569254966e-06,0.00010243050178447058,0.00010243050178447058,1.0394628570603506e-09,0.025684593569254965
3.9250000000000003,9867.87562019665,2.35708046415951e-06,0.00010242806564521436,0.00010242806564521436,1.04024412623848e-09,0.0235708046415951
3.9312500000000004,9879.779682476023,2.14471365733156e-06,0.0001024234006657751,0.0001024234006657751,1.0409550050997936e-09,0.0214471365733156
3.9375,9891.732948801626,1.931469057196193e-06,0.0001024165372728622,0.0001024165372728622,1.0415952026941665e-09,0.01931469057196193
3.94375,9903.72907765615,1.7174597955375297e-06,0.00010240750472485677,0.00010240750472485677,1.0421644655697165e-09,0.017174597955375296
3.95,9915.761566443276,1.502801877765199e-06,0.00010239633111194506,0.00010239633111194506,1.0426625787252856e-09,0.015028018777651989
3.9562500000000003,9927.8237599474,1.2876140319942203e-06,0.00010238304335603324,0.00010238304335603324,1.0430893665128984e-09,0.012876140319942202
3.9625000000000004,9939.908859541103,1.0720175447871007e-06,0.00010236766721047271,0.00010236766721047271,1.043444693485775e-09,0.010720175447871006
3.96875,9952.009933125682,8.561360838169164e-07,0.00010235022725962264,0.00010235022725962264,1.043728465187565e-09,0.008561360838169165
3.975,9964.119925785419,6.400955077920245e-07,0.00010233074691827291,0.00010233074691827291,1.0439406288785806e-09,0.006400955077920246
3.98125,9976.23167113276,4.240236640656269e-07,0.00010230924843094853,0.00010230924843094853,1.0440811741949452e-09,0.004240236640656269
3.9875000000000003,9988.337903314843,2.080501744360177e-07,0.00010228575287111381,0.00010228575287111381,1.0441501337367439e-09,0.002080501744360177
3.9937500000000004,10000.431269649534,-7.693790274440535e-09,0.00010226028014029269,0.00010226028014029269,1.0441475835814583e-09,-7.693790274440535e-05
4.0,10012.504343852566,-2.2307574619279895e-07,0.00010223284896711955,0.00010223284896711955,1.0440736437191843e-09,-0.0022307574619279897
4.0062500000000005,10024.54963981454,-4.379621421735679e-07,0.00010220347690633365,0.00010220347690633365,1.0439284784063871e-09,-0.004379621421735679
4.0125,10036.55962588108,-6.522186145571498e-07,0.00010217218033772869,0.00010217218033772869,1.0437122964352139e-09,-0.0065221861455714986
4.01875,10048.526739586478,-8.657102500113403e-07,0.00010213897446506873,0.00010213897446506873,1.0434253513156861e-09,-0.008657102500113404
4.025,10060.443402785737,-1.0783018554895596e-06,0.00010210387331498079,0.00010210387331498079,1.043067941368413e-09,-0.010783018554895597
4.03125,10072.302037128176,-1.2898582342749954e-06,0.00010206688973583398,0.00010206688973583398,1.0426404097258076e-09,-0.012898582342749954
4.0375000000000005,10084.095079810942,-1.500244467020723e-06,0.00010202803539661508,0.00010202803539661508,1.0421431442401508e-09,-0.01500244467020723
4.04375,10095.814999548213,-1.7093261966426973e-06,0.0001019873207858108,0.0001019873207858108,1.0415765772972261e-09,-0.01709326196642697
4.05,10107.454312690305,-1.916969915875768e-06,0.00010194475521030653,0.00010194475521030653,1.040941185534642e-09,-0.01916969915875768
4.05625,10119.005599422564,-2.1230432562632786e-06,0.00010190034679431243,0.00010190034679431243,1.0402374894643655e-09,-0.021230432562632788
4.0625,10130.461519974031,-2.3274152773187345e-06,0.0001018541024783271,0.0001018541024783271,1.0394660529994143e-09,-0.023274152773187343
4.0687500000000005,10141.814830764062,-2.529956754573852e-06,0.00010180602801815047,0.00010180602801815047,1.03862748288507e-09,-0.025299567545738522
4.075,10153.058400412778,-2.730540465211666e-06,0.00010175612798395742,0.00010175612798395742,1.037722428035419e-09,-0.02730540465211666
4.08125,10164.18522554387,-2.9290414699761523e-06,0.00010170440575944358,0.00010170440575944358,1.0367515787764518e-09,-0.029290414699761524
4.0875,10175.188446304483,-3.12533739005178e-06,0.00010165086354105579,0.00010165086354105579,1.0357156659973886e-09,-0.0312533739005178
4.09375,10186.061361531052,-3.3193086776171607e-06,0.00010159550233731925,0.00010159550233731925,1.0346154602123287e-09,-0.03319308677617161
4.1000000000000005,10196.797443488871,-3.510838878797029e-06,0.00010153832196827397,0.00010153832196827397,1.0334517705347425e-09,-0.03510838878797029
4.10625,10207.390352115503,-3.6998148877658724e-06,0.00010147932106503285,0.00010147932106503285,1.032225443567739e-09,-0.036998148877658725
4.1125,10217.83394870096,-3.886127190794651e-06,0.00010141849706947369,0.00010141849706947369,1.0309373622134433e-09,-0.03886127190794651
4.11875,10228.122308938502,-4.069670099079129e-06,0.00010135584623407746,0.00010135584623407746,1.0295884444052006e-09,-0.04069670099079129
4.125,10238.24973528491,-4.250341969243824e-06,0.0001012913636219248,0.0001012913636219248,1.0281796417666941e-09,-0.04250341969243824
4.1312500000000005,10248.210768571187,-4.428045410479514e-06,0.00010122504310686245,0.00010122504310686245,1.0267119382024042e-09,-0.044280454104795135
4.1375,10258.000198810296,-4.602687477343783e-06,0.00010115687737385128,0.00010115687737385128,1.0251863484241642e-09,-0.04602687477343783
4.14375,10267.613075150346,-4.7741798473331705e-06,0.00010108685791950679,0.00010108685791950679,1.023603916418858e-09,-0.0477417984733317
4.15,10277.044714930025,-4.9424389824210224e-06,0.00010101497505284321,0.00010101497505284321,1.021965713862575e-09,-0.04942438982421023
4.15625,10286.290711793985,-5.1073862738471025e-06,0.00010094121789623195,0.00010094121789623195,1.0202728384867734e-09,-0.051073862738471025
4.1625000000000005,10295.346942836117,-5.268948169541912e-06,0.00010086557438658439,0.00010086557438658439,1.0185264124022094e-09,-0.05268948169541912
4.16875,10304.20957473968,-5.427056283670616e-06,0.00010078803127676996,0.00010078803127676996,1.0167275803865542e-09,-0.054270562836706164
4.175,10312.875068892514,-5.581647487886764e-06,0.00010070857413727932,0.00010070857413727932,1.0148775081417677e-09,-0.055816474878867636
4.18125,10321.34018546006,-5.732663983994586e-06,0.00010062718735814367,0.00010062718735814367,1.0129773805273864e-09,-0.057326639839945855
4.1875,10329.601986405512,-5.880053357828873e-06,0.00010054385415112075,0.00010054385415112075,1.0110283997759522e-09,-0.05880053357828873
4.1937500000000005,10337.657837452816,-6.023768614273134e-06,0.00010045855655215888,0.00010045855655215888,1.0090317836968344e-09,-0.06023768614273134
4.2,10345.50540899412,-6.163768193448299e-06,0.00010037127542415141,0.00010037127542415141,1.0069887638746864e-09,-0.06163768193448299
4.20625,10353.142675949704,-6.300015968215266e-06,0.00010028199045999436,0.00010028199045999436,1.0049005838687293e-09,-0.06300015968215265
4.2125,10360.567916594684,-6.432481223243742e-06,0.00010019068018596147,0.00010019068018596147,1.0027684974189742e-09,-0.06432481223243743
4.21875,10367.779710372723,-6.561138616006555e-06,0.00010009732196541254,0.00010009732196541254,1.0005937666653727e-09,-0.06561138616006555
4.2250000000000005,10374.77693472224,-6.685968120161721e-06,0.00010000189200285226,0.00010000189200285226,9.983776603857337e-10,-0.06685968120161721
4.23125,10381.558760946893,-6.806954951883451e-06,9.990436534835901e-05,9.990436534835901e-05,9.96121452258058e-10,-0.06806954951883451
4.2375,10388.124649167194,-6.924089479796888e-06,9.980471590240544e-05,9.980471590240544e-05,9.938264191527268e-10,-0.06924089479796888
4.24375,10394.474342394458,-7.037367119259302e-06,9.970291642109494e-05,9.970291642109494e-05,9.914938394597295e-10,-0.07037367119259302
4.25,10400.60785977353,-7.146788211811602e-06,9.959893852184138e-05,9.959893852184138e-05,9.8912499145585e-10,-0.07146788211811601
4.2562500000000005,10406.525489044529,-7.252357890698179e-06,9.949275268952268e-05,9.949275268952268e-05,9.86721151716426e-10,-0.07252357890698179
4.2625,10412.227778277931,-7.354085933419305e-06,9.938432828314173e-05,9.938432828314173e-05,9.84283593575981e-10,-0.07354085933419305
4.26875,10417.71552693982,-7.451986602338529e-06,9.927363354303297e-05,9.927363354303297e-05,9.818135856416881e-10,-0.07451986602338528
4.275,10422.989776347837,-7.546078474416946e-06,9.916063559865622e-05,9.916063559865622e-05,9.793123903632697e-10,-0.07546078474416947
4.28125,10428.051799580011,-7.636384261186917e-06,9.904530047702408e-05,9.904530047702408e-05,9.767812626625675e-10,-0.07636384261186917
4.2875000000000005,10432.9030909002,-7.722930620109457e-06,9.892759311181416e-05,9.892759311181416e-05,9.742214486256396e-10,-0.07722930620109457
4.29375,10437.545354766737,-7.805747958481708e-06,9.880747735322183e-05,9.880747735322183e-05,9.716341842598543e-10,-0.07805747958481708
4.3,10441.980494488835,-7.884870231074396e-06,9.868491597861492e-05,9.868491597861492e-05,9.690206943180565e-10,-0.07884870231074395
4.30625,10446.210600598395,-7.960334732682966e-06,9.85598707040571e-05,9.85598707040571e-05,9.663821911914964e-10,-0.07960334732682967
4.3125,10450.237939002327,-8.032181886771446e-06,9.843230219677215e-05,9.843230219677215e-05,9.63719873872812e-10,-0.08032181886771446
4.3187500000000005,10454.064938981755,-8.100455031374268e-06,9.830217008862763e-05,9.830217008862763e-05,9.61034926989977e-10,-0.08100455031374268
4.325,10457.694181101024,-8.165200203399535e-06,9.816943299072237e-05,9.816943299072237e-05,9.583285199117412e-10,-0.08165200203399535
4.33125,10461.128385089964,-8.226465922447056e-06,9.80340485091683e-05,9.80340485091683e-05,9.556018059247277e-10,-0.08226465922447056
4.3375,10464.37039775902,-8.284302975217227e-06,9.789597326216401e-05,9.789597326216401e-05,9.52855921481987e-10,-0.08284302975217227
4.34375,10467.423181005455,-8.338764201542322e-06,9.775516289846341e-05,9.775516289846341e-05,9.500919855224748e-10,-0.08338764201542322
4.3500000000000005,10470.289799965285,-8.389904283021121e-06,9.761157211734976e-05,9.761157211734976e-05,9.473110988605856e-10,-0.08389904283021121
4.35625,10472.97341136329,-8.437779535181288e-06,9.746515469023208e-05,9.746515469023208e-05,9.445143436445776e-10,-0.08437779535181288
4.3625,10475.477252108676,-8.482447704032588e-06,9.731586348398734e-05,9.731586348398734e-05,9.4170278288243e-10,-0.08482447704032589
4.36875,10477.804628182217,-8.523967767808146e-06,9.716365048617884e-05,9.716365048617884e-05,9.388774600334146e-10,-0.08523967767808147
4.375,10479.958903854282,-8.562399744621804e-06,9.700846683228739e-05,9.700846683228739e-05,9.360393986634215e-10,-0.08562399744621804
4.3812500000000005,10481.943491271837,-8.597804506697466e-06,9.685026283509902e-05,9.685026283509902e-05,9.33189602161858e-10,-0.08597804506697465
4.3875,10483.761840446,-8.630243601752238e-06,9.668898801639872e-05,9.668898801639872e-05,9.30329053517753e-10,-0.08630243601752238
4.39375,10485.417429669411,-8.659779082039714e-06,9.652459114112651e-05,9.652459114112651e-05,9.274587151525244e-10,-0.08659779082039713
4.4,10486.91375638672,-8.686473341483848e-06,9.635702025415798e-05,9.635702025415798e-05,9.24579528806731e-10,-0.08686473341483848
4.40625,10488.254328538704,-8.710388961258082e-06,9.618622271987728e-05,9.618622271987728e-05,9.216924154780068e-10,-0.08710388961258082
4.4125000000000005,10489.44265639545,-8.73158856408945e-06,9.601214526471606e-05,9.601214526471606e-05,9.187982754072888e-10,-0.0873158856408945
4.41875,10490.482244890016,-8.750134677493991e-06,9.58347340228372e-05,9.58347340228372e-05,9.15897988110374e-10,-0.08750134677493991
4.425,10491.376586460476,-8.766089606078622e-06,9.565393458514696e-05,9.565393458514696e-05,9.129924124518051e-10,-0.08766089606078623
4.43125,10492.129154403832,-8.779515312975945e-06,9.546969205182344e-05,9.546969205182344e-05,9.100823867580536e-10,-0.08779515312975945
4.4375,10492.743396741893,-8.790473310413238e-06,9.528195108855355e-05,9.528195108855355e-05,9.071687289669758e-10,-0.08790473310413238
4.4437500000000005,10493.222730595857,-8.799024559355109e-06,9.509065598667367e-05,9.509065598667367e-05,9.042522368105319e-10,-0.08799024559355109
4.45,10493.570537062864,-8.805229378101738e-06,9.489575072741246e-05,9.489575072741246e-05,9.013336880278012e-10,-0.08805229378101738
4.45625,10493.790156584895,-8.809147359671384e-06,9.469717905043604e-05,9.469717905043604e-05,8.984138406053816e-10,-0.08809147359671385
4.4625,10493.88488479787,-8.810837297747265e-06,9.449488452689747e-05,9.449488452689747e-05,8.954934330423338e-10,-0.08810837297747265
4.46875,10493.857968845768,-8.810357120925305e-06,9.428881063719346e-05,9.428881063719346e-05,8.925731846369206e-10,-0.08810357120925305
4.4750000000000005,10493.712604143597,-8.807763834960464e-06,9.40789008536304e-05,9.40789008536304e-05,8.896537957924877e-10,-0.08807763834960464
4.48125,10493.451931569134,-8.803113472675961e-06,9.386509872820142e-05,9.386509872820142e-05,8.867359483399484e-10,-0.08803113472675961
4.4875,10493.079035064826,-8.796461051171086e-06,9.364734798567401e-05,9.364734798567401e-05,8.838203058744517e-10,-0.08796461051171087
4.49375,10492.5969396259,-8.787860535940055e-06,9.342559262218439e-05,9.342559262218439e-05,8.809075141039432e-10,-0.08787860535940055
4.5,10492.008609654273,-8.77736481149593e-06,9.319977700953076e-05,9.319977700953076e-05,8.779982012074634e-10,-0.0877736481149593
4.5062500000000005,10491.316947652394,-8.765025658080175e-06,9.296984600535239e-05,9.296984600535239e-05,8.750929782011653e-10,-0.08765025658080175
4.5125,10490.524793235525,-8.750893734029432e-06,9.273574506937408e-05,9.273574506937408e-05,8.72192439310177e-10,-0.08750893734029432
4.51875,10489.634922435635,-8.735018563366881e-06,9.249742038588771e-05,9.249742038588771e-05,8.692971623445768e-10,-0.08735018563366881
4.525,10488.650047274663,-8.717448528185133e-06,9.225481899263292e-05,9.225481899263292e-05,8.664077090778935e-10,-0.08717448528185133
4.53125,10487.572815582136,-8.698230865391346e-06,9.200788891622702e-05,9.200788891622702e-05,8.635246256266852e-10,-0.08698230865391346
4.5375000000000005,10486.40581103333,-8.67741166739245e-06,9.1756579314282e-05,9.1756579314282e-05,8.606484428298913e-10,-0.0867741166739245
4.54375,10485.151553385691,-8.65503588630875e-06,9.150084062433085e-05,9.150084062433085e-05,8.577796766267873e-10,-0.0865503588630875
4.55,10483.812498890395,-8.631147341317533e-06,9.12406247196686e-05,9.12406247196686e-05,8.549188284325064e-10,-0.08631147341317533
4.55625,10482.39104085796,-8.605788728744044e-06,9.097588507219525e-05,9.097588507219525e-05,8.520663855102156e-10,-0.08605788728744045
4.5625,10480.889510357423,-8.579001634535237e-06,9.070657692232587e-05,9.070657692232587e-05,8.492228213391577e-10,-0.08579001634535237
4.5687500000000005,10479.310177030027,-8.550826548771299e-06,9.043265745601035e-05,9.043265745601035e-05,8.46388595977883e-10,-0.08550826548771298
4.575,10477.655249998339,-8.521302881891267e-06,9.015408598887992e-05,9.015408598887992e-05,8.435641564221033e-10,-0.08521302881891267
4.58125,10475.926878855207,-8.490468982331079e-06,8.987082415750898e-05,8.987082415750898e-05,8.407499369567e-10,-0.08490468982331079
4.5875,10474.12715471595,-8.458362155295491e-06,8.958283611775082e-05,8.958283611775082e-05,8.379463595015089e-10,-0.08458362155295492
4.59375,10472.258111319854,-8.425018682408634e-06,8.92900887500727e-05,8.92900887500727e-05,8.351538339505927e-10,-0.08425018682408633
4.6000000000000005,10470.32172616787,-8.390473842011402e-06,8.899255187178006e-05,8.899255187178006e-05,8.323727585047859e-10,-0.08390473842011402
4.60625,10468.31992168498,-8.354761929897332e-06,8.869019845598181e-05,8.869019845598181e-05,8.296035199973658e-10,-0.08354761929897332
4.6125,10466.254566396823,-8.317916280301406e-06,8.838300485710709e-05,8.838300485710709e-05,8.268464942127674e-10,-0.08317916280301406
4.61875,10464.12747611103,-8.279969286978695e-06,8.80709510427414e-05,8.80709510427414e-05,8.241020461983117e-10,-0.08279969286978694
4.625,10461.940415096067,-8.24095242423111e-06,8.775402083150314e-05,8.775402083150314e-05,8.213705305689635e-10,-0.0824095242423111
4.6312500000000005,10459.695097249994,-8.200896267761088e-06,8.74322021366332e-05,8.74322021366332e-05,8.186522918051785e-10,-0.08200896267761087
4.6375,10457.393187254067,-8.15983051525039e-06,8.710548721491948e-05,8.710548721491948e-05,8.159476645439286e-10,-0.08159830515250391
4.64375,10455.036301706354,-8.117784006580336e-06,8.677387292052412e-05,8.677387292052412e-05,8.132569738630252e-10,-0.08117784006580336
4.65,10452.626010230859,-8.074784743626517e-06,8.643736096322581e-05,8.643736096322581e-05,8.105805355588814e-10,-0.08074784743626517
4.65625,10450.163836560912,-8.030859909576504e-06,8.609595817053187e-05,8.609595817053187e-05,8.079186564178717e-10,-0.08030859909576504
4.6625000000000005,10447.651259592787,-7.986035887732997e-06,8.574967675305463e-05,8.574967675305463e-05,8.052716344814584e-10,-0.07986035887732998
4.66875,10445.089714409502,-7.940338279777378e-06,8.539853457248575e-05,8.539853457248575e-05,8.026397593052651e-10,-0.07940338279777377
4.675,10442.480593273694,-7.8937919234797e-06,8.504255541143901e-05,8.504255541143901e-05,8.0002331221228e-10,-0.078937919234797
4.68125,10439.82524658886,-7.846420909850896e-06,8.468176924436876e-05,8.468176924436876e-05,7.974225665403741e-10,-0.07846420909850896
4.6875,10437.124983830041,-7.79824859974118e-06,8.431621250870606e-05,8.431621250870606e-05,7.948377878843168e-10,-0.0779824859974118
4.6937500000000005,10434.381074443574,-7.749297639895725e-06,8.394592837529034e-05,8.394592837529034e-05,7.922692343324716e-10,-0.07749297639895725
4.7,10431.59474871764,-7.699589978484395e-06,8.357096701710935e-05,8.357096701710935e-05,7.897171566983424e-10,-0.07699589978484395
4.70625,10428.7671986246,-7.64914688012689e-06,8.319138587529592e-05,8.319138587529592e-05,7.87181798747141e-10,-0.0764914688012689
4.7125,10425.899578636145,-7.5979889404382456e-06,8.280724992126686e-05,8.280724992126686e-05,7.846633974175327e-10,-0.07597988940438245
4.71875,10422.9930065136,-7.546136100122094e-06,8.241863191382801e-05,8.241863191382801e-05,7.821621830387111e-10,-0.07546136100122093
4.7250000000000005,10420.048564073852,-7.49360765864086e-06,8.202561265000934e-05,8.202561265000934e-05,7.796783795429409e-10,-0.0749360765864086
4.73125,10417.067297933618,-7.440422287492793e-06,8.162828120833799e-05,8.162828120833799e-05,7.772122046737014e-10,-0.07440422287492793
4.7375,10414.050220233745,-7.386598043126072e-06,8.122673518320274e-05,8.122673518320274e-05,7.747638701895481e-10,-0.07386598043126072
4.74375,10410.998309343811,-7.332152379519743e-06,8.082108090891457e-05,8.082108090891457e-05,7.723335820638053e-10,-0.07332152379519742
4.75,10407.912510550874,-7.277102160460374e-06,8.041143367202255e-05,8.041143367202255e-05,7.699215406801887e-10,-0.07277102160460373
4.7562500000000005,10404.793736731657,-7.221463671542068e-06,7.999791791040465e-05,7.999791791040465e-05,7.675279410244513e-10,-0.07221463671542068
4.7625,10401.642869011343,-7.16525263191582e-06,7.958066739761922e-05,7.958066739761922e-05,7.651529728721344e-10,-0.07165252631915821
4.76875,10398.460757409615,-7.108484205812376e-06,7.915982541097558e-05,7.915982541097558e-05,7.627968209724997e-10,-0.07108484205812375
4.775,10395.248221474785,-7.051173013860822e-06,7.873554488176209e-05,7.873554488176209e-05,7.604596652287088e-10,-0.07051173013860823
4.78125,10392.006050908314,-6.993333144222923e-06,7.830798852605772e-05,7.830798852605772e-05,7.581416808743134e-10,-0.06993333144222924
4.7875000000000005,10388.735006179211,-6.934978163561217e-06,7.787732895454953e-05,7.787732895454953e-05,7.558430386461096e-10,-0.06934978163561217
4.79375,10385.435819130802,-6.876121127856632e-06,7.744374875978377e-05,7.744374875978377e-05,7.535639049534061e-10,-0.06876121127856631
4.800000000000001,10382.109193579105,-6.816774593089469e-06,7.700744057929352e-05,7.700744057929352e-05,7.513044420437528e-10,-0.06816774593089468
4.80625,10378.755805904699,-6.756950625795485e-06,7.656860713307025e-05,7.656860713307025e-05,7.490648081651703e-10,-0.06756950625795485
4.8125,10375.376305638127,-6.696660813507051e-06,7.612746123388358e-05,7.612746123388358e-05,7.468451577249185e-10,-0.06696660813507051
4.8187500000000005,10371.971316038886,-6.635916275087646e-06,7.568422576899938e-05,7.568422576899938e-05,7.446456414448401e-10,-0.06635916275087646
4.825,10368.541434669363,-6.574727670966372e-06,7.523913365190531e-05,7.523913365190531e-05,7.424664065133111e-10,-0.06574727670966372
4.831250000000001,10365.087233963093,-6.513105213277806e-06,7.479242774272228e-05,7.479242774272228e-05,7.403075967338314e-10,-0.06513105213277806
4.8375,10361.609261788188,-6.451058675911345e-06,7.434436073606301e-05,7.434436073606301e-05,7.381693526702833e-10,-0.06451058675911345
4.84375,10358.108042005484,-6.388597404473133e-06,7.389519501519187e-05,7.389519501519187e-05,7.360518117888894e-10,-0.06388597404473133
4.8500000000000005,10354.584075022647,-6.325730326162771e-06,7.344520247144664e-05,7.344520247144664e-05,7.339551085968955e-10,-0.0632573032616277
4.85625,10351.037838342445,-6.262465959566464e-06,7.299466428800075e-05,7.299466428800075e-05,7.318793747780083e-10,-0.06262465959566464
4.862500000000001,10347.469787107759,-6.198812424367492e-06,7.254387068717375e-05,7.254387068717375e-05,7.298247393246144e-10,-0.06198812424367492
4.86875,10343.880354640836,-6.134777450974719e-06,7.209312064063976e-05,7.209312064063976e-05,7.277913286668075e-10,-0.06134777450974719
4.875,10340.269952978633,-6.070368390069469e-06,7.164272154203524e-05,7.164272154203524e-05,7.25779266798252e-10,-0.06070368390069469
4.8812500000000005,10336.638973403322,-6.0055922220709175e-06,7.119298884163097e-05,7.119298884163097e-05,7.237886753989078e-10,-0.06005592222070918
4.8875,10332.987786968277,-5.940455566520218e-06,7.074424564290575e-05,7.074424564290575e-05,7.218196739546466e-10,-0.05940455566520218
4.893750000000001,10329.316745019676,-5.874964691383458e-06,7.029682226104203e-05,7.029682226104203e-05,7.198723798737831e-10,-0.05874964691383458
4.9,10325.626179713357,-5.809125522273738e-06,6.985105574355417e-05,6.985105574355417e-05,7.179469086005502e-10,-0.058091255222737385
4.90625,10321.916404527094,-5.742943651592806e-06,6.940728935345847e-05,6.940728935345847e-05,7.160433737255439e-10,-0.05742943651592806
4.9125000000000005,10318.187714768956,-5.676424347592777e-06,6.89658720155989e-05,6.89658720155989e-05,7.141618870931649e-10,-0.056764243475927775
4.91875,10314.440388080295,-5.60957256335885e-06,6.852715772695293e-05,6.852715772695293e-05,7.123025589060825e-10,-0.0560957256335885
4.925000000000001,10310.674684935444,-5.542392945713961e-06,6.809150493195516e-05,6.809150493195516e-05,7.104654978267475e-10,-0.055423929457139615
4.93125,10306.890849135953,-5.474889844046775e-06,6.76592758640945e-05,6.76592758640945e-05,7.08650811075978e-10,-0.05474889844046775
4.9375,10303.089108301823,-5.407067319064418e-06,6.72308358552582e-05,6.72308358552582e-05,7.068586045286456e-10,-0.054070673190644174
4.9437500000000005,10299.26967435762,-5.338929151471808e-06,6.680655261451404e-05,6.680655261451404e-05,7.05088982806483e-10,-0.05338929151471808
4.95,10295.432744015103,-5.270478850579482e-06,6.638679547823913e-05,6.638679547823913e-05,7.0334204936804e-10,-0.052704788505794825
4.956250000000001,10291.578499251855,-5.201719662842116e-06,6.597193463371543e-05,6.597193463371543e-05,7.016179065958086e-10,-0.05201719662842116
4.9625,10287.70710778618,-5.132654580330044e-06,6.556234031852146e-05,6.556234031852146e-05,6.999166558805401e-10,-0.05132654580330044
4.96875,10283.818723548178,-5.063286349136296e-06,6.515838199825019e-05,6.515838199825019e-05,6.982383977027759e-10,-0.05063286349136296
4.9750000000000005,10279.913487147865,-4.993617477721734e-06,6.476042752527603e-05,6.476042752527603e-05,6.965832317116125e-10,-0.04993617477721734
4.98125,10275.99152633922,-4.92365024520103e-06,6.436884228147767e-05,6.436884228147767e-05,6.949512568007191e-10,-0.049236502452010306
4.987500000000001,10272.05295648179,-4.853386709572275e-06,6.398398830799351e-05,6.398398830799351e-05,6.933425711816288e-10,-0.04853386709572275
4.99375,10268.097880998954,-4.782828715893066e-06,6.36062234252457e-05,6.36062234252457e-05,6.917572724543186e-10,-0.04782828715893066
5.0,10264.126391833162,-4.711977904406036e-06,6.323590034661123e-05,6.323590034661123e-05,6.901954576750968e-10,-0.04711977904406036
5.0062500000000005,10260.138569899147,-4.6408357186166695e-06,6.287336578924515e-05,6.287336578924515e-05,6.886572234218124e-10,-0.0464083571861667
5.0125,10256.13448553385,-4.569403413326467e-06,6.251895958567058e-05,6.251895958567058e-05,6.87142665856403e-10,-0.04569403413326467
5.018750000000001,10252.114198944513,-4.4976820626243544e-06,6.21730137998394e-05,6.21730137998394e-05,6.856518807847923e-10,-0.044976820626243544
5.025,10248.077760654422,-4.425672567839329e-06,6.183585185143734e-05,6.183585185143734e-05,6.84184963714153e-10,-0.04425672567839329
5.03125,10244.025211946737,-4.353375665457339e-06,6.15077876522552e-05,6.15077876522552e-05,6.827420099075449e-10,-0.04353375665457339
5.0375000000000005,10239.956585306481,-4.280791935005342e-06,6.118912475847356e-05,6.118912475847356e-05,6.813231144359398e-10,-0.042807919350053424
5.04375,10235.871904860645,-4.2079218069055745e-06,6.088015554271119e-05,6.088015554271119e-05,6.799283722276433e-10,-0.04207921806905574
5.050000000000001,10231.771186816972,-4.134765570303003e-06,6.0581160389666e-05,6.0581160389666e-05,6.785578781151224e-10,-0.041347655703030034
5.05625,10227.654439901533,-4.061323380868998e-06,6.0292406919132184e-05,6.0292406919132184e-05,6.772117268792456e-10,-0.04061323380868998
5.0625,10223.52166579486,-3.987595268584291e-06,6.001414924010716e-05,6.001414924010716e-05,6.75890013290944e-10,-0.03987595268584291
5.0687500000000005,10219.372859567313,-3.913581145504321e-06,5.97466272396082e-05,5.97466272396082e-05,6.745928321502987e-10,-0.039135811455043204
5.075,10215.208010113416,-3.839280813510143e-06,5.9490065909699236e-05,5.9490065909699236e-05,6.733202783230585e-10,-0.03839280813510143
5.081250000000001,10211.027100585974,-3.7646939720481e-06,5.924467471608615e-05,5.924467471608615e-05,6.720724467745926e-10,-0.037646939720481
5.0875,10206.830108829148,-3.689820225861643e-06,5.90106470114727e-05,5.90106470114727e-05,6.708494326012804e-10,-0.036898202258616425
5.09375,10202.617007811714,-3.6146590927186564e-06,5.8788159496679895e-05,5.8788159496679895e-05,6.696513310593403e-10,-0.03614659092718656
5.1000000000000005,10198.387766060268,-3.53921001113786e-06,5.857737173232141e-05,5.857737173232141e-05,6.684782375910971e-10,-0.035392100111378604
5.10625,10194.142348092424,-3.4634723481179252e-06,5.837842570359603e-05,5.837842570359603e-05,6.673302478486879e-10,-0.034634723481179255
5.112500000000001,10189.880714850355,-3.3874454068731416e-06,5.819144544050762e-05,5.819144544050762e-05,6.662074577152039e-10,-0.033874454068731415
5.11875,10185.602824135163,-3.3111284345795234e-06,5.801653669555452e-05,5.801653669555452e-05,6.651099633232644e-10,-0.03311128434579523
5.125,10181.308631041582,-3.234520630135544e-06,5.785378668064606e-05,5.785378668064606e-05,6.640378610710191e-10,-0.03234520630135544
5.1312500000000005,10176.998088394477,-3.157621151941703e-06,5.7703263864704805e-05,5.7703263864704805e-05,6.629912476355709e-10,-0.03157621151941703
5.1375,10172.671147185798,-3.080429125703452e-06,5.756501783310262e-05,5.756501783310262e-05,6.619702199838133e-10,-0.03080429125703452
5.143750000000001,10168.32775701404,-3.0029436522620606e-06,5.743907920975701e-05,5.743907920975701e-05,6.609748753806716e-10,-0.030029436522620606
5.15,10163.967866524485,-2.9251638154583224e-06,5.7325459642385796e-05,5.7325459642385796e-05,6.600053113947377e-10,-0.029251638154583225
5.15625,10159.591423852484,-2.8470886900340927e-06,5.7224151851083485e-05,5.7224151851083485e-05,6.590616259012865e-10,-0.028470886900340928
5.1625000000000005,10155.198377068762,-2.768717349576876e-06,5.7135129740044914e-05,5.7135129740044914e-05,6.581439170826577e-10,-0.027687173495768762
5.16875,10150.788674627156,-2.6900488745129442e-06,5.705834857192377e-05,5.705834857192377e-05,6.572522834259899e-10,-0.02690048874512944
5.175000000000001,10146.362265816158,-2.611082360154532e-06,5.6993745203976965e-05,5.6993745203976965e-05,6.563868237182859e-10,-0.026110823601545322
5.18125,10141.919101213032,-2.5318169248070014e-06,5.694123838481367e-05,5.694123838481367e-05,6.555476370387918e-10,-0.025318169248070014
5.1875,10137.45913314206,-2.452251717941952e-06,5.69007291102422e-05,5.69007291102422e-05,6.547348227486669e-10,-0.02452251717941952
5.1937500000000005,10132.982316136668,-2.3723859284424986e-06,5.68721010363924e-05,5.68721010363924e-05,6.539484804779201e-10,-0.023723859284424987
5.2,10128.488607406083,-2.292218792927095e-06,5.685522094798555e-05,5.685522094798555e-05,6.531887101095879e-10,-0.022922187929270952
5.206250000000001,10123.97796730663,-2.211749604158496e-06,5.6849939279333955e-05,5.6849939279333955e-05,6.524556117611252e-10,-0.022117496041584958
5.2125,10119.450359818344,-2.1309777195445653e-06,5.685609068537711e-05,5.685609068537711e-05,6.51749285762978e-10,-0.02130977719544565
5.21875,10114.905753026815,-2.0499025697378673e-06,5.6873494659804826e-05,5.6873494659804826e-05,6.510698326343061e-10,-0.020499025697378673
5.2250000000000005,10110.344119611387,-1.968523667341071e-06,5.690195619708115e-05,5.690195619708115e-05,6.504173530558203e-10,-0.019685236673410707
5.23125,10105.765437339329,-1.8868406157253636e-06,5.694126649496775e-05,5.694126649496775e-05,6.497919478396964e-10,-0.018868406157253634
5.237500000000001,10101.169689566937,-1.804853117969197e-06,5.699120369395406e-05,5.699120369395406e-05,6.491937178965269e-10,-0.01804853117969197
5.24375,10096.556865747656,-1.7225609859247978e-06,5.705153364983408e-05,5.705153364983408e-05,6.486227641992668e-10,-0.017225609859247978
5.25,10091.926961948117,-1.6399641494199285e-06,5.712201073552889e-05,5.712201073552889e-05,6.480791877441304e-10,-0.016399641494199285
5.2562500000000005,10087.279981371654,-1.557062665602548e-06,5.7202378668138945e-05,5.7202378668138945e-05,6.475630895083898e-10,-0.01557062665602548
5.2625,10082.615934890795,-1.4738567284359648e-06,5.7292371357123396e-05,5.7292371357123396e-05,6.470745704050267e-10,-0.014738567284359648
5.268750000000001,10077.934841588147,-1.3903466783521973e-06,5.7391713769443954e-05,5.7391713769443954e-05,6.466137312341847e-10,-0.013903466783521973
5.275,10073.236729307,-1.306533012071195e-06,5.750012280747975e-05,5.750012280747975e-05,6.461806726313661e-10,-0.01306533012071195
5.28125,10068.52163521133,-1.2224163925935894e-06,5.761730819551636e-05,5.761730819551636e-05,6.457754950123178e-10,-0.012224163925935894
5.2875000000000005,10063.789606356224,-1.1379976593745608e-06,5.774297337063634e-05,5.774297337063634e-05,6.453982985145436e-10,-0.011379976593745608
5.29375,10059.040700268552,-1.0532778386863508e-06,5.787681637389047e-05,5.787681637389047e-05,6.450491829353833e-10,-0.010532778386863508
5.300000000000001,10054.27498553899,-9.68258154176778e-07,5.8018530737707254e-05,5.8018530737707254e-05,6.447282476665907e-10,-0.00968258154176778
5.30625,10049.492542425183,-8.829400376309848e-07,5.816780636560162e-05,5.816780636560162e-05,6.444355916253454e-10,-0.008829400376309849
5.3125,10044.693463466803,-7.973251399434173e-07,5.832433040037193e-05,5.832433040037193e-05,6.441713131816276e-10,-0.007973251399434172
5.3187500000000005,10039.87785411265,-7.114153423067894e-07,5.848778807712595e-05,5.848778807712595e-05,6.439355100818845e-10,-0.007114153423067895
5.325,10035.045833360511,-6.252127676244523e-07,5.865786355764834e-05,5.865786355764834e-05,6.437282793689134e-10,-0.006252127676244523
5.331250000000001,10030.197534409623,-5.387197921522587e-07,5.8834240742815236e-05,5.8834240742815236e-05,6.435497172978867e-10,-0.005387197921522586
5.3375,10025.333105326505,-4.519390573755677e-07,5.901660405997119e-05,5.901660405997119e-05,6.433999192484399e-10,-0.004519390573755677
5.34375,10020.452709724048,-3.6487348212656254e-07,5.920463922241042e-05,5.920463922241042e-05,6.432789796327429e-10,-0.003648734821265625
5.3500000000000005,10015.556527454646,-2.775262749464931e-07,5.9398033958343844e-05,5.9398033958343844e-05,6.431869917994747e-10,-0.0027752627494649308
5.35625,10010.644755317047,-1.8990094669684711e-07,5.9596478706985385e-05,5.9596478706985385e-05,6.43124047933617e-10,-0.0018990094669684712
5.362500000000001,10005.717607777351,-1.020013234227606e-07,5.9799667279651816e-05,5.9799667279651816e-05,6.430902389519847e-10,-0.001020013234227606
5.36875,10000.775317704263,-1.3831559471209906e-08,6.000729748403897e-05,6.000729748403897e-05,6.430856543944082e-10,-0.00013831559471209906
5.375,9995.818137119117,7.460384913436091e-08,6.021907171010982e-05,6.021907171010982e-05,6.431103823104826e-10,0.0007460384913436091
5.3812500000000005,9990.846337959643,1.6330005106217395e-07,6.043469747630578e-05,6.043469747630578e-05,6.431645091417987e-10,0.0016330005106217395
5.3875,9985.86021285867,2.522518257833276e-07,6.065388793506882e-05,6.065388793506882e-05,6.432481195995696e-10,0.002522518257833276
5.393750000000001,9980.860075936962,3.4145356942744825e-07,6.0876362336935546e-05,6.0876362336935546e-05,6.433612965375708e-10,0.0034145356942744823
5.4,9975.846263610263,4.308992803853799e-07,6.110184645273497e-05,6.110184645273497e-05,6.435041208203062e-10,0.004308992803853799
5.40625,9970.819135410131,5.205825446628069e-07,6.133007295368569e-05,6.133007295368569e-05,6.436766711863211e-10,0.0052058254466280695
5.4125000000000005,9965.779074818944,6.104965209901205e-07,6.156078174944426e-05,6.156078174944426e-05,6.438790241065787e-10,0.006104965209901205
5.41875,9960.7264901173,7.00633925695297e-07,6.179372028440293e-05,6.179372028440293e-05,6.441112536378233e-10,0.00700633925695297
5.425000000000001,9955.661815245408,7.909870173482547e-07,6.202864379276999e-05,6.202864379276999e-05,6.443734312708534e-10,0.007909870173482547
5.43125,9950.585510675563,8.815475811867386e-07,6.226531551318798e-05,6.226531551318798e-05,6.446656257736326e-10,0.008815475811867387
5.4375,9945.498064296984,9.723069133357158e-07,6.250350686385295e-05,6.250350686385295e-05,6.449879030291706e-10,0.009723069133357158
5.4437500000000005,9940.399992311017,1.0632558048340907e-06,6.274299757929009e-05,6.274299757929009e-05,6.453403258681084e-10,0.010632558048340908
5.45,9935.29184013668,1.1543845254846562e-06,6.298357581011728e-05,6.298357581011728e-05,6.457229538959524e-10,0.011543845254846561
5.456250000000001,9930.174183324507,1.2456828075452188e-06,6.322503818728694e-05,6.322503818728694e-05,6.461358433149005e-10,0.012456828075452188
5.4625,9925.047628478751,1.3371398292811864e-06,6.346718985243748e-05,6.346718985243748e-05,6.46579046740219e-10,0.013371398292811865
5.46875,9919.912814185678,1.4287441984021202e-06,6.370984445610804e-05,6.370984445610804e-05,6.470526130111273e-10,0.014287441984021203
5.4750000000000005,9914.77041194724,1.520483935407279e-06,6.395282412567524e-05,6.395282412567524e-05,6.47556586996164e-10,0.01520483935407279
5.48125,9909.621127118167,1.6123464568676328e-06,6.419595940495555e-05,6.419595940495555e-05,6.480910093930109e-10,0.01612346456867633
5.487500000000001,9904.46569984483,1.7043185586744645e-06,6.443908916748463e-05,6.443908916748463e-05,6.486559165227644e-10,0.017043185586744645
5.49375,9899.304906004458,1.7963863992874086e-06,6.468206050553416e-05,6.468206050553416e-05,6.492513401186553e-10,0.017963863992874085
5.5,9894.139558142,1.8885354830174737e-06,6.492472859695766e-05,6.492472859695766e-05,6.49877307109227e-10,0.018885354830174738
5.5062500000000005,9888.970506403217,1.980750643383548e-06,6.516695655197163e-05,6.516695655197163e-05,6.505338393959971e-10,0.01980750643383548
5.5125,9883.798639461073,2.0730160265837232e-06,6.540861524197581e-05,6.540861524197581e-05,6.512209536256404e-10,0.02073016026583723
5.518750000000001,9878.624885433423,2.165315075125817e-06,6.564958311249908e-05,6.564958311249908e-05,6.519386609567468e-10,0.02165315075125817
5.525,9873.4502127889,2.257630511664438e-06,6.58897459823249e-05,6.58897459823249e-05,6.52686966821221e-10,0.02257630511664438
5.53125,9868.275631238568,2.3499443230950715e-06,6.612899683080478e-05,6.612899683080478e-05,6.534658706804107e-10,0.023499443230950715
5.5375000000000005,9863.102192610173,2.442237744958715e-06,6.636723557530973e-05,6.636723557530973e-05,6.542753657760654e-10,0.024422377449587147
5.54375,9857.930991701576,2.5344912462137143e-06,6.660436884070048e-05,6.660436884070048e-05,6.551154388762477e-10,0.025344912462137142
5.550000000000001,9852.763167110554,2.626684514434592e-06,6.684030972261769e-05,6.684030972261769e-05,6.559860700163388e-10,0.02626684514434592
5.55625,9847.599902037084,2.7187964415007356e-06,6.707497754630524e-05,6.707497754630524e-05,6.568872322353002e-10,0.027187964415007357
5.5625,9842.442425054136,2.8108051098408937e-06,6.730829762258421e-05,6.730829762258421e-05,6.578188913073763e-10,0.028108051098408936
5.5687500000000005,9837.292010843941,2.902687779302513e-06,6.754020100249329e-05,6.754020100249329e-05,6.587810054694444e-10,0.02902687779302513
5.575,9832.149980894861,2.99442087471786e-06,6.7770624232005e-05,6.7770624232005e-05,6.597735251442442e-10,0.029944208747178604
5.581250000000001,9827.017704155138,3.0859799742418145e-06,6.79995091081169e-05,6.79995091081169e-05,6.607963926597406e-10,0.030859799742418145
5.5875,9821.896597638965,3.1773397985390367e-06,6.822680243750393e-05,6.822680243750393e-05,6.618495419649035e-10,0.03177339798539037
5.59375,9816.788126980558,3.2684742009008413e-06,6.84524557988051e-05,6.84524557988051e-05,6.629328983422115e-10,0.032684742009008415
5.6000000000000005,9811.693806931236,3.359356158374721e-06,6.867642530950291e-05,6.867642530950291e-05,6.64046378117215e-10,0.03359356158374721
5.60625,9806.61520179524,3.44995776399181e-06,6.88986713982417e-05,6.88986713982417e-05,6.65189888365524e-10,0.0344995776399181
5.612500000000001,9801.553925798908,3.5402502201797925e-06,6.911915858331914e-05,6.911915858331914e-05,6.663633266176113e-10,0.03540250220179793
5.61875,9796.511643388474,3.6302038334507463e-06,6.93378552579779e-05,6.93378552579779e-05,6.675665805618562e-10,0.036302038334507465
5.625,9791.490069451256,3.719788010455177e-06,6.955473348301852e-05,6.955473348301852e-05,6.687995277462793e-10,0.03719788010455177
5.6312500000000005,9786.49096945494,3.8089712554949886e-06,6.976976878715513e-05,6.976976878715513e-05,6.700620352794536e-10,0.03808971255494988
5.6375,9781.516159500201,3.897721169589374e-06,6.998293997543939e-05,6.998293997543939e-05,6.713539595311057e-10,0.03897721169589374
5.643750000000001,9776.567506280475,3.986004451188474e-06,7.01942289459883e-05,7.01942289459883e-05,6.726751458329534e-10,0.03986004451188474
5.65,9771.646926944208,4.0737868986302454e-06,7.040362051516701e-05,7.040362051516701e-05,6.740254281803583e-10,0.04073786898630245
5.65625,9766.7563888544,4.1610334144361965e-06,7.061110225129975e-05,7.061110225129975e-05,6.754046289354012e-10,0.041610334144361966
5.6625000000000005,9761.897909238887,4.24770801154138e-06,7.081666431691046e-05,7.081666431691046e-05,6.768125585320237e-10,0.0424770801154138
5.66875,9757.073554727936,4.333773821553545e-06,7.102029931942953e-05,7.102029931942953e-05,6.782490151839061e-10,0.04333773821553545
5.675000000000001,9752.285440771686,4.419193105135165e-06,7.122200217024455e-05,7.122200217024455e-05,6.797137845957876e-10,0.04419193105135165
5.68125,9747.535730934598,4.503927264600646e-06,7.142176995192172e-05,7.142176995192172e-05,6.812066396789611e-10,0.04503927264600646
5.6875,9742.82663605973,4.587936858818931e-06,7.161960179337888e-05,7.161960179337888e-05,6.827273402717079e-10,0.04587936858818931
5.6937500000000005,9738.160413299254,4.671181620509201e-06,7.181549875275302e-05,7.181549875275302e-05,6.842756328654653e-10,0.04671181620509201
5.7,9733.539365006289,4.753620476014334e-06,7.20094637076725e-05,7.20094637076725e-05,6.858512503375483e-10,0.04753620476014334
5.706250000000001,9728.96583748297,4.8352115676330996e-06,7.22015012526178e-05,7.22015012526178e-05,6.874539116912725e-10,0.04835211567633099
5.7125,9724.442219580802,4.915912278587852e-06,7.239161760303434e-05,7.239161760303434e-05,6.890833218043543e-10,0.04915912278587852
5.71875,9719.970941149506,4.995679260699762e-06,7.257982050584527e-05,7.257982050584527e-05,6.907391711864826e-10,0.04995679260699762
5.7250000000000005,9715.554471330115,5.074468464838082e-06,7.276611915600218e-05,7.276611915600218e-05,6.924211357469846e-10,0.05074468464838082
5.73125,9711.19531668926,5.152235174204014e-06,7.295052411870601e-05,7.295052411870601e-05,6.941288765735225e-10,0.05152235174204014
5.737500000000001,9706.896019191618,5.2289340405030375e-06,7.313304725692916e-05,7.313304725692916e-05,6.958620397227805e-10,0.052289340405030374
5.74375,9702.659154007757,5.304519123052243e-06,7.331370166387202e-05,7.331370166387202e-05,6.976202560241135e-10,0.05304519123052243
5.75,9698.48732715537,5.378943930861333e-06,7.349250159999309e-05,7.349250159999309e-05,6.994031408971452e-10,0.05378943930861333
5.7562500000000005,9694.38317297188,5.452161467717306e-06,7.366946243426082e-05,7.366946243426082e-05,7.012102941843079e-10,0.05452161467717306
5.7625,9690.349351418052,5.524124280293788e-06,7.384460058928611e-05,7.384460058928611e-05,7.030412999993296e-10,0.05524124280293788
5.768750000000001,9686.38854521072,5.5947845092959734e-06,7.401793349000816e-05,7.401793349000816e-05,7.048957265926736e-10,0.05594784509295973
5.775,9682.503456786,5.664093943641933e-06,7.418947951562152e-05,7.418947951562152e-05,7.067731262349362e-10,0.056640939436419326
5.78125,9678.696805092459,5.7320040776699054e-06,7.435925795444841e-05,7.435925795444841e-05,7.086730351192062e-10,0.057320040776699055
5.7875000000000005,9674.971322215915,5.7984661713497355e-06,7.452728896147809e-05,7.452728896147809e-05,7.105949732833822e-10,0.05798466171349736
5.79375,9671.329749838087,5.863431313464515e-06,7.46935935183132e-05,7.46935935183132e-05,7.125384445534318e-10,0.05863431313464514
5.800000000000001,9667.774835530749,5.926850487715899e-06,7.485819339528128e-05,7.485819339528128e-05,7.145029365085611e-10,0.05926850487715899
5.80625,9664.309328890124,5.988674641693658e-06,7.502111111548874e-05,7.502111111548874e-05,7.164879204692462e-10,0.05988674641693658
5.8125,9660.93597751394,6.048854758636436e-06,7.518236992061253e-05,7.518236992061253e-05,7.184928515090483e-10,0.06048854758636436
5.8187500000000005,9657.657522827772,6.107341931897105e-06,7.534199373824323e-05,7.534199373824323e-05,7.20517168491112e-10,0.06107341931897105
5.825,9654.476695764582,6.16408744201183e-06,7.550000715061073e-05,7.550000715061073e-05,7.225602941302089e-10,0.0616408744201183
5.831250000000001,9651.396212305528,6.2190428362578115e-06,7.565643536454019e-05,7.565643536454019e-05,7.2462163508115e-10,0.06219042836257811
5.8375,9648.418768887865,6.272160010570049e-06,7.581130418250267e-05,7.581130418250267e-05,7.267005820543506e-10,0.06272160010570049
5.84375,9645.54703768932,6.323391293672922e-06,7.596463997463906e-05,7.596463997463906e-05,7.287965099592813e-10,0.06323391293672923
5.8500000000000005,9642.783661796606,6.372689533267729e-06,7.611646965165057e-05,7.611646965165057e-05,7.30908778076486e-10,0.0637268953326773
5.85625,9640.131250269005,6.420008184102759e-06,7.626682063846162e-05,7.626682063846162e-05,7.330367302587917e-10,0.06420008184102759
5.862500000000001,9637.592373106458,6.4653013977379305e-06,7.641572084857305e-05,7.641572084857305e-05,7.351796951622708e-10,0.06465301397737931
5.86875,9635.169556134288,6.508524113801884e-06,7.656319865903396e-05,7.656319865903396e-05,7.373369865074515e-10,0.06508524113801883
5.875,9632.865275816399,6.5496321525253295e-06,7.670928288597075e-05,7.670928288597075e-05,7.395079033711991e-10,0.0654963215252533
5.8812500000000005,9630.681954009655,6.588582308321044e-06,7.685400276061938e-05,7.685400276061938e-05,7.416917305096145e-10,0.06588582308321043
5.8875,9628.621952673117,6.62533244416763e-06,7.699738790581556e-05,7.699738790581556e-05,7.438877387122174e-10,0.0662533244416763
5.893750000000001,9626.687568547117,6.659841586541863e-06,7.713946831290291e-05,7.713946831290291e-05,7.460951851875948e-10,0.06659841586541863
5.9,9624.881027815485,6.69207002063241e-06,7.728027431902535e-05,7.728027431902535e-05,7.483133139806093e-10,0.0669207002063241
5.90625,9623.204480768825,6.721979385556794e-06,7.741983658477438e-05,7.741983658477438e-05,7.505413564211672e-10,0.06721979385556794
5.9125000000000005,9621.659996482864,6.749532769293165e-06,7.755818607216555e-05,7.755818607216555e-05,7.527785316044523e-10,0.06749532769293165
5.91875,9620.249557529896,6.774694803029218e-06,7.76953540229215e-05,7.76953540229215e-05,7.550240469024326e-10,0.06774694803029219
5.925000000000001,9618.97505473989,6.79743175462236e-06,7.783137193704169e-05,7.783137193704169e-05,7.572770985063449e-10,0.0679743175462236
5.93125,9617.838282029077,6.817711620858165e-06,7.796627155164005e-05,7.796627155164005e-05,7.595368719997588e-10,0.06817711620858165
5.9375,9616.84093131362,6.835504218188205e-06,7.810008482003373e-05,7.810008482003373e-05,7.618025429617167e-10,0.06835504218188204
5.9437500000000005,9615.984587526818,6.850781271623848e-06,7.823284389106626e-05,7.823284389106626e-05,7.640732775993375e-10,0.06850781271623849
5.95,9615.270723757982,6.863516501459313e-06,7.836458108864961e-05,7.836458108864961e-05,7.663482334091661e-10,0.06863516501459313
5.956250000000001,9614.700696531047,6.873685707495464e-06,7.849532889150915e-05,7.849532889150915e-05,7.686265598664388e-10,0.06873685707495464
5.9625,9614.27574124234,6.88126685043563e-06,7.862511991311545e-05,7.862511991311545e-05,7.709073991413282e-10,0.0688126685043563
5.96875,9613.996967774616,6.886240130125826e-06,7.875398688178713e-05,7.875398688178713e-05,7.731898868411208e-10,0.06886240130125826
5.9750000000000005,9613.865356306636,6.888588060314731e-06,7.888196262094773e-05,7.888196262094773e-05,7.754731527771751e-10,0.0688858806031473
5.98125,9613.881753335481,6.88829553961316e-06,7.900908002951942e-05,7.900908002951942e-05,7.77756321755399e-10,0.0688829553961316
5.987500000000001,9614.046867929557,6.885349918338895e-06,7.913537206243583e-05,7.913537206243583e-05,7.800385143888832e-10,0.06885349918338896
5.99375,9614.361268229579,6.879741060940609e-06,7.92608717112555e-05,7.92608717112555e-05,7.823188479312263e-10,0.06879741060940608
6.0,9614.82537821394,6.871461403704027e-06,7.938561198485674e-05,7.938561198485674e-05,7.845964371289861e-10,0.06871461403704027
6.0062500000000005,9615.439474744304,6.86050600745466e-06,7.950962589019431e-05,7.950962589019431e-05,7.868703950915996e-10,0.0686050600745466
6.0125,9616.203684907483,6.846872604984315e-06,7.963294641309771e-05,7.963294641309771e-05,7.891398341770238e-10,0.06846872604984315
6.018750000000001,9617.117983666636,6.8305616429429474e-06,7.975560649909027e-05,7.975560649909027e-05,7.914038668912602e-10,0.06830561642942948
6.025,9618.182191837606,6.811576317953715e-06,7.987763903420818e-05,7.987763903420818e-05,7.936616067998515e-10,0.06811576317953714
6.03125,9619.395974400299,6.78992260672645e-06,7.99990768257976e-05,7.99990768257976e-05,7.959121694493584e-10,0.0678992260672645
6.0375000000000005,9620.758839159034,6.765609289964138e-06,8.011995258326873e-05,8.011995258326873e-05,7.981546732967611e-10,0.06765609289964138
6.04375,9622.270135760635,6.73864796987743e-06,8.02402988987845e-05,8.02402988987845e-05,8.003882406446655e-10,0.0673864796987743
6.050000000000001,9623.929055079952,6.709053081144097e-06,8.036014822786229e-05,8.036014822786229e-05,8.026119985801424e-10,0.06709053081144097
6.05625,9625.73462898113,6.676841895173631e-06,8.047953286986672e-05,8.047953286986672e-05,8.048250799149804e-10,0.06676841895173631
6.0625,9627.685730460082,6.642034517561301e-06,8.059848494837161e-05,8.059848494837161e-05,8.070266241250942e-10,0.066420345175613
6.0687500000000005,9629.78107417401,6.604653878641462e-06,8.071703639136946e-05,8.071703639136946e-05,8.092157782868024e-10,0.06604653878641462
6.075,9632.019217361598,6.564725717076099e-06,8.083521891130694e-05,8.083521891130694e-05,8.113916980076653e-10,0.06564725717076099
6.081250000000001,9634.39856115513,6.52227855644161e-06,8.095306398492507e-05,8.095306398492507e-05,8.135535483495625e-10,0.0652227855644161
6.0875,9636.917352285991,6.477343674804469e-06,8.107060283288331e-05,8.107060283288331e-05,8.15700504741686e-10,0.06477343674804469
6.09375,9639.573685182037,6.429955067304685e-06,8.118786639914643e-05,8.118786639914643e-05,8.17831753881131e-10,0.06429955067304685
6.1000000000000005,9642.365504454348,6.3801494017942925e-06,8.130488533011425e-05,8.130488533011425e-05,8.199464946187835e-10,0.06380149401794293
6.10625,9645.290607768691,6.327965967606953e-06,8.14216899534741e-05,8.14216899534741e-05,8.220439388282269e-10,0.06327965967606952
6.112500000000001,9648.346649096624,6.273446617563337e-06,8.153831025675629e-05,8.153831025675629e-05,8.241233122554257e-10,0.06273446617563337
6.11875,9651.531142337792,6.216635703345582e-06,8.16547758655733e-05,8.16547758655733e-05,8.261838553469892e-10,0.06216635703345582
6.125,9654.841465305257,6.157580004402336e-06,8.177111602152411e-05,8.177111602152411e-05,8.282248240548696e-10,0.061575800044023354
6.1312500000000005,9658.274864062598,6.096328650573655e-06,8.188735955974469e-05,8.188735955974469e-05,8.302454906154145e-10,0.06096328650573655
6.1375,9661.828457601192,6.032933038652232e-06,8.200353488608689e-05,8.200353488608689e-05,8.322451443007623e-10,0.06032933038652232
6.143750000000001,9665.499242843269,5.967446743123617e-06,8.211966995390761e-05,8.211966995390761e-05,8.342230921406524e-10,0.059674467431236174
6.15,9669.284099956982,5.899925421353589e-06,8.223579224045134e-05,8.223579224045134e-05,8.36178659612809e-10,0.058999254213535884
6.15625,9673.179797965542,5.830426713514949e-06,8.235192872280843e-05,8.235192872280843e-05,8.381111913001548e-10,0.058304267135149496
6.1625000000000005,9677.1830006342,5.759010137569057e-06,8.246810585343276e-05,8.246810585343276e-05,8.40020051513216e-10,0.057590101375690574
6.16875,9681.2902726153,5.685736979638848e-06,8.25843495352026e-05,8.25843495352026e-05,8.419046248761905e-10,0.05685736979638848
6.175000000000001,9685.498085831556,5.610670180130196e-06,8.270068509600841e-05,8.270068509600841e-05,8.437643168752707e-10,0.05610670180130196
6.18125,9689.80282607674,5.533874215976594e-06,8.281713726285224e-05,8.281713726285224e-05,8.45598554367935e-10,0.05533874215976594
6.1875,9694.200799811677,5.455414979398808e-06,8.293373013544366e-05,8.293373013544366e-05,8.474067860520535e-10,0.05455414979398808
6.1937500000000005,9698.68824113318,5.37535965358565e-06,8.305048715927737e-05,8.305048715927737e-05,8.491884828937881e-10,0.0537535965358565
6.2,9703.261318891318,5.293776585714543e-06,8.316743109817848e-05,8.316743109817848e-05,8.509431385134031e-10,0.05293776585714543
6.206250000000001,9707.916143932633,5.210735157741268e-06,8.328458400630149e-05,8.328458400630149e-05,8.526702695282497e-10,0.052107351577412676
6.2125,9712.64877644302,5.126305655396411e-06,8.340196719957027e-05,8.340196719957027e-05,8.543694158523274e-10,0.051263056553964105
6.21875,9717.45523336713,5.0405591358324015e-06,8.351960122654583e-05,8.351960122654583e-05,8.560401409519769e-10,0.050405591358324016
6.2250000000000005,9722.331495877423,4.953567294368826e-06,8.363750583871084e-05,8.363750583871084e-05,8.576820320574045e-10,0.049535672943688255
6.23125,9727.27351686946,4.865402330785475e-06,8.375569996015916e-05,8.375569996015916e-05,8.592947003298885e-10,0.048654023307854746
6.237500000000001,9732.277228456453,4.776136815611894e-06,8.387420165668037e-05,8.387420165668037e-05,8.608777809846669e-10,0.04776136815611894
6.24375,9737.33854943994,4.685843556859471e-06,8.399302810423013e-05,8.399302810423013e-05,8.624309333696518e-10,0.04685843556859471
6.25,9742.453392730182,4.594595467636884e-06,8.411219555677768e-05,8.411219555677768e-05,8.639538410002651e-10,0.04594595467636884
6.2562500000000005,9747.617672693264,4.502465435082531e-06,8.423171931352362e-05,8.423171931352362e-05,8.654462115508299e-10,0.04502465435082531
6.2625,9752.827312400252,4.409526191038093e-06,8.435161368548223e-05,8.435161368548223e-05,8.669077768030967e-10,0.044095261910380934
6.268750000000001,9758.078250755845,4.315850184875834e-06,8.447189196142311e-05,8.447189196142311e-05,8.683382925526175e-10,0.043158501848758336
6.275,9763.366449483883,4.221509458878795e-06,8.45925663731702e-05,8.45925663731702e-05,8.697375384738126e-10,0.04221509458878795
6.28125,9768.687899948076,4.126575526557537e-06,8.471364806025604e-05,8.471364806025604e-05,8.711053179447066e-10,0.041265755265575375
6.2875000000000005,9774.038629787825,4.031119254269919e-06,8.483514703393232e-05,8.483514703393232e-05,8.72441457832425e-10,0.04031119254269919
6.29375,9779.414709349248,3.935210746491469e-06,8.495707214053921e-05,8.495707214053921e-05,8.737458082406636e-10,0.03935210746491469
6.300000000000001,9784.812257893322,3.8389192350634675e-06,8.507943102423825e-05,8.507943102423825e-05,8.750182422204484e-10,0.03838919235063468
6.30625,9790.227449564027,3.742312972723971e-06,8.520223008911614e-05,8.520223008911614e-05,8.762586554456057e-10,0.03742312972723971
6.3125,9795.6565191002,3.6454591312038687e-06,8.53254744606689e-05,8.53254744606689e-05,8.774669658544554e-10,0.03645459131203869
6.3187500000000005,9801.095767277671,3.5484237041458817e-06,8.544916794667964e-05,8.544916794667964e-05,8.786431132593264e-10,0.03548423704145882
6.325,9806.541566067543,3.451271415079104e-06,8.55733129975049e-05,8.55733129975049e-05,8.797870589255691e-10,0.03451271415079104
6.331250000000001,9811.990363499546,3.3540656306557893e-06,8.56979106657889e-05,8.56979106657889e-05,8.808987851218104e-10,0.03354065630655789
6.3375,9817.438688220549,3.2568682793304813e-06,8.582296056562808e-05,8.582296056562808e-05,8.819782946432538e-10,0.03256868279330481
6.34375,9822.88315373927,3.1597397756344573e-06,8.594846083121174e-05,8.594846083121174e-05,8.8302561030988e-10,0.03159739775634457
6.3500000000000005,9828.320462350277,3.0627389501712527e-06,8.607440807496935e-05,8.607440807496935e-05,8.840407744414442e-10,0.030627389501712527
6.35625,9833.747408731893,2.9659229854314986e-06,8.620079734525858e-05,8.620079734525858e-05,8.850238483111985e-10,0.029659229854314986
6.362500000000001,9839.16088321388,2.869347357498004e-06,8.63276220836328e-05,8.63276220836328e-05,8.859749115802922e-10,0.02869347357498004
6.36875,9844.557874712447,2.773065783684869e-06,8.645487408173217e-05,8.645487408173217e-05,8.868940617148172e-10,0.027730657836848693
6.375,9849.935473331649,2.6771301761276537e-06,8.658254343784627e-05,8.658254343784627e-05,8.877814133874698e-10,0.026771301761276536
6.3812500000000005,9855.290872632017,2.581590601315497e-06,8.671061851320272e-05,8.671061851320272e-05,8.886370978657999e-10,0.02581590601315497
6.3875,9860.621371567515,2.4864952455304847e-06,8.68390858880411e-05,8.68390858880411e-05,8.894612623890043e-10,0.02486495245530485
6.393750000000001,9865.924376095343,2.391890386135042e-06,8.696793031753725e-05,8.696793031753725e-05,8.902540695352032e-10,0.02391890386135042
6.4,9871.197400461955,2.2978203686242993e-06,8.709713468764957e-05,8.709713468764957e-05,8.910156965811108e-10,0.022978203686242992
6.40625,9876.43806817231,2.2043275893379024e-06,8.722667997096496e-05,8.722667997096496e-05,8.917463348559752e-10,0.022043275893379025
6.4125000000000005,9881.644112648737,2.111452483704288e-06,8.735654518262861e-05,8.735654518262861e-05,8.924461890916223e-10,0.021114524837042882
6.41875,9886.813377588067,2.01923351987038e-06,8.748670733644863e-05,8.748670733644863e-05,8.931154767703878e-10,0.0201923351987038
6.425000000000001,9891.943817026146,1.9277071975509864e-06,8.761714140127362e-05,8.761714140127362e-05,8.937544274726676e-10,0.019277071975509864
6.43125,9897.033495119938,1.8369080519149453e-06,8.774782025774878e-05,8.774782025774878e-05,8.943632822257576e-10,0.018369080519149452
6.4375,9902.080585658545,1.7468686623093978e-06,8.787871465556282e-05,8.787871465556282e-05,8.949422928555832e-10,0.01746868662309398
6.4437500000000005,9907.083371314891,1.6576196656094937e-06,8.800979317130632e-05,8.800979317130632e-05,8.954917213428553e-10,0.016576196656094937
6.45,9912.04024265074,1.5691897739683503e-06,8.814102216706961e-05,8.814102216706961e-05,8.960118391851092e-10,0.015691897739683502
6.456250000000001,9916.949696888323,1.4816057967313e-06,8.827236574991595e-05,8.827236574991595e-05,8.965029267660065e-10,0.014816057967313001
6.4625,9921.810336462244,1.3948926662693155e-06,8.840378573237395e-05,8.840378573237395e-05,8.969652727332001e-10,0.013948926662693154
6.46875,9926.620867365897,1.309073467479036e-06,8.853524159410127e-05,8.853524159410127e-05,8.973991733859779e-10,0.01309073467479036
6.4750000000000005,9931.380097306894,1.2241694706910091e-06,8.866669044487932e-05,8.866669044487932e-05,8.978049320738125e-10,0.012241694706910092
6.48125,9936.086933685912,1.1402001677235702e-06,8.879808698910728e-05,8.879808698910728e-05,8.981828586068628e-10,0.011402001677235702
6.487500000000001,9940.74038141443,1.0571833108172466e-06,8.89293834919711e-05,8.89293834919711e-05,8.985332686793798e-10,0.010571833108172467
6.49375,9945.339540585634,9.751349541835124e-07,8.906052974747172e-05,8.906052974747172e-05,8.988564833068838e-10,0.009751349541835123
6.5,9949.883604013852,8.940694979022422e-07,8.919147304850401e-05,8.919147304850401e-05,8.991528282778926e-10,0.008940694979022421
6.5062500000000005,9954.371854657,8.13999733904115e-07,8.932215815918582e-05,8.932215815918582e-05,8.9942263362089e-10,0.008139997339041149
6.5125,9958.803662936785,7.349368937775254e-07,8.945252728964388e-05,8.945252728964388e-05,8.996662330871404e-10,0.0073493689377752535
6.518750000000001,9963.17848397097,6.568906981441448e-07,8.958252007347022e-05,8.958252007347022e-05,8.998839636498699e-10,0.006568906981441448
6.525,9967.495854731998,5.798694073530924e-07,8.971207354806973e-05,8.971207354806973e-05,9.000761650202489e-10,0.005798694073530924
6.53125,9971.75539114469,5.038798732504904e-07,8.984112213812585e-05,8.984112213812585e-05,9.002431791805358e-10,0.005038798732504904
6.5375000000000005,9975.956785137569,4.2892759178923805e-07,8.996959764241695e-05,8.996959764241695e-05,9.003853499346572e-10,0.0042892759178923805
6.54375,9980.099801659311,3.5501675625255303e-07,9.009742922422188e-05,9.009742922422188e-05,9.005030224764295e-10,0.0035501675625255304
6.550000000000001,9984.184275672917,2.821503108745707e-07,9.022454340555777e-05,9.022454340555777e-05,9.005965429755545e-10,0.0028215031087457073
6.55625,9988.210109139882,2.103300046516764e-07,9.035086406549691e-05,9.035086406549691e-05,9.006662581814497e-10,0.002103300046516764
6.5625,9992.177268003508,1.3955644514913697e-07,9.047631244281399e-05,9.047631244281399e-05,9.007125150449137e-10,0.0013955644514913696
6.5687500000000005,9996.085779183739,6.982915211923153e-08,9.060080714321665e-05,9.060080714321665e-05,9.007356603575643e-10,0.0006982915211923153
6.575,9999.93572759168,1.1466107588797465e-09,9.07242641514148e-05,9.07242641514148e-05,9.007360404089282e-10,1.1466107588797465e-05
6.581250000000001,10003.727253173685,-6.649367555296326e-08,9.084659684828498e-05,9.084659684828498e-05,9.007140006610112e-10,-0.0006649367555296326
6.5875,10007.460547992174,-1.3309513318552994e-07,9.096771603338592e-05,9.096771603338592e-05,9.006698854401276e-10,-0.0013309513318552995
6.59375,10011.135853352347,-1.9866206698882956e-07,9.108752995308053e-05,9.108752995308053e-05,9.006040376457217e-10,-0.0019866206698882956
6.6000000000000005,10014.753456980014,-2.631996099509458e-07,9.120594433451726e-05,9.120594433451726e-05,9.00516798475877e-10,-0.002631996099509458
6.60625,10018.313690257666,-3.2671367388978935e-07,9.13228624257206e-05,9.13228624257206e-05,9.004085071691675e-10,-0.0032671367388978933
6.612500000000001,10021.816925524097,-3.892109012767767e-07,9.143818504203575e-05,9.143818504203575e-05,9.002795007624779e-10,-0.0038921090127677672
6.61875,10025.263573442066,-4.5069861827778673e-07,9.155181061916692e-05,9.155181061916692e-05,9.001301138643893e-10,-0.004506986182777868
6.625,10028.654080438306,-5.111847890849311e-07,9.166363527304121e-05,9.166363527304121e-05,8.999606784437012e-10,-0.005111847890849311
6.6312500000000005,10031.988926219743,-5.706779716011724e-07,9.177355286672155e-05,9.177355286672155e-05,8.997715236326421e-10,-0.005706779716011724
6.6375,10035.268621367852,-6.291872745288662e-07,9.188145508458224e-05,9.188145508458224e-05,8.995629755443035e-10,-0.006291872745288663
6.643750000000001,10038.493705014314,-6.867223159026127e-07,9.198723151394889e-05,9.198723151394889e-05,8.99335357103819e-10,-0.006867223159026127
6.65,10041.664742599432,-7.432931830967982e-07,9.209076973439171e-05,9.209076973439171e-05,8.990889878927983e-10,-0.007432931830967981
6.65625,10044.78232371388,-7.989103943286512e-07,9.219195541484606e-05,9.219195541484606e-05,8.988241840065217e-10,-0.007989103943286512
6.6625000000000005,10047.847060025693,-8.535848616686654e-07,9.229067241871835e-05,9.229067241871835e-05,8.985412579233947e-10,-0.008535848616686654
6.66875,10050.859583291158,-9.073278555619171e-07,9.238680291711733e-05,9.238680291711733e-05,8.982405183861632e-10,-0.009073278555619171
6.675000000000001,10053.820543450816,-9.60150970856024e-07,9.248022751033099e-05,9.248022751033099e-05,8.979222702943874e-10,-0.00960150970856024
6.68125,10056.730606808778,-1.0120660943244192e-06,9.257082535764862e-05,9.257082535764862e-05,8.975868146076816e-10,-0.010120660943244191
6.6875,10059.590454295387,-1.0630853736670806e-06,9.265847431560438e-05,9.265847431560438e-05,8.972344482592284e-10,-0.010630853736670807
6.6937500000000005,10062.400779810661,-1.1132211879650959e-06,9.274305108469466e-05,9.274305108469466e-05,8.968654640790859e-10,-0.01113221187965096
6.7,10065.1622886484,-1.1624861195601156e-06,9.282443136459493e-05,9.282443136459493e-05,8.964801507268157e-10,-0.011624861195601155
6.706250000000001,10067.875695997607,-1.2108929273252613e-06,9.290249001787452e-05,9.290249001787452e-05,8.960787926329708e-10,-0.012108929273252612
6.7125,10070.541725520388,-1.2584545212899669e-06,9.297710124217861e-05,9.297710124217861e-05,8.956616699489931e-10,-0.01258454521289967
6.71875,10073.161108002869,-1.3051839385779155e-06,9.30481387508159e-05,9.30481387508159e-05,8.95229058505088e-10,-0.013051839385779156
6.7250000000000005,10075.734580077886,-1.3510943206142963e-06,9.311547596165806e-05,9.311547596165806e-05,8.947812297756526e-10,-0.013510943206142963
6.73125,10078.262883015588,-1.3961988915564106e-06,9.317898619422427e-05,9.317898619422427e-05,8.943184508518535e-10,-0.013961988915564107
6.737500000000001,10080.746761580565,-1.4405109378997595e-06,9.323854287478873e-05,9.323854287478873e-05,8.938409844209649e-10,-0.014405109378997595
6.74375,10083.186962951682,-1.4840437892105258e-06,9.329401974931364e-05,9.329401974931364e-05,8.933490887520922e-10,-0.014840437892105257
6.75,10085.584235702407,-1.5268107999344584e-06,9.33452911039727e-05,9.33452911039727e-05,8.928430176879253e-10,-0.015268107999344584
6.7562500000000005,10087.939328838516,-1.5688253322317386e-06,9.339223199299293e-05,9.339223199299293e-05,8.923230206421824e-10,-0.015688253322317387
6.7625,10090.252990890913,-1.610100739787339e-06,9.343471847350319e-05,9.343471847350319e-05,8.917893426024181e-10,-0.01610100739787339
6.768750000000001,10092.525969059654,-1.650650352546723e-06,9.347262784703887e-05,9.347262784703887e-05,8.912422241378929e-10,-0.01650650352546723
6.775,10094.759008407698,-1.6904874623272755e-06,9.350583890731244e-05,9.350583890731244e-05,8.906819014122106e-10,-0.016904874623272757
6.78125,10096.95285110036,-1.7296253092568144e-06,9.353423219381882e-05,9.353423219381882e-05,8.901086062004509e-10,-0.017296253092568145
6.7875000000000005,10099.108235689298,-1.7680770689915722e-06,9.355769025080508e-05,9.355769025080508e-05,8.895225659105394e-10,-0.017680770689915724
6.79375,10101.225896436672,-1.8058558406675048e-06,9.357609789109257e-05,9.357609789109257e-05,8.889240036086107e-10,-0.018058558406675047
6.800000000000001,10103.306562678683,-1.842974635540191e-06,9.35893424642008e-05,9.35893424642008e-05,8.883131380481364e-10,-0.01842974635540191
6.80625,10105.350958224943,-1.8794463662703424e-06,9.359731412818168e-05,9.359731412818168e-05,8.876901837026053e-10,-0.018794463662703424
6.8125,10107.359800791499,-1.9152838368137233e-06,9.359990612453474e-05,9.359990612453474e-05,8.870553508015547e-10,-0.019152838368137234
6.8187500000000005,10109.333801466164,-1.9504997328761337e-06,9.35970150555352e-05,9.35970150555352e-05,8.864088453697644e-10,-0.019504997328761337
6.825,10111.273664202714,-1.985106612896124e-06,9.358854116327081e-05,9.358854116327081e-05,8.857508692694407e-10,-0.01985106612896124
6.831250000000001,10113.180085343347,-2.0191168995200463e-06,9.357438860964661e-05,9.357438860964661e-05,8.850816202452255e-10,-0.020191168995200463
6.8375,10115.05375316634,-2.0525428715361274e-06,9.355446575658471e-05,9.355446575658471e-05,8.84401291971879e-10,-0.020525428715361276
6.84375,10116.895347457972,-2.0853966562362253e-06,9.352868544561219e-05,9.352868544561219e-05,8.837100741044938e-10,-0.020853966562362252
6.8500000000000005,10118.705539106593,-2.1176902221759554e-06,9.34969652760022e-05,9.34969652760022e-05,8.830081523311096e-10,-0.021176902221759553
6.85625,10120.48498971781,-2.149435372305817e-06,9.345922788060435e-05,9.345922788060435e-05,8.822957084276035e-10,-0.02149435372305817
6.862500000000001,10122.234351248597,-2.180643737447914e-06,9.341540119847693e-05,9.341540119847693e-05,8.815729203147435e-10,-0.02180643737447914
6.86875,10123.954265659948,-2.2113267700946735e-06,9.336541874340997e-05,9.336541874340997e-05,8.808399621172966e-10,-0.022113267700946734
6.875,10125.645364585664,-2.241495738507832e-06,9.330921986741069e-05,9.330921986741069e-05,8.800970042250937e-10,-0.02241495738507832
6.8812500000000005,10127.30826901789,-2.271161721097551e-06,9.32467500182059e-05,9.32467500182059e-05,8.793442133559565e-10,-0.02271161721097551
6.8875,10128.9435890061,-2.3003356010633124e-06,9.317796098980476e-05,9.317796098980476e-05,8.785817526204017e-10,-0.023003356010633125
6.893750000000001,10130.551923370878,-2.3290280612796336e-06,9.310281116515607e-05,9.310281116515607e-05,8.778097815880402e-10,-0.023290280612796338
6.9,10132.133859429901,-2.3572495794111972e-06,9.302126574993047e-05,9.302126574993047e-05,8.770284563555945e-10,-0.023572495794111973
6.90625,10133.68997273615,-2.3850104232432868e-06,9.293329699645698e-05,9.293329699645698e-05,8.762379296164651e-10,-0.02385010423243287
6.9125000000000005,10135.22082682755,-2.41232064621469e-06,9.283888441684737e-05,9.283888441684737e-05,8.75438350731777e-10,-0.024123206462146902
6.91875,10136.726972987388,-2.4391900831413973e-06,9.273801498435029e-05,9.273801498435029e-05,8.746298658028431e-10,-0.024391900831413973
6.925000000000001,10138.20895001457,-2.4656283461204878e-06,9.263068332198939e-05,9.263068332198939e-05,8.738126177449864e-10,-0.024656283461204877
6.93125,10139.66728400367,-2.491644820604576e-06,9.251689187755771e-05,9.251689187755771e-05,8.729867463626625e-10,-0.02491644820604576
6.9375,10141.102488133729,-2.517248661638093e-06,9.239665108406218e-05,9.239665108406218e-05,8.721523884258295e-10,-0.02517248661638093
6.9437500000000005,10142.515062466291,-2.5424487902474155e-06,9.226997950473923e-05,9.226997950473923e-05,8.713096777475154e-10,-0.025424487902474157
6.95,10143.905493750972,-2.567253889977701e-06,9.21369039617943e-05,9.21369039617943e-05,8.704587452625322e-10,-0.025672538899777008
6.956250000000001,10145.27425523921,-2.5916724035698224e-06,9.199745964805396e-05,9.199745964805396e-05,8.695997191072924e-10,-0.025916724035698224
6.9625,10146.621806505722,-2.615712529771411e-06,9.185169022076147e-05,9.185169022076147e-05,8.687327247006818e-10,-0.02615712529771411
6.96875,10147.948593276744,-2.6393822202765876e-06,9.169964787679131e-05,9.169964787679131e-05,8.678578848259471e-10,-0.026393822202765874
6.9750000000000005,10149.255047265546,-2.6626891767893132e-06,9.154139340860994e-05,9.154139340860994e-05,8.669753197135565e-10,-0.02662689176789313
6.98125,10150.541586014428,-2.685640848205794e-06,9.137699624036425e-05,9.137699624036425e-05,8.66085147124995e-10,-0.02685640848205794
6.987500000000001,10151.808612743156,-2.708244427911653e-06,9.120653444353859e-05,9.120653444353859e-05,8.651874824374542e-10,-0.027082444279116533
6.99375,10153.056516203967,-2.7305068511899077e-06,9.103009473168524e-05,9.103009473168524e-05,8.642824387293826e-10,-0.027305068511899077
7.0,10154.28567054177,-2.752434792736127e-06,9.084777243379998e-05,9.084777243379998e-05,8.633701268668588e-10,-0.02752434792736127
7.0062500000000005,10155.496435161254,-2.7740346642772534e-06,9.065967144598605e-05,9.065967144598605e-05,8.62450655590754e-10,-0.027740346642772532
7.0125,10156.689154598478,-2.795312612290929e-06,9.046590416112396e-05,9.046590416112396e-05,8.615241316046506e-10,-0.02795312612290929
7.018750000000001,10157.864158399021,-2.8162745158222174e-06,9.026659137634272e-05,9.026659137634272e-05,8.605906596634846e-10,-0.028162745158222174
7.025,10159.021761000453,-2.836925984394908e-06,9.006186217816814e-05,9.006186217816814e-05,8.596503426628799e-10,-0.02836925984394908
7.03125,10160.162261620771,-2.857272356014611e-06,8.985185380530714e-05,8.985185380530714e-05,8.587032817291448e-10,-0.02857272356014611
7.0375000000000005,10161.285944151137,-2.8773186952611273e-06,8.96367114891117e-05,8.96367114891117e-05,8.577495763099008e-10,-0.028773186952611274
7.04375,10162.393077054045,-2.897069791467574e-06,8.941658827185321e-05,8.941658827185321e-05,8.567893242653145e-10,-0.02897069791467574
7.050000000000001,10163.483913265927,-2.9165301569839898e-06,8.919164480302508e-05,8.919164480302508e-05,8.558226219599059e-10,-0.0291653015698399
7.05625,10164.558690104335,-2.9357040255231858e-06,8.896204911398162e-05,8.896204911398162e-05,8.548495643549039e-10,-0.029357040255231857
7.0625,10165.617629179867,-2.954595350586777e-06,8.872797637130831e-05,8.872797637130831e-05,8.538702451011247e-10,-0.029545953505867768
7.0687500000000005,10166.660936312208,-2.9732078039694404e-06,8.848960860940964e-05,8.848960860940964e-05,8.528847566323449e-10,-0.029732078039694406
7.075,10167.688801450646,-2.991544774339569e-06,8.824713444288739e-05,8.824713444288739e-05,8.518931902591455e-10,-0.029915447743395687
7.081250000000001,10168.701398598652,-3.0096093658946425e-06,8.800074875937064e-05,8.800074875937064e-05,8.508956362632018e-10,-0.030096093658946426
7.0875,10169.698885742586,-3.0274043970897683e-06,8.775065239354372e-05,8.775065239354372e-05,8.498921839919943e-10,-0.030274043970897682
7.09375,10170.68140478455,-3.044932399437992e-06,8.749705178320264e-05,8.749705178320264e-05,8.488829219539174e-10,-0.03044932399437992
7.1000000000000005,10171.64908147893,-3.062195616381149e-06,8.724015860825122e-05,8.724015860825122e-05,8.478679379137629e-10,-0.03062195616381149
7.10625,10172.602025373233,-3.0791960022301763e-06,8.698018941362646e-05,8.698018941362646e-05,8.468473189885538e-10,-0.030791960022301765
7.112500000000001,10173.540329752264,-3.0959352211740306e-06,8.671736521721719e-05,8.671736521721719e-05,8.458211517437071e-10,-0.030959352211740305
7.11875,10174.464071586659,-3.112414646356474e-06,8.645191110391064e-05,8.645191110391064e-05,8.447895222895026e-10,-0.031124146463564737
7.125,10175.3733114846,-3.1286353590202767e-06,8.61840558069683e-05,8.61840558069683e-05,8.437525163778355e-10,-0.031286353590202765
7.1312500000000005,10176.268093647828,-3.144598147718537e-06,8.591403127799318e-05,8.591403127799318e-05,8.4271021949923e-10,-0.031445981477185365
7.1375,10177.148445831197,-3.160303507593051e-06,8.564207224680723e-05,8.564207224680723e-05,8.416627169800924e-10,-0.03160303507593051
7.143750000000001,10178.014379305896,-3.175751639719953e-06,8.536841577260843e-05,8.536841577260843e-05,8.406100940801813e-10,-0.03175751639719953
7.15,10178.86588882647,-3.190942450523054e-06,8.509330078782162e-05,8.509330078782162e-05,8.395524360902716e-10,-0.031909424505230544
7.15625,10179.702952602089,-3.2058755512555215e-06,8.481696763609566e-05,8.481696763609566e-05,8.384898284299904e-10,-0.032058755512555215
7.1625000000000005,10180.525532271116,-3.220550257550958e-06,8.453965760593144e-05,8.453965760593144e-05,8.374223567458031e-10,-0.03220550257550958
7.16875,10181.333572879947,-3.2349655890450668e-06,8.426161246145068e-05,8.426161246145068e-05,8.363501070091223e-10,-0.03234965589045067
7.175000000000001,10182.12700286591,-3.2491202690694784e-06,8.398307397183368e-05,8.398307397183368e-05,8.352731656145208e-10,-0.03249120269069478
7.18125,10182.905734044123,-3.26301272441961e-06,8.370428344096525e-05,8.370428344096525e-05,8.3419161947802e-10,-0.032630127244196096
7.1875,10183.669661599011,-3.276641085198703e-06,8.342548123883213e-05,8.342548123883213e-05,8.331055561354302e-10,-0.032766410851987025
7.1937500000000005,10184.418664079696,-3.290003184740579e-06,8.314690633621183e-05,8.314690633621183e-05,8.320150638407167e-10,-0.03290003184740579
7.2,10185.152603400405,-3.3030965596139596e-06,8.286879584418223e-05,8.286879584418223e-05,8.30920231664365e-10,-0.0330309655961396
7.206250000000001,10185.871324845308,-3.31591844971153e-06,8.25913845599632e-05,8.25913845599632e-05,8.298211495917153e-10,-0.0331591844971153
7.2125,10186.574657078749,-3.3284657984273148e-06,8.231490452057638e-05,8.231490452057638e-05,8.287179086212393e-10,-0.033284657984273144
7.21875,10187.262412160047,-3.3407352529263157e-06,8.203958456577687e-05,8.203958456577687e-05,8.276106008627269e-10,-0.033407352529263155
7.2250000000000005,10187.93438556408,-3.352723164510707e-06,8.176564991167136e-05,8.176564991167136e-05,8.264993196353519e-10,-0.03352723164510707
7.23125,10188.59035620784,-3.3644255890872633e-06,8.149332173639116e-05,8.149332173639116e-05,8.253841595655825e-10,-0.03364425589087263
7.237500000000001,10189.230086481968,-3.3758382877411754e-06,8.12228167791358e-05,8.12228167791358e-05,8.242652166849024e-10,-0.03375838287741176
7.24375,10189.85332228978,-3.3869567274216972e-06,8.095434695384406e-05,8.095434695384406e-05,8.23142588527303e-10,-0.03386956727421697
7.25,10190.459793091964,-3.397776081745556e-06,8.068811897868492e-05,8.068811897868492e-05,8.220163742265113e-10,-0.033977760817455564
7.2562500000000005,10191.049211958654,-3.408291231924479e-06,8.042433402248982e-05,8.042433402248982e-05,8.208866746129085e-10,-0.03408291231924479
7.2625,10191.62127562882,-3.4184967678235403e-06,8.016318736917277e-05,8.016318736917277e-05,8.197535923100996e-10,-0.0341849676782354
7.268750000000001,10192.175664577246,-3.428386989157563e-06,7.990486810110444e-05,7.990486810110444e-05,8.186172318310847e-10,-0.034283869891575634
7.275,10192.7120430898,-3.4379559068331538e-06,7.964955880232152e-05,7.964955880232152e-05,8.174776996739869e-10,-0.03437955906833154
7.28125,10193.230059347177,-3.4471972444444585e-06,7.939743528236493e-05,7.939743528236493e-05,8.163351044172833e-10,-0.03447197244444458
7.2875000000000005,10193.729345518052,-3.456104439931067e-06,7.914866632144857e-05,7.914866632144857e-05,8.151895568144876e-10,-0.03456104439931067
7.29375,10194.209517861473,-3.4646706474070772e-06,7.890341343756588e-05,7.890341343756588e-05,8.140411698882253e-10,-0.034646706474070775
7.300000000000001,10194.670176839365,-3.4728887391706277e-06,7.866183067604534e-05,7.866183067604534e-05,8.128900590236438e-10,-0.03472888739170628
7.30625,10195.110907240072,-3.4807513079037146e-06,7.842406442196773e-05,7.842406442196773e-05,8.117363420610925e-10,-0.03480751307903714
7.3125,10195.531278312868,-3.4882506690725422e-06,7.819025323575869e-05,7.819025323575869e-05,8.105801393880083e-10,-0.03488250669072542
7.3187500000000005,10195.930843914153,-3.495378863539072e-06,7.796052771217057e-05,7.796052771217057e-05,8.094215740299342e-10,-0.03495378863539072
7.325,10196.309142666616,-3.5021276603948396e-06,7.773501036276788e-05,7.773501036276788e-05,8.082607717406001e-10,-0.035021276603948395
7.331250000000001,10196.665698130852,-3.508488560028574e-06,7.751381552193143e-05,7.751381552193143e-05,8.070978610909853e-10,-0.03508488560028574
7.3375,10197.000018991277,-3.514452797439501e-06,7.729704927629893e-05,7.729704927629893e-05,8.059329735572839e-10,-0.03514452797439501
7.34375,10197.311599256356,-3.520011345808618e-06,7.708480941746304e-05,7.708480941746304e-05,8.047662436076863e-10,-0.03520011345808618
7.3500000000000005,10197.59991847386,-3.5251549203406463e-06,7.687718541765449e-05,7.687718541765449e-05,8.035978087878866e-10,-0.035251549203406465
7.35625,10197.864441962098,-3.529873982389668e-06,7.667425842804678e-05,7.667425842804678e-05,8.024278098052233e-10,-0.035298739823896676
7.362500000000001,10198.104621057964,-3.5341587438818125e-06,7.647610129923069e-05,7.647610129923069e-05,8.012563906113537e-10,-0.03534158743881812
7.36875,10198.319893382097,-3.537999172048705e-06,7.628277862332335e-05,7.628277862332335e-05,8.000836984833593e-10,-0.03537999172048705
7.375,10198.509683122615,-3.5413849944856303e-06,7.609434679709596e-05,7.609434679709596e-05,7.989098841031751e-10,-0.0354138499448563
7.3812500000000005,10198.673401337379,-3.5443057045486843e-06,7.591085410542904e-05,7.591085410542904e-05,7.977351016352292e-10,-0.035443057045486843
7.3875,10198.8104462766,-3.546750567105362e-06,7.573234082433373e-05,7.573234082433373e-05,7.965595088021773e-10,-0.03546750567105362
7.393750000000001,10198.92020372576,-3.548708624653284e-06,7.55588393427117e-05,7.55588393427117e-05,7.953832669586081e-10,-0.03548708624653284
7.4,10199.002047369831,-3.550168703821918e-06,7.53903743019667e-05,7.53903743019667e-05,7.942065411625947e-10,-0.03550168703821918
7.40625,10199.055339180428,-3.551119422272218e-06,7.522696275252642e-05,7.522696275252642e-05,7.930295002449578e-10,-0.03551119422272218
7.4125000000000005,10199.079429825328,-3.551549196009277e-06,7.506861432628546e-05,7.506861432628546e-05,7.918523168761066e-10,-0.03551549196009277
7.41875,10199.073659102594,-3.5514462471230647e-06,7.49153314239373e-05,7.49153314239373e-05,7.906751676303127e-10,-0.03551446247123065
7.425000000000001,10199.037356399353,-3.550798611972291e-06,7.476710941612793e-05,7.476710941612793e-05,7.89498233047272e-10,-0.03550798611972291
7.43125,10198.969841176024,-3.5495941498264434e-06,7.462393685733403e-05,7.462393685733403e-05,7.883216976908022e-10,-0.03549594149826443
7.4375,10198.87042347731,-3.5478205519808322e-06,7.448579571134469e-05,7.448579571134469e-05,7.871457502045184e-10,-0.03547820551980832
7.4437500000000005,10198.738404470678,-3.545465351359337e-06,7.435266158720955e-05,7.435266158720955e-05,7.859705833643271e-10,-0.03545465351359337
7.45,10198.573077012526,-3.5425159326193117e-06,7.42245039845045e-05,7.42245039845045e-05,7.847963941275694e-10,-0.03542515932619312
7.456250000000001,10198.373726243657,-3.538959542772743e-06,7.410128654676228e-05,7.410128654676228e-05,7.836233836786446e-10,-0.03538959542772743
7.4625,10198.139630214366,-3.534783302337399e-06,7.398296732191598e-05,7.398296732191598e-05,7.824517574709379e-10,-0.035347833023373985
7.46875,10197.870060539864,-3.5299742170312462e-06,7.386949902861145e-05,7.386949902861145e-05,7.812817252648708e-10,-0.03529974217031246
7.4750000000000005,10197.564283087098,-3.5245191900228346e-06,7.376082932725684e-05,7.376082932725684e-05,7.801135011618924e-10,-0.035245191900228345
7.48125,10197.221558693172,-3.5184050347497867e-06,7.365690109469616e-05,7.365690109469616e-05,7.78947303634221e-10,-0.035184050347497865
7.487500000000001,10196.841143916483,-3.5116184883167523e-06,7.355765270141737e-05,7.355765270141737e-05,7.777833555501449e-10,-0.03511618488316752
7.49375,10196.42229182059,-3.5041462254834706e-06,7.346301829023326e-05,7.346301829023326e-05,7.766218841946877e-10,-0.035041462254834704
7.5,10195.964252792231,-3.4959748732526304e-06,7.337292805540698e-05,7.337292805540698e-05,7.754631212854371e-10,-0.0349597487325263
7.5062500000000005,10195.466275392791,-3.4870910260663103e-06,7.328730852123047e-05,7.328730852123047e-05,7.743073029833373e-10,-0.0348709102606631
7.5125,10194.92760724504,-3.4774812616186257e-06,7.320608281910531e-05,7.320608281910531e-05,7.731546698982405e-10,-0.03477481261618626
7.518750000000001,10194.34749595417,-3.4671321572911594e-06,7.312917096221972e-05,7.312917096221972e-05,7.720054670890106e-10,-0.03467132157291159
7.525,10193.725190064279,-3.4560303072163656e-06,7.305649011696291e-05,7.305649011696291e-05,7.708599440579705e-10,-0.03456030307216366
7.53125,10193.0599400504,-3.444162339972875e-06,7.298795487026807e-05,7.298795487026807e-05,7.697183547394851e-10,-0.03444162339972875
7.5375000000000005,10192.350999345748,-3.4315149369150777e-06,7.292347749212762e-05,7.292347749212762e-05,7.685809574824683e-10,-0.034315149369150776
7.54375,10191.59762540507,-3.4180748511378655e-06,7.286296819257877e-05,7.286296819257877e-05,7.674480150266045e-10,-0.03418074851137865
7.550000000000001,10190.799080802944,-3.4038289270756904e-06,7.280633537251308e-05,7.280633537251308e-05,7.663197944720729e-10,-0.0340382892707569
7.55625,10189.954634367981,-3.3887641207333564e-06,7.27534858677205e-05,7.27534858677205e-05,7.651965672425672e-10,-0.03388764120733356
7.5625,10189.063562352045,-3.3728675205440487e-06,7.270432518563612e-05,7.270432518563612e-05,7.640786090414013e-10,-0.033728675205440484
7.5687500000000005,10188.125149634025,-3.356126368848211e-06,7.265875773431557e-05,7.265875773431557e-05,7.629661998004959e-10,-0.03356126368848211
7.575,10187.138690958354,-3.3385280839846777e-06,7.26166870432226e-05,7.26166870432226e-05,7.618596236220424e-10,-0.03338528083984678
7.581250000000001,10186.10349220684,-3.3200602829834284e-06,7.257801597547051e-05,7.257801597547051e-05,7.60759168712646e-10,-0.03320060282983429
7.5875,10185.018871703987,-3.3007108048469514e-06,7.254264693121452e-05,7.254264693121452e-05,7.596651273097508e-10,-0.03300710804846951
7.59375,10183.884161553822,-3.2804677344049485e-06,7.251048204194924e-05,7.251048204194924e-05,7.585777956001595e-10,-0.03280467734404949
7.6000000000000005,10182.698709008346,-3.259319426724565e-06,7.248142335551835e-05,7.248142335551835e-05,7.574974736304611e-10,-0.03259319426724565
7.60625,10181.461877865833,-3.2372545320558992e-06,7.245537301169695e-05,7.245537301169695e-05,7.564244652091907e-10,-0.03237254532055899
7.612500000000001,10180.173049897836,-3.214262021289822e-06,7.243223340825742e-05,7.243223340825742e-05,7.55359077800551e-10,-0.032142620212898224
7.61875,10178.83162630345,-3.1903312119025907e-06,7.241190735747858e-05,7.241190735747858e-05,7.543016224095351e-10,-0.03190331211902591
7.625,10177.437029189461,-3.1654517943588623e-06,7.239429823310366e-05,7.239429823310366e-05,7.532524134582959e-10,-0.031654517943588624
7.6312500000000005,10175.988703074063,-3.1396138589420053e-06,7.237931010779694e-05,7.237931010779694e-05,7.522117686536247e-10,-0.03139613858942005
7.6375,10174.486116413094,-3.1128079229777016e-06,7.236684788118984e-05,7.236684788118984e-05,7.51180008845405e-10,-0.031128079229777016
7.643750000000001,10172.928763145843,-3.085024958413934e-06,7.235681739864531e-05,7.235681739864531e-05,7.501574578759249e-10,-0.030850249584139337
7.65,10171.31616425884,-3.0562564197175316e-06,7.234912556090554e-05,7.234912556090554e-05,7.491444424199433e-10,-0.030562564197175315
7.65625,10169.647869364926,-3.026494272044497e-06,7.23436804248199e-05,7.23436804248199e-05,7.481412918154192e-10,-0.03026494272044497
7.6625000000000005,10167.923458295061,-2.9957310196383257e-06,7.234039129538e-05,7.234039129538e-05,7.471483378848268e-10,-0.029957310196383258
7.66875,10166.142542700392,-2.9639597344076034e-06,7.233916880931501e-05,7.233916880931501e-05,7.461659147470001e-10,-0.029639597344076035
7.675000000000001,10164.304767660851,-2.9311740846312005e-06,7.233992501052427e-05,7.233992501052427e-05,7.451943586194621e-10,-0.029311740846312006
7.68125,10162.409813298931,-2.8973683637363627e-06,7.23425734176442e-05,7.23425734176442e-05,7.442340076112152e-10,-0.028973683637363627
7.6875,10160.457396393116,-2.862537519092231e-06,7.234702908406468e-05,7.234702908406468e-05,7.432852015059881e-10,-0.028625375190922307
7.6937500000000005,10158.44727198968,-2.8266771807583158e-06,7.235320865072427e-05,7.235320865072427e-05,7.42348281535954e-10,-0.028266771807583156
7.7,10156.37923500801,-2.789783690124768e-06,7.236103039202542e-05,7.236103039202542e-05,7.414235901459552e-10,-0.02789783690124768
7.706250000000001,10154.253121836153,-2.751854128378513e-06,7.237041425522068e-05,7.237041425522068e-05,7.40511470748293e-10,-0.02751854128378513
7.7125,10152.06881191311,-2.7128863447266915e-06,7.2381281893626e-05,7.2381281893626e-05,7.396122674681628e-10,-0.027128863447266914
7.71875,10149.826229293029,-2.672878984306368e-06,7.239355669402297e-05,7.239355669402297e-05,7.387263248798374e-10,-0.026728789843063677
7.7250000000000005,10147.525344188125,-2.6318315157070184e-06,7.240716379861165e-05,7.240716379861165e-05,7.378539877337295e-10,-0.026318315157070185
7.73125,10145.166174485294,-2.5897442580301237e-06,7.242203012187649e-05,7.242203012187649e-05,7.369956006744833e-10,-0.025897442580301237
7.737500000000001,10142.7487872329,-2.546618407407977e-06,7.243808436272415e-05,7.243808436272415e-05,7.361515079502773e-10,-0.02546618407407977
7.74375,10140.273300092265,-2.502456062902037e-06,7.245525701224833e-05,7.245525701224833e-05,7.353220531135432e-10,-0.02502456062902037
7.75,10137.739882750078,-2.4572602516992927e-06,7.247348035746929e-05,7.247348035746929e-05,7.345075787133323e-10,-0.024572602516992927
7.7562500000000005,10135.148758286798,-2.4110349535236e-06,7.249268848138898e-05,7.249268848138898e-05,7.337084259795912e-10,-0.024110349535236
7.7625,10132.500204496224,-2.3637851241776812e-06,7.251281725969236e-05,7.251281725969236e-05,7.329249344996347e-10,-0.023637851241776812
7.768750000000001,10129.794555151584,-2.315516718130306e-06,7.253380435441553e-05,7.253380435441553e-05,7.321574418871311e-10,-0.023155167181303057
7.775,10127.032201213484,-2.266236710062401e-06,7.255558920488922e-05,7.255558920488922e-05,7.314062834439473e-10,-0.02266236710062401
7.78125,10124.213591974136,-2.2159531152852645e-06,7.257811301625367e-05,7.257811301625367e-05,7.30671791815224e-10,-0.022159531152852643
7.7875000000000005,10121.339236134028,-2.164675008943738e-06,7.260131874582741e-05,7.260131874582741e-05,7.299542966380885e-10,-0.02164675008943738
7.79375,10118.409702805115,-2.1124125439172174e-06,7.262515108759886e-05,7.262515108759886e-05,7.292541241844319e-10,-0.021124125439172175
7.800000000000001,10115.425622436778,-2.059176967331675e-06,7.264955645509416e-05,7.264955645509416e-05,7.285715969982147e-10,-0.02059176967331675
7.80625,10112.387687658167,-2.0049806355965645e-06,7.267448296286109e-05,7.267448296286109e-05,7.279070335277875e-10,-0.020049806355965646
7.8125,10109.296654034053,-1.949837027881319e-06,7.269988040679264e-05,7.269988040679264e-05,7.272607477537452e-10,-0.01949837027881319
7.8187500000000005,10106.153340727922,-1.893760757947564e-06,7.272570024349954e-05,7.272570024349954e-05,7.266330488128594e-10,-0.01893760757947564
7.825,10102.958631068415,-1.836767584254756e-06,7.27518955689255e-05,7.27518955689255e-05,7.260242406186609e-10,-0.01836767584254756
7.831250000000001,10099.713473014483,-1.778874418259008e-06,7.277842109638396e-05,7.277842109638396e-05,7.254346214792718e-10,-0.01778874418259008
7.8375,10096.418879515108,-1.7200993308271645e-06,7.280523313418048e-05,7.280523313418048e-05,7.248644837131113e-10,-0.017200993308271646
7.84375,10093.075928758692,-1.660461556691018e-06,7.283228956297063e-05,7.283228956297063e-05,7.243141132631258e-10,-0.01660461556691018
7.8500000000000005,10089.685764309177,-1.5999814968695784e-06,7.285954981298883e-05,7.285954981298883e-05,7.237837893102151e-10,-0.015999814968695784
7.85625,10086.24959512371,-1.5386807189908788e-06,7.288697484127038e-05,7.288697484127038e-05,7.232737838865529e-10,-0.015386807189908787
7.862500000000001,10082.76869544959,-1.4765819554485747e-06,7.291452710897553e-05,7.291452710897553e-05,7.227843614895175e-10,-0.014765819554485747
7.86875,10079.244404596151,-1.4137090993328683e-06,7.294217055891245e-05,7.294217055891245e-05,7.223157786969721e-10,-0.014137090993328683
7.875,10075.67812657863,-1.3500871980799046e-06,7.296987059334345e-05,7.296987059334345e-05,7.218682837846493e-10,-0.013500871980799046
7.8812500000000005,10072.07132963155,-1.285742444788686e-06,7.299759405214829e-05,7.299759405214829e-05,7.214421163464136e-10,-0.01285742444788686
7.8875,10068.425545588716,-1.2207021671599202e-06,7.302530919140704e-05,7.302530919140704e-05,7.210375069181912e-10,-0.012207021671599202
7.893750000000001,10064.74236912764,-1.1549948140168386e-06,7.305298566245602e-05,7.305298566245602e-05,7.206546766063662e-10,-0.011549948140168386
7.9,10061.023456876452,-1.088649939374055e-06,7.308059449146011e-05,7.308059449146011e-05,7.202938367214585e-10,-0.010886499393740551
7.90625,10057.27052638196,-1.0216981840268072e-06,7.31081080595371e-05,7.31081080595371e-05,7.199551884179032e-10,-0.010216981840268072
7.9125000000000005,10053.485354937491,-9.541712546395599e-07,7.313550008346143e-05,7.313550008346143e-05,7.196389223407615e-10,-0.009541712546395598
7.91875,10049.669778269781,-8.861019003198643e-07,7.31627455969676e-05,7.31627455969676e-05,7.193452182801966e-10,-0.008861019003198642
7.925000000000001,10045.82568908434,-8.175238866705385e-07,7.318982093266715e-05,7.318982093266715e-05,7.190742448345497e-10,-0.008175238866705386
7.93125,10041.955035469813,-7.484719673206187e-07,7.321670370458691e-05,7.321670370458691e-05,7.188261590828526e-10,-0.007484719673206187
7.9375,10038.059819161275,-6.7898185294322e-07,7.324337279133162e-05,7.324337279133162e-05,7.186011062676095e-10,-0.0067898185294322
7.9437500000000005,10034.14209366352,-6.090901777762612e-07,7.326980831986856e-05,7.326980831986856e-05,7.183992194886753e-10,-0.006090901777762612
7.95,10030.203962235684,-5.388344636700103e-07,7.329599164992832e-05,7.329599164992832e-05,7.182206194090512e-10,-0.005388344636700103
7.956250000000001,10026.247575739311,-4.6825308169354383e-07,7.33219053590118e-05,7.33219053590118e-05,7.180654139734057e-10,-0.004682530816935438
7.9625,10022.275130351607,-3.973852113405005e-07,7.334753322799102e-05,7.334753322799102e-05,7.179336981401172e-10,-0.003973852113405005
7.96875,10018.288865146818,-3.2627079738281787e-07,7.337286022728781e-05,7.337286022728781e-05,7.178255536276177e-10,-0.003262707973828179
7.9750000000000005,10014.29105954914,-2.549505044295162e-07,7.33978725036132e-05,7.33978725036132e-05,7.177410486757978e-10,-0.002549505044295162
7.98125,10010.284030660583,-1.8346566925599212e-07,7.342255736724764e-05,7.342255736724764e-05,7.176802378232138e-10,-0.0018346566925599211
7.987500000000001,10006.27013046791,-1.1185825097763415e-07,7.344690327984133e-05,7.344690327984133e-05,7.176431617008085e-10,-0.0011185825097763415
7.99375,10002.251742933451,-4.017077914986768e-08,7.347089984271212e-05,7.347089984271212e-05,7.176298468428354e-10,-0.0004017077914986768
8.0,9998.231280974884,3.1553700115087183e-08,7.349453778561815e-05,7.349453778561815e-05,7.17640305515643e-10,0.00031553700115087184
8.00625,9994.211183338803,1.0327167991634831e-07,7.351780895598149e-05,7.351780895598149e-05,7.176745355649431e-10,0.0010327167991634831
8.012500000000001,9990.193911375523,1.749392501112389e-07,7.354070630853834e-05,7.354070630853834e-05,7.177325202821537e-10,0.0017493925011123888
8.01875,9986.181945719456,2.465121565269191e-07,7.35632238953914e-05,7.35632238953914e-05,7.178142282903686e-10,0.002465121565269191
8.025,9982.177782883886,3.1794586171556224e-07,7.358535685643983e-05,7.358535685643983e-05,7.179196134504635e-10,0.0031794586171556226
8.03125,9978.183931775964,3.891956071246488e-07,7.360710141016209e-05,7.360710141016209e-05,7.1804861478781e-10,0.003891956071246488
8.0375,9974.202910140002,4.602164765471965e-07,7.362845484472725e-05,7.362845484472725e-05,7.182011564400195e-10,0.004602164765471965
8.043750000000001,9970.23724093714,5.309634607103473e-07,7.364941550941038e-05,7.364941550941038e-05,7.183771476260964e-10,0.005309634607103473
8.05,9966.289448669097,6.013915228547024e-07,7.366998280628777e-05,7.366998280628777e-05,7.18576482637327e-10,0.006013915228547024
8.05625,9962.362055655587,6.714556651512747e-07,7.369015718218843e-05,7.369015718218843e-05,7.187990408501838e-10,0.006714556651512747
8.0625,9958.457578272817,7.411109957977372e-07,7.370994012087788e-05,7.370994012087788e-05,7.190446867614684e-10,0.007411109957977372
8.06875,9954.57852316406,8.103127966311965e-07,7.37293341354514e-05,7.37293341354514e-05,7.193132700458654e-10,0.008103127966311964
8.075000000000001,9950.72738342952,8.790165910904898e-07,7.374834276091314e-05,7.374834276091314e-05,7.196046256360227e-10,0.008790165910904897
8.08125,9946.906634807176,9.471782123576868e-07,7.376697054691887e-05,7.376697054691887e-05,7.199185738252181e-10,0.009471782123576869
8.0875,9943.118731852486,1.0147538715054035e-06,7.378522305065919e-05,7.378522305065919e-05,7.202549203926135e-10,0.010147538715054034
8.09375,9939.366104128201,1.0817002254743633e-06,7.380310682986131e-05,7.380310682986131e-05,7.206134567510404e-10,0.010817002254743633
8.1,9935.651152413258,1.147974444703897e-06,7.382062943588646e-05,7.382062943588646e-05,7.209939601172024e-10,0.01147974444703897
8.106250000000001,9931.976244941294,1.213534280237072e-06,7.383779940690107e-05,7.383779940690107e-05,7.213961937041202e-10,0.01213534280237072
8.1125,9928.343713678583,1.2783381301218075e-06,7.385462626109927e-05,7.385462626109927e-05,7.21819906935585e-10,0.012783381301218075
8.11875,9924.755850651356,1.342345104929596e-06,7.38711204899541e-05,7.38711204899541e-05,7.222648356823296e-10,0.013423451049295959
8.125,9921.214904332777,1.4055150922145228e-06,7.388729355147514e-05,7.388729355147514e-05,7.227307025195632e-10,0.014055150922145227
8.13125,9917.723076098819,1.4678088197368802e-06,7.390315786344969e-05,7.390315786344969e-05,7.232172170054638e-10,0.014678088197368802
8.137500000000001,9914.282516763347,1.5291879172781205e-06,7.391872679664437e-05,7.391872679664437e-05,7.237240759801588e-10,0.015291879172781206
8.14375,9910.895323201572,1.5896149768768977e-06,7.393401466794381e-05,7.393401466794381e-05,7.242509638846707e-10,0.015896149768768977
8.15,9907.563535071542,1.6490536113197418e-06,7.394903673340262e-05,7.394903673340262e-05,7.247975530992509e-10,0.016490536113197417
8.15625,9904.289131642228,1.7074685107242677e-06,7.396380918118635e-05,7.396380918118635e-05,7.253635043004676e-10,0.017074685107242676
8.1625,9901.074028737641,1.7648254970579539e-06,7.397834912437663e-05,7.397834912437663e-05,7.259484668363648e-10,0.01764825497057954
8.168750000000001,9897.920075804981,1.8210915764412012e-06,7.399267459361502e-05,7.399267459361502e-05,7.265520791189569e-10,0.01821091576441201
8.175,9894.829053115192,1.876234989089739e-06,7.400680452955964e-05,7.400680452955964e-05,7.271739690332779e-10,0.01876234989089739
8.18125,9891.802669103441,1.9302252567583807e-06,7.40207587751279e-05,7.40207587751279e-05,7.278137543621551e-10,0.019302252567583805
8.1875,9888.842557857246,1.983033227555672e-06,7.403455806749768e-05,7.403455806749768e-05,7.284710432258377e-10,0.019830332275556722
8.19375,9885.950276758413,2.0346311180069817e-06,7.404822402983897e-05,7.404822402983897e-05,7.29145434535567e-10,0.020346311180069816
8.200000000000001,9883.127304285985,2.084992552252202e-06,7.406177916274693e-05,7.406177916274693e-05,7.298365184601393e-10,0.02084992552252202
8.20625,9880.375037985597,2.13409259827328e-06,7.407524683534654e-05,7.407524683534654e-05,7.305438769044764e-10,0.0213409259827328
8.2125,9877.694792610491,2.1819078010562147e-06,7.408865127603813e-05,7.408865127603813e-05,7.312670839991876e-10,0.021819078010562147
8.21875,9875.087798439306,2.2284162126021194e-06,7.410201756285258e-05,7.410201756285258e-05,7.320057066000799e-10,0.022284162126021193
8.225,9872.555199774646,2.2735974187121276e-06,7.411537161338333e-05,7.411537161338333e-05,7.327593047965454e-10,0.022735974187121276
8.231250000000001,9870.09805362622,2.3174325624814897e-06,7.412874017426242e-05,7.412874017426242e-05,7.335274324277359e-10,0.023174325624814897
8.2375,9867.717328581266,2.3599043644489857e-06,7.414215081014638e-05,7.414215081014638e-05,7.343096376054173e-10,0.023599043644489857
8.24375,9865.413903865008,2.4009971393588246e-06,7.41556318921767e-05,7.41556318921767e-05,7.351054632423782e-10,0.024009971393588247
8.25,9863.18856859287,2.4406968095033594e-06,7.416921258587954e-05,7.416921258587954e-05,7.359144475852627e-10,0.024406968095033593
8.25625,9861.042021215115,2.47899091462622e-06,7.41829228384676e-05,7.41829228384676e-05,7.367361247506839e-10,0.024789909146262203
8.262500000000001,9858.974869155316,2.515868618376869e-06,7.419679336550727e-05,7.419679336550727e-05,7.375700252634786e-10,0.025158686183768687
8.26875,9856.987628641498,2.5513207113188684e-06,7.421085563691223e-05,7.421085563691223e-05,7.384156765959576e-10,0.025513207113188684
8.275,9855.08072473015,2.5853396105055253e-06,7.422514186222497e-05,7.422514186222497e-05,7.392726037070163e-10,0.025853396105055253
8.28125,9853.254491520664,2.6179193556477455e-06,7.423968497514685e-05,7.423968497514685e-05,7.401403295799748e-10,0.026179193556477454
8.2875,9851.509172559612,2.649055601910061e-06,7.425451861727572e-05,7.425451861727572e-05,7.410183757580299e-10,0.026490556019100612
8.293750000000001,9849.844921430677,2.6787456093815808e-06,7.426967712101121e-05,7.426967712101121e-05,7.419062628762177e-10,0.026787456093815807
8.3,9848.261802527999,2.7069882292793155e-06,7.428519549158559e-05,7.428519549158559e-05,7.428035111888031e-10,0.027069882292793154
8.30625,9846.759792008983,2.7337838869516163e-06,7.430110938817906e-05,7.430110938817906e-05,7.437096410910353e-10,0.027337838869516164
8.3125,9845.33877892201,2.759134561759474e-06,7.431745510407706e-05,7.431745510407706e-05,7.446241736342351e-10,0.027591345617594742
8.31875,9843.998566504417,2.783043763923021e-06,7.43342695458274e-05,7.43342695458274e-05,7.45546631033208e-10,0.02783043763923021
8.325000000000001,9842.738873644706,2.8055165084297217e-06,7.435159021135466e-05,7.435159021135466e-05,7.464765371650087e-10,0.028055165084297215
8.33125,9841.559336504339,2.826559286109535e-06,7.43694551669893e-05,7.43694551669893e-05,7.474134180581184e-10,0.02826559286109535
8.3375,9840.459510291272,2.846180031990429e-06,7.438790302336911e-05,7.438790302336911e-05,7.483568023711332e-10,0.02846180031990429
8.34375,9839.438871179498,2.864388091055355e-06,7.44069729101705e-05,7.44069729101705e-05,7.493062218601028e-10,0.02864388091055355
8.35,9838.496818366948,2.881194181528888e-06,7.44267044496277e-05,7.44267044496277e-05,7.502612118337001e-10,0.02881194181528888
8.356250000000001,9837.63267626436,2.8966103558282135e-06,7.444713772879845e-05,7.444713772879845e-05,7.512213115954476e-10,0.028966103558282136
8.3625,9836.845696807313,2.910649959319061e-06,7.446831327053493e-05,7.446831327053493e-05,7.521860648722733e-10,0.02910649959319061
8.36875,9836.13506188282,2.9233275870223653e-06,7.449027200311999e-05,7.449027200311999e-05,7.531550202287169e-10,0.029233275870223653
8.375,9835.499885862655,2.934659038422101e-06,7.451305522852918e-05,7.451305522852918e-05,7.541277314661569e-10,0.02934659038422101
8.38125,9834.939218234287,2.9446612705285764e-06,7.453670458928056e-05,7.453670458928056e-05,7.551037580064795e-10,0.029446612705285764
8.387500000000001,9834.45204632091,2.9533523493547355e-06,7.456126203383511e-05,7.456126203383511e-05,7.560826652596648e-10,0.029533523493547355
8.39375,9834.037298081286,2.9607513999655825e-06,7.458676978051253e-05,7.458676978051253e-05,7.570640249748164e-10,0.029607513999655825
8.4,9833.693844980839,2.9668785552626583e-06,7.46132702798884e-05,7.46132702798884e-05,7.580474155742148e-10,0.029668785552626583
8.40625,9833.420504923733,2.971754903666686e-06,7.464080617564081e-05,7.464080617564081e-05,7.590324224700306e-10,0.02971754903666686
8.4125,9833.216045238787,2.9754024358620483e-06,7.466942026381682e-05,7.466942026381682e-05,7.600186383633855e-10,0.02975402435862048
8.418750000000001,9833.07918570751,2.977843990766461e-06,7.469915545049061e-05,7.469915545049061e-05,7.610056635255042e-10,0.029778439907664607
8.425,9833.008601627367,2.979103200888497e-06,7.473005470778913e-05,7.473005470778913e-05,7.619931060607555e-10,0.02979103200888497
8.43125,9833.002926899855,2.979204437234029e-06,7.476216102826224e-05,7.476216102826224e-05,7.629805821514317e-10,0.02979204437234029
8.4375,9833.060757135168,2.9781727539206273e-06,7.479551737757858e-05,7.479551737757858e-05,7.639677162841702e-10,0.029781727539206274
8.44375,9833.180652764473,2.976033832656201e-06,7.483016664553107e-05,7.483016664553107e-05,7.649541414579727e-10,0.02976033832656201
8.450000000000001,9833.361142150889,2.9728139272348657e-06,7.48661515953397e-05,7.48661515953397e-05,7.659394993738259e-10,0.029728139272348658
8.45625,9833.600724691843,2.9685398081992777e-06,7.490351481124269e-05,7.490351481124269e-05,7.669234406059822e-10,0.029685398081992775
8.4625,9833.897873903039,2.963238707814184e-06,7.494229864437198e-05,7.494229864437198e-05,7.679056247549993e-10,0.02963238707814184
8.46875,9834.251040477946,2.9569382654912395e-06,7.498254515691217e-05,7.498254515691217e-05,7.688857205826925e-10,0.029569382654912397
8.475,9834.658655314157,2.949666473799766e-06,7.502429606454764e-05,7.502429606454764e-05,7.698634061291905e-10,0.029496664737997662
8.481250000000001,9835.119132499425,2.9414516251924246e-06,7.506759267720686e-05,7.506759267720686e-05,7.708383688123338e-10,0.029414516251924247
8.4875,9835.630872250884,2.9323222595687337e-06,7.511247583811828e-05,7.511247583811828e-05,7.718103055096926e-10,0.029323222595687336
8.49375,9836.19226380136,2.9223071127929507e-06,7.515898586119726e-05,7.515898586119726e-05,7.727789226235202e-10,0.029223071127929507
8.5,9836.801688224976,2.911435066276015e-06,7.520716246678976e-05,7.520716246678976e-05,7.737439361289959e-10,0.029114350662760153
8.50625,9837.457521198046,2.8997350977243975e-06,7.525704471580369e-05,7.525704471580369e-05,7.747050716061422e-10,0.028997350977243975
8.512500000000001,9838.158135689155,2.88723623315144e-06,7.530867094226556e-05,7.530867094226556e-05,7.756620642558371e-10,0.028872362331514398
8.51875,9838.901904573355,2.873967500239394e-06,7.536207868434624e-05,7.536207868434624e-05,7.766146589003663e-10,0.028739675002393942
8.525,9839.687203166059,2.859957883132895e-06,7.541730461390645e-05,7.541730461390645e-05,7.775626099689934e-10,0.02859957883132895
8.53125,9840.512411673002,2.8452362787369627e-06,7.547438446461917e-05,7.547438446461917e-05,7.785056814690432e-10,0.028452362787369626
8.5375,9841.375917551519,2.8298314545849994e-06,7.553335295873385e-05,7.553335295873385e-05,7.794436469430207e-10,0.028298314545849995
8.543750000000001,9842.276117781477,2.813772008334593e-06,7.559424373255394e-05,7.559424373255394e-05,7.803762894123049e-10,0.02813772008334593
8.55,9843.211421041138,2.797086328941204e-06,7.565708926070745e-05,7.565708926070745e-05,7.81303401307973e-10,0.02797086328941204
8.55625,9844.180249787492,2.779802559552358e-06,7.572192077929739e-05,7.572192077929739e-05,7.822247843893257e-10,0.02779802559552358
8.5625,9845.181042237602,2.7619485621573456e-06,7.578876820802695e-05,7.578876820802695e-05,7.831402496506959e-10,0.027619485621573455
8.56875,9846.212254250202,2.7435518840201486e-06,7.585766007140269e-05,7.585766007140269e-05,7.840496172171308e-10,0.027435518840201487
8.575000000000001,9847.2723611062,2.7246397259160523e-06,7.592862341912623e-05,7.592862341912623e-05,7.849527162295458e-10,0.02724639725916052
8.58125,9848.359859187303,2.7052389121854575e-06,7.6001683745794e-05,7.6001683745794e-05,7.858493847199533e-10,0.027052389121854575
8.5875,9849.47326755237,2.685375862611509e-06,7.607686491003223e-05,7.607686491003223e-05,7.867394694773692e-10,0.026853758626115092
8.59375,9850.611129411534,2.66507656612172e-06,7.61541890532031e-05,7.61541890532031e-05,7.876228259050033e-10,0.0266507656612172
8.6,9851.772013498474,2.6443665563073894e-06,7.623367651782574e-05,7.623367651782574e-05,7.884993178693351e-10,0.026443665563073895
8.606250000000001,9852.954515341358,2.6232708887486795e-06,7.631534576586466e-05,7.631534576586466e-05,7.893688175416743e-10,0.026232708887486796
8.6125,9854.157258433808,2.6018141201274973e-06,7.639921329704571e-05,7.639921329704571e-05,7.902312052327973e-10,0.026018141201274974
8.61875,9855.378895306665,2.5800202891049708e-06,7.648529356736849e-05,7.648529356736849e-05,7.910863692212465e-10,0.025800202891049707
8.625,9856.618108502704,2.5579128989352663e-06,7.657359890799141e-05,7.657359890799141e-05,7.919342055758661e-10,0.025579128989352662
8.63125,9857.873611455416,2.5355149017828235e-06,7.666413944467404e-05,7.666413944467404e-05,7.927746179731395e-10,0.025355149017828236
8.637500000000001,9859.144149275136,2.512848684705774e-06,7.675692301796846e-05,7.675692301796846e-05,7.936075175098823e-10,0.02512848684705774
8.64375,9860.428499443204,2.489936057264294e-06,7.685195510435911e-05,7.685195510435911e-05,7.944328225118256e-10,0.024899360572642942
8.65,9861.725472418391,2.4667982407091222e-06,7.694923873855734e-05,7.694923873855734e-05,7.952504583386183e-10,0.024667982407091223
8.65625,9863.033912156732,2.4434558587021443e-06,7.704877443716405e-05,7.704877443716405e-05,7.960603571857518e-10,0.024434558587021444
8.6625,9864.352696548869,2.4199289295182128e-06,7.715056012391964e-05,7.715056012391964e-05,7.968624578839012e-10,0.024199289295182128
8.668750000000001,9865.680737776896,2.3962368596747244e-06,7.725459105676672e-05,7.725459105676672e-05,7.976567056961536e-10,0.023962368596747243
8.675,9867.016982594936,2.3723984389335154e-06,7.736085975695684e-05,7.736085975695684e-05,7.984430521135815e-10,0.023723984389335154
8.68125,9868.360412535112,2.348431836617657e-06,7.746935594043662e-05,7.746935594043662e-05,7.99221454649594e-10,0.02348431836617657
8.6875,9869.710044043923,2.3243545991844803e-06,7.7580066451754e-05,7.7580066451754e-05,7.99991876633484e-10,0.0232435459918448
8.69375,9871.064928551083,2.3001836489949376e-06,7.769297520072859e-05,7.769297520072859e-05,8.007542870035678e-10,0.023001836489949377
8.700000000000001,9872.4241524749,2.2759352842186787e-06,7.780806310213343e-05,7.780806310213343e-05,8.015086601002925e-10,0.022759352842186786
8.70625,9873.786837167383,2.2516251798137494e-06,7.792530801863804e-05,7.792530801863804e-05,8.022549754596691e-10,0.022516251798137495
8.7125,9875.152138802414,2.2272683895196283e-06,7.804468470726442e-05,7.804468470726442e-05,8.029932176073652e-10,0.022272683895196283
8.71875,9876.519248210718,2.202879348802469e-06,7.81661647696084e-05,7.81661647696084e-05,8.037233758537749e-10,0.02202879348802469
8.725,9877.88739066486,2.178471878691758e-06,7.828971660607935e-05,7.828971660607935e-05,8.044454440903595e-10,0.02178471878691758
8.731250000000001,9879.255825617569,2.1540591904482475e-06,7.841530537441045e-05,7.841530537441045e-05,8.05159420587536e-10,0.021540591904482476
8.7375,9880.623846396697,2.1296538910038534e-06,7.854289295268966e-05,7.854289295268966e-05,8.058653077943684e-10,0.021296538910038534
8.74375,9881.990779860302,2.1052679891153136e-06,7.867243790716024e-05,7.867243790716024e-05,8.065631121402989e-10,0.021052679891153135
8.75,9883.35598601511,2.080912902174683e-06,7.880389546503483e-05,7.880389546503483e-05,8.072528438391362e-10,0.02080912902174683
8.75625,9884.718857600825,2.0565994636211045e-06,7.893721749256406e-05,7.893721749256406e-05,8.079345166955008e-10,0.020565994636211046
8.762500000000001,9886.078819643912,2.032337930899994e-06,7.907235247859426e-05,7.907235247859426e-05,8.08608147913908e-10,0.02032337930899994
8.76875,9887.435328984062,2.008137993917501e-06,7.920924552384272e-05,7.920924552384272e-05,8.092737579106537e-10,0.02008137993917501
8.775,9888.787873774862,1.9840087839399196e-06,7.934783833611194e-05,7.934783833611194e-05,8.099313701286495e-10,0.019840087839399195
8.78125,9890.135972963257,1.9599588828897852e-06,7.948806923165506e-05,7.948806923165506e-05,8.105810108553392e-10,0.01959958882889785
8.7875,9891.479175748136,1.9359963329923495e-06,7.962987314289534e-05,7.962987314289534e-05,8.112227090438132e-10,0.019359963329923496
8.793750000000001,9892.81706102311,1.9121286467284024e-06,7.977318163269209e-05,7.977318163269209e-05,8.118564961372208e-10,0.019121286467284025
8.8,9894.149236803392,1.888362817051435e-06,7.991792291533335e-05,7.991792291533335e-05,8.124824058965696e-10,0.01888362817051435
8.80625,9895.475339640652,1.8647053278294977e-06,8.006402188442287e-05,8.006402188442287e-05,8.131004742319866e-10,0.018647053278294978
8.8125,9896.795034027038,1.8411621644742641e-06,8.021140014781509e-05,8.021140014781509e-05,8.13710739037501e-10,0.01841162164474264
8.81875,9898.108011791159,1.8177388247221703e-06,8.035997606973663e-05,8.035997606973663e-05,8.143132400294012e-10,0.018177388247221704
8.825000000000001,9899.413991486746,1.794440329534646e-06,8.050966482021716e-05,8.050966482021716e-05,8.149080185882053e-10,0.01794440329534646
8.83125,9900.71271777678,1.7712712340867899e-06,8.066037843193496e-05,8.066037843193496e-05,8.154951176042725e-10,0.0177127123408679
8.8375,9902.00396081444,1.7482356388160603e-06,8.081202586456483e-05,8.081202586456483e-05,8.160745813270782e-10,0.017482356388160602
8.84375,9903.287515621452,1.7253372005046322e-06,8.096451307669672e-05,8.096451307669672e-05,8.166464552181611e-10,0.017253372005046324
8.85,9904.563201466708,1.7025791433713734e-06,8.111774310537421e-05,8.111774310537421e-05,8.172107858077477e-10,0.017025791433713734
8.856250000000001,9905.830861244933,1.6799642701513167e-06,8.127161615328004e-05,8.127161615328004e-05,8.177676205550484e-10,0.016799642701513167
8.8625,9907.090360857717,1.657494973142657e-06,8.14260296835755e-05,8.14260296835755e-05,8.183170077122165e-10,0.01657494973142657
8.86875,9908.34158859686,1.6351732452031626e-06,8.158087852237764e-05,8.158087852237764e-05,8.188589961919499e-10,0.016351732452031625
8.875,9909.584454531865,1.613000690679842e-06,8.173605496883476e-05,8.173605496883476e-05,8.193936354387178e-10,0.01613000690679842
8.88125,9910.818889901904,1.5909785362574795e-06,8.189144891273833e-05,8.189144891273833e-05,8.199209753035819e-10,0.015909785362574796
8.887500000000001,9912.04484651273,1.569107641713351e-06,8.204694795958375e-05,8.204694795958375e-05,8.204410659225821e-10,0.01569107641713351
8.89375,9913.26229614003,1.5473885105671477e-06,8.220243756296876e-05,8.220243756296876e-05,8.209539575986534e-10,0.015473885105671477
8.9,9914.4712299385,1.5258213006165795e-06,8.235780116419294e-05,8.235780116419294e-05,8.214597006870339e-10,0.015258213006165795
8.90625,9915.67165785835,1.5044058343506947e-06,8.251292033889648e-05,8.251292033889648e-05,8.219583454841242e-10,0.015044058343506946
8.9125,9916.863608068892,1.4831416092342632e-06,8.266767495055077e-05,8.266767495055077e-05,8.224499421197567e-10,0.014831416092342632
8.918750000000001,9918.047126389336,1.4620278078578607e-06,8.282194331058778e-05,8.282194331058778e-05,8.229345404528285e-10,0.014620278078578608
8.925,9919.222275727876,1.44106330794952e-06,8.297560234492975e-05,8.297560234492975e-05,8.23412189970252e-10,0.0144106330794952
8.93125,9920.389135528054,1.4202466922448647e-06,8.312852776665503e-05,8.312852776665503e-05,8.238829396891789e-10,0.014202466922448647
8.9375,9921.547801224111,1.3995762582137625e-06,8.328059425451071e-05,8.328059425451071e-05,8.243468380624464e-10,0.013995762582137625
8.94375,9922.698383703248,1.3790500276423277e-06,8.343167563695767e-05,8.343167563695767e-05,8.248039328872001e-10,0.013790500276423277
8.950000000000001,9923.841008776975,1.3586657560701022e-06,8.358164508140916e-05,8.358164508140916e-05,8.252542712166453e-10,0.013586657560701022
8.95625,9924.975816660257,1.3384209420829528e-06,8.373037528830022e-05,8.373037528830022e-05,8.256978992748776e-10,0.013384209420829529
8.9625,9926.10296145845,1.3183128364629058e-06,8.387773868960175e-05,8.387773868960175e-05,8.26134862374747e-10,0.013183128364629057
8.96875,9927.222610662306,1.2983384511968227e-06,8.402360765137065e-05,8.402360765137065e-05,8.265652048387079e-10,0.012983384511968227
8.975,9928.334944651062,1.278494568346373e-06,8.416785467990588e-05,8.416785467990588e-05,8.269889699226084e-10,0.01278494568346373
8.981250000000001,9929.44015620248,1.2587777487822e-06,8.431035263105947e-05,8.431035263105947e-05,8.274061997423759e-10,0.012587777487822001
8.9875,9930.538450010898,1.2391843407856964e-06,8.445097492223251e-05,8.445097492223251e-05,8.278169352035523e-10,0.012391843407856965
8.99375,9931.630042212275,1.219710488522136e-06,8.45895957465673e-05,8.45895957465673e-05,8.282212159336391e-10,0.01219710488522136
9.0,9932.715159916113,1.2003521403892256e-06,8.47260902888307e-05,8.47260902888307e-05,8.286190802172082e-10,0.012003521403892256
9.00625,9933.794040744378,1.1811050572454594e-06,8.48603349424674e-05,8.48603349424674e-05,8.29010564933742e-10,0.011811050572454594
9.012500000000001,9934.866932376468,1.1619648205228365e-06,8.499220752728888e-05,8.499220752728888e-05,8.293957054981601e-10,0.011619648205228365
9.01875,9935.93409210112,1.1429268402287614e-06,8.512158750725084e-05,8.512158750725084e-05,8.297745358040003e-10,0.011429268402287614
9.025,9936.995786373267,1.123986362841998e-06,8.524835620776173e-05,8.524835620776173e-05,8.30147088169216e-10,0.01123986362841998
9.03125,9938.05229037767,1.10513847910779e-06,8.537239703195622e-05,8.537239703195622e-05,8.305133932845568e-10,0.0110513847910779
9.0375,9939.103887596693,1.0863781317372012e-06,8.549359567536075e-05,8.549359567536075e-05,8.308734801645026e-10,0.010863781317372012
9.043750000000001,9940.150869384455,1.067700123015941e-06,8.561184033837318e-05,8.561184033837318e-05,8.312273761007174e-10,0.01067700123015941
9.05,9941.193534544596,1.049099122327835e-06,8.572702193597595e-05,8.572702193597595e-05,8.315751066179993e-10,0.01049099122327835
9.05625,9942.232188913289,1.0305696735982015e-06,8.583903430410158e-05,8.583903430410158e-05,8.319166954326961e-10,0.010305696735982015
9.0625,9943.267144946205,1.0121062026623409e-06,8.594777440207008e-05,8.594777440207008e-05,8.322521644135634e-10,0.010121062026623408
9.06875,9944.298721309231,9.937030245643383e-07,8.605314251052208e-05,8.605314251052208e-05,8.325815335450423e-10,0.009937030245643384
9.075000000000001,9945.327242473126,9.753543507913408e-07,8.615504242427681e-05,8.615504242427681e-05,8.329048208929349e-10,0.009753543507913407
9.08125,9946.353038311297,9.570542964483967e-07,8.625338163955185e-05,8.625338163955185e-05,8.332220425724579e-10,0.009570542964483968
9.0875,9947.37644370065,9.387968873789037e-07,8.634807153499213e-05,8.634807153499213e-05,8.335332127186559e-10,0.009387968873789038
9.09375,9948.39779812514,9.205760672356221e-07,8.643902754596744e-05,8.643902754596744e-05,8.338383434591591e-10,0.009205760672356221
9.1,9949.417445282035,9.023857045071549e-07,8.652616933161232e-05,8.652616933161232e-05,8.341374448892698e-10,0.009023857045071549
9.106250000000001,9950.435732690297,8.842195995046831e-07,8.660942093409923e-05,8.660942093409923e-05,8.344305250493641e-10,0.00884219599504683
9.1125,9951.453011300764,8.660714913136561e-07,8.668871092965409e-05,8.668871092965409e-05,8.347175899045986e-10,0.008660714913136561
9.11875,9952.46963510827,8.479350647150596e-07,8.676397257084417e-05,8.676397257084417e-05,8.349986433269107e-10,0.008479350647150595
9.125,9953.485960765282,8.29803957080782e-07,8.683514391969157e-05,8.683514391969157e-05,8.352736870793047e-10,0.00829803957080782
9.13125,9954.50234719625,8.116717652474493e-07,8.690216797118986e-05,8.690216797118986e-05,8.355427208024161e-10,0.008116717652474494
9.137500000000001,9955.519155213502,7.935320523730694e-07,8.696499276682792e-05,8.696499276682792e-05,8.358057420033482e-10,0.007935320523730695
9.14375,9956.536747133674,7.753783547806778e-07,8.702357149775405e-05,8.702357149775405e-05,8.360627460467782e-10,0.0077537835478067784
9.15,9957.555486394394,7.572041887930301e-07,8.707786259724252e-05,8.707786259724252e-05,8.363137261483274e-10,0.007572041887930301
9.15625,9958.575737171659,7.390030575623648e-07,8.712782982215734e-05,8.712782982215734e-05,8.365586733701962e-10,0.007390030575623647
9.1625,9959.59786399678,7.207684578990319e-07,8.717344232314017e-05,8.717344232314017e-05,8.367975766190614e-10,0.007207684578990318
9.168750000000001,9960.62223137386,7.024938871027853e-07,8.7214674703284e-05,8.7214674703284e-05,8.370304226462391e-10,0.007024938871027854
9.175,9961.649203396102,6.841728498002846e-07,8.72515070650899e-05,8.72515070650899e-05,8.37257196050113e-10,0.006841728498002846
9.18125,9962.679143362322,6.657988647923501e-07,8.728392504554023e-05,8.728392504554023e-05,8.374778792808322e-10,0.006657988647923501
9.1875,9963.712413392259,6.473654719142833e-07,8.731191983915935e-05,8.731191983915935e-05,8.376924526472837e-10,0.006473654719142833
9.19375,9964.74937404093,6.288662389124788e-07,8.733548820897112e-05,8.733548820897112e-05,8.379008943263435e-10,0.006288662389124788
9.200000000000001,9965.790383912563,6.102947683404448e-07,8.735463248530072e-05,8.735463248530072e-05,8.381031803744136e-10,0.006102947683404448
9.20625,9966.835799272194,5.916447044770869e-07,8.736936055240786e-05,8.736936055240786e-05,8.382992847412521e-10,0.005916447044770869
9.2125,9967.885973657074,5.729097402701224e-07,8.737968582297743e-05,8.737968582297743e-05,8.38489179286105e-10,0.005729097402701225
9.21875,9968.941257485303,5.540836243071422e-07,8.738562720053315e-05,8.738562720053315e-05,8.386728337961481e-10,0.005540836243071422
9.225,9970.001997663903,5.351601678168575e-07,8.738720902987897e-05,8.738720902987897e-05,8.388502160072501e-10,0.005351601678168575
9.231250000000001,9971.068537194167,5.161332517027171e-07,8.73844610357119e-05,8.73844610357119e-05,8.390212916270664e-10,0.005161332517027171
9.2375,9972.14121477582,4.969968336110367e-07,8.737741824958843e-05,8.737741824958843e-05,8.391860243604763e-10,0.004969968336110367
9.24375,9973.220364408395,4.777449550354512e-07,8.736612092546455e-05,8.736612092546455e-05,8.393443759373747e-10,0.004777449550354512
9.25,9974.30631499115,4.5837174845941615e-07,8.735061444406661e-05,8.735061444406661e-05,8.394963061428309e-10,0.004583717484594162
9.25625,9975.399389920372,4.388714445381564e-07,8.733094920638602e-05,8.733094920638602e-05,8.396417728496288e-10,0.004388714445381564
9.262500000000001,9976.49990668459,4.1923837932129604e-07,8.730718051662587e-05,8.730718051662587e-05,8.397807320531999e-10,0.004192383793212961
9.26875,9977.608176457277,3.9946700151710095e-07,8.727936845496144e-05,8.727936845496144e-05,8.399131379089653e-10,0.00399467001517101
9.275,9978.724503687346,3.795518797990592e-07,8.724757774050856e-05,8.724757774050856e-05,8.400389427720988e-10,0.003795518797990592
9.28125,9979.84918568731,3.5948771015519597e-07,8.721187758492432e-05,8.721187758492432e-05,8.401580972397256e-10,0.0035948771015519598
9.2875,9980.982512218625,3.392693232802444e-07,8.717234153709399e-05,8.717234153709399e-05,8.402705501955725e-10,0.0033926932328024444
9.293750000000001,9982.124765075176,3.1889169201051323e-07,8.712904731938479e-05,8.712904731938479e-05,8.403762488570809e-10,0.0031889169201051322
9.3,9983.276217664168,2.983499388009372e-07,8.708207665597229e-05,8.708207665597229e-05,8.404751388249994e-10,0.002983499388009372
9.30625,9984.437134584463,2.776393432434382e-07,8.70315150937684e-05,8.70315150937684e-05,8.405671641354673e-10,0.002776393432434382
9.3125,9985.607771203195,2.5675534962545595e-07,8.697745181650083e-05,8.697745181650083e-05,8.406522673146045e-10,0.0025675534962545593
9.31875,9986.788373229592,2.3569357452699845e-07,8.691997945251269e-05,8.691997945251269e-05,8.407303894356186e-10,0.0023569357452699843
9.325000000000001,9987.97917628741,2.1444981445433418e-07,8.685919387686654e-05,8.685919387686654e-05,8.408014701784428e-10,0.002144498144543342
9.33125,9989.180405484889,1.9302005350788275e-07,8.679519400835238e-05,8.679519400835238e-05,8.408654478919148e-10,0.0019302005350788276
9.3375,9990.392274983204,1.7140047108156215e-07,8.672808160200932e-05,8.672808160200932e-05,8.409222596585087e-10,0.0017140047108156215
9.34375,9991.614987563446,1.4958744959034302e-07,8.665796103778052e-05,8.665796103778052e-05,8.40971841361627e-10,0.0014958744959034302
9.35,9992.848734191828,1.2757758222231547e-07,8.658493910592728e-05,8.658493910592728e-05,8.410141277554631e-10,0.0012757758222231546
9.356250000000001,9994.093693584293,1.0536768071112982e-07,8.650912478983189e-05,8.650912478983189e-05,8.41049052537439e-10,0.001053676807111298
9.3625,9995.350031769749,8.29547831241502e-08,8.643062904682115e-05,8.643062904682115e-05,8.41076548423226e-10,0.000829547831241502
9.36875,9996.61790165294,6.03361616611609e-08,8.634956458764052e-05,8.634956458764052e-05,8.410965472243486e-10,0.0006033616166116091
9.375,9997.897442577154,3.750933045797353e-08,8.626604565520594e-05,8.626604565520594e-05,8.411089799283757e-10,0.0003750933045797353
9.38125,9999.188779886746,1.4472053388723931e-08,8.61801878032546e-05,8.61801878032546e-05,8.411137767816986e-10,0.0001447205338872393
9.387500000000001,10000.492024490331,-8.777648139895751e-09,8.609210767550729e-05,8.609210767550729e-05,8.411108673748912e-10,-8.777648139895752e-05
9.39375,10001.80727242455,-3.224148740979176e-08,8.600192278594463e-05,8.600192278594463e-05,8.411001807306491e-10,-0.00032241487409791756
9.4,10003.13460441966,-5.5920904635850915e-08,8.590975130078631e-05,8.590975130078631e-05,8.410816453943001e-10,-0.0005592090463585091
9.40625,10004.47408546619,-7.981705924206845e-08,8.581571182274832e-05,8.581571182274832e-05,8.41055189526873e-10,-0.0007981705924206844
9.4125,10005.825764384726,-1.0393082217841695e-07,8.571992317813474e-05,8.571992317813474e-05,8.410207410007152e-10,-0.0010393082217841694
9.418750000000001,10007.189673397617,-1.2826276828817175e-07,8.562250420730313e-05,8.562250420730313e-05,8.409782274976384e-10,-0.0012826276828817175
9.425,10008.565827704793,-1.528131687359042e-07,8.552357355902067e-05,8.552357355902067e-05,8.409275766095755e-10,-0.001528131687359042
9.43125,10009.954225063218,-1.7758198350704726e-07,8.542324948920595e-05,8.542324948920595e-05,8.408687159417218e-10,-0.0017758198350704727
9.4375,10011.354845371257,-2.0256885399049115e-07,8.532164966452731e-05,8.532164966452731e-05,8.408015732181372e-10,-0.0020256885399049115
9.44375,10012.767650258138,-2.2777309565634737e-07,8.521889097130289e-05,8.521889097130289e-05,8.407260763897729e-10,-0.0022777309565634738
9.450000000000001,10014.192582679458,-2.5319369084159505e-07,8.511508933012045e-05,8.511508933012045e-05,8.406421537448911e-10,-0.0025319369084159504
9.45625,10015.629566519794,-2.788292816569269e-07,8.501035951656729e-05,8.501035951656729e-05,8.405497340218351e-10,-0.0027882928165692687
9.4625,10017.078506202446,-3.0467816302879097e-07,8.490481498843108e-05,8.490481498843108e-05,8.404487465241051e-10,-0.0030467816302879097
9.46875,10018.539286308172,-3.307382758911302e-07,8.479856771970295e-05,8.479856771970295e-05,8.403391212376924e-10,-0.003307382758911302
9.475,10020.011771202231,-3.570072005420494e-07,8.469172804168273e-05,8.469172804168273e-05,8.402207889506132e-10,-0.003570072005420494
9.481250000000001,10021.495804672655,-3.83482150181078e-07,8.458440449145607e-05,8.458440449145607e-05,8.400936813745864e-10,-0.0038348215018107804
9.4875,10022.991209578817,-4.101599646433928e-07,8.447670366798032e-05,8.447670366798032e-05,8.399577312687877e-10,-0.004101599646433928
9.49375,10024.497787512093,-4.3703710434787953e-07,8.43687300959855e-05,8.43687300959855e-05,8.39812872565609e-10,-0.004370371043478796
9.5,10026.015318469837,-4.641096444764198e-07,8.426058609786337e-05,8.426058609786337e-05,8.39659040498348e-10,-0.004641096444764198
9.50625,10027.543560542697,-4.913732694023766e-07,8.415237167368698e-05,8.415237167368698e-05,8.394961717307442e-10,-0.004913732694023766
9.512500000000001,10029.08224961774,-5.188232673866745e-07,8.404418438947053e-05,8.404418438947053e-05,8.393242044882723e-10,-0.005188232673866745
9.51875,10030.631099096994,-5.464545255603932e-07,8.393611927374861e-05,8.393611927374861e-05,8.391430786911002e-10,-0.005464545255603932
9.525,10032.18979963316,-5.742615252132288e-07,8.382826872252267e-05,8.382826872252267e-05,8.389527360886068e-10,-0.0057426152521322885
9.53125,10033.758018884104,-6.022383374075218e-07,8.372072241259266e-05,8.372072241259266e-05,8.387531203953546e-10,-0.006022383374075218
9.5375,10035.335401286293,-6.303786189379886e-07,8.361356722326246e-05,8.361356722326246e-05,8.385441774284018e-10,-0.0063037861893798855
9.543750000000001,10036.921567848656,-6.586756086576185e-07,8.350688716637867e-05,8.350688716637867e-05,8.383258552458311e-10,-0.006586756086576185
9.55,10038.516115968434,-6.871221241904316e-07,8.340076332463551e-05,8.340076332463551e-05,8.380981042863694e-10,-0.006871221241904316
9.55625,10040.118619269862,-7.157105590520895e-07,8.329527379805124e-05,8.329527379805124e-05,8.378608775099605e-10,-0.007157105590520896
9.5625,10041.72862746679,-7.444328801995033e-07,8.319049365849731e-05,8.319049365849731e-05,8.376141305391508e-10,-0.007444328801995033
9.56875,10043.345666250409,-7.73280626030788e-07,8.308649491213625e-05,8.308649491213625e-05,8.373578218011383e-10,-0.0077328062603078795
9.575000000000001,10044.96923720376,-8.022449048569167e-07,8.29833464696028e-05,8.29833464696028e-05,8.370919126703274e-10,-0.008022449048569167
9.58125,10046.59881774364,-8.313163938665211e-07,8.288111412374055e-05,8.288111412374055e-05,8.368163676112269e-10,-0.008313163938665212
9.5875,10048.233861091403,-8.604853386052188e-07,8.27798605346875e-05,8.27798605346875e-05,8.365311543215209e-10,-0.008604853386052188
9.59375,10049.873796273872,-8.89741552990768e-07,8.267964522208502e-05,8.267964522208502e-05,8.36236243875135e-10,-0.008897415529907679
9.600000000000001,10051.518028155295,-9.190744198851867e-07,8.258052456416851e-05,8.258052456416851e-05,8.359316108651119e-10,-0.009190744198851866
9.606250000000001,10053.165937501897,-9.484728922447201e-07,8.248255180348274e-05,8.248255180348274e-05,8.356172335461067e-10,-0.009484728922447202
9.6125,10054.816881079916,-9.779254948682593e-07,8.23857770589513e-05,8.23857770589513e-05,8.35293093976302e-10,-0.009779254948682594
9.61875,10056.470191788208,-1.0074203267644188e-06,8.22902473440185e-05,8.22902473440185e-05,8.349591781585394e-10,-0.010074203267644188
9.625,10058.125178826695,-1.0369450641570397e-06,8.219600659057053e-05,8.219600659057053e-05,8.346154761804534e-10,-0.010369450641570396
9.631250000000001,10059.781127901771,-1.0664869641483087e-06,8.210309567833573e-05,8.210309567833573e-05,8.342619823533926e-10,-0.010664869641483088
9.637500000000001,10061.437301469576,-1.0960328690581068e-06,8.201155246945531e-05,8.201155246945531e-05,8.338986953499015e-10,-0.010960328690581068
9.64375,10063.092939018008,-1.1255692114574773e-06,8.192141184791165e-05,8.192141184791165e-05,8.335256183395344e-10,-0.011255692114574773
9.65,10064.747257388844,-1.1550820199133125e-06,8.183270576349682e-05,8.183270576349682e-05,8.331427591227653e-10,-0.011550820199133125
9.65625,10066.399451140545,-1.184556925460483e-06,8.17454632800017e-05,8.17454632800017e-05,8.327501302627523e-10,-0.01184556925460483
9.662500000000001,10068.048692952569,-1.2139791688166922e-06,8.165971062730551e-05,8.165971062730551e-05,8.323477492147103e-10,-0.012139791688166921
9.668750000000001,10069.694134072372,-1.2433336083542452e-06,8.157547125704567e-05,8.157547125704567e-05,8.319356384526426e-10,-0.012433336083542452
9.675,10071.334904805208,-1.2726047288418278e-06,8.149276590154994e-05,8.149276590154994e-05,8.315138255931734e-10,-0.012726047288418278
9.68125,10072.970115048209,-1.3017766509681186e-06,8.141161263571622e-05,8.141161263571622e-05,8.31082343516225e-10,-0.013017766509681186
9.6875,10074.598854868505,-1.3308331416577713e-06,8.133202694152907e-05,8.133202694152907e-05,8.306412304822747e-10,-0.013308331416577713
9.693750000000001,10076.220195126372,-1.3597576251888807e-06,8.125402177490851e-05,8.125402177490851e-05,8.301905302459272e-10,-0.013597576251888807
9.700000000000001,10077.833188143977,-1.3885331951195407e-06,8.11776076345921e-05,8.11776076345921e-05,8.297302921655343e-10,-0.013885331951195406
9.70625,10079.436868419245,-1.4171426270295647e-06,8.110279263275979e-05,8.110279263275979e-05,8.2926057130859e-10,-0.014171426270295648
9.7125,10081.030253386358,-1.4455683920816954e-06,8.102958256711918e-05,8.102958256711918e-05,8.287814285526322e-10,-0.014455683920816954
9.71875,10082.612344221881,-1.4737926714049522e-06,8.095798099417777e-05,8.095798099417777e-05,8.282929306813759e-10,-0.014737926714049523
9.725000000000001,10084.18212669713,-1.501797371300902e-06,8.088798930343933e-05,8.088798930343933e-05,8.277951504758064e-10,-0.01501797371300902
9.731250000000001,10085.738572076474,-1.5295641392717356e-06,8.081960679227199e-05,8.081960679227199e-05,8.2728816679996e-10,-0.015295641392717356
9.7375,10087.280638062035,-1.5570743808670186e-06,8.075283074120681e-05,8.075283074120681e-05,8.267720646811212e-10,-0.015570743808670186
9.74375,10088.807269783209,-1.584309277344e-06,8.068765648943746e-05,8.068765648943746e-05,8.262469353841649e-10,-0.015843092773440003
9.75,10090.317400832168,-1.6112498041341539e-06,8.062407751030367e-05,8.062407751030367e-05,8.257128764797796e-10,-0.016112498041341537
9.756250000000001,10091.809954343193,-1.6378767501065372e-06,8.05620854865538e-05,8.05620854865538e-05,8.251699919063039e-10,-0.016378767501065372
9.762500000000001,10093.283844117,-1.6641707376161923e-06,8.050167038519402e-05,8.050167038519402e-05,8.246183920249193e-10,-0.016641707376161923
9.76875,10094.737975787495,-1.6901122433236451e-06,8.044282053174543e-05,8.044282053174543e-05,8.240581936679409e-10,-0.01690112243323645
9.775,10096.171248030929,-1.7156816197691507e-06,8.038552268374227e-05,8.038552268374227e-05,8.234895201799585e-10,-0.017156816197691507
9.78125,10097.582553816783,-1.7408591176829294e-06,8.032976210331848e-05,8.032976210331848e-05,8.229125014515816e-10,-0.017408591176829295
9.787500000000001,10098.970781698332,-1.7656249090102801e-06,8.027552262874151e-05,8.027552262874151e-05,8.223272739455536e-10,-0.017656249090102803
9.793750000000001,10100.334817142031,-1.7899591106279997e-06,8.022278674476683e-05,8.022278674476683e-05,8.217339807150044e-10,-0.017899591106279998
9.8,10101.673543894138,-1.8138418087260584e-06,8.017153565169741e-05,8.017153565169741e-05,8.211327714136217e-10,-0.018138418087260584
9.80625,10102.985845383224,-1.8372530838260203e-06,8.012174933304615e-05,8.012174933304615e-05,8.205238022975298e-10,-0.018372530838260202
9.8125,10104.27060615638,-1.8601730364052434e-06,8.007340662171121e-05,8.007340662171121e-05,8.199072362186755e-10,-0.018601730364052434
9.818750000000001,10105.526713347916,-1.8825818130933705e-06,8.002648526458524e-05,8.002648526458524e-05,8.192832426095301e-10,-0.018825818130933706
9.825000000000001,10106.75305817748,-1.9044596334052599e-06,7.998096198553218e-05,7.998096198553218e-05,8.186519974589315e-10,-0.0190445963340526
9.83125,10107.9485374768,-1.9257868169719583e-06,7.993681254667551e-05,7.993681254667551e-05,8.180136832789e-10,-0.019257868169719583
9.8375,10109.112055241474,-1.9465438112290243e-06,7.989401180795266e-05,7.989401180795266e-05,8.173684890622766e-10,-0.01946543811229024
9.84375,10110.242524206371,-1.966711219519071e-06,7.985253378490077e-05,7.985253378490077e-05,8.167166102310465e-10,-0.01966711219519071
9.850000000000001,10111.338867441615,-1.9862698295631266e-06,7.981235170464828e-05,7.981235170464828e-05,8.16058248575226e-10,-0.019862698295631268
9.856250000000001,10112.400019966492,-2.0052006422531763e-06,7.977343806009639e-05,7.977343806009639e-05,8.153936121822056e-10,-0.020052006422531764
9.8625,10113.42493037846,-2.0234849007160487e-06,7.973576466228268e-05,7.973576466228268e-05,8.147229153564595e-10,-0.020234849007160487
9.86875,10114.412562494826,-2.041104119596711e-06,7.969930269092767e-05,7.969930269092767e-05,8.140463785295496e-10,-0.020411041195967112
9.875,10115.361897003273,-2.058040114507067e-06,7.966402274317245e-05,7.966402274317245e-05,8.133642281603675e-10,-0.02058040114507067
9.881250000000001,10116.27193311895,-2.074275031584385e-06,7.962989488052268e-05,7.962989488052268e-05,8.126766966255803e-10,-0.02074275031584385
9.887500000000001,10117.141690244121,-2.089791377101774e-06,7.959688867402063e-05,7.959688867402063e-05,8.119840221002614e-10,-0.020897913771017736
9.89375,10117.970209627496,-2.1045720470713855e-06,7.95649732476729e-05,7.95649732476729e-05,8.112864484287083e-10,-0.021045720470713854
9.9,10118.75655602004,-2.1186003567794668e-06,7.953411732016693e-05,7.953411732016693e-05,8.105842249854725e-10,-0.021186003567794667
9.90625,10119.499819322878,-2.13186007019107e-06,7.950428924491424e-05,7.950428924491424e-05,8.098776065266415e-10,-0.0213186007019107
9.912500000000001,10120.19911622502,-2.1443354291608452e-06,7.947545704846245e-05,7.947545704846245e-05,8.091668530314392e-10,-0.021443354291608454
9.918750000000001,10120.853591826066,-2.1560111823853486e-06,7.94475884673225e-05,7.94475884673225e-05,8.084522295342305e-10,-0.021560111823853485
9.925,10121.462421241049,-2.166872614031285e-06,7.942065098326032e-05,7.942065098326032e-05,8.077340059470357e-10,-0.02166872614031285
9.93125,10122.02481118314,-2.1769055719734033e-06,7.93946118571053e-05,7.93946118571053e-05,8.070124568726864e-10,-0.021769055719734032
9.9375,10122.540001520976,-2.1860964955751165e-06,7.936943816113024e-05,7.936943816113024e-05,8.062878614087726e-10,-0.021860964955751166
9.943750000000001,10123.007266806535,-2.1944324429445657e-06,7.934509681005992e-05,7.934509681005992e-05,8.055605029425562e-10,-0.021944324429445657
9.950000000000001,10123.425917769706,-2.201901117598641e-06,7.932155459076595e-05,7.932155459076595e-05,8.048306689370454e-10,-0.02201901117598641
9.95625,10123.795302775916,-2.2084908944674647e-06,7.929877819070808e-05,7.929877819070808e-05,8.040986507084517e-10,-0.022084908944674648
9.9625,10124.114809243,-2.214190845172034e-06,7.92767342251819e-05,7.92767342251819e-05,8.033647431952662e-10,-0.02214190845172034
9.96875,10124.383865013788,-2.2189907625081562e-06,7.925538926343394e-05,7.925538926343394e-05,8.026292447192225e-10,-0.02218990762508156
9.975000000000001,10124.601939680286,-2.2228811840704014e-06,7.923470985370523e-05,7.923470985370523e-05,8.018924567384281e-10,-0.022228811840704014
9.981250000000001,10124.768545855888,-2.225853414950706e-06,7.921466254726407e-05,7.921466254726407e-05,8.011546835929723e-10,-0.02225853414950706
9.9875,10124.883240392388,-2.227899549447235e-06,7.919521392148878e-05,7.919521392148878e-05,8.004162322433395e-10,-0.022278995494472348
9.99375,10124.945625537819,-2.2290124917204657e-06,7.917633060205996e-05,7.917633060205996e-05,7.996774120019747e-10,-0.022290124917204657
10.0,10124.955350031867,-2.229185975334909e-06,7.915797928432182e-05,7.915797928432182e-05,7.989385342583722e-10,-0.02229185975334909
10.006250000000001,10124.912110135429,-2.228414581626656e-06,7.914012675386998e-05,7.914012675386998e-05,7.98199912198077e-10,-0.02228414581626656
10.012500000000001,10124.815650590916,-2.2266937568388396e-06,7.912273990642318e-05,7.912273990642318e-05,7.974618605160052e-10,-0.022266937568388396
10.01875,10124.665765511108,-2.224019827969239e-06,7.910578576703368e-05,7.910578576703368e-05,7.967246951245127e-10,-0.02224019827969239
10.025,10124.462299191722,-2.220390017276733e-06,7.908923150869075e-05,7.908923150869075e-05,7.959887328566556e-10,-0.02220390017276733
10.03125,10124.205146846898,-2.2158024553957547e-06,7.907304447036933e-05,7.907304447036933e-05,7.952542911651024e-10,-0.02215802455395755
10.037500000000001,10123.894255263425,-2.2102561930108006e-06,7.905719217457442e-05,7.905719217457442e-05,7.945216878171786e-10,-0.022102561930108004
10.043750000000001,10123.529623372078,-2.203751211045942e-06,7.904164234443002e-05,7.904164234443002e-05,7.937912405865323e-10,-0.022037512110459418
10.05,10123.111302732983,-2.1962884293275683e-06,7.902636292035955e-05,7.902636292035955e-05,7.930632669419297e-10,-0.021962884293275683
10.05625,10122.63939793366,-2.187869713681847e-06,7.901132207640274e-05,7.901132207640274e-05,7.923380837336966e-10,-0.021878697136818472
10.0625,10122.114066897062,-2.1784978814320167e-06,7.899648823621203e-05,7.899648823621203e-05,7.916160068783399e-10,-0.021784978814320167
10.068750000000001,10121.535521098256,-2.168176705264266e-06,7.898183008876967e-05,7.898183008876967e-05,7.908973510418854e-10,-0.021681767052642662
10.075000000000001,10120.904025688238,-2.156910915434868e-06,7.896731660386464e-05,7.896731660386464e-05,7.901824293224858e-10,-0.02156910915434868
10.08125,10120.219899523236,-2.1447062002952024e-06,7.895291704736632e-05,7.895291704736632e-05,7.894715529328538e-10,-0.021447062002952023
10.0875,10119.483515098935,-2.131569205115463e-06,7.893860099633051e-05,7.893860099633051e-05,7.887650308830856e-10,-0.02131569205115463
10.09375,10118.695298388227,-2.1175075291920848e-06,7.892433835397063e-05,7.892433835397063e-05,7.880631696644424e-10,-0.021175075291920847
10.100000000000001,10117.855728582215,-2.102529721228325e-06,7.891009936452567e-05,7.891009936452567e-05,7.873662729346642e-10,-0.02102529721228325
10.106250000000001,10116.965337734347,-2.0866452729818187e-06,7.8895854628054e-05,7.8895854628054e-05,7.866746412053878e-10,-0.020866452729818186
10.1125,10116.024710306743,-2.0698646111775702e-06,7.888157511518093e-05,7.888157511518093e-05,7.859885715322463e-10,-0.0206986461117757
10.11875,10115.034482620302,-2.052199087689273e-06,7.886723218182532e-05,7.886723218182532e-05,7.853083572082229e-10,-0.02052199087689273
10.125,10113.995342207309,-2.03366096799668e-06,7.885279758392922e-05,7.885279758392922e-05,7.8463428746083e-10,-0.0203366096799668
10.131250000000001,10112.90802706851,-2.0142634179312688e-06,7.883824349221275e-05,7.883824349221275e-05,7.839666471536823e-10,-0.02014263417931269
10.137500000000001,10111.773324835298,-1.9940204887271732e-06,7.882354250697439e-05,7.882354250697439e-05,7.833057164930242e-10,-0.01994020488727173
10.14375,10110.592071838013,-1.9729471003990266e-06,7.88086676729554e-05,7.88086676729554e-05,7.826517707397674e-10,-0.019729471003990265
10.15,10109.365152081577,-1.951059023473061e-06,7.879359249428549e-05,7.879359249428549e-05,7.820050799275832e-10,-0.01951059023473061
10.15625,10108.093496131301,-1.9283728591023046e-06,7.877829094952498e-05,7.877829094952498e-05,7.81365908587586e-10,-0.019283728591023046
10.162500000000001,10106.778079909272,-1.9049060176014208e-06,7.876273750681728e-05,7.876273750681728e-05,7.807345154801318e-10,-0.019049060176014206
10.168750000000001,10105.41992340498,-1.8806766954410968e-06,7.874690713916405e-05,7.874690713916405e-05,7.801111533342416e-10,-0.018806766954410966
10.175,10104.020089302032,-1.8557038507463418e-06,7.873077533983368e-05,7.873077533983368e-05,7.794960685951462e-10,-0.018557038507463416
10.18125,10102.579681523224,-1.8300071773473508e-06,7.871431813791234e-05,7.871431813791234e-05,7.788895011804327e-10,-0.01830007177347351
10.1875,10101.099843698174,-1.803607077435697e-06,7.869751211400554e-05,7.869751211400554e-05,7.782916842452526e-10,-0.01803607077435697
10.193750000000001,10099.581757555374,-1.7765246328826787e-06,7.868033441609621e-05,7.868033441609621e-05,7.777028439570386e-10,-0.017765246328826787
10.200000000000001,10098.026641242948,-1.748781575280503e-06,7.866276277556463e-05,7.866276277556463e-05,7.771231992801504e-10,-0.01748781575280503
10.20625,10096.435747581314,-1.720400254770657e-06,7.864477552337333e-05,7.864477552337333e-05,7.76552961770852e-10,-0.01720400254770657
10.2125,10094.81036225181,-1.6914036077273274e-06,7.862635160641929e-05,7.862635160641929e-05,7.759923353830017e-10,-0.016914036077273275
10.21875,10093.151801924825,-1.6618151233670673e-06,7.860747060405407e-05,7.860747060405407e-05,7.754415162848089e-10,-0.016618151233670674
10.225000000000001,10091.461412332259,-1.6316588093589228e-06,7.858811274477119e-05,7.858811274477119e-05,7.749006926869899e-10,-0.016316588093589227
10.231250000000001,10089.7405662881,-1.600959156512144e-06,7.856825892305868e-05,7.856825892305868e-05,7.743700446826278e-10,-0.01600959156512144
10.2375,10087.990661661712,-1.5697411026212267e-06,7.854789071641326e-05,7.854789071641326e-05,7.738497440990165e-10,-0.015697411026212266
10.24375,10086.213119308659,-1.5380299955503518e-06,7.852699040251139e-05,7.852699040251139e-05,7.733399543617407e-10,-0.015380299955503518
10.25,10084.409380963441,-1.5058515556414587e-06,7.850554097653098e-05,7.850554097653098e-05,7.728408303712152e-10,-0.015058515556414586
10.256250000000001,10082.580907099278,-1.4732318375319872e-06,7.848352616861568e-05,7.848352616861568e-05,7.723525183918814e-10,-0.014732318375319872
10.262500000000001,10080.729174759448,-1.4401971914699179e-06,7.84609304614731e-05,7.84609304614731e-05,7.718751559542248e-10,-0.014401971914699179
10.26875,10078.85567536613,-1.4067742242149678e-06,7.843773910809612e-05,7.843773910809612e-05,7.714088717697525e-10,-0.014067742242149678
10.275,10076.961912509934,-1.3729897596159107e-06,7.84139381495952e-05,7.84139381495952e-05,7.709537856590381e-10,-0.013729897596159108
10.28125,10075.049399727504,-1.3388707989545415e-06,7.838951443312827e-05,7.838951443312827e-05,7.705100084929099e-10,-0.013388707989545416
10.287500000000001,10073.119658270527,-1.3044444811473412e-06,7.836445562991323e-05,7.836445562991323e-05,7.700776421468315e-10,-0.013044444811473412
10.293750000000001,10071.174214871868,-1.2697380428959568e-06,7.833875025330612e-05,7.833875025330612e-05,7.696567794684899e-10,-0.012697380428959567
10.3,10069.214599514213,-1.2347787788774212e-06,7.831238767692738e-05,7.831238767692738e-05,7.692475042585792e-10,-0.012347787788774212
10.30625,10067.242343205795,-1.1995940020645955e-06,7.828535815281604e-05,7.828535815281604e-05,7.688498912647367e-10,-0.011995940020645956
10.3125,10065.258975768538,-1.164211004266516e-06,7.825765282959071e-05,7.825765282959071e-05,7.684640061885576e-10,-0.01164211004266516
10.318750000000001,10063.266023643419,-1.1286570169772844e-06,7.822926377059461e-05,7.822926377059461e-05,7.680899057055865e-10,-0.011286570169772844
10.325000000000001,10061.265007718193,-1.0929591726207871e-06,7.820018397199994e-05,7.820018397199994e-05,7.677276374981551e-10,-0.01092959172620787
10.33125,10059.257441181795,-1.057144466276931e-06,7.817040738084536e-05,7.817040738084536e-05,7.67377240300906e-10,-0.010571444662769311
10.3375,10057.244827410746,-1.0212397179731407e-06,7.813992891297896e-05,7.813992891297896e-05,7.670387439588142e-10,-0.010212397179731407
10.34375,10055.228657891728,-9.85271535622763e-07,7.810874447087693e-05,7.810874447087693e-05,7.667121694974944e-10,-0.00985271535622763
10.350000000000001,10053.21041018478,-9.492662786895736e-07,7.807685096130693e-05,7.807685096130693e-05,7.663975292055507e-10,-0.009492662786895735
10.356250000000001,10051.191545931448,-9.132500226549618e-07,7.804424631280305e-05,7.804424631280305e-05,7.660948267287048e-10,-0.00913250022654962
10.3625,10049.173508912221,-8.772485243614455e-07,7.801092949291794e-05,7.801092949291794e-05,7.658040571754102e-10,-0.008772485243614455
10.36875,10047.157723156952,-8.412871883031032e-07,7.797690052521554e-05,7.797690052521554e-05,7.65525207233641e-10,-0.008412871883031033
10.375,10045.145591112308,-8.053910339301652e-07,7.794216050596662e-05,7.794216050596662e-05,7.652582552985165e-10,-0.008053910339301652
10.381250000000001,10043.138491869073,-7.695846640315784e-07,7.790671162050742e-05,7.790671162050742e-05,7.650031716104069e-10,-0.007695846640315784
10.387500000000001,10041.137779454048,-7.33892234255566e-07,7.787055715921968e-05,7.787055715921968e-05,7.647599184031402e-10,-0.00733892234255566
10.39375,10039.144781188383,-6.983374238244759e-07,7.783370153308957e-05,7.783370153308957e-05,7.645284500619171e-10,-0.006983374238244759
10.4,10037.160796115615,-6.629434074962013e-07,7.779615028880028e-05,7.779615028880028e-05,7.643087132905186e-10,-0.006629434074962012
10.40625,10035.187093503153,-6.277328288202798e-07,7.775791012331255e-05,7.775791012331255e-05,7.641006472873785e-10,-0.006277328288202799
10.412500000000001,10033.224911417468,-5.927277747326929e-07,7.771898889788477e-05,7.771898889788477e-05,7.639041839300765e-10,-0.005927277747326929
10.418750000000001,10031.275455377912,-5.579497515289184e-07,7.767939565148382e-05,7.767939565148382e-05,7.637192479677949e-10,-0.005579497515289185
10.425,10029.339897088832,-5.234196622505324e-07,7.76391406135356e-05,7.76391406135356e-05,7.635457572212712e-10,-0.005234196622505324
10.43125,10027.419373253006,-4.891577855161434e-07,7.75982352159629e-05,7.75982352159629e-05,7.633836227897672e-10,-0.004891577855161434
10.4375,10025.514984467452,-4.5518375582296164e-07,7.755669210445746e-05,7.755669210445746e-05,7.632327492645664e-10,-0.004551837558229617
10.443750000000001,10023.627794202925,-4.2151654534081683e-07,7.751452514893107e-05,7.751452514893107e-05,7.630930349485074e-10,-0.0042151654534081685
10.450000000000001,10021.75882786809,-3.881744472159114e-07,7.74717494530899e-05,7.74717494530899e-05,7.629643720810497e-10,-0.003881744472159114
10.45625,10019.90907195881,-3.5517506039711325e-07,7.742838136307483e-05,7.742838136307483e-05,7.628466470683707e-10,-0.0035517506039711324
10.4625,10018.079473293485,-3.2253527599310726e-07,7.738443847511002e-05,7.738443847511002e-05,7.627397407179832e-10,-0.0032253527599310724
10.46875,10016.270938334414,-2.9027126516430793e-07,7.733993964210035e-05,7.733993964210035e-05,7.626435284773671e-10,-0.0029027126516430793
10.475000000000001,10014.484332595115,-2.5839846854908846e-07,7.72949049791183e-05,7.72949049791183e-05,7.625578806761049e-10,-0.0025839846854908846
10.481250000000001,10012.720480133044,-2.269315872196255e-07,7.724935586771993e-05,7.724935586771993e-05,7.624826627710166e-10,-0.002269315872196255
10.4875,10010.980163128297,-1.9588457515840448e-07,7.72033149590287e-05,7.72033149590287e-05,7.624177355937864e-10,-0.001958845751584045
10.49375,10009.264121546179,-1.6527063324245325e-07,7.715680617552653e-05,7.715680617552653e-05,7.623629556005848e-10,-0.0016527063324245324
10.5,10007.57305288352,-1.3510220471836596e-07,7.710985471148998e-05,7.710985471148998e-05,7.623181751231897e-10,-0.0013510220471836597
10.506250000000001,10005.907611997474,-1.0539097214738659e-07,7.706248703201052e-05,7.706248703201052e-05,7.622832426211203e-10,-0.001053909721473866
10.512500000000001,10004.268411015519,-7.614785579614254e-08,7.701473087053726e-05,7.701473087053726e-05,7.622580029343049e-10,-0.0007614785579614253
10.51875,10002.656019324413,-4.738301344517625e-08,7.696661522488092e-05,7.696661522488092e-05,7.622422975358111e-10,-0.00047383013445176256
10.525,10001.070963637296,-1.9105841584018707e-08,7.69181703516188e-05,7.69181703516188e-05,7.62235964784181e-10,-0.00019105841584018707
10.53125,9999.513728136557,8.675022041550267e-09,7.686942775884028e-05,7.686942775884028e-05,7.622388401749212e-10,8.675022041550267e-05
10.537500000000001,9997.984754690226,3.595169456737758e-08,7.682042019717417e-05,7.682042019717417e-05,7.622507565907136e-10,0.0003595169456737758
10.543750000000001,9996.484443139963,6.271704287404434e-08,7.67711816490395e-05,7.67711816490395e-05,7.622715445499224e-10,0.0006271704287404433
10.55,9995.013151658128,8.896467721784274e-08,7.672174731606328e-05,7.672174731606328e-05,7.623010324529912e-10,0.0008896467721784273
10.55625,9993.571197171173,1.1468894367461827e-07,7.667215360460995e-05,7.667215360460995e-05,7.623390468263346e-10,0.0011468894367461827
10.5625,9992.158855847198,1.3988491544361293e-07,7.662243810936888e-05,7.662243810936888e-05,7.623854125633484e-10,0.0013988491544361294
10.568750000000001,9990.776363644594,1.6454838306036898e-07,7.657263959494851e-05,7.657263959494851e-05,7.624399531621743e-10,0.0016454838306036897
10.575000000000001,9989.423916918864,1.8867584356943595e-07,7.6522797975428e-05,7.6522797975428e-05,7.625024909598777e-10,0.0018867584356943596
10.58125,9988.10167308507,2.1226448870913643e-07,7.647295429181905e-05,7.647295429181905e-05,7.62572847362708e-10,0.0021226448870913643
10.5875,9986.809751332377,2.3531219216187863e-07,7.642315068739446e-05,7.642315068739446e-05,7.62650843072133e-10,0.002353121921618786
10.59375,9985.548233387986,2.578174959245626e-07,7.637343038084149e-05,7.637343038084149e-05,7.627362983063565e-10,0.002578174959245626
10.600000000000001,9984.317164327542,2.7977959585448074e-07,7.632383763720273e-05,7.632383763720273e-05,7.628290330170438e-10,0.0027977959585448074
10.606250000000001,9983.116553428314,3.011983264466692e-07,7.627441773656952e-05,7.627441773656952e-05,7.629288671010029e-10,0.0030119832644666922
10.6125,9981.946375062402,3.220741448991275e-07,7.622521694049722e-05,7.622521694049722e-05,7.630356206065824e-10,0.003220741448991275
10.61875,9980.806569626717,3.424081145224822e-07,7.617628245611581e-05,7.617628245611581e-05,7.631491139345724e-10,0.003424081145224822
10.625,9979.697044506516,3.6220188755069965e-07,7.612766239791278e-05,7.612766239791278e-05,7.632691680334063e-10,0.0036220188755069966
10.631250000000001,9978.617675069343,3.81457687409221e-07,7.607940574717067e-05,7.607940574717067e-05,7.633956045884857e-10,0.00381457687409221
10.637500000000001,9977.568305686344,4.0017829049655016e-07,7.60315623090456e-05,7.60315623090456e-05,7.635282462054671e-10,0.004001782904965502
10.64375,9976.548750777387,4.18367007534705e-07,7.59841826672785e-05,7.59841826672785e-05,7.636669165873668e-10,0.00418367007534705
10.65,9975.558795877821,4.360276645432762e-07,7.593731813653598e-05,7.593731813653598e-05,7.63811440705359e-10,0.004360276645432762
10.65625,9974.598198722955,4.531645834908836e-07,7.589102071238303e-05,7.589102071238303e-05,7.639616449631621e-10,0.0045316458349088365
10.662500000000001,9973.666690347694,4.697825626767819e-07,7.584534301889549e-05,7.584534301889549e-05,7.641173573549209e-10,0.004697825626767819
10.668750000000001,9972.763976198536,4.858868568941885e-07,7.580033825392632e-05,7.580033825392632e-05,7.642784076165143e-10,0.004858868568941885
10.675,9971.889737254973,5.014831574255563e-07,7.57560601320456e-05,7.57560601320456e-05,7.64444627370233e-10,0.005014831574255563
10.68125,9971.04363115733,5.165775719185478e-07,7.571256282518028e-05,7.571256282518028e-05,7.646158502627858e-10,0.005165775719185479
10.6875,9970.22529333904,5.311766041899384e-07,7.566990090098705e-05,7.566990090098705e-05,7.647919120966125e-10,0.005311766041899384
10.693750000000001,9969.434338160128,5.452871340029603e-07,7.562812925899697e-05,7.562812925899697e-05,7.649726509544941e-10,0.005452871340029603
10.700000000000001,9968.67036003985,5.589163968618549e-07,7.55873030645788e-05,7.55873030645788e-05,7.651579073174647e-10,0.0055891639686185485
10.70625,9967.932934585882,5.720719638655488e-07,7.554747768077382e-05,7.554747768077382e-05,7.653475241760472e-10,0.005720719638655488
10.7125,9967.22161971818,5.847617216604602e-07,7.55087085980625e-05,7.55087085980625e-05,7.655413471348431e-10,0.005847617216604603
10.71875,9966.535956784966,5.969938525304505e-07,7.54710513621305e-05,7.54710513621305e-05,7.657392245105232e-10,0.005969938525304505
10.725000000000001,9965.875471669062,6.087768146599139e-07,7.543456149970862e-05,7.543456149970862e-05,7.659410074232772e-10,0.006087768146599139
10.731250000000001,9965.239675882565,6.201193226039281e-07,7.539929444256882e-05,7.539929444256882e-05,7.661465498817888e-10,0.006201193226039282
10.7375,9964.628067648355,6.310303279973182e-07,7.536530544976564e-05,7.536530544976564e-05,7.663557088618175e-10,0.0063103032799731815
10.74375,9964.040132966144,6.41519000532311e-07,7.533264952821983e-05,7.533264952821983e-05,7.665683443784752e-10,0.00641519000532311
10.75,9963.47534666239,6.515947092324184e-07,7.530138135174835e-05,7.530138135174835e-05,7.667843195522957e-10,0.006515947092324184
10.756250000000001,9962.933173421698,6.61267004047964e-07,7.527155517865213e-05,7.527155517865213e-05,7.670035006692037e-10,0.00661267004047964
10.762500000000001,9962.413068799435,6.705455977966558e-07,7.524322476798069e-05,7.524322476798069e-05,7.672257572344991e-10,0.0067054559779665575
10.76875,9961.914480213178,6.794403484704071e-07,7.521644329459925e-05,7.521644329459925e-05,7.67450962020975e-10,0.006794403484704071
10.775,9961.436847913194,6.879612419276224e-07,7.519126326319172e-05,7.519126326319172e-05,7.676789911113002e-10,0.006879612419276224
10.78125,9960.97960592973,6.961183749880448e-07,7.516773642133951e-05,7.516773642133951e-05,7.679097239347983e-10,0.006961183749880448
10.787500000000001,9960.542182997528,7.0392193894534e-07,7.514591367182316e-05,7.514591367182316e-05,7.681430432987612e-10,0.0070392193894534
10.793750000000001,9960.1240034556,7.113822035105497e-07,7.512584498430003e-05,7.512584498430003e-05,7.683788354144414e-10,0.007113822035105497
10.8,9959.724488122552,7.185095011977216e-07,7.510757930651809e-05,7.510757930651809e-05,7.686169899178682e-10,0.007185095011977216
10.80625,9959.343055146688,7.253142121611355e-07,7.509116447523182e-05,7.509116447523182e-05,7.688573998856386e-10,0.007253142121611354
10.8125,9958.979120829987,7.31806749491756e-07,7.507664712699176e-05,7.507664712699176e-05,7.690999618458341e-10,0.00731806749491756
10.818750000000001,9958.632100426299,7.379975449788543e-07,7.50640726089853e-05,7.50640726089853e-05,7.693445757842186e-10,0.007379975449788543
10.825000000000001,9958.301408913174,7.438970353410841e-07,7.505348489011115e-05,7.505348489011115e-05,7.695911451458721e-10,0.007438970353410841
10.83125,9957.986461737197,7.495156489297114e-07,7.504492647247466e-05,7.504492647247466e-05,7.698395768324176e-10,0.007495156489297114
10.8375,9957.686675532786,7.548637929052429e-07,7.503843830349602e-05,7.503843830349602e-05,7.700897811949967e-10,0.007548637929052428
10.84375,9957.401468814416,7.599518408872244e-07,7.503405968882669e-05,7.503405968882669e-05,7.703416720231529e-10,0.007599518408872244
10.850000000000001,9957.130262642704,7.647901210757333e-07,7.503182820627358e-05,7.503182820627358e-05,7.705951665297765e-10,0.007647901210757334
10.856250000000001,9956.87248126351,7.693889048417231e-07,7.503177962093315e-05,7.503177962093315e-05,7.708501853322687e-10,0.007693889048417231
10.8625,9956.627552721862,7.737583957823429e-07,7.503394780174021e-05,7.503394780174021e-05,7.71106652430077e-10,0.007737583957823429
10.86875,9956.394909449524,7.779087192361838e-07,7.503836463963817e-05,7.503836463963817e-05,7.713644951787564e-10,0.007779087192361838
10.875,9956.173988827239,7.818499122524167e-07,7.504505996757921e-05,7.504505996757921e-05,7.71623644260705e-10,0.007818499122524167
10.881250000000001,9955.964233721892,7.85591914006904e-07,7.505406148256323e-05,7.505406148256323e-05,7.718840336527236e-10,0.007855919140069039
10.887500000000001,9955.765092999323,7.891445566575237e-07,7.506539466992504e-05,7.506539466992504e-05,7.721456005905434e-10,0.007891445566575237
10.89375,9955.576022012418,7.925175566301613e-07,7.507908273007896e-05,7.507908273007896e-05,7.724082855304664e-10,0.007925175566301613
10.9,9955.396483066468,7.957205063262361e-07,7.509514650792856e-05,7.509514650792856e-05,7.726720321082567e-10,0.00795720506326236
10.90625,9955.225945860326,7.987628662419041e-07,7.511360442514823e-05,7.511360442514823e-05,7.72936787095419e-10,0.007987628662419042
10.912500000000001,9955.063887906086,8.016539574887309e-07,7.513447241554054e-05,7.513447241554054e-05,7.732025003529996e-10,0.00801653957488731
10.918750000000001,9954.909794926363,8.044029547050442e-07,7.515776386367057e-05,7.515776386367057e-05,7.734691247830364e-10,0.008044029547050443
10.925,9954.763161230057,8.070188793468648e-07,7.518348954697459e-05,7.518348954697459e-05,7.737366162777856e-10,0.008070188793468647
10.93125,9954.623490068243,8.095105933470497e-07,7.521165758153642e-05,7.521165758153642e-05,7.740049336668471e-10,0.008095105933470497
10.9375,9954.490293969311,8.118867931309564e-07,7.524227337171949e-05,7.524227337171949e-05,7.742740386623059e-10,0.008118867931309564
10.943750000000001,9954.363095055129,8.141560039768518e-07,7.527533956383698e-05,7.527533956383698e-05,7.745438958020039e-10,0.008141560039768517
10.950000000000001,9954.241425338636,8.163265747091237e-07,7.531085600403595e-05,7.531085600403595e-05,7.748144723910538e-10,0.008163265747091237
10.95625,9954.124827003181,8.184066727123088e-07,7.534881970056476e-05,7.534881970056476e-05,7.75085738441699e-10,0.008184066727123088
10.9625,9954.012852664833,8.204042792539607e-07,7.538922479058444e-05,7.538922479058444e-05,7.753576666116247e-10,0.008204042792539607
10.96875,9953.905065617782,8.223271851044103e-07,7.543206251167706e-05,7.543206251167706e-05,7.756302321408159e-10,0.008223271851044104
10.975000000000001,9953.801040063974,8.241829864415623e-07,7.547732117819456e-05,7.547732117819456e-05,7.759034127870588e-10,0.008241829864415623
10.981250000000001,9953.700361327252,8.259790810290304e-07,7.552498616258221e-05,7.552498616258221e-05,7.761771887601746e-10,0.008259790810290305
10.9875,9953.602626053096,8.277226646560656e-07,7.557503988179995e-05,7.557503988179995e-05,7.764515426550747e-10,0.008277226646560656
10.99375,9953.50744239395,8.294207278279417e-07,7.562746178895457e-05,7.562746178895457e-05,7.767264593837171e-10,0.008294207278279418
11.0,9953.414430181449,8.31080052695727e-07,7.568222837024384e-05,7.568222837024384e-05,7.770019261060468e-10,0.00831080052695727
11.006250000000001,9953.323221085611,8.327072102146195e-07,7.573931314730162e-05,7.573931314730162e-05,7.772779321599932e-10,0.008327072102146196
11.012500000000001,9953.233458761883,8.343085575203453e-07,7.579868668502065e-05,7.579868668502065e-05,7.775544689905985e-10,0.008343085575203453
11.01875,9953.144798986776,8.358902355134488e-07,7.58603166049166e-05,7.58603166049166e-05,7.778315300783449e-10,0.008358902355134487
11.025,9953.056909781848,8.374581666416002e-07,7.592416760408346e-05,7.592416760408346e-05,7.781091108667476e-10,0.008374581666416003
11.03125,9952.969471527762,8.390180528704915e-07,7.599020147977646e-05,7.599020147977646e-05,7.783872086892739e-10,0.008390180528704915
11.037500000000001,9952.882177067691,8.405753738341799e-07,7.605837715964471e-05,7.605837715964471e-05,7.786658226956505e-10,0.0084057537383418
11.043750000000001,9952.794731801569,8.421353851562113e-07,7.612865073762074e-05,7.612865073762074e-05,7.789449537776134e-10,0.008421353851562112
11.05,9952.706853771195,8.437031169332115e-07,7.620097551545999e-05,7.620097551545999e-05,7.792246044941564e-10,0.008437031169332115
11.05625,9952.61827373623,8.45283372373036e-07,7.627530204990746e-05,7.627530204990746e-05,7.795047789963263e-10,0.00845283372373036
11.0625,9952.528735242702,8.468807265800445e-07,7.635157820545419e-05,7.635157820545419e-05,7.797854829516174e-10,0.008468807265800446
11.068750000000001,9952.4379946829,8.484995254804135e-07,7.642974921263057e-05,7.642974921263057e-05,7.800667234680084e-10,0.008484995254804135
11.075000000000001,9952.345821348443,8.501438848808921e-07,7.650975773176796e-05,7.650975773176796e-05,7.803485090176883e-10,0.00850143884880892
11.08125,9952.251997475632,8.518176896547652e-07,7.659154392214508e-05,7.659154392214508e-05,7.806308493605115e-10,0.008518176896547653
11.0875,9952.156318284464,8.53524593049281e-07,7.667504551641971e-05,7.667504551641971e-05,7.809137554672246e-10,0.00853524593049281
11.09375,9952.058592010799,8.552680161091595e-07,7.676019790023154e-05,7.676019790023154e-05,7.811972394425009e-10,0.008552680161091595
11.100000000000001,9951.958639932558,8.57051147211268e-07,7.684693419684598e-05,7.684693419684598e-05,7.814813144478213e-10,0.00857051147211268
11.106250000000001,9951.856296389784,8.588769417059308e-07,7.69351853566951e-05,7.69351853566951e-05,7.817659946242362e-10,0.008588769417059307
11.1125,9951.751408799058,8.607481216607682e-07,7.702488025165553e-05,7.702488025165553e-05,7.820512950150424e-10,0.008607481216607682
11.11875,9951.643837662215,8.6266717570333e-07,7.711594577389037e-05,7.711594577389037e-05,7.823372314884081e-10,0.0086266717570333
11.125,9951.533456569843,8.646363589592402e-07,7.720830693906701e-05,7.720830693906701e-05,7.826238206599771e-10,0.008646363589592402
11.131250000000001,9951.420152199673,8.666576930829106e-07,7.730188699374985e-05,7.730188699374985e-05,7.829110798154832e-10,0.008666576930829105
11.137500000000001,9951.30382430962,8.687329663782608e-07,7.73966075267534e-05,7.73966075267534e-05,7.831990268334049e-10,0.008687329663782608
11.14375,9951.184385726281,8.70863734007288e-07,7.749238858422901e-05,7.749238858422901e-05,7.834876801076889e-10,0.00870863734007288
11.15,9951.061762328245,8.730513182846482e-07,7.75891487882464e-05,7.75891487882464e-05,7.837770584705716e-10,0.008730513182846483
11.15625,9950.93589302508,8.752968090568001e-07,7.768680545861964e-05,7.768680545861964e-05,7.840671811155254e-10,0.008752968090568001
11.162500000000001,9950.80672973105,8.776010641645475e-07,7.778527473771693e-05,7.778527473771693e-05,7.843580675203601e-10,0.008776010641645475
11.168750000000001,9950.674237334932,8.799647099882298e-07,7.788447171798343e-05,7.788447171798343e-05,7.846497373705027e-10,0.008799647099882298
11.175,9950.538393664585,8.823881420750457e-07,7.798431057189717e-05,7.798431057189717e-05,7.84942210482487e-10,0.008823881420750457
11.18125,9950.39918944744,8.848715258483738e-07,7.808470468406995e-05,7.808470468406995e-05,7.852355067276775e-10,0.008848715258483738
11.1875,9950.2566282657,8.874147973991687e-07,7.818556678519751e-05,7.818556678519751e-05,7.855296459562554e-10,0.008874147973991687
11.193750000000001,9950.11072650798,8.90017664359934e-07,7.828680908755679e-05,7.828680908755679e-05,7.858246479214951e-10,0.00890017664359934
11.200000000000001,9949.961513315013,8.926796068618839e-07,7.838834342174233e-05,7.838834342174233e-05,7.861205322043571e-10,0.008926796068618839
11.20625,9949.80903052171,8.953998785763234e-07,7.849008137432917e-05,7.849008137432917e-05,7.864173181384265e-10,0.008953998785763233
11.2125,9949.653332593905,8.981775078414427e-07,7.859193442614587e-05,7.859193442614587e-05,7.867150247352253e-10,0.008981775078414427
11.21875,9949.494486560161,9.010112988759857e-07,7.869381409083875e-05,7.869381409083875e-05,7.870136706099257e-10,0.009010112988759858
11.225000000000001,9949.332571938985,9.038998330815176e-07,7.8795632053406e-05,7.8795632053406e-05,7.87313273907497e-10,0.009038998330815175
11.231250000000001,9949.167680660583,9.068414704352034e-07,7.889730030838047e-05,7.889730030838047e-05,7.876138522293123e-10,0.009068414704352034
11.2375,9948.999916983827,9.098343509752611e-07,7.899873129733973e-05,7.899873129733973e-05,7.879154225602487e-10,0.00909834350975261
11.24375,9948.82939740729,9.128763963813968e-07,7.909983804542317e-05,7.909983804542317e-05,7.882180011963111e-10,0.009128763963813968
11.25,9948.656250575528,9.159653116528144e-07,7.920053429653887e-05,7.920053429653887e-05,7.885216036728117e-10,0.009159653116528143
11.256250000000001,9948.480617179359,9.190985868864962e-07,7.930073464694559e-05,7.930073464694559e-05,7.888262446931396e-10,0.009190985868864961
11.262500000000001,9948.302649850182,9.222734991586281e-07,7.940035467690038e-05,7.940035467690038e-05,7.891319380581539e-10,0.009222734991586282
11.26875,9948.12251304877,9.254871145122741e-07,7.949931108006717e-05,7.949931108006717e-05,7.894386965962347e-10,0.009254871145122742
11.275,9947.940382947607,9.287362900544628e-07,7.959752179038826e-05,7.959752179038826e-05,7.897465320940307e-10,0.009287362900544627
11.28125,9947.75644730707,9.320176761660616e-07,7.969490610612798e-05,7.969490610612798e-05,7.900554552279383e-10,0.009320176761660616
11.287500000000001,9947.57090534515,9.353277188279027e-07,7.97913848108063e-05,7.97913848108063e-05,7.903654754963515e-10,0.009353277188279028
11.293750000000001,9947.383967600008,9.386626620667275e-07,7.988688029074889e-05,7.988688029074889e-05,7.906766011527237e-10,0.009386626620667275
11.3,9947.195855786273,9.420185505246876e-07,7.99813166489907e-05,7.99813166489907e-05,7.909888391394797e-10,0.009420185505246875
11.30625,9947.006802643797,9.453912321561645e-07,8.007461981528074e-05,8.007461981528074e-05,7.913021950228228e-10,0.009453912321561645
11.3125,9946.817051778995,9.487763610557688e-07,8.016671765194761e-05,8.016671765194761e-05,7.916166729284784e-10,0.009487763610557687
11.318750000000001,9946.626857498997,9.521694004214853e-07,8.025754005539762e-05,8.025754005539762e-05,7.919322754784205e-10,0.009521694004214853
11.325000000000001,9946.436484637417,9.555656256569134e-07,8.034701905303075e-05,8.034701905303075e-05,7.922490037286255e-10,0.009555656256569133
11.33125,9946.246208372746,9.589601276166867e-07,8.043508889537341e-05,8.043508889537341e-05,7.925668571079029e-10,0.009589601276166867
11.3375,9946.056314038127,9.62347815999103e-07,8.052168614324123e-05,8.052168614324123e-05,7.928858333578497e-10,0.00962347815999103
11.34375,9945.867096922397,9.657234228900262e-07,8.060674974976055e-05,8.060674974976055e-05,7.932059284739792e-10,0.009657234228900262
11.350000000000001,9945.678862063201,9.690815064621977e-07,8.069022113709205e-05,8.069022113709205e-05,7.935271366480769e-10,0.009690815064621976
11.356250000000001,9945.491924030357,9.724164548339568e-07,8.077204426771659e-05,8.077204426771659e-05,7.93849450211835e-10,0.009724164548339569
11.3625,9945.306606700417,9.75722490091426e-07,8.085216571015898e-05,8.085216571015898e-05,7.941728595818193e-10,0.00975722490091426
11.36875,9945.12324302208,9.789936724781736e-07,8.093053469904249e-05,8.093053469904249e-05,7.944973532058262e-10,0.009789936724781735
11.375,9944.9421747714,9.822239047562263e-07,8.100710318938319e-05,8.100710318938319e-05,7.94822917510684e-10,0.009822239047562263
11.381250000000001,9944.763752297757,9.854069367423296e-07,8.10818259050507e-05,8.10818259050507e-05,7.951495368515585e-10,0.009854069367423297
11.387500000000001,9944.588334259317,9.885363700231544e-07,8.115466038133842e-05,8.115466038133842e-05,7.954771934628207e-10,0.009885363700231544
11.39375,9944.41628734886,9.916056628531542e-07,8.122556700160437e-05,8.122556700160437e-05,7.958058674105394e-10,0.009916056628531542
11.4,9944.247986008375,9.946081352384937e-07,8.129450902795971e-05,8.129450902795971e-05,7.961355365466568e-10,0.009946081352384938
11.40625,9944.083812133675,9.975369742104645e-07,8.136145262599999e-05,8.136145262599999e-05,7.964661764649139e-10,0.009975369742104645
11.412500000000001,9943.924154768116,1.0003852392915681e-06,8.142636688359069e-05,8.142636688359069e-05,7.967977604585867e-10,0.010003852392915681
11.418750000000001,9943.769409784976,1.0031458681572205e-06,8.148922382373515e-05,8.148922382373515e-05,7.971302594800991e-10,0.010031458681572205
11.425,9943.619979559091,1.005811682495913e-06,8.154999841156969e-05,8.154999841156969e-05,7.974636421025786e-10,0.01005811682495913
11.43125,9943.47627262717,1.0083753940703641e-06,8.160866855554656e-05,8.160866855554656e-05,7.977978744834202e-10,0.01008375394070364
11.4375,9943.33870333658,1.0108296109819915e-06,8.166521510288106e-05,8.166521510288106e-05,7.981329203299278e-10,0.010108296109819915
11.443750000000001,9943.2076914826,1.0131668441407128e-06,8.171962182935459e-05,8.171962182935459e-05,7.98468740867099e-10,0.010131668441407128
11.450000000000001,9943.083661934348,1.0153795139418714e-06,8.17718754235796e-05,8.17718754235796e-05,7.988052948076238e-10,0.010153795139418713
11.45625,9942.967044248611,1.0174599571516927e-06,8.182196546584749e-05,8.182196546584749e-05,7.99142538324165e-10,0.010174599571516927
11.4625,9942.858272272286,1.0194004340023935e-06,8.186988440169287e-05,8.186988440169287e-05,7.994804250239905e-10,0.010194004340023936
11.46875,9942.757783732843,1.0211931354977033e-06,8.191562751032176e-05,8.191562751032176e-05,7.998189059260272e-10,0.010211931354977033
11.475000000000001,9942.666019816901,1.0228301909291562e-06,8.195919286806248e-05,8.195919286806248e-05,8.00157929440406e-10,0.010228301909291563
11.481250000000001,9942.583424737242,1.0243036756031677e-06,8.200058130701053e-05,8.200058130701053e-05,8.004974413505685e-10,0.010243036756031677
11.4875,9942.51044528779,1.025605618778432e-06,8.203979636904831e-05,8.203979636904831e-05,8.008373847980035e-10,0.01025605618778432
11.49375,9942.447530387017,1.02672801181279e-06,8.207684425543186e-05,8.207684425543186e-05,8.011777002696849e-10,0.0102672801181279
11.5,9942.395130609453,1.027662816518215e-06,8.21117337721449e-05,8.21117337721449e-05,8.015183255882786e-10,0.01027662816518215
11.506250000000001,9942.35369770611,1.0284019737221388e-06,8.214447627122923e-05,8.214447627122923e-05,8.018591959051869e-10,0.010284019737221388
11.512500000000001,9942.323684112693,1.0289374120327533e-06,8.217508558830804e-05,8.217508558830804e-05,8.022002436964986e-10,0.010289374120327533
11.51875,9942.30554244739,1.029261056805526e-06,8.220357797652519e-05,8.220357797652519e-05,8.025413987619104e-10,0.01029261056805526
11.525,9942.299724996983,1.0293648393075065e-06,8.22299720371293e-05,8.22299720371293e-05,8.028825882266867e-10,0.010293648393075065
11.53125,9942.306683192273,1.0292407060755275e-06,8.225428864693628e-05,8.225428864693628e-05,8.032237365467207e-10,0.010292407060755274
11.537500000000001,9942.326867073083,1.0288806284638162e-06,8.227655088290782e-05,8.227655088290782e-05,8.035647655167605e-10,0.010288806284638163
11.543750000000001,9942.360724742457,1.0282766123758904e-06,8.22967839440866e-05,8.22967839440866e-05,8.039055942818604e-10,0.010282766123758905
11.55,9942.408701811291,1.0274207081750875e-06,8.231501507113112e-05,8.231501507113112e-05,8.042461393521177e-10,0.010274207081750876
11.55625,9942.471240833223,1.0263050207674047e-06,8.233127346369422e-05,8.233127346369422e-05,8.045863146207506e-10,0.010263050207674047
11.5625,9942.548780729976,1.024921719849685e-06,8.234559019588962e-05,8.234559019588962e-05,8.049260313855746e-10,0.01024921719849685
11.568750000000001,9942.641756208244,1.0232630503155905e-06,8.235799813009137e-05,8.235799813009137e-05,8.052651983739257e-10,0.010232630503155905
11.575000000000001,9942.750597167931,1.021321342811092e-06,8.236853182930834e-05,8.236853182930834e-05,8.056037217710846e-10,0.01021321342811092
11.58125,9942.875728102585,1.019089024430573e-06,8.23772274683753e-05,8.23772274683753e-05,8.059415052522444e-10,0.01019089024430573
11.5875,9943.017567492478,1.0165586295439448e-06,8.238412274419838e-05,8.238412274419838e-05,8.062784500180683e-10,0.010165586295439448
11.59375,9943.176527191075,1.0137228107445378e-06,8.238925678528977e-05,8.238925678528977e-05,8.06614454833875e-10,0.010137228107445379
11.600000000000001,9943.35301180494,1.010574349906768e-06,8.239267006082168e-05,8.239267006082168e-05,8.069494160724901e-10,0.01010574349906768
11.606250000000001,9943.547418068565,1.0071061693419733e-06,8.239440428942512e-05,8.239440428942512e-05,8.072832277607947e-10,0.010071061693419734
11.6125,9943.760134214353,1.0033113430400907e-06,8.23945023479533e-05,8.23945023479533e-05,8.076157816300002e-10,0.010033113430400907
11.61875,9943.991539338078,9.991831079841184e-07,8.239300818042304e-05,8.239300818042304e-05,8.079469671696734e-10,0.009991831079841184
11.625,9944.24200276163,9.94714875523711e-07,8.238996670734129e-05,8.238996670734129e-05,8.082766716855311e-10,0.00994714875523711
11.631250000000001,9944.511883392834,9.899002427934813e-07,8.238542373561603e-05,8.238542373561603e-05,8.086047803610206e-10,0.009899002427934813
11.637500000000001,9944.801529083747,9.84733004160982e-07,8.237942586924341e-05,8.237942586924341e-05,8.089311763226927e-10,0.00984733004160982
11.64375,9945.111275988265,9.792071626886471e-07,8.237202042095478e-05,8.237202042095478e-05,8.092557407093756e-10,0.009792071626886471
11.65,9945.441447919598,9.733169415933104e-07,8.236325532499836e-05,8.236325532499836e-05,8.095783527451464e-10,0.009733169415933104
11.65625,9945.79235570914,9.670567956863191e-07,8.235317905122181e-05,8.235317905122181e-05,8.098988898160944e-10,0.00967056795686319
11.662500000000001,9946.164296567229,9.604214227766144e-07,8.234184052061221e-05,8.234184052061221e-05,8.102172275508641e-10,0.009604214227766144
11.668750000000001,9946.55755344706,9.534057750185616e-07,8.232928902244098e-05,8.232928902244098e-05,8.1053323990496e-10,0.009534057750185615
11.675,9946.97239441285,9.460050701857381e-07,8.23155741331511e-05,8.23155741331511e-05,8.108467992487874e-10,0.00946005070185738
11.68125,9947.409072012848,9.382148028513121e-07,8.23007456371144e-05,8.23007456371144e-05,8.111577764593994e-10,0.00938214802851312
11.6875,9947.8678226592,9.300307554551674e-07,8.22848534493767e-05,8.22848534493767e-05,8.114660410159124e-10,0.009300307554551674
11.693750000000001,9948.348866015107,9.214490092373979e-07,8.226794754049835e-05,8.226794754049835e-05,8.117714610985449e-10,0.009214490092373979
11.700000000000001,9948.852404390524,9.124659550173369e-07,8.225007786358778e-05,8.225007786358778e-05,8.120739036912299e-10,0.009124659550173369
11.70625,9949.378622147666,9.030783037968569e-07,8.223129428361537e-05,8.223129428361537e-05,8.123732346877411e-10,0.009030783037968568
11.7125,9949.927685118058,8.93283097166327e-07,8.221164650908555e-05,8.221164650908555e-05,8.126693190012687e-10,0.00893283097166327
11.71875,9950.499740031193,8.830777174911945e-07,8.219118402613408e-05,8.219118402613408e-05,8.129620206773715e-10,0.008830777174911946
11.725000000000001,9951.094913957337,8.724598978569241e-07,8.216995603510848e-05,8.216995603510848e-05,8.132512030102253e-10,0.008724598978569241
11.731250000000001,9951.713313764598,8.614277317496997e-07,8.214801138967981e-05,8.214801138967981e-05,8.135367286620795e-10,0.008614277317496997
11.7375,9952.355025592693,8.499796824501552e-07,8.21253985385241e-05,8.21253985385241e-05,8.138184597858285e-10,0.008499796824501553
11.74375,9953.020114343552,8.381145921171725e-07,8.210216546960312e-05,8.210216546960312e-05,8.14096258150593e-10,0.008381145921171725
11.75,9953.708623190776,8.258316905386942e-07,8.207835965706466e-05,8.207835965706466e-05,8.143699852702017e-10,0.008258316905386942
11.756250000000001,9954.420573109279,8.131306035264917e-07,8.205402801077435e-05,8.205402801077435e-05,8.146395025344567e-10,0.008131306035264917
11.762500000000001,9955.155962425679,8.000113609317358e-07,8.202921682848211e-05,8.202921682848211e-05,8.149046713430541e-10,0.008000113609317358
11.76875,9955.914766391908,7.864744042583929e-07,8.200397175061905e-05,8.200397175061905e-05,8.151653532420295e-10,0.00786474404258393
11.775,9956.6969367819,7.725205938514726e-07,8.197833771771189e-05,8.197833771771189e-05,8.154214100625851e-10,0.007725205938514727
11.78125,9957.502401514037,7.581512156374441e-07,8.195235893039596e-05,8.195235893039596e-05,8.156727040621517e-10,0.0075815121563744415
11.787500000000001,9958.331064299517,7.433679873943127e-07,8.192607881199976e-05,8.192607881199976e-05,8.159190980675284e-10,0.0074336798739431265
11.793750000000001,9959.182804318714,7.28173064529204e-07,8.189953997366827e-05,8.189953997366827e-05,8.161604556199374e-10,0.0072817306452920404
11.8,9960.057475925763,7.125690453416436e-07,8.187278418198572e-05,8.187278418198572e-05,8.16396641121824e-10,0.007125690453416435
11.80625,9960.954908383994,6.96558975751231e-07,8.184585232905315e-05,8.184585232905315e-05,8.166275199852224e-10,0.006965589757512309
11.8125,9961.874905631856,6.801463534688553e-07,8.181878440497058e-05,8.181878440497058e-05,8.168529587815054e-10,0.006801463534688553
11.818750000000001,9962.817246081422,6.633351315912217e-07,8.179161947266857e-05,8.179161947266857e-05,8.170728253923246e-10,0.006633351315912217
11.825000000000001,9963.781682450495,6.46129721599139e-07,8.176439564503045e-05,8.176439564503045e-05,8.172869891615444e-10,0.00646129721599139
11.83125,9964.767941628823,6.285349957406682e-07,8.173715006424122e-05,8.173715006424122e-05,8.174953210479669e-10,0.006285349957406682
11.8375,9965.775724580164,6.105562887811267e-07,8.170991888329663e-05,8.170991888329663e-05,8.176976937786355e-10,0.0061055628878112665
11.84375,9966.804706280484,5.921993991027184e-07,8.16827372496024e-05,8.16827372496024e-05,8.178939820025043e-10,0.0059219939910271835
11.850000000000001,9967.8545356939,5.734705891375735e-07,8.165563929059076e-05,8.165563929059076e-05,8.180840624442497e-10,0.005734705891375735
11.856250000000001,9968.924835786464,5.543765851189234e-07,8.162865810127948e-05,8.162865810127948e-05,8.182678140580006e-10,0.0055437658511892345
11.8625,9970.015203579074,5.349245761362342e-07,8.16018257336962e-05,8.16018257336962e-05,8.18445118180755e-10,0.005349245761362342
11.86875,9971.125210240438,5.151222124812963e-07,8.157517318809e-05,8.157517318809e-05,8.186158586852481e-10,0.005151222124812963
11.875,9972.254401219858,4.949776032733859e-07,8.154873040585037e-05,8.154873040585037e-05,8.18779922132034e-10,0.004949776032733859
11.881250000000001,9973.402296421717,4.744993133529869e-07,8.152252626405348e-05,8.152252626405348e-05,8.189371979205373e-10,0.004744993133529869
11.887500000000001,9974.568390420716,4.536963594347732e-07,8.149658857155489e-05,8.149658857155489e-05,8.190875784388292e-10,0.004536963594347732
11.89375,9975.752152719902,4.3257820551206675e-07,8.147094406654791e-05,8.147094406654791e-05,8.192309592118813e-10,0.004325782055120668
11.9,9976.953028050226,4.111547575063047e-07,8.1445618415507e-05,8.1445618415507e-05,8.193672390480453e-10,0.004111547575063047
11.90625,9978.170436713237,3.8943635715662983e-07,8.142063621343635e-05,8.142063621343635e-05,8.194963201835075e-10,0.0038943635715662983
11.912500000000001,9979.40377496639,3.674337751462468e-07,8.13960209853441e-05,8.13960209853441e-05,8.196181084244651e-10,0.003674337751462468
11.918750000000001,9980.65241545112,3.451582034637447e-07,8.137179518886425e-05,8.137179518886425e-05,8.197325132867705e-10,0.003451582034637447
11.925,9981.91570766395,3.2262124699926714e-07,8.134798021794963e-05,8.134798021794963e-05,8.198394481327899e-10,0.0032262124699926715
11.93125,9983.192978470597,2.99834914377089e-07,8.132459640756012e-05,8.132459640756012e-05,8.199388303052239e-10,0.00299834914377089
11.9375,9984.48353266194,2.768116080277867e-07,8.130166303927332e-05,8.130166303927332e-05,8.200305812576368e-10,0.002768116080277867
11.943750000000001,9985.786653553429,2.535641135050796e-07,8.127919834774562e-05,8.127919834774562e-05,8.201146266814454e-10,0.002535641135050796
11.950000000000001,9987.101603625513,2.3010558805404748e-07,8.125721952795464e-05,8.125721952795464e-05,8.201908966291181e-10,0.002301055880540475
11.95625,9988.427625206108,2.06449548439296e-07,8.123574274315582e-05,8.123574274315582e-05,8.202593256333405e-10,0.00206449548439296
11.9625,9989.763941193678,1.826098580434366e-07,8.121478313348849e-05,8.121478313348849e-05,8.203198528219033e-10,0.001826098580434366
11.96875,9991.10975582068,1.5860071324804685e-07,8.119435482516943e-05,8.119435482516943e-05,8.203724220280777e-10,0.0015860071324804684
11.975000000000001,9992.464255456385,1.3443662911113462e-07,8.117447094021434e-05,8.117447094021434e-05,8.204169818962422e-10,0.0013443662911113462
11.981250000000001,9993.826609448419,1.1013242435693508e-07,8.115514360663073e-05,8.115514360663073e-05,8.20453485982535e-10,0.0011013242435693508
11.9875,9995.195971001258,8.570320569565866e-08,8.113638396902815e-05,8.113638396902815e-05,8.204818928503085e-10,0.0008570320569565866
11.99375,9996.57147809231,6.116435149273158e-08,8.11182021995948e-05,8.11182021995948e-05,8.205021661601713e-10,0.0006116435149273158
12.0,9997.952254422013,3.653149480870494e-08,8.110060750939246e-05,8.110060750939246e-05,8.205142747544085e-10,0.0003653149480870494
