t_adimensional,p_outlet_Pa,q_outlet_m3s,w_centro_m,w_max_m,volume_acumulado_m3,potencia_W
0.0,19979.101427819758,1.4322545314605902e-06,2.43733182237417e-08,2.437331822374173e-08,4.747297929285679e-13,0.028645090629211806
0.00625,19958.400563145402,2.8509594541974044e-06,7.30794770356593e-08,7.307947703565937e-08,1.4196982755617943e-12,0.05701918908394809
0.0125,19937.947187569924,4.252703056177796e-06,1.4607832600492268e-07,1.460783260049228e-07,2.8292835112162042e-12,0.08505406112355592
0.018750000000000003,19917.771632217253,5.635406636387037e-06,2.433300787032336e-07,2.4333007870323377e-07,4.697174564653523e-12,0.11270813272774073
0.025,19897.88908612443,6.99802923497944e-06,3.6479533100719e-07,3.647953310071903e-07,7.0167154679327436e-12,0.1399605846995888
0.03125,19878.304499221624,8.3402316155989e-06,5.104350668981159e-07,5.104350668981164e-07,9.78113781108419e-12,0.166804632311978
0.037500000000000006,19859.01695377807,9.662076673789222e-06,6.802106571000705e-07,6.802106571000711e-07,1.2983694031262653e-11,0.19324153347578443
0.043750000000000004,19840.022930721338,1.0963805583933779e-05,8.740838545452248e-07,8.740838545452258e-07,1.661771650439258e-11,0.21927611167867558
0.05,19821.31836158397,1.2245697172917665e-05,1.0920167891718434e-06,1.0920167891718443e-06,2.067663002532712e-11,0.2449139434583533
0.05625,19802.899653765955,1.3507997654633457e-05,1.3339719633060414e-06,1.3339719633060422e-06,2.5153940998066167e-11,0.27015995309266916
0.0625,19784.76400383412,1.475089915847906e-05,1.5999122480091677e-06,1.5999122480091684e-06,3.0043219509109676e-11,0.2950179831695812
0.06875,19766.909313072723,1.5974545516972855e-05,1.8898008802871792e-06,1.8898008802871805e-06,3.533808331915249e-11,0.3194909103394571
0.07500000000000001,19749.333948481515,1.7179048645510623e-05,2.2036014608699072e-06,2.203601460869909e-06,4.103218728395286e-11,0.34358097291021245
0.08125,19732.03650029767,1.836450516022177e-05,2.5412779522640407e-06,2.541277952264043e-06,4.711921828329419e-11,0.36729010320443545
0.08750000000000001,19715.015606045126,1.953100843651443e-05,2.902794676865022e-06,2.9027946768650245e-06,5.359289414682748e-11,0.3906201687302886
0.09375,19698.26985524787,2.0678655139373518e-05,3.288116315011555e-06,3.2881163150115585e-06,6.044696474442236e-11,0.41357310278747034
0.1,19681.79775924191,2.1807547292308555e-05,3.6972079029459546e-06,3.697207902945958e-06,6.767521376228378e-11,0.4361509458461711
0.10625000000000001,19665.597760825385,2.291779161602731e-05,4.130034830692146e-06,4.130034830692149e-06,7.527146025986806e-11,0.4583558323205462
0.1125,19649.668260716335,2.4009497715128866e-05,4.586562839883661e-06,4.586562839883664e-06,8.322955962576675e-11,0.4801899543025773
0.11875000000000001,19634.007645015256,2.5082776195821113e-05,5.066758021575164e-06,5.066758021575166e-06,9.154340390969627e-11,0.5016555239164222
0.125,19618.614305564497,2.6137737271115653e-05,5.570586814062334e-06,5.570586814062338e-06,1.0020692169217045e-10,0.522754745422313
0.13125,19603.48665096487,2.7174490005172988e-05,6.098016000723571e-06,6.098016000723573e-06,1.0921407770370664e-10,0.5434898001034597
0.1375,19588.623109613865,2.819314210573856e-05,6.649012707887181e-06,6.649012707887184e-06,1.1855887237523337e-10,0.5638628421147712
0.14375000000000002,19574.022127546894,2.9193800071455996e-05,7.223544402721437e-06,7.2235444027214394e-06,1.2823534143732595e-10,0.5838760014291199
0.15000000000000002,19559.682164021895,3.01765694950552e-05,7.821578891142055e-06,7.82157889114206e-06,1.3823755561993562e-10,0.603531389901104
0.15625,19545.60168704194,3.114155536977843e-05,8.443084315731687e-06,8.443084315731689e-06,1.4855962045368563e-10,0.6228311073955686
0.1625,19531.77917013016,3.208886231057309e-05,9.088029153667395e-06,9.088029153667397e-06,1.5919567614448295e-10,0.6417772462114617
0.16875,19518.213090768615,3.3018594661116316e-05,9.756382214654303e-06,9.756382214654305e-06,1.7013989748360417e-10,0.6603718932223264
0.17500000000000002,19504.901930294447,3.393085650080266e-05,1.0448112638865207e-05,1.0448112638865209e-05,1.8138649376009724e-10,0.6786171300160532
0.18125000000000002,19491.844174719743,3.482575158874972e-05,1.1163189894887192e-05,1.1163189894887192e-05,1.929297086546237e-10,0.6965150317749944
0.1875,19479.038315853744,3.570338328665288e-05,1.1901583777676588e-05,1.1901583777676592e-05,2.047638201077306e-10,0.7140676657330576
0.19375,19466.482852247584,3.656385449424477e-05,1.2663264406523454e-05,1.2663264406523459e-05,2.1688314016672997e-10,0.7312770898848955
0.2,19454.176289669584,3.7407267616640094e-05,1.3448202223026104e-05,1.3448202223026113e-05,2.2928201482175472e-10,0.7481453523328019
0.20625000000000002,19442.11714105291,3.823372456783183e-05,1.4256367989075672e-05,1.4256367989075684e-05,2.419548238429731e-10,0.7646744913566367
0.21250000000000002,19430.30392602462,3.904332680315452e-05,1.5087732784850084e-05,1.5087732784850092e-05,2.548959806285636e-10,0.7808665360630903
0.21875,19418.735170199496,3.9836175367534014e-05,1.5942268006816573e-05,1.5942268006816586e-05,2.680999320686822e-10,0.7967235073506803
0.225,19407.409404448135,4.061237094568298e-05,1.6819945365741902e-05,1.6819945365741913e-05,2.8156115842606783e-10,0.8122474189136596
0.23125,19396.325164292914,4.1372013903588014e-05,1.7720736884709443e-05,1.772073688470945e-05,2.952741732303981e-10,0.8274402780717602
0.23750000000000002,19385.480989510477,4.211520431562983e-05,1.8644614897142738e-05,1.864461489714274e-05,3.0923352318163503e-10,0.8423040863125966
0.24375000000000002,19374.875423955742,4.284204197660401e-05,1.9591552044835232e-05,1.959155204483524e-05,3.2343378805735477e-10,0.8568408395320802
0.25,19364.50701556812,4.355262640150302e-05,2.0561521275986245e-05,2.056152127598625e-05,3.3786958062000494e-10,0.8710525280300604
0.25625000000000003,19354.37431648409,4.424705681767747e-05,2.1554495843243272e-05,2.1554495843243276e-05,3.525355465215641e-10,0.8849411363535493
0.2625,19344.475883193067,4.49254321540631e-05,2.2570449301750833e-05,2.2570449301750836e-05,3.6742636420463015e-10,0.898508643081262
0.26875,19334.810276686694,4.558785103108893e-05,2.3609355507206017e-05,2.3609355507206024e-05,3.825367448001638e-10,0.9117570206217787
0.275,19325.376062565952,4.623441175333384e-05,2.467118861392088e-05,2.4671188613920887e-05,3.978614320227982e-10,0.9246882350666767
0.28125,19316.171811097374,4.686521230554339e-05,2.5755923072891723e-05,2.575592307289174e-05,4.13395202064828e-10,0.9373042461108678
0.28750000000000003,19307.196097230502,4.748035035159814e-05,2.6863533629875338e-05,2.6863533629875348e-05,4.291328634898568e-10,0.9496070070319629
0.29375,19298.447500581355,4.8079923235544016e-05,2.7993995323472057e-05,2.7993995323472074e-05,4.450692571267858e-10,0.9615984647108803
0.30000000000000004,19289.924605400334,4.8664027983775474e-05,2.9147283483215764e-05,2.9147283483215777e-05,4.6119925596452626e-10,0.9732805596755095
0.30625,19281.626000534387,4.923276130772134e-05,3.0323373727670624e-05,3.0323373727670627e-05,4.775177650476021e-10,0.9846552261544268
0.3125,19273.550279383595,4.978621960672825e-05,3.152224196253458e-05,3.152224196253459e-05,4.940197213727084e-10,0.995724392134565
0.31875000000000003,19265.69603985789,5.032449897111893e-05,3.2743864378749554e-05,3.274386437874956e-05,5.107000937862836e-10,1.0064899794223785
0.325,19258.061884326416,5.0847695185545803e-05,3.3988217450618256e-05,3.398821745061826e-05,5.275538828831926e-10,1.016953903710916
0.33125000000000004,19250.646419564095,5.1355903732761334e-05,3.5255277933927514e-05,3.5255277933927514e-05,5.44576120906661e-10,1.0271180746552266
0.3375,19243.44825668949,5.1849219797824856e-05,3.654502286407815e-05,3.6545022864078154e-05,5.617618716496018e-10,1.036984395956497
0.34375,19236.466011098793,5.232773827262876e-05,3.7857429554221146e-05,3.785742955422116e-05,5.791062303574443e-10,1.0465547654525753
0.35000000000000003,19229.698302398156,5.279155376051055e-05,3.91924755934002e-05,3.919247559340021e-05,5.966043236324902e-10,1.055831075210211
0.35625,19223.14375434101,5.324076058066153e-05,4.055013884470044e-05,4.055013884470045e-05,6.142513093397318e-10,1.0648152116132306
0.36250000000000004,19216.80099476838,5.3675452772059486e-05,4.193039744340331e-05,4.1930397443403316e-05,6.320423765139731e-10,1.0735090554411897
0.36875,19210.668655562873,5.409572409673085e-05,4.3333229795147524e-05,4.333322979514753e-05,6.499727452680332e-10,1.081914481934617
0.375,19204.745372611233,5.450166804226331e-05,4.4758614574096076e-05,4.4758614574096076e-05,6.680376667017813e-10,1.0900333608452661
0.38125000000000003,19199.02978577874,5.489337782361457e-05,4.620653072110921e-05,4.620653072110921e-05,6.862324228117718e-10,1.0978675564722913
0.3875,19193.520538889785,5.527094638436828e-05,4.767695744192341e-05,4.767695744192341e-05,7.04552326401296e-10,1.1054189276873656
0.39375000000000004,19188.21627971574,5.563446639766199e-05,4.916987420533629e-05,4.916987420533629e-05,7.229927209907406e-10,1.1126893279532397
0.4,19183.11565996086,5.598403026704188e-05,5.068526074139748e-05,5.068526074139748e-05,7.415489807282304e-10,1.1196806053408377
0.40625,19178.217335248344,5.631973012749269e-05,5.222309703960534e-05,5.222309703960534e-05,7.602165103006114e-10,1.126394602549854
0.41250000000000003,19173.51996509977,5.664165784685066e-05,5.378336334710966e-05,5.378336334710966e-05,7.789907448449035e-10,1.1328331569370131
0.41875,19169.022212906202,5.694990502774954e-05,5.536604016692006e-05,5.536604016692006e-05,7.978671498603964e-10,1.1389981005549907
0.42500000000000004,19164.72274589091,5.7244563010181115e-05,5.697110825612034e-05,5.697110825612034e-05,8.168412211215962e-10,1.1448912602036223
0.43125,19160.620235063074,5.7525722874685684e-05,5.859854862408841e-05,5.859854862408841e-05,8.359084845922282e-10,1.1505144574937136
0.4375,19156.713355162072,5.779347544612902e-05,6.024834253072206e-05,6.024834253072206e-05,8.55064496340492e-10,1.1558695089225803
0.44375000000000003,19153.000784596443,5.804791129797754e-05,6.192047148467006e-05,6.192047148467006e-05,8.743048424557334e-10,1.1609582259595508
0.45,19149.481205374224,5.82891207569535e-05,6.361491724156896e-05,6.361491724156896e-05,8.9362513896666e-10,1.1657824151390699
0.45625000000000004,19146.153303032443,5.851719390793812e-05,6.533166180228512e-05,6.533166180228512e-05,9.130210317611809e-10,1.1703438781587625
0.4625,19143.01576656398,5.8732220598990903e-05,6.707068741116202e-05,6.707068741116202e-05,9.324881965079108e-10,1.174644411979818
0.46875,19140.067288343875,5.893429044636701e-05,6.883197655427267e-05,6.883197655427267e-05,9.520223385793376e-10,1.1786858089273402
0.47500000000000003,19137.306564057613,5.912349283943604e-05,7.061551195767702e-05,7.061551195767702e-05,9.716191929766186e-10,1.1824698567887209
0.48125,19134.732292632394,5.929991694543387e-05,7.24212765856839e-05,7.24212765856839e-05,9.91274524255954e-10,1.1859983389086775
0.48750000000000004,19132.3431761694,5.94636517140085e-05,7.424925363911756e-05,7.424925363911756e-05,1.0109841264564651e-09,1.18927303428017
0.49375,19130.137919882443,5.961478588154789e-05,7.609942655358808e-05,7.609942655358808e-05,1.0307438230295088e-09,1.1922957176309579
0.5,19128.115232036966,5.975340797530037e-05,7.797177899776496e-05,7.797177899776496e-05,1.0505494667693563e-09,1.1950681595060073
0.50625,19126.273823891785,5.987960631731273e-05,7.986629487165324e-05,7.986629487165324e-05,1.0703969397451779e-09,1.1975921263462546
0.5125000000000001,19124.612409645546,5.999346902821816e-05,8.178295830487016e-05,8.178295830487016e-05,1.0902821532342832e-09,1.1998693805643632
0.51875,19123.129706381464,6.0095084030904495e-05,8.372175365492027e-05,8.372175365492027e-05,1.1102010476565776e-09,1.20190168061809
0.525,19121.824434016784,6.018453905408579e-05,8.568266550546528e-05,8.568266550546528e-05,1.1301495925102013e-09,1.203690781081716
0.53125,19120.695315250512,6.0261921635788226e-05,8.766567866458302e-05,8.766567866458302e-05,1.1501237863083255e-09,1.2052384327157646
0.5375,19119.741075514834,6.0327319126748444e-05,8.9670778163007e-05,8.9670778163007e-05,1.1701196565170733e-09,1.206546382534969
0.5437500000000001,19118.960442926495,6.038081869370994e-05,9.169794925233398e-05,9.169794925233398e-05,1.1901332594945347e-09,1.2076163738741987
0.55,19118.352148240963,6.0422507322596136e-05,9.374717740318018e-05,9.374717740318018e-05,1.2101606804308323e-09,1.2084501464519226
0.55625,19117.914924807203,6.0452471821535024e-05,9.581844830325786e-05,9.581844830325786e-05,1.2301980332891899e-09,1.2090494364307005
0.5625,19117.647508527916,6.047079882371488e-05,9.791174785533035e-05,9.791174785533035e-05,1.2502414607479476e-09,1.2094159764742975
0.56875,19117.548637818294,6.047757479005806e-05,0.00010002706217498468,0.00010002706217498468,1.2702871341434633e-09,1.2095514958011613
0.5750000000000001,19117.617053571612,6.047288601171511e-05,0.00010216437758813322,0.00010216437758813322,1.2903312534138406e-09,1.2094577202343022
0.58125,19117.85149912392,6.045681861239594e-05,0.00010432368062811779,0.00010432368062811779,1.3103700470434298e-09,1.2091363722479187
0.5875,19118.25072022199,6.042945855057258e-05,0.0001065049580322355,0.0001065049580322355,1.3303997720080586e-09,1.2085891710114516
0.59375,19118.813464993473,6.039089162160246e-05,0.00010870819673743204,0.00010870819673743204,1.3504167137209665e-09,1.2078178324320492
0.6000000000000001,19119.538483914763,6.034120345983239e-05,0.00011093338387480623,0.00011093338387480623,1.3704171859794374e-09,1.2068240691966476
0.6062500000000001,19120.424529780532,6.0280479540750823e-05,0.00011318050676243214,0.00011318050676243214,1.3903975309121445e-09,1.2056095908150164
0.6125,19121.470357670016,6.020880518325564e-05,0.00011544955289582024,0.00011544955289582024,1.4103541189272476e-09,1.2041761036651129
0.61875,19122.674724911907,6.0126265552101135e-05,0.00011774050993509211,0.00011774050993509211,1.430283348661301e-09,1.2025253110420226
0.625,19124.03639104485,6.003294566057715e-05,0.0001200533656876198,0.0001200533656876198,1.45018164692905e-09,1.200658913211543
0.6312500000000001,19125.55411777459,5.9928930373460245e-05,0.00012238810808445585,0.00012238810808445585,1.4700454686742048e-09,1.1985786074692049
0.6375000000000001,19127.226668926243,5.9814304410259444e-05,0.00012474472514833302,0.00012474472514833302,1.4898712969212912e-09,1.196286088205189
0.64375,19129.0528103933,5.968915234876206e-05,0.00012712320495031148,0.00012712320495031148,1.5096556427286754e-09,1.1937830469752413
0.65,19131.031310080816,5.95535586288679e-05,0.0001295235355512634,0.0001295235355512634,1.5293950451428612e-09,1.191071172577358
0.65625,19133.160937846318,5.9407607556683954e-05,0.00013194570492327284,0.00013194570492327284,1.5490860711541427e-09,1.188152151133679
0.6625000000000001,19135.4404654364,5.9251383308840064e-05,0.00013438970084464933,0.00013438970084464933,1.5687253156536885e-09,1.1850276661768013
0.6687500000000001,19137.868666421557,5.908496993697524e-05,0.00013685551076056418,0.00013685551076056418,1.5883094013921128e-09,1.1816993987395048
0.675,19140.444316129124,5.890845137233983e-05,0.00013934312159927137,0.00013934312159927137,1.607834978939572e-09,1.1781690274467966
0.68125,19143.166191574463,5.8721911430456114e-05,0.00014185251953142375,0.00014185251953142375,1.6272987266474054e-09,1.1744382286091222
0.6875,19146.033071394082,5.852543381578134e-05,0.00014438368965710282,0.00014438368965710282,1.6466973506113228e-09,1.1705086763156267
0.6937500000000001,19149.043735777617,5.83191021263218e-05,0.00014693661560180528,0.00014693661560180528,1.6660275846361195e-09,1.166382042526436
0.7000000000000001,19152.196966402043,5.810299985815293e-05,0.00014951127899875635,0.00014951127899875635,1.685286190201892e-09,1.1620599971630585
0.70625,19155.491546367448,5.787721040980865e-05,0.0001521076588305393,0.0001521076588305393,1.7044699564317058e-09,1.157544208196173
0.7125,19158.926260135602,5.7641817086512985e-05,0.00015472573059816406,0.00015472573059816406,1.723575700060669e-09,1.1528363417302596
0.71875,19162.499893470253,5.739690310423634e-05,0.00015736546528039708,0.00015736546528039708,1.7426002654063469e-09,1.1479380620847268
0.7250000000000001,19166.21123338172,5.714255159356914e-05,0.00016002682804052473,0.00016002682804052473,1.7615405243404633e-09,1.142851031871383
0.7312500000000001,19170.0590680715,5.68788456034149e-05,0.00016270977663186505,0.00016270977663186505,1.7803933762618247e-09,1.137576912068298
0.7375,19174.042186881816,5.660586810451415e-05,0.00016541425944745905,0.00016541425944745905,1.7991557480704121e-09,1.132117362090283
0.74375,19178.159380246307,5.632370199281829e-05,0.0001681402131537152,0.0001681402131537152,1.8178245941425927e-09,1.1264740398563657
0.75,19182.409439642477,5.603243009273989e-05,0.00017088755984265375,0.00017088755984265375,1.8363968963074073e-09,1.1206486018547976
0.7562500000000001,19186.791157545395,5.573213516031134e-05,0.00017365620363317798,0.00017365620363317798,1.8548696638239048e-09,1.114642703206227
0.7625000000000001,19191.30332738251,5.5422899886288755e-05,0.00017644602664891785,0.00017644602664891785,1.8732399333595067e-09,1.1084579977257751
0.76875,19195.944743489308,5.510480689923976e-05,0.00017925688429913612,0.00017925688429913612,1.891504768969395e-09,1.102096137984795
0.775,19200.714201062437,5.477793876865603e-05,0.0001820885997904906,0.0001820885997904906,1.9096612620769285e-09,1.0955587753731206
0.78125,19205.610496114754,5.44423780081297e-05,0.00018494095780165881,0.00018494095780165881,1.9277065314551176e-09,1.088847560162594
0.7875000000000001,19210.632425426826,5.4098207078630755e-05,0.00018781369726051227,0.00018781369726051227,1.9456377232091805e-09,1.0819641415726151
0.7937500000000001,19215.778786497198,5.3745508391918076e-05,0.00019070650317520093,0.00019070650317520093,1.9634520107602323e-09,1.0749101678383615
0.8,19221.04837749047,5.33843643141108e-05,0.0001936189974866362,0.0001936189974866362,1.9811465948301577e-09,1.067687286282216
0.80625,19226.439997182417,5.301485716943938e-05,0.0001965507289308041,0.0001965507289308041,1.9987187034277263e-09,1.0602971433887876
0.8125,19231.952444902123,5.26370692441875e-05,0.00019950116192530857,0.00019950116192530857,2.016165591836016e-09,1.0527413848837501
0.8187500000000001,19237.584520472807,5.2251082790827354e-05,0.00020246966452556531,0.00020246966452556531,2.0334845426012037e-09,1.045021655816547
0.8250000000000001,19243.335024147545,5.1856980032341494e-05,0.0002054554955319278,0.0002054554955319278,2.050672865522793e-09,1.0371396006468299
0.83125,19249.20275654406,5.145484316671626e-05,0.0002084577908692592,0.0002084577908692592,2.0677278976453286e-09,1.0290968633343252
0.8375,19255.186518577,5.1044754371584474e-05,0.00021147554940429414,0.00021147554940429414,2.0846470032516483e-09,1.0208950874316896
0.84375,19261.2851113892,5.06267958089889e-05,0.00021450761841247955,0.00021450761841247955,2.1014275738577185e-09,1.012535916179778
0.8500000000000001,19267.49733627892,5.0201049630233235e-05,0.00021755267895344878,0.00021755267895344878,2.1180670282090718e-09,1.0040209926046646
0.8562500000000001,19273.82199463086,4.976759798078627e-05,0.000220609231461171,0.000220609231461171,2.1345628122788748e-09,0.9953519596157254
0.8625,19280.25788784216,4.932652300520333e-05,0.00022367558189916576,0.00022367558189916576,2.150912399267625e-09,0.9865304601040665
0.86875,19286.803817252276,4.8877906852032676e-05,0.00022674982887081537,0.00022674982887081537,2.1671132896044736e-09,0.9775581370406535
0.875,19293.45858407076,4.8421831678676946e-05,0.00022982985210744596,0.00022982985210744596,2.183163010950161e-09,0.9684366335735389
0.8812500000000001,19300.22098930899,4.795837965618708e-05,0.0002329133027801491,0.0002329133027801491,2.19905911820154e-09,0.9591675931237416
0.8875000000000001,19307.089833709702,4.748763297397157e-05,0.00023599759609302284,0.00023599759609302284,2.214799193497662e-09,0.9497526594794314
0.89375,19314.063917680727,4.7009673844412625e-05,0.0002390799066135819,0.0002390799066135819,2.2303808462273895e-09,0.9401934768882525
0.9,19321.142041228617,4.652458450738912e-05,0.0002421571667787938,0.0002421571667787938,2.245801713038512e-09,0.9304916901477824
0.90625,19328.323003893904,4.6032447234712984e-05,0.00024522606898129824,0.00024522606898129824,2.2610594578483296e-09,0.9206489446942597
0.9125000000000001,19335.605604687673,4.553334433449447e-05,0.000248283071589183,0.000248283071589183,2.2761517718556842e-09,0.9106668866898894
0.9187500000000001,19342.988642028122,4.502735815545719e-05,0.0002513244091842424,0.0002513244091842424,2.2910763735544212e-09,0.9005471631091438
0.925,19350.470913678735,4.45145710912289e-05,0.0002543461072187018,0.0002543461072187018,2.3058310087482737e-09,0.890291421824578
0.93125,19358.051216684198,4.39950655846379e-05,0.00025734400119054474,0.00025734400119054474,2.3204134505671693e-09,0.879901311692758
0.9375,19365.728347309036,4.346892413204628e-05,0.0002603137603251995,0.0002603137603251995,2.3348214994849755e-09,0.8693784826409257
0.9437500000000001,19373.501100972127,4.2936229287751644e-05,0.0002632509156295972,0.0002632509156295972,2.349052983338702e-09,0.8587245857550329
0.9500000000000001,19381.368272180804,4.2397063668487414e-05,0.0002661508920573231,0.0002661508920573231,2.363105757349195e-09,0.8479412733697483
0.95625,19389.32865446461,4.1851509958049255e-05,0.0002690090443951414,0.0002690090443951414,2.3769777041433666e-09,0.8370301991609851
0.9625,19397.38104030415,4.12996509120708e-05,0.0002718206963563372,0.0002718206963563372,2.3906667337780053e-09,0.8259930182414159
0.96875,19405.524221060547,4.0741569362967494e-05,0.0002745811822500334,0.0002745811822500334,2.4041707837652254e-09,0.8148313872593499
0.9750000000000001,19413.756986898876,4.017734822506146e-05,0.0002772858904927916,0.0002772858904927916,2.4174878190996163e-09,0.8035469645012292
0.9812500000000001,19422.07812671232,3.960707049989514e-05,0.0002799303081440077,0.0002799303081440077,2.430615832287152e-09,0.7921414099979028
0.9875,19430.48642804024,3.903081928173515e-05,0.0002825100655839251,0.0002825100655839251,2.443552843375925e-09,0.780616385634703
0.99375,19438.980676987023,3.8448677763263124e-05,0.0002850209804158558,0.0002850209804158558,2.4562968999887654e-09,0.7689735552652625
1.0,19447.559658134724,3.7860729241444886e-05,0.0002874590996648026,0.0002874590996648026,2.468846077357809e-09,0.7572145848288977
1.00625,19456.222154455554,3.72670571235655e-05,0.00028982073936440617,0.00028982073936440617,2.481198478361062e-09,0.74534114247131
1.0125,19464.966947222245,3.666774493341447e-05,0.0002921025206731043,0.0002921025206731043,2.4933522335610163e-09,0.7333548986682893
1.01875,19473.792815915014,3.606287631760285e-05,0.0002943014017374583,0.0002943014017374583,2.505305501245361e-09,0.721257526352057
1.0250000000000001,19482.69853812875,3.545253505199314e-05,0.00029641470462342157,0.00029641470462342157,2.5170564674698226e-09,0.7090507010398628
1.03125,19491.68288947634,3.4836805048222e-05,0.00029844013676144865,0.00029844013676144865,2.5286033461031686e-09,0.6967361009644399
1.0375,19500.744643493825,3.4215770360297034e-05,0.00030037580649431683,0.00030037580649431683,2.5399443788743973e-09,0.6843154072059406
1.04375,19509.88257154279,3.358951519125023e-05,0.0003022202324721554,0.0003022202324721554,2.5510778354221324e-09,0.6717903038250046
1.05,19519.09544271228,3.2958123899832605e-05,0.00030397234680169593,0.00030397234680169593,2.5620020133462377e-09,0.6591624779966521
1.0562500000000001,19528.382023721297,3.232168100723842e-05,0.00030563149202016235,0.00030563149202016235,2.5727152382616598e-09,0.6464336201447684
1.0625,19537.741078820454,3.1680271203849906e-05,0.0003071974121225322,0.0003071974121225322,2.5832158638545056e-09,0.6336054240769982
1.06875,19547.17136969247,3.103397935599782e-05,0.00030867023801841686,0.00030867023801841686,2.5935022719403632e-09,0.6206795871199564
1.075,19556.6716553543,3.0382890512736893e-05,0.00031005046792641677,0.00031005046792641677,2.6035728725248655e-09,0.6076578102547379
1.08125,19566.240692057436,2.9727089912639344e-05,0.00031133894332516395,0.00031133894332516395,2.6134261038665074e-09,0.5945417982527869
1.0875000000000001,19575.877233188403,2.9066662990613397e-05,0.0003125368211679946,0.0003125368211679946,2.6230604325417232e-09,0.5813332598122679
1.09375,19585.580029169127,2.840169538475754e-05,0.0003136455431300428,0.0003136455431300428,2.6324743535122344e-09,0.5680339076951508
1.1,19595.34782735586,2.7732272943264186e-05,0.0003146668026913942,0.0003146668026913942,2.6416663901946868e-09,0.5546454588652837
1.10625,19605.17937193772,2.705848173138944e-05,0.00031560251086785264,0.00031560251086785264,2.6506350945325983e-09,0.5411696346277888
1.1125,19615.07340383351,2.638040803850749e-05,0.0003164547613830348,0.0003164547613830348,2.6593790470706438e-09,0.5276081607701498
1.1187500000000001,19625.028660587046,2.5698138385270013e-05,0.0003172257960340812,0.0003172257960340812,2.6678968570313132e-09,0.5139627677054003
1.125,19635.04387626204,2.5011759530891633e-05,0.00031791797094129836,0.00031791797094129836,2.6761871623939854e-09,0.5002351906178326
1.13125,19645.11778133212,2.43213584805827e-05,0.0003185337242931929,0.0003185337242931929,2.6842486299764647e-09,0.48642716961165394
1.1375,19655.249102570502,2.362702249315028e-05,0.00031907554610675735,0.00031907554610675735,2.6920799555190368e-09,0.4725404498630056
1.14375,19665.436562937048,2.2928839088787477e-05,0.00031954595042286125,0.00031954595042286125,2.699679863771107e-09,0.45857678177574956
1.1500000000000001,19675.678881460473,2.2226896057069222e-05,0.00031994745025254164,0.00031994745025254164,2.7070471085804892e-09,0.44453792114138446
1.15625,19685.974773118753,2.1521281465171126e-05,0.00032028253548602804,0.00032028253548602804,2.7141804729854173e-09,0.43042562930342254
1.1625,19696.32294871646,2.0812083666325577e-05,0.000320553653876257,0.000320553653876257,2.7210787693093612e-09,0.4162416733265115
1.16875,19706.72211475685,2.0099391308526667e-05,0.00032076319511569666,0.00032076319511569666,2.7277408392587274e-09,0.40198782617053336
1.175,19717.17097331121,1.9383293343493004e-05,0.00032091347794215865,0.00032091347794215865,2.73416555402353e-09,0.3876658668698601
1.1812500000000001,19727.668221885237,1.8663879035894822e-05,0.00032100674013788586,0.00032100674013788586,2.7403518143811203e-09,0.37327758071789646
1.1875,19738.212553278652,1.7941237972849065e-05,0.00032104513122783833,0.00032104513122783833,2.7462985508030657e-09,0.3588247594569813
1.19375,19748.802655444313,1.7215460073684262e-05,0.00032103070763832487,0.00032103070763832487,2.75200472356526e-09,0.34430920147368527
1.2000000000000002,19759.43721134137,1.6486635599974556e-05,0.0003209654300458997,0.0003209654300458997,2.7574693228613665e-09,0.3297327119994911
1.20625,19770.114898784454,1.5754855165840907e-05,0.0003208511626281273,0.0003208511626281273,2.762691368919669e-09,0.3150971033168181
1.2125000000000001,19780.83439029004,1.5020209748516399e-05,0.0003206896739213542,0.0003206896739213542,2.7676699121234285e-09,0.300404194970328
1.21875,19791.59435291822,1.4282790699172033e-05,0.0003204826389945669,0.0003204826389945669,2.772404033134828e-09,0.28565581398344064
1.225,19802.39344811173,1.3542689753999351e-05,0.0003202316426610973,0.0003202316426610973,2.7768928430225897e-09,0.270853795079987
1.2312500000000002,19813.230331528877,1.2799999045546764e-05,0.00031993818346955755,0.00031993818346955755,2.7811354833933495e-09,0.2559999809109353
1.2375,19824.103652876387,1.2054811114308142e-05,0.0003196036782401191,0.0003196036782401191,2.785131126526873e-09,0.24109622228616284
1.2437500000000001,19835.012055735122,1.1307218920563332e-05,0.0003192294669403315,0.0003192294669403315,2.788878975515197e-09,0.22614437841126664
1.25,19845.95417738464,1.0557315856473244e-05,0.0003188168177244881,0.0003188168177244881,2.7923782644057785e-09,0.21114631712946488
1.25625,19856.92864862193,9.80519575843446e-06,0.00031836693199064204,0.00031836693199064204,2.7956282583487398e-09,0.1961039151686892
1.2625000000000002,19867.93409357856,9.050952919701837e-06,0.000317880949338575,0.000317880949338575,2.7986282537482967e-09,0.18101905839403676
1.26875,19878.969129531062,8.294682103290748e-06,0.000317359952339353,0.000317359952339353,2.801377578418464e-09,0.16589364206581494
1.2750000000000001,19890.032366708816,7.536478555174456e-06,0.00031680497105188236,0.00031680497105188236,2.8038755917431347e-09,0.1507295711034891
1.28125,19901.12240809786,6.776438017795761e-06,0.00031621698724364043,0.00031621698724364043,2.806121684840638e-09,0.13552876035591524
1.2875,19912.237849237074,6.014656743915565e-06,0.00031559693829126187,0.00031559693829126187,2.8081152807328875e-09,0.12029313487831131
1.2937500000000002,19923.37727801238,5.251231510824651e-06,0.0003149457207518727,0.0003149457207518727,2.8098558345192395e-09,0.10502463021649301
1.3,19934.539274442253,4.486259634947936e-06,0.0003142641936080765,0.0003142641936080765,2.8113428335551937e-09,0.08972519269895872
1.3062500000000001,19945.722410459937,3.7198389868735164e-06,0.00031355318119855545,0.00031355318119855545,2.812575797636072e-09,0.07439677973747033
1.3125,19956.925249686457,2.9520680068407004e-06,0.00031281347585265004,0.00031281347585265004,2.8135542791858348e-09,0.059041360136814006
1.31875,19968.14634719711,2.183045720723292e-06,0.0003120458402514029,0.0003120458402514029,2.8142778634511926e-09,0.04366091441446584
1.3250000000000002,19979.384249281713,1.4128717565455535e-06,0.0003112510095397722,0.0003112510095397722,2.814746168701193e-09,0.02825743513091107
1.33125,19990.637493194423,6.416463615686011e-07,0.00031042969321542384,0.00031042969321542384,2.814958846432469e-09,0.012832927231372021
1.3375000000000001,20001.904606895063,-1.3052958001490987e-07,0.0003095825768190625,0.0003095825768190625,2.814915581580356e-09,-0.0026105916002981976
1.34375,20013.184108782807,-9.035545287402033e-07,0.00030871032344998497,0.00030871032344998497,2.8146160927360853e-09,-0.018071090574804067
1.35,20024.474507417443,-1.6773262708477385e-06,0.00030781357512871764,0.00030781357512871764,2.814060132370283e-09,-0.03354652541695477
1.3562500000000002,20035.774301232355,-2.4517418985432674e-06,0.00030689295402646835,0.00030689295402646835,2.8132474870630114e-09,-0.049034837970865344
1.3625,20047.081978234804,-3.2266977895070965e-06,0.00030594906357886886,0.00030594906357886886,2.812177977740605e-09,-0.06453395579014193
1.3687500000000001,20058.39601569544,-4.002089585620447e-06,0.00030498248949924986,0.00030498248949924986,2.8108514599195546e-09,-0.08004179171240895
1.375,20069.714879826777,-4.7778121708783496e-06,0.00030399380070456896,0.00030399380070456896,2.809267823957712e-09,-0.095556243417567
1.38125,20081.03702544782,-5.553759648459585e-06,0.0003029835501651769,0.0003029835501651769,2.8074269953131e-09,-0.1110751929691917
1.3875000000000002,20092.36089563698,-6.329825316924896e-06,0.00030195227568788384,0.00030195227568788384,2.8053289348106044e-09,-0.12659650633849792
1.39375,20103.684921372256,-7.105901645514598e-06,0.00030090050064029603,0.00030090050064029603,2.80297363891686e-09,-0.14211803291029196
1.4000000000000001,20115.00752115615,-7.881880248516064e-06,0.00029982873462312386,0.00029982873462312386,2.800361140023629e-09,-0.15763760497032128
1.40625,20126.32710062836,-8.657651858669609e-06,0.00029873747409609906,0.00029873747409609906,2.797491506739996e-09,-0.17315303717339217
1.4125,20137.64205216317,-9.433106299578471e-06,0.0002976272029622654,0.0002976272029622654,2.794364844193706e-09,-0.18866212599156942
1.4187500000000002,20148.950754451515,-1.0208132457084705e-05,0.00029649839311469224,0.00029649839311469224,2.7909812943419926e-09,-0.2041626491416941
1.425,20160.25157206763,-1.0982618249567187e-05,0.00029535150494907665,0.00029535150494907665,2.7873410362922494e-09,-0.21965236499134375
1.4312500000000001,20171.542855019525,-1.175645059711167e-05,0.0002941869878452317,0.0002941869878452317,2.7834442866329203e-09,-0.2351290119422334
1.4375,20182.822938281206,-1.2529515389494735e-05,0.0002930052806200739,0.0002930052806200739,2.7792912997750017e-09,-0.2505903077898947
1.44375,20194.09014130784,-1.3301697452914494e-05,0.0002918068119544086,0.0002918068119544086,2.7748823683045732e-09,-0.26603394905828986
1.4500000000000002,20205.342767530645,-1.4072880515390547e-05,0.0002905920007955537,0.0002905920007955537,2.770217823346795e-09,-0.2814576103078109
1.45625,20216.57910383153,-1.4842947170744302e-05,0.0002893612567376227,0.0002893612567376227,2.7652980349418446e-09,-0.29685894341488606
1.4625000000000001,20227.79741999418,-1.561177884105843e-05,0.00028811498038110303,0.00028811498038110303,2.7601234124332993e-09,-0.3122355768211686
1.46875,20238.995968134863,-1.637925573750065e-05,0.0002868535636732073,0.0002868535636732073,2.7546944048694984e-09,-0.327585114750013
1.475,20250.172982102147,-1.7145256819383477e-05,0.00028557739023033326,0.00028557739023033326,2.7490115014184806e-09,-0.34290513638766956
1.4812500000000002,20261.32667685402,-1.790965975131615e-05,0.0002842868356438489,0.0002842868356438489,2.7430752317971215e-09,-0.358193195026323
1.4875,20272.455247801223,-1.867234085829054e-05,0.00028298226777030835,0.00028298226777030835,2.736886166715157e-09,-0.3734468171658108
1.4937500000000001,20283.55687011952,-1.9433175078526477e-05,0.0002816640470071111,0.0002816640470071111,2.7304449183348394e-09,-0.38866350157052953
1.5,20294.62969802633,-2.0192035913886352e-05,0.0002803325265545308,0.0002803325265545308,2.7237521407470246e-09,-0.40384071827772705
1.50625,20305.671864018663,-2.094879537765273e-05,0.0002789880526649656,0.0002789880526649656,2.716808530464574e-09,-0.41897590755305464
1.5125000000000002,20316.681478069433,-2.170332393944624e-05,0.0002776309648801955,0.0002776309648801955,2.70961482693401e-09,-0.4340664787889248
1.51875,20327.656626778375,-2.245549046704488e-05,0.0002762615962573744,0.0002762615962573744,2.702171813066455e-09,-0.4491098093408976
1.5250000000000001,20338.595372473985,-2.3205162164849503e-05,0.00027488027358443156,0.00027488027358443156,2.6944803157889713e-09,-0.46410324329699004
1.53125,20349.495752263472,-2.3952204508724127e-05,0.0002734873175855132,0.0002734873175855132,2.6865412066174938e-09,-0.4790440901744826
1.5375,20360.35577702432,-2.4696481176924032e-05,0.00027208304311705306,0.00027208304311705306,2.6783554022526585e-09,-0.49392962353848063
1.5437500000000002,20371.17343033486,-2.5437853976808993e-05,0.0002706677593550239,0.0002706677593550239,2.6699238651999233e-09,-0.5087570795361799
1.55,20381.946667339518,-2.61761827670244e-05,0.0002692417699738918,0.0002692417699738918,2.661247604415482e-09,-0.523523655340488
1.5562500000000001,20392.67341354087,-2.6911325374819034e-05,0.00026780537331776106,0.00026780537331776106,2.6523276759795826e-09,-0.5382265074963807
1.5625,20403.351563519147,-2.7643137508155764e-05,0.0002663588625641731,0.0002663588625641731,2.6431651837989785e-09,-0.5528627501631153
1.56875,20413.978979566964,-2.8371472662260734e-05,0.00026490252588099475,0.00026490252588099475,2.6337612803403535e-09,-0.5674294532452147
1.5750000000000002,20424.553490240953,-2.9096182020247738e-05,0.00026343664657680845,0.00026343664657680845,2.624117167396687e-09,-0.5819236404049548
1.58125,20435.07288881775,-2.981711434744964e-05,0.00026196150324519086,0.00026196150324519086,2.614234096888642e-09,-0.5963422869489928
1.5875000000000001,20445.53493165727,-3.053411587908617e-05,0.00026047736990324427,0.00026047736990324427,2.6041133717031867e-09,-0.6106823175817234
1.59375,20455.93733645924,-3.12470302009017e-05,0.000258984516124725,0.000258984516124725,2.5937563465717814e-09,-0.6249406040180341
1.6,20466.277780414657,-3.1955698122414886e-05,0.0002574832071680868,0.0002574832071680868,2.583164428990574e-09,-0.6391139624482978
1.6062500000000002,20476.55389824329,-3.265995754243913e-05,0.0002559737040997389,0.0002559737040997389,2.572339080185172e-09,-0.6531991508487827
1.6125,20486.763280114046,-3.3359643306557706e-05,0.00025445626391279653,0.00025445626391279653,2.5612818161226574e-09,-0.6671928661311541
1.6187500000000001,20496.903469443925,-3.405458705627279e-05,0.0002529311396415795,0.0002529311396415795,2.549994208573596e-09,-0.6810917411254558
1.625,20506.97196057165,-3.4744617069595086e-05,0.00025139858047209683,0.00025139858047209683,2.5384778862268893e-09,-0.6948923413919017
1.63125,20516.966196305057,-3.542955809290106e-05,0.00024985883184873236,0.00024985883184873236,2.526734535860358e-09,-0.7085911618580212
1.6375000000000002,20526.88356533782,-3.610923116396189e-05,0.00024831213557733223,0.00024831213557733223,2.5147659035699816e-09,-0.7221846232792378
1.64375,20536.721399538856,-3.678345342614069e-05,0.0002467587299248719,0.0002467587299248719,2.5025737960607235e-09,-0.7356690685228139
1.6500000000000001,20546.47697111453,-3.745203793386749e-05,0.0002451988497158687,0.0002451988497158687,2.4901600820018358e-09,-0.7490407586773499
1.65625,20556.147489644994,-3.811479344963407e-05,0.00024363272642568537,0.00024363272642568537,2.477526693449448e-09,-0.7622958689926813
1.6625,20565.730099005545,-3.8771524232905396e-05,0.0002420605882708615,0.0002420605882708615,2.4646756273391233e-09,-0.7754304846581079
1.6687500000000002,20575.221874176495,-3.94220298215225e-05,0.00024048266029659074,0.00024048266029659074,2.4516089470508716e-09,-0.78844059643045
1.675,20584.61981795479,-4.006610480637373e-05,0.00023889916446145546,0.00023889916446145546,2.438328784048848e-09,-0.8013220961274746
1.6812500000000001,20593.920857583693,-4.070353860033799e-05,0.0002373103197195169,0.0002373103197195169,2.424837339597635e-09,-0.8140707720067597
1.6875,20603.121841315333,-4.133411520275494e-05,0.0002357163420998537,0.0002357163420998537,2.4111368865565973e-09,-0.8266823040550989
1.69375,20612.219534930635,-4.195761296095311e-05,0.00023411744478363144,0.00023411744478363144,2.3972297712532738e-09,-0.8391522592190622
1.7000000000000002,20621.210618244735,-4.2573804330664776e-05,0.0002325138381787838,0.0002325138381787838,2.383118415436185e-09,-0.8514760866132955
1.70625,20630.091681624966,-4.318245563747753e-05,0.00023090572999237826,0.00023090572999237826,2.3688053183067096e-09,-0.8636491127495506
1.7125000000000001,20638.85922256222,-4.37833268418096e-05,0.00022929332530073984,0.00022929332530073984,2.3542930586288577e-09,-0.875666536836192
1.71875,20647.50964233443,-4.4376171310250867e-05,0.00022767682661740165,0.00022767682661740165,2.3395842969148384e-09,-0.8875234262050173
1.725,20656.039242809675,-4.496073559647495e-05,0.0002260564339589508,0.0002260564339589508,2.3246817776832432e-09,-0.899214711929499
1.7312500000000002,20664.444223440772,-4.553675923529844e-05,0.0002244323449088392,0.0002244323449088392,2.3095883317854907e-09,-0.9107351847059688
1.7375,20672.7206785109,-4.610397455383199e-05,0.00022280475467922596,0.00022280475467922596,2.294306878794866e-09,-0.9220794910766398
1.7437500000000001,20680.864594688544,-4.6662106504030314e-05,0.00022117385617092232,0.00022117385617092232,2.278840429451062e-09,-0.9332421300806063
1.75,20688.871848966566,-4.721087252129308e-05,0.0002195398400315067,0.0002195398400315067,2.26319208815159e-09,-0.9442174504258616
1.75625,20696.738207049173,-4.774998241409146e-05,0.00021790289471168128,0.00021790289471168128,2.2473650554797733e-09,-0.9549996482818293
1.7625000000000002,20704.459322272844,-4.82791382898814e-05,0.00021626320651994,0.00021626320651994,2.231362630757296e-09,-0.965582765797628
1.76875,20712.03073513392,-4.879803452280955e-05,0.00021462095967561884,0.00021462095967561884,2.2151882146074582e-09,-0.9759606904561909
1.7750000000000001,20719.447873511526,-4.9306357768907e-05,0.00021297633636039928,0.00021297633636039928,2.1988453115133936e-09,-0.98612715537814
1.78125,20726.706053665308,-4.9803787034591325e-05,0.000211329516768335,0.000211329516768335,2.1823375323535825e-09,-0.9960757406918265
1.7875,20733.800482100385,-5.0289993804346467e-05,0.0002096806791544709,0.0002096806791544709,2.1656685968950436e-09,-1.0057998760869293
1.7937500000000002,20740.726258377726,-5.07646422334155e-05,0.00020802999988212318,0.00020802999988212318,2.1488423362226573e-09,-1.01529284466831
1.8,20747.478378958094,-5.1227389411209824e-05,0.00020637765346888634,0.00020637765346888634,2.1318626950811806e-09,-1.0245477882241965
1.8062500000000001,20754.051742157368,-5.1677885700904525e-05,0.00020472381263143295,0.00020472381263143295,2.1147337341046994e-09,-1.0335577140180905
1.8125,20760.4411542875,-5.2115775160344846e-05,0.0002030686483291677,0.0002030686483291677,2.097459631906571e-09,-1.042315503206897
1.81875,20766.641337053632,-5.254069604892584e-05,0.0002014123298067983,0.0002014123298067983,2.080044687001357e-09,-1.0508139209785168
1.8250000000000002,20772.64693626321,-5.295228142452463e-05,0.0001997550246358801,0.0001997550246358801,2.0624933195288978e-09,-1.0590456284904926
1.83125,20778.45253189954,-5.335015983385846e-05,0.00019809689875539328,0.00019809689875539328,2.0448100727495663e-09,-1.0670031966771691
1.8375000000000001,20784.052649595833,-5.37339560988132e-05,0.00019643811651140621,0.00019643811651140621,2.026999614278886e-09,-1.074679121976264
1.84375,20789.44177353201,-5.410329220033924e-05,0.00019477884069587993,0.00019477884069587993,2.009066737029178e-09,-1.0820658440067847
1.85,20794.614360763164,-5.445778826045105e-05,0.00019311923258466583,0.00019311923258466583,1.9910163598257155e-09,-1.089155765209021
1.8562500000000002,20799.56485697155,-5.47970636217007e-05,0.0001914594519747494,0.0001914594519747494,1.9728535276650834e-09,-1.095941272434014
1.8625,20804.287713611426,-5.5120738022239256e-05,0.00018979965722079126,0.00018979965722079126,1.9545834115840527e-09,-1.1024147604447851
1.8687500000000001,20808.7774064028,-5.5428432863244216e-05,0.00018814000527101867,0.00018814000527101867,1.9362113081083605e-09,-1.1085686572648843
1.875,20813.02845510609,-5.571977256409713e-05,0.0001864806517025193,0.0001864806517025193,1.917742638252308e-09,-1.1143954512819425
1.88125,20817.03544448634,-5.5994385999263246e-05,0.0001848217507559921,0.0001848217507559921,1.8991829460420944e-09,-1.1198877199852648
1.8875000000000002,20820.79304636451,-5.625190800937493e-05,0.0001831634553700095,0.0001831634553700095,1.8805378965382925e-09,-1.1250381601874986
1.89375,20824.296042616385,-5.649198097758223e-05,0.00018150591721484777,0.00018150591721484777,1.8618132733358348e-09,-1.1298396195516447
1.9000000000000001,20827.539348976858,-5.671425646083e-05,0.00017984928672594335,0.00017984928672594335,1.8430149755233009e-09,-1.1342851292166
1.90625,20830.518039471917,-5.691839686438134e-05,0.00017819371313703447,0.00017819371313703447,1.8241490140871737e-09,-1.1383679372876268
1.9125,20833.227371296074,-5.710407714666004e-05,0.00017653934451304813,0.00017653934451304813,1.805221507751016e-09,-1.1420815429332007
1.9187500000000002,20835.662809924972,-5.727098654035765e-05,0.00017488632778279417,0.00017488632778279417,1.7862386782441736e-09,-1.145419730807153
1.925,20837.820054247055,-5.741883027477193e-05,0.0001732348087715283,0.0001732348087715283,1.7672068449996e-09,-1.1483766054954385
1.9312500000000001,20839.695061481027,-5.754733128353833e-05,0.0001715849322334456,0.0001715849322334456,1.748132419285641e-09,-1.1509466256707666
1.9375,20841.28407164181,-5.765623188130829e-05,0.00016993684188416617,0.00016993684188416617,1.7290218977820768e-09,-1.1531246376261657
1.94375,20842.583631306454,-5.774529539253915e-05,0.00016829068043327255,0.00016829068043327255,1.709881855616287e-09,-1.154905907850783
1.9500000000000002,20843.5906164334,-5.7814307715407096e-05,0.00016664658961695756,0.00016664658961695756,1.690718938881051e-09,-1.156286154308142
1.95625,20844.302253989405,-5.7863078803949163e-05,0.0001650047102308377,0.0001650047102308377,1.6715398566610805e-09,-1.1572615760789833
1.9625000000000001,20844.71614214161,-5.789144405189399e-05,0.00016336518216298514,0.00016336518216298514,1.652351372600873e-09,-1.1578288810378798
1.96875,20844.83026878279,-5.789926556225447e-05,0.00016172814442722637,0.00016172814442722637,1.6331602960517524e-09,-1.1579853112450893
1.975,20844.643028169055,-5.788643328762898e-05,0.00016009373519675242,0.00016009373519675242,1.613973472840947e-09,-1.1577286657525796
1.9812500000000002,20844.153235469515,-5.7852866027283436e-05,0.00015846209183808003,0.00015846209183808003,1.5947977757101803e-09,-1.1570573205456687
1.9875,20843.360139041844,-5.7798512268451756e-05,0.0001568333509453985,0.0001568333509453985,1.575640094475407e-09,-1.155970245369035
1.9937500000000001,20842.263430274517,-5.772335086088033e-05,0.00015520764837533146,0.00015520764837533146,1.556507325962967e-09,-1.1544670172176066
2.0,20840.863250862523,-5.7627391515427e-05,0.00015358511928213796,0.00015358511928213796,1.5374063637804746e-09,-1.15254783030854
2.00625,20839.16019740927,-5.7510675119484476e-05,0.00015196589815337126,0.00015196589815337126,1.5183440879831603e-09,-1.1502135023896896
2.0125,20837.155323281895,-5.737327386409378e-05,0.00015035011884600942,0.00015035011884600942,1.499327354698079e-09,-1.1474654772818755
2.0187500000000003,20834.85013767514,-5.721529117981637e-05,0.00014873791462306706,0.00014873791462306706,1.480362985769574e-09,-1.1443058235963275
2.025,20832.246601875366,-5.7036861480702036e-05,0.0001471294181906921,0.0001471294181906921,1.4614577584896042e-09,-1.1407372296140408
2.03125,20829.347122749583,-5.683814971798539e-05,0.0001455247617357498,0.0001455247617357498,1.4426183954760024e-09,-1.1367629943597077
2.0375,20826.154543511973,-5.6619350747426994e-05,0.00014392407696389066,0.00014392407696389066,1.4238515547604313e-09,-1.1323870149485398
2.04375,20822.672131864867,-5.6380688516443483e-05,0.00014232749513809812,0.00014232749513809812,1.4051638201457703e-09,-1.1276137703288698
2.0500000000000003,20818.90356562841,-5.612241507930692e-05,0.0001407351471177092,0.0001407351471177092,1.3865616918899215e-09,-1.1224483015861384
2.05625,20814.852916012016,-5.584480945069794e-05,0.0001391471633979003,0.0001391471633979003,1.3680515777696126e-09,-1.1168961890139588
2.0625,20810.524628705236,-5.5548176309735804e-05,0.00013756367414962943,0.00013756367414962943,1.3496397845737562e-09,-1.1109635261947162
2.06875,20805.923502985966,-5.52328445682503e-05,0.00013598480926002674,0.00013598480926002674,1.331332510071366e-09,-1.1046568913650059
2.075,20801.05466907021,-5.4899165818476684e-05,0.00013441069837322569,0.00013441069837322569,1.3131358354939927e-09,-1.0979833163695336
2.0812500000000003,20795.923563942353,-5.45475126765267e-05,0.00013284147093162806,0.00013284147093162806,1.295055718567228e-09,-1.090950253530534
2.0875,20790.5359059133,-5.417827703889539e-05,0.0001312772562175978,0.0001312772562175978,1.2770979871201002e-09,-1.0835655407779077
2.09375,20784.8976681741,-5.379186826989719e-05,0.00012971818339558091,0.00012971818339558091,1.2592683332952544e-09,-1.0758373653979438
2.1,20779.015051605493,-5.3388711338277776e-05,0.00012816438155465024,0.00012816438155465024,1.2415723083767667e-09,-1.0677742267655554
2.10625,20772.89445711559,-5.296924492132274e-05,0.00012661597975147657,0.00012661597975147657,1.224015318246361e-09,-1.0593848984264547
2.1125000000000003,20766.542457764543,-5.2533919494585256e-05,0.00012507310705373064,0.00012507310705373064,1.2066026194728004e-09,-1.0506783898917051
2.11875,20759.9657709404,-5.208319542489478e-05,0.00012353589258392173,0.00012353589258392173,1.1893393160333594e-09,-1.0416639084978956
2.125,20753.171230828473,-5.161754108360343e-05,0.00012200446556368266,0.00012200446556368266,1.172230356660676e-09,-1.0323508216720685
2.13125,20746.16576140972,-5.1137430996098526e-05,0.00012047895535851224,0.00012047895535851224,1.155280532802957e-09,-1.0227486199219706
2.1375,20738.956350206216,-5.064334404248163e-05,0.00011895949152298908,0.00011895949152298908,1.138494477180581e-09,-1.0128668808496326
2.1437500000000003,20731.55002297162,-5.013576172301574e-05,0.00011744620384647323,0.00011744620384647323,1.121876662917629e-09,-1.0027152344603147
2.15,20723.953819505492,-4.9615166500503575e-05,0.00011593922239931336,0.00011593922239931336,1.1054314032228452e-09,-0.9923033300100715
2.15625,20716.17477074127,-4.9082040230211654e-05,0.00011443867757958058,0.00011443867757958058,1.0891628515910075e-09,-0.9816408046042331
2.1625,20708.219877247113,-4.853686268633118e-05,0.00011294470016035069,0.00011294470016035069,1.0730750024927146e-09,-0.9707372537266237
2.16875,20700.096089240553,-4.7980110192299246e-05,0.0001114574213375595,0.0001114574213375595,1.0571716925181587e-09,-0.9596022038459849
2.1750000000000003,20691.810288199023,-4.741225436062477e-05,0.00010997697277845807,0.00010997697277845807,1.0414566019385935e-09,-0.9482450872124955
2.18125,20683.369270129806,-4.683376094620319e-05,0.00010850348667069584,0.00010850348667069584,1.0259332566478762e-09,-0.9366752189240638
2.1875,20674.77973052886,-4.624508881548933e-05,0.00010703709577206313,0.00010703709577206313,1.0106050304456856e-09,-0.9249017763097865
2.19375,20666.04825104099,-4.5646689032357514e-05,0.00010557793346092625,0.00010557793346092625,9.954751476237356e-10,-0.9129337806471503
2.2,20657.181287815896,-4.503900406002918e-05,0.00010412613378739133,0.00010412613378739133,9.80546685816516e-10,-0.9007800812005836
2.2062500000000003,20648.18516152784,-4.442246707711619e-05,0.0001026818315252362,0.0001026818315252362,9.658225790787357e-10,-0.8884493415423238
2.2125,20639.06604901502,-4.379750140462268e-05,0.00010124516222465297,0.00010124516222465297,9.513056211526876e-10,-0.8759500280924535
2.21875,20629.829976476176,-4.3164520039684616e-05,9.981626226584769e-05,9.981626226584769e-05,9.369984688901608e-10,-0.8632904007936923
2.225,20620.482814149913,-4.252392529091129e-05,9.839526891354774e-05,9.839526891354774e-05,9.229036457952201e-10,-0.8504785058182257
2.23125,20611.030272389515,-4.1876108509429866e-05,9.698232037247199e-05,9.698232037247199e-05,9.090235456561319e-10,-0.8375221701885973
2.2375000000000003,20601.47789904116,-4.122144990912562e-05,9.557755584382401e-05,9.557755584382401e-05,8.953604362368736e-10,-0.8244289981825124
2.24375,20591.831078019666,-4.0560318469112496e-05,9.418111558287386e-05,9.418111558287386e-05,8.819164630009695e-10,-0.8112063693822499
2.25,20582.09502897937,-3.989307191115701e-05,9.279314095769973e-05,9.279314095769973e-05,8.686936528428094e-10,-0.7978614382231402
2.25625,20572.27480797095,-3.922005674460402e-05,9.141377450916679e-05,9.141377450916679e-05,8.556939178040762e-10,-0.7844011348920804
2.2625,20562.375308970382,-3.854160837130796e-05,9.004316001222707e-05,9.004316001222707e-05,8.429190587553943e-10,-0.7708321674261591
2.2687500000000003,20552.40126617889,-3.785805124314238e-05,8.868144253863139e-05,8.868144253863139e-05,8.303707690257691e-10,-0.7571610248628476
2.275,20542.35725698196,-3.716969906483573e-05,8.732876852115026e-05,8.732876852115026e-05,8.180506379647964e-10,-0.7433939812967146
2.28125,20532.24770546775,-3.6476855035144075e-05,8.59852858194094e-05,8.59852858194094e-05,8.059601544249328e-10,-0.7295371007028815
2.2875,20522.076886410312,-3.5779812119710535e-05,8.465114378745194e-05,8.465114378745194e-05,7.941007101533259e-10,-0.7155962423942107
2.29375,20511.848929620126,-3.507885334936195e-05,8.332649334314769e-05,8.332649334314769e-05,7.824736030847718e-10,-0.701577066987239
2.3000000000000003,20501.56782458421,-3.437425213803948e-05,8.201148703957779e-05,8.201148703957779e-05,7.710800405292918e-10,-0.6874850427607896
2.30625,20491.237425314106,-3.366627261504182e-05,8.070627913853149e-05,8.070627913853149e-05,7.599211422495867e-10,-0.6733254523008364
2.3125,20480.861455331753,-3.295516996676116e-05,7.941102568626028e-05,7.941102568626028e-05,7.489979434252185e-10,-0.6591033993352231
2.31875,20470.44351273175,-3.224119078360386e-05,7.81258845916438e-05,7.81258845916438e-05,7.383113975018049e-10,-0.6448238156720771
2.325,20459.987075263798,-3.152457340829867e-05,7.685101570693151e-05,7.685101570693151e-05,7.278623789247637e-10,-0.6304914681659735
2.3312500000000003,20449.495505387134,-3.0805548282295874e-05,7.558658091123394e-05,7.558658091123394e-05,7.176516857582414e-10,-0.6161109656459175
2.3375,20438.972055255457,-3.0084338287444344e-05,7.433274419694855e-05,7.433274419694855e-05,7.076800421907905e-10,-0.6016867657488869
2.34375,20428.419871600472,-2.9361159080592173e-05,7.308967175931597e-05,7.308967175931597e-05,6.979481009301419e-10,-0.5872231816118435
2.35,20417.842000481698,-2.8636219419187025e-05,7.185753208931529e-05,7.185753208931529e-05,6.884564454900546e-10,-0.5727243883837405
2.35625,20407.241391884032,-2.790972147634918e-05,7.063649607012034e-05,7.063649607012034e-05,6.792055923727322e-10,-0.5581944295269836
2.3625000000000003,20396.620904145297,-2.7181861144252196e-05,6.942673707735276e-05,6.942673707735276e-05,6.701959931506829e-10,-0.5436372228850439
2.36875,20385.98330819844,-2.6452828324971344e-05,6.822843108338379e-05,6.822843108338379e-05,6.614280364521747e-10,-0.5290565664994269
2.375,20375.33129162671,-2.572280720824702e-05,6.704175676595308e-05,6.704175676595308e-05,6.529020498546252e-10,-0.5144561441649405
2.38125,20364.667462519737,-2.4991976535862135e-05,6.586689562139094e-05,6.586689562139094e-05,6.446183016903612e-10,-0.4998395307172427
2.3875,20353.994353134476,-2.4260509852546685e-05,6.470403208274985e-05,6.470403208274985e-05,6.36577002769215e-10,-0.4852101970509337
2.3937500000000003,20343.314423362288,-2.3528575743504127e-05,6.35533536431713e-05,6.35533536431713e-05,6.2877830802239e-10,-0.47057151487008253
2.4000000000000004,20332.630064001696,-2.2796338058803458e-05,6.24150509848361e-05,6.24150509848361e-05,6.212223180719521e-10,-0.4559267611760692
2.40625,20321.943599847444,-2.2063956125000325e-05,6.12893181138688e-05,6.12893181138688e-05,6.139090807301754e-10,-0.4412791225000065
2.4125,20311.25729259808,-2.133158494444402e-05,6.017635250159039e-05,6.017635250159039e-05,6.068385924328286e-10,-0.4266316988888804
2.41875,20300.573343591757,-2.059937538279627e-05,5.9076355232537574e-05,5.9076355232537574e-05,6.000107996103056e-10,-0.4119875076559254
2.4250000000000003,20289.893896379643,-1.9867474345336374e-05,5.798953115969121e-05,5.798953115969121e-05,5.934256000003194e-10,-0.3973494869067275
2.4312500000000004,20279.2210391427,-1.9136024942657522e-05,5.691608906738056e-05,5.691608906738056e-05,5.870828439056751e-10,-0.38272049885315046
2.4375,20268.556806964898,-1.8405166646374215e-05,5.5856241842352996e-05,5.5856241842352996e-05,5.809823354004315e-10,-0.3681033329274843
2.44375,20257.903183966944,-1.7675035435463015e-05,5.4810206653521056e-05,5.4810206653521056e-05,5.751238334875588e-10,-0.3535007087092603
2.45,20247.262105315265,-1.6945763933850648e-05,5.377820514091809e-05,5.377820514091809e-05,5.695070532109906e-10,-0.338915278677013
2.4562500000000003,20236.635459110148,-1.6217481539847233e-05,5.276046361441088e-05,5.276046361441088e-05,5.641316667247748e-10,-0.3243496307969447
2.4625000000000004,20226.025088163038,-1.5490314547999927e-05,5.175721326273044e-05,5.175721326273044e-05,5.589973043218358e-10,-0.3098062909599985
2.46875,20215.432791673713,-1.4764386263914862e-05,5.076869037339035e-05,5.076869037339035e-05,5.541035554246772e-10,-0.2952877252782972
2.475,20204.86032680843,-1.4039817112565307e-05,4.9795136564064283e-05,4.9795136564064283e-05,5.494499695401863e-10,-0.2807963422513061
2.48125,20194.309410193964,-1.3316724740571563e-05,4.883679902598922e-05,4.883679902598922e-05,5.450360571805365e-10,-0.26633449481143123
2.4875000000000003,20183.78171932826,-1.2595224112905357e-05,4.78939307799473e-05,4.78939307799473e-05,5.408612907520366e-10,-0.25190448225810713
2.4937500000000004,20173.278893915674,-1.1875427604438471e-05,4.696679094535604e-05,4.696679094535604e-05,5.369251054136358e-10,-0.23750855208876942
2.5,20162.802537134256,-1.1157445086722956e-05,4.605564502296152e-05,4.605564502296152e-05,5.332268999066647e-10,-0.22314890173445912
2.50625,20152.354216836204,-1.0441384010359344e-05,4.516076519158151e-05,4.516076519158151e-05,5.297660373572752e-10,-0.2088276802071869
2.5125,20141.935466691928,-9.727349483279252e-06,4.4282430619283166e-05,4.4282430619283166e-05,5.265418460529322e-10,-0.19454698966558504
2.5187500000000003,20131.54778727552,-9.015444345241362e-06,4.3420927789301143e-05,4.3420927789301143e-05,5.23553620194215e-10,-0.18030888690482724
2.5250000000000004,20121.19264710071,-8.305769238813383e-06,4.25765508409055e-05,4.25765508409055e-05,5.20800620623089e-10,-0.16611538477626767
2.53125,20110.871483610015,-7.598422677088667e-06,4.1749601925312426e-05,4.1749601925312426e-05,5.182820755287338e-10,-0.15196845354177335
2.5375,20100.58570411703,-6.893501108364255e-06,4.094039157659341e-05,4.094039157659341e-05,5.159971811319331e-10,-0.1378700221672851
2.54375,20090.336686710132,-6.191098977986751e-06,4.014923909737779e-05,4.014923909737779e-05,5.139451023489652e-10,-0.12382197955973502
2.5500000000000003,20080.125781115235,-5.491308787554379e-06,3.937647295895864e-05,3.937647295895864e-05,5.121249734358703e-10,-0.10982617575108758
2.5562500000000004,20069.95430952426,-4.7942211516467545e-06,3.862243121520088e-05,3.862243121520088e-05,5.105358986139153e-10,-0.0958844230329351
2.5625,20059.82356738887,-4.0999248522391965e-06,3.788746192941252e-05,3.788746192941252e-05,5.091769526770214e-10,-0.08199849704478393
2.56875,20049.734824182757,-3.4085068909447995e-06,3.7171923613073244e-05,3.7171923613073244e-05,5.08047181581877e-10,-0.06817013781889598
2.575,20039.689324134284,-2.720052539215448e-06,3.647618567501933e-05,3.647618567501933e-05,5.0714560302141e-10,-0.05440105078430896
2.5812500000000003,20029.688286930723,-2.034645386622066e-06,3.58006288793586e-05,3.58006288793586e-05,5.064712069822583e-10,-0.04069290773244132
2.5875000000000004,20019.732908396425,-1.3523673873245681e-06,3.514564581003495e-05,3.514564581003495e-05,5.060229562868367e-10,-0.02704734774649136
2.59375,20009.824361146053,-6.732989048332237e-07,3.451164133957771e-05,3.451164133957771e-05,5.057997871205681e-10,-0.013465978096664473
2.6,19999.96379521418,2.481244844818418e-09,3.389903309915918e-05,3.4155607662657484e-05,5.058006095448129e-10,4.962489689636836e-05
2.60625,19990.15233866198,6.748957515871922e-07,3.330825194664402e-05,3.4263239254275605e-05,5.060243079960042e-10,0.013497915031743843
2.6125000000000003,19980.39109816448,1.3438687709861509e-06,3.273974242885026e-05,3.439297643049764e-05,5.064697417714679e-10,0.02687737541972302
2.6187500000000004,19970.68115957542,2.0093258855521665e-06,3.219396323375434e-05,3.454014741329259e-05,5.071357455023839e-10,0.04018651771104333
2.625,19961.023588475397,2.671194067222506e-06,3.167138762786759e-05,3.4705097500572815e-05,5.080211296143207e-10,0.05342388134445012
2.63125,19951.419430699592,3.3294016411105435e-06,3.117250387349055e-05,3.488739940937581e-05,5.091246807757533e-10,0.06658803282221087
2.6375,19941.869712850836,3.983878250436339e-06,3.069781562002154e-05,3.5084581710017746e-05,5.104451623349588e-10,0.07967756500872678
2.6437500000000003,19932.37544279413,4.6345548225827285e-06,3.0247842262961545e-05,3.529636850708169e-05,5.119813147456599e-10,0.09269109645165458
2.6500000000000004,19922.937610136058,5.281363536225049e-06,2.9823119263725773e-05,3.552316040965419e-05,5.137318559817738e-10,0.10562727072450098
2.65625,19913.55718669041,5.924237789486107e-06,2.9424198422851207e-05,3.57637174252023e-05,5.156954819416053e-10,0.11848475578972213
2.6625,19904.23512692723,6.563112169070839e-06,2.9051648098686168e-05,3.60182075545412e-05,5.178708668418106e-10,0.1312622433814168
2.66875,19894.97236841043,7.197922420338356e-06,2.8706053363173095e-05,3.6286254837076e-05,5.2025666360144e-10,0.14395844840676714
2.6750000000000003,19885.769832221224,7.828605418271415e-06,2.838801608589801e-05,3.656722288637853e-05,5.228515042163588e-10,0.15657210836542831
2.6812500000000004,19876.62842336927,8.455099139305978e-06,2.80981549371906e-05,3.686080599788129e-05,5.256540001243311e-10,0.16910198278611957
2.6875,19867.549031191425,9.07734263398566e-06,2.7837105300728533e-05,3.716672193051684e-05,5.286627425610397e-10,0.1815468526797132
2.69375,19858.532529738834,9.69527600040798e-06,2.7605519085839966e-05,3.74846957854371e-05,5.318763029073039e-10,0.19390552000815958
2.7,19849.5797781544,1.0308840358431371e-05,2.740406442952097e-05,3.781446017420445e-05,5.352932330277491e-10,0.20617680716862744
2.7062500000000003,19840.691621037287,1.091797782461341e-05,2.723342527810167e-05,3.815575534074425e-05,5.389120656011687e-10,0.2183595564922682
2.7125000000000004,19831.868888799356,1.1522631487852606e-05,2.709430083851816e-05,3.8510962789708604e-05,5.427313144428128e-10,0.2304526297570521
2.71875,19823.112398009813,1.212274538570743e-05,2.6987404889288127e-05,3.88792258694232e-05,5.467494748188276e-10,0.2424549077141486
2.725,19814.42295173164,1.2718264481367724e-05,2.6913464941557247e-05,3.925945383969674e-05,5.509650237530616e-10,0.2543652896273545
2.73125,19805.801339848516,1.3309134641254948e-05,2.687322124099142e-05,3.9652310471312246e-05,5.553764203264473e-10,0.266182692825099
2.7375000000000003,19797.248339382943,1.3895302613228805e-05,2.686742560184526e-05,4.005693644006244e-05,5.599821059691598e-10,0.2779060522645761
2.7437500000000004,19788.764714805056,1.4476716005378883e-05,2.6896840065248126e-05,4.047243011390074e-05,5.64780504745745e-10,0.2895343201075777
2.75,19780.351218334657,1.5053323265381108e-05,2.6962235374620955e-05,4.089856633853599e-05,5.697700236334063e-10,0.30106646530762216
2.75625,19772.00859023384,1.562507366039954e-05,2.7064389262174815e-05,4.133612935018249e-05,5.749490527936288e-10,0.3125014732079908
2.7625,19763.737559092842,1.6191917257515007e-05,2.7204084541647323e-05,4.1791114779637e-05,5.803159658373164e-10,0.32383834515030013
2.7687500000000003,19755.53884210825,1.6753804904662873e-05,2.7382107003805308e-05,4.2258879609138654e-05,5.858691200836118e-10,0.33507609809325745
2.7750000000000004,19747.41314535371,1.7310688212062932e-05,2.7599243112778757e-05,4.273869426286317e-05,5.916068568125598e-10,0.34621376424125866
2.78125,19739.361164044276,1.786251953412513e-05,2.7856277502986023e-05,4.3228829008652124e-05,5.97527501511774e-10,0.3572503906825026
2.7875,19731.3835827934,1.840925195181548e-05,2.8153990278254912e-05,4.372908455373303e-05,6.036293641172586e-10,0.36818503903630956
2.79375,19723.48107586407,1.895083925546703e-05,2.8493154116726904e-05,4.424669838338897e-05,6.099107392485322e-10,0.37901678510934056
2.8000000000000003,19715.654307412813,1.9487235928021434e-05,2.8874531187237284e-05,4.478047430275486e-05,6.163699064381975e-10,0.3897447185604287
2.8062500000000004,19707.90393172918,2.0018397128687134e-05,2.9298869885074322e-05,4.532561777597572e-05,6.230051303560943e-10,0.4003679425737427
2.8125,19700.230593466596,2.0544278677000528e-05,2.9766901397315062e-05,4.588079313843433e-05,6.298146610281694e-10,0.41088557354001054
2.81875,19692.634927871233,2.10648370372773e-05,3.027933611028905e-05,4.6450747576925505e-05,6.36796734050192e-10,0.421296740745546
2.825,19685.117561001975,2.1580029303441042e-05,3.083685987410824e-05,4.7040210123994136e-05,6.439495707964424e-10,0.43160058606882085
2.8312500000000003,19677.67910994677,2.2089813184217166e-05,3.144013014159157e-05,4.764260475136469e-05,6.512713786234911e-10,0.4417962636843433
2.8375000000000004,19670.320183033968,2.2594146988680238e-05,3.20897720012752e-05,4.825507792132295e-05,6.587603510691887e-10,0.4518829397736048
2.84375,19663.041380037455,2.3092989612143312e-05,3.278637412649997e-05,4.888498851336158e-05,6.664146680469779e-10,0.4618597922428662
2.85,19655.84329237911,2.358630052237827e-05,3.3530484664772846e-05,4.953429852374054e-05,6.742324960356392e-10,0.4717260104475654
2.85625,19648.726503322716,2.4074039746156318e-05,3.432260709367201e-05,5.019569026011663e-05,6.822119882645744e-10,0.48148079492312634
2.8625000000000003,19641.691588168815,2.4556167856098636e-05,3.5163196071471296e-05,5.087025474121785e-05,6.903512848947318e-10,0.49112335712197275
2.8687500000000004,19634.739114439773,2.503264595782681e-05,3.605265331236208e-05,5.1568186213353586e-05,6.98648513195273e-10,0.5006529191565362
2.875,19627.869642064532,2.5503435677403662e-05,3.699132351761636e-05,5.228089084494297e-05,7.071017877160763e-10,0.5100687135480733
2.88125,19621.083723556927,2.5968499149055106e-05,3.79794903952289e-05,5.30062613975705e-05,7.157092104561704e-10,0.5193699829811022
2.8875,19614.38190419148,2.6427799003163992e-05,3.901737280147004e-05,5.375608320103922e-05,7.244688710281886e-10,0.5285559800632799
2.8937500000000003,19607.764722173888,2.6881298354527335e-05,4.01051210383446e-05,5.4521863898137124e-05,7.333788468189316e-10,0.5376259670905467
2.9000000000000004,19601.232708809952,2.7328960790868736e-05,4.124281334116306e-05,5.530354657568968e-05,7.424372031461213e-10,0.5465792158173747
2.90625,19594.786388668417,2.7770750361597855e-05,4.2430452590268274e-05,5.611068072933311e-05,7.516419934114297e-10,0.5554150072319571
2.9125,19588.426279741536,2.8206631566809332e-05,4.366796328040851e-05,5.693280506236027e-05,7.609912592498616e-10,0.5641326313361866
2.91875,19582.152893603383,2.8636569346514048e-05,4.4955188780296326e-05,5.77786490344868e-05,7.704830306755674e-10,0.5727313869302809
2.9250000000000003,19575.96673556238,2.906052907009543e-05,4.629188891353662e-05,5.8646515923883504e-05,7.801153262241611e-10,0.5812105814019086
2.9312500000000004,19569.86830481261,2.9478476525984462e-05,4.767773789034844e-05,5.953375798622658e-05,7.898861530916168e-10,0.5895695305196892
2.9375,19563.858094581254,2.9890377911546817e-05,4.911232261735048e-05,6.044860884546005e-05,7.997935072698121e-10,0.5978075582309363
2.94375,19557.936592272807,3.0296199823176278e-05,5.0595141410143455e-05,6.138311287122623e-05,8.09835373678789e-10,0.6059239964635256
2.95,19552.10427961164,3.069590924658873e-05,5.21256031305237e-05,6.234716779843291e-05,8.200097262957967e-10,0.6139181849317746
2.9562500000000003,19546.361632779524,3.108947354731115e-05,5.370302676692682e-05,6.333284148837713e-05,8.303145282811827e-10,0.621789470946223
2.9625000000000004,19540.709122552664,3.14768604613607e-05,5.532664147316089e-05,6.435177760810994e-05,8.407477321011941e-10,0.629537209227214
2.96875,19535.14721443445,3.185803808610897e-05,5.69955870766823e-05,6.539537717380724e-05,8.513072796477505e-10,0.6371607617221795
2.975,19529.676368786368,3.2232974871326764e-05,5.870891506363666e-05,6.64720110711567e-05,8.619911023552493e-10,0.6446594974265353
2.98125,19524.297040955877,3.260163961040514e-05,6.046559004367953e-05,6.75805181651731e-05,8.727971213144606e-10,0.6520327922081028
2.9875000000000003,19519.009681402178,3.2964001431748584e-05,6.226449169325802e-05,6.87225336606307e-05,8.837232473835696e-10,0.6592800286349717
2.9937500000000004,19513.81473581957,3.332002979033637e-05,6.410441717162829e-05,6.990305079368963e-05,8.947673812964218e-10,0.6664005958067274
3.0,19508.71264525713,3.366969445944843e-05,6.598408399946252e-05,7.112253216521028e-05,9.059274137680258e-10,0.6733938891889686
3.00625,19503.703846238965,3.401296552255213e-05,6.790213338551832e-05,7.238350844892472e-05,9.172012255973669e-10,0.6802593104510425
3.0125,19498.788770878367,3.434981336534651e-05,6.985713398256393e-05,7.369091263800393e-05,9.285866877675835e-10,0.6869962673069302
3.0187500000000003,19493.967846992637,3.468020866796082e-05,7.184758604962839e-05,7.504832278286545e-05,9.400816615435584e-10,0.6936041733592164
3.0250000000000004,19489.241498214848,3.500412239730396e-05,7.387192599373525e-05,7.646296455429207e-05,9.516839985669729e-10,0.7000824479460792
3.03125,19484.610144103004,3.532152579956186e-05,7.59285312606333e-05,7.793948477209292e-05,9.633915409488756e-10,0.7064305159912372
3.0375,19480.074200246912,3.563239039283969e-05,7.801572554070815e-05,7.948635751520744e-05,9.752021213598116e-10,0.7126478078567938
3.04375,19475.63407837483,3.593668795994595e-05,8.013178425328923e-05,8.111462276154151e-05,9.871135631175596e-10,0.718733759198919
3.0500000000000003,19471.29018645486,3.623439054131529e-05,8.227494026999863e-05,8.283915694176317e-05,9.991236802725248e-10,0.7246878108263058
3.0562500000000004,19467.04292879855,3.6525470428067405e-05,8.444338983565551e-05,8.468071548974919e-05,1.0112302776908288e-09,0.730509408561348
3.0625,19462.89270615774,3.6809900155198745e-05,8.663529864357909e-05,8.667250776373443e-05,1.0234311511351447e-09,0.7361980031039749
3.06875,19458.839915823944,3.708765249490433e-05,8.884880802094704e-05,8.884880802094704e-05,1.0357240873433184e-09,0.7417530498980867
3.075,19454.884951722823,3.735870045002654e-05,9.108204117917752e-05,9.108204117917752e-05,1.048106864104817e-09,0.7471740090005308
3.0812500000000003,19451.02820450862,3.76230172476281e-05,9.3333109484117e-05,9.3333109484117e-05,1.0605772503350497e-09,0.752460344952562
3.0875000000000004,19447.27006165577,3.7880576332686134e-05,9.560011870113291e-05,9.560011870113291e-05,1.0731330061475953e-09,0.7576115266537227
3.09375,19443.61090754946,3.8131351361904386e-05,9.788117517102002e-05,9.788117517102002e-05,1.085771882924381e-09,0.7626270272380877
3.1,19440.051123573823,3.837531619764071e-05,0.00010017439187391527,0.00010017439187391527,1.098491623383848e-09,0.7675063239528142
3.10625,19436.591088199497,3.8612444901946713e-05,0.00010247789434015658,0.00010247789434015658,1.111289961647141e-09,0.7722488980389343
3.1125000000000003,19433.231177068385,3.884271173071681e-05,0.00010478982636918497,0.00010478982636918497,1.1241646233023586e-09,0.7768542346143361
3.1187500000000004,19429.971763078316,3.9066091127943626e-05,0.00010710835552014194,0.00010710835552014194,1.1371133254668995e-09,0.7813218225588725
3.125,19426.813216464005,3.9282557720076984e-05,0.0001094316783407149,0.0001094316783407149,1.1501337768479393e-09,0.7856511544015397
3.13125,19423.755904879217,3.949208631048368e-05,0.00011175802530398678,0.00011175802530398678,1.163223677801071e-09,0.7898417262096735
3.1375,19420.80019347562,3.9694651874005306e-05,0.00011408566542650286,0.00011408566542650286,1.1763807203871405e-09,0.7938930374801061
3.1437500000000003,19417.94644498109,3.989022955161168e-05,0.0001164129105444291,0.0001164129105444291,1.189602588427312e-09,0.7978045910322336
3.1500000000000004,19415.195019775485,4.007879464514698e-05,0.0001187381192284857,0.0001187381192284857,1.20288695755639e-09,0.8015758929029395
3.15625,19412.54627596715,4.026032261216683e-05,0.00012105970032224596,0.00012105970032224596,1.2162314952744312e-09,0.8052064522433366
3.1625,19410.000569466094,4.043478906086365e-05,0.0001233761160923393,0.0001233761160923393,1.229633860996674e-09,0.808695781217273
3.16875,19407.558254057512,4.060216974507856e-05,0.0001256858849830348,0.0001256858849830348,1.243091706101814e-09,0.8120433949015712
3.1750000000000003,19405.219681472296,4.0762440559397876e-05,0.00012798758397155916,0.00012798758397155916,1.2566026739786565e-09,0.8152488111879576
3.1812500000000004,19402.985201458763,4.091557753433275e-05,0.00013027985052427014,0.00013027985052427014,1.2701644000711678e-09,0.8183115506866551
3.1875,19400.8551618508,4.1061556831580606e-05,0.00013256138415742072,0.00013256138415742072,1.2837745119219587e-09,0.8212311366316121
3.19375,19398.829908635467,4.120035473936709e-05,0.00013483094760966788,0.00013483094760966788,1.2974306292142233e-09,0.8240070947873418
3.2,19396.90978602131,4.1331947667868184e-05,0.00013708736763666851,0.00013708736763666851,1.3111303638121594e-09,0.8266389533573637
3.2062500000000003,19395.09513650235,4.145631214471162e-05,0.00013932953544103092,0.00013932953544103092,1.3248713197998993e-09,0.8291262428942324
3.2125000000000004,19393.386300923798,4.1573424810557835e-05,0.00014155640675352882,0.00014155640675352882,1.3386510935189748e-09,0.8314684962111567
3.21875,19391.783618544618,4.168326241476041e-05,0.00014376700158381554,0.00014376700158381554,1.3524672736043446e-09,0.8336652482952082
3.225,19390.28742710014,4.178580181110695e-05,0.00014596040366088222,0.00014596040366088222,1.366317441019009e-09,0.835716036222139
3.23125,19388.8980628627,4.18810199536413e-05,0.0001481357595851796,0.0001481357595851796,1.3801991690872412e-09,0.837620399072826
3.2375000000000003,19387.615860701426,4.1968893892568745e-05,0.0001502922777156612,0.0001502922777156612,1.3941100235264603e-09,0.8393778778513749
3.2437500000000004,19386.44115414083,4.204940077024629e-05,0.0001524292268160104,0.0001524292268160104,1.4080475624777753e-09,0.8409880154049258
3.25,19385.37427541837,4.212251781726063e-05,0.0001545459344849885,0.0001545459344849885,1.4220093365352298e-09,0.8424503563452126
3.25625,19384.415555539315,4.218822234859703e-05,0.00015664178539620064,0.00015664178539620064,1.435992888773776e-09,0.8437644469719406
3.2625,19383.56532433273,4.2246491759903064e-05,0.0001587162193726314,0.0001587162193726314,1.4499957547760115e-09,0.8449298351980613
3.2687500000000003,19382.82391050363,4.2297303523851837e-05,0.00016076872932107314,0.00016076872932107314,1.4640154626577089e-09,0.8459460704770367
3.2750000000000004,19382.191641683912,4.234063518661004e-05,0.00016279885905108138,0.00016279885905108138,1.4780495330921765e-09,0.8468127037322009
3.28125,19381.668844484004,4.237646436441733e-05,0.00016480620100236122,0.00016480620100236122,1.492095479333484e-09,0.8475292872883466
3.2875,19381.255844539308,4.240476874028421e-05,0.00016679039390354901,0.00016679039390354901,1.5061508072385945e-09,0.8480953748056842
3.29375,19380.952966557776,4.242552606081668e-05,0.00016875112038422822,0.00016875112038422822,1.520213015288443e-09,0.8485105212163336
3.3000000000000003,19380.76053436355,4.24387141331777e-05,0.00017068810456073556,0.00017068810456073556,1.534279594608009e-09,0.8487742826635539
3.3062500000000004,19380.678870939217,4.244431082219567e-05,0.00017260110961490568,0.00017260110961490568,1.5483480289854297e-09,0.8488862164439134
3.3125,19380.708298466176,4.24422940476331e-05,0.00017448993538339154,0.00017448993538339154,1.5624157948902086e-09,0.8488458809526621
3.31875,19380.84913836121,4.2432641781628854e-05,0.0001763544159736179,0.0001763544159736179,1.5764803614905754e-09,0.8486528356325771
3.325,19381.101711311494,4.2415332046330284e-05,0.00017819441742079802,0.00017819441742079802,1.5905391906700625e-09,0.8483066409266057
3.3312500000000003,19381.466337306203,4.239034291173299e-05,0.00018000983539879687,0.00018000983539879687,1.6045897370433639e-09,0.8478068582346598
3.3375000000000004,19381.943335664266,4.235765249374835e-05,0.00018180059299597993,0.00018180059299597993,1.6186294479715543e-09,0.847153049874967
3.34375,19382.53302505966,4.231723895252142e-05,0.00018356663856556652,0.00018356663856556652,1.6326557635767508e-09,0.8463447790504284
3.35,19383.235723540743,4.2269080491024664e-05,0.00018530794365843024,0.00018530794365843024,1.6466661167563088e-09,0.8453816098204933
3.35625,19384.051748547823,4.221315535395605e-05,0.00018702450104477147,0.00018702450104477147,1.660657933196651e-09,0.844263107079121
3.3625000000000003,19384.98141692271,4.214944182697293e-05,0.00018871632282964443,0.00018871632282964443,1.674628631386845e-09,0.8429888365394586
3.3687500000000004,19386.02504491599,4.207791823629768e-05,0.00019038343866596447,0.00019038343866596447,1.6885756226320477e-09,0.8415583647259536
3.375,19387.18294818611,4.199856294873407e-05,0.00019202589406736015,0.00019202589406736015,1.702496311066957e-09,0.8399712589746814
3.38125,19388.4554417917,4.19113543721388e-05,0.0001936437488220754,0.0001936437488220754,1.7163880936694188e-09,0.8382270874427761
3.3875,19389.84284017916,4.181627095639668e-05,0.0001952370755080757,0.0001952370755080757,1.7302483602743572e-09,0.8363254191279336
3.3937500000000003,19391.345457158735,4.171329119495355e-05,0.0001968059581085711,0.0001968059581085711,1.7440744935882139e-09,0.834265823899071
3.4000000000000004,19392.963605873774,4.1602393626967e-05,0.00019835049072633828,0.00019835049072633828,1.7578638692040984e-09,0.83204787253934
3.40625,19394.697598759158,4.14835568401404e-05,0.00019987077639450242,0.00019987077639450242,1.77161385561788e-09,0.829671136802808
3.4125,19396.547747489196,4.1356759474313634e-05,0.00020136692598082782,0.00020136692598082782,1.7853218142454683e-09,0.8271351894862726
3.41875,19398.514362912876,4.122198022588977e-05,0.00020283905718205422,0.00020283905718205422,1.798985099441561e-09,0.8244396045177955
3.4250000000000003,19400.597754975603,4.107919785318599e-05,0.0002042872936044061,0.0002042872936044061,1.8126010585201663e-09,0.8215839570637198
3.4312500000000004,19402.79823262649,4.092839118280431e-05,0.00020571176392608206,0.00020571176392608206,1.8261670317772365e-09,0.8185678236560862
3.4375,19405.11610370892,4.0769539117127286e-05,0.00020711260113729786,0.00020711260113729786,1.8396803525157854e-09,0.8153907823425457
3.44375,19407.551674833114,4.060262064305257e-05,0.0002084899418533027,0.0002084899418533027,1.8531383470739013e-09,0.8120524128610515
3.45,19410.10525122888,4.0427614842090765e-05,0.0002098439256957038,0.0002098439256957038,1.8665383348561076e-09,0.8085522968418153
3.4562500000000003,19412.77713657574,4.024450090196076e-05,0.00021117469473741398,0.00021117469473741398,1.879877628368566e-09,0.8048900180392152
3.4625000000000004,19415.567632811133,4.0053258129828226e-05,0.00021248239300657217,0.00021248239300657217,1.8931535332586677e-09,0.8010651625965646
3.46875,19418.477039909576,3.985386596734409e-05,0.0002137671660448691,0.0002137671660448691,1.9063633483596093e-09,0.7970773193468818
3.475,19421.505655635436,3.964630400765135e-05,0.00021502916051583477,0.00021502916051583477,1.9195043657406064e-09,0.792926080153027
3.48125,19424.65377526285,3.94305520145412e-05,0.0002162685238588009,0.0002162685238588009,1.932573870763455e-09,0.7886110402908241
3.4875000000000003,19427.921691262545,3.920658994395154e-05,0.00021748540398443532,0.00021748540398443532,1.9455691421462217e-09,0.7841317988790308
3.4937500000000004,19431.309692950123,3.897439796801366e-05,0.0002186799490079502,0.0002186799490079502,1.9584874520348994e-09,0.7794879593602733
3.5,19434.81806609594,3.873395650186561e-05,0.00021985230701630602,0.00021985230701630602,1.971326066083956e-09,0.7746791300373123
3.50625,19438.447092489685,3.8485246233463817e-05,0.000221002625865962,0.000221002625865962,1.9840822435467603e-09,0.7697049246692763
3.5125,19442.197049457518,3.822824815663645e-05,0.00022213105300796055,0.00022213105300796055,1.9967532373769666e-09,0.7645649631327289
3.5187500000000003,19446.068209329125,3.796294360763527e-05,0.00022323773533736824,0.00022323773533736824,2.009336294342011e-09,0.7592588721527055
3.5250000000000004,19450.06083884975,3.7689314305454e-05,0.0002243228190643321,0.0002243228190643321,2.0218286551499754e-09,0.75378628610908
3.53125,19454.17519853249,3.7407342396192985e-05,0.00022538644960423896,0.00022538644960423896,2.0342275545911543e-09,0.7481468479238597
3.5375,19458.41154194757,3.711701050176011e-05,0.00022642877148468956,0.00022642877148468956,2.046530221695764e-09,0.7423402100352022
3.54375,19462.77011494474,3.6818301773208126e-05,0.00022744992826721148,0.00022744992826721148,2.05873387990933e-09,0.7363660354641626
3.5500000000000003,19467.251154801717,3.651119994901609e-05,0.00022845006248183977,0.00022845006248183977,2.070835747287396e-09,0.7302239989803218
3.5562500000000004,19471.854889298207,3.619568941863049e-05,0.0002294293155728836,0.0002294293155728836,2.082833036711288e-09,0.7239137883726098
3.5625,19476.58153570653,3.587175529158603e-05,0.00023038782785437926,0.00023038782785437926,2.0947229561267937e-09,0.7174351058317207
3.56875,19481.43129969748,3.553938347252999e-05,0.00023132573847389317,0.00023132573847389317,2.1065027088077072e-09,0.7107876694505998
3.575,19486.40437415441,3.519856074247456e-05,0.00023224318538349404,0.00023224318538349404,2.118169493646306e-09,0.7039712148494912
3.5812500000000003,19491.500937891942,3.484927484660082e-05,0.00023314030531685354,0.00023314030531685354,2.1297205054729302e-09,0.6969854969320164
3.5875000000000004,19496.721154274728,3.4491514588933204e-05,0.00023401723377156208,0.00023401723377156208,2.141152935406944e-09,0.6898302917786641
3.59375,19502.065169731464,3.412526993419628e-05,0.00023487410499586347,0.00023487410499586347,2.1524639712414558e-09,0.6825053986839257
3.6,19507.533112159002,3.375053211715533e-05,0.0002357110519791152,0.0002357110519791152,2.1636507978642816e-09,0.6750106423431066
3.60625,19513.125089213885,3.336729375972746e-05,0.00023652820644537572,0.00023652820644537572,2.1747105977177256e-09,0.6673458751945492
3.6125000000000003,19518.841186485613,3.297554899613231e-05,0.00023732569884960114,0.00023732569884960114,2.1856405512998416e-09,0.6595109799226462
3.6187500000000004,19524.68146555068,3.257529360632913e-05,0.00023810365837601002,0.00023810365837601002,2.196437837709925e-09,0.6515058721265826
3.625,19530.645961900525,3.2166525157960036e-05,0.00023886221293823728,0.00023886221293823728,2.2070996352410504e-09,0.6433305031592007
3.63125,19536.734682743787,3.174924315698853e-05,0.00023960148918095522,0.00023960148918095522,2.2176231220225413e-09,0.6349848631397706
3.6375,19542.947604679255,3.132344920718594e-05,0.00024032161248269061,0.00024032161248269061,2.2280054767153007e-09,0.6264689841437188
3.6437500000000003,19549.28467123763,3.088914717857784e-05,0.00024102270695960747,0.00024102270695960747,2.2382438792629765e-09,0.6177829435715568
3.6500000000000004,19555.74579029305,3.0446343384916455e-05,0.0002417048954700635,0.0002417048954700635,2.2483355117019495e-09,0.608926867698329
3.65625,19562.33083134001,2.999504677019376e-05,0.00024236829961977874,0.00024236829961977874,2.2582775590331426e-09,0.5999009354038752
3.6625,19569.039622641674,2.9535269104154204e-05,0.0002430130397674832,0.0002430130397674832,2.268067210158635e-09,0.5907053820830841
3.66875,19575.871948247062,2.9067025186704293e-05,0.00024363923503093146,0.00024363923503093146,2.277701658886028e-09,0.5813405037340859
3.6750000000000003,19582.82754488087,2.859033306105021e-05,0.0002442470032931935,0.0002442470032931935,2.287178105003458e-09,0.5718066612210042
3.6812500000000004,19589.906098709638,2.8105214235323254e-05,0.0002448364612091453,0.0002448364612091453,2.2964937554280665e-09,0.5621042847064651
3.6875,19597.10724198892,2.7611693912377398e-05,0.00024540772421209796,0.00024540772421209796,2.3056458254306394e-09,0.552233878247548
3.69375,19604.430549596822,2.7109801227362713e-05,0.000245960906520514,0.000245960906520514,2.314631539938993e-09,0.5421960245472542
3.7,19611.87553546041,2.6599569492594616e-05,0.00024649612114476985,0.00024649612114476985,2.3234481349225196e-09,0.5319913898518923
3.7062500000000003,19619.44164888519,2.6081036449151213e-05,0.0002470134798939302,0.0002470134798939302,2.3320928588601297e-09,0.5216207289830243
3.7125000000000004,19627.12827079566,2.5554244524540074e-05,0.00024751309338250625,0.00024751309338250625,2.340562974293599e-09,0.5110848904908015
3.71875,19634.934709896508,2.501924109568313e-05,0.00024799507103717575,0.00024799507103717575,2.348855759468083e-09,0.5003848219136626
3.725,19642.860198771745,2.4476078756373084e-05,0.00024845952110344493,0.00024845952110344493,2.35696851006128e-09,0.4895215751274617
3.73125,19650.90388993043,2.3924815588259475e-05,0.00024890655065223704,0.00024890655065223704,2.364898541002419e-09,0.47849631176518953
3.7375000000000003,19659.06485181452,2.336551543432568e-05,0.00024933626558639447,0.00024933626558639447,2.3726431883818864e-09,0.46731030868651363
3.7437500000000004,19667.3420647909,2.279824817372389e-05,0.000249748770647082,0.000249748770647082,2.3801998114519554e-09,0.4559649634744778
3.75,19675.734417138454,2.2223089996740417e-05,0.000250144169420082,0.000250144169420082,2.3875657947186497e-09,0.44446179993480833
3.75625,19684.24070105201,2.1640123678573187e-05,0.0002505225643419719,0.0002505225643419719,2.3947385501243533e-09,0.43280247357146373
3.7625,19692.859608687784,2.1049438850515902e-05,0.0002508840567061757,0.0002508840567061757,2.4017155193203087e-09,0.42098877701031806
3.7687500000000003,19701.58972826358,2.0451132267060465e-05,0.00025122874666888296,0.00025122874666888296,2.4084941760276436e-09,0.4090226453412093
3.7750000000000004,19710.429540245685,1.9845308067352722e-05,0.0002515567332548254,0.0002515567332548254,2.415072028485063e-09,0.3969061613470545
3.78125,19719.377413638795,1.9232078029366834e-05,0.000251868114362907,0.000251868114362907,2.4214466219807853e-09,0.3846415605873367
3.7875,19728.43160240948,1.861156181510171e-05,0.0002521629867716785,0.0002521629867716785,2.427615541465753e-09,0.3722312363020342
3.79375,19737.590242063456,1.7983887205050644e-05,0.0002524414461446502,0.0002524414461446502,2.4335764142445583e-09,0.3596777441010129
3.8000000000000003,19746.851346408326,1.7349190320153144e-05,0.000252703587035437,0.000252703587035437,2.439326912739938e-09,0.34698380640306287
3.8062500000000004,19756.21280452345,1.670761582940694e-05,0.0002529495028927278,0.0002529495028927278,2.4448647573260786e-09,0.3341523165881388
3.8125,19765.672377967334,1.605931714129975e-05,0.0002531792860650744,0.0002531792860650744,2.450187719225378e-09,0.321186342825995
3.81875,19775.227698246243,1.5404456577214953e-05,0.00025339302780549145,0.00025339302780549145,2.455293623462679e-09,0.30808913154429907
3.825,19784.876264575545,1.474320552497414e-05,0.00025359081827586454,0.00025359081827586454,2.460180351870399e-09,0.2948641104994828
3.8312500000000003,19794.615441953967,1.4075744570702882e-05,0.0002537727465511568,0.0002537727465511568,2.464845846137365e-09,0.2815148914140576
3.8375000000000004,19804.44245958286,1.3402263607244836e-05,0.0002539389006234116,0.0002539389006234116,2.4692881108935833e-09,0.2680452721448967
3.84375,19814.354409650576,1.2722961917404048e-05,0.0002540893674055447,0.0002540893674055447,2.4735052168226027e-09,0.254459238348081
3.85,19824.348246510024,1.2038048230366006e-05,0.00025422423273492107,0.00025422423273492107,2.477495303792576e-09,0.2407609646073201
3.85625,19834.420786269176,1.1347740749735051e-05,0.00025434358137671313,0.00025434358137671313,2.4812565839966156e-09,0.22695481499470102
3.8625000000000003,19844.568706817343,1.065226715172914e-05,0.00025444749702703583,0.00025444749702703583,2.4847873450925525e-09,0.2130453430345828
3.8687500000000004,19854.788548307253,9.951864552192486e-06,0.00025453606231585666,0.00025453606231585666,2.488085953331758e-09,0.19903729104384973
3.875,19865.076714107465,9.246779441221705e-06,0.000254609358809677,0.000254609358809677,2.4911508566663006e-09,0.18493558882443412
3.88125,19875.42947224559,8.537267584351844e-06,0.000254667467013985,0.000254667467013985,2.493980587823347e-09,0.17074535168703686
3.8875,19885.842957350353,7.823593889413392e-06,0.00025471046637547817,0.00025471046637547817,2.4965737673354348e-09,0.15647187778826785
3.8937500000000003,19896.313173106053,7.106032238350117e-06,0.0002547384352840561,0.0002547384352840561,2.4989291065149976e-09,0.14212064476700234
3.9000000000000004,19906.83599522494,6.3848652834784305e-06,0.0002547514510745855,0.0002547514510745855,2.501045410361362e-09,0.1276973056695686
3.90625,19917.407174943328,5.6603842078714055e-06,0.0002547495900284383,0.0002547495900284383,2.502921580388318e-09,0.11320768415742812
3.9125,19928.022343044286,4.932888449762584e-06,0.0002547329273748068,0.0002547329273748068,2.504556617360348e-09,0.0986577689952517
3.91875,19938.67701440028,4.20268539108457e-06,0.0002547015372918002,0.0002547015372918002,2.505949623925612e-09,0.0840537078216914
3.9250000000000003,19949.36659303813,3.470090010484576e-06,0.00025465549290732667,0.00025465549290732667,2.507099807133928e-09,0.06940180020969153
3.9312500000000004,19960.0863777104,2.735424501389546e-06,0.00025459486629976805,0.00025459486629976805,2.5080064808281575e-09,0.05470849002779092
3.9375,19970.831567967525,1.999017855927762e-06,0.00025451972849845317,0.00025451972849845317,2.5086690678976758e-09,0.039980357118555236
3.94375,19981.59727071172,1.26120541574767e-06,0.00025443014948393927,0.00025443014948393927,2.509087102382962e-09,0.0252241083149534
3.95,19992.378507215155,5.223283910073757e-07,0.0002543261981881089,0.0002543261981881089,2.509260231420753e-09,0.010446567820147513
3.9562500000000003,20003.170220581927,-2.1726665096292313e-07,0.0002542079424940932,0.0002542079424940932,2.5091882170197117e-09,-0.004345333019258463
3.9625000000000004,20013.967283625898,-9.572283256007868e-07,0.00025407544923603155,0.00025407544923603155,2.508870937657129e-09,-0.019144566512015737
3.96875,20024.764507138243,-1.6972009977140792e-06,0.0002539287841986792,0.0002539287841986792,2.508308389687823e-09,-0.03394401995428158
3.975,20035.556648512567,-2.436825372602499e-06,0.00025376801211687513,0.00025376801211687513,2.5075006885571036e-09,-0.04873650745204998
3.98125,20046.33842069519,-3.175739109362493e-06,0.0002535931966748824,0.0002535931966748824,2.5064480698104586e-09,-0.06351478218724986
3.9875000000000003,20057.104501419162,-3.913577453862773e-06,0.0002534044005056145,0.0002534044005056145,2.5051508898934312e-09,-0.07827154907725546
3.9937500000000004,20067.849542689495,-4.649973888716222e-06,0.00025320168518976136,0.00025320168518976136,2.503609626736063e-09,-0.09299947777432443
4.0,20078.56818047378,-5.384560797431018e-06,0.00025298511125482914,0.00025298511125482914,2.5018248801172e-09,-0.10769121594862036
4.0062500000000005,20089.25504455661,-6.116970139800394e-06,0.00025275473817410794,0.00025275473817410794,2.499797371804934e-09,-0.12233940279600787
4.0125,20099.90476851526,-6.846834135487698e-06,0.0002525106243655825,0.0002525106243655825,2.497527945470467e-09,-0.13693668270975395
4.01875,20110.511999766903,-7.5737859526833515e-06,0.0002522528271908002,0.0002522528271908002,2.495017566373718e-09,-0.15147571905366702
4.025,20121.071409644657,-8.297460398652843e-06,0.0002519814029537112,0.0002519814029537112,2.4922673208200393e-09,-0.16594920797305687
4.03125,20131.577703455318,-9.0174946089616e-06,0.00025169640689949574,0.00025169640689949574,2.489278415388488e-09,-0.180349892179232
4.0375000000000005,20142.02563046927,-9.733528732153595e-06,0.00025139789321339327,0.00025139789321339327,2.4860521759331536e-09,-0.1946705746430719
4.04375,20152.409993797202,-1.0445206606676042e-05,0.00025108591501954723,0.00025108591501954723,2.4825900463601185e-09,-0.20890413213352083
4.05,20162.7256601087,-1.1152176426882558e-05,0.0002507605243798813,0.0002507605243798813,2.4788935871836634e-09,-0.22304352853765116
4.05625,20172.967569145505,-1.18540913950114e-05,0.0002504217722930195,0.0002504217722930195,2.474964473866374e-09,-0.237081827900228
4.0625,20183.13074298556,-1.2550610356123548e-05,0.00025006970869326505,0.00025006970869326505,2.47080449494879e-09,-0.25101220712247097
4.0687500000000005,20193.210295017525,-1.3241398413095962e-05,0.00024970438244965144,0.00024970438244965144,2.4664155499752153e-09,-0.26482796826191923
4.075,20203.201438581626,-1.392612751889834e-05,0.0002493258413650779,0.0002493258413650779,2.4617996472232083e-09,-0.2785225503779668
4.08125,20213.099495243652,-1.4604477043534501e-05,0.0002489341321755436,0.0002489341321755436,2.4569589012451614e-09,-0.29208954087069
4.0875,20222.899902660825,-1.5276134313202434e-05,0.0002485293005494911,0.0002485293005494911,2.45189553023117e-09,-0.30552268626404866
4.09375,20232.598222010936,-1.5940795119416143e-05,0.0002481113910872742,0.0002481113910872742,2.4466118532031492e-09,-0.31881590238832286
4.1000000000000005,20242.190144953198,-1.659816419603813e-05,0.00024768044732075846,0.00024768044732075846,2.4411102870508367e-09,-0.3319632839207626
4.10625,20251.671500093755,-1.724795566238986e-05,0.0002472365117130694,0.0002472365117130694,2.435393343420924e-09,-0.3449591132477972
4.1125,20261.038258932353,-1.7889893430838034e-05,0.00024677962565849813,0.00024677962565849813,2.429463625471088e-09,-0.35779786861676066
4.11875,20270.286541272326,-1.8523711577493562e-05,0.0002463098294825769,0.0002463098294825769,2.4233238245011553e-09,-0.37047423154987125
4.125,20279.412620074254,-1.9149154674906698e-05,0.0002458271624423357,0.0002458271624423357,2.416976716473991e-09,-0.382983093498134
4.1312500000000005,20288.41292574361,-1.9765978085892448e-05,0.0002453316627267517,0.0002453316627267517,2.410425158438998e-09,-0.39531956171784893
4.1375,20297.28404984207,-2.037394821787354e-05,0.0002448233674574044,0.0002448233674574044,2.4036720848713096e-09,-0.4074789643574708
4.14375,20306.022748217096,-2.0972842737380987e-05,0.0002443023126893482,0.0002443023126893482,2.3967205039398903e-09,-0.41945685474761973
4.15,20314.62594354918,-2.1562450744602885e-05,0.0002437685334122154,0.0002437685334122154,2.3895734937177766e-09,-0.4312490148920577
4.15625,20323.090727317503,-2.2142572908117867e-05,0.00024322206355156486,0.00024322206355156486,2.3822341983476605e-09,-0.4428514581623573
4.1625000000000005,20331.41436119038,-2.2713021560188823e-05,0.0002426629359704897,0.0002426629359704897,2.374705824175889e-09,-0.45426043120377646
4.16875,20339.594277849643,-2.3273620753222383e-05,0.00024209118247150118,0.00024209118247150118,2.366991635867748e-09,-0.46547241506444764
4.175,20347.62808125884,-2.3824206278220004e-05,0.000241506833798706,0.000241506833798706,2.3590949525166307e-09,-0.47648412556440006
4.18125,20355.51354639432,-2.436462564625303e-05,0.00024090991964029624,0.00024090991964029624,2.3510191437593476e-09,-0.4872925129250606
4.1875,20363.248618451325,-2.4894738034188098e-05,0.00024030046863137336,0.00024030046863137336,2.342767625909424e-09,-0.4978947606837619
4.1937500000000005,20370.831411553376,-2.5414414196066996e-05,0.00023967850835712948,0.00023967850835712948,2.334343858119773e-09,-0.50828828392134
4.2,20378.260206978768,-2.59235363417074e-05,0.0002390440653564122,0.0002390440653564122,2.3257513385856055e-09,-0.518470726834148
4.20625,20385.533450936877,-2.642199798423488e-05,0.00023839716512570207,0.00023839716512570207,2.316993600797879e-09,-0.5284399596846976
4.2125,20392.64975191678,-2.6909703758383474e-05,0.0002377378321235348,0.0002377378321235348,2.3080742098569695e-09,-0.5381940751676695
4.21875,20399.60787763778,-2.7386569211509902e-05,0.00023706608977540455,0.00023706608977540455,2.298996758855613e-09,-0.5477313842301981
4.2250000000000005,20406.406751631625,-2.7852520569355773e-05,0.00023638196047918796,0.00023638196047918796,2.28976486533949e-09,-0.5570504113871154
4.23125,20413.04544948658,-2.830749447866219e-05,0.0002356854656111343,0.0002356854656111343,2.2803821678531167e-09,-0.5661498895732439
4.2375,20419.523194785703,-2.8751437728792845e-05,0.0002349766255324708,0.0002349766255324708,2.270852322578011e-09,-0.5750287545758569
4.24375,20425.839354771462,-2.9184306954554294e-05,0.00023425545959667937,0.00023425545959667937,2.261179000069357e-09,-0.5836861390910859
4.25,20431.99343576565,-2.9606068322417704e-05,0.00023352198615750523,0.00023352198615750523,2.2513658820966755e-09,-0.5921213664483541
4.2562500000000005,20437.985078381946,-3.001669720234333e-05,0.00023277622257776703,0.00023277622257776703,2.2414166585932693e-09,-0.6003339440468666
4.2625,20443.81405255896,-3.0416177827390618e-05,0.0002320181852390429,0.0002320181852390429,2.2313350247184926e-09,-0.6083235565478123
4.26875,20449.48025244652,-3.080450294326216e-05,0.0002312478895523167,0.0002312478895523167,2.2211246780361823e-09,-0.6160900588652433
4.275,20454.983691175665,-3.1181673449881e-05,0.00023046534996967703,0.00023046534996967703,2.2107893158118905e-09,-0.62363346899762
4.28125,20460.324495542292,-3.154769803703833e-05,0.00022967057999717056,0.00022967057999717056,2.200332632430883e-09,-0.6309539607407666
4.2875000000000005,20465.502900633484,-3.190259281607467e-05,0.00022886359220892165,0.00022886359220892165,2.189758316938221e-09,-0.6380518563214934
4.29375,20470.51924442164,-3.2246380949472125e-05,0.00022804439826264227,0.00022804439826264227,2.179070050701613e-09,-0.6449276189894425
4.3,20475.373962356098,-3.257909228014115e-05,0.00022721300891666676,0.00022721300891666676,2.168271505197149e-09,-0.6515818456028231
4.30625,20480.067581973515,-3.290076296208286e-05,0.0002263694340486596,0.0002263694340486596,2.157366339917446e-09,-0.6580152592416573
4.3125,20484.60071755231,-3.321143509399836e-05,0.00022551368267615773,0.00022551368267615773,2.146358200401241e-09,-0.6642287018799672
4.3187500000000005,20488.974064830243,-3.351115635730272e-05,0.00022464576297912453,0.00022464576297912453,2.135250716382967e-09,-0.6702231271460544
4.325,20493.188395806366,-3.3799979659882824e-05,0.00022376568232470665,0.00022376568232470665,2.1240475000604027e-09,-0.6759995931976565
4.33125,20497.244553644592,-3.407796278681705e-05,0.00022287344729440283,0.00022287344729440283,2.112752144478099e-09,-0.6815592557363409
4.3375,20501.143447695376,-3.434516805915325e-05,0.0002219690637138714,0.0002219690637138714,2.101368222023903e-09,-0.6869033611830649
4.34375,20504.886048647826,-3.4601662001718725e-05,0.00022105253668562046,0.00022105253668562046,2.089899283035587e-09,-0.6920332400343745
4.3500000000000005,20508.47338382695,-3.484751502081467e-05,0.00022012387062484635,0.00022012387062484635,2.078348854514313e-09,-0.6969503004162935
4.35625,20511.90653264649,-3.508280109252825e-05,0.00021918306929870446,0.00021918306929870446,2.066720438941401e-09,-0.701656021850565
4.3625,20515.186622223257,-3.530759746227916e-05,0.00021823013586932,0.00021823013586932,2.0550175131946907e-09,-0.7061519492455832
4.36875,20518.31482316632,-3.5521984356104746e-05,0.00021726507294086682,0.00021726507294086682,2.043243527560595e-09,-0.7104396871220949
4.375,20521.292345539776,-3.5726044704080095e-05,0.00021628788261106682,0.00021628788261106682,2.0314019048378316e-09,-0.7145208940816019
4.3812500000000005,20524.120435009732,-3.591986387616605e-05,0.00021529856652748586,0.00021529856652748586,2.019496039528706e-09,-0.7183972775233209
4.3875,20526.80036917253,-3.610352943068171e-05,0.0002142971259490271,0.0002142971259490271,2.0075292971137673e-09,-0.7220705886136343
4.39375,20529.333454072217,-3.62771308755064e-05,0.00021328356181304678,0.00021328356181304678,1.995505013405613e-09,-0.725542617510128
4.4,20531.721020900568,-3.644075944203165e-05,0.0002122578748085444,0.0002122578748085444,1.983426493977622e-09,-0.728815188840633
4.40625,20533.964422884746,-3.659450787180665e-05,0.00021122006545590347,0.00021122006545590347,1.9712970136634007e-09,-0.7318901574361331
4.4125000000000005,20536.065032357867,-3.673847021574873e-05,0.00021017013419368584,0.00021017013419368584,1.959119816122787e-09,-0.7347694043149746
4.41875,20538.024238008795,-3.68727416457275e-05,0.00020910808147300744,0.00020910808147300744,1.9468981134703027e-09,-0.7374548329145499
4.425,20539.84344231061,-3.699741827827395e-05,0.00020803390786004907,0.00020803390786004907,1.934635085962039e-09,-0.7399483655654789
4.43125,20541.524059120457,-3.71125970101156e-05,0.00020694761414727898,0.00020694761414727898,1.9223338817370564e-09,-0.742251940202312
4.4375,20543.06751144722,-3.721837536519598e-05,0.00020584920147398946,0.00020584920147398946,1.909997616609489e-09,-0.7443675073039195
4.4437500000000005,20544.47522938207,-3.731485135279928e-05,0.00020473867145676957,0.00020473867145676957,1.897629373907677e-09,-0.7462970270559857
4.45,20545.748648183107,-3.740212333637112e-05,0.0002036160263305587,0.0002036160263305587,1.885232204356775e-09,-0.7480424667274224
4.45625,20546.889206512562,-3.748028991260117e-05,0.00020248126910094217,0.00020248126910094217,1.872809126001445e-09,-0.7496057982520233
4.4625,20547.898344814406,-3.754944980031505e-05,0.00020133440370836758,0.00020133440370836758,1.8603631241653697e-09,-0.7509889960063011
4.46875,20548.777503829893,-3.7609701738708556e-05,0.00020017543520497292,0.00020017543520497292,1.8478971514445052e-09,-0.7521940347741711
4.4750000000000005,20549.52812324187,-3.766114439444885e-05,0.0001990043699447274,0.0001990043699447274,1.8354141277311174e-09,-0.753222887888977
4.48125,20550.151640442204,-3.770387627716303e-05,0.000197821215787592,0.000197821215787592,1.8229169402658358e-09,-0.7540775255432606
4.4875,20550.64948941283,-3.7737995662833635e-05,0.00019662598231840806,0.00019662598231840806,1.810408443715096e-09,-0.7547599132566727
4.49375,20551.023099717968,-3.776360052462451e-05,0.00019541868108121973,0.00019541868108121973,1.7978914602715108e-09,-0.7552720104924903
4.5,20551.27389559465,-3.778078847066701e-05,0.00019419932582972663,0.00019419932582972663,1.7853687797748625e-09,-0.7556157694133403
4.5062500000000005,20551.40329514159,-3.778965668834547e-05,0.00019296793279454925,0.00019296793279454925,1.772843159851562e-09,-0.7557931337669095
4.5125,20551.412709592787,-3.779030189463378e-05,0.00019172452096796803,0.00019172452096796803,1.7603173260705704e-09,-0.7558060378926755
4.51875,20551.30354267558,-3.7782820292047705e-05,0.00019046911240676998,0.00019046911240676998,1.7477939721139175e-09,-0.7556564058409541
4.525,20551.077190044354,-3.776730752979429e-05,0.00018920173255380075,0.00018920173255380075,1.735275759960101e-09,-0.7553461505958858
4.53125,20550.735038782634,-3.774385866971631e-05,0.00018792241057877593,0.00018792241057877593,1.7227653200787712e-09,-0.7548771733943263
4.5375000000000005,20550.2784669711,-3.7712568156648045e-05,0.00018663117973885453,0.00018663117973885453,1.7102652516352435e-09,-0.7542513631329609
4.54375,20549.70884331375,-3.767352979281763e-05,0.00018532807775941586,0.00018532807775941586,1.6977781227034928e-09,-0.7534705958563527
4.55,20549.02752681872,-3.7626836715950955e-05,0.0001840131472354096,0.0001840131472354096,1.6853064704864079e-09,-0.7525367343190191
4.55625,20548.235866527728,-3.757258138075131e-05,0.0001826864360535705,0.0001826864360535705,1.6728528015421833e-09,-0.7514516276150263
4.5625,20547.335201291113,-3.75108555434497e-05,0.00018134799783569653,0.00018134799783569653,1.660419592015832e-09,-0.750217110868994
4.5687500000000005,20546.326859582543,-3.744175024913968e-05,0.00017999789240308894,0.00017999789240308894,1.6480092878748979e-09,-0.7488350049827935
4.575,20545.212159351046,-3.7365355821630514e-05,0.00017863618626214197,0.00017863618626214197,1.6356243051485275e-09,-0.7473071164326103
4.58125,20543.99240790649,-3.728176185557142e-05,0.0001772629531109456,0.0001772629531109456,1.6232670301691573e-09,-0.7456352371114283
4.5875,20542.6689018337,-3.719105721061792e-05,0.00017587827436663293,0.00017587827436663293,1.61093981981613e-09,-0.7438211442123583
4.59375,20541.242926935134,-3.7093330007429375e-05,0.00017448223971305924,0.00017448223971305924,1.5986450017606408e-09,-0.7418666001485875
4.6000000000000005,20539.71575819532,-3.698866762530394e-05,0.0001730749476682452,0.0001730749476682452,1.5863848747114653e-09,-0.7397733525060788
4.60625,20538.088659768444,-3.6877156701273064e-05,0.00017165650617085185,0.00017165650617085185,1.5741617086609892e-09,-0.7375431340254612
4.6125,20536.36288498309,-3.6758883130493765e-05,0.00017022703318478032,0.00017022703318478032,1.5619777451311067e-09,-0.7351776626098753
4.61875,20534.539676366167,-3.6633932067790814e-05,0.00016878665732080562,0.00016878665732080562,1.5498351974186088e-09,-0.7326786413558163
4.625,20532.620265679016,-3.650238793021533e-05,0.00016733551847396115,0.00016733551847396115,1.5377362508397225e-09,-0.7300477586043066
4.6312500000000005,20530.6058739681,-3.6364334400498644e-05,0.0001658737684751897,0.0001658737684751897,1.5256830629735063e-09,-0.7272866880099729
4.6375,20528.49771162715,-3.621985443129238e-05,0.0001644015717555712,0.0001644015717555712,1.5136777639038392e-09,-0.7243970886258476
4.64375,20526.2969784694,-3.606903025009682e-05,0.00016291910602122232,0.00016291910602122232,1.501722456459777e-09,-0.7213806050019363
4.65,20524.004863806924,-3.59119433647899e-05,0.0001614265629367491,0.0001614265629367491,1.4898192164540754e-09,-0.718238867295798
4.65625,20521.622546540544,-3.574867456967828e-05,0.00015992414881491044,0.00015992414881491044,1.4779700929197079e-09,-0.7149734913935656
4.6625000000000005,20519.151195253846,-3.55793039520008e-05,0.00015841208530993078,0.00015841208530993078,1.466177108344228e-09,-0.711586079040016
4.66875,20516.59196831347,-3.540391089882255e-05,0.00015689061011167895,0.00015689061011167895,1.454442258901846e-09,-0.708078217976451
4.675,20513.946013975314,-3.5222574104264544e-05,0.00015535997763770973,0.00015535997763770973,1.4427675146831093e-09,-0.7044514820852908
4.68125,20511.21447049427,-3.503537157702086e-05,0.0001538204597199512,0.0001538204597199512,1.4311548199220928e-09,-0.7007074315404173
4.6875,20508.398466236627,-3.4842380648120726e-05,0.0001522723462826104,0.0001522723462826104,1.4196060932210136e-09,-0.6968476129624145
4.6937500000000005,20505.49911979729,-3.464367797889826e-05,0.00015071594600767085,0.00015071594600767085,1.4081232277722064e-09,-0.6928735595779653
4.7,20502.517540118082,-3.4439339569137464e-05,0.00014915158698416308,0.00014915158698416308,1.3967080915773985e-09,-0.6887867913827492
4.70625,20499.45482660898,-3.422944076536395e-05,0.00014757961733721412,0.00014757961733721412,1.3853625276642365e-09,-0.684588815307279
4.7125,20496.312069270614,-3.401405626925904e-05,0.00014600040583271815,0.00014600040583271815,1.3740883543000238e-09,-0.6802811253851807
4.71875,20493.090348818678,-3.3793260146174743e-05,0.00014441434245332616,0.00014441434245332616,1.3628873652026357e-09,-0.6758652029234948
4.7250000000000005,20489.7907368097,-3.356712583373144e-05,0.00014282183894132795,0.00014282183894132795,1.3517613297485855e-09,-0.6713425166746289
4.73125,20486.414295766863,-3.333572615048236e-05,0.00014122332930389708,0.00014122332930389708,1.3407119931782182e-09,-0.6667145230096472
4.7375,20482.962079307694,-3.309913330463153e-05,0.00013961927027609106,0.00013961927027609106,1.3297410767980139e-09,-0.6619826660926306
4.74375,20479.435132271465,-3.285741890279363e-05,0.00013801014173694796,0.00013801014173694796,1.3188502781799893e-09,-0.6571483780558727
4.75,20475.834490847938,-3.261065395878596e-05,0.00013639644707399867,0.00013639644707399867,1.3080412713581837e-09,-0.6522130791757192
4.7562500000000005,20472.161182705866,-3.235890890244437e-05,0.0001347787134915218,0.0001347787134915218,1.297315707022223e-09,-0.6471781780488873
4.7625,20468.416227121263,-3.2102253588456236e-05,0.0001331574922579096,0.0001331574922579096,1.2866752127079568e-09,-0.6420450717691247
4.76875,20464.600635107992,-3.184075730520467e-05,0.00013153335888758884,0.00013153335888758884,1.2761213929851636e-09,-0.6368151461040934
4.775,20460.715409544726,-3.1574488783619305e-05,0.00012990691325305123,0.00012990691325305123,1.265655829642322e-09,-0.6314897756723861
4.78125,20456.76154530591,-3.130351620602955e-05,0.0001282787796226963,0.0001282787796226963,1.255280081868447e-09,-0.6260703241205909
4.7875000000000005,20452.740029390403,-3.1027907215017376e-05,0.0001266496066203746,0.0001266496066203746,1.2449956864319942e-09,-0.6205581443003475
4.79375,20448.65184105039,-3.074772892226692e-05,0.00012502006710274314,0.00012502006710274314,1.2348041578568282e-09,-0.6149545784453384
4.800000000000001,20444.49795192037,-3.0463047917409166e-05,0.00012339085795080724,0.00012339085795080724,1.2247069885952606e-09,-0.6092609583481833
4.80625,20440.27932614689,-3.017393027685975e-05,0.00012176269977232326,0.00012176269977232326,1.2147056491981587e-09,-0.603478605537195
4.8125,20435.996920516107,-2.988044157264949e-05,0.00012013633651207532,0.00012013633651207532,1.2048015884821263e-09,-0.5976088314529898
4.8187500000000005,20431.651684583663,-2.958264688124632e-05,0.00011851253496741464,0.00011851253496741464,1.1949962336937625e-09,-0.5916529376249263
4.825,20427.244560803003,-2.9280610792368456e-05,0.00011689208420686145,0.00011689208420686145,1.1852909906709963e-09,-0.5856122158473691
4.831250000000001,20422.77648465319,-2.8974397417788817e-05,0.00011527579489001499,0.00011527579489001499,1.175687244001506e-09,-0.5794879483557763
4.8375,20418.248384767965,-2.8664070400130595e-05,0.00011366449848749488,0.00011366449848749488,1.1661863571782212e-09,-0.573281408002612
4.84375,20413.661183064185,-2.834969292165433e-05,0.00011205904640014487,0.00011205904640014487,1.1567896727519127e-09,-0.5669938584330866
4.8500000000000005,20409.015794868825,-2.803132771303728e-05,0.00011046030897726471,0.00011046030897726471,1.147498512480873e-09,-0.5606265542607456
4.85625,20404.31312904797,-2.7709037062145486e-05,0.00010886917443419429,0.00010886917443419429,1.138314177477689e-09,-0.5541807412429097
4.862500000000001,20399.55408813417,-2.7382882822799706e-05,0.0001072865476701529,0.0001072865476701529,1.1292379483531087e-09,-0.5476576564559942
4.86875,20394.739568454595,-2.705292642353597e-05,0.00010571334898783305,0.00010571334898783305,1.1202710853570042e-09,-0.5410585284707194
4.875,20389.870460259062,-2.6719228876362215e-05,0.00010415051271685515,0.00010415051271685515,1.1114148285164334e-09,-0.5343845775272443
4.8812500000000005,20384.94764784671,-2.6381850785512228e-05,0.00010259898574380543,0.00010259898574380543,1.1026703977707987e-09,-0.5276370157102446
4.8875,20379.972009694906,-2.6040852356198295e-05,0.00010105972595220003,0.00010105972595220003,1.0940389931041056e-09,-0.5208170471239659
4.893750000000001,20374.94441858638,-2.5696293403364273e-05,9.953370057633468e-05,9.953370057633468e-05,1.085521794674319e-09,-0.5139258680672855
4.9,20369.865741736765,-2.5348233360440728e-05,9.802188447359154e-05,9.802188447359154e-05,1.0771199629398188e-09,-0.5069646672088146
4.90625,20364.736840923295,-2.4996731288104012e-05,9.652525832037479e-05,9.652525832037479e-05,1.068834638782952e-09,-0.49993462576208025
4.9125000000000005,20359.558572611364,-2.4641845883041305e-05,9.504480673742913e-05,9.504480673742913e-05,1.0606669436306773e-09,-0.4928369176608261
4.91875,20354.331788083768,-2.4283635486723632e-05,9.358151635085717e-05,9.358151635085717e-05,1.0526179795723064e-09,-0.48567270973447263
4.925000000000001,20349.057333568227,-2.3922158094189072e-05,9.213637379568509e-05,9.213637379568509e-05,1.0446888294743294e-09,-0.47844316188378144
4.93125,20343.736050365722,-2.3557471362838696e-05,9.071036366932898e-05,9.071036366932898e-05,1.0368805570923272e-09,-0.47114942725677394
4.9375,20338.368774979666,-2.3189632621247374e-05,8.930446644277818e-05,8.930446644277818e-05,1.0291942071799638e-09,-0.4637926524249475
4.9437500000000005,20332.956339243643,-2.2818698877992374e-05,8.791965633773667e-05,8.791965633773667e-05,1.0216308055950502e-09,-0.4563739775598475
4.95,20327.499570451804,-2.244472683050217e-05,8.655689917833975e-05,8.655689917833975e-05,1.0141913594026778e-09,-0.4488945366100434
4.956250000000001,20321.999291487053,-2.2067772873928594e-05,8.52171502263919e-05,8.52171502263919e-05,1.0068768569754093e-09,-0.44135545747857186
4.9625,20316.456320951736,-2.168789311004501e-05,8.390135200934375e-05,8.390135200934375e-05,9.99688268090521e-10,-0.4337578622009002
4.96875,20310.871473297895,-2.1305143356173727e-05,8.26104321504442e-05,8.26104321504442e-05,9.926265440242858e-10,-0.42610286712347456
4.9750000000000005,20305.24555895735,-2.091957915414598e-05,8.13453012106585e-05,8.134837930135619e-05,9.856926176432864e-10,-0.4183915830829196
4.98125,20299.57938447393,-2.0531255779297543e-05,8.010685055203859e-05,8.017976810199525e-05,9.788874034927473e-10,-0.4106251155859509
4.987500000000001,20293.873752634,-2.0140228249503777e-05,7.889595023226105e-05,7.910767932199441e-05,9.722117978818711e-10,-0.40280456499007555
4.99375,20288.129462600482,-1.9746551334257386e-05,7.771344694001316e-05,7.811284302804824e-05,9.656666789661673e-10,-0.39493102668514773
5.0,20282.347310044486,-1.9350279563792952e-05,7.656016198080583e-05,7.718230298366108e-05,9.592529068267548e-10,-0.38700559127585904
5.0062500000000005,20276.528087280727,-1.8951467238261857e-05,7.54368893226245e-05,7.630703873266661e-05,9.529713235466251e-10,-0.37902934476523714
5.0125,20270.672583400457,-1.8550168436961824e-05,7.434439371059602e-05,7.54800809872995e-05,9.468227532838461e-10,-0.37100336873923645
5.018750000000001,20264.781584408483,-1.814643702762512e-05,7.328340885955123e-05,7.469726574875889e-05,9.40808002341686e-10,-0.3629287405525024
5.025,20258.855873358807,-1.774032667576981e-05,7.225463573300285e-05,7.395342179991076e-05,9.349278592356386e-10,-0.35480653351539615
5.03125,20252.896230492173,-1.7331890854118536e-05,7.125874091663644e-05,7.32454002148092e-05,9.291830947573265e-10,-0.34663781708237074
5.0375000000000005,20246.903433375206,-1.6921182852089464e-05,7.02963550939343e-05,7.25696935934597e-05,9.235744620352593e-10,-0.3384236570417893
5.04375,20240.878257038697,-1.650825578536424e-05,6.936807163101842e-05,7.192506521596788e-05,9.181026965924188e-10,-0.3301651157072848
5.050000000000001,20234.82147411965,-1.609316260553792e-05,6.8474445277216e-05,7.130908528755431e-05,9.127685164006468e-10,-0.32186325211075845
5.05625,20228.73385500289,-1.5675956109856118e-05,6.761599098722202e-05,7.071937394834131e-05,9.075726219318052e-10,-0.31351912219712236
5.0625,20222.616167964377,-1.5256688951044654e-05,6.679318287006346e-05,7.015520469505722e-05,9.025156962056783e-10,-0.30513377902089306
5.0687500000000005,20216.469179316282,-1.4835413647237486e-05,6.600645326936457e-05,6.961594218249248e-05,8.975984048345833e-10,-0.2967082729447497
5.075,20210.2936535532,-1.4412182592008477e-05,6.525619197867669e-05,6.909779374678808e-05,8.928213960646578e-10,-0.28824365184016953
5.081250000000001,20204.09035350013,-1.3987048064513282e-05,6.454274559487697e-05,6.860349824378078e-05,8.88185300813783e-10,-0.27974096129026566
5.0875,20197.860040462583,-1.356006223974746e-05,6.386641701186199e-05,6.812971566945744e-05,8.836907327061094e-10,-0.2712012447949492
5.09375,20191.603474377313,-1.3131277198927444e-05,6.322746505597302e-05,6.767505014417995e-05,8.793382881031397e-10,-0.26262554397854887
5.1000000000000005,20185.321413965987,-1.2700744940001175e-05,6.262610426379419e-05,6.724033263885738e-05,8.751285461313293e-10,-0.2540148988000235
5.10625,20179.014616891083,-1.2268517388295344e-05,6.206250480217051e-05,6.682683627863689e-05,8.710620687061565e-10,-0.24537034776590688
5.112500000000001,20172.683839912756,-1.1834646407306839e-05,6.153679252950509e-05,6.64301870313378e-05,8.671394005526166e-10,-0.23669292814613677
5.11875,20166.329839048558,-1.139918380964593e-05,6.104904919662117e-05,6.605097004732977e-05,8.633610692220889e-10,-0.22798367619291862
5.125,20159.95336973526,-1.09621813681393e-05,6.059931278471929e-05,6.568948565575624e-05,8.597275851055226e-10,-0.21924362736278602
5.1312500000000005,20153.555186994232,-1.0523690827101176e-05,6.018757797723057e-05,6.53451138101878e-05,8.56239441442888e-10,-0.21047381654202352
5.1375,20147.136045597414,-1.0083763913781431e-05,5.981379676166768e-05,6.50185245641807e-05,8.528971143288322e-10,-0.20167527827562862
5.143750000000001,20140.69670023718,-9.642452349999663e-06,5.947787915691174e-05,6.470970736151383e-05,8.497010627144792e-10,-0.19284904699999328
5.15,20134.237905700556,-9.199807863974618e-06,5.917969406075036e-05,6.441692510015376e-05,8.46651728405309e-10,-0.18399615727949237
5.15625,20127.760417041936,-8.755882202359194e-06,5.8919070211904e-05,6.414020660350606e-05,8.437495360550471e-10,-0.17511764404718388
5.1625000000000005,20121.264989764462,-8.310727142490905e-06,5.869579726024844e-05,6.387963605588013e-05,8.40994893155494e-10,-0.1662145428498181
5.16875,20114.75238000079,-7.864394504868847e-06,5.8509626938463544e-05,6.363529752330884e-05,8.383881900222196e-10,-0.15728789009737695
5.175000000000001,20108.223344698992,-7.41693616586821e-06,5.8360274327916046e-05,6.340727473424437e-05,8.359297997760415e-10,-0.1483387233173642
5.18125,20101.67864181144,-6.968404070704045e-06,5.8247419211218724e-05,6.319565084562793e-05,8.33620078320209e-10,-0.1393680814140809
5.1875,20095.119030487916,-6.518850246656348e-06,5.8170707503601454e-05,6.300050819510508e-05,8.31459364313201e-10,-0.13037700493312696
5.1937500000000005,20088.545271272997,-6.068326816569029e-06,5.812975275498299e-05,6.282192804021708e-05,8.294479791370516e-10,-0.12136653633138057
5.2,20081.958126306305,-5.616886012635929e-06,5.812413771444621e-05,6.2659990285456e-05,8.275862268611048e-10,-0.11233772025271857
5.206250000000001,20075.358359528735,-5.164580190487291e-06,5.81534159486934e-05,6.251477319812872e-05,8.258743942011007e-10,-0.10329160380974582
5.2125,20068.74673689291,-4.711461843590816e-06,5.821711350599276e-05,6.238635311403051e-05,8.243127504734891e-10,-0.09422923687181632
5.21875,20062.12402657675,-4.25758361798185e-06,5.831473061711984e-05,6.22758980232671e-05,8.229015475448593e-10,-0.085151672359637
5.2250000000000005,20055.49099920497,-3.8029983273375636e-06,5.844574342484825e-05,6.218477166293674e-05,8.216410197763742e-10,-0.07605996654675128
5.23125,20048.84842807354,-3.3477589684107387e-06,5.860960573364886e-05,6.211221745487678e-05,8.205313839630892e-10,-0.06695517936821478
5.237500000000001,20042.197089379944,-2.8919187368390365e-06,5.880575077141498e-05,6.205938032122784e-05,8.195728392680302e-10,-0.05783837473678073
5.24375,20035.537762460917,-2.43553104334601e-06,5.903359295523887e-05,6.202488935478058e-05,8.187655671509019e-10,-0.0487106208669202
5.25,20028.871230032863,-1.978649530350834e-06,5.9292529653518846e-05,6.201244239436497e-05,8.181097312912913e-10,-0.03957299060701668
5.2562500000000005,20022.198278442593,-1.5213280890036402e-06,5.958194293697321e-05,6.202344117891973e-05,8.176054775062238e-10,-0.030426561780072803
5.2625,20015.51969792056,-1.0636208766642087e-06,5.9901201311473955e-05,6.205525506383002e-05,8.172529336619266e-10,-0.021272417533284176
5.268750000000001,20008.836282843797,-6.055823348415986e-07,6.024966142598313e-05,6.211538657605517e-05,8.170522095796453e-10,-0.012111646696831973
5.275,20002.14883200362,-1.472672076129122e-07,6.062666974927764e-05,6.220034678860094e-05,8.170033969353565e-10,-0.0029453441522582437
5.28125,19995.45814888298,3.112694394607504e-07,6.1031564209575184e-05,6.231604107423336e-05,8.171065691532091e-10,0.006225388789215008
5.2875000000000005,19988.765041939023,7.699721999026662e-07,6.146367579162466e-05,6.246497828328568e-05,8.173617812925261e-10,0.015399443998053323
5.29375,19982.07032489413,1.2287853063548393e-06,6.192233008629137e-05,6.265039082673147e-05,8.177690699281883e-10,0.024575706127096787
5.300000000000001,19975.37481703645,1.6876526100601662e-06,6.240684878814778e-05,6.287964197359174e-05,8.183284530242167e-10,0.033753052201203324
5.30625,19968.679343526746,2.1465175597740775e-06,6.29165511370696e-05,6.316244789239238e-05,8.190399298003662e-10,0.04293035119548155
5.3125,19961.984735715178,2.605323180087901e-06,6.345075530033e-05,6.351757036424988e-05,8.19903480591533e-10,0.05210646360175802
5.3187500000000005,19955.291831465398,3.064012049146334e-06,6.400877969217924e-05,6.400877969217924e-05,8.209190666997777e-10,0.061280240982926684
5.325,19948.601475490457,3.522526275742326e-06,6.458994422838584e-05,6.458994422838584e-05,8.220866302387552e-10,0.07045052551484653
5.331250000000001,19941.91451969523,3.980807475772869e-06,6.519357151369922e-05,6.519357151369922e-05,8.234060939703413e-10,0.07961614951545737
5.3375,19935.231823529277,4.438796748040436e-06,6.581898796066503e-05,6.581898796066503e-05,8.248773611332389e-10,0.08877593496080871
5.34375,19928.554254350533,4.89643464938579e-06,6.646552483868267e-05,6.646552483868267e-05,8.265003152633408e-10,0.0979286929877158
5.3500000000000005,19921.882687797333,5.353661169138961e-06,6.713251925263546e-05,6.713251925263546e-05,8.282748200056251e-10,0.10707322338277922
5.35625,19915.218008172145,5.810415702876918e-06,6.781931505084587e-05,6.781931505084587e-05,8.302007189173518e-10,0.11620831405753836
5.362500000000001,19908.561108833946,6.266637025477881e-06,6.852526366250781e-05,6.852526366250781e-05,8.322778352623284e-10,0.12533274050955762
5.36875,19901.9128926026,6.722263263464437e-06,6.924972486512489e-05,6.924972486512489e-05,8.345059717960081e-10,0.13444526526928874
5.375,19895.274272171617,7.177231866629544e-06,6.9992067482834e-05,6.9992067482834e-05,8.36884910541184e-10,0.14354463733259087
5.3812500000000005,19888.646170534055,7.63147957894238e-06,7.075167001681833e-05,7.075167001681833e-05,8.394144125540387e-10,0.1526295915788476
5.3875,19882.029521416815,8.084942408733419e-06,7.152792120931076e-05,7.152792120931076e-05,8.420942176803128e-10,0.16169884817466837
5.393750000000001,19875.425269726144,8.537555598161436e-06,7.232022054295692e-05,7.232022054295692e-05,8.449240443013521e-10,0.17075111196322873
5.4,19868.834372003963,8.98925359196865e-06,7.31279786775473e-05,7.31279786775473e-05,8.479035890697989e-10,0.179785071839373
5.40625,19862.257796893515,9.439970005533769e-06,7.395061782633875e-05,7.395061782633875e-05,8.510325266346945e-10,0.18879940011067536
5.4125000000000005,19855.696525615615,9.889637592237121e-06,7.478757207436855e-05,7.478757207436855e-05,8.543105093557639e-10,0.19779275184474243
5.41875,19849.151552455416,1.033818821015654e-05,7.563828764131805e-05,7.563828764131805e-05,8.577371670066629e-10,0.2067637642031308
5.425000000000001,19842.623885256628,1.0785552788117404e-05,7.650222309161043e-05,7.650222309161043e-05,8.613121064669707e-10,0.2157110557623481
5.43125,19836.114545926775,1.1231661291125867e-05,7.737884949452694e-05,7.737884949452694e-05,8.650349114027264e-10,0.22463322582251735
5.4375,19829.624570949163,1.1676442685219815e-05,7.826765053720032e-05,7.826765053720032e-05,8.689051419353147e-10,0.2335288537043963
5.4437500000000005,19823.1550119047,1.2119824901778438e-05,7.916812259339484e-05,7.916812259339484e-05,8.729223342985215e-10,0.24239649803556876
5.45,19816.706935999024,1.2561734801337673e-05,8.00797747510092e-05,8.00797747510092e-05,8.770860004835962e-10,0.25123469602675347
5.456250000000001,19810.281426597892,1.3002098136966088e-05,8.100212880124373e-05,8.100212880124373e-05,8.813956278721751e-10,0.2600419627393218
5.4625,19803.87958376547,1.3440839517262697e-05,8.193471919235917e-05,8.193471919235917e-05,8.858506788569391e-10,0.26881679034525396
5.46875,19797.502524810425,1.3877882369046741e-05,8.287709295092106e-05,8.287709295092106e-05,8.904505904499057e-10,0.2775576473809348
5.4750000000000005,19791.15138483302,1.4313148899817086e-05,8.382880957337394e-05,8.382880957337394e-05,8.951947738782776e-10,0.2862629779963417
5.48125,19784.82731727451,1.4746560060067847e-05,8.478944089072446e-05,8.478944089072446e-05,9.000826141678004e-10,0.29493120120135696
5.487500000000001,19778.531494468352,1.5178035505555896e-05,8.575857090903461e-05,8.575857090903461e-05,9.051134697136139e-10,0.3035607101111179
5.49375,19772.26510818979,1.5607493559625243e-05,8.673579562833565e-05,8.673579562833565e-05,9.102866718386153e-10,0.31214987119250487
5.5,19766.029370203552,1.603485117570303e-05,8.772072284247387e-05,8.772072284247387e-05,9.156015243393918e-10,0.3206970235140606
5.5062500000000005,19759.825512805026,1.64600239000918e-05,8.871297192229025e-05,8.871297192229025e-05,9.210573030198204e-10,0.329200478001836
5.5125,19753.654789359232,1.6882925835193367e-05,8.971217358442095e-05,8.971217358442095e-05,9.266532552124773e-10,0.3376585167038673
5.518750000000001,19747.518474827295,1.7303469603309777e-05,9.071796964788495e-05,9.071796964788495e-05,9.323885992880503e-10,0.3460693920661955
5.525,19741.417866285057,1.7721566311177845e-05,9.173001278050015e-05,9.173001278050015e-05,9.382625241529946e-10,0.3544313262235569
5.53125,19735.354283426248,1.813712551540437e-05,9.274796623704214e-05,9.274796623704214e-05,9.442741887357323e-10,0.3627425103080874
5.5375000000000005,19729.329069052237,1.855005518898057e-05,9.377150359093112e-05,9.377150359093112e-05,9.50422721461754e-10,0.3710011037796114
5.54375,19723.343589541368,1.8960261689064544e-05,9.480030846110341e-05,9.480030846110341e-05,9.567072197180395e-10,0.3792052337812909
5.550000000000001,19717.3992352978,1.9367649726232244e-05,9.583407423559581e-05,9.583407423559581e-05,9.631267493072885e-10,0.3873529945246449
5.55625,19711.497421176256,1.9772122335407554e-05,9.687250379324515e-05,9.687250379324515e-05,9.69680343892515e-10,0.3954424467081511
5.5625,19705.639586877605,2.0173580848693265e-05,9.791530922478074e-05,9.791530922478074e-05,9.763670044326366e-10,0.4034716169738653
5.5687500000000005,19699.82719731437,2.0571924870334425e-05,9.896221155446786e-05,9.896221155446786e-05,9.831856986097649e-10,0.4114384974066885
5.575,19694.061742941965,2.0967052254056114e-05,0.00010001294046334325,0.00010001294046334325,9.901353602489847e-10,0.4193410450811223
5.581250000000001,19688.344740050663,2.1358859083026604e-05,0.00010106723401497173,0.00010106723401497173,9.972148887314922e-10,0.4271771816605321
5.5875,19682.677731015476,2.1747239652705995e-05,0.00010212483838454653,0.00010212483838454653,1.0044231484020472e-09,0.4349447930541199
5.59375,19677.062284500986,2.2132086456848632e-05,0.0001031855075920531,0.0001031855075920531,1.0117589679717868e-09,0.44264172913697264
5.6000000000000005,19671.499995615904,2.2513290176935038e-05,0.0001042490032401211,0.0001042490032401211,1.019221139917536e-09,0.45026580353870077
5.60625,19665.992486011666,2.2890739675315324e-05,0.00010531509425709805,0.00010531509425709805,1.0268084198788444e-09,0.4578147935063065
5.612500000000001,19660.54140392522,2.3264321992352214e-05,0.00010638355664579418,0.00010638355664579418,1.0345195260540786e-09,0.46528643984704426
5.61875,19655.148424158677,2.3633922347855728e-05,0.00010745417323826904,0.00010745417323826904,1.0423531385969873e-09,0.47267844695711453
5.625,19649.815247989703,2.3999424147104773e-05,0.00010852673345695812,0.00010852673345695812,1.0503078990152638e-09,0.47998848294209545
5.6312500000000005,19644.543603013823,2.4360708991753335e-05,0.00010960103308237035,0.00010960103308237035,1.0583824095727236e-09,0.4872141798350667
5.6375,19639.335242909074,2.471765669591874e-05,0.00011067687402752765,0.00011067687402752765,1.0665752326968134e-09,0.4943531339183748
5.643750000000001,19634.191947121202,2.5070145307748854e-05,0.00011175406411926082,0.00011175406411926082,1.0748848903932704e-09,0.5014029061549771
5.65,19629.115520465974,2.5418051136762118e-05,0.00011283241688642736,0.00011283241688642736,1.0833098636698412e-09,0.5083610227352424
5.65625,19624.107792639075,2.5761248787249858e-05,0.00011391175135507142,0.00011391175135507142,1.0918485919710747e-09,0.5152249757449971
5.6625000000000005,19619.170617639385,2.609961119802418e-05,0.00011499189185050643,0.00011499189185050643,1.100499472626288e-09,0.5219922239604836
5.66875,19614.305873089954,2.643300968878624e-05,0.0001160726678062664,0.0001160726678062664,1.1092608603129024e-09,0.5286601937757248
5.675000000000001,19609.515459462196,2.6761314013379786e-05,0.00011715391357984121,0.00011715391357984121,1.118131066537429e-09,0.5352262802675957
5.68125,19604.80129919425,2.7084392420182226e-05,0.0001182354682750841,0.0001182354682750841,1.1271083591364735e-09,0.5416878484036445
5.6875,19600.165335702426,2.7402111719871428e-05,0.00011931717557115836,0.00011931717557115836,1.1361909618002011e-09,0.5480422343974286
5.6937500000000005,19595.60953228098,2.771433736078966e-05,0.00012039888355787021,0.00012039888355787021,1.145377053620782e-09,0.5542867472157932
5.7,19591.13587088988,2.8020933512107502e-05,0.00012148044457722006,0.00012148044457722006,1.1546647686684017e-09,0.5604186702421501
5.706250000000001,19586.746350823167,2.8321763154969305e-05,0.0001225617150709911,0.0001225617150709911,1.1640521955974822e-09,0.5664352630993861
5.7125,19582.442987261376,2.8616688181779092e-05,0.00012364255543418493,0.00012364255543418493,1.173537377285812e-09,0.5723337636355819
5.71875,19578.2278097021,2.8905569503760037e-05,0.0001247228298741065,0.0001247228298741065,1.183118310509328e-09,0.5781113900752007
5.7250000000000005,19574.10286026794,2.9188267166893205e-05,0.00012580240627489456,0.00012580240627489456,1.1927929456553257e-09,0.5837653433378641
5.73125,19570.070191891024,2.9464640476311846e-05,0.00012688115606729244,0.00012688115606729244,1.2025591864768994e-09,0.589292809526237
5.737500000000001,19566.1318663749,2.9734548129195512e-05,0.00012795895410345085,0.00012795895410345085,1.212414889891433e-09,0.5946909625839103
5.74375,19562.28995233039,2.9997848356174997e-05,0.00012903567853655515,0.00012903567853655515,1.2223578658259597e-09,0.5999569671234999
5.75,19558.546522989072,3.0254399071223216e-05,0.00013011121070507134,0.00013011121070507134,1.232385877112203e-09,0.6050879814244643
5.7562500000000005,19554.903653892627,3.0504058029970336e-05,0.00013118543502140643,0.00013118543502140643,1.2424966394340936e-09,0.6100811605994068
5.7625,19551.36342046193,3.074668299634226e-05,0.00013225823886478362,0.00013225823886478362,1.2526878213305187e-09,0.6149336599268452
5.768750000000001,19547.927895445962,3.098213191738168e-05,0.00013332951247813568,0.00013332951247813568,1.2629570442560171e-09,0.6196426383476336
5.775,19544.59914625394,3.1210263106069105e-05,0.00013439914886882604,0.00013439914886882604,1.2733018827020724e-09,0.624205262121382
5.78125,19541.37923217479,3.1430935431919217e-05,0.00013546704371301095,0.00013546704371301095,1.2837198643815786e-09,0.6286187086383843
5.7875000000000005,19538.27020148585,3.16440085190838e-05,0.00013653309526346385,0.00013653309526346385,1.2942084704789703e-09,0.632880170381676
5.79375,19535.27408845802,3.184934295164944e-05,0.00013759720426068664,0.00013759720426068664,1.3047651359683987e-09,0.6369868590329888
5.800000000000001,19532.392910259878,3.2046800485773076e-05,0.00013865927384714146,0.00013865927384714146,1.3153872500022217e-09,0.6409360097154615
5.80625,19529.62866376886,3.223624426825468e-05,0.0001397192094844404,0.0001397192094844404,1.3260721563719414e-09,0.6447248853650935
5.8125,19526.9833222936,3.241753906110156e-05,0.00014077691887333913,0.00014077691887333913,1.3368171540435749e-09,0.6483507812220313
5.8187500000000005,19524.45883221865,3.2590551471595804e-05,0.00014183231187638485,0.00014183231187638485,1.3476194977692816e-09,0.651811029431916
5.825,19522.057109573267,3.2755150187332386e-05,0.0001428853004430768,0.0001428853004430768,1.3584763987768972e-09,0.6551030037466478
5.831250000000001,19519.780036538315,3.29112062156544e-05,0.00014393579853740288,0.00014393579853740288,1.3693850255388275e-09,0.658224124313088
5.8375,19517.629457897914,3.305859312687085e-05,0.0001449837220676219,0.0001449837220676219,1.3803425046215606e-09,0.661171862537417
5.84375,19515.60717744388,3.3197187300603535e-05,0.00014602898881816733,0.00014602898881816733,1.391345921616831e-09,0.6639437460120707
5.8500000000000005,19513.71495434661,3.332686817457286e-05,0.00014707151838355378,0.00014707151838355378,1.4023923221552453e-09,0.6665373634914572
5.85625,19511.95449949931,3.344751849509729e-05,0.0001481112321041723,0.0001481112321041723,1.4134787130029386e-09,0.6689503699019458
5.862500000000001,19510.32747184898,3.355902456854956e-05,0.00014914805300386683,0.00014914805300386683,1.4246020632415764e-09,0.6711804913709912
5.86875,19508.835474724943,3.366127651298324e-05,0.000150181905729188,0.000150181905729188,1.4357593055317604e-09,0.6732255302596648
5.875,19507.48005217676,3.3754168509116914e-05,0.00015121271649022605,0.00015121271649022605,1.4469473374596245e-09,0.6750833701823383
5.8812500000000005,19506.26268533351,3.383759904984118e-05,0.00015224041300292834,0.00015224041300292834,1.4581630229661312e-09,0.6767519809968237
5.8875,19505.184788796865,3.391147118739376e-05,0.00015326492443281165,0.00015326492443281165,1.4694031938582961e-09,0.6782294237478751
5.893750000000001,19504.247707081617,3.397569277733357e-05,0.00015428618133998305,0.00015428618133998305,1.4806646514012789e-09,0.6795138555466714
5.9,19503.452711114765,3.4030176718433e-05,0.00015530411562538748,0.00015530411562538748,1.4919441679899884e-09,0.6806035343686601
5.90625,19502.800994808462,3.407484118760108e-05,0.00015631866047820253,0.00015631866047820253,1.5032384888985544e-09,0.6814968237520216
5.9125000000000005,19502.29367171673,3.4109609868947676e-05,0.00015732975032430575,0.00015732975032430575,1.5145443341057235e-09,0.6821921973789535
5.91875,19501.93177179257,3.413441217610116e-05,0.0001583373207757414,0.0001583373207757414,1.5258584001939443e-09,0.6826882435220232
5.925000000000001,19501.71623825428,3.4149183466898596e-05,0.00015934130858111757,0.00015934130858111757,1.5371773623196135e-09,0.6829836693379719
5.93125,19501.647924577428,3.415386524957933e-05,0.00016034165157686683,0.00016034165157686683,1.5484978762516646e-09,0.6830773049915866
5.9375,19501.727591622348,3.414840537962912e-05,0.00016133828863930575,0.00016133828863930575,1.5598165804754034e-09,0.6829681075925824
5.9437500000000005,19501.955904911312,3.413275824644301e-05,0.00016233115963743195,0.00016233115963743195,1.5711300983582131e-09,0.6826551649288601
5.95,19502.333432063147,3.4106884949001064e-05,0.00016332020538639824,0.00016332020538639824,1.5824350403734888e-09,0.6821376989800213
5.956250000000001,19502.860640404157,3.4070753459781875e-05,0.0001643053676016069,0.0001643053676016069,1.5937280063789013e-09,0.6814150691956375
5.9625,19503.537894757068,3.402433877617373e-05,0.0001652865888533677,0.0001652865888533677,1.6050055879448487e-09,0.6804867755234746
5.96875,19504.365455424537,3.396762305868291e-05,0.0001662638125220659,0.0001662638125220659,1.616264370728716e-09,0.6793524611736582
5.9750000000000005,19505.343476375096,3.39005957552829e-05,0.00016723698275378777,0.00016723698275378777,1.6275009368903523e-09,0.678011915105658
5.98125,19506.472003640258,3.3823253711296165e-05,0.00016820604441635258,0.00016820604441635258,1.6387118675439697e-09,0.6764650742259233
5.987500000000001,19507.750973929058,3.373560126425173e-05,0.0001691709430557019,0.0001691709430557019,1.6498937452414813e-09,0.6747120252850345
5.99375,19509.180213471744,3.363765032321813e-05,0.0001701316248525974,0.0001701316248525974,1.6610431564821358e-09,0.6727530064643626
6.0,19510.75943709506,3.3529420432169226e-05,0.00017108803657958077,0.00017108803657958077,1.6721566942431554e-09,0.6705884086433845
6.0062500000000005,19512.488247535184,3.3410938817002823e-05,0.00017204012555814901,0.00017204012555814901,1.6832309605259578e-09,0.6682187763400564
6.0125,19514.366134996122,3.328224041589631e-05,0.00017298783961610097,0.00017298783961610097,1.6942625689124397e-09,0.6656448083179262
6.018750000000001,19516.39247695265,3.314336789275004e-05,0.00017393112704501004,0.00017393112704501004,1.7052481471257166e-09,0.6628673578550008
6.025,19518.56653820354,3.299437163353814e-05,0.00017486993655778035,0.00017486993655778035,1.716184339589653e-09,0.6598874326707629
6.03125,19520.887471176586,3.2835309725456315e-05,0.00017580421724624375,0.00017580421724624375,1.72706780998148e-09,0.6567061945091263
6.0375000000000005,19523.354316483736,3.266624791882725e-05,0.0001767339185387551,0.0001767339185387551,1.737895243771788e-09,0.6533249583765449
6.04375,19525.966003728085,3.248725957179607e-05,0.00017765899015774486,0.00017765899015774486,1.7486633507461869e-09,0.6497451914359214
6.050000000000001,19528.721352561082,3.229842557792047e-05,0.00017857938207718762,0.00017857938207718762,1.7593688675029665e-09,0.6459685115584093
6.05625,19531.619073985545,3.2099834276831143e-05,0.0001794950444799465,0.0001794950444799465,1.7700085599211438e-09,0.6419966855366228
6.0625,19534.657771902497,3.189158134820994e-05,0.00018040592771495194,0.00018040592771495194,1.7805792255933696e-09,0.6378316269641988
6.0687500000000005,19537.83594489764,3.167376968940224e-05,0.00018131198225417597,0.00018131198225417597,1.7910776962182682e-09,0.6334753937880448
6.075,19541.15198826011,3.144650927704894e-05,0.00018221315864936114,0.00018221315864936114,1.8015008399469153e-09,0.6289301855409788
6.081250000000001,19544.604196227276,3.1209917013189096e-05,0.00018310940748846467,0.00018310940748846467,1.8118455636783038e-09,0.624198340263782
6.0875,19548.190764450508,3.096411655634872e-05,0.00018400067935177755,0.00018400067935177755,1.8221088152988248e-09,0.6192823311269743
6.09375,19551.90979267016,3.070923813819189e-05,0.00018488692476767928,0.00018488692476767928,1.8322875858609755e-09,0.6141847627638378
6.1000000000000005,19555.75928759153,3.0445418366368327e-05,0.00018576809416798727,0.00018576809416798727,1.8423789116967194e-09,0.6089083673273665
6.10625,19559.737165954313,3.017280001424636e-05,0.00018664413784286182,0.00018664413784286182,1.8523798764611535e-09,0.6034560002849272
6.112500000000001,19563.84125777989,2.989153179827023e-05,0.00018751500589522566,0.00018751500589522566,1.862287613102377e-09,0.5978306359654046
6.11875,19568.069309790113,2.9601768143727746e-05,0.00018838064819465765,0.00018838064819465765,1.8720993057537248e-09,0.5920353628745549
6.125,19572.418988981597,2.9303668939756154e-05,0.00018924101433071954,0.00018924101433071954,1.881812191544794e-09,0.5860733787951231
6.1312500000000005,19576.887886344783,2.899739928445157e-05,0.00019009605356567515,0.00019009605356567515,1.891423562327986e-09,0.5799479856890314
6.1375,19581.473520715303,2.868312922098046e-05,0.00019094571478656003,0.00019094571478656003,1.900930766317582e-09,0.5736625844196092
6.143750000000001,19586.173342741327,2.8361033465618983e-05,0.0001917899464565601,0.0001917899464565601,1.910331209638675e-09,0.5672206693123797
6.15,19590.984738955904,2.8031291128669234e-05,0.00019262869656565707,0.00019262869656565707,1.919622357783595e-09,0.5606258225733847
6.15625,19595.90503593941,2.769408542921874e-05,0.00019346191258049836,0.00019346191258049836,1.928801736973795e-09,0.5538817085843748
6.1625000000000005,19600.931504557357,2.7349603404722305e-05,0.0001942895413934489,0.0001942895413934489,1.937866935425471e-09,0.5469920680944461
6.16875,19606.061364258083,2.6998035616392263e-05,0.00019511152927078197,0.00019511152927078197,1.9468156045175335e-09,0.5399607123278453
6.175000000000001,19611.291787419334,2.6639575851385558e-05,0.00019592782179996628,0.00019592782179996628,1.9556454598608686e-09,0.5327915170277112
6.18125,19616.61990372565,2.6274420822772912e-05,0.00019673836383600615,0.00019673836383600615,1.9643542822681493e-09,0.5254884164554583
6.1875,19622.042804564553,2.5902769868267583e-05,0.00019754309944679184,0.00019754309944679184,1.97293991862379e-09,0.5180553973653517
6.1937500000000005,19627.557547426168,2.55248246486781e-05,0.00019834197185741758,0.00019834197185741758,1.9814002826539513e-09,0.510496492973562
6.2,19633.16116029368,2.5140788847032102e-05,0.0001991349233934245,0.0001991349233934245,1.989733355596818e-09,0.5028157769406421
6.206250000000001,19638.850646010294,2.4750867869296246e-05,0.00019992189542292682,0.00019992189542292682,1.9979371867736767e-09,0.49501735738592495
6.2125,19644.622986609844,2.4355268547591133e-05,0.00020070282829758002,0.00020070282829758002,2.0060098940616242e-09,0.48710537095182266
6.21875,19650.475147597597,2.39541988467694e-05,0.0002014776612923506,0.0002014776612923506,2.0139496642690185e-09,0.479083976935388
6.2250000000000005,19656.40408217118,2.3547867575191867e-05,0.0002022463325440486,0.0002022463325440486,2.021754753415066e-09,0.47095735150383733
6.23125,19662.406735367607,2.313648410049847e-05,0.00020300877898858478,0.00020300877898858478,2.029423486915196e-09,0.46272968200996945
6.237500000000001,19668.480048126334,2.2720258071130634e-05,0.0002037649362969174,0.0002037649362969174,2.036954259674136e-09,0.45440516142261267
6.24375,19674.62096125913,2.229939914431802e-05,0.0002045147388096539,0.0002045147388096539,2.044345536088823e-09,0.44598798288636043
6.25,19680.82641931345,2.187411672119697e-05,0.00020525811947027739,0.00020525811947027739,2.051595849963522e-09,0.43748233442393936
6.2562500000000005,19687.093374326563,2.144461968967992e-05,0.00020599500975696877,0.00020599500975696877,2.058703804339712e-09,0.42889239379359845
6.2625,19693.418789454503,2.101111617564533e-05,0.000206725339613,0.000206725339613,2.0656680712435075e-09,0.42022232351290656
6.268750000000001,19699.7996424736,2.057381330296638e-05,0.00020744903737567825,0.00020744903737567825,2.072487391353536e-09,0.41147626605932763
6.275,19706.23292914667,2.0132916962845003e-05,0.00020816602970382295,0.00020816602970382295,2.079160573592361e-09,0.40265833925690003
6.28125,19712.71566644722,1.968863159286421e-05,0.00020887624150376602,0.00020887624150376602,2.0856864946446724e-09,0.39377263185728417
6.2875000000000005,19719.244895635547,1.9241159966119074e-05,0.0002095795958538679,0.0002095795958538679,2.092064098405581e-09,0.38482319932238146
6.29375,19725.817685184727,1.8790702990732976e-05,0.00021027601392755062,0.00021027601392755062,2.0982923953624604e-09,0.37581405981465954
6.300000000000001,19732.43113355005,1.8337459520013082e-05,0.00021096541491485505,0.00021096541491485505,2.1043704619138675e-09,0.36674919040026166
6.30625,19739.082371781864,1.788162617344647e-05,0.0002116477159425375,0.0002116477159425375,2.1102974396291268e-09,0.3576325234689294
6.3125,19745.76856597607,1.7423397168686857e-05,0.00021232283199272857,0.00021232283199272857,2.116072534452229e-09,0.34846794337373715
6.3187500000000005,19752.486919564835,1.6962964164631883e-05,0.0002129906758201878,0.0002129906758201878,2.1216950158537145e-09,0.33925928329263766
6.325,19759.234675442658,1.6500516115641647e-05,0.00021365115786819611,0.00021365115786819611,2.127164215934237e-09,0.33001032231283295
6.331250000000001,19766.009117932215,1.6036239136902555e-05,0.00021430418618314083,0.00021430418618314083,2.1324795284835023e-09,0.3207247827380511
6.3375,19772.80757458553,1.5570316380894958e-05,0.00021494966632785745,0.00021494966632785745,2.1376404079982606e-09,0.31140632761789916
6.34375,19779.627417826818,1.5102927924880116e-05,0.0002155875012938075,0.0002155875012938075,2.142646368663005e-09,0.3020585584976023
6.3500000000000005,19786.46606643439,1.4634250669281184e-05,0.00021621759141218468,0.00021621759141218468,2.147496983296989e-09,0.2926850133856237
6.35625,19793.3209868674,1.4164458246794416e-05,0.00021683983426405498,0.00021683983426405498,2.152191882271118e-09,0.28328916493588835
6.362500000000001,19800.18969443825,1.3693720942031101e-05,0.000217454124589654,0.000217454124589654,2.1567307523982055e-09,0.273874418840622
6.36875,19807.069754334334,1.3222205621457252e-05,0.0002180603541969802,0.0002180603541969802,2.1611133358000063e-09,0.26444411242914506
6.375,19813.958782495018,1.2750075673367937e-05,0.00021865841186984017,0.00021865841186984017,2.165339428754356e-09,0.2550015134673587
6.3812500000000005,19820.854446344263,1.2277490957605226e-05,0.00021924818327552172,0.00021924818327552172,2.1694088805256433e-09,0.24554981915210453
6.3875,19827.754465387636,1.1804607764703918e-05,0.00021982955087228908,0.00021982955087228908,2.1733215921817384e-09,0.23609215529407834
6.393750000000001,19834.656611674156,1.1331578784127105e-05,0.00022040239381691522,0.00022040239381691522,2.1770775154003975e-09,0.2266315756825421
6.4,19841.55871013481,1.085855308123478e-05,0.0002209665878724882,0.0002209665878724882,2.1806766512680295e-09,0.2171710616246956
6.40625,19848.458638794906,1.0385676082611735e-05,0.00022152200531675025,0.00022152200531675025,2.184119049073602e-09,0.20771352165223472
6.4125000000000005,19855.35432887176,9.913089569367673e-06,0.00022206851485125127,0.00022206851485125127,2.1874048051003253e-09,0.19826179138735345
6.41875,19862.243764763414,9.440931678011618e-06,0.00022260598151162318,0.00022260598151162318,2.1905340614176256e-09,0.18881863356023237
6.425000000000001,19869.124983929563,8.969336908493842e-06,0.00022313426657930499,0.00022313426657930499,2.193507004675786e-09,0.17938673816987682
6.43125,19875.996076676372,8.498436139003141e-06,0.00022365322749507484,0.00022365322749507484,2.1963238649054908e-09,0.16996872278006284
6.4375,19882.855185848763,8.028356647103745e-06,0.00022416271777477015,0.00022416271777477015,2.198984914324374e-09,0.1605671329420749
6.4437500000000005,19889.700506434092,7.5592221367946035e-06,0.00022466258692760348,0.00022466258692760348,2.201490466152541e-09,0.15118444273589207
6.45,19896.53028508871,7.091152771075464e-06,0.0002251526803775088,0.0002251526803775088,2.2038408734388802e-09,0.14182305542150928
6.456250000000001,19903.342819586553,6.624265209606395e-06,0.00022563283938797855,0.00022563283938797855,2.2060365278998604e-09,0.1324853041921279
6.4625,19910.136458202836,6.1586726510531395e-06,0.00022610290099087988,0.00022610290099087988,2.208077858772361e-09,0.12317345302106279
6.46875,19916.909599033377,5.694484879716623e-06,0.00022656269791976357,0.00022656269791976357,2.2099653316819606e-09,0.11388969759433246
6.4750000000000005,19923.660689255837,5.231808316053574e-06,0.0002270120585482074,0.0002270120585482074,2.2116994475279682e-09,0.10463616632107148
6.48125,19930.388224344235,4.770746070704989e-06,0.00022745080683376023,0.00022745080683376023,2.2132807413863655e-09,0.09541492141409978
6.487500000000001,19937.090747232356,4.311398001659726e-06,0.00022787876226807862,0.00022787876226807862,2.214709781431694e-09,0.08622796003319451
6.49375,19943.76684744031,3.853860774193068e-06,0.00022829573983387312,0.00022829573983387312,2.2159871678788102e-09,0.07707721548386137
6.5,19950.415160164073,3.3982279232330104e-06,0.00022870154996930417,0.00022870154996930417,2.217113531945311e-09,0.06796455846466021
6.5062500000000005,19957.034365335774,2.9445899178209967e-06,0.00022909599854048905,0.00022909599854048905,2.218089534835329e-09,0.05889179835641994
6.5125,19963.62318665571,2.4930342273484133e-06,0.0002294788868228035,0.0002294788868228035,2.2189158667452763e-09,0.049860684546968265
6.518750000000001,19970.18039060621,2.0436453892656207e-06,0.0002298500114916791,0.0002298500114916791,2.2195932458920374e-09,0.04087290778531241
6.525,19976.704785444228,1.596505077975583e-06,0.00023020916462361494,0.00023020916462361494,2.2201224175639916e-09,0.03193010155951166
6.53125,19983.195220185207,1.1516921746405825e-06,0.00023055613370813696,0.00023055613370813696,2.2205041531951766e-09,0.02303384349281165
6.5375000000000005,19989.65058357282,7.092828376461061e-07,0.00023089070167144936,0.00023089070167144936,2.2207392494628075e-09,0.014185656752922122
6.54375,19996.069803046135,2.693505734827798e-07,0.00023121264691253326,0.00023121264691253326,2.2208285274082884e-09,0.005387011469655596
6.550000000000001,20002.451843700946,-1.680336921770808e-07,0.00023152174335245237,0.00023152174335245237,2.2207728315817856e-09,-0.0033606738435416157
6.55625,20008.79570725533,-6.028015434151015e-07,0.00023181776049762957,0.00023181776049762957,2.220573029210352e-09,-0.01205603086830203
6.5625,20015.100431012677,-1.0348870032062652e-06,0.00023210046351785683,0.00023210046351785683,2.2202300093895413e-09,-0.020697740064125305
6.5687500000000005,20021.36508683596,-1.4642264629374314e-06,0.0002323696133397961,0.0002323696133397961,2.219744682298384e-09,-0.02928452925874863
6.575,20027.588780125112,-1.8907586124656532e-06,0.00023262496675672086,0.00023262496675672086,2.219117978437543e-09,-0.037815172249313064
6.581250000000001,20033.770648807807,-2.3144243708617344e-06,0.00023286627655523455,0.00023286627655523455,2.2183508478904274e-09,-0.04628848741723469
6.5875,20039.909862340777,-2.735166817970413e-06,0.00023309329165968365,0.00023309329165968365,2.2174442596069913e-09,-0.05470333635940826
6.59375,20046.00562072336,-3.152931126904806e-06,0.0002333057572949619,0.0002333057572949619,2.216399200709906e-09,-0.06305862253809612
6.6000000000000005,20052.05715352991,-3.5676644975791702e-06,0.00023350341516837456,0.00023350341516837456,2.2152166758227638e-09,-0.07135328995158341
6.60625,20058.063718954334,-3.97931609137188e-06,0.00023368600367119715,0.00023368600367119715,2.2138977064199386e-09,-0.07958632182743759
6.612500000000001,20064.024602875787,-4.387836966998152e-06,0.0002338532581005279,0.0002338532581005279,2.2124433301977016e-09,-0.08775673933996304
6.61875,20069.939117941096,-4.793180017660803e-06,0.0002340049109019872,0.0002340049109019872,2.210854600466169e-09,-0.09586360035321606
6.625,20075.806602667144,-5.195299909536672e-06,0.0002341406919337691,0.0002341406919337691,2.2091325855616387e-09,-0.10390599819073344
6.6312500000000005,20081.626420563527,-5.594153021646276e-06,0.00023426032875249603,0.00023426032875249603,2.207278368278857e-09,-0.11188306043292552
6.6375,20087.397959276004,-5.9896973871446905e-06,0.00023436354692126608,0.00023436354692126608,2.205293045322745e-09,-0.11979394774289381
6.643750000000001,20093.120629751087,-6.3818926360632384e-06,0.00023445007034021643,0.00023445007034021643,2.2031777267791054e-09,-0.12763785272126477
6.65,20098.793865421605,-6.770699939523233e-06,0.00023451962159985555,0.00023451962159985555,2.2009335356038165e-09,-0.13541399879046465
6.65625,20104.417121415026,-7.156081955435701e-06,0.00023457192235733828,0.00023457192235733828,2.198561607130028e-09,-0.143121639108714
6.6625000000000005,20109.989873782273,-7.538002775694207e-06,0.0002346066937357757,0.0002346066937357757,2.1960630885928577e-09,-0.15076005551388413
6.66875,20115.51161874977,-7.916427874861623e-06,0.00023462365674658303,0.00023462365674658303,2.1934391386710972e-09,-0.15832855749723246
6.675000000000001,20120.981871991866,-8.291324060346165e-06,0.00023462253273477654,0.00023462253273477654,2.190690927045432e-09,-0.16582648120692328
6.68125,20126.400167924992,-8.662659424056973e-06,0.00023460304384703058,0.00023460304384703058,2.187819633972685e-09,-0.17325318848113946
6.6875,20131.76605902488,-9.03040329552479e-06,0.00023456491352220478,0.00023456491352220478,2.1848264498755998e-09,-0.1806080659104958
6.6937500000000005,20137.079115162695,-9.394526196469608e-06,0.00023450786700394396,0.00023450786700394396,2.181712574947682e-09,-0.18789052392939215
6.7,20142.338922963376,-9.754999796793444e-06,0.00023443163187484176,0.00023443163187484176,2.178479218772626e-09,-0.19509999593586888
6.706250000000001,20147.5450851832,-1.0111796871973417e-05,0.00023433593861154695,0.00023433593861154695,2.1751275999578665e-09,-0.20223593743946833
6.7125,20152.697220108927,-1.0464891261827553e-05,0.00023422052116007117,0.00023422052116007117,2.1716589457817954e-09,-0.20929782523655105
6.71875,20157.794960975974,-1.0814257830623703e-05,0.0002340851175304415,0.0002340851175304415,2.1680744918542013e-09,-0.21628515661247405
6.7250000000000005,20162.837955403887,-1.115987242850012e-05,0.00023392947040971605,0.00023392947040971605,2.164375481789497e-09,-0.2231974485700024
6.73125,20167.825864854192,-1.1501711854164396e-05,0.00023375332779226152,0.00023375332779226152,2.1605631668923094e-09,-0.2300342370832879
6.737500000000001,20172.758364102603,-1.1839753818836785e-05,0.0002335564436260672,0.0002335564436260672,2.1566388058550223e-09,-0.2367950763767357
6.74375,20177.635140731636,-1.2173976911402577e-05,0.00023333857847374745,0.00023333857847374745,2.1526036644668687e-09,-0.24347953822805155
6.75,20182.45589463817,-1.250436056473793e-05,0.0002330995001867638,0.0002330995001867638,2.148459015334184e-09,-0.25008721129475864
6.7562500000000005,20187.220337559822,-1.2830885023172858e-05,0.00023283898459127605,0.00023283898459127605,2.1442061376114446e-09,-0.25661770046345717
6.7625,20191.92819261568,-1.3153531311055095e-05,0.00023255681618391557,0.00023255681618391557,2.1398463167427273e-09,-0.2630706262211019
6.768750000000001,20196.579193863254,-1.3472281202378556e-05,0.0002322527888356582,0.0002322527888356582,2.1353808442132334e-09,-0.2694456240475711
6.775,20201.173085869887,-1.3787117191440278e-05,0.0002319267065018653,0.0002319267065018653,2.1308110173105393e-09,-0.2757423438288056
6.78125,20205.709623300085,-1.4098022464489898e-05,0.00023157838393645332,0.00023157838393645332,2.126138138895245e-09,-0.28196044928979797
6.7875000000000005,20210.188570514474,-1.4404980872336597e-05,0.00023120764740805513,0.00023120764740805513,2.1213635171807023e-09,-0.28809961744673196
6.79375,20214.60970118484,-1.4707976903878524e-05,0.0002308143354159401,0.0002308143354159401,2.1164884655215143e-09,-0.2941595380775705
6.800000000000001,20218.972797919847,-1.5006995660520804e-05,0.00023039829940337572,0.00023039829940337572,2.111514302210518e-09,-0.30013991321041605
6.80625,20223.277651905355,-1.5302022831448785e-05,0.00022995940446603373,0.00022995940446603373,2.106442350283961e-09,-0.3060404566289757
6.8125,20227.524062554214,-1.559304466972406e-05,0.0002294975300529753,0.0002294975300529753,2.1012739373345986e-09,-0.3118608933944812
6.8187500000000005,20231.711837170496,-1.5880047969171597e-05,0.00022901257065768973,0.00022901257065768973,2.096010395332457e-09,-0.31760095938343197
6.825,20235.84079062166,-1.61630200420276e-05,0.00022850443649661065,0.00022850443649661065,2.0906530604530013e-09,-0.32326040084055196
6.831250000000001,20239.910745024936,-1.6441948697317923e-05,0.0002279730541724969,0.0002279730541724969,2.0852032729124724e-09,-0.32883897394635847
6.8375,20243.921529440602,-1.6716822219938846e-05,0.0002274183673200358,0.0002274183673200358,2.079662376810156e-09,-0.3343364443987769
6.84375,20247.87297957738,-1.6987629350412112e-05,0.00022684033723101304,0.00022684033723101304,2.074031719977362e-09,-0.33975258700824224
6.8500000000000005,20251.7649375062,-1.72543592652877e-05,0.00022623894345639086,0.00022623894345639086,2.0683126538329025e-09,-0.345087185305754
6.85625,20255.59725138317,-1.7517001558168574e-05,0.00022561418438264504,0.00022561418438264504,2.0625065332448544e-09,-0.3503400311633715
6.862500000000001,20259.369775182204,-1.7775546221332666e-05,0.00022496607777973795,0.00022496607777973795,2.056614716398417e-09,-0.35551092442665333
6.86875,20263.082368433832,-1.802998362792849e-05,0.00022429466131813902,0.00022429466131813902,2.0506385646696716e-09,-0.36059967255856984
6.875,20266.7348959748,-1.8280304514721484e-05,0.00022359999305235833,0.00022359999305235833,2.0445794425050552e-09,-0.3656060902944297
6.8812500000000005,20270.32722770355,-1.8526499965369413e-05,0.00022288215186852206,0.00022288215186852206,2.0384387173063843e-09,-0.3705299993073883
6.8875,20273.859238342982,-1.876856139420604e-05,0.0002221412378935988,0.0002221412378935988,2.0322177593212472e-09,-0.37537122788412075
6.893750000000001,20277.330807212085,-1.9006480530512934e-05,0.00022137737286397887,0.00022137737286397887,2.025917941538615e-09,-0.3801296106102587
6.9,20280.741818002567,-1.9240249403260633e-05,0.00022059070045121445,0.00022059070045121445,2.019540639589506e-09,-0.3848049880652126
6.90625,20284.092158562984,-1.9469860326300814e-05,0.0002197813865428501,0.0002197813865428501,2.0130872316525613e-09,-0.3893972065260163
6.9125000000000005,20287.381720688718,-1.9695305883992323e-05,0.0002189496194764053,0.0002189496194764053,2.0065590983643826e-09,-0.39390611767984646
6.91875,20290.61039991855,-1.991657891724439e-05,0.00021809561022471697,0.00021809561022471697,1.9999576227344977e-09,-0.3983315783448878
6.925000000000001,20293.77809533769,-2.0133672509961356e-05,0.00021721959253100806,0.00021721959253100806,1.993284190064818e-09,-0.4026734501992271
6.93125,20296.884709383703,-2.0346579975874223e-05,0.00021632182299221754,0.00021632182299221754,1.986540187873461e-09,-0.4069315995174845
6.9375,20299.930147661726,-2.05552948457443e-05,0.0002154025810893074,0.0002154025810893074,1.979727005822814e-09,-0.411105896914886
6.9437500000000005,20302.914318761766,-2.075981085492597e-05,0.00021446216916345208,0.00021446216916345208,1.9728460356517196e-09,-0.4151962170985194
6.95,20305.837134082958,-2.0960121931275436e-05,0.00021350091233721515,0.00021350091233721515,1.9658986711116717e-09,-0.4192024386255087
6.956250000000001,20308.698507661647,-2.1156222183393407e-05,0.0002125191583800244,0.0002125191583800244,1.958886307906906e-09,-0.4231244436678681
6.9625,20311.4983560046,-2.1348105889190204e-05,0.00021151727751747158,0.00021151727751747158,1.9518103436382803e-09,-0.4269621177838041
6.96875,20314.236597926876,-2.153576748476236e-05,0.00021049566218418132,0.00021049566218418132,1.9446721777508432e-09,-0.4307153496952472
6.9750000000000005,20316.91315439336,-2.1719201553570495e-05,0.00020945472672022014,0.00020945472672022014,1.9374732114849897e-09,-0.4343840310714099
6.98125,20319.5279483662,-2.1898402815908592e-05,0.00020839490701124276,0.00020839490701124276,1.9302148478311068e-09,-0.4379680563181718
6.987500000000001,20322.080904654344,-2.2073366118655656e-05,0.0002073166600728041,0.0002073166600728041,1.9228984914876154e-09,-0.44146732237311315
6.99375,20324.57194976784,-2.224408642530117e-05,0.00020622046357949571,0.00020622046357949571,1.91552554882232e-09,-0.4448817285060234
7.0,20327.001011776763,-2.241055880623604e-05,0.00020510681533979734,0.00020510681533979734,1.908097427836975e-09,-0.4482111761247208
7.0062500000000005,20329.36802017368,-2.2572778429301693e-05,0.00020397623271776124,0.00020397623271776124,1.900615538134984e-09,-0.45145556858603386
7.0125,20331.67290573789,-2.2730740550590147e-05,0.00020282925200287432,0.00020282925200287432,1.893081290892149e-09,-0.45461481101180296
7.018750000000001,20333.915600406875,-2.28844405054885e-05,0.0002016664277296647,0.0002016664277296647,1.8854960988303874e-09,-0.45768881010977003
7.025,20336.096037146974,-2.3033873699961786e-05,0.0002004883319488332,0.0002004883319488332,1.8778613761943388e-09,-0.4606774739992357
7.03125,20338.2141498309,-2.317903560206854e-05,0.00019929555345190095,0.00019929555345190095,1.8701785387307823e-09,-0.4635807120413708
7.0375000000000005,20340.26987311672,-2.3319921733703965e-05,0.0001980886969515643,0.0001980886969515643,1.862449003670794e-09,-0.4663984346740793
7.04375,20342.26314233146,-2.3456527662566053e-05,0.0001968683822201377,0.0001968683822201377,1.8546741897145642e-09,-0.4691305532513211
7.050000000000001,20344.193893355616,-2.358884899434042e-05,0.00019563524318864806,0.00019563524318864806,1.8468555170188062e-09,-0.47177697988680845
7.05625,20346.06206251386,-2.3716881365100194e-05,0.00019438992700931057,0.00019438992700931057,1.8389944071866848e-09,-0.47433762730200385
7.0625,20347.867586465512,-2.3840620433917708e-05,0.00019313309308427353,0.00019313309308427353,1.8310922832601921e-09,-0.47681240867835417
7.0687500000000005,20349.610402102026,-2.3960061875685014e-05,0.00019186541206366053,0.00019186541206366053,1.8231505697149049e-09,-0.47920123751370025
7.075,20351.290446442505,-2.407520137414128e-05,0.00019058756481606762,0.00019058756481606762,1.8151706924570515e-09,-0.48150402748282556
7.081250000000001,20352.90765653726,-2.41860346151049e-05,0.00018930024137478463,0.00018930024137478463,1.8071540788228234e-09,-0.48372069230209797
7.0875,20354.46196937128,-2.4292557279909103e-05,0.00018800413986310645,0.00018800413986310645,1.799102157579861e-09,-0.48585114559818204
7.09375,20355.953321770674,-2.439476503904031e-05,0.00018669996540218096,0.00018669996540218096,1.7910163589308496e-09,-0.48789530078080623
7.1000000000000005,20357.38165031356,-2.4492653545978852e-05,0.00018538842900490263,0.00018538842900490263,1.7828981145191555e-09,-0.489853070919577
7.10625,20358.746891243798,-2.4586218431242045e-05,0.00018407024645940753,0.00018407024645940753,1.7747488574364376e-09,-0.4917243686248409
7.112500000000001,20360.04898038486,-2.46754552966309e-05,0.00018274613720575347,0.00018274613720575347,1.7665700222321658e-09,-0.493509105932618
7.11875,20361.28785306158,-2.4760359709680984e-05,0.00018141682320938052,0.00018141682320938052,1.7583630449249782e-09,-0.4952071941936197
7.125,20362.4634440196,-2.4840927198320115e-05,0.00018008302783493986,0.00018008302783493986,1.7501293630158094e-09,-0.4968185439664023
7.1312500000000005,20363.575687352983,-2.4917153245734582e-05,0.000178745474724056,0.000178745474724056,1.7418704155027202e-09,-0.49834306491469166
7.1375,20364.624516430227,-2.498903328544755e-05,0.00017740488668054497,0.00017740488668054497,1.7335876428973596e-09,-0.49978066570895097
7.143750000000001,20365.609863826823,-2.5056562696612994e-05,0.00017606198456655435,0.00017606198456655435,1.725282487242984e-09,-0.5011312539322599
7.15,20366.53166125945,-2.5119736799529542e-05,0.00017471748621301602,0.00017471748621301602,1.7169563921339675e-09,-0.5023947359905908
7.15625,20367.389839523817,-2.517855085137947e-05,0.0001733721053477119,0.0001733721053477119,1.7086108027367202e-09,-0.5035710170275894
7.1625000000000005,20368.184328436,-2.5233000042198182e-05,0.00017202655054414964,0.00017202655054414964,1.7002471658119459e-09,-0.5046600008439637
7.16875,20368.915056776943,-2.5283079491081095e-05,0.00017068152419432318,0.00017068152419432318,1.6918669297381544e-09,-0.5056615898216219
7.175000000000001,20369.581952240314,-2.5328784242634763e-05,0.00016933772150830182,0.00016933772150830182,1.6834715445363522e-09,-0.5065756848526952
7.18125,20370.184941385305,-2.537010926368044e-05,0.00016799582954344513,0.00016799582954344513,1.6750624618958246e-09,-0.5074021852736088
7.1875,20370.723949591564,-2.5407049440218886e-05,0.00016665652626588365,0.00016665652626588365,1.6666411352009242e-09,-0.5081409888043777
7.1937500000000005,20371.19890101908,-2.5439599574666074e-05,0.00016532047964673772,0.00016532047964673772,1.6582090195587756e-09,-0.5087919914933214
7.2,20371.609718572377,-2.5467754383370274e-05,0.0001639883467953693,0.0001639883467953693,1.6497675718278031e-09,-0.5093550876674054
7.206250000000001,20371.95632386731,-2.5491508494422164e-05,0.00016266077313177682,0.00016266077313177682,1.6413182506469842e-09,-0.5098301698884433
7.2125,20372.238637205435,-2.5510856445770207e-05,0.0001613383916000492,0.0001613383916000492,1.6328625164657277e-09,-0.5102171289154042
7.21875,20372.456577549703,-2.5525792683654725e-05,0.00016002182192459812,0.00016002182192459812,1.624401831574271e-09,-0.5105158536730945
7.2250000000000005,20372.6100625068,-2.5536311561375126e-05,0.0001587116699106841,0.0001587116699106841,1.6159376601344864e-09,-0.5107262312275025
7.23125,20372.69900831472,-2.554240733840562e-05,0.0001574085267905448,0.0001574085267905448,1.6074714682109791e-09,-0.5108481467681124
7.237500000000001,20372.723329834225,-2.5544074179876036e-05,0.00015611296861622653,0.00015611296861622653,1.5990047238023591e-09,-0.5108814835975207
7.24375,20372.6829405486,-2.5541306156435105e-05,0.00015482555570000986,0.00015482555570000986,1.5905388968725573e-09,-0.5108261231287021
7.25,20372.577752564917,-2.5534097244515297e-05,0.00015354683210311117,0.00015354683210311117,1.5820754593820541e-09,-0.5106819448903059
7.2562500000000005,20372.40767662674,-2.552244132701865e-05,0.00015227732517313433,0.00015227732517313433,1.5736158853188804e-09,-0.5104488265403729
7.2625,20372.172622128626,-2.5506332194445006e-05,0.00015101754513054195,0.00015101754513054195,1.565161650729245e-09,-0.5101266438889002
7.268750000000001,20371.872497140626,-2.548576354648456e-05,0.00014976798470421422,0.00014976798470421422,1.5567142337476343e-09,-0.5097152709296913
7.275,20371.507208437575,-2.5460728994098465e-05,0.00014852911881596664,0.00014852911881596664,1.548275114626222e-09,-0.5092145798819693
7.28125,20371.076661538067,-2.543122206211193e-05,0.0001473014043137082,0.0001473014043137082,1.5398457757634187e-09,-0.5086244412422386
7.2875000000000005,20370.580760748733,-2.539723619234586e-05,0.00014608527975273647,0.00014608527975273647,1.5314277017313856e-09,-0.5079447238469172
7.29375,20370.01940921986,-2.5358764747314062e-05,0.00014488116522449063,0.00014488116522449063,1.52302237930232e-09,-0.5071752949462812
7.300000000000001,20369.392509006535,-2.5315801014514572e-05,0.00014368946223191546,0.00014368946223191546,1.5146312974733203e-09,-0.5063160202902914
7.30625,20368.69996114138,-2.526833821134459e-05,0.00014251055361042968,0.00014251055361042968,1.5062559474896217e-09,-0.5053667642268919
7.3125,20367.941665715203,-2.5216369490669977e-05,0.000141344803493344,0.000141344803493344,1.497897822865985e-09,-0.5043273898133995
7.3187500000000005,20367.117521968485,-2.515988794708137e-05,0.00014019255732043462,0.00014019255732043462,1.4895584194060123e-09,-0.5031977589416274
7.325,20366.227428393264,-2.509888662387017e-05,0.00013905414188824963,0.00013905414188824963,1.481239235219151e-09,-0.5019777324774034
7.331250000000001,20365.271282846108,-2.5033358520758883e-05,0.0001379298654406096,0.0001379298654406096,1.4729417707351341e-09,-0.5006671704151777
7.3375,20364.24898267126,-2.4963296602421353e-05,0.00013682001779765702,0.00013682001779765702,1.4646675287155982e-09,-0.49926593204842706
7.34375,20363.160424838883,-2.4888693807829503e-05,0.00013572487052171574,0.00013572487052171574,1.456418014262602e-09,-0.4977738761565901
7.3500000000000005,20362.00550609323,-2.4809543060464144e-05,0.00013464467711813905,0.00013464467711813905,1.4481947348237611e-09,-0.49619086120928285
7.35625,20360.784123113477,-2.472583727942887e-05,0.0001335796732692547,0.0001335796732692547,1.439999200193699e-09,-0.4945167455885774
7.362500000000001,20359.49617269209,-2.4637569391505795e-05,0.00013253007709945614,0.00013253007709945614,1.4318329225115015e-09,-0.4927513878301159
7.36875,20358.141551923312,-2.4544732344194132e-05,0.00013149608946944188,0.00013149608946944188,1.4236974162538506e-09,-0.4908946468838826
7.375,20356.72015840874,-2.4447319119772137e-05,0.00013047789429756975,0.00013047789429756975,1.4155941982234964e-09,-0.48894638239544275
7.3812500000000005,20355.231890478073,-2.4345322750424038e-05,0.00012947565890626794,0.00012947565890626794,1.4075247875327152e-09,-0.48690645500848073
7.3875,20353.676647427015,-2.4238736334473962e-05,0.00012848953439143098,0.00012848953439143098,1.3994907055813874e-09,-0.48477472668947924
7.393750000000001,20352.05432976881,-2.4127553053769286e-05,0.00012751965601272554,0.00012751965601272554,1.3914934760293131e-09,-0.4825510610753857
7.4,20350.36483950686,-2.4011766192255652e-05,0.00012656614360273864,0.00012656614360273864,1.383534624762371e-09,-0.480235323845113
7.40625,20348.608080423903,-2.3891369155786244e-05,0.00012562910199291657,0.00012562910199291657,1.3756156798521111e-09,-0.47782738311572487
7.4125000000000005,20346.78395838829,-2.376635549320782e-05,0.0001247086214542688,0.0001247086214542688,1.3677381715083593e-09,-0.47532710986415644
7.41875,20344.8923816822,-2.3636718918765114e-05,0.00012380477815084593,0.00012380477815084593,1.3599036320243941e-09,-0.4727343783753023
7.425000000000001,20342.93326134832,-2.3502453335865296e-05,0.00012291763460404146,0.00012291763460404146,1.3521135957142485e-09,-0.47004906671730595
7.43125,20340.906511555808,-2.336355286224302e-05,0.00012204724016581874,0.00012204724016581874,1.3443695988416693e-09,-0.4672710572448604
7.4375,20338.81204999001,-2.3220011856565667e-05,0.00012119363149901885,0.00012119363149901885,1.3366731795402586e-09,-0.46440023713131334
7.4437500000000005,20336.64979826145,-2.307182494651715e-05,0.0001203568330629687,0.0001203568330629687,1.3290258777243064e-09,-0.461436498930343
7.45,20334.419682337775,-2.2918987058397206e-05,0.00011953685760267593,0.00011953685760267593,1.321429234989813e-09,-0.4583797411679441
7.456250000000001,20332.121632998333,-2.2761493448271157e-05,0.00011873370663996997,0.00011873370663996997,1.3138847945051853e-09,-0.4552298689654231
7.4625,20329.755586312196,-2.25993397347032e-05,0.00011794737096502522,0.00011794737096502522,1.306394100891085e-09,-0.451986794694064
7.46875,20327.321484138527,-2.2432521933103953e-05,0.00011717783112678252,0.00011717783112678252,1.2989587000888911e-09,-0.44865043866207904
7.4750000000000005,20324.8192746522,-2.226103649172013e-05,0.00011642505792086802,0.00011642505792086802,1.2915801392172334e-09,-0.4452207298344026
7.48125,20322.248912893672,-2.208488032929133e-05,0.00011568901287369427,0.00011568901287369427,1.284259966416045e-09,-0.44169760658582663
7.487500000000001,20319.610361342267,-2.1904050874395865e-05,0.00011496964872151436,0.00011496964872151436,1.2769997306775729e-09,-0.4380810174879173
7.49375,20316.903590515274,-2.171854610650343e-05,0.00011426690988328899,0.00011426690988328899,1.2698009816637817e-09,-0.4343709221300686
7.5,20314.128579593274,-2.1528364598748688e-05,0.00011358073292631344,0.00011358073292631344,1.2626652695095795e-09,-0.4305672919749738
7.5062500000000005,20311.28531706783,-2.1333505562435747e-05,0.00011291104702364135,0.00011291104702364135,1.2555941446112923e-09,-0.42667011124871496
7.5125,20308.373801417445,-2.1133968893278314e-05,0.00011225777440242828,0.00011225777440242828,1.2485891573998129e-09,-0.42267937786556625
7.518750000000001,20305.394041806612,-2.092975521937559e-05,0.00011162083078240648,0.00011162083078240648,1.2416518580978464e-09,-0.41859510438751185
7.525,20302.34605881239,-2.0720865950918595e-05,0.00011100012580378654,0.00011100012580378654,1.2347837964606814e-09,-0.4144173190183719
7.53125,20299.22988517321,-2.0507303331615646e-05,0.00011039556344396582,0.00011039556344396582,1.227986521499915e-09,-0.4101460666323129
7.5375000000000005,20296.045566565543,-2.0289070491819862e-05,0.00010980704242250461,0.00010980704242250461,1.2212615811895693e-09,-0.4057814098363972
7.54375,20292.793162402548,-2.0066171503334843e-05,0.00010923445659390977,0.00010923445659390977,1.214610522154041e-09,-0.40132343006669685
7.550000000000001,20289.472746658266,-1.983861143586813e-05,0.00010867769532784213,0.00010867769532784213,1.2080348893373407e-09,-0.39677222871736256
7.55625,20286.08440871459,-1.9606396415094823e-05,0.00010813664387643657,0.00010813664387643657,1.2015362256530852e-09,-0.39212792830189647
7.5625,20282.62825423177,-1.9369533682286193e-05,0.00010761118372849306,0.00010761118372849306,1.1951160716147262e-09,-0.3873906736457239
7.5687500000000005,20279.104406040133,-1.912803165545062e-05,0.00010710119295036447,0.00010710119295036447,1.1887759649455136e-09,-0.3825606331090124
7.575,20275.513005053865,-1.8881899991925916e-05,0.00010660654651342814,0.00010660654651342814,1.1825174401677118e-09,-0.3776379998385183
7.581250000000001,20271.854211203587,-1.8631149652354082e-05,0.0001061271166080885,0.0001061271166080885,1.1763420281706113e-09,-0.37262299304708163
7.5875,20268.12820438971,-1.837579296596072e-05,0.00010566277294431242,0.00010566277294431242,1.170251255756903e-09,-0.3675158593192144
7.59375,20264.335185452655,-1.8115843697052646e-05,0.00010521338303875086,0.00010521338303875086,1.1642466451670117e-09,-0.36231687394105294
7.6000000000000005,20260.475377158986,-1.7851317112638712e-05,0.00010477881248854756,0.00010477881248854756,1.1583297135810156e-09,-0.35702634225277424
7.60625,20256.549025203723,-1.758223005106896e-05,0.0001043589252319793,0.0001043589252319793,1.152501972597816e-09,-0.3516446010213792
7.612500000000001,20252.556399224333,-1.7308600991578915e-05,0.00010395358379611266,0.00010395358379611266,1.1467649276912545e-09,-0.3461720198315783
7.61875,20248.497793827326,-1.7030450124615828e-05,0.00010356264953169721,0.00010356264953169721,1.1411200776429224e-09,-0.34060900249231657
7.625,20244.373529623634,-1.674779942281468e-05,0.00010318598283554839,0.00010318598283554839,1.1355689139514421e-09,-0.3349559884562936
7.6312500000000005,20240.18395427225,-1.6460672712482336e-05,0.00010282344336070187,0.00010282344336070187,1.130112920218057e-09,-0.3292134542496467
7.6375,20235.92944352767,-1.616909574543894e-05,0.00010247489021464631,0.00010247489021464631,1.1247535715084065e-09,-0.32338191490877877
7.643750000000001,20231.610402291615,-1.5873096271056345e-05,0.00010214018214596344,0.00010214018214596344,1.1194923336904265e-09,-0.3174619254211269
7.65,20227.227265664398,-1.5572704108324382e-05,0.00010181917771972318,0.00010181917771972318,1.1143306627483604e-09,-0.3114540821664876
7.65625,20222.78049999398,-1.5267951217766824e-05,0.00010151173548199719,0.00010151173548199719,1.1092700040729346e-09,-0.30535902435533646
7.6625000000000005,20218.27060392126,-1.4958871773020146e-05,0.0001012177141138662,0.0001012177141138662,1.1043117917278084e-09,-0.29917743546040293
7.66875,20213.69810941538,-1.4645502231880063e-05,0.00010093697257530756,0.00010093697257530756,1.099457447692475e-09,-0.2929100446376013
7.675000000000001,20209.063582801373,-1.4327881406612368e-05,0.0001006693702393557,0.0001006693702393557,1.0947083810818566e-09,-0.28655762813224733
7.68125,20204.36762577071,-1.400605053331746e-05,0.00010041476701693337,0.00010041476701693337,1.090065987342911e-09,-0.2801210106663492
7.6875,20199.610876377414,-1.3680053340130372e-05,0.00010017302347275413,0.00010017302347275413,1.0855316474286298e-09,-0.27360106680260743
7.6937500000000005,20194.79401001219,-1.334993611403169e-05,9.994400093269723e-05,9.994400093269723e-05,1.0811067269498928e-09,-0.2669987222806338
7.7,20189.917740354555,-1.3015747766038471e-05,9.972756158305403e-05,9.972756158305403e-05,1.076792575305715e-09,-0.2603149553207694
7.706250000000001,20184.982820296416,-1.2677539894539051e-05,9.952356856204265e-05,9.952356856204265e-05,1.0725905247925002e-09,-0.253550797890781
7.7125,20179.99004283518,-1.2335366846530658e-05,9.933188604398204e-05,9.933188604398204e-05,1.0685018896929976e-09,-0.24670733693061314
7.71875,20174.940241934262,-1.198928577651468e-05,9.915237931651104e-05,9.915237931651104e-05,1.0645279653457367e-09,-0.23978571553029362
7.7250000000000005,20169.834293343574,-1.1639356702801431e-05,9.898491485123021e-05,9.898491485123021e-05,1.0606700271957991e-09,-0.23278713405602863
7.73125,20164.67311538023,-1.1285642560973513e-05,9.88293603681359e-05,9.88293603681359e-05,1.0569293298278717e-09,-0.22571285121947027
7.737500000000001,20159.45766966332,-1.0928209254255627e-05,9.868558489420609e-05,9.868558489420609e-05,1.0533071059826014e-09,-0.21856418508511255
7.74375,20154.188961800286,-1.0567125700537873e-05,9.85534588164878e-05,9.85534588164878e-05,1.0498045655573665e-09,-0.21134251401075746
7.75,20148.86804201969,-1.0202463875800234e-05,9.843285393002433e-05,9.843285393002433e-05,1.0464228945926528e-09,-0.20404927751600468
7.7562500000000005,20143.496005750174,-9.834298853686965e-06,9.832364348094897e-05,9.832364348094897e-05,1.0431632542453136e-09,-0.1966859770737393
7.7625,20138.073994136314,-9.462708840982466e-06,9.822570220506021e-05,9.822570220506021e-05,1.0400267797500702e-09,-0.18925417681964932
7.768750000000001,20132.60319449449,-9.087775208743446e-06,9.813890636218066e-05,9.813890636218066e-05,1.0370145793706945e-09,-0.18175550417486894
7.775,20127.084840699223,-8.70958251884701e-06,9.806313376658924e-05,9.806313376658924e-05,1.034127733342391e-09,-0.1741916503769402
7.78125,20121.520213500942,-8.32821854571998e-06,9.799826381380371e-05,9.799826381380371e-05,1.0313672928069775e-09,-0.1665643709143996
7.7875000000000005,20115.91064076818,-7.943774293021765e-06,9.79441775039776e-05,9.79441775039776e-05,1.0287342787425348e-09,-0.15887548586043532
7.79375,20110.257497656065,-7.556344005060991e-06,9.790075746216235e-05,9.790075746216235e-05,1.0262296808892737e-09,-0.15112688010121983
7.800000000000001,20104.562206691287,-7.16602517273566e-06,9.786788795567334e-05,9.786788795567334e-05,1.0238544566734323e-09,-0.1433205034547132
7.80625,20098.826237776902,-6.772918533796569e-06,9.784545490878548e-05,9.784545490878548e-05,1.0216095301310863e-09,-0.13545837067593136
7.8125,20093.05110811005,-6.377128067245699e-06,9.783334591497167e-05,9.783334591497167e-05,1.0194957908338155e-09,-0.12754256134491398
7.8187500000000005,20087.238382012463,-5.978760981693572e-06,9.783145024688497e-05,9.783145024688497e-05,1.01751409281823e-09,-0.11957521963387144
7.825,20081.389670670174,-5.577927697513589e-06,9.783965886427394e-05,9.783965886427394e-05,1.015665253521411e-09,-0.11155855395027177
7.831250000000001,20075.5066317798,-5.174741822646222e-06,9.785786442000854e-05,9.785786442000854e-05,1.0139500527243723e-09,-0.10349483645292444
7.8375,20069.590969101326,-4.769320121921689e-06,9.788596126438277e-05,9.788596126438277e-05,1.0123692315056879e-09,-0.09538640243843377
7.84375,20063.644431914785,-4.361782479786754e-06,9.792384544784965e-05,9.792384544784965e-05,1.0109234912074764e-09,-0.08723564959573507
7.8500000000000005,20057.66881437757,-3.952251856339282e-06,9.797141472233333e-05,9.797141472233333e-05,1.009613492415957e-09,-0.07904503712678564
7.85625,20051.66595478537,-3.5408542365926544e-06,9.802856854125294e-05,9.802856854125294e-05,1.0084398539588221e-09,-0.0708170847318531
7.862500000000001,20045.637734731146,-3.1277185729121475e-06,9.809520805838355e-05,9.809520805838355e-05,1.0074031519216897e-09,-0.06255437145824295
7.86875,20039.586078165576,-2.7129767205853747e-06,9.817123612566982e-05,9.817123612566982e-05,1.0065039186859114e-09,-0.05425953441170749
7.875,20033.51295035683,-2.2967633665101824e-06,9.825655729009946e-05,9.825655729009946e-05,1.0057426419900175e-09,-0.04593526733020365
7.8812500000000005,20027.42035674887,-1.8792159510051378e-06,9.83510777897348e-05,9.83510777897348e-05,1.0051197640170787e-09,-0.03758431902010276
7.8875,20021.31034172135,-1.460474582769709e-06,9.84547055489932e-05,9.84547055489932e-05,1.0046356805102535e-09,-0.02920949165539418
7.893750000000001,20015.184987248744,-1.0406819470441735e-06,9.8567350173259e-05,9.8567350173259e-05,1.0042907399187786e-09,-0.02081363894088347
7.9,20009.046411462958,-6.199832070420251e-07,9.868892294290274e-05,9.868892294290274e-05,1.004085242576628e-09,-0.012399664140840502
7.90625,20002.89676711812,-1.98525898751077e-07,9.881933680677643e-05,9.881933680677643e-05,1.004019439916043e-09,-0.00397051797502154
7.9125000000000005,19996.73823995968,2.2354018077718864e-07,9.895850637524735e-05,9.895850637524735e-05,1.0040935337180877e-09,0.004470803615543773
7.91875,19990.57304700305,6.460630915073142e-07,9.910634791282646e-05,9.910634791282646e-05,1.0043076754023437e-09,0.012921261830146283
7.925000000000001,19984.403434718828,1.068888874702149e-06,9.926277933044226e-05,9.926277933044226e-05,1.0046619653577983e-09,0.021377777494042977
7.93125,19978.231677132044,1.4918616832185219e-06,9.9427720177405e-05,9.9427720177405e-05,1.0051564523169215e-09,0.02983723366437044
7.9375,19972.060073836463,1.914823917604096e-06,9.960109163310141e-05,9.960109163310141e-05,1.005791132774851e-09,0.03829647835208192
7.9437500000000005,19965.890947927168,2.3376163677607246e-06,9.978281649845519e-05,9.978281649845519e-05,1.0065659504555337e-09,0.04675232735521449
7.95,19959.726643856688,2.760078359917932e-06,9.997281918718407e-05,9.997281918718407e-05,1.0074807958265826e-09,0.05520156719835864
7.956250000000001,19953.569525216226,3.1820479086386543e-06,0.00010017102571687995,0.00010017102571687995,1.0085355056645164e-09,0.06364095817277308
7.9625,19947.421972449032,3.6033618735590305e-06,0.00010037736369993473,0.00010037736369993473,1.009729862671952e-09,0.07206723747118061
7.96875,19941.286380499056,4.023856120544376e-06,0.0001005917623343305,0.0001005917623343305,1.0110635951482126e-09,0.08047712241088752
7.9750000000000005,19935.165156399133,4.44336568692466e-06,0.0001008141523943095,0.0001008141523943095,1.0125363767147044e-09,0.0888673137384932
7.98125,19929.06071680698,4.861724950455385e-06,0.00010104446622093578,0.00010104446622093578,1.014147826096297e-09,0.0972344990091077
7.987500000000001,19922.975485489627,5.27876780163306e-06,0.00010128263771255716,0.00010128263771255716,1.0158975069598177e-09,0.1055753560326612
7.99375,19916.911890766398,5.69432781897946e-06,0.00010152860231517347,0.00010152860231517347,1.0177849278106457e-09,0.11388655637958921
8.0,19910.872362913284,6.108238446894823e-06,0.00010178229701271412,0.00010178229701271412,1.0198095419482569e-09,0.12216476893789645
8.00625,19904.859331537467,6.520333175667876e-06,0.00010204366031722473,0.00010204366031722473,1.0219707474814335e-09,0.13040666351335753
8.012500000000001,19898.875222923634,6.93044572321928e-06,0.00010231263225896126,0.00010231263225896126,1.024267887403715e-09,0.13860891446438559
8.01875,19892.92245736509,7.338410218146113e-06,0.00010258915437638627,0.00010258915437638627,1.026700249729518e-09,0.14676820436292226
8.025,19887.00344647899,7.744061383626803e-06,0.00010287316970606023,0.00010287316970606023,1.0292670676912151e-09,0.15488122767253606
8.03125,19881.120590517286,8.147234721740052e-06,0.00010316462277241865,0.00010316462277241865,1.031967519997306e-09,0.16294469443480106
8.0375,19875.27627567731,8.547766697746702e-06,0.00010346345957742299,0.00010346345957742299,1.0348007311516705e-09,0.17095533395493404
8.043750000000001,19869.472871421123,8.945494923881071e-06,0.00010376962759007174,0.00010376962759007174,1.037765771833739e-09,0.17890989847762143
8.05,19863.712727806764,9.340258342196983e-06,0.00010408307573575557,0.00010408307573575557,1.040861659339271e-09,0.18680516684393966
8.05625,19857.99817284087,9.73189740601487e-06,0.00010440375438543828,0.00010440375438543828,1.0440873580812734e-09,0.1946379481202974
8.0625,19852.331509857613,1.0120254259518784e-05,0.00010473161534464358,0.00010473161534464358,1.0474417801504473e-09,0.20240508519037567
8.06875,19846.715014931975,1.0505172915056724e-05,0.0001050666118422252,0.0001050666118422252,1.0509237859344038e-09,0.21010345830113447
8.075000000000001,19841.15093433365,1.0886499427703754e-05,0.00010540869851889639,0.00010540869851889639,1.054532184794738e-09,0.21772998855407508
8.08125,19835.641482024606,1.1264082066655178e-05,0.00010575783141549209,0.00010575783141549209,1.0582657358009131e-09,0.22528164133310355
8.0875,19830.18883721109,1.1637771483026838e-05,0.00010611396796093549,0.00010611396796093549,1.0621231485197636e-09,0.23275542966053675
8.09375,19824.795141954306,1.2007420873650852e-05,0.00010647706695987843,0.00010647706695987843,1.0661030838592884e-09,0.24014841747301705
8.1,19819.462498844,1.2372886140467737e-05,0.00010684708857998291,0.00010684708857998291,1.070204154965276e-09,0.24745772280935474
8.106250000000001,19814.192968742744,1.2734026045130634e-05,0.00010722399433880927,0.00010722399433880927,1.0744249281691752e-09,0.2546805209026127
8.1125,19808.988568605135,1.3090702358452854e-05,0.00010760774709027364,0.00010760774709027364,1.0787639239854987e-09,0.2618140471690571
8.11875,19803.85126937824,1.3442780004347676e-05,0.00010799831101063564,0.00010799831101063564,1.0832196181569393e-09,0.26885560008695353
8.125,19798.782993985395,1.3790127197927447e-05,0.0001083956515839752,0.0001083956515839752,1.0877904427452579e-09,0.2758025439585489
8.13125,19793.785615401852,1.4132615577449365e-05,0.00010879973558711416,0.00010879973558711416,1.0924747872659066e-09,0.2826523115489873
8.137500000000001,19788.860954822994,1.4470120329815822e-05,0.00010921053107393726,0.00010921053107393726,1.0972709998642495e-09,0.28940240659631644
8.14375,19784.01077993174,1.4802520309359557e-05,0.00010962800735906346,0.00010962800735906346,1.1021773885311557e-09,0.29605040618719114
8.15,19779.236803265816,1.512969814966636e-05,0.00011005213500081699,0.00011005213500081699,1.1071922223556563e-09,0.3025939629933272
8.15625,19774.540680692196,1.5451540368212224e-05,0.00011048288578344445,0.00011048288578344445,1.1123137328122846e-09,0.3090308073642445
8.1625,19769.924009987557,1.5767937463615762e-05,0.00011092023269852232,0.00011092023269852232,1.1175401150806508e-09,0.3153587492723152
8.168750000000001,19765.388329528683,1.607878400533194e-05,0.00011136414992549586,0.00011136414992549586,1.1228695293947464e-09,0.3215756801066388
8.175,19760.935117097957,1.6383978715638605e-05,0.00011181461281128862,0.00011181461281128862,1.1283001024194234e-09,0.3276795743127721
8.18125,19756.565788799417,1.6683424543792712e-05,0.0001122715978489183,0.0001122715978489183,1.1338299286514531e-09,0.33366849087585426
8.1875,19752.28169809376,1.6977028732259502e-05,0.00011273508265505268,0.00011273508265505268,1.1394570718425373e-09,0.33954057464519005
8.19375,19748.084134948054,1.7264702874943496e-05,0.00011320504594643622,0.00011320504594643622,1.14517956644162e-09,0.34529405749886993
8.200000000000001,19743.974325103634,1.7546362967376432e-05,0.00011368146751511508,0.00011368146751511508,1.1509954190538352e-09,0.35092725934752866
8.20625,19739.95342946119,1.782192944884289e-05,0.00011416432820238618,0.00011416432820238618,1.1569026099134157e-09,0.3564385889768578
8.2125,19736.022543583596,1.8091327236450035e-05,0.00011465360987139216,0.00011465360987139216,1.1628990943678965e-09,0.36182654472900067
8.21875,19732.182697316843,1.835448575117296e-05,0.0001151492953782825,0.0001151492953782825,1.1689828043709494e-09,0.36708971502345916
8.225,19728.43485452445,1.8611338935931657e-05,0.00011565136854185756,0.00011565136854185756,1.1751516499812111e-09,0.37222677871863313
8.231250000000001,19724.779912940812,1.8861825265780028e-05,0.00011615981411160964,0.00011615981411160964,1.1814035208644871e-09,0.37723650531560055
8.2375,19721.218704134473,1.9105887750310147e-05,0.00011667461773407318,0.00011667461773407318,1.1877362877967526e-09,0.38211775500620293
8.24375,19717.75199358562,1.9343473928398056e-05,0.00011719576591739306,0.00011719576591739306,1.194147804165413e-09,0.3868694785679611
8.25,19714.380480872314,1.9574535855438563e-05,0.0001177232459940175,0.0001177232459940175,1.2006359074663316e-09,0.39149071710877126
8.25625,19711.104799964134,1.9799030083237447e-05,0.00011825704608142043,0.00011825704608142043,1.2071984207941942e-09,0.3959806016647489
8.262500000000001,19707.925519618635,2.0016917632748866e-05,0.00011879715504075506,0.00011879715504075506,1.2138331543238361e-09,0.4003383526549773
8.26875,19704.84314388229,2.0228163959864434e-05,0.00011934356243333885,0.00011934356243333885,1.2205379067802299e-09,0.4045632791972887
8.275,19701.858112686972,2.0432738914477586e-05,0.00011989625847486832,0.00011989625847486832,1.2273104668949054e-09,0.4086547782895517
8.28125,19698.97080254159,2.063061669306294e-05,0.00012045523398726013,0.00012045523398726013,1.2341486148466515e-09,0.4126123338612588
8.2875,19696.1815273155,2.0821775785025093e-05,0.0001210204803480134,0.0001210204803480134,1.2410501236844346e-09,0.41643551570050186
8.293750000000001,19693.49053910814,2.100619891308489e-05,0.00012159198943698769,0.00012159198943698769,1.2480127607305577e-09,0.42012397826169784
8.3,19690.89802920155,2.1183872967983024e-05,0.00012216975358048907,0.00012216975358048907,1.2550342889621773e-09,0.42367745935966045
8.30625,19688.40412909214,2.1354788937791824e-05,0.00012275376549255755,0.00012275376549255755,1.2621124683693898e-09,0.4270957787558365
8.3125,19686.00891159683,2.1518941832135227e-05,0.00012334401821334736,0.00012334401821334736,1.2692450572881999e-09,0.43037883664270454
8.31875,19683.712392027213,2.1676330601624887e-05,0.00012394050504449297,0.00012394050504449297,1.276429813706786e-09,0.4335266120324977
8.325000000000001,19681.514529431734,2.182695805282694e-05,0.00012454321948135395,0.00012454321948135395,1.2836644965435806e-09,0.4365391610565388
8.33125,19679.415227896363,2.1970830759079145e-05,0.00012515215514203226,0.00012515215514203226,1.29094686689579e-09,0.4394166151815829
8.3375,19677.41433790173,2.2107958967481735e-05,0.0001257673056930581,0.0001257673056930581,1.298274689257087e-09,0.44215917934963467
8.34375,19675.511657731313,2.2238356502387808e-05,0.00012638866477164115,0.00012638866477164115,1.3056457327033132e-09,0.44476713004775614
8.35,19673.706934926384,2.236204066572035e-05,0.00012701622590438816,0.00012701622590438816,1.3130577720451414e-09,0.447240813314407
8.356250000000001,19671.99986778133,2.247903213444247e-05,0.0001276499824223897,0.0001276499824223897,1.3205085889467546e-09,0.4495806426888494
8.3625,19670.390106876916,2.258935485550627e-05,0.00012828992737258296,0.00012828992737258296,1.3279959730097035e-09,0.4517870971101254
8.36875,19668.87725664567,2.269303593860311e-05,0.0001289360534253031,0.0001289360534253031,1.3355177228212173e-09,0.45386071877206224
8.375,19667.460876963032,2.2790105547034095e-05,0.00012958835277793835,0.00012958835277793835,1.3430716469663415e-09,0.4558021109406819
8.38125,19666.1404847637,2.2880596787014918e-05,0.00013024681705461278,0.00013024681705461278,1.3506555650033852e-09,0.45761193574029835
8.387500000000001,19664.91555567457,2.2964545595723262e-05,0.00013091143720182506,0.00013091143720182506,1.3582673084022619e-09,0.45929091191446525
8.39375,19663.785525662515,2.304199062839008e-05,0.0001315822033799796,0.0001315822033799796,1.3659047214454048e-09,0.4608398125678016
8.4,19662.749792691182,2.3112973144728244e-05,0.00013225910485075543,0.00013225910485075543,1.3735656620910391e-09,0.4622594628945649
8.40625,19661.807718384243,2.31775368949836e-05,0.00013294212986026587,0.00013294212986026587,1.3812480027986849e-09,0.463550737899672
8.4125,19660.95862968862,2.3235728005884055e-05,0.0001336312655179728,0.0001336312655179728,1.388949631316857e-09,0.4647145601176811
8.418750000000001,19660.201820537994,2.3287594866752238e-05,0.0001343264976713299,0.0001343264976713299,1.3966684514330158e-09,0.46575189733504474
8.425,19659.536553505826,2.333318801603647e-05,0.00013502781077614064,0.00013502781077614064,1.4044023836859097e-09,0.4666637603207294
8.43125,19658.962061453763,2.337256002850401e-05,0.00013573518776262996,0.00013573518776262996,1.4121493660405244e-09,0.4674512005700802
8.4375,19658.477549164054,2.3405765403328375e-05,0.000136448609897241,0.000136448609897241,1.419907354525941e-09,0.4681153080665675
8.44375,19658.082194954834,2.343286045329064e-05,0.00013716805664018374,0.00013716805664018374,1.4276743238364659e-09,0.46865720906581276
8.450000000000001,19657.77515227969,2.3453903195302322e-05,0.0001378935054987773,0.0001378935054987773,1.4354482678964774e-09,0.46907806390604645
8.45625,19657.555551301135,2.3468953242444577e-05,0.00013862493187664324,0.00013862493187664324,1.443227200389485e-09,0.4693790648488915
8.4625,19657.422500442386,2.347807169770575e-05,0.00013936230891882555,0.00013936230891882555,1.4510091552519685e-09,0.469561433954115
8.46875,19657.37508790973,2.3481321049586226e-05,0.00014010560735293012,0.00014010560735293012,1.4587921871326158e-09,0.4696264209917245
8.475,19657.41238318671,2.3478765069726597e-05,0.0001408547953263957,0.0001408547953263957,1.4665743718176265e-09,0.46957530139453196
8.481250000000001,19657.533438496674,2.347046871270203e-05,0.000141609838240028,0.000141609838240028,1.4743538066228037e-09,0.4694093742540406
8.4875,19657.737290230398,2.3456498018112854e-05,0.00014237069857794946,0.00014237069857794946,1.4821286107531928e-09,0.46912996036225707
8.49375,19658.02296034035,2.3436920015088402e-05,0.0001431373357341382,0.0001431373357341382,1.4898969256310659e-09,0.46873840030176805
8.5,19658.389457696954,2.3411802629308712e-05,0.00014390970583575202,0.00014390970583575202,1.4976569151930902e-09,0.46823605258617423
8.50625,19658.835779407367,2.3381214592635964e-05,0.0001446877615634554,0.0001446877615634554,1.5054067661575421e-09,0.46762429185271925
8.512500000000001,19659.360912094944,2.3345225355435594e-05,0.00014547145196899214,0.00014547145196899214,1.5131446882624594e-09,0.4669045071087119
8.51875,19659.963833138205,2.330390500165492e-05,0.00014626072229026883,0.00014626072229026883,1.5208689144756456e-09,0.46607810003309835
8.525,19660.643511868446,2.3257324166715827e-05,0.00014705551376423926,0.00014705551376423926,1.5285777011774606e-09,0.4651464833343166
8.53125,19661.398910727057,2.3205553958266796e-05,0.00014785576343790514,0.00014785576343790514,1.5362693283173422e-09,0.46411107916533595
8.5375,19662.22898637891,2.3148665879828872e-05,0.0001486614039777724,0.0001486614039777724,1.5439420995450213e-09,0.46297331759657745
8.543750000000001,19663.132690783765,2.3086731757359685e-05,0.00014947236347812918,0.00014947236347812918,1.551594342317395e-09,0.4617346351471937
8.55,19664.108972225884,2.3019823668750387e-05,0.00015028856526853561,0.00015028856526853561,1.5592244079820318e-09,0.4603964733750077
8.55625,19665.156776299234,2.2948013876260195e-05,0.00015110992772094165,0.00015110992772094165,1.5668306718382817e-09,0.4589602775252039
8.5625,19666.27504684996,2.2871374761885107e-05,0.00015193636405687428,0.00015193636405687428,1.5744115331769635e-09,0.45742749523770215
8.56875,19667.46272687862,2.2789978765648724e-05,0.00015276778215516076,0.00015276778215516076,1.5819654152995982e-09,0.4557995753129745
8.575000000000001,19668.718759396175,2.2703898326795214e-05,0.0001536040843606784,0.0001536040843606784,1.5894907655181514e-09,0.45407796653590426
8.58125,19670.042088241647,2.2613205827857334e-05,0.00015444516729464674,0.00015444516729464674,1.596986055136235e-09,0.45226411655714666
8.5875,19671.431658856178,2.2517973541565778e-05,0.0001552909216670001,0.0001552909216670001,1.6044497794127134e-09,0.45035947083131556
8.59375,19672.886419016315,2.2418273580559287e-05,0.00015614123209140298,0.00015614123209140298,1.6118804575086393e-09,0.44836547161118573
8.6,19674.40531952942,2.2314177849850275e-05,0.00015699597690349023,0.00015699597690349023,1.6192766324184355e-09,0.4462835569970055
8.606250000000001,19675.987314884886,2.22057580019943e-05,0.0001578550279829373,0.0001578550279829373,1.6266368708862157e-09,0.444115160039886
8.6125,19677.631363872337,2.2093085394908172e-05,0.0001587182505799828,0.0001587182505799828,1.633959763308125e-09,0.4418617078981634
8.61875,19679.33643015845,2.197623105227654e-05,0.0001595855031470457,0.0001595855031470457,1.6412439236215565e-09,0.43952462104553075
8.625,19681.101482826874,2.18552656264833e-05,0.000160456637176095,0.000160456637176095,1.6484879891820812e-09,0.437105312529666
8.63125,19682.92549688482,2.1730259364001217e-05,0.00016133149704244387,0.00016133149704244387,1.6556906206289066e-09,0.43460518728002434
8.637500000000001,19684.807453732185,2.1601282073169915e-05,0.00016220991985565572,0.00016220991985565572,1.6628505017396544e-09,0.4320256414633983
8.64375,19686.746341597955,2.1468403094290445e-05,0.00016309173531825748,0.00016309173531825748,1.6699663392752258e-09,0.4293680618858089
8.65,19688.741155944732,2.133169127196258e-05,0.00016397676559296622,0.00016397676559296622,1.677036862815499e-09,0.4266338254392516
8.65625,19690.790899839296,2.1191214929589362e-05,0.00016486482517914132,0.00016486482517914132,1.6840608245865744e-09,0.4238242985917872
8.6625,19692.894584295278,2.1047041845972563e-05,0.00016575572079917787,0.00016575572079917787,1.691036999280264e-09,0.4209408369194513
8.668750000000001,19695.051228585275,2.0899239233921834e-05,0.00016664925129555923,0.00016664925129555923,1.6979641838664887e-09,0.4179847846784367
8.675,19697.259860523685,2.074787372079964e-05,0.00016754520753928468,0.00016754520753928468,1.7048411973992292e-09,0.4149574744159928
8.68125,19699.519516724686,2.0593011330924467e-05,0.0001684433723503848,0.0001684433723503848,1.7116668808166424e-09,0.41186022661848937
8.6875,19701.829242832355,2.0434717469754595e-05,0.00016934352043122895,0.00016934352043122895,1.7184400967359368e-09,0.4086943493950919
8.69375,19704.188093726396,2.0273056909775297e-05,0.0001702454183133211,0.0001702454183133211,1.7251597292435693e-09,0.40546113819550594
8.700000000000001,19706.595133705057,2.0108093778013093e-05,0.0001711488243182649,0.0001711488243182649,1.7318246836813043e-09,0.40216187556026184
8.70625,19709.04943664405,1.993989154510155e-05,0.0001720534885335638,0.0001720534885335638,1.7384338864286476e-09,0.39879783090203097
8.7125,19711.550086134986,1.9768513015824403e-05,0.00017295915280390243,0.00017295915280390243,1.7449862846821464e-09,0.39537026031648803
8.71875,19714.096175602444,1.959402032106298e-05,0.00017386555073853127,0.00017386555073853127,1.7514808462320201e-09,0.3918804064212596
8.725,19716.686808402043,1.9416474911076392e-05,0.00017477240773535182,0.00017477240773535182,1.7579165592365642e-09,0.38832949822152785
8.731250000000001,19719.32109790052,1.9235937550045013e-05,0.0001756794410222686,0.0001756794410222686,1.7642924319947444e-09,0.38471875100090025
8.7375,19721.998167537793,1.9052468311808966e-05,0.00017658635971634187,0.00017658635971634187,1.7706074927173796e-09,0.3810493662361793
8.74375,19724.717150871864,1.8866126576735708e-05,0.00017749286490123818,0.00017749286490123818,1.776860789297286e-09,0.3773225315347142
8.75,19727.47719161049,1.8676971029652714e-05,0.00017839864972343607,0.00017839864972343607,1.7830513890787356e-09,0.3735394205930543
8.75625,19730.277443625124,1.8485059658783156e-05,0.0001793033995076021,0.0001793033995076021,1.7891783786265622e-09,0.36970119317566313
8.762500000000001,19733.117070953693,1.829044975562493e-05,0.00018020679189150447,0.00018020679189150447,1.7952408634952283e-09,0.3658089951124986
8.76875,19735.995247789077,1.8093197915715383e-05,0.00018110849698078416,0.00018110849698078416,1.8012379679981436e-09,0.3618639583143077
8.775,19738.91115845593,1.7893360040226365e-05,0.0001820081775238498,0.0001820081775238498,1.8071688349775139e-09,0.3578672008045273
8.78125,19741.86399737628,1.7690991338336617e-05,0.00018290548910710808,0.00018290548910710808,1.813032625574975e-09,0.35381982676673235
8.7875,19744.852969023792,1.7486146330330616e-05,0.0001838000803706832,0.0001838000803706832,1.8188285190032548e-09,0.3497229266066123
8.793750000000001,19747.877287868767,1.727887885137537e-05,0.00018469159324471953,0.00018469159324471953,1.824555712319087e-09,0.3455775770275074
8.8,19750.936178314423,1.7069242055929014e-05,0.0001855796632062973,0.0001855796632062973,1.8302134201975847e-09,0.34138484111858025
8.80625,19754.02887462336,1.685728842273719e-05,0.00018646391955692772,0.00018646391955692772,1.835800874708273e-09,0.33714576845474375
8.8125,19757.154620837075,1.664306976037537e-05,0.0001873439857205271,0.0001873439857205271,1.8413173250929552e-09,0.3328613952075074
8.81875,19760.31267068709,1.6426637213297723e-05,0.00018821947956170005,0.00018821947956170005,1.846762037545587e-09,0.32853274426595447
8.825000000000001,19763.50228750045,1.620804126835503e-05,0.0001890900137240935,0.0001890900137240935,1.852134294994308e-09,0.3241608253671006
8.83125,19766.722744098173,1.59873317617465e-05,0.00018995519598851107,0.00018995519598851107,1.8574333968857815e-09,0.31974663523493
8.8375,19769.973322688078,1.5764557886372156e-05,0.0001908146296504071,0.0001908146296504071,1.8626586589719668e-09,0.31529115772744315
8.84375,19773.253314751717,1.5539768199554666e-05,0.00019166791391630496,0.00019166791391630496,1.8678094130994537e-09,0.3107953639910933
8.85,19776.562020927067,1.5313010631101404e-05,0.00019251464431861508,0.00019251464431861508,1.8728850070014695e-09,0.30626021262202807
8.856250000000001,19779.8987508856,1.5084332491679305e-05,0.00019335441314825226,0.00019335441314825226,1.8778848040926597e-09,0.3016866498335861
8.8625,19783.26282320771,1.4853780481477256e-05,0.00019418680990438225,0.00019418680990438225,1.882808183266742e-09,0.2970756096295451
8.86875,19786.653565250377,1.4621400699131901e-05,0.00019501142176055566,0.00019501142176055566,1.887654538697118e-09,0.292428013982638
8.875,19790.070313014352,1.4387238650895142e-05,0.00019582783404641636,0.00019582783404641636,1.8924232796405227e-09,0.28774477301790286
8.88125,19793.51241100755,1.4151339260022848e-05,0.00019663563074410407,0.00019663563074410407,1.8971138302437885e-09,0.28302678520045693
8.887500000000001,19796.979212104216,1.3913746876365826e-05,0.0001974343949984034,0.0001974343949984034,1.9017256293537846e-09,0.2782749375273165
8.89375,19800.47007740274,1.3674505286145842e-05,0.00019822370963962663,0.00019822370963962663,1.9062581303305994e-09,0.2734901057229168
8.9,19803.98437608084,1.34336577219008e-05,0.0001990031577181555,0.0001990031577181555,1.910710800864019e-09,0.268673154438016
8.90625,19807.521485248035,1.3191246872584425e-05,0.00019977232304950826,0.00019977232304950826,1.915083122793352e-09,0.2638249374516885
8.9125,19811.08078979518,1.29473148938073e-05,0.00020053079076874086,0.00020053079076874086,1.9193745919306496e-09,0.258946297876146
8.918750000000001,19814.661682244943,1.270190341820731e-05,0.00020127814789293956,0.00020127814789293956,1.923584717887364e-09,0.25403806836414616
8.925,19818.263562597123,1.245505356593856e-05,0.00020201398389051232,0.00020201398389051232,1.9277130239044815e-09,0.2491010713187712
8.93125,19821.8858381753,1.2206805955269162e-05,0.0002027378912559416,0.0002027378912559416,1.9317590466861685e-09,0.24413611910538324
8.9375,19825.527923470163,1.1957200713279226e-05,0.0002034494660886204,0.0002034494660886204,1.935722336236966e-09,0.23914401426558451
8.94375,19829.189239981453,1.170627748665129e-05,0.00020414830867435785,0.00020414830867435785,1.939602455702558e-09,0.2341255497330258
8.950000000000001,19832.86921606031,1.1454075452546701e-05,0.00020483402406810836,0.00020483402406810836,1.9433989812141445e-09,0.22908150905093402
8.95625,19836.56728674908,1.1200633329561925e-05,0.00020550622267645393,0.00020550622267645393,1.9471115017364494e-09,0.2240126665912385
8.9625,19840.28289362015,1.094598938875992e-05,0.00020616452083834546,0.00020616452083834546,1.9507396189193814e-09,0.21891978777519838
8.96875,19844.015484613912,1.0690181464772283e-05,0.00020680854140259732,0.00020680854140259732,1.954282946953376e-09,0.21380362929544566
8.975,19847.764513875874,1.0433246966968809e-05,0.00020743791430061594,0.00020743791430061594,1.9577411124284407e-09,0.2086649393393762
8.981250000000001,19851.529441592935,1.0175222890691638e-05,0.00020805227711284094,0.00020805227711284094,1.9611137541969217e-09,0.20350445781383275
8.9875,19855.309733828395,9.91614582855188e-06,0.0002086512756273788,0.0002086512756273788,1.964400523240017e-09,0.19832291657103762
8.99375,19859.104862356027,9.65605198178722e-06,0.0002092345643893161,0.0002092345643893161,1.9676010825380535e-09,0.19312103963574442
9.0,19862.914304494167,9.394977171679553e-06,0.00020980180723921272,0.00020980180723921272,1.9707151069445478e-09,0.18789954343359105
9.00625,19866.737542937146,9.132956851032212e-06,0.00021035267783929502,0.00021035267783929502,1.9737422830640706e-09,0.18265913702064424
9.012500000000001,19870.574065587887,8.87002611570691e-06,0.00021088686018589433,0.00021088686018589433,1.9766823091339386e-09,0.17740052231413822
9.01875,19874.42336538863,8.606219716220975e-06,0.0002114040491067061,0.0002114040491067061,1.9795348949097456e-09,0.1721243943244195
9.025,19878.28494014979,8.34157206940562e-06,0.0002119039507414828,0.0002119039507414828,1.982299761554761e-09,0.1668314413881124
9.03125,19882.15829238042,8.076117270126949e-06,0.0002123862830048156,0.0002123862830048156,1.984976641533213e-09,0.16152234540253899
9.0375,19886.042929115498,7.809889103071122e-06,0.00021285077602970759,0.00021285077602970759,1.987565278507477e-09,0.15619778206142246
9.043750000000001,19889.93836174243,7.542921054595814e-06,0.00021329717259069414,0.00021329717259069414,1.9900654272391925e-09,0.15085842109191627
9.05,19893.84410582828,7.275246324650392e-06,0.00021372522850532467,0.00021372522850532467,1.9924768534943314e-09,0.14550492649300784
9.05625,19897.75968094399,7.006897838767391e-06,0.0002141347130128829,0.0002141347130128829,1.994799333952241e-09,0.14013795677534782
9.0625,19901.68461048872,6.737908260128119e-06,0.0002145254091292901,0.0002145254091292901,1.997032656118686e-09,0.13475816520256237
9.06875,19905.61842151229,6.468310001705544e-06,0.00021489711397720758,0.00021489711397720758,1.9991766182429157e-09,0.1293662000341109
9.075000000000001,19909.560644537174,6.198135238487812e-06,0.00021524963909043158,0.00021524963909043158,2.0012310292387812e-09,0.12396270476975625
9.08125,19913.510813378933,5.927415919785746e-06,0.00021558281069175182,0.00021558281069175182,2.0031957086099345e-09,0.11854831839571492
9.0875,19917.468464964953,5.656183781628069e-06,0.00021589646994352903,0.00021589646994352903,2.0050704863791346e-09,0.11312367563256137
9.09375,19921.433139152577,5.384470359248055e-06,0.0002161904731703321,0.0002161904731703321,2.006855203021692e-09,0.1076894071849611
9.1,19925.404378545685,5.112306999665463e-06,0.00021646469205306428,0.00021646469205306428,2.0085497094030848e-09,0.10224613999330925
9.106250000000001,19929.381728308956,4.839724874367647e-06,0.00021671901379409798,0.00021671901379409798,2.0101538667207767e-09,0.09679449748735294
9.1125,19933.364735982217,4.566754992093906e-06,0.00021695334125303037,0.00021695334125303037,2.011667546450274e-09,0.09133509984187811
9.11875,19937.352951291672,4.293428211727012e-06,0.00021716759305276577,0.00021716759305276577,2.0130906302954534e-09,0.08586856423454024
9.125,19941.345925960286,4.0197752552959e-06,0.00021736170365572552,0.00021736170365572552,2.014423010143203e-09,0.08039550510591799
9.13125,19945.343213517164,3.7458267210936328e-06,0.00021753562341008097,0.00021753562341008097,2.015664588022407e-09,0.07491653442187265
9.137500000000001,19949.344369103106,3.471613096914393e-06,0.0002176893185660003,0.0002176893185660003,2.0168152760673213e-09,0.06943226193828786
9.14375,19953.34894927622,3.1971647734134733e-06,0.0002178227712619954,0.0002178227712619954,2.0178749964853767e-09,0.06394329546826946
9.15,19957.35651181574,2.9225120575940153e-06,0.0002179359794815487,0.0002179359794815487,2.0188436815294506e-09,0.05845024115188031
9.15625,19961.366615522176,2.6476851864240475e-06,0.00021802895698029264,0.00021802895698029264,2.0197212734746543e-09,0.05295370372848095
9.1625,19965.378820018028,2.3727143405873353e-06,0.00021810173318410572,0.00021810173318410572,2.0205077245996766e-09,0.0474542868117467
9.168750000000001,19969.39268554387,2.0976296583711858e-06,0.00021815435305857977,0.00021815435305857977,2.0212029971727324e-09,0.04195259316742372
9.175,19973.407772754606,1.8224612496943759e-06,0.00021818687695039697,0.00021818687695039697,2.0218070634421585e-09,0.036449224993887516
9.18125,19977.423642511487,1.547239210277789e-06,0.00021819938040124311,0.00021819938040124311,2.022319905631708e-09,0.03094478420555578
9.1875,19981.4398556756,1.2719936359604735e-06,0.00021819195393496134,0.00021819195393496134,2.0227415159405894e-09,0.02543987271920947
9.19375,19985.455972893422,9.967546371628567e-07,0.00021816470281872983,0.00021816470281872983,2.0230718965483005e-09,0.019935092743257134
9.200000000000001,19989.471554386866,7.215523534993144e-07,0.00021811774679912142,0.00021811774679912142,2.023311059624304e-09,0.014431047069986288
9.20625,19993.486159735836,4.4641696854110424e-07,0.00021805121981397055,0.00021805121981397055,2.023459027342597e-09,0.008928339370822085
9.2125,19997.49934766125,1.7137872473068828e-07,0.00021796526968104071,0.00021796526968104071,2.0235158319012257e-09,0.003427574494613766
9.21875,20001.510675805126,-1.035320615521466e-07,0.00021786005776454586,0.00021786005776454586,2.023481515546791e-09,-0.002070641231042932
9.225,20005.519700509136,-3.7828498477252184e-07,0.00021773575862063394,0.00021773575862063394,2.0233561306040005e-09,-0.007565699695450436
9.231250000000001,20009.52597658881,-6.528495348718574e-07,0.00021759255962299414,0.00021759255962299414,2.0231397395103118e-09,-0.013056990697437147
9.2375,20013.52905710901,-9.271950817495709e-07,0.00021743066056979427,0.00021743066056979427,2.022832414855724e-09,-0.01854390163499142
9.24375,20017.528493154052,-1.2012908595973141e-06,0.00021725027327319487,0.00021725027327319487,2.0224342394277555e-09,-0.024025817191946283
9.25,20021.52383359734,-1.4751059510883775e-06,0.00021705162113272368,0.00021705162113272368,2.0219453062616697e-09,-0.02950211902176755
9.25625,20025.514624868894,-1.748609271425756e-06,0.00021683493869382238,0.00021683493869382238,2.0213657186959803e-09,-0.03497218542851512
9.262500000000001,20029.500410720066,-2.021769552253313e-06,0.00021660047119290344,0.00021660047119290344,2.0206955904332953e-09,-0.040435391045066264
9.26875,20033.480731987256,-2.294555325435187e-06,0.00021634847409027295,0.00021634847409027295,2.0199350456065344e-09,-0.04589110650870374
9.275,20037.455126353358,-2.566934906709539e-06,0.0002160792125922893,0.0002160792125922893,2.019084218850566e-09,-0.05133869813419078
9.28125,20041.42312810782,-2.8388763792238653e-06,0.00021579296116413575,0.00021579296116413575,2.0181432553793007e-09,-0.05677752758447731
9.2875,20045.384267903217,-3.1103475769600605e-06,0.00021549000303458673,0.00021549000303458673,2.0171123110682777e-09,-0.06220695153920121
9.293750000000001,20049.338072514274,-3.3813160680582276e-06,0.0002151706296941469,0.0002151706296941469,2.015991552542781e-09,-0.06762632136116455
9.3,20053.284064591906,-3.651749138049952e-06,0.00021483514038793242,0.00021483514038793242,2.0147811572715122e-09,-0.07303498276099904
9.30625,20057.221762417324,-3.921613773012416e-06,0.0002144838416046518,0.0002144838416046518,2.0134813136658442e-09,-0.07843227546024832
9.3125,20061.150679655217,-4.190876642656314e-06,0.00021411704656302733,0.00021411704656302733,2.0120922211846854e-09,-0.08381753285312628
9.31875,20065.0703251072,-4.459504083361569e-06,0.0002137350746969729,0.0002137350746969729,2.010614090444963e-09,-0.08919008166723137
9.325000000000001,20068.980202462593,-4.72746208117653e-06,0.00021333825114082088,0.00021333825114082088,2.009047143337743e-09,-0.09454924162353061
9.33125,20072.879810050625,-4.99471625479745e-06,0.0002129269062158568,0.0002129269062158568,2.0073916131499914e-09,-0.09989432509594899
9.3375,20076.7686405923,-5.261231838546608e-06,0.00021250137491938715,0.00021250137491938715,2.005647744691977e-09,-0.10522463677093216
9.34375,20080.646180951244,-5.526973665369097e-06,0.00021206199641752638,0.00021206199641752638,2.0038157944303106e-09,-0.11053947330738195
9.35,20084.511911887894,-5.7919061498694435e-06,0.00021160911354284757,0.00021160911354284757,2.0018960306266065e-09,-0.11583812299738887
9.356250000000001,20088.36530781108,-6.055993271411457e-06,0.0002111430722979948,0.0002111430722979948,1.999888733481746e-09,-0.12111986542822914
9.3625,20092.205836533994,-6.319198557305591e-06,0.0002106642213663083,0.0002106642213663083,1.997794195285714e-09,-0.12638397114611183
9.36875,20096.032959029988,-6.581485066110471e-06,0.0002101729116304615,0.0002101729116304615,1.995612720572968e-09,-0.1316297013222094
9.375,20099.8461291908,-6.8428153710764675e-06,0.00020966949570005663,0.00020966949570005663,1.9933446262832982e-09,-0.13685630742152935
9.38125,20103.64479358869,-7.103151543761111e-06,0.00020915432744906967,0.00020915432744906967,1.9909902419281156e-09,-0.1420630308752222
9.387500000000001,20107.42839123796,-7.362455137848081e-06,0.00020862776156397952,0.00020862776156397952,1.9885499097621057e-09,-0.14724910275696163
9.39375,20111.19635336538,-7.6206871732028005e-06,0.00020809015310335686,0.00020809015310335686,1.986023984960165e-09,-0.152413743464056
9.4,20114.94810317843,-7.877808120200121e-06,0.0002075418570696297,0.0002075418570696297,1.983412835799534e-09,-0.15755616240400241
9.40625,20118.68305564392,-8.133777884360751e-06,0.00020698322799368146,0.00020698322799368146,1.98071684384702e-09,-0.16267555768721503
9.4125,20122.400617266485,-8.388555791335433e-06,0.0002064146195328784,0.0002064146195328784,1.9779364041512005e-09,-0.16777111582670867
9.418750000000001,20126.100185876756,-8.64210057227721e-06,0.00020583638408306035,0.00020583638408306035,1.9750719254394725e-09,-0.1728420114455442
9.425,20129.781150423558,-8.894370349644356e-06,0.00020524887240496874,0.00020524887240496874,1.9721238303198078e-09,-0.1778874069928871
9.43125,20133.442890773524,-9.145322623477971e-06,0.0002046524332655263,0.0002046524332655263,1.9690925554870578e-09,-0.18290645246955942
9.4375,20137.084777519452,-9.394914258200144e-06,0.00020404741309432126,0.00020404741309432126,1.965978551933633e-09,-0.1878982851640029
9.44375,20140.70617179465,-9.643101469980417e-06,0.00020343415565559036,0.00020343415565559036,1.9627822851643706e-09,-0.19286202939960834
9.450000000000001,20144.30642509802,-9.889839814719736e-06,0.00020281300173593812,0.00020281300173593812,1.9595042354153845e-09,-0.19779679629439473
9.45625,20147.88487912897,-1.0135084176702754e-05,0.00020218428884797077,0.00020218428884797077,1.9561448978766767e-09,-0.20270168353405507
9.4625,20151.44086563247,-1.0378788757971038e-05,0.00020154835094997014,0.00020154835094997014,1.9527047829182716e-09,-0.20757577515942077
9.46875,20154.973706254044,-1.0620907068471134e-05,0.00020090551818167796,0.00020090551818167796,1.9491844163196145e-09,-0.2124181413694227
9.475,20158.48271240947,-1.0861391917032762e-05,0.00020025611661620926,0.00020025611661620926,1.945584339501962e-09,-0.21722783834065526
9.481250000000001,20161.967185165155,-1.1100195403233889e-05,0.0001996004680280648,0.0001996004680280648,1.941905109763467e-09,-0.2220039080646778
9.4875,20165.426415134247,-1.1337268910210426e-05,0.00019893888967716325,0.00019893888967716325,1.938147300516649e-09,-0.2267453782042085
9.49375,20168.859682385137,-1.1572563098469673e-05,0.00019827169410877008,0.00019827169410877008,1.9343115015279128e-09,-0.23145126196939345
9.5,20172.266256367628,-1.1806027900767314e-05,0.00019759918896915558,0.00019759918896915558,1.9303983191587675e-09,-0.2361205580153463
9.50625,20175.645395854426,-1.2037612518108703e-05,0.00019692167683677515,0.00019692167683677515,1.926408376608369e-09,-0.24075225036217404
9.512500000000001,20178.99634889954,-1.2267265416936033e-05,0.00019623945506872626,0.00019623945506872626,1.922342314156995e-09,-0.24534530833872067
9.51875,20182.318352816,-1.2494934327563139e-05,0.00019555281566220102,0.00019555281566220102,1.9182007894100414e-09,-0.24989868655126277
9.525,20185.610634172066,-1.2720566243920354e-05,0.00019486204513062097,0.00019486204513062097,1.9139844775421e-09,-0.25441132487840706
9.53125,20188.872408807365,-1.2944107424671917e-05,0.00019416742439410983,0.00019416742439410983,1.909694071540666e-09,-0.2588821484934383
9.5375,20192.102881870353,-1.3165503395768278e-05,0.0001934692286839332,0.0001934692286839332,1.9053302824490023e-09,-0.26331006791536554
9.543750000000001,20195.301247877323,-1.3384698954495664e-05,0.0001927677274605087,0.0001927677274605087,1.9008938396076597e-09,-0.26769397908991327
9.55,20198.466690793677,-1.3601638175084601e-05,0.0001920631843445684,0.0001920631843445684,1.896385490894137e-09,-0.27203276350169203
9.55625,20201.598384140543,-1.3816264415938536e-05,0.00019135585706103536,0.00019135585706103536,1.891806002960148e-09,-0.27632528831877073
9.5625,20204.695491123795,-1.4028520328542789e-05,0.00019064599739515957,0.00019064599739515957,1.8871561614659326e-09,-0.28057040657085575
9.56875,20207.757164789684,-1.4238347868113001e-05,0.00018993385116044384,0.00018993385116044384,1.882436771311041e-09,-0.28476695736226004
9.575000000000001,20210.78254820691,-1.4445688306040632e-05,0.0001892196581778779,0.0001892196581778779,1.87764865686099e-09,-0.28891376612081265
9.58125,20213.770774674667,-1.465048224419175e-05,0.00018850365226599024,0.00018850365226599024,1.872792662169183e-09,-0.293009644883835
9.5875,20216.720967959005,-1.4852669631113163e-05,0.0001877860612412196,0.0001877860612412196,1.8678696511934566e-09,-0.29705339262226327
9.59375,20219.63224255891,-1.5052189780197817e-05,0.00018706710692810172,0.00018706710692810172,1.8628805080066044e-09,-0.30104379560395633
9.600000000000001,20222.503703999242,-1.5248981389859156e-05,0.00018634700517876666,0.00018634700517876666,1.8578261370002183e-09,-0.30497962779718313
9.606250000000001,20225.33444915602,-1.544298256576103e-05,0.00018562596590123844,0.00018562596590123844,1.852707463081158e-09,-0.3088596513152206
9.6125,20228.123566611746,-1.563413084514698e-05,0.00018490419309603152,0.00018490419309603152,1.8475254318599574e-09,-0.3126826169029396
9.61875,20230.870137040445,-1.58223632233094e-05,0.00018418188490054106,0.00018418188490054106,1.842281009830458e-09,-0.316447264466188
9.625,20233.57323362667,-1.6007616182235364e-05,0.00018345923364072812,0.00018345923364072812,1.8369751845399471e-09,-0.32015232364470725
9.631250000000001,20236.231922514973,-1.618982572146213e-05,0.00018273642588960756,0.00018273642588960756,1.8316089647490686e-09,-0.32379651442924257
9.637500000000001,20238.845263293726,-1.636892739117102e-05,0.0001820136425320542,0.0001820136425320542,1.8261833805807653e-09,-0.32737854782342035
9.64375,20241.412309510448,-1.6544856327544196e-05,0.0001812910588354511,0.0001812910588354511,1.8206994836575012e-09,-0.33089712655088394
9.65,20243.932109220328,-1.6717547290403856e-05,0.00018056884452571483,0.00018056884452571483,1.8151583472260083e-09,-0.3343509458080771
9.65625,20246.403705570454,-1.6886934703148462e-05,0.0001798471638682437,0.0001798471638682437,1.809561066268797e-09,-0.33773869406296925
9.662500000000001,20248.82613741493,-1.7052952694995357e-05,0.00017912617575334741,0.00017912617575334741,1.8039087576016635e-09,-0.34105905389990715
9.668750000000001,20251.19843996584,-1.7215535145533658e-05,0.0001784060337857294,0.0001784060337857294,1.7982025599564312e-09,-0.34431070291067317
9.675,20253.519645476306,-1.7374615731585378e-05,0.0001776868863776083,0.0001776868863776083,1.7924436340481587e-09,-0.34749231463170754
9.68125,20255.78878395809,-1.753012797636697e-05,0.0001769688768450783,0.0001769688768450783,1.7866331626260539e-09,-0.35060255952733943
9.6875,20258.00488393257,-1.768200530093688e-05,0.00017625214350732498,0.00017625214350732498,1.780772350507334e-09,-0.3536401060187376
9.693750000000001,20260.166973214036,-1.7830181077908714e-05,0.00017553681978832772,0.00017553681978832772,1.7748624245932841e-09,-0.35660362155817427
9.700000000000001,20262.274079726838,-1.7974588687402578e-05,0.00017482303432069695,0.00017482303432069695,1.768904633866768e-09,-0.3594917737480516
9.70625,20264.325232352607,-1.8115161575200707e-05,0.00017411091105131007,0.00017411091105131007,1.7629002493704643e-09,-0.3623032315040141
9.7125,20266.319461811447,-1.8251833313066116e-05,0.00017340056934842758,0.00017340056934842758,1.7568505641651102e-09,-0.3650366662613223
9.71875,20268.255801573287,-1.8384537661176288e-05,0.00017269212410998637,0.00017269212410998637,1.750756893267049e-09,-0.36769075322352573
9.725000000000001,20270.13328879741,-1.8513208632616656e-05,0.00017198568587278542,0.00017198568587278542,1.7446205735644031e-09,-0.37026417265233313
9.731250000000001,20271.950965304484,-1.863778055987096e-05,0.0001712813609222942,0.0001712813609222942,1.738442963711207e-09,-0.37275561119741923
9.7375,20273.70787857307,-1.8758188163238777e-05,0.0001705792514028326,0.0001705792514028326,1.7322254439988635e-09,-0.3751637632647755
9.74375,20275.40308276674,-1.8874366621102552e-05,0.00016987945542788562,0.00016987945542788562,1.7259694162043092e-09,-0.377487332422051
9.75,20277.035639783073,-1.898625164195956e-05,0.00016918206719033387,0.00016918206719033387,1.7196763034143043e-09,-0.3797250328391912
9.756250000000001,20278.604620331265,-1.9093779538126312e-05,0.00016848717707239607,0.00016848717707239607,1.7133475498252934e-09,-0.38187559076252625
9.762500000000001,20280.109105028845,-1.9196887301015997e-05,0.00016779487175509514,0.00016779487175509514,1.7069846205183142e-09,-0.38393774602031994
9.76875,20281.548185522202,-1.929551267788205e-05,0.00016710523432707548,0.00016710523432707548,1.7005890012084698e-09,-0.385910253557641
9.775,20282.920965625744,-1.9389594249913732e-05,0.0001664183443926127,0.0001664183443926127,1.6941621979685153e-09,-0.38779188499827466
9.78125,20284.226562480577,-1.9479071511562593e-05,0.0001657342781786724,0.0001657342781786724,1.6877057369261511e-09,-0.38958143023125186
9.787500000000001,20285.464107726068,-1.9563884950972042e-05,0.00016505310864088786,0.00016505310864088786,1.6812211639346578e-09,-0.3912776990194408
9.793750000000001,20286.632748689077,-1.964397613137505e-05,0.00016437490556833935,0.00016437490556833935,1.6747100442165506e-09,-0.392879522627501
9.8,20287.731649583355,-1.9719287773319055e-05,0.0001636997356870323,0.0001636997356870323,1.6681739619799804e-09,-0.3943857554663811
9.80625,20288.75999271909,-1.9789763837570702e-05,0.0001630276627619818,0.0001630276627619818,1.6616145200076554e-09,-0.395795276751414
9.8125,20289.716979720317,-1.9855349608547064e-05,0.00016235874769782356,0.00016235874769782356,1.6550333392181086e-09,-0.39710699217094125
9.818750000000001,20290.601832747732,-1.991599177811471e-05,0.00016169304863788294,0.00016169304863788294,1.6484320581991897e-09,-0.3983198355622942
9.825000000000001,20291.413795724307,-1.9971638529592386e-05,0.00016103062106164365,0.00016103062106164365,1.641812332713714e-09,-0.39943277059184773
9.83125,20292.1521355616,-2.002223962178842e-05,0.00016037151788056767,0.00016037151788056767,1.6351758351772568e-09,-0.4004447924357684
9.8375,20292.816143384185,-2.00677464728996e-05,0.0001597157895322281,0.0001597157895322281,1.6285242541081381e-09,-0.401354929457992
9.84375,20293.405135748813,-2.010811224409395e-05,0.00015906348407272508,0.00015906348407272508,1.6218592935497041e-09,-0.402162244881879
9.850000000000001,20293.918455856645,-2.0143291922596753e-05,0.00015841464726736265,0.00015841464726736265,1.6151826724650688e-09,-0.4028658384519351
9.856250000000001,20294.35547475638,-2.0173242404095594e-05,0.00015776932267957388,0.00015776932267957388,1.6084961241045426e-09,-0.40346484808191185
9.8625,20294.715592533437,-2.0197922574278108e-05,0.0001571275517580867,0.0001571275517580867,1.6018013953460335e-09,-0.40395845148556214
9.86875,20294.998239484587,-2.0217293389313776e-05,0.0001564893739223318,0.0001564893739223318,1.5951002460087734e-09,-0.4043458677862755
9.875,20295.202877273223,-2.0231317955090032e-05,0.00015585482664609834,0.00015585482664609834,1.5883944481407804e-09,-0.4046263591018006
9.881250000000001,20295.329000066264,-2.0239961605011527e-05,0.00015522394553945006,0.00015522394553945006,1.581685785280534e-09,-0.40479923210023055
9.887500000000001,20295.376135643954,-2.0243191976171782e-05,0.00015459676442891932,0.00015459676442891932,1.5749760516934034e-09,-0.40486383952343563
9.89375,20295.343846485965,-2.024097908370611e-05,0.0001539733154360014,0.0001539733154360014,1.5682670515834298e-09,-0.4048195816741222
9.9,20295.23173082608,-2.0233295393136252e-05,0.00015335362905397564,0.00015335362905397564,1.561560598281131e-09,-0.40466590786272505
9.90625,20295.039423676142,-2.0220115890518122e-05,0.0001527377342230839,0.0001527377342230839,1.5548585134080546e-09,-0.40440231781036245
9.912500000000001,20294.766597815298,-2.020141815020677e-05,0.00015212565840410123,0.00015212565840410123,1.548162626018869e-09,-0.4040283630041354
9.918750000000001,20294.412964740284,-2.0177182400055146e-05,0.0001515174276503348,0.0001515174276503348,1.5414747717218453e-09,-0.40354364800110293
9.925,20293.978275578014,-2.014739158386684e-05,0.00015091306667809243,0.00015091306667809243,1.5347967917786392e-09,-0.4029478316773368
9.93125,20293.462321952884,-2.01120314209271e-05,0.0001503125989356624,0.0001503125989356624,1.5281305321843386e-09,-0.40224062841854197
9.9375,20292.864936811216,-2.007109046244106e-05,0.0001497160466708495,0.0001497160466708495,1.5214778427288071e-09,-0.4014218092488212
9.943750000000001,20292.18599519678,-2.0024560144713463e-05,0.0001491234309971134,0.0001491234309971134,1.5148405760403987e-09,-0.40049120289426926
9.950000000000001,20291.425414977202,-1.9972434838910283e-05,0.000148534771958358,0.000148534771958358,1.50822058661318e-09,-0.39944869677820566
9.95625,20290.583157517776,-1.991471189724884e-05,0.00014795008859241963,0.00014795008859241963,1.5016197298188421e-09,-0.39829423794497676
9.9625,20289.659228300956,-1.9851391695470696e-05,0.0001473693989933057,0.0001473693989933057,1.4950398609045338e-09,-0.39702783390941393
9.96875,20288.653677490118,-1.9782477671458697e-05,0.0001467927203722333,0.0001467927203722333,1.4884828339778963e-09,-0.39564955342917396
9.975000000000001,20287.566600435148,-1.970797635986822e-05,0.00014622006911752002,0.00014622006911752002,1.481950500980618e-09,-0.39415952719736436
9.981250000000001,20286.398138117085,-1.9627897422651386e-05,0.0001456514608533779,0.0001456514608533779,1.4754447106518724e-09,-0.3925579484530277
9.9875,20285.148477532613,-1.954225367536195e-05,0.00014508691049766291,0.00014508691049766291,1.4689673074830368e-09,-0.390845073507239
9.99375,20283.817852014563,-1.9451061109138834e-05,0.00014452643231863127,0.00014452643231863127,1.4625201306651245e-09,-0.3890212221827767
10.0,20282.40654148833,-1.9354338908275827e-05,0.00014397003999075386,0.00014397003999075386,1.4561050130303943e-09,-0.38708677816551657
10.006250000000001,20280.914872662477,-1.925210946329608e-05,0.00014341774664964008,0.00014341774664964008,1.4497237799896244e-09,-0.3850421892659216
10.012500000000001,20279.343219153143,-1.9144398379460552e-05,0.00014286956494612122,0.00014286956494612122,1.4433782484665681e-09,-0.38288796758921106
10.01875,20277.692001540625,-1.9031234480650958e-05,0.00014232550709954367,0.00014232550709954367,1.4370702258311215e-09,-0.38062468961301915
10.025,20275.961687357816,-1.891264980857938e-05,0.00014178558495032007,0.00014178558495032007,1.4308015088327528e-09,-0.3782529961715876
10.03125,20274.152791009736,-1.8788679617288302e-05,0.0001412498100117873,0.0001412498100117873,1.4245738825357562e-09,-0.37577359234576607
10.037500000000001,20272.265873624834,-1.865936236291692e-05,0.0001407181935214175,0.0001407181935214175,1.4183891192578956e-09,-0.3731872472583384
10.043750000000001,20270.30154283551,-1.852473968872175e-05,0.0001401907464914286,0.0001401907464914286,1.4122489775140155e-09,-0.370494793774435
10.05,20268.260452491028,-1.8384856405351666e-05,0.00013966747975883824,0.00013966747975883824,1.406155200966188e-09,-0.3676971281070333
10.05625,20266.143302300596,-1.8239760466389953e-05,0.00013914840403500523,0.00013914840403500523,1.4001095173819682e-09,-0.3647952093277991
10.0625,20263.95083740727,-1.8089502939188267e-05,0.00013863352995469895,0.00013863352995469895,1.3941136376023148e-09,-0.36179005878376536
10.068750000000001,20261.683847894892,-1.7934137971029714e-05,0.00013812286812473886,0.00013812286812473886,1.3881692545207287e-09,-0.3586827594205943
10.075000000000001,20259.34316822617,-1.7773722750670494e-05,0.00013761642917224081,0.00013761642917224081,1.3822780420751371e-09,-0.35547445501340985
10.08125,20256.92967661594,-1.7608317465321638e-05,0.00013711422379250872,0.00013711422379250872,1.3764416542540366e-09,-0.35216634930643276
10.0875,20254.444294336856,-1.743798525314458e-05,0.00013661626279660603,0.00013661626279660603,1.370661724118382e-09,-0.34875970506289156
10.09375,20251.88798496316,-1.726279215134568e-05,0.00013612255715864086,0.00013612255715864086,1.3649398628406803e-09,-0.3452558430269136
10.100000000000001,20249.26175355007,-1.7082807039966712e-05,0.00013563311806279578,0.00013563311806279578,1.3592776587627138e-09,-0.34165614079933426
10.106250000000001,20246.566645751704,-1.689810158147936e-05,0.0001351479569501323,0.0001351479569501323,1.3536766764732873e-09,-0.3379620316295872
10.1125,20243.803746881043,-1.670875015630256e-05,0.00013466708556519741,0.00013466708556519741,1.3481384559073467e-09,-0.3341750031260512
10.11875,20240.974180911653,-1.6514829794372278e-05,0.00013419051600245722,0.00013419051600245722,1.3426645114677801e-09,-0.33029659588744553
10.125,20238.07910942259,-1.631642010290318e-05,0.00013371826075258116,0.00013371826075258116,1.3372563311711622e-09,-0.32632840205806357
10.131250000000001,20235.119730491464,-1.6113603190491468e-05,0.00013325033274859722,0.00013325033274859722,1.3319153758186564e-09,-0.32227206380982937
10.137500000000001,20232.097277536457,-1.5906463587716968e-05,0.00013278674541193695,0.00013278674541193695,1.3266430781932321e-09,-0.31812927175433936
10.14375,20229.01301810861,-1.569508816441169e-05,0.00013232751269838593,0.00013232751269838593,1.3214408422843057e-09,-0.31390176328823377
10.15,20225.86825263806,-1.5479566043769628e-05,0.00013187264914395295,0.00013187264914395295,1.316310042540849e-09,-0.30959132087539254
10.15625,20222.66431313851,-1.5259988513480395e-05,0.00013142216991066918,0.00013142216991066918,1.3112520231539533e-09,-0.30519977026960793
10.162500000000001,20219.402561869025,-1.5036448934075922e-05,0.00013097609083232464,0.00013097609083232464,1.3062680973697736e-09,-0.30072897868151843
10.168750000000001,20216.084389959116,-1.480904264468596e-05,0.00013053442846014746,0.00013053442846014746,1.3013595468337087e-09,-0.2961808528937192
10.175,20212.711215999047,-1.4577866866403415e-05,0.00013009720010842804,0.00013009720010842804,1.2965276209666141e-09,-0.2915573373280683
10.18125,20209.284484597418,-1.4343020603465731e-05,0.00012966442390008732,0.00012966442390008732,1.2917735363737662e-09,-0.2868604120693146
10.1875,20205.805664910382,-1.4104604542462615e-05,0.000129236118812185,0.000129236118812185,1.2870984762872365e-09,-0.2820920908492523
10.193750000000001,20202.2762491462,-1.3862720949783976e-05,0.00012881230472136054,0.00012881230472136054,1.2825035900422573e-09,-0.27725441899567954
10.200000000000001,20198.697751045005,-1.3617473567524913e-05,0.00012839300244919666,0.00012839300244919666,1.2779899925880891e-09,-0.27234947135049825
10.20625,20195.071704341877,-1.3368967508066532e-05,0.00012797823380749046,0.00012797823380749046,1.2735587640338314e-09,-0.26737935016133063
10.2125,20191.399661211588,-1.3117309147553028e-05,0.0001275680216434155,0.0001275680216434155,1.2692109492295399e-09,-0.26234618295106055
10.21875,20187.683190702064,-1.2862606018485985e-05,0.00012716238988455287,0.00012716238988455287,1.264947557382945e-09,-0.25725212036971973
10.225000000000001,20183.923877156863,-1.260496670165713e-05,0.00012676136358376626,0.00012676136358376626,1.2607695617119893e-09,-0.2520993340331426
10.231250000000001,20180.123318632617,-1.234450071763981e-05,0.00012636496896389237,0.00012636496896389237,1.2566778991333306e-09,-0.2468900143527962
10.2375,20176.28312531189,-1.2081318418058388e-05,0.000125973233462213,0.000125973233462213,1.2526734699868854e-09,-0.24162636836116777
10.24375,20172.404917916527,-1.1815530876852664e-05,0.00012558618577467222,0.00012558618577467222,1.2487571377964128e-09,-0.23631061753705326
10.25,20168.49032612545,-1.1547249781751475e-05,0.00012520385589979733,0.00012520385589979733,1.2449297290660699e-09,-0.23094499563502952
10.256250000000001,20164.54098699511,-1.1276587326166988e-05,0.00012482627518227725,0.00012482627518227725,1.2411920331128003e-09,-0.22553174652333977
10.262500000000001,20160.55854339296,-1.1003656101716445e-05,0.00012445347635614906,0.00012445347635614906,1.2375448019343463e-09,-0.2200731220343289
10.26875,20156.544642440298,-1.0728568991574309e-05,0.00012408549358753756,0.00012408549358753756,1.2339887501126103e-09,-0.21457137983148616
10.275,20152.50093397166,-1.0451439064852267e-05,0.000123722362516889,0.000123722362516889,1.2305245547520252e-09,-0.20902878129704536
10.28125,20148.429069011523,-1.0172379472199096e-05,0.0001233641203006348,0.0001233641203006348,1.2271528554525276e-09,-0.20344758944398192
10.287500000000001,20144.33069827068,-9.891503342806309e-06,0.00012301080565221687,0.00012301080565221687,1.223874254316671e-09,-0.19783006685612617
10.293750000000001,20140.207470668163,-9.608923682998661e-06,0.0001226624588824011,0.0001226624588824011,1.2206893159903494e-09,-0.19217847365997323
10.3,20136.061031874808,-9.324753276582023e-06,0.00012231912193880066,0.00012231912193880066,1.2175985677365545e-09,-0.18649506553164047
10.30625,20131.89302288953,-9.039104587113068e-06,0.00012198083844452585,0.00012198083844452585,1.2146024995415222e-09,-0.18078209174226137
10.3125,20127.705078642535,-8.75208966224787e-06,0.00012164765373587289,0.00012164765373587289,1.2117015642525872e-09,-0.17504179324495742
10.318750000000001,20123.49882663202,-8.463820040318216e-06,0.00012131961489895767,0.00012131961489895767,1.2088961777470005e-09,-0.16927640080636433
10.325000000000001,20119.275885596115,-8.174406659275791e-06,0.00012099677080519763,0.00012099677080519763,1.20618671913093e-09,-0.16348813318551583
10.33125,20115.037864219987,-7.883959768135956e-06,0.00012067917214553768,0.00012067917214553768,1.2035735309678123e-09,-0.1576791953627191
10.3375,20110.786359882983,-7.592588841043522e-06,0.00012036687146331325,0.00012036687146331325,1.201056919535189e-09,-0.15185177682087045
10.34375,20106.52295744353,-7.3004024940742394e-06,0.00012005992318563719,0.00012005992318563719,1.198637155109118e-09,-0.14600804988148477
10.350000000000001,20102.249228067165,-7.007508404875957e-06,0.00011975838365319339,0.00011975838365319339,1.196314472275223e-09,-0.14015016809751915
10.356250000000001,20097.966728097028,-6.714013235244249e-06,0.00011946231114831461,0.00011946231114831461,1.1940890702654023e-09,-0.13428026470488497
10.3625,20093.676997967614,-6.42002255671787e-06,0.00011917176592121821,0.00011917176592121821,1.1919611133192027e-09,-0.1284004511343574
10.36875,20089.381561164457,-6.125640779269705e-06,0.00011888681021426813,0.00011888681021426813,1.1899307310688271e-09,-0.12251281558539409
10.375,20085.08192323032,-5.830971083159398e-06,0.0001186075082841279,0.0001186075082841279,1.1879980189467312e-09,-0.11661942166318796
10.381250000000001,20080.779570817234,-5.5361153540045314e-06,0.00011833392642166478,0.00011833392642166478,1.1861630386147401e-09,-0.11072230708009063
10.387500000000001,20076.475970786494,-5.241174121117565e-06,0.00011806613296946192,0.00011806613296946192,1.184425818413605e-09,-0.1048234824223513
10.39375,20072.172569357743,-4.946246499146528e-06,0.00011780419833679081,0.00011780419833679081,1.1827863538319017e-09,-0.09892492998293055
10.4,20067.870791305995,-4.651430133048281e-06,0.00011754819501189378,0.00011754819501189378,1.18124460799317e-09,-0.09302860266096562
10.40625,20063.572039207033,-4.356821146414172e-06,0.00011729819757142264,0.00011729819757142264,1.1798005121601797e-09,-0.08713642292828344
10.412500000000001,20059.27769273325,-4.062514093158913e-06,0.00011705428268687682,0.00011705428268687682,1.1784539662552085e-09,-0.08125028186317827
10.418750000000001,20054.98910799712,-3.768601912575129e-06,0.00011681652912788212,0.00011681652912788212,1.1772048393952204e-09,-0.07537203825150258
10.425,20050.707616945285,-3.475175887747369e-06,0.00011658501776214897,0.00011658501776214897,1.1760529704408257e-09,-0.06950351775494738
10.43125,20046.43452679917,-3.1823256073116482e-06,0.00011635983155194694,0.00011635983155194694,1.1749981685579162e-09,-0.06364651214623296
10.4375,20042.171119547365,-2.8901389305382272e-06,0.00011614105554693238,0.00011614105554693238,1.1740402137908748e-09,-0.05780277861076454
10.443750000000001,20037.918651482563,-2.5987019557084797e-06,0.00011592877687316328,0.00011592877687316328,1.1731788576462666e-09,-0.0519740391141696
10.450000000000001,20033.678352788465,-2.3080989917489493e-06,0.00011572308471813713,0.00011572308471813713,1.1724138236859312e-09,-0.04616197983497899
10.45625,20029.4514271727,-2.0184125330791684e-06,0.00011552407031168631,0.00011552407031168631,1.171744808128413e-09,-0.040368250661583366
10.4625,20025.239051545926,-1.7297232376232666e-06,0.00011533182690256728,0.00011533182690256728,1.1711714804576788e-09,-0.03459446475246533
10.46875,20021.042375745736,-1.442109907929302e-06,0.00011514644973058071,0.00011514644973058071,1.1706934840380945e-09,-0.02884219815858604
10.475000000000001,20016.862522306918,-1.1556494753343034e-06,0.00011496803599406203,0.00011496803599406203,1.170310436734649e-09,-0.02311298950668607
10.481250000000001,20012.700586272655,-8.704169871080875e-07,0.0001147966848125841,0.0001147966848125841,1.1700219315374409e-09,-0.01740833974216175
10.4875,20008.557635050387,-5.864855965034685e-07,0.00011463249718471753,0.00011463249718471753,1.1698275371894616e-09,-0.01172971193006937
10.49375,20004.434708306388,-3.0392655563640316e-07,0.00011447557594069751,0.00011447557594069751,1.16972679881674e-09,-0.006078531112728063
10.5,20000.332817903698,-2.2809211114925934e-08,0.0001143260256898515,0.0001143260256898515,1.1697192385599339e-09,-0.00045618422229851867
10.506250000000001,19996.252947876357,2.567989976675372e-07,0.00011418395276264668,0.00011418395276264668,1.1698043562064898e-09,0.0051359799533507436
10.512500000000001,19992.196054441803,5.348325376625537e-07,0.00011404946514722317,0.00011404946514722317,1.1699816298225118e-09,0.010696650753251075
10.51875,19988.163066050656,8.112277788117667e-07,0.00011392267242028503,0.00011392267242028503,1.1702505163835203e-09,0.016224555576235332
10.525,19984.15488346993,1.0859229883001684e-06,0.00011380368567222956,0.00011380368567222956,1.1706104524033047e-09,0.021718459766003367
10.53125,19980.17237990057,1.3588583225133164e-06,0.0001136926174264036,0.0001136926174264036,1.1710608545601114e-09,0.027177166450266327
10.537500000000001,19976.216401126996,1.6299758167960947e-06,0.00011358958155238462,0.00011358958155238462,1.1716011203194365e-09,0.032599516335921896
10.543750000000001,19972.28776569732,1.8992193731119772e-06,0.00011349469317319526,0.00011349469317319526,1.1722306285527279e-09,0.03798438746223954
10.55,19968.38726513172,2.166534745702875e-06,0.00011340806856637013,0.00011340806856637013,1.1729487401513355e-09,0.043330694914057506
10.55625,19964.515664160477,2.431869524850523e-06,0.0001133298250588058,0.0001133298250588058,1.1737547986350774e-09,0.04863739049701046
10.5625,19960.67370098651,2.695173118840531e-06,0.00011326008091533752,0.00011326008091533752,1.1746481307548292e-09,0.05390346237681062
10.568750000000001,19956.86208757386,2.956396734230523e-06,0.00011319895522099964,0.00011319895522099964,1.1756280470885724e-09,0.05912793468461046
10.575000000000001,19953.081509957952,3.2154933545233865e-06,0.0001131465677569405,0.0001131465677569405,1.1766938426303741e-09,0.06430986709046774
10.58125,19949.33262857952,3.4724177173463194e-06,0.00011310303886997784,0.00011310303886997784,1.1778447973718028e-09,0.0694483543469264
10.5875,19945.61607863692,3.727126290235367e-06,0.00011306848933579637,0.00011306848933579637,1.1790801768753172e-09,0.07454252580470734
10.59375,19941.932470459928,3.979577245124349e-06,0.00011304304021580548,0.00011304304021580548,1.1803992328392e-09,0.07959154490248697
10.600000000000001,19938.282389897704,4.229730431635343e-06,0.00011302681270769213,0.00011302681270769213,1.1818012036536377e-09,0.08459460863270686
10.606250000000001,19934.66639872574,4.477547349266847e-06,0.00011301992798972221,0.00011301992798972221,1.1832853149475833e-09,0.08955094698533694
10.6125,19931.08503506635,4.7229911185736316e-06,0.00011302250705886121,0.00011302250705886121,1.1848507801260649e-09,0.09445982237147263
10.61875,19927.53881382168,4.966026451430401e-06,0.00011303467056280497,0.00011303467056280497,1.186496800897639e-09,0.09932052902860802
10.625,19924.02822712104,5.206619620469461e-06,0.00011305653862603025,0.00011305653862603025,1.1882225677917139e-09,0.10413239240938922
10.631250000000001,19920.553744776087,5.444738427779905e-06,0.00011308823066999526,0.00011308823066999526,1.1900272606654969e-09,0.1088947685555981
10.637500000000001,19917.115814748384,5.680352172953819e-06,0.00011312986522764042,0.00011312986522764042,1.1919100492003516e-09,0.11360704345907638
10.64375,19913.71486362307,5.913431620562007e-06,0.00011318155975236086,0.00011318155975236086,1.1938700933873746e-09,0.11826863241124014
10.65,19910.3512970912,6.1439489671394055e-06,0.00011324343042164325,0.00011324343042164325,1.1959065440020286e-09,0.12287897934278812
10.65625,19907.025500437045,6.371877807757254e-06,0.00011331559193558107,0.00011331559193558107,1.198018543067696e-09,0.12743755615514507
10.662500000000001,19903.73783903125,6.597193102256443e-06,0.00011339815731050394,0.00011339815731050394,1.200205224308041e-09,0.13194386204512887
10.668750000000001,19900.488658826984,6.819871141213301e-06,0.00011349123766797853,0.00011349123766797853,1.2024657135880895e-09,0.136397422824266
10.675,19897.27828685971,7.039889511706275e-06,0.00011359494201946059,0.00011359494201946059,1.2047991293439635e-09,0.1407977902341255
10.68125,19894.10703174907,7.257227062948769e-06,0.00011370937704689873,0.00011370937704689873,1.2072045830012237e-09,0.14514454125897538
10.6875,19890.975184199793,7.4718638718502545e-06,0.00011383464687961312,0.00011383464687961312,1.2096811793817962e-09,0.14943727743700508
10.693750000000001,19887.883017506476,7.683781208565023e-06,0.00011397085286779319,0.00011397085286779319,1.2122280170994822e-09,0.15367562417130046
10.700000000000001,19884.83078805453,7.892961502084404e-06,0.00011411809335297912,0.00011411809335297912,1.2148441889440611e-09,0.1578592300416881
10.70625,19881.818735820765,8.099388305925445e-06,0.00011427646343591398,0.00011427646343591398,1.2175287822540219e-09,0.1619877661185089
10.7125,19878.84708487216,8.30304626396592e-06,0.00011444605474217212,0.00011444605474217212,1.22028087927797e-09,0.1660609252793184
10.71875,19875.916043861624,8.503921076472558e-06,0.00011462695518599005,0.00011462695518599005,1.2230995575247743e-09,0.17007842152945116
10.725000000000001,19873.025806520203,8.701999466366183e-06,0.0001148192487327446,0.0001148192487327446,1.2259838901025316e-09,0.17403998932732365
10.731250000000001,19870.1765521449,8.897269145764708e-06,0.00011502301516054201,0.00011502301516054201,1.2289329460464434e-09,0.17794538291529416
10.7375,19867.368446082633,9.089718782841922e-06,0.00011523832982139781,0.00011523832982139781,1.2319457906357058e-09,0.18179437565683845
10.74375,19864.601640208995,9.279337969037226e-06,0.00011546526340250534,0.00011546526340250534,1.2350214856995314e-09,0.1855867593807445
10.75,19861.876273400285,9.466117186648476e-06,0.00011570388168810451,0.00011570388168810451,1.238159089912431e-09,0.18932234373296952
10.756250000000001,19859.192472000745,9.65004777683782e-06,0.00011595424532247816,0.00011595424532247816,1.2413576590788885e-09,0.1930009555367564
10.762500000000001,19856.550350283298,9.831121908077408e-06,0.00011621640957461523,0.00011621640957461523,1.244616246407579e-09,0.19662243816154815
10.76875,19853.950010902874,1.0009332545059449e-05,0.00011649042410509232,0.00011649042410509232,1.2479339027752803e-09,0.20018665090118898
10.775,19851.391545342853,1.0184673418092693e-05,0.0001167763327357352,0.0001167763327357352,1.2513096769806414e-09,0.20369346836185387
10.78125,19848.875034354478,1.035713899300504e-05,0.00011707417322263106,0.00011707417322263106,1.2547426159879751e-09,0.20714277986010082
10.787500000000001,19846.40054838816,1.052672444156965e-05,0.0001173839770330688,0.0001173839770330688,1.2582317651612483e-09,0.210534488831393
10.793750000000001,19843.968148017368,1.0693425612469827e-05,0.00011770576912699123,0.00011770576912699123,1.2617761684884474e-09,0.21386851224939654
10.8,19841.577884354378,1.085723900281591e-05,0.0001180395677435463,0.0001180395677435463,1.265374868796504e-09,0.2171447800563182
10.80625,19839.229799456647,1.1018161730225316e-05,0.00011838538419332688,0.00011838538419332688,1.269026907956966e-09,0.2203632346045063
10.8125,19836.92392672746,1.11761915054752e-05,0.00011874322265688913,0.00011874322265688913,1.272731327082604e-09,0.22352383010950402
10.818750000000001,19834.660291305365,1.1331326605735264e-05,0.00011911307999013765,0.00011911307999013765,1.2764871667151454e-09,0.22662653211470526
10.825000000000001,19832.438910445897,1.1483565848386581e-05,0.00011949494553716251,0.00011949494553716251,1.2802934670043312e-09,0.22967131696773163
10.83125,19830.25979389663,1.163290856543106e-05,0.00011988880095110782,0.00011988880095110782,1.2841492678784902e-09,0.2326581713086212
10.8375,19828.122944259863,1.1779354578494076e-05,0.00012029462002364378,0.00012029462002364378,1.288053609206828e-09,0.2355870915698815
10.84375,19826.028357350442,1.1922904174422166e-05,0.00012071236852360568,0.00012071236852360568,1.292005530953627e-09,0.23845808348844333
10.850000000000001,19823.97602254206,1.2063558081475809e-05,0.00012114200404535083,0.00012114200404535083,1.2960040733245563e-09,0.24127116162951617
10.856250000000001,19821.96592310606,1.2201317446116447e-05,0.00012158347586737189,0.00012158347586737189,1.300048276905287e-09,0.24402634892232894
10.8625,19819.99803654183,1.2336183810385839e-05,0.00012203672482168955,0.00012203672482168955,1.3041371827926094e-09,0.24672367620771676
10.86875,19818.072334898316,1.2468159089874602e-05,0.0001225016831745296,0.0001225016831745296,1.3082698327182482e-09,0.24936318179749203
10.875,19816.188785087023,1.2597245552276208e-05,0.00012297827451877077,0.00012297827451877077,1.31244526916557e-09,0.2519449110455242
10.881250000000001,19814.347349185813,1.272344579652155e-05,0.00012346641367862797,0.00012346641367862797,1.316662535479373e-09,0.25446891593043097
10.887500000000001,19812.547984735313,1.2846762732488693e-05,0.00012396600662701208,0.00012396600662701208,1.320920675968953e-09,0.25693525464977385
10.89375,19810.790645027206,1.29671995612818e-05,0.0001244769504159833,0.0001244769504159833,1.3252187360046319e-09,0.259343991225636
10.9,19809.075279383287,1.3084759756072312e-05,0.0001249991331206868,0.0001249991331206868,1.329555762107936e-09,0.26169519512144623
10.90625,19807.401833426295,1.3199447043495309e-05,0.00012553243379713214,0.00012553243379713214,1.3339308020356086e-09,0.2639889408699062
10.912500000000001,19805.77024934521,1.3311265385593475e-05,0.00012607672245414645,0.00012607672245414645,1.3383429048576368e-09,0.26622530771186953
10.918750000000001,19804.180466148315,1.342021896230037e-05,0.00012663186003979994,0.00012663186003979994,1.3427911210294731e-09,0.2684043792460074
10.925,19802.63241991382,1.352631215445509e-05,0.0001271976984425693,0.0001271976984425693,1.3472745024586269e-09,0.2705262430891018
10.93125,19801.126044027336,1.3629549527339256e-05,0.00012777408050746876,0.00012777408050746876,1.3517921025657984e-09,0.27259099054678515
10.9375,19799.661269417087,1.3729935814728074e-05,0.00012836084006734349,0.00012836084006734349,1.3563429763407283e-09,0.2745987162945615
10.943750000000001,19798.238024776972,1.3827475903446113e-05,0.00012895780198948182,0.00012895780198948182,1.3609261803929254e-09,0.27654951806892225
10.950000000000001,19796.85623678701,1.392217481841925e-05,0.00012956478223766555,0.00012956478223766555,1.3655407729974421e-09,0.278443496368385
10.95625,19795.515830321823,1.4014037708213342e-05,0.00013018158794973674,0.00013018158794973674,1.3701858141358554e-09,0.28028075416426684
10.9625,19794.21672865755,1.4103069831051122e-05,0.00013080801753072115,0.00013080801753072115,1.3748603655326133e-09,0.2820613966210224
10.96875,19792.95885366575,1.418927654129789e-05,0.00013144386076150642,0.00013144386076150642,1.3795634906869021e-09,0.2837855308259578
10.975000000000001,19791.742126006953,1.427266327640761e-05,0.00013208889892303224,0.00013208889892303224,1.3842942549001866e-09,0.2854532655281522
10.981250000000001,19790.566465312393,1.4353235544320435e-05,0.00013274290493590823,0.00013274290493590823,1.3890517252995726e-09,0.2870647108864087
10.9875,19789.43179036304,1.4430998911303336e-05,0.00013340564351533378,0.00013340564351533378,1.3938349708571404e-09,0.2886199782260667
10.99375,19788.338019258772,1.45059589902253e-05,0.000134076871341151,0.000134076871341151,1.3986430624053914e-09,0.290119179804506
11.0,19787.28506958542,1.457812142925937e-05,0.00013475633724282173,0.00013475633724282173,1.4034750726489493e-09,0.2915624285851874
11.006250000000001,19786.272858571705,1.4647491901003385e-05,0.00013544378239907677,0.00013544378239907677,1.4083300761726562e-09,0.2929498380200677
11.012500000000001,19785.301303242984,1.4714076092012113e-05,0.00013613894055194457,0.00013613894055194457,1.4132071494461983e-09,0.29428152184024226
11.01875,19784.370320567792,1.477787969273361e-05,0.00013684153823482665,0.00013684153823482665,1.4181053708253972e-09,0.2955575938546722
11.025,19783.479827598792,1.4838908387842791e-05,0.00013755129501424618,0.00013755129501424618,1.4230238205502955e-09,0.29677816775685584
11.03125,19782.629741608293,1.4897167846965935e-05,0.00013826792374485797,0.00013826792374485797,1.4279615807401692e-09,0.2979433569393187
11.037500000000001,19781.819980217973,1.4952663715789872e-05,0.0001389911308372694,0.0001389911308372694,1.4329177353855927e-09,0.2990532743157974
11.043750000000001,19781.0504615233,1.500540160755026e-05,0.0001397206165381854,0.0001397206165381854,1.4378913703376832e-09,0.3001080321510052
11.05,19780.321104210994,1.5055387094893456e-05,0.0001404560752223554,0.0001404560752223554,1.4428815732946462e-09,0.3011077418978691
11.05625,19779.631827674628,1.5102625702107485e-05,0.00014119719569576463,0.00014119719569576463,1.4478874337857474e-09,0.3020525140421497
11.0625,19778.98255212048,1.514712289771724e-05,0.00014194366150948188,0.00014194366150948188,1.4529080431528296e-09,0.3029424579543448
11.068750000000001,19778.373198672027,1.5188884087440284e-05,0.00014269515128354315,0.00014269515128354315,1.4579424945294946e-09,0.3037776817488057
11.075000000000001,19777.803689466098,1.5227914607499531e-05,0.0001434513390402222,0.0001434513390402222,1.4629898828180693e-09,0.30455829214999064
11.08125,19777.27394774643,1.5264219718289835e-05,0.00014421189454601297,0.00014421189454601297,1.4680493046644714e-09,0.3052843943657967
11.0875,19776.78389795026,1.5297804598395894e-05,0.0001449764836616222,0.0001449764836616222,1.473119858431093e-09,0.3059560919679179
11.09375,19776.333465790733,1.5328674338959367e-05,0.00014574476869924963,0.00014574476869924963,1.4782006441678172e-09,0.30657348677918733
11.100000000000001,19775.922578334477,1.5356833938393605e-05,0.00014651640878641085,0.00014651640878641085,1.483290763581283e-09,0.3071366787678721
11.106250000000001,19775.551164072152,1.5382288297444724e-05,0.0001472910602355412,0.0001472910602355412,1.4883893200025125e-09,0.3076457659488945
11.1125,19775.219152987713,1.5405042214598725e-05,0.00014806837691860232,0.00014806837691860232,1.4934954183530161e-09,0.3081008442919745
11.11875,19774.926476618533,1.5425100381834083e-05,0.00014884801064589962,0.00014884801064589962,1.4986081651094902e-09,0.3085020076366817
11.125,19774.673068113585,1.5442467380720483e-05,0.0001496296115483091,0.0001496296115483091,1.5037266682672212e-09,0.30884934761440963
11.131250000000001,19774.458862283667,1.545714767886426e-05,0.00015041282846210208,0.00015041282846210208,1.508850037302312e-09,0.30914295357728516
11.137500000000001,19774.28379565038,1.54691456267022e-05,0.00015119730931555176,0.00015119730931555176,1.5139773831328447e-09,0.309382912534044
11.14375,19774.14780648591,1.5478465454645075e-05,0.00015198270151650238,0.00015198270151650238,1.5191078180790984e-09,0.3095693090929015
11.15,19774.05083485074,1.548511127057366e-05,0.00015276865234008019,0.00015276865234008019,1.5242404558229347e-09,0.3097022254114732
11.15625,19773.99282262441,1.5489087057689532e-05,0.00015355480931572867,0.00015355480931572867,1.5293744113664727e-09,0.30978174115379065
11.162500000000001,19773.973713531872,1.5490396672724262e-05,0.00015434082061275447,0.00015434082061275447,1.5345088009901693e-09,0.30980793345448526
11.168750000000001,19773.993453164316,1.5489043844510383e-05,0.00015512633542357718,0.00015512633542357718,1.5396427422104266e-09,0.30978087689020767
11.175,19774.05198899465,1.54850321729185e-05,0.00015591100434388704,0.00015591100434388704,1.5447753537368466e-09,0.30970064345837
11.18125,19774.149270387854,1.547836512816498e-05,0.00015669447974892537,0.00015669447974892537,1.5499057554292562e-09,0.3095673025632996
11.1875,19774.285248604745,1.5469046050495208e-05,0.0001574764161651182,0.0001574764161651182,1.5550330682546274e-09,0.30938092100990416
11.193750000000001,19774.45987680237,1.545707815024798e-05,0.00015825647063630926,0.00015825647063630926,1.56015641424402e-09,0.3091415630049596
11.200000000000001,19774.67311002605,1.5442464508306696e-05,0.00015903430308385904,0.00015903430308385904,1.5652749164496712e-09,0.30884929016613394
11.20625,19774.924905198273,1.5425208076943685e-05,0.00015980957665989636,0.00015980957665989636,1.5703876989023682e-09,0.30850416153887367
11.2125,19775.21522109986,1.5405311681064163e-05,0.00016058195809303357,0.00016058195809303357,1.5754938865692304e-09,0.30810623362128325
11.21875,19775.54401834589,1.5382778019856767e-05,0.00016135111802588134,0.00016135111802588134,1.5805926053120404e-09,0.3076555603971354
11.225000000000001,19775.911259355176,1.5357609668858e-05,0.00016211673134372578,0.00016211673134372578,1.5856829818462585e-09,0.30715219337716
11.231250000000001,19776.316908315934,1.532980908243815e-05,0.00016287847749376025,0.00016287847749376025,1.590764143700862e-09,0.306596181648763
11.2375,19776.76093114047,1.5299378596716454e-05,0.0001636360407942946,0.0001636360407942946,1.5958352191791487e-09,0.3059875719343291
11.24375,19777.243295418015,1.5266320432913706e-05,0.0001643891107333966,0.0001643891107333966,1.600895337320655e-09,0.3053264086582741
11.25,19777.763970359305,1.5230636701150805e-05,0.0001651373822564533,0.0001651373822564533,1.6059436278643294e-09,0.3046127340230161
11.256250000000001,19778.322926733726,1.5192329404701537e-05,0.00016588055604217604,0.00016588055604217604,1.6109792212131189e-09,0.30384658809403076
11.262500000000001,19778.920136800654,1.5151400444708567e-05,0.0001666183387666069,0.0001666183387666069,1.6160012484001156e-09,0.30302800889417136
11.26875,19779.555574234833,1.5107851625371561e-05,0.00016735044335472202,0.00016735044335472202,1.6210088410564252e-09,0.3021570325074312
11.275,19780.22921404201,1.5061684659616197e-05,0.0001680765892192649,0.0001680765892192649,1.6260011313809133e-09,0.30123369319232396
11.28125,19780.941032470273,1.5012901175253511e-05,0.00016879650248648003,0.00016879650248648003,1.630977252111994e-09,0.30025802350507025
11.287500000000001,19781.69100691217,1.49615027216384e-05,0.00016950991620845633,0.00016950991620845633,1.6359363365016243e-09,0.299230054432768
11.293750000000001,19782.479115801023,1.490749077683665e-05,0.00017021657056182896,0.00017021657056182896,1.6408775182916761e-09,0.29814981553673303
11.3,19783.305338497605,1.4850866755309383e-05,0.0001709162130326266,0.0001709162130326266,1.645799931692853e-09,0.29701733510618766
11.30625,19784.169655171434,1.4791632016124082e-05,0.00017160859858709104,0.00017160859858709104,1.6507027113663299e-09,0.29583264032248163
11.3125,19785.07204667233,1.4729787871701e-05,0.00017229348982833467,0.00017229348982833467,1.655584992408292e-09,0.29459575743402
11.318750000000001,19786.01249439556,1.4665335597103647e-05,0.0001729706571387402,0.0001729706571387402,1.6604459103375521e-09,0.293306711942073
11.325000000000001,19786.99098013743,1.459827643988184e-05,0.00017363987880804593,0.00017363987880804593,1.6652846010864315e-09,0.29196552879763676
11.33125,19788.007485944476,1.4528611630475546e-05,0.00017430094114709717,0.00017430094114709717,1.6701002009950885e-09,0.2905722326095109
11.3375,19789.061993951902,1.4456342393187242e-05,0.0001749536385872818,0.0001749536385872818,1.674891846809484e-09,0.2891268478637448
11.34375,19790.154486216747,1.4381469957730505e-05,0.00017559777376570528,0.00017559777376570528,1.6796586756831757e-09,0.2876293991546101
11.350000000000001,19791.284944539966,1.4303995571361658e-05,0.00017623315759619454,0.00017623315759619454,1.6843998251831314e-09,0.28607991142723316
11.356250000000001,19792.453350280543,1.4223920511601015e-05,0.0001768596093262568,0.0001768596093262568,1.6891144332997619e-09,0.2844784102320203
11.3625,19793.65968416199,1.4141246099549877e-05,0.00017747695658015098,0.00017747695658015098,1.6938016384613648e-09,0.2828249219909975
11.36875,19794.903926068342,1.4055973713808393e-05,0.00017808503538826263,0.00017808503538826263,1.6984605795531838e-09,0.28111947427616785
11.375,19796.18605483331,1.396810480499916e-05,0.00017868369020300498,0.00017868369020300498,1.7030903959412802e-09,0.2793620960999832
11.381250000000001,19797.506048018407,1.3877640910900277e-05,0.0001792727739014966,0.0001792727739014966,1.707690227501422e-09,0.27755281821800554
11.387500000000001,19798.863881683883,1.3784583672191168e-05,0.0001798521477752963,0.0001798521477752963,1.7122592146531906e-09,0.27569167344382334
11.39375,19800.259530149866,1.368893484881322e-05,0.00018042168150750088,0.00018042168150750088,1.716796498399511e-09,0.2737786969762644
11.4,19801.69296574853,1.3590696336946636e-05,0.00018098125313753788,0.00018098125313753788,1.7213012203718089e-09,0.27181392673893273
11.40625,19803.164158566975,1.3489870186603666e-05,0.0001815307490140079,0.0001815307490140079,1.7257725228809997e-09,0.26979740373207334
11.412500000000001,19804.673076182717,1.3386458619837545e-05,0.00018207006373595306,0.00018207006373595306,1.7302095489745124e-09,0.2677291723967509
11.418750000000001,19806.219683387964,1.3280464049565069e-05,0.00018259910008294834,0.00018259910008294834,1.7346114424995521e-09,0.2656092809913014
11.425,19807.80394190611,1.3171889098999613e-05,0.0001831177689344311,0.0001831177689344311,1.738977348172805e-09,0.2634377819799923
11.43125,19809.42581010043,1.306073662169036e-05,0.00018362598917869968,0.00018362598917869968,1.7433064116567842e-09,0.2612147324338072
11.4375,19811.085242671103,1.294700972216157e-05,0.00018412368761202733,0.00018412368761202733,1.7475977796430164e-09,0.2589401944432314
11.443750000000001,19812.782190347225,1.283071177714508e-05,0.00018461079882835154,0.00018461079882835154,1.7518505999422676e-09,0.2566142355429016
11.450000000000001,19814.516599567425,1.2711846457397078e-05,0.00018508726510000725,0.00018508726510000725,1.7560640215819994e-09,0.25423692914794155
11.45625,19816.288412153146,1.2590417750089022e-05,0.00018555303624998547,0.00018555303624998547,1.760237194911246e-09,0.25180835500178045
11.4625,19818.097564974407,1.2466429981760867e-05,0.00018600806951620305,0.00018600806951620305,1.7643692717131008e-09,0.24932859963521734
11.46875,19819.943989606163,1.2339887841823132e-05,0.00018645232940827766,0.00018645232940827766,1.768459405324992e-09,0.24679775683646263
11.475000000000001,19821.827611978002,1.2210796406592624e-05,0.00018688578755730507,0.00018688578755730507,1.772506750766925e-09,0.24421592813185247
11.481250000000001,19823.74835201555,1.2079161163844735e-05,0.0001873084225591382,0.0001873084225591382,1.7765104648778624e-09,0.24158322327689472
11.4875,19825.706123275377,1.194498803786371e-05,0.00018772021981166946,0.00018772021981166946,1.7804697064604089e-09,0.2388997607572742
11.49375,19827.70083257245,1.1808283414970093e-05,0.00018812117134661552,0.00018812117134661552,1.7843836364339548e-09,0.23616566829940186
11.5,19829.73237960025,1.1669054169502774e-05,0.00018851127565630316,0.00018851127565630316,1.7882514179964337e-09,0.23338108339005548
11.506250000000001,19831.80065654673,1.152730769023127e-05,0.00018889053751595025,0.00018889053751595025,1.7920722167948337e-09,0.2305461538046254
11.512500000000001,19833.905547701954,1.1383051907171552e-05,0.00018925896780193073,0.00018925896780193073,1.795845201104596e-09,0.22766103814343103
11.51875,19836.046929061675,1.1236295318777e-05,0.00018961658330650697,0.00018961658330650697,1.7995695420180281e-09,0.22472590637554
11.525,19838.22466792586,1.1087047019473954e-05,0.0001899634065495042,0.0001899634065495042,1.8032444136418426e-09,0.22174094038947909
11.53125,19840.438622491605,1.0935316727509101e-05,0.0001902994655873937,0.0001902994655873937,1.8068689933039259e-09,0.218706334550182
11.537500000000001,19842.688641443357,1.078111481307417e-05,0.00019062479382024104,0.00019062479382024104,1.81044246176943e-09,0.2156222962614834
11.543750000000001,19844.974563539552,1.0624452326671082e-05,0.00019093942979696497,0.00019093942979696497,1.8139640034662655e-09,0.21248904653342163
11.55,19847.296217194144,1.0465341027678589e-05,0.00019124341701934035,0.00019124341701934035,1.817432806720063e-09,0.20930682055357178
11.55625,19849.653420059145,1.0303793413079671e-05,0.00019153680374516557,0.00019153680374516557,1.8208480639986569e-09,0.2060758682615934
11.5625,19852.045978602575,1.013982274630647e-05,0.00019181964279100223,0.00019181964279100223,1.82420897216613e-09,0.2027964549261294
11.568750000000001,19854.47368768729,9.973443086157851e-06,0.00019209199133487896,0.00019209199133487896,1.8275147327464427e-09,0.19946886172315703
11.575000000000001,19856.936330148128,9.804669315742424e-06,0.00019235391071933792,0.00019235391071933792,1.830764552196655e-09,0.19609338631484846
11.58125,19859.43367636999,9.633517171398001e-06,0.00019260546625518555,0.00019260546625518555,1.8339576421897359e-09,0.19267034342796002
11.5875,19861.965483867712,9.460003271536499e-06,0.00019284672702629408,0.00019284672702629408,1.8370932199069314e-09,0.18920006543072998
11.59375,19864.531496865526,9.284145145361297e-06,0.0001930777656957838,0.0001930777656957838,1.8401705083396525e-09,0.18568290290722594
11.600000000000001,19867.131445882584,9.105961261402472e-06,0.00019329865831389822,0.00019329865831389822,1.843188736600821e-09,0.18211922522804944
11.606250000000001,19869.765047318037,8.925471055813242e-06,0.00019350948412786935,0.00019350948412786935,1.8461471402455944e-09,0.17850942111626486
11.6125,19872.43200304428,8.742694960369608e-06,0.00019371032539405078,0.00019371032539405078,1.8490449616013708e-09,0.17485389920739217
11.61875,19875.13200000277,8.557654430113297e-06,0.00019390126719258084,0.00019390126719258084,1.8518814501069572e-09,0.17115308860226594
11.625,19877.864709806392,8.370371970576703e-06,0.00019408239724481952,0.00019408239724481952,1.8546558626607613e-09,0.16740743941153408
11.631250000000001,19880.629788350274,8.18087116452727e-06,0.00019425380573378625,0.00019425380573378625,1.8573674639778477e-09,0.1636174232905454
11.637500000000001,19883.426875428366,7.989176698167089e-06,0.00019441558512780808,0.00019441558512780808,1.860015526955678e-09,0.15978353396334177
11.64375,19886.255594361115,7.795314386722848e-06,0.00019456783000757069,0.00019456783000757069,1.8625993330483341e-09,0.15590628773445694
11.65,19889.115551630955,7.599311199359598e-06,0.00019471063689674786,0.00019471063689674786,1.865118172648997e-09,0.15198622398719197
11.65625,19892.006336530256,7.401195283351476e-06,0.0001948441040963685,0.0001948441040963685,1.8675713454804394e-09,0.14802390566702953
11.662500000000001,19894.927520820413,7.2009959874413475e-06,0.00019496833152306346,0.00019496833152306346,1.86995816099326e-09,0.14401991974882694
11.668750000000001,19897.878658403428,6.998743884320923e-06,0.00019508342055131925,0.00019508342055131925,1.8722779387715685e-09,0.13997487768641845
11.675,19900.859285008584,6.794470792162446e-06,0.00019518947385984908,0.00019518947385984908,1.8745300089458087e-09,0.13588941584324893
11.68125,19903.868917891927,6.588209795132564e-06,0.00019528659528217723,0.00019528659528217723,1.8767137126123795e-09,0.1317641959026513
11.6875,19906.90705555388,6.379995262819284e-06,0.0001953748896615179,0.0001953748896615179,1.878828402259697e-09,0.12759990525638568
11.693750000000001,19909.973177471726,6.169862868502496e-06,0.00019545446271001507,0.00019545446271001507,1.8808734422003107e-09,0.12339725737004992
11.700000000000001,19913.066743851887,5.957849606199288e-06,0.00019552542087239628,0.00019552542087239628,1.88284820900867e-09,0.11915699212398576
11.70625,19916.1871953992,5.743993806415327e-06,0.0001955878711940807,0.0001955878711940807,1.884752091964112e-09,0.11487987612830654
11.7125,19919.333953107405,5.5283351505345065e-06,0.00019564192119376797,0.00019564192119376797,1.886584493498619e-09,0.11056670301069013
11.71875,19922.506418070334,5.31091468377985e-06,0.00019568767874052342,0.00019568767874052342,1.888344829648871e-09,0.106218293675597
11.725000000000001,19925.703971313385,5.091774826679527e-06,0.00019572525193536312,0.00019572525193536312,1.890032530512099e-09,0.10183549653359054
11.731250000000001,19928.925973650705,4.870959384973546e-06,0.0001957547489973315,0.0001957547489973315,1.891647040705224e-09,0.09741918769947093
11.7375,19932.171765562613,4.648513557897668e-06,0.00019577627815405436,0.00019577627815405436,1.8931878198267366e-09,0.09297027115795337
11.74375,19935.44066710096,4.424483944783211e-06,0.00019578994753673972,0.00019578994753673972,1.894654342920771e-09,0.08848967889566421
11.75,19938.73197781658,4.198918549912979e-06,0.0001957958650795905,0.0001957958650795905,1.896046100942784e-09,0.08397837099825957
11.756250000000001,19942.044976716206,3.971866785576095e-06,0.000195794138423585,0.000195794138423585,1.897362601226245e-09,0.07943733571152191
11.762500000000001,19945.37892224375,3.7433794732663753e-06,0.00019578487482457184,0.00019578487482457184,1.89860336794973e-09,0.07486758946532751
11.76875,19948.733052291864,3.513508842971957e-06,0.00019576818106562105,0.00019576818106562105,1.8997679426037725e-09,0.07027017685943915
11.775,19952.106584239453,3.2823085305062306e-06,0.00019574416337356384,0.00019574416337356384,1.9008558844568353e-09,0.06564617061012461
11.78125,19955.498715021604,3.0498335728335086e-06,0.00019571292733965026,0.00019571292733965026,1.9018667710197297e-09,0.06099667145667017
11.787500000000001,19958.908621226074,2.8161404013456855e-06,0.0001956745778442463,0.0001956745778442463,1.902800198507807e-09,0.05632280802691371
11.793750000000001,19962.335459223195,2.5812868330499145e-06,0.00019562921898548868,0.00019562921898548868,1.9036557823002307e-09,0.05162573666099829
11.8,19965.778365324182,2.3453320596306014e-06,0.00019557695401181013,0.00019557695401181013,1.904433157395621e-09,0.04690664119261203
11.80625,19969.23645597325,2.1083366343530627e-06,0.00019551788525824546,0.00019551788525824546,1.9051319788633593e-09,0.042166732687061254
11.8125,19972.708827970506,1.870362456780056e-06,0.00019545211408642405,0.00019545211408642405,1.9057519222898277e-09,0.03740724913560112
11.818750000000001,19976.194558726784,1.6314727552764698e-06,0.00019537974082815303,0.00019537974082815303,1.906292684218848e-09,0.03262945510552939
11.825000000000001,19979.692706551297,1.3917320672819134e-06,0.0001953008647324921,0.0001953008647324921,1.906753982585584e-09,0.027834641345638268
11.83125,19983.202310973484,1.1512062173354586e-06,0.00019521558391622,0.00019521558391622,1.907135557143157e-09,0.023024124346709172
11.8375,19986.722393095304,9.099622928411322e-07,0.00019512399531759048,0.00019512399531759048,1.9074371698812315e-09,0.018199245856822643
11.84375,19990.251955978638,6.680686175678912e-07,0.00019502619465327549,0.00019502619465327549,1.907658605435816e-09,0.013361372351357825
11.850000000000001,19993.789985064755,4.255947228823669e-07,0.0001949222763783922,0.0001949222763783922,1.907799671489529e-09,0.008511894457647337
11.856250000000001,19997.335448626935,1.8261131671789753e-07,0.00019481233364951073,0.00019481233364951073,1.9078601991615785e-09,0.003652226334357951
11.8625,20000.887298257338,-6.080974971159357e-08,0.00019469645829053959,0.00019469645829053959,1.907840043386711e-09,-0.0012161949942318714
11.86875,20004.444469383227,-3.045955174394473e-07,0.00019457474076138554,0.00019457474076138554,1.907739083282383e-09,-0.006091910348788946
11.875,20008.00588182009,-5.486719574964885e-07,0.00019444727012928774,0.00019444727012928774,1.9075572225034175e-09,-0.01097343914992977
11.881250000000001,20011.570440352876,-7.929640108598332e-07,0.0001943141340427241,0.0001943141340427241,1.9072943895834255e-09,-0.015859280217196663
11.887500000000001,20015.137035351472,-1.037395630570354e-06,0.00019417541870779184,0.00019417541870779184,1.9069505382622617e-09,-0.020747912611407078
11.89375,20018.704543416123,-1.281889825984116e-06,0.00019403120886696458,0.00019403120886696458,1.9065256477988144e-09,-0.02563779651968232
11.9,20022.271828053206,-1.5263687091174445e-06,0.00019388158778013034,0.00019388158778013034,1.906019723268436e-09,-0.03052737418234889
11.90625,20025.83774038264,-1.7707535430398897e-06,0.00019372663720781754,0.00019372663720781754,1.9054327958443296e-09,-0.035415070860797794
11.912500000000001,20029.401119871458,-2.014964792264378e-06,0.0001935664373965177,0.0001935664373965177,1.904764923062238e-09,-0.04029929584528756
11.918750000000001,20032.9607950986,-2.2589221750780695e-06,0.0001934010670660167,0.0001934010670660167,1.904016189067783e-09,-0.04517844350156139
11.925,20036.515584545672,-2.502544717752707e-06,0.0001932306033986482,0.0001932306033986482,1.90318670484584e-09,-0.05005089435505414
11.93125,20040.06429741378,-2.745750810567829e-06,0.00019305512203038707,0.00019305512203038707,1.9022766084313394e-09,-0.05491501621135658
11.9375,20043.605734467645,-2.9884582655752213e-06,0.00019287469704370184,0.00019287469704370184,1.9012860651009263e-09,-0.059769165311504426
11.943750000000001,20047.138688901352,-3.2305843760282732e-06,0.0001926894009620897,0.0001926894009620897,1.9002152675449177e-09,-0.06461168752056547
11.950000000000001,20050.661947229393,-3.4720459773948603e-06,0.0001924993047462196,0.0001924993047462196,1.8990644360190392e-09,-0.0694409195478972
11.95625,20054.174290198753,-3.7127595098679557e-06,0.00019230447779161302,0.00019230447779161302,1.897833818475441e-09,-0.07425519019735911
11.9625,20057.6744937218,-3.952641082283559e-06,0.0001921049879277947,0.0001921049879277947,1.896523690672529e-09,-0.07905282164567119
11.96875,20061.161329827242,-4.191606537351516e-06,0.00019190090141884907,0.00019190090141884907,1.8951343562631725e-09,-0.08383213074703033
11.975000000000001,20064.633567629924,-4.429571518100415e-06,0.0001916922829653211,0.0001916922829653211,1.8936661468608915e-09,-0.0885914303620083
11.981250000000001,20068.089974317878,-4.666451535434054e-06,0.0001914791957074049,0.0001914791957074049,1.892119422083649e-09,-0.09332903070868108
11.9875,20071.52931615071,-4.9021620366934966e-06,0.00019126170122936472,0.00019126170122936472,1.8904945695749206e-09,-0.09804324073386993
11.99375,20074.950359474165,-5.136618475115068e-06,0.00019103985956513833,0.00019103985956513833,1.8887920050017385e-09,-0.10273236950230136
12.0,20078.351871745228,-5.369736380071708e-06,0.00019081372920507473,0.00019081372920507473,1.8870121720294575e-09,-0.10739472760143416
