t_adimensional,p_outlet_Pa,q_outlet_m3s,w_centro_m,w_max_m,volume_acumulado_m3,potencia_W
0.0,19842.14353662447,2.816137237590541e-06,9.67645108488631e-08,9.67645108488632e-08,1.8668528788614596e-12,0.05632274475181082
0.0125,19689.08601222056,5.546662074895135e-06,2.8942630974315396e-07,2.894263097431542e-07,5.543805097088268e-12,0.11093324149790271
0.025,19541.222848709942,8.184520240081927e-06,5.771445879806147e-07,5.77144587980615e-07,1.096942674945122e-11,0.16369040480163854
0.037500000000000006,19398.586269307634,1.0729136875461713e-05,9.591050751272457e-07,9.59105075127246e-07,1.8081906850311493e-11,0.21458273750923426
0.05,19261.077506342415,1.3182273982497231e-05,1.4345195242239433e-06,1.434519524223944e-06,2.6820602467014105e-11,0.2636454796499446
0.0625,19128.574258884688,1.554611339266367e-05,2.0026250828707925e-06,2.0026250828707937e-06,3.7126317030496125e-11,0.3109222678532734
0.07500000000000001,19000.963433051722,1.7822672685019883e-05,2.662683709996682e-06,2.6626837099966842e-06,4.8941191450289076e-11,0.35645345370039766
0.08750000000000001,18878.143217382945,2.0013768161783805e-05,3.413981648378223e-06,3.4139816483782254e-06,6.220857068556353e-11,0.4002753632356761
0.1,18760.018225561562,2.21211015015485e-05,4.2558289291507975e-06,4.255828929150801e-06,7.687292775968309e-11,0.44242203003096997
0.1125,18646.49595384107,2.4146322958168626e-05,5.18755889099568e-06,5.187558890995683e-06,9.287982967009695e-11,0.4829264591633725
0.125,18537.48548319156,2.609105451446216e-05,6.208527707655635e-06,6.208527707655638e-06,1.1017591864711328e-10,0.5218210902892432
0.1375,18432.897371591025,2.7956891803588243e-05,7.318113923243325e-06,7.318113923243329e-06,1.2870889468637814e-10,0.5591378360717648
0.15000000000000002,18332.643842011064,2.97454007554566e-05,8.515717996249578e-06,8.515717996249582e-06,1.4842749585821703e-10,0.5949080151091319
0.1625,18236.638901644026,3.1458115469725e-05,9.80076185282205e-06,9.800761852822053e-06,1.692814772069595e-10,0.6291623093944999
0.17500000000000002,18144.798349308592,3.309653808371707e-05,1.1172688449338857e-05,1.1172688449338862e-05,1.9122158956270499e-10,0.6619307616743414
0.1875,18057.039725031886,3.466213967180898e-05,1.2630961344019695e-05,1.26309613440197e-05,2.1419955894930316e-10,0.6932427934361796
0.2,17973.282247503714,3.615636136128666e-05,1.4175064277258123e-05,1.417506427725813e-05,2.381680667320504e-10,0.7231272272257332
0.21250000000000002,17893.446757183283,3.7580615347284936e-05,1.5804500760386702e-05,1.5804500760386702e-05,2.6308073043820206e-10,0.7516123069456987
0.225,17817.455666573176,3.8936285779915155e-05,1.751879367262192e-05,1.7518793672621924e-05,2.888920851655727e-10,0.7787257155983031
0.23750000000000002,17745.232915182132,4.0224729567702075e-05,1.9317484865959128e-05,1.931748486595913e-05,3.1555756552374507e-10,0.8044945913540414
0.25,17676.70392782597,4.1447277121512e-05,2.1200134777804108e-05,2.1200134777804108e-05,3.430334880684381e-10,0.82894554243024
0.2625,17611.795576172783,4.2605233040561725e-05,2.3166322051144136e-05,2.3166322051144136e-05,3.7127703419063904e-10,0.8521046608112345
0.275,17550.436143548424,4.3699876740285816e-05,2.5215643162077485e-05,2.5215643162077485e-05,4.002462334219569e-10,0.8739975348057163
0.28750000000000003,17492.555292496283,4.473246303108498e-05,2.7347712054533847e-05,2.7347712054533847e-05,4.298999471236351e-10,0.8946492606216997
0.30000000000000004,17438.08403418362,4.570422266408466e-05,2.956215978202731e-05,2.956215978202731e-05,4.601978525373546e-10,0.9140844532816932
0.3125,17386.954698759688,4.6616362859963575e-05,3.185863415628803e-05,3.185863415628803e-05,4.911004271866043e-10,0.9323272571992715
0.325,17339.100906056337,4.7470067831639914e-05,3.4236799402619643e-05,3.4236799402619643e-05,5.225689336245462e-10,0.9494013566327982
0.3375,17294.457536386406,4.826649930523291e-05,3.669633582182835e-05,3.669633582182835e-05,5.545654045272331e-10,0.9653299861046583
0.35000000000000003,17252.96070144703,4.900679703912848e-05,3.923693945856492e-05,3.923693945856492e-05,5.870526281309211e-10,0.9801359407825696
0.36250000000000004,17214.54771545187,4.9692079338995874e-05,4.185832177591229e-05,4.185832177591229e-05,6.199941340107935e-10,0.9938415867799175
0.375,17179.157066605956,5.0323443566653506e-05,4.456020933602908e-05,4.456020933602908e-05,6.533541791970178e-10,1.00646887133307
0.3875,17146.728388986223,5.090196664173226e-05,4.7342343486612954e-05,4.7342343486612954e-05,6.870977346233618e-10,1.0180393328346453
0.4,17117.202434818017,5.142870553624705e-05,5.0204480052849444e-05,5.0204480052849444e-05,7.211904719036678e-10,1.028574110724941
0.41250000000000003,17090.52104710156,5.190469776294516e-05,5.3146389034315656e-05,5.3146389034315656e-05,7.555987504320584e-10,1.0380939552589032
0.42500000000000004,17066.627132527476,5.233096185848427e-05,5.616785430592988e-05,5.616785430592988e-05,7.902896048034479e-10,1.0466192371696854
0.4375,17045.46463464066,5.2708497862180245e-05,5.9268673321331235e-05,5.9268673321331235e-05,8.252307325514207e-10,1.054169957243605
0.45,17026.97850724689,5.3038287790454055e-05,6.24486568157947e-05,6.24486568157947e-05,8.603904822006273e-10,1.060765755809081
0.4625,17011.11468808735,5.3321296106433996e-05,6.570762850353752e-05,6.570762850353752e-05,8.957378416304854e-10,1.0664259221286798
0.47500000000000003,16997.82007285012,5.355847018363101e-05,6.904542476043192e-05,6.904542476043192e-05,9.31242426746257e-10,1.07116940367262
0.48750000000000004,16987.04248958547,5.3750740762319166e-05,7.246189427676467e-05,7.246189427676467e-05,9.668744704526657e-10,1.0750148152463834
0.5,16978.730673612055,5.389902239726009e-05,7.595689765439971e-05,7.595689765439971e-05,1.0026048119243172e-09,1.0779804479452018
0.5125000000000001,16972.83424296464,5.40042138956652e-05,7.953030690658401e-05,7.953030690658401e-05,1.0384048861664487e-09,1.080084277913304
0.525,16969.30367443095,5.406719874471942e-05,8.318200479409283e-05,8.318200479409283e-05,1.0742467138590911e-09,1.0813439748943885
0.5375,16968.09028018148,5.408884552849255e-05,8.691188389512133e-05,8.691188389512133e-05,1.1101028914776055e-09,1.0817769105698511
0.55,16969.14618497712,5.407000833455705e-05,9.0719845254258e-05,9.0719845254258e-05,1.1459465816827728e-09,1.081400166691141
0.5625,16972.424303912438,5.4011527151045805e-05,9.460579638344558e-05,9.460579638344558e-05,1.181751503974097e-09,1.080230543020916
0.5750000000000001,16977.878320636657,5.391422825517852e-05,9.85696482903078e-05,9.85696482903078e-05,1.2174919256006685e-09,1.0782845651035704
0.5875,16985.462665987485,5.377892459444323e-05,0.00010261131108235753,0.00010261131108235753,1.253142652724716e-09,1.0755784918888647
0.6000000000000001,16995.132496967617,5.360641616163631e-05,0.00010673068753664605,0.00010673068753664605,1.2886790218337797e-09,1.072128323232726
0.6125,17006.84367600615,5.3397490364857685e-05,0.0001109276638334047,0.0001109276638334047,1.3240768913981555e-09,1.0679498072971536
0.625,17020.552750450664,5.3152922393350795e-05,0.00011520209643356948,0.00011520209643356948,1.3593126337708623e-09,1.063058447867016
0.6375000000000001,17036.216932258973,5.2873475579807665e-05,0.00011955379384423067,0.00011955379384423067,1.3943631273277842e-09,1.0574695115961532
0.65,17053.794077869614,5.2559901759465354e-05,0.00012398249178108728,0.00012398249178108728,1.4292057488458624e-09,1.051198035189307
0.6625000000000001,17073.24266825154,5.221294162604673e-05,0.00012848782002969136,0.00012848782002969136,1.4638183661172452e-09,1.0442588325209345
0.675,17094.52178913574,5.183332508437561e-05,0.0001330692591633211,0.0001330692591633211,1.498179330797191e-09,1.036666501687512
0.6875,17117.591111456302,5.142177159935822e-05,0.00013772608523821017,0.00013772608523821017,1.5322674714833148e-09,1.0284354319871645
0.7000000000000001,17142.41087201059,5.0978990540970575e-05,0.00014245730070509968,0.00014245730070509968,1.566062087023532e-09,1.0195798108194114
0.7125,17168.941854363562,5.050568152493099e-05,0.00014726155009858706,0.00014726155009858706,1.5995429400498386e-09,1.0101136304986198
0.7250000000000001,17197.145370005255,5.0002534748844414e-05,0.00015213701963541514,0.00015213701963541514,1.6326902507349235e-09,1.0000506949768884
0.7375,17226.983239766512,4.947023132375868e-05,0.00015708132069873183,0.00015708132069873183,1.6654846907685769e-09,0.9894046264751736
0.75,17258.41777548356,4.890944360123794e-05,0.00016209135831425848,0.00016209135831425848,1.6979073775509172e-09,0.9781888720247588
0.7625000000000001,17291.4117619027,4.8320835496212286e-05,0.00016716318711290802,0.00016716318711290802,1.7299398685996405e-09,0.9664167099242457
0.775,17325.928438797506,4.7705062805976184e-05,0.0001722918588632851,0.0001722918588632851,1.7615641561687366e-09,0.9541012561195237
0.7875000000000001,17361.931483279954,4.7062773525777154e-05,0.00017747126734861705,0.00017747126734861705,1.792762662076415e-09,0.941255470515543
0.8,17399.384992275223,4.639460816145121e-05,0.00018269399802135427,0.00018269399802135427,1.823518232740279e-09,0.9278921632290241
0.8125,17438.253465138638,4.5701200039534865e-05,0.00018795119133124276,0.00018795119133124276,1.8538141344180771e-09,0.9140240007906973
0.8250000000000001,17478.501786393106,4.498317561522765e-05,0.00019323242970950382,0.00019323242970950382,1.883634048652608e-09,0.899663512304553
0.8375,17520.09520857049,4.424115477850976e-05,0.00019852565872535298,0.00019852565872535298,1.912962067919553e-09,0.8848230955701951
0.8500000000000001,17562.99933514137,4.347575115865459e-05,0.0002038171527572784,0.0002038171527572784,1.941782691477175e-09,0.8695150231730918
0.8625,17607.180103525283,4.2687572427328946e-05,0.00020909153453145952,0.00020909153453145952,1.9700808214169466e-09,0.8537514485465789
0.875,17652.603768171437,4.1877220600450605e-05,0.0002143318560298123,0.0002143318560298123,1.9978417589142814e-09,0.8375444120090121
0.8875000000000001,17699.236883696638,4.104529233897676e-05,0.00021951974559654324,0.00021951974559654324,2.0250512006786638e-09,0.8209058467795353
0.9,17747.04628807423,4.019237924882532e-05,0.0002246356226973134,0.0002246356226973134,2.0516952356026005e-09,0.8038475849765064
0.9125000000000001,17795.999085857176,3.931906818017233e-05,0.00022965897791484477,0.00022965897791484477,2.077760341608978e-09,0.7863813636034466
0.925,17846.062631419583,3.842594152641951e-05,0.00023456871167419166,0.00023456871167419166,2.1032333826966114e-09,0.7685188305283902
0.9375,17897.20451219798,3.751357752317051e-05,0.00023934352120121136,0.00023934352120121136,2.1281016061839876e-09,0.7502715504634102
0.9500000000000001,17949.392531910646,3.658255054759092e-05,0.00024396232166566572,0.00024396232166566572,2.1523526401514573e-09,0.7316510109518184
0.9625,18002.59469373337,3.5633431418547136e-05,0.0002484046846633315,0.0002484046846633315,2.175974491082395e-09,0.7126686283709427
0.9750000000000001,18056.77918340961,3.466678769792559e-05,0.0002526512754134744,0.0002526512754134744,2.1989555417041054e-09,0.6933357539585119
0.9875,18111.914352272797,3.3683183993526757e-05,0.000256684269469986,0.000256684269469986,2.2212845490295213e-09,0.6736636798705351
1.0,18167.96870015563,3.268318226391419e-05,0.00026048773044328263,0.00026048773044328263,2.242950642600993e-09,0.6536636452782838
1.0125,18224.91085817505,3.166734212558672e-05,0.0002640479321689519,0.0002640479321689519,2.2639433229377024e-09,0.6333468425117343
1.0250000000000001,18282.709571361334,3.063622116283283e-05,0.0002673536117906689,0.0002673536117906689,2.284252460188487e-09,0.6127244232566565
1.0375,18341.333681119322,2.959037524063334e-05,0.0002703961441063423,0.0002703961441063423,2.3038682929920867e-09,0.5918075048126669
1.05,18400.752107496482,2.8530358820999056e-05,0.00027316963194520306,0.00027316963194520306,2.3227814275470998e-09,0.5706071764199812
1.0625,18460.93383123359,2.745672528317031e-05,0.0002756709119497326,0.0002756709119497326,2.340982836894199e-09,0.5491345056634062
1.075,18521.847875574098,2.6370027248162202e-05,0.00027789947957804933,0.00027789947957804933,2.3584638604134956e-09,0.5274005449632441
1.0875000000000001,18583.463287795483,2.5270816908210684e-05,0.0002798573410996434,0.0002798573410996434,2.375216203540295e-09,0.5054163381642137
1.1,18645.749120433207,2.4159646361758174e-05,0.0002815488035706233,0.0002815488035706233,2.3912319377029213e-09,0.4831929272351635
1.1125,18708.67441215168,2.303706795470781e-05,0.00028298021606513085,0.00028298021606513085,2.4065035004867612e-09,0.4607413590941562
1.125,18772.208168217174,2.1903634628770034e-05,0.0002841596767195586,0.0002841596767195586,2.4210236960292323e-09,0.43807269257540066
1.1375,18836.319340523478,2.0759900277822315e-05,0.0002850967204190134,0.0002850967204190134,2.4347856956509866e-09,0.4151980055564463
1.1500000000000001,18900.976807109346,1.9606420113300283e-05,0.000285802001306203,0.000285802001306203,2.4477830387293367e-09,0.39212840226600565
1.1625,18966.14935110828,1.8443751039739625e-05,0.0002862869828717902,0.0002862869828717902,2.4600096338206334e-09,0.3688750207947925
1.175,19031.805639059836,1.7272452041693143e-05,0.00028656364638629197,0.00028656364638629197,2.471459760039134e-09,0.34544904083386285
1.1875,19097.914198508748,1.609308458336231e-05,0.00028664422607167463,0.00028664422607167463,2.4821280687007944e-09,0.3218616916672462
1.2000000000000002,19164.443394808877,1.4906213022411911e-05,0.00028654097689957735,0.00028654097689957735,2.492009585241381e-09,0.2981242604482382
1.2125000000000001,19231.36140704175,1.371240503958443e-05,0.00028626597843636303,0.00028626597843636303,2.501099711419381e-09,0.2742481007916886
1.225,19298.63620294763,1.2512232085905668e-05,0.00028583097589283545,0.00028583097589283545,2.509394227815372e-09,0.25024464171811334
1.2375,19366.235512761465,1.1306269849478627e-05,0.00028524725759605807,0.00028524725759605807,2.5168892966408325e-09,0.22612539698957254
1.25,19434.126801822258,1.009509874410418e-05,0.00028452556655463664,0.00028452556655463664,2.5235814648708675e-09,0.2019019748820836
1.2625000000000002,19502.27724181975,8.87930442225054e-06,0.00028367604266613344,0.00028367604266613344,2.529467667716986e-09,0.17758608844501078
1.2750000000000001,19570.653680515145,7.659478315222418e-06,0.00028270819140741607,0.00028270819140741607,2.534545232457966e-09,0.15318956630444838
1.2875,19639.222609757016,6.4362182037594315e-06,0.00028163087451766255,0.00028163087451766255,2.5388118826489735e-09,0.12872436407518864
1.3,19707.950131585058,5.210128822724327e-06,0.0002804523181711908,0.0002804523181711908,2.5422657427315396e-09,0.10420257645448654
1.3125,19776.80192219319,3.981822504029e-06,0.0002791801343739709,0.0002791801343739709,2.5449053430697396e-09,0.07963645008058
1.3250000000000002,19845.743193482707,2.7519198624879144e-06,0.0002778213517315209,0.0002778213517315209,2.546729625441034e-09,0.055038397249758286
1.3375000000000001,19914.738651915377,1.5210505298865728e-06,0.00027638245225859476,0.00027638245225859476,2.547737949013731e-09,0.030421010597731456
1.35,19983.752454330584,2.8985394319875345e-07,0.00027486941147287646,0.00027486941147287646,2.547930096846971e-09,0.005797078863975069
1.3625,20052.748160356638,-9.410198064290495e-07,0.0002732877395873582,0.0002732877395873582,2.5473062829535116e-09,-0.01882039612858099
1.375,20121.688681002845,-2.170909056601057e-06,0.00027164252215314754,0.00027164252215314754,2.5458671599704537e-09,-0.043418181132021144
1.3875000000000002,20190.536222989285,-3.3991395804780207e-06,0.00026993845898216695,0.00026993845898216695,2.5436138274883703e-09,-0.06798279160956042
1.4000000000000001,20259.2522283187,-4.6250235087849775e-06,0.0002681799005843609,0.0002681799005843609,2.540547841095049e-09,-0.09250047017569955
1.4125,20327.797308580422,-5.847858157780596e-06,0.0002663708816822767,0.0002663708816822767,2.5366712221961895e-09,-0.11695716315561192
1.425,20396.13117344137,-7.066924753554169e-06,0.0002645151516195525,0.0002645151516195525,2.531986468681777e-09,-0.14133849507108337
1.4375,20464.212552777924,-8.28148704287135e-06,0.0002626162016658218,0.0002626162016658218,2.5264965665133495e-09,-0.165629740857427
1.4500000000000002,20531.999111912195,-9.490789780998066e-06,0.0002606772893483513,0.0002606772893483513,2.5202050023137e-09,-0.18981579561996131
1.4625000000000001,20599.447359453967,-1.0694057087611303e-05,0.00025870146002099126,0.00025870146002099126,2.5131157770464692e-09,-0.21388114175222606
1.475,20666.512547321694,-1.1890490663192498e-05,0.000256691565924263,0.000256691565924263,2.5052334208781142e-09,-0.23780981326384995
1.4875,20733.148562631446,-1.3079267860337273e-05,0.00025465028300629096,0.00025465028300629096,2.496563009318427e-09,-0.2615853572067455
1.5,20799.307811305567,-1.4259539607358784e-05,0.000252580125771125,0.000252580125771125,2.4871101807375255e-09,-0.2851907921471757
1.5125000000000002,20864.94109348003,-1.543042818555747e-05,0.00025048346040557057,0.00025048346040557057,2.4768811553563193e-09,-0.30860856371114936
1.5250000000000001,20929.997471075207,-1.6591024866717766e-05,0.00024836251641321267,0.00024836251641321267,2.4658827558031094e-09,-0.3318204973343553
1.5375,20994.424128265273,-1.774038742388365e-05,0.0002462193969587316,0.0002462193969587316,2.4541224293203235e-09,-0.354807748477673
1.55,21058.166226014528,-1.887753753633729e-05,0.0002440560880995488,0.0002440560880995488,2.4416082716915287e-09,-0.37755075072674577
1.5625,21121.166752380388,-2.0001458118979425e-05,0.0002418744670570072,0.0002418744670570072,2.4283490529388266e-09,-0.4000291623795885
1.5750000000000002,21183.366370862557,-2.1111090616945007e-05,0.00023967630965666836,0.00023967630965666836,2.414354244813684e-09,-0.42222181233890016
1.5875000000000001,21244.70326976081,-2.220533231814966e-05,0.00023746329704735426,0.00023746329704735426,2.399634050069311e-09,-0.44410664636299324
1.6,21305.113016212723,-2.3283033749331e-05,0.00023523702179136584,0.00023523702179136584,2.3841994334592357e-09,-0.46566067498662
1.6125,21364.52841934426,-2.4342996234689648e-05,0.0002329989934037569,0.0002329989934037569,2.3680621543542846e-09,-0.48685992469379297
1.625,21422.879407741948,-2.538396971000313e-05,0.00023075064340637958,0.00023075064340637958,2.3512348008086185e-09,-0.5076793942000626
1.6375000000000002,21480.09292720397,-2.6404650898525132e-05,0.00022849332995235008,0.00022849332995235008,2.3337308248349835e-09,-0.5280930179705027
1.6500000000000001,21536.092865427883,-2.7403681967430052e-05,0.00022622834206830194,0.00022622834206830194,2.315564578570625e-09,-0.5480736393486011
1.6625,21590.80001089379,-2.8379649794266744e-05,0.0002239569035550107,0.0002239569035550107,2.296751350929476e-09,-0.5675929958853349
1.675,21644.132053651407,-2.9331085981029717e-05,0.00022168017658143492,0.00022168017658143492,2.2773074042450213e-09,-0.5866217196205944
1.6875,21696.003635995283,-3.0256467758193445e-05,0.00021939926500270067,0.00021939926500270067,2.2572500103138614e-09,-0.6051293551638689
1.7000000000000002,21746.32646103378,-3.115421992154861e-05,0.0002171152174288795,0.0002171152174288795,2.2365974851553265e-09,-0.6230843984309722
1.7125000000000001,21795.009466901538,-3.2022717940154076e-05,0.00021482903006842335,0.00021482903006842335,2.215369221710789e-09,-0.6404543588030815
1.725,21841.959073801554,-3.286029236350721e-05,0.0002125416493676981,0.0002125416493676981,2.1935857196214057e-09,-0.6572058472701442
1.7375,21887.079510133033,-3.366523463964767e-05,0.00021025397446609967,0.00021025397446609967,2.1712686111489703e-09,-0.6733046927929534
1.75,21930.27322269331,-3.4435804433068096e-05,0.00020796685948466234,0.00020796685948466234,2.148440682245624e-09,-0.6887160886613619
1.7625000000000002,21971.441374285816,-3.51702385020099e-05,0.0002056811156648044,0.0002056811156648044,2.1251258877386993e-09,-0.703404770040198
1.7750000000000001,22010.484430095406,-3.586676115927368e-05,0.00020339751337284181,0.00020339751337284181,2.101349359580961e-09,-0.7173352231854735
1.7875,22047.302831877794,-3.652359629971474e-05,0.00020111678398508742,0.00020111678398508742,2.0771374071276657e-09,-0.7304719259942948
1.8,22081.797756480257,-3.7138980932096804e-05,0.0001988396216676933,0.0001988396216676933,2.0525175084431875e-09,-0.7427796186419361
1.8125,22113.87195245902,-3.771118010425392e-05,0.00019656668506484566,0.00019656668506484566,2.027518291713564e-09,-0.7542236020850783
1.8250000000000002,22143.430645750937,-3.823850306016233e-05,0.00019429859890845368,0.00019429859890845368,2.002169505948317e-09,-0.7647700612032465
1.8375000000000001,22170.382502545122,-3.871932041739725e-05,0.00019203595556204696,0.00019203595556204696,1.9765019802951208e-09,-0.774386408347945
1.85,22194.640634806947,-3.915208210556366e-05,0.00018977931651119047,0.00018977931651119047,1.950547571462855e-09,-0.7830416421112733
1.8625,22216.12363147609,-3.953533576273716e-05,0.00018752921381231125,0.00018752921381231125,1.9243390989494315e-09,-0.7907067152547432
1.875,22234.756596276457,-3.9867745249807906e-05,0.00018528615151139,0.00018528615151139,1.897910267996222e-09,-0.7973549049961581
1.8875000000000002,22250.47217145142,-4.014810891382993e-05,0.00018305060704348897,0.00018305060704348897,1.871295580435486e-09,-0.8029621782765985
1.9000000000000001,22263.21152570715,-4.037537721273897e-05,0.0001808230326235522,0.0001808230326235522,1.844530233854149e-09,-0.8075075442547793
1.9125,22272.925284213925,-4.0548669306479826e-05,0.0001786038566383195,0.0001786038566383195,1.8176500097591151e-09,-0.8109733861295966
1.925,22279.57437881537,-4.066728822459968e-05,0.00017639348504854124,0.00017639348504854124,1.7906911516877881e-09,-0.8133457644919936
1.9375,22283.130797579513,-4.0730734238149465e-05,0.00017419230280996887,0.00017419230280996887,1.763690234454192e-09,-0.8146146847629893
1.9500000000000002,22283.578214539706,-4.0738716094168584e-05,0.00017200067532083152,0.00017200067532083152,1.7366840259476105e-09,-0.8147743218833716
1.9625000000000001,22280.91248284605,-4.069115981343359e-05,0.00016981894990270765,0.00016981894990270765,1.7097093430990876e-09,-0.8138231962686718
1.975,22275.14197752796,-4.058821480530296e-05,0.00016764745732087208,0.00016764745732087208,1.6828029037943196e-09,-0.8117642961060592
1.9875,22266.287777556805,-4.043025711566754e-05,0.0001654865133493651,0.0001654865133493651,1.6560011766334406e-09,-0.8086051423133508
2.0,22254.38368076128,-4.0217889693075016e-05,0.0001633364203852057,0.0001633364203852057,1.6293402305143914e-09,-0.8043577938615003
2.0125,22239.476049278477,-3.995193963156313e-05,0.0001611974691153839,0.0001611974691153839,1.6028555860440472e-09,-0.7990387926312625
2.025,22221.623487423953,-3.963345242393838e-05,0.00015906994023953252,0.00015906994023953252,1.576582070758921e-09,-0.7926690484787676
2.0375,22200.896358037236,-3.926368333341604e-05,0.00015695410625052265,0.00015695410625052265,1.550553680065715e-09,-0.7852736666683209
2.0500000000000003,22177.376147295094,-3.884408606199732e-05,0.00015485023327466935,0.00015485023327466935,1.5248034456937474e-09,-0.7768817212399464
2.0625,22151.154691595784,-3.83762989581853e-05,0.00015275858297279356,0.00015275858297279356,1.4993633132904582e-09,-0.767525979163706
2.075,22122.333283237658,-3.7862129062421616e-05,0.0001506794145030796,0.0001506794145030796,1.474264030593397e-09,-0.7572425812484324
2.0875,22091.021674170344,-3.730353433414942e-05,0.0001486129865465108,0.0001486129865465108,1.4495350473841137e-09,-0.7460706866829885
2.1,22057.336998998842,-3.6702604438339836e-05,0.00014655955939566568,0.00014655955939566568,1.4252044281789034e-09,-0.7340520887667967
2.1125000000000003,22021.402639623466,-3.6061540490847356e-05,0.00014451939710782478,0.00014451939710782478,1.4012987783466114e-09,-0.7212308098169471
2.125,21983.34705440148,-3.538263417081335e-05,0.0001424927697236727,0.0001424927697236727,1.377843184073088e-09,-0.707652683416267
2.1375,21943.30259451294,-3.4668246604775555e-05,0.0001404799555533788,0.0001404799555533788,1.3548611663236339e-09,-0.6933649320955111
2.15,21901.40432935626,-3.392078741192044e-05,0.00013848124353250103,0.00013848124353250103,1.3323746486966124e-09,-0.6784157482384088
2.1625,21857.78890136764,-3.3142694274213256e-05,0.00013649693565095982,0.00013649693565095982,1.3104039388202793e-09,-0.6628538854842652
2.1750000000000003,21812.59342870934,-3.2336413360496606e-05,0.00013452734945926367,0.00013452734945926367,1.2889677227267245e-09,-0.6467282672099322
2.1875,21765.95447192916,-3.1504380891851176e-05,0.00013257282065720565,0.00013257282065720565,1.2680830714463696e-09,-0.6300876178370235
2.2,21718.007078063,-3.064900608851263e-05,0.00013063370577136177,0.00013063370577136177,1.247765458907168e-09,-0.6129801217702526
2.2125,21668.883912834117,-2.9772655688444125e-05,0.00012871038492887247,0.00012871038492887247,1.2280287900966388e-09,-0.5954531137688824
2.225,21618.714488726197,-2.887764017624307e-05,0.00012680326473612968,0.00012680326473612968,1.2088854383529328e-09,-0.5775528035248614
2.2375000000000003,21567.62449385154,-2.7966201810261742e-05,0.0001249127812720739,0.0001249127812720739,1.1903462905928694e-09,-0.5593240362052349
2.25,21515.735223823904,-2.704050448729379e-05,0.00012303940320676604,0.00012303940320676604,1.1724207992588032e-09,-0.5408100897458757
2.2625,21463.16311632646,-2.6102625439327182e-05,0.0001211836350566619,0.0001211836350566619,1.155117039769815e-09,-0.5220525087865436
2.275,21410.019385820404,-2.5154548716803894e-05,0.00011934602058851008,0.00011934602058851008,1.1384417722929342e-09,-0.5030909743360779
2.2875,21356.409753910444,-2.4198160378368884e-05,0.00011752714638391434,0.00011752714638391434,1.1224005067031364e-09,-0.4839632075673777
2.3000000000000003,21302.43426929052,-2.3235245278739834e-05,0.00011572764557625674,0.00011572764557625674,1.1069975696727023e-09,-0.46470490557479666
2.3125,21248.187209963322,-2.2267485324295263e-05,0.00011394820177074985,0.00011394820177074985,1.09223617291697e-09,-0.4453497064859053
2.325,21193.757059535197,-2.1296459050206875e-05,0.0001121895531567587,0.0001121895531567587,1.078118481720411e-09,-0.4259291810041375
2.3375,21139.22654884889,-2.0323642363143202e-05,0.00011045249681908139,0.00011045249681908139,1.064645682970359e-09,-0.40647284726286403
2.35,21084.672753966068,-1.9350410289272998e-05,0.00010873789325146926,0.00010873789325146926,1.051818052031965e-09,-0.38700820578545997
2.3625000000000003,21030.167241551128,-1.837803956787894e-05,0.00010704667107118143,0.00010704667107118143,1.0396350179038132e-09,-0.3675607913575788
2.375,20975.776252968793,-1.7407711935642724e-05,0.0001053798319276801,0.0001053798319276801,1.028095226196343e-09,-0.34815423871285445
2.3875,20921.56091886867,-1.6440517954816334e-05,0.00010373845559157829,0.00010373845559157829,1.0171965995725274e-09,-0.32881035909632667
2.4000000000000004,20867.577496635706,-1.5477461249275127e-05,0.00010212370520156211,0.00010212370520156211,1.0069363953804202e-09,-0.3095492249855025
2.4125,20813.87762378664,-1.4519463025105144e-05,0.00010053683263717109,0.00010053683263717109,9.97311260288946e-10,-0.2903892605021029
2.4250000000000003,20760.50858118005,-1.356736676620653e-05,9.897918397401033e-05,9.897918397401033e-05,9.883172818109182e-10,-0.2713473353241306
2.4375,20707.513560700743,-1.2621943009771273e-05,9.745220496522223e-05,9.745220496522223e-05,9.799500366603314e-10,-0.25243886019542544
2.45,20654.931932897103,-1.1683894120872098e-05,9.595744647894583e-05,9.595744647894583e-05,9.72204635944518e-10,-0.23367788241744197
2.4625000000000004,20602.79951081985,-1.0753858999335447e-05,9.449656980619924e-05,9.449656980619924e-05,9.650757672360609e-10,-0.21507717998670894
2.475,20551.14880705889,-9.832417665210438e-06,9.3071351737363e-05,9.3071351737363e-05,9.585577336049402e-10,-0.19664835330420877
2.4875000000000003,20500.009281639253,-8.920095681232703e-06,9.168368928853557e-05,9.168368928853557e-05,9.526444897189723e-10,-0.17840191362465407
2.5,20449.40757906013,-8.017368381540956e-06,9.033560394187688e-05,9.033560394187688e-05,9.473296751409803e-10,-0.1603473676308191
2.5125,20399.36775328305,-7.124664885444371e-06,8.902924524714027e-05,8.902924524714027e-05,9.42606644965187e-10,-0.14249329770888744
2.5250000000000004,20349.911479942348,-6.242371883227999e-06,8.776689361549314e-05,8.776689361549314e-05,9.384684979439507e-10,-0.12484743766455997
2.5375,20301.058255432465,-5.3708371878474995e-06,8.655096212209371e-05,8.655096212209371e-05,9.349081022600357e-10,-0.10741674375694998
2.5500000000000003,20252.825582843157,-4.510373051970259e-06,8.538399712144632e-05,8.538399712144632e-05,9.319181190999772e-10,-0.09020746103940518
2.5625,20205.229144957673,-3.6612592542641754e-06,8.426867747007125e-05,8.426867747007125e-05,9.294910241815032e-10,-0.07322518508528351
2.575,20158.28296472818,-2.8237459622343095e-06,8.320781214529518e-05,8.320781214529518e-05,9.276191273831494e-10,-0.056474919244686186
2.5875000000000004,20111.999553772675,-1.998056381390984e-06,8.220433604779436e-05,8.220433604779436e-05,9.262945906177045e-10,-0.039961127627819684
2.6,20066.3900495378,-1.1843892022305889e-06,8.12613037796776e-05,8.12613037796776e-05,9.255094440835219e-10,-0.02368778404461178
2.6125000000000003,20021.464341832045,-3.8292085755144145e-07,8.038188120008092e-05,8.038188120008092e-05,9.25255601019429e-10,-0.007658417151028829
2.625,19977.231189455946,4.061923968654623e-07,7.956933457706725e-05,7.956933457706725e-05,9.255248710803258e-10,0.008123847937309246
2.6375,19933.698327667928,1.1828125650976535e-06,7.882701717854256e-05,7.882701717854256e-05,9.263089724418757e-10,0.02365625130195307
2.6500000000000004,19890.872567203536,1.9468181445706617e-06,7.815835317619783e-05,7.815835317619783e-05,9.275995427341534e-10,0.03893636289141323
2.6625,19848.759885547246,2.69810249780041e-06,7.756681877523259e-05,7.756681877523259e-05,9.293881488959012e-10,0.053962049956008194
2.6750000000000003,19807.365511111617,3.436572350635404e-06,7.705592052863356e-05,7.705592052863356e-05,9.316662960332504e-10,0.06873144701270809
2.6875,19766.694000943524,4.162146405993506e-06,7.662917084762469e-05,7.662917084762469e-05,9.344254353594715e-10,0.08324292811987012
2.7,19726.74931252844,4.87475406289242e-06,7.629006077883722e-05,7.629006077883722e-05,9.376569712855538e-10,0.0974950812578484
2.7125000000000004,19687.534870216932,5.574334231396342e-06,7.604203018274967e-05,7.604203018274967e-05,9.413522677251981e-10,0.11148668462792685
2.725,19649.05362675559,6.260834234916223e-06,7.588843551570369e-05,7.588843551570369e-05,9.4550265367213e-10,0.12521668469832448
2.7375000000000003,19611.30812035752,6.934208792086204e-06,7.583251548773881e-05,7.58615993817348e-05,9.500994281024872e-10,0.1386841758417241
2.75,19574.300527706055,7.5944190711809626e-06,7.587735493879234e-05,7.604990007456888e-05,9.551338642503665e-10,0.15188838142361924
2.7625,19538.032713247958,8.241431810729349e-06,7.602584734448132e-05,7.638832194402018e-05,9.605972133004165e-10,0.164828636214587
2.7750000000000004,19502.506275096515,8.875218500614277e-06,7.628065642758435e-05,7.684188506410968e-05,9.664807075375696e-10,0.17750437001228553
2.7875,19467.722587831424,9.495754618526003e-06,7.664417741027371e-05,7.739340903826856e-05,9.7277556299061e-10,0.18991509237052007
2.8000000000000003,19433.682842454476,1.010301891715689e-05,7.711849849292347e-05,7.803049044312589e-05,9.79472981603214e-10,0.20206037834313778
2.8125,19400.388083733964,1.0696992757993031e-05,7.770536318584311e-05,7.87496246562742e-05,9.865641529633516e-10,0.2139398551598606
2.825,19367.839245144343,1.1277659487974681e-05,7.840613414863909e-05,7.954387598021646e-05,9.940402556194702e-10,0.22555318975949362
2.8375000000000004,19336.037181593452,1.1845003855669216e-05,7.922175920643385e-05,8.041191955969595e-05,1.0018924580096493e-09,0.23690007711338432
2.85,19304.982700102377,1.2399011463928944e-05,8.015274021155507e-05,8.135229178048061e-05,1.0101119190279187e-09,0.24798022927857888
2.8625000000000003,19274.67658859546,1.2939668256299139e-05,8.11991054026371e-05,8.236814063723838e-05,1.0186897882501063e-09,0.2587933651259828
2.875,19245.119642935108,1.3466960034700799e-05,8.236038587991017e-05,8.345961299653563e-05,1.0276172058399548e-09,0.26933920069401596
2.8875,19216.312692331525,1.398087200614385e-05,8.36355967658502e-05,8.46288672313776e-05,1.0368853021547475e-09,0.27961744012287704
2.9000000000000004,19188.256623237503,1.4481388356432249e-05,8.502322355491873e-05,8.588080652266977e-05,1.0464851970683374e-09,0.28962776712864496
2.9125,19160.952401835188,1.4968491849007169e-05,8.652121407595662e-05,8.7220509237057e-05,1.0564079990282454e-09,0.29936983698014336
2.9250000000000003,19134.40109520902,1.5442163447240977e-05,8.812697639754855e-05,8.865646344412506e-05,1.066644803862372e-09,0.30884326894481956
2.9375,19108.60389128791,1.5902381958644822e-05,8.983738290245264e-05,9.019610419205655e-05,1.0771866933498499e-09,0.31804763917289647
2.95,19083.562117639634,1.6349123699591683e-05,9.164878064451667e-05,9.185018771622623e-05,1.0880247335696364e-09,0.32698247399183367
2.9625000000000004,19059.277259185947,1.6782362179283796e-05,9.355700798323708e-05,9.363357249537538e-05,1.0991499730396054e-09,0.33564724358567594
2.975,19035.750974903618,1.7202067801812974e-05,9.555741737035738e-05,9.556392719231572e-05,1.1105534406581298e-09,0.34404135603625946
2.9875000000000003,19012.985113568437,1.7608207585275295e-05,9.764490404289099e-05,9.764490404289099e-05,1.1222261434594628e-09,0.3521641517055059
3.0,18990.981728596624,1.8000744897011095e-05,9.981394026094894e-05,9.981394026094894e-05,1.1341590641936056e-09,0.3600148979402219
3.0125,18969.743092028064,1.837963920414747e-05,0.00010205861461993511,0.00010205861461993511,1.146343158740807e-09,0.3675927840829494
3.0250000000000004,18949.27170769184,1.8744845838726878e-05,0.00010437267586801314,0.00010437267586801314,1.1587693533703635e-09,0.37489691677453757
3.0375,18929.570323587664,1.909631577681287e-05,0.00010674958057392283,0.00010674958057392283,1.171428541852986e-09,0.3819263155362574
3.0500000000000003,18910.641943513456,1.9433995431075267e-05,0.00010918254391950365,0.00010918254391950365,1.184311582435669e-09,0.38867990862150537
3.0625,18892.489837956593,1.9757826456472676e-05,0.00011166459283746889,0.00011166459283746889,1.1974092946877428e-09,0.39515652912945354
3.075,18875.117554267392,2.006774556877415e-05,0.0001141886206793348,0.0001141886206793348,1.210712456226624e-09,0.401354911375483
3.0875000000000004,18858.52892611846,2.0363684375794162e-05,0.00011674744258164214,0.00011674744258164214,1.2242117993316865e-09,0.4072736875158832
3.1,18842.728082251582,2.0645569221359172e-05,0.00011933385070083037,0.00011933385070083037,1.2378980074546983e-09,0.41291138442718345
3.1125000000000003,18827.71945450005,2.0913321042181664e-05,0.0001219406685078723,0.0001219406685078723,1.2517617116353776e-09,0.4182664208436333
3.125,18813.50778506852,2.1166855237990795e-05,0.000124560803372044,0.000124560803372044,1.2657934868308563e-09,0.4233371047598159
3.1375,18800.098133039763,2.140608155545997e-05,0.00012718729671748222,0.00012718729671748222,1.2799838481681981e-09,0.42812163110919943
3.1500000000000004,18787.4958800653,2.1630903986682312e-05,0.00012981337110453396,0.00012981337110453396,1.2943232471296152e-09,0.43261807973364624
3.1625,18775.70673518484,2.1841220683177973e-05,0.00013243247366804205,0.00013243247366804205,1.308802067680678e-09,0.43682441366355945
3.1750000000000003,18764.736738708267,2.2036923886673654e-05,0.0001350383154340889,0.0001350383154340889,1.3234106223526393e-09,0.4407384777334731
3.1875,18754.592265068102,2.2217899878175374e-05,0.00013762490613262562,0.00013762490613262562,1.3381391482909971e-09,0.44435799756350747
3.2,18745.280024548207,2.2384028947163295e-05,0.0001401865842230712,0.0001401865842230712,1.3529778032836363e-09,0.4476805789432659
3.2125000000000004,18736.807063760025,2.253518538307031e-05,0.0001427180419506284,0.0001427180419506284,1.3679166617833222e-09,0.4507037076614062
3.225,18729.18076473072,2.2671237491566588e-05,0.00014521434535010375,0.00014521434535010375,1.3829457109409884e-09,0.45342474983133174
3.2375000000000003,18722.40884243627,2.279204763855679e-05,0.00014767094920901323,0.00014767094920901323,1.3980548466681918e-09,0.4558409527711358
3.25,18716.499340596576,2.2897472325205627e-05,0.00015008370709054325,0.00015008370709054325,1.413233869749302e-09,0.45794944650411257
3.2625,18711.460625520205,2.2987362297736146e-05,0.00015244887659768348,0.00015244887659768348,1.4284724820264782e-09,0.45974724595472294
3.2750000000000004,18707.301377766107,2.306156269619004e-05,0.00015476312013107467,0.00015476312013107467,1.4437602826832608e-09,0.46123125392380077
3.2875,18704.030581360534,2.3119913246795258e-05,0.0001570235014537295,0.0001570235014537295,1.459086764655686e-09,0.46239826493590513
3.3000000000000003,18701.65751028356,2.316224850304447e-05,0.00015922747842507753,0.00015922747842507753,1.4744413112032148e-09,0.4632449700608894
3.3125,18700.191711913507,2.3188398141041663e-05,0.00016137289230443893,0.00016137289230443893,1.48981319267545e-09,0.46376796282083327
3.325,18699.6429870938,2.319818731511121e-05,0.00016345795405007477,0.00016345795405007477,1.5051915635145913e-09,0.4639637463022242
3.3375000000000004,18700.02136646236,2.319143708007274e-05,0.00016548122805476543,0.00016548122805476543,1.520565459537823e-09,0.46382874160145476
3.35,18701.337082665657,2.316796488695167e-05,0.00016744161376307975,0.00016744161376307975,1.5359237955483124e-09,0.4633592977390334
3.3625000000000003,18703.60053805725,2.3127585159203052e-05,0.00016933832561001228,0.00016933832561001228,1.5512553633281954e-09,0.462551703184061
3.375,18706.822267477277,2.307010995676026e-05,0.00017117087170655845,0.00017117087170655845,1.5665488300717684e-09,0.4614021991352052
3.3875,18711.01289568747,2.2995349735357315e-05,0.0001729390316762854,0.0001729390316762854,1.5817927373220441e-09,0.4599069947071463
3.4000000000000004,18716.18308904913,2.2903114208599416e-05,0.00017464283401933604,0.00017464283401933604,1.5969755004787854e-09,0.45806228417198835
3.4125,18722.343501028015,2.279321332014612e-05,0.00017628253334790118,0.00017628253334790118,1.6120854089510105e-09,0.45586426640292244
3.4250000000000003,18729.504711129142,2.2665458333107233e-05,0.00017785858780132774,0.00017785858780132774,1.6271106270316743e-09,0.45330916666214466
3.4375,18737.677156887956,2.251966304331136e-05,0.00017937163691095998,0.00017937163691095998,1.6420391955766382e-09,0.45039326086622716
3.45,18746.871058579713,2.235564512247258e-05,0.00018082248014571393,0.00018082248014571393,1.6568590345740447e-09,0.4471129024494516
3.4625000000000004,18757.09633635846,2.2173227596433707e-05,0.00018221205633031802,0.00018221205633031802,1.6715579466936362e-09,0.4434645519286741
3.475,18768.36251959297,2.1972240462589594e-05,0.00018354142409005486,0.00018354142409005486,1.6861236219082847e-09,0.43944480925179186
3.4875000000000003,18780.678648244993,2.175252244927945e-05,0.00018481174343948416,0.00018481174343948416,1.7005436432818454e-09,0.43505044898558903
3.5,18794.05316622232,2.151392291837505e-05,0.00018602425859865846,0.00018602425859865846,1.714805494018259e-09,0.430278458367501
3.5125,18808.493806735598,2.125630391047754e-05,0.00018718028208924065,0.00018718028208924065,1.7288965658664409e-09,0.42512607820955084
3.5250000000000004,18824.007469811404,2.0979542330074787e-05,0.00018828118013503655,0.00018828118013503655,1.7428041689737404e-09,0.41959084660149576
3.5375,18840.6000922375,2.06835322657095e-05,0.00018932835936697482,0.00018932835936697482,1.756515543277466e-09,0.41367064531419
3.5500000000000003,18858.27651035741,2.036818743768379e-05,0.00019032325481157974,0.00019032325481157974,1.770017871519027e-09,0.4073637487536758
3.5625,18877.040316289906,2.003344376310198e-05,0.0001912673191244684,0.0001912673191244684,1.7832982939584727e-09,0.4006688752620396
3.575,18896.893708303698,1.967926202515997e-05,0.00019216201301625166,0.00019216201301625166,1.7963439248585391e-09,0.39358524050319943
3.5875000000000004,18917.83733625177,1.9305630630568137e-05,0.00019300879680723772,0.00019300879680723772,1.8091418707966242e-09,0.38611261261136276
3.6,18939.87014314357,1.8912568435890556e-05,0.00019380912303929102,0.00019380912303929102,1.82167925085038e-09,0.3782513687178111
3.6125000000000003,18962.989204106263,1.850012762045286e-05,0.00019456443006780148,0.00019456443006780148,1.8339432186877913e-09,0.3700025524090572
3.625,18987.189564161494,1.8068396580374663e-05,0.00019527613655367056,0.00019527613655367056,1.845920986575745e-09,0.36136793160749325
3.6375,19012.464076412813,1.761750281528845e-05,0.0001959456367741962,0.0001959456367741962,1.857599851302242e-09,0.352350056305769
3.6500000000000004,19038.803242394937,1.7147615776487692e-05,0.00019657429667242765,0.00019657429667242765,1.868967221986682e-09,0.34295231552975386
3.6625,19066.19505648079,1.6658949642677644e-05,0.0001971634505666542,0.0001971634505666542,1.880010649730228e-09,0.3331789928535529
3.6750000000000003,19094.624856369624,1.6151765987261133e-05,0.00019771439844489642,0.00019771439844489642,1.8907178590343504e-09,0.32303531974522265
3.6875,19124.0751817776,1.5626376299254668e-05,0.00019822840377331998,0.00019822840377331998,1.9010767808905153e-09,0.31252752598509337
3.7,19154.52564353632,1.5083144318573586e-05,0.00019870669175214972,0.00019870669175214972,1.911075587417964e-09,0.3016628863714717
3.7125000000000004,19185.952805341247,1.4522488145616404e-05,0.00019915044795770987,0.00019915044795770987,1.920702727899964e-09,0.2904497629123281
3.725,19218.330080408938,1.3944882084883543e-05,0.0001995608173144773,0.0001995608173144773,1.9299469660422153e-09,0.27889764169767084
3.7375000000000003,19251.627645273227,1.3350858182837049e-05,0.0001999389033463526,0.0001999389033463526,1.9387974182507252e-09,0.267017163656741
3.75,19285.81237288565,1.2741007421388405e-05,0.00020028576766160537,0.00020028576766160537,1.9472435927008614e-09,0.25482014842776807
3.7625,19320.847787075923,1.2115980530321566e-05,0.00020060242963103634,0.00020060242963103634,1.9552754289449688e-09,0.2423196106064313
3.7750000000000004,19356.69404027896,1.1476488384631097e-05,0.00020088986622374724,0.00020088986622374724,1.9628833377833885e-09,0.22952976769262193
3.7875,19393.307916243895,1.0823301956180538e-05,0.0002011490119694644,0.0002011490119694644,1.9700582411034305e-09,0.21646603912361076
3.8000000000000003,19430.642859209696,1.0157251793243361e-05,0.00020138075902059188,0.00020138075902059188,1.976791611373326e-09,0.20314503586486723
3.8125,19468.64903075216,9.479227006340798e-06,0.00020158595729105462,0.00020158595729105462,1.9830755104638794e-09,0.18958454012681597
3.825,19507.273395208267,8.790173744282749e-06,0.00020176541465252354,0.00020176541465252354,1.98890262745987e-09,0.17580347488565498
3.8375000000000004,19546.45983423997,8.091093150376258e-06,0.00020191989717180397,0.00020191989717180397,1.994266315116598e-09,0.16182186300752516
3.85,19586.14929073212,7.383038795300632e-06,0.00020205012937601783,0.00020205012937601783,1.9991606246146485e-09,0.14766077590601265
3.8625000000000003,19626.27994183474,6.667113590054428e-06,0.00020215679453474837,0.00020215679453474837,2.0035803382682127e-09,0.13334227180108857
3.875,19666.787400557787,5.944466189538772e-06,0.0002022405349505571,0.0002022405349505571,2.0075209998492972e-09,0.11888932379077544
3.8875,19707.60494491689,5.216286904624522e-06,0.0002023019522512561,0.0002023019522512561,2.0109789422019923e-09,0.10432573809249043
3.9000000000000004,19748.66377322345,4.483803147821065e-06,0.00020234160767904972,0.00020234160767904972,2.013951311837614e-09,0.0896760629564213
3.9125,19789.893283710757,3.748274444779708e-06,0.00020236002237317287,0.00020236002237317287,2.0164360902229126e-09,0.07496548889559417
3.9250000000000003,19831.221376307516,3.010987050682541e-06,0.00020235767764397946,0.00020235767764397946,2.018432111499415e-09,0.060219741013650824
3.9375,19872.57477401515,2.273248216948086e-06,0.0002023350152375928,0.0002023350152375928,2.019939076402094e-09,0.04546496433896172
3.95,19913.87936101074,1.536380159491209e-06,0.00020229243759124996,0.00020229243759124996,2.020957562179522e-09,0.03072760318982418
3.9625000000000004,19955.060534323446,8.017137848861194e-07,0.00020223030808037343,0.00020223030808037343,2.0214890283550192e-09,0.016034275697722387
3.975,19996.043565679665,7.058223508075268e-08,0.00020214895125920813,0.00020214895125920813,2.02153581820851e-09,0.0014116447016150535
3.9875000000000003,20036.753969931324,-6.556856852933662e-07,0.00020204865309758608,0.00020204865309758608,2.021101155901262e-09,-0.013113713705867325
4.0,20077.117876338216,-1.3757721325598955e-06,0.0002019296612170482,0.0002019296612170482,2.02018913920973e-09,-0.02751544265119791
4.0125,20117.06239890563,-2.0883768307564544e-06,0.00020179218513016975,0.00020179218513016975,2.018804727879698e-09,-0.04176753661512909
4.025,20156.516001954937,-2.792223593386704e-06,0.0002016363964875259,0.0002016363964875259,2.0169537276570676e-09,-0.05584447186773408
4.0375000000000005,20195.40885715741,-3.486066692824744e-06,0.00020146242933730233,0.00020146242933730233,2.014642770096288e-09,-0.06972133385649489
4.05,20233.673188355308,-4.168697011891072e-06,0.0002012703804031148,0.0002012703804031148,2.0118792882908317e-09,-0.08337394023782144
4.0625,20271.243600665686,-4.838947915014062e-06,0.00020106030938616475,0.00020106030938616475,2.008671488711599e-09,-0.09677895830028124
4.075,20308.057390573995,-5.4957007802654e-06,0.00020083223929842482,0.00020083223929842482,2.00502831937807e-09,-0.10991401560530799
4.0875,20344.05483399605,-6.137890138330552e-06,0.00020058615683413308,0.00020058615683413308,2.0009594346227653e-09,-0.12275780276661104
4.1000000000000005,20379.179449594707,-6.76450837005013e-06,0.00020032201278747581,0.00020032201278747581,1.9964751567416504e-09,-0.1352901674010026
4.1125,20413.378234993128,-7.374609920430191e-06,0.00020003972252496035,0.00020003972252496035,1.9915864348510174e-09,-0.14749219840860384
4.125,20446.60187390615,-7.967314993842345e-06,0.0001997391665216233,0.0001997391665216233,1.986304801294772e-09,-0.1593462998768469
4.1375,20478.804912619897,-8.541812702382027e-06,0.0001994201909708822,0.0001994201909708822,1.9806423259646347e-09,-0.17083625404764055
4.15,20509.945904667795,-9.097363646882867e-06,0.00019908260847851757,0.00019908260847851757,1.9746115689093556e-09,-0.18194727293765736
4.1625000000000005,20539.987522986354,-9.633301917750558e-06,0.0001987261988519584,0.0001987261988519584,1.9682255316175505e-09,-0.19266603835501117
4.175,20568.896639258655,-1.0149036510438142e-05,0.0001983507099967348,0.0001983507099967348,1.9614976073622e-09,-0.20298073020876284
4.1875,20596.644370576196,-1.0644052157895963e-05,0.00019795585893263607,0.00019795585893263607,1.9544415309933076e-09,-0.21288104315791925
4.2,20623.206093956018,-1.1117909589560929e-05,0.00019754133294276458,0.00019754133294276458,1.9470713285588726e-09,-0.22235819179121857
4.2125,20648.56142963387,-1.1570245233280793e-05,0.00019710679086928435,0.00019710679086928435,1.939401267123456e-09,-0.23140490466561586
4.2250000000000005,20672.6941944023,-1.2000770382891843e-05,0.00019665186457020595,0.00019665186457020595,1.9314458051385757e-09,-0.24001540765783685
4.2375,20695.592326591042,-1.240926985988742e-05,0.00019617616055200976,0.00019617616055200976,1.9232195437002944e-09,-0.24818539719774838
4.25,20717.247784566716,-1.2795600202655453e-05,0.0001956792617932512,0.0001956792617932512,1.9147371790071854e-09,-0.25591200405310904
4.2625,20737.6564208682,-1.3159687421066487e-05,0.00019516072977449823,0.00019516072977449823,1.906013456306812e-09,-0.26319374842132975
4.275,20756.817834292706,-1.3501524357718194e-05,0.00019462010672998098,0.00019462010672998098,1.8970631255914704e-09,-0.2700304871543639
4.2875000000000005,20774.735202401953,-1.3821167699866369e-05,0.00019405691813616054,0.00019405691813616054,1.887900899274759e-09,-0.27642335399732737
4.3,20791.415097022924,-1.411873468799094e-05,0.00019347067545201182,0.00019347067545201182,1.878541412050085e-09,-0.2823746937598188
4.3125,20806.86728538383,-1.439439956807129e-05,0.00019286087912513073,0.00019286087912513073,1.868999183100999e-09,-0.2878879913614258
4.325,20821.104519540648,-1.4648389835005959e-05,0.00019222702187678275,0.00019222702187678275,1.8592885808018145e-09,-0.2929677967001192
4.3375,20834.142316736656,-1.4880982314248696e-05,0.000191568592277677,0.000191568592277677,1.8494237900157623e-09,-0.2976196462849739
4.3500000000000005,20845.99873327417,-1.509249912770068e-05,0.00019088507862454604,0.00019088507862454604,1.8394187820674037e-09,-0.3018499825540136
4.3625,20856.694134384925,-1.5283303588260978e-05,0.00019017597312550574,0.00019017597312550574,1.8292872874365986e-09,-0.30566607176521954
4.375,20866.25096247275,-1.5453796065264183e-05,0.000189440776399644,0.000189440776399644,1.8190427711933277e-09,-0.30907592130528366
4.3875,20874.69350593916,-1.5604409860406155e-05,0.00018867900229331742,0.00018867900229331742,1.8086984111664145e-09,-0.3120881972081231
4.4,20882.04767065267,-1.5735607130751568e-05,0.0001878901830122157,0.0001878901830122157,1.7982670788149379e-09,-0.3147121426150314
4.4125000000000005,20888.340755919646,-1.5847874892117137e-05,0.00018707387456437706,0.00018707387456437706,1.7877613227490516e-09,-0.31695749784234273
4.425,20893.60123663316,-1.5941721132608803e-05,0.00018622966250501447,0.00018622966250501447,1.7771933548271899e-09,-0.31883442265217604
4.4375,20897.858553058184,-1.601767106244138e-05,0.00018535716796925621,0.00018535716796925621,1.7665750387393138e-09,-0.3203534212488276
4.45,20901.14290951462,-1.607626352245729e-05,0.0001844560539737429,0.0001844560539737429,1.7559178809709969e-09,-0.3215252704491458
4.4625,20903.48508300367,-1.611804757005708e-05,0.00018352603196249934,0.00018352603196249934,1.7452330240307392e-09,-0.32236095140114157
4.4750000000000005,20904.91624262496,-1.6143579257620743e-05,0.0001825668685666635,0.0001825668685666635,1.7345312418129085e-09,-0.3228715851524149
4.4875,20905.467780431933,-1.6153418614990114e-05,0.0001815783925415748,0.0001815783925415748,1.7238229369610292e-09,-0.3230683722998023
4.5,20905.171154186915,-1.6148126844246534e-05,0.00018056050183847577,0.00018056050183847577,1.7131181400906912e-09,-0.3229625368849307
4.5125,20904.057742302783,-1.6128263731893616e-05,0.00017951317076176095,0.00017951317076176095,1.7024265107279533e-09,-0.3225652746378723
4.525,20902.1587110969,-1.609438528067286e-05,0.00017843645715641512,0.00017843645715641512,1.6917573398176477e-09,-0.3218877056134572
4.5375000000000005,20899.504894333244,-1.6047041560624538e-05,0.00017733050956413442,0.00017733050956413442,1.6811195536562414e-09,-0.32094083121249073
4.55,20896.126684902672,-1.5986774776670845e-05,0.00017619557428074677,0.00017619557428074677,1.6705217191057234e-09,-0.3197354955334169
4.5625,20892.053938372395,-1.5914117547953248e-05,0.0001750320022420692,0.0001750320022420692,1.659972049948138e-09,-0.31828235095906493
4.575,20887.315888038724,-1.5829591392401664e-05,0.00017384025566039883,0.00017384025566039883,1.6494784142447198e-09,-0.3165918278480333
4.5875,20881.941071038902,-1.5733705408545324e-05,0.00017262091432957438,0.00017262091432957438,1.6390483425688692e-09,-0.31467410817090646
4.6000000000000005,20875.95726500085,-1.5626955145386346e-05,0.00017137468151309933,0.00017137468151309933,1.628689036988306e-09,-0.3125391029077269
4.6125,20869.391434671077,-1.5509821650231407e-05,0.00017010238932732916,0.00017010238932732916,1.6184073806784255e-09,-0.3101964330046281
4.625,20862.269687912063,-1.5382770683699807e-05,0.0001688050035303205,0.0001688050035303205,1.6082099480560364e-09,-0.3076554136739961
4.6375,20854.61724044201,-1.5246252090676905e-05,0.0001674836276267369,0.0001674836276267369,1.5981030153301015e-09,-0.3049250418135381
4.65,20846.458388672036,-1.5100699315739712e-05,0.00016613950620031288,0.00016613950620031288,1.588092571373709e-09,-0.30201398631479426
4.6625000000000005,20837.816489995523,-1.4946529051523817e-05,0.0001647740273878806,0.0001647740273878806,1.5781843288291458e-09,-0.29893058103047637
4.675,20828.713949889618,-1.4784141008604335e-05,0.00016338872441292728,0.00016338872441292728,1.5683837353655186e-09,-0.2956828201720867
4.6875,20819.172215199647,-1.4613917795706266e-05,0.00016198527610212344,0.00016198527610212344,1.5586959850157874e-09,-0.2922783559141253
4.7,20809.211773002455,-1.4436224899418223e-05,0.00016056550631525078,0.00016056550631525078,1.5491260295272443e-09,-0.28872449798836447
4.7125,20798.852154465538,-1.4251410753036969e-05,0.0001591313822274588,0.0001591313822274588,1.5396785896663562e-09,-0.2850282150607394
4.7250000000000005,20788.11194315036,-1.4059806884698688e-05,0.00015768501141273845,0.00015768501141273845,1.5303581664254089e-09,-0.2811961376939738
4.7375,20777.008787240906,-1.3861728135537179e-05,0.00015622863768885106,0.00015622863768885106,1.5211690520845313e-09,-0.2772345627107436
4.75,20765.5594152133,-1.3657472939232634e-05,0.00015476463569657583,0.00015476463569657583,1.5121153410884033e-09,-0.2731494587846527
4.7625,20753.779654499853,-1.3447323654962545e-05,0.00015329550419990482,0.00015329550419990482,1.5032009407022461e-09,-0.2689464730992509
4.775,20741.68445273433,-1.323154694642448e-05,0.00015182385810854571,0.00015182385810854571,1.494429581416554e-09,-0.2646309389284896
4.7875000000000005,20729.287901206793,-1.3010394200258493e-05,0.00015035241923959397,0.00015035241923959397,1.485804827074448e-09,-0.26020788400516986
4.800000000000001,20716.603260187858,-1.2784101977844693e-05,0.00014888400585127834,0.00014888400585127834,1.4773300846995285e-09,-0.2556820395568939
4.8125,20703.642985823437,-1.255289249508038e-05,0.000147421520998026,0.000147421520998026,1.469008614005675e-09,-0.25105784990160757
4.825,20690.41875832734,-1.2316974125346966e-05,0.00014596793977246476,0.00014596793977246476,1.4608435365734262e-09,-0.24633948250693932
4.8375,20676.94151123819,-1.2076541921451994e-05,0.00014452629551611052,0.00014452629551611052,1.4528378446803552e-09,-0.24153083842903988
4.8500000000000005,20663.221461535668,-1.1831778152874348e-05,0.00014309966509608955,0.00014309966509608955,1.4449944097752999e-09,-0.23663556305748698
4.862500000000001,20649.268140433887,-1.1582852855149e-05,0.00014169115336003276,0.00014169115336003276,1.4373159905883983e-09,-0.23165705710297999
4.875,20635.090424707883,-1.1329924388697367e-05,0.00014030387689497787,0.00014030387689497787,1.4298052408706681e-09,-0.22659848777394734
4.8875,20620.696568420197,-1.1073140004844236e-05,0.00013894094722845382,0.00013894094722845382,1.4224647167583681e-09,-0.2214628000968847
4.9,20606.094234947668,-1.0812636417157959e-05,0.0001376054536206463,0.0001376054536206463,1.4152968837586084e-09,-0.21625272834315917
4.9125000000000005,20591.29052922107,-1.054854037661142e-05,0.00013630044560543702,0.00013630044560543702,1.4083041233536815e-09,-0.21097080753222838
4.925000000000001,20576.292030113626,-1.0280969249386251e-05,0.0001350289154449623,0.0001350289154449623,1.4014887392223583e-09,-0.20561938498772503
4.9375,20561.104822928326,-1.0010031596433797e-05,0.00013379378066699575,0.00013379378066699575,1.3948529630769865e-09,-0.20020063192867593
4.95,20545.734531947815,-9.735827754165828e-06,0.00013259786685679363,0.00013259786685679363,1.3883989601156413e-09,-0.19471655508331656
4.9625,20530.18635302484,-9.45845041587654e-06,0.00013144389087497028,0.00013144389087497028,1.3821288340888448e-09,-0.1891690083175308
4.9750000000000005,20514.465086204294,-9.177985213696731e-06,0.0001303344446704537,0.0001303344446704537,1.3760446319804996e-09,-0.18355970427393462
4.987500000000001,20498.575168372696,-8.894511301054701e-06,0.00012927197985261813,0.00012927197985261813,1.3701483483027033e-09,-0.17789022602109403
5.0,20482.520705942014,-8.608101935765492e-06,0.00012825879317935262,0.00012825879317935262,1.3644419290040237e-09,-0.17216203871530986
5.0125,20466.305507583176,-8.318825063993614e-06,0.00012729701310820217,0.00012729701310820217,1.35892727499066e-09,-0.16637650127987227
5.025,20449.933117029046,-8.02674390543479e-06,0.0001263885875459547,0.0001263885875459547,1.353606245259678e-09,-0.1605348781086958
5.0375000000000005,20433.40684596802,-7.731917540142137e-06,0.00012553527291832818,0.00012553527291832818,1.3484806596432313e-09,-0.15463835080284274
5.050000000000001,20416.7298070566,-7.434401497480231e-06,0.00012473862466595625,0.00012473862466595625,1.3435523011623578e-09,-0.14868802994960462
5.0625,20399.904947082712,-7.134248347728348e-06,0.00012399998925593565,0.00012399998925593565,1.3388229179885944e-09,-0.14268496695456695
5.075,20382.93508030536,-6.831508296873938e-06,0.00012332049778006479,0.00012332049778006479,1.334294225011296e-09,-0.13663016593747876
5.0875,20365.822922004572,-6.5262297851356864e-06,0.00012270106119187062,0.00012270106119187062,1.3299679050081856e-09,-0.13052459570271374
5.1000000000000005,20348.571122269757,-6.2184600897360464e-06,0.0001221423672149119,0.0001221423672149119,1.3258456094163197e-09,-0.12436920179472093
5.112500000000001,20331.182300052187,-5.908245932403492e-06,0.00012164487893498144,0.00012164487893498144,1.3219289587003319e-09,-0.11816491864806984
5.125,20313.659077507768,-5.595634092025651e-06,0.00012120883506903764,0.00012120883506903764,1.3182195423145414e-09,-0.11191268184051303
5.1375,20296.004114645475,-5.280672022795461e-06,0.00012083425188429438,0.00012083425188429438,1.3147189182552843e-09,-0.10561344045590922
5.15,20278.220144299503,-4.963408478092685e-06,0.00012052092672219599,0.00012052092672219599,1.3114286121996673e-09,-0.0992681695618537
5.1625000000000005,20260.31000742851,-4.643894140223028e-06,0.00012026844306429002,0.00012026844306429002,1.3083501162268573e-09,-0.09287788280446056
5.175000000000001,20242.27668874251,-4.322182255995146e-06,0.0001200761770605479,0.0001200761770605479,1.30548488711804e-09,-0.08644364511990293
5.1875,20224.12335264668,-3.998329277952698e-06,0.00011994330542570845,0.00011994330542570845,1.3028343442312992e-09,-0.07996658555905396
5.2,20205.85337948116,-3.6723955108931897e-06,0.00011986881459593366,0.00011986881459593366,1.300399866947907e-09,-0.07344791021786379
5.2125,20187.470402025465,-3.344445763098147e-06,0.00011985151102663301,0.00011985151102663301,1.2981827916869095e-09,-0.06688891526196294
5.2250000000000005,20168.97834222214,-3.014550001469783e-06,0.00011989003250286046,0.00011989003250286046,1.296184408485411e-09,-0.06029100002939566
5.237500000000001,20150.38144805897,-2.6827840095189295e-06,0.0001199828603263019,0.0001199828603263019,1.2944059571426707e-09,-0.05365568019037859
5.25,20131.68433053805,-2.349230046876958e-06,0.000120128332237595,0.000120128332237595,1.2928486229270013e-09,-0.04698460093753916
5.2625,20112.892000638574,-2.0139775087132647e-06,0.00012032465592956307,0.00012032465592956307,1.291513531845531e-09,-0.040279550174265294
5.275,20094.009906167,-1.6771235831297338e-06,0.00012056992300586713,0.00012056992300586713,1.2904017454781696e-09,-0.03354247166259468
5.2875000000000005,20075.043968366208,-1.3387739042775852e-06,0.00012086212324051554,0.00012086212324051554,1.2895142553786161e-09,-0.026775478085551703
5.300000000000001,20056.000618141104,-9.990431986009088e-07,0.00012119915899651317,0.00012119915899651317,1.2888519770469638e-09,-0.019980863972018176
5.3125,20036.886831733005,-6.580559212598062e-07,0.00012157885966655251,0.00012157885966655251,1.2884157434804113e-09,-0.013161118425196123
5.325,20017.710165656365,-3.159468794265313e-07,0.00012199899600488526,0.00012199899600488526,1.2882062983107825e-09,-0.006318937588530626
5.3375,19998.47879069758,2.7138161216330232e-08,0.00012245729422718902,0.00012245729422718902,1.2882242885399936e-09,0.0005427632243266046
5.3500000000000005,19979.20152474286,3.71041890808487e-07,0.00012295144976415837,0.00012295144976415837,1.28847025688727e-09,0.00742083781616974
5.362500000000001,19959.887864194447,7.155948948662694e-07,0.00012347914056450151,0.00012347914056450151,1.288944633764841e-09,0.014311897897325388
5.375,19940.548013705855,1.0606151237946905e-06,0.00012403803985379413,0.00012403803985379413,1.2896477289019639e-09,0.02121230247589381
5.3875,19921.192913955387,1.4059073974226906e-06,0.00012462582826701604,0.00012462582826701604,1.2905797226404994e-09,0.02811814794845381
5.4,19901.834267154754,1.7512629499309627e-06,0.00012524020528436263,0.00012524020528436263,1.2917406569288153e-09,0.03502525899861925
5.4125000000000005,19882.48455997705,2.096459020816256e-06,0.00012587889991186966,0.00012587889991186966,1.2931304260445329e-09,0.041929180416325124
5.425000000000001,19863.157083574883,2.4412584977720976e-06,0.00012653968056032663,0.00012653968056032663,1.2947487670805365e-09,0.04882516995544195
5.4375,19843.865950348318,2.785409617557028e-06,0.00012722036408769125,0.00012722036408769125,1.2965952502326836e-09,0.05570819235114056
5.45,19824.626107113472,3.128645731059761e-06,0.0001279188239815938,0.0001279188239815938,1.2986692689317737e-09,0.06257291462119523
5.4625,19805.453344321006,3.470685138849677e-06,0.0001286329976693825,0.0001286329976693825,1.3009700298665024e-09,0.06941370277699355
5.4750000000000005,19786.364300969817,3.8112310035125248e-06,0.00012936089295338457,0.00012936089295338457,1.3034965429483012e-09,0.07622462007025049
5.487500000000001,19767.37646486706,4.149971345009252e-06,0.00013010059357853226,0.00013010059357853226,1.3062476112731005e-09,0.08299942690018504
5.5,19748.50816789356,4.486579125153994e-06,0.00013085026394814417,0.00013085026394814417,1.3092218211390939e-09,0.08973158250307987
5.5125,19729.778575943117,4.820712427079051e-06,0.0001316081530113938,0.0001316081530113938,1.3124175321834732e-09,0.09641424854158101
5.525,19711.207673227746,5.152014735237209e-06,0.0001323725973527978,0.0001323725973527978,1.3158328677047787e-09,0.10304029470474417
5.5375000000000005,19692.81624065823,5.480115321078774e-06,0.0001331420235198885,0.0001331420235198885,1.3194657052409215e-09,0.1096023064215755
5.550000000000001,19674.62582804372,5.804629739032286e-06,0.00013391494963009866,0.00013391494963009866,1.3233136674759966e-09,0.11609259478064572
5.5625,19656.65871987934,6.125160436809486e-06,0.0001346899863017891,0.0001346899863017891,1.327374113551675e-09,0.12250320873618972
5.575,19638.937894543953,6.4412974833511e-06,0.0001354658369573225,0.0001354658369573225,1.3316441308611601e-09,0.12882594966702202
5.5875,19621.486976759046,6.752619416927035e-06,0.00013624129754816693,0.00013624129754816693,1.336120527405361e-09,0.1350523883385407
5.6000000000000005,19604.330183223785,7.058694215010451e-06,0.00013701525575325876,0.00013701525575325876,1.3407998247920074e-09,0.14117388430020902
5.612500000000001,19587.49226138733,7.3590803865622005e-06,0.00013778668970231982,0.00013778668970231982,1.3456782519588527e-09,0.147181607731244
5.625,19570.998421385077,7.65332818629817e-06,0.00013855466627558545,0.00013855466627558545,1.3507517397018318e-09,0.1530665637259634
5.6375,19554.874261222594,7.940980949375013e-06,0.00013931833903052583,0.00013931833903052583,1.356015916087997e-09,0.15881961898750027
5.65,19539.145685366686,8.22157654373137e-06,0.00014007694580471235,0.00014007694580471235,1.3614661028312315e-09,0.1644315308746274
5.6625000000000005,19523.838816964024,8.494648936071939e-06,0.00014082980604207348,0.00014082980604207348,1.367097312706071e-09,0.16989297872143877
5.675000000000001,19508.979903989788,8.75972986619657e-06,0.00014157631788747573,0.00014157631788747573,1.3729042480714617e-09,0.17519459732393142
5.6875,19494.595219690025,9.01635062306828e-06,0.0001423159550919326,0.0001423159550919326,1.3788813005718933e-09,0.1803270124613656
5.7,19480.71095776698,9.264043914702288e-06,0.0001430482637678632,0.0001430482637678632,1.3850225520781083e-09,0.18528087829404577
5.7125,19467.353122821056,9.502345822657457e-06,0.00014377285903075798,0.00014377285903075798,1.3913217769234653e-09,0.19004691645314914
5.7250000000000005,19454.547416640024,9.730797830641715e-06,0.00014448942156042993,0.00014448942156042993,1.3977724454850923e-09,0.1946159566128343
5.737500000000001,19442.31912098703,9.948948915522275e-06,0.00014519769411179263,0.00014519769411179263,1.4043677291511963e-09,0.1989789783104455
5.75,19430.692977616152,1.0156357687880021e-05,0.00014589747800186525,0.00014589747800186525,1.4111005067073739e-09,0.2031271537576004
5.7625,19419.693066285814,1.035259456818127e-05,0.0001465886295965059,0.0001465886295965059,1.4179633721655326e-09,0.2070518913636254
5.775,19409.342681615017,1.0537243983682768e-05,0.00014727105681726035,0.00014727105681726035,1.4249486440491693e-09,0.21074487967365535
5.7875000000000005,19399.664209655686,1.0709906570349525e-05,0.00014794471568571399,0.00014794471568571399,1.4320483761383272e-09,0.2141981314069905
5.800000000000001,19390.679005104765,1.0870201363371133e-05,0.00014860960691988513,0.00014860960691988513,1.4392543696666737e-09,0.21740402726742267
5.8125,19382.40727010624,1.101776795932326e-05,0.0001492657725945128,0.0001492657725945128,1.4465581869519025e-09,0.22035535918646518
5.825,19374.867935613027,1.1152268632651904e-05,0.00014991329287459553,0.00014991329287459553,1.4539511664291796e-09,0.2230453726530381
5.8375,19368.078546291235,1.1273390388969409e-05,0.00015055228282923747,0.00015055228282923747,1.4614244390457455e-09,0.22546780777938819
5.8500000000000005,19362.055149947308,1.1380846937652784e-05,0.00015118288933076314,0.00015118288933076314,1.468968945963177e-09,0.2276169387530557
5.862500000000001,19356.81219244907,1.1474380566433158e-05,0.00015180528804217703,0.00015180528804217703,1.4765754575023396e-09,0.22948761132866316
5.875,19352.36241908991,1.1553763901063796e-05,0.00015241968049436696,0.00015241968049436696,1.4842345932548433e-09,0.23107527802127592
5.8875,19348.716783307176,1.1618801533753555e-05,0.00015302629125298121,0.00015302629125298121,1.4919368432740101e-09,0.2323760306750711
5.9,19345.884363627705,1.1669331504851356e-05,0.000153625365173639,0.000153625365173639,1.4996725902480671e-09,0.23338663009702712
5.9125000000000005,19343.872289653264,1.170522662326006e-05,0.00015421716474306075,0.00015421716474306075,1.5074321325486601e-09,0.23410453246520121
5.925000000000001,19342.68567783324,1.172639561223544e-05,0.00015480196750281512,0.00015480196750281512,1.51520570803893e-09,0.23452791224470879
5.9375,19342.327577698423,1.1732784068578029e-05,0.0001553800635516658,0.0001553800635516658,1.522983518517451e-09,0.23465568137156056
5.95,19342.79892914121,1.1724375224737417e-05,0.00015595175312195422,0.00015595175312195422,1.5307557546673766e-09,0.23448750449474834
5.9625,19344.098531238888,1.1701190505003044e-05,0.00015651734422506217,0.00015651734422506217,1.5385126213742921e-09,0.23402381010006088
5.9750000000000005,19346.223023014685,1.1663289868734323e-05,0.00015707715036074806,0.00015707715036074806,1.5462443632715982e-09,0.23326579737468647
5.987500000000001,19349.16687642475,1.1610771935463237e-05,0.0001576314882850371,0.0001576314882850371,1.5539412903688263e-09,0.23221543870926475
6.0,19352.922401751974,1.1543773888662735e-05,0.000158180675831352,0.000158180675831352,1.5615938036161614e-09,0.2308754777732547
6.0125,19357.47976547464,1.1462471156988304e-05,0.00015872502977969287,0.00015872502977969287,1.5691924202576567e-09,0.22924942313976607
6.025,19362.827020559278,1.136707687384306e-05,0.00015926486376889964,0.00015926486376889964,1.5767277988261847e-09,0.2273415374768612
6.0375000000000005,19368.950149018852,1.12578411181623e-05,0.00015980048624735036,0.00015980048624735036,1.5841907636350973e-09,0.225156822363246
6.050000000000001,19375.83311645689,1.1135049941334738e-05,0.00016033219845785668,0.00016033219845785668,1.591572328624818e-09,0.22270099882669475
6.0625,19383.45793821502,1.0999024187149609e-05,0.00016086029245300512,0.00016086029245300512,1.5988637204271633e-09,0.21998048374299217
6.075,19391.804756629474,1.0850118113554559e-05,0.00016138504913775224,0.00016138504913775224,1.6060564005160096e-09,0.21700236227109118
6.0875,19400.851928803237,1.0688717826805881e-05,0.00016190673633671116,0.00016190673633671116,1.6131420863199383e-09,0.21377435653611762
6.1000000000000005,19410.57612420793,1.0515239540266666e-05,0.000162425606884252,0.000162425606884252,1.6201127711806165e-09,0.21030479080533332
6.112500000000001,19420.952431342375,1.033012767163969e-05,0.00016294189673628432,0.00016294189673628432,1.6269607430498095e-09,0.2066025534327938
6.125,19431.95447259658,1.0133852793790948e-05,0.00016345582310338242,0.00016345582310338242,1.633678601827968e-09,0.20267705587581897
6.1375,19443.5545264089,9.926909455512392e-06,0.00016396758260575132,0.00016396758260575132,1.6402592752581722e-09,0.19853818911024784
6.15,19455.723655737904,9.709813889572963e-06,0.00016447734945141047,0.00016447734945141047,1.6466960333007127e-09,0.19419627779145926
6.1625000000000005,19468.431841837737,9.483101626208271e-06,0.00016498527363988138,0.00016498527363988138,1.6529825009256248e-09,0.18966203252416544
6.175000000000001,19481.648122280883,9.247325030791174e-06,0.00016549147919460626,0.00016549147919460626,1.659112669272914e-09,0.1849465006158235
6.1875,19495.34073216135,9.003050784806712e-06,0.00016599606242828464,0.00016599606242828464,1.6650809051428861e-09,0.18006101569613425
6.2,19509.47724739245,8.750857329422393e-06,0.00016649909024629155,0.00016649909024629155,1.6708819587917898e-09,0.17501714658844786
6.2125,19524.024729024535,8.491332290902843e-06,0.00016700059849432302,0.00016700059849432302,1.6765109700207327e-09,0.16982664581805684
6.2250000000000005,19538.949867512594,8.225069906869878e-06,0.00016750059035739855,0.00016750059035739855,1.6819634725584337e-09,0.16450139813739756
6.237500000000001,19554.21912589872,7.952668471965205e-06,0.0001679990348183204,0.0001679990348183204,1.6872353967506727e-09,0.1590533694393041
6.25,19569.798880900544,7.674727820842238e-06,0.000168495865184645,0.000168495865184645,1.692323070581184e-09,0.15349455641684476
6.2625,19585.65556094889,7.391846865610121e-06,0.00016899097769414097,0.00016899097769414097,1.697223219060089e-09,0.14783693731220243
6.275,19601.75578026447,7.104621203891616e-06,0.00016948423020959018,0.00016948423020959018,1.701932962026683e-09,0.14209242407783232
6.2875000000000005,19618.06646813623,6.81364081255519e-06,0.0001699754410146124,0.0001699754410146124,1.7064498104233647e-09,0.1362728162511038
6.300000000000001,19634.554992618574,6.519487840956755e-06,0.00017046438772295078,0.00017046438772295078,1.7107716611066808e-09,0.1303897568191351
6.3125,19651.189277948914,6.222734516199658e-06,0.00017095080631433256,0.00017095080631433256,1.7148967902697388e-09,0.12445469032399317
6.325,19667.937915068447,5.923941171512928e-06,0.0001714343903105967,0.0001714343903105967,1.7188238455576078e-09,0.11847882343025856
6.3375,19684.77026469667,5.62365440737497e-06,0.00017191479010624972,0.00017191479010624972,1.7225518369637057e-09,0.1124730881474994
6.3500000000000005,19701.65655251324,5.322405393498804e-06,0.00017239161246795267,0.00017239161246795267,1.7260801266005495e-09,0.10644810786997608
6.362500000000001,19718.56795607371,5.020708318260616e-06,0.000172864420217645,0.000172864420217645,1.7294084174426137e-09,0.10041416636521232
6.375,19735.476683178396,4.71905899061939e-06,0.00017333273211405541,0.00017333273211405541,1.7325367411423822e-09,0.0943811798123878
6.3875,19752.356041494677,4.417933598058121e-06,0.000173796022947229,0.000173796022947229,1.7354654450230249e-09,0.08835867196116241
6.4,19769.180499319224,4.1177876225957504e-06,0.00017425372386039277,0.00017425372386039277,1.7381951783524844e-09,0.08235575245191501
6.4125000000000005,19785.92573744454,3.819054915488857e-06,0.00017470522291298222,0.00017470522291298222,1.7407268780041712e-09,0.07638109830977714
6.425000000000001,19802.568692173405,3.5221469298783507e-06,0.0001751498658979469,0.0001751498658979469,1.7430617536089703e-09,0.07044293859756702
6.4375,19819.087589591094,3.227452109351481e-06,0.00017558695742553312,0.00017558695742553312,1.7452012723019177e-09,0.06454904218702961
6.45,19835.461971281744,2.9353354291956796e-06,0.00017601576228460473,0.00017601576228460473,1.747147143164769e-09,0.058706708583913594
6.4625,19851.672711724448,2.6461380860250225e-06,0.00017643550709119774,0.00017643550709119774,1.7489013014628168e-09,0.05292276172050045
6.4750000000000005,19867.702027672483,2.360177330472973e-06,0.00017684538223241756,0.00017684538223241756,1.7504658927707984e-09,0.04720354660945946
6.487500000000001,19883.53347985878,2.077746436768366e-06,0.00017724454411197334,0.00017724454411197334,1.7518432570786343e-09,0.04155492873536732
6.5,19899.151967417274,1.7991148022514553e-06,0.0001776321177016135,0.0001776321177016135,1.7530359129631392e-09,0.0359822960450291
6.5125,19914.543715446125,1.5245281692437987e-06,0.0001780071994004823,0.0001780071994004823,1.75404654190681e-09,0.030490563384875973
6.525,19929.696256167575,1.2542089611595848e-06,0.00017836886020197848,0.00017836886020197848,1.7548779728394295e-09,0.025084179223191696
6.5375000000000005,19944.598404160915,9.88356724335291e-07,0.0001787161491650708,0.0001787161491650708,1.7555331669725627e-09,0.01976713448670582
6.550000000000001,19959.240226165715,7.27148666756615e-07,0.00017904809718423937,0.00017904809718423937,1.7560152029911823e-09,0.0145429733351323
6.5625,19973.61300595594,4.70740284670114e-07,0.00017936372104928333,0.00017936372104928333,1.7563272626606836e-09,0.00941480569340228
6.575,19987.709204800885,2.1926606797949956e-07,0.00017966202778319448,0.00017966202778319448,1.756472616901514e-09,0.004385321359589991
6.5875,20001.522418017677,-2.7159724667376284e-08,0.0001799420192431728,0.0001799420192431728,1.7564546123776193e-09,-0.0005431944933475257
6.6000000000000005,20015.047328122524,-2.684422300992587e-07,0.00018020269696668596,0.00018020269696668596,1.756276658638938e-09,-0.005368844601985174
6.612500000000001,20028.279655073617,-5.04505092973771e-07,0.0001804430672412881,0.0001804430672412881,1.7559422158523272e-09,-0.01009010185947542
6.625,20041.216104088664,-7.352895348378189e-07,0.00018066214637375312,0.00018066214637375312,1.7554547831496217e-09,-0.014705790696756378
6.6375,20053.854311498944,-9.607533881638165e-07,0.00018085896613098445,0.00018085896613098445,1.7548178876160417e-09,-0.01921506776327633
6.65,20066.19278908131,-1.1808701032660817e-06,0.0001810325793221784,0.0001810325793221784,1.7540350739369294e-09,-0.023617402065321633
6.6625000000000005,20078.230867293136,-1.395627735593054e-06,0.0001811820654888879,0.0001811820654888879,1.75310989471582e-09,-0.027912554711861083
6.675000000000001,20089.968637799917,-1.6050279204468263e-06,0.00018130653666700102,0.00018130653666700102,1.7520459014721872e-09,-0.032100558408936525
6.6875,20101.406895668468,-1.8090848417085902e-06,0.00018140514318225294,0.00018140514318225294,1.7508466363228303e-09,-0.03618169683417181
6.7,20112.5470815648,-2.0078242006567044e-06,0.00018147707943878255,0.00018147707943878255,1.7495156243468477e-09,-0.04015648401313409
6.7125,20123.391224269788,-2.201282190459488e-06,0.0001815215896584552,0.0001815215896584552,1.7480563666304298e-09,-0.04402564380918975
6.7250000000000005,20133.94188379769,-2.389504481415358e-06,0.00018153797352724987,0.00018153797352724987,1.7464723339843507e-09,-0.047790089628307164
6.737500000000001,20144.202095373294,-2.5725452215048913e-06,0.00018152559170397803,0.00018152559170397803,1.7447669613240052e-09,-0.051450904430097824
6.75,20154.17531449383,-2.7504660563189556e-06,0.0001814838711459997,0.0001814838711459997,1.7429436426991491e-09,-0.055009321126379115
6.7625,20163.865363278994,-2.9233351719384213e-06,0.00018141231020645172,0.00018141231020645172,1.7410057269581252e-09,-0.058466703438768426
6.775,20173.276378280567,-3.091226363870145e-06,0.00018131048345782785,0.00018131048345782785,1.7389565140293046e-09,-0.061824527277402896
6.7875000000000005,20182.412759902018,-3.2542181346939974e-06,0.0001811780461975623,0.0001811780461975623,1.7367992518007087e-09,-0.06508436269387995
6.800000000000001,20191.279123551616,-3.412392822649726e-06,0.00018101473859257714,0.00018101473859257714,1.7345371335773013e-09,-0.06824785645299453
6.8125,20199.88025263315,-3.5658357629936727e-06,0.00018082038942156484,0.00018082038942156484,1.7321732960942292e-09,-0.07131671525987346
6.825,20208.221053455432,-3.714634483585341e-06,0.00018059491937607772,0.00018059491937607772,1.7297108180633174e-09,-0.07429268967170682
6.8375,20216.306512122406,-3.858877935824548e-06,0.00018033834388428335,0.00018033834388428335,1.7271527192293869e-09,-0.07717755871649096
6.8500000000000005,20224.14165345141,-3.998655761751103e-06,0.00018005077542449261,0.00018005077542449261,1.7245019599124198e-09,-0.07997311523502207
6.862500000000001,20231.73150194833,-4.1340575978428445e-06,0.0001797324252992516,0.0001797324252992516,1.7217614410112476e-09,-0.0826811519568569
6.875,20239.081044854738,-4.265172415803086e-06,0.0001793836048448783,0.0001793836048448783,1.7189340044442373e-09,-0.08530344831606172
6.8875,20246.1951972764,-4.3920879004144714e-06,0.00017900472605577865,0.00017900472605577865,1.7160224340024088e-09,-0.08784175800828943
6.9,20253.078769377826,-4.514889864354624e-06,0.00017859630160764635,0.00017859630160764635,1.7130294565904756e-09,-0.09029779728709249
6.9125000000000005,20259.736435640563,-4.6336616997140575e-06,0.00017815894426869217,0.00017815894426869217,1.7099577438314828e-09,-0.09267323399428115
6.925000000000001,20266.17270615262,-4.748483865833401e-06,0.00017769336569329878,0.00017769336569329878,1.706809914010965e-09,-0.09496967731666803
6.9375,20272.391899909013,-4.859433412977666e-06,0.00017720037459789908,0.00017720037459789908,1.7035885343368639e-09,-0.09718866825955332
6.95,20278.398120088794,-4.966583541292664e-06,0.0001766808743243689,0.0001766808743243689,1.7002961234918225e-09,-0.09933167082585327
6.9625,20284.195231277416,-5.070003194438546e-06,0.00017613585980173844,0.00017613585980173844,1.6969351544548617e-09,-0.10140006388877093
6.9750000000000005,20289.786838595617,-5.169756687267025e-06,0.00017556641392250052,0.00017556641392250052,1.6935080575698762e-09,-0.1033951337453405
6.987500000000001,20295.176268701976,-5.265903366899537e-06,0.00017497370335515386,0.00017497370335515386,1.6900172238388064e-09,-0.10531806733799073
7.0,20300.366552631065,-5.358497306571753e-06,0.00017435897381980753,0.00017435897381980753,1.6864650084177627e-09,-0.10716994613143506
7.0125,20305.360410434907,-5.447587031632999e-06,0.00017372354485861914,0.00017372354485861914,1.6828537342947893e-09,-0.10895174063265999
7.025,20310.16023759449,-5.533215277125628e-06,0.00017306880413748413,0.00017306880413748413,1.6791856961283325e-09,-0.11066430554251255
7.0375000000000005,20314.768093171322,-5.615418776416987e-06,0.00017239620131968245,0.00017239620131968245,1.6754631642258262e-09,-0.11230837552833974
7.050000000000001,20319.185689673217,-5.694228080412951e-06,0.00017170724155606243,0.00017170724155606243,1.6716883886421236e-09,-0.11388456160825902
7.0625,20323.414384612657,-5.769667406945319e-06,0.00017100347863976126,0.00017100347863976126,1.6678636033777717e-09,-0.11539334813890638
7.075,20327.455173736307,-5.841754519994057e-06,0.00017028650787637875,0.00017028650787637875,1.6639910306573515e-09,-0.11683509039988114
7.0875,20331.308685912278,-5.910500638476831e-06,0.00016955795872290486,0.00016955795872290486,1.6600728852682817e-09,-0.11821001276953662
7.1000000000000005,20334.97517966368,-5.975910374410663e-06,0.00016881948725052753,0.00016881948725052753,1.6561113789406173e-09,-0.11951820748821326
7.112500000000001,20338.45454134186,-6.037981700323039e-06,0.00016807276848769084,0.00016807276848769084,1.6521087247484498e-09,-0.12075963400646077
7.125,20341.74628493692,-6.096705945858671e-06,0.00016731948870042976,0.00016731948870042976,1.648067141513559e-09,-0.12193411891717341
7.1375,20344.84955352351,-6.1520678235945026e-06,0.0001665613376670697,0.0001665613376670697,1.6439888581919496e-09,-0.12304135647189005
7.15,20347.76312235019,-6.204045484134249e-06,0.00016580000100385384,0.00016580000100385384,1.6398761182238673e-09,-0.12408090968268498
7.1625000000000005,20350.48540357537,-6.252610600606854e-06,0.00016503715259696082,0.00016503715259696082,1.6357311838277973e-09,-0.12505221201213707
7.175000000000001,20353.014452661715,-6.297728482736416e-06,0.00016427444719472212,0.00016427444719472212,1.631556340218846e-09,-0.12595456965472832
7.1875,20355.347976439036,-6.339358220684505e-06,0.00016351351321166932,0.00016351351321166932,1.6273538997317678e-09,-0.12678716441369012
7.2,20357.483342847954,-6.3774528588877255e-06,0.00016275594579336897,0.00016275594579336897,1.623126205828752e-09,-0.1275490571777545
7.2125,20359.417592379792,-6.411959600121819e-06,0.00016200330018788372,0.00016200330018788372,1.6188756369719328e-09,-0.1282391920024364
7.2250000000000005,20361.147451221772,-6.442820040019381e-06,0.0001612570854661696,0.0001612570854661696,1.614604610340437e-09,-0.12885640080038763
7.237500000000001,20362.669346120587,-6.4699704322480724e-06,0.00016051875862983922,0.00016051875862983922,1.610315585371638e-09,-0.12939940864496144
7.25,20363.979420976284,-6.493341984520285e-06,0.00015978971914053938,0.00015978971914053938,1.6060110671061838e-09,-0.1298668396904057
7.2625,20365.073555168987,-6.512861185553744e-06,0.00015907130390076363,0.00015907130390076363,1.601693609316279e-09,-0.13025722371107487
7.275,20365.94738362434,-6.528450163032673e-06,0.00015836478271131083,0.00015836478271131083,1.5973658173966676e-09,-0.13056900326065346
7.2875000000000005,20366.596318614484,-6.540027072532532e-06,0.00015767135422586052,0.00015767135422586052,1.5930303509977944e-09,-0.13080054145065065
7.300000000000001,20367.01557328631,-6.547506517266606e-06,0.00015699214241833017,0.00015699214241833017,1.588689926380711e-09,-0.13095013034533212
7.3125,20367.20018690379,-6.55079999839015e-06,0.0001563281935738657,0.0001563281935738657,1.5843473184734686e-09,-0.131015999967803
7.325,20367.14505177814,-6.549816395457537e-06,0.00015568047380954677,0.00015568047380954677,1.580005362609011e-09,-0.13099632790915075
7.3375,20366.8449418597,-6.5444624764697836e-06,0.00015504986712622308,0.00015504986712622308,1.5756669559249492e-09,-0.13088924952939568
7.3500000000000005,20366.29454294469,-6.534643436775695e-06,0.00015443717398838205,0.00015443717398838205,1.5713350584060926e-09,-0.1306928687355139
7.362500000000001,20365.48848444906,-6.520263465898849e-06,0.0001538431104246318,0.0001538431104246318,1.5670126935512238e-09,-0.130405269317977
7.375,20364.421372681747,-6.50122634115745e-06,0.00015326830763730782,0.00015326830763730782,1.5627029486463542e-09,-0.130024526823149
7.3875,20363.08782554773,-6.477436046724173e-06,0.0001527133121059121,0.0001527133121059121,1.5584089746275972e-09,-0.12954872093448347
7.4,20361.482508585214,-6.448797416542479e-06,0.00015217858616560728,0.00015217858616560728,1.5541339855178452e-09,-0.12897594833084958
7.4125000000000005,20359.60017223847,-6.415216799273993e-06,0.000151664509038836,0.000151664509038836,1.5498812574226434e-09,-0.12830433598547986
7.425000000000001,20357.435690249986,-6.376602743201328e-06,0.000151171378295342,0.000151171378295342,1.5456541270720337e-09,-0.12753205486402658
7.4375,20354.984099039728,-6.332866698755461e-06,0.0001506994117134488,0.0001506994117134488,1.5414559898966832e-09,-0.12665733397510923
7.45,20352.240637928626,-6.2839237360771315e-06,0.00015024874951341364,0.00015024874951341364,1.5372902976283339e-09,-0.12567847472154262
7.4625,20349.200790041974,-6.22969327476261e-06,0.0001498194569320226,0.0001498194569320226,1.533160555416493e-09,-0.1245938654952522
7.4750000000000005,20345.860323725374,-6.170099822685758e-06,0.00014941152710632678,0.00014941152710632678,1.5290703184553502e-09,-0.12340199645371516
7.487500000000001,20342.21533427836,-6.10507372053722e-06,0.00014902488423353238,0.00014902488423353238,1.5250231881171292e-09,-0.1221014744107444
7.5,20338.26228580806,-6.03455188847776e-06,0.00014865938697354066,0.00014865938697354066,1.5210228075904749e-09,-0.1206910377695552
7.5125,20333.998052985102,-5.958478571071754e-06,0.00014831483206046778,0.00014831483206046778,1.5170728570250128e-09,-0.11916957142143508
7.525,20329.419962477426,-5.876806076451151e-06,0.00014799095808964668,0.00014799095808964668,1.5131770481859094e-09,-0.11753612152902301
7.5375000000000005,20324.525833822365,-5.789495505463485e-06,0.0001476874494470954,0.0001476874494470954,1.5093391186250698e-09,-0.1157899101092697
7.550000000000001,20319.314019488666,-5.696517466383761e-06,0.0001474039403492094,0.0001474039403492094,1.5055628253785439e-09,-0.11393034932767522
7.5625,20313.783443874647,-5.597852770621512e-06,0.00014714001896146738,0.00014714001896146738,1.5018519382027403e-09,-0.11195705541243024
7.575,20307.933640975796,-5.4934931047357874e-06,0.00014689523156620674,0.00014689523156620674,1.4982102323651527e-09,-0.10986986209471575
7.5875,20301.76479046124,-5.383441673983725e-06,0.0001466690867509927,0.0001466690867509927,1.4946414810084687e-09,-0.1076688334796745
7.6000000000000005,20295.27775187833,-5.2677138125783525e-06,0.0001464610595907468,0.0001464610595907468,1.4911494471101335e-09,-0.10535427625156706
7.612500000000001,20288.4740967248,-5.146337555817045e-06,0.0001462705957985827,0.0001462705957985827,1.4877378750626397e-09,-0.10292675111634089
7.625,20281.356138111212,-5.019354169270463e-06,0.000146097115822191,0.000146097115822191,1.4844104819030133e-09,-0.10038708338540926
7.6375,20273.92695775216,-4.886818630291232e-06,0.00014594001886459131,0.00014594001886459131,1.4811709482230999e-09,-0.09773637260582464
7.65,20266.190430023766,-4.748800057216343e-06,0.00014579868681009712,0.00014579868681009712,1.478022908795328e-09,-0.09497600114432686
7.6625000000000005,20258.151242841686,-4.6053820817960175e-06,0.0001456724880383948,0.0001456724880383948,1.4749699429515846e-09,-0.09210764163592035
7.675000000000001,20249.81491511399,-4.456663160588436e-06,0.0001455607811116918,0.0001455607811116918,1.472015564755663e-09,-0.08913326321176872
7.6875,20241.18781055228,-4.302756821310515e-06,0.0001454629183219197,0.0001454629183219197,1.469163213012402e-09,-0.08605513642621031
7.7,20232.277147624915,-4.143791840433807e-06,0.00014537824908696572,0.00014537824908696572,1.466416241159093e-09,-0.08287583680867615
7.7125,20223.091005470604,-3.979912348656566e-06,0.0001453061231868257,0.0001453061231868257,1.4637779070869713e-09,-0.07959824697313132
7.7250000000000005,20213.63832559887,-3.811277861270327e-06,0.00014524589383241432,0.00014524589383241432,1.461251362942574e-09,-0.07622555722540654
7.737500000000001,20203.928909241327,-3.6380632308662942e-06,0.00014519692056151105,0.00014519692056151105,1.4588396449604511e-09,-0.07276126461732589
7.75,20193.973410228526,-3.460458520294741e-06,0.0001451585719579583,0.0001451585719579583,1.456545663380093e-09,-0.06920917040589482
7.7625,20183.783323310472,-3.278668794292117e-06,0.0001451302281917458,0.0001451302281917458,1.4543721925009912e-09,-0.06557337588584233
7.775,20173.370967859064,-3.0929138287253294e-06,0.0001451112833790094,0.0001451112833790094,1.4523218609304436e-09,-0.061858276574506585
7.7875000000000005,20162.749466923586,-2.903427736964871e-06,0.00014510114776223492,0.00014510114776223492,1.450397142079044e-09,-0.05806855473929742
7.800000000000001,20151.932721648478,-2.710458513482783e-06,0.0001450992497120861,0.0001450992497120861,1.4486003449587236e-09,-0.05420917026965566
7.8125,20140.9353810892,-2.5142674953745653e-06,0.00014510503755326936,0.00014510503755326936,1.4469336053377584e-09,-0.050285349907491304
7.825,20129.77280750017,-2.315128743118991e-06,0.000145117981217709,0.000145117981217709,1.4453988773062778e-09,-0.04630257486237982
7.8375,20118.461037206467,-2.1133283425103046e-06,0.00014513757372903115,0.00014513757372903115,1.4439979253045314e-09,-0.04226656685020609
7.8500000000000005,20107.01673719823,-1.9091636303193923e-06,0.00014516333252295627,0.00014516333252295627,1.4427323166644749e-09,-0.03818327260638785
7.862500000000001,20095.457157627596,-1.7029423468554204e-06,0.0001451948006086735,0.0001451948006086735,1.441603414713133e-09,-0.03405884693710841
7.875,20083.80008042129,-1.4949817192020434e-06,0.0001452315475766302,0.0001452315475766302,1.4406123724836977e-09,-0.029899634384040866
7.8875,20072.0637642499,-1.2856074794866934e-06,0.0001452731704584177,0.0001452731704584177,1.4397601270774267e-09,-0.02571214958973387
7.9,20060.266886131147,-1.0751528231001315e-06,0.00014531929444458157,0.00014531929444458157,1.4390473947161523e-09,-0.02150305646200263
7.9125000000000005,20048.428479973947,-8.639573123105365e-07,0.00014536957346623789,0.00014536957346623789,1.4384746665215988e-09,-0.01727914624621073
7.925000000000001,20036.567872391937,-6.523657312072144e-07,0.00014542369064634536,0.00014542369064634536,1.4380422050537704e-09,-0.01304731462414429
7.9375,20024.704616148425,-4.4072689835569166e-07,0.00014548135862637863,0.00014548135862637863,1.4377500416364467e-09,-0.008814537967113832
7.95,20012.85842161065,-2.293924439455421e-07,0.00014554231977397534,0.00014554231977397534,1.4375979744933215e-09,-0.004587848878910842
7.9625,20001.04908661187,-1.8715558558558634e-08,0.00014560634627690318,0.00014560634627690318,1.4375855677135993e-09,-0.00037431117117117267
7.9750000000000005,19989.296425140248,1.9095027902609704e-07,0.00014567324012842038,0.00014567324012842038,1.437712151060945e-09,0.0038190055805219407
7.987500000000001,19977.620195280393,3.9925258734427336e-07,0.00014574283300879194,0.00014574283300879194,1.4379768206346177e-09,0.007985051746885467
8.0,19966.04002684555,6.058411732662069e-07,0.000145814986067388,0.000145814986067388,1.438378440386435e-09,0.012116823465324139
8.012500000000001,19954.57534914619,8.103694206135621e-07,0.00014588958960943383,0.00014588958960943383,1.4389156444919808e-09,0.01620738841227124
8.025,19943.24531933685,1.0124955684326238e-06,0.00014596656269111587,0.00014596656269111587,1.4395868405691933e-09,0.020249911368652476
8.0375,19932.068751785504,1.2118839710184376e-06,0.00014604585262638023,0.00014604585262638023,1.4403902137322417e-09,0.024237679420368752
8.05,19921.064048905897,1.408206331889805e-06,0.00014612743440839832,0.00014612743440839832,1.441323731463419e-09,0.028164126637796102
8.0625,19910.24913387433,1.6011429040856456e-06,0.00014621131004832733,0.00014621131004832733,1.4423851492807263e-09,0.032022858081712915
8.075000000000001,19899.64138565066,1.7903836493915538e-06,0.00014629750783366248,0.00014629750783366248,1.4435720171739235e-09,0.03580767298783108
8.0875,19889.25757669815,1.9756293494058184e-06,0.00014638608150817814,0.00014638608150817814,1.4448816867771198e-09,0.03951258698811637
8.1,19879.113813780612,2.1565926617154317e-06,0.00014647710937518225,0.00014647710937518225,1.4463113192415161e-09,0.04313185323430863
8.1125,19869.225482189624,2.332999114870469e-06,0.00014657069332557612,0.00014657069332557612,1.447857893767729e-09,0.04665998229740938
8.125,19859.60719373013,2.504588036315375e-06,0.00014666695779201852,0.00014666695779201852,1.4495182167532515e-09,0.0500917607263075
8.137500000000001,19850.272738761792,2.6711134079532743e-06,0.0001467660486303451,0.0001467660486303451,1.4512889315070785e-09,0.053422268159065485
8.15,19841.23504256623,2.832344644579213e-06,0.00014686813192929648,0.00014686813192929648,1.4531665284803653e-09,0.05664689289158426
8.1625,19832.50612626732,2.9880672910132225e-06,0.000146973392749559,0.000146973392749559,1.455147355959225e-09,0.05976134582026445
8.175,19824.097072511886,3.138083634390873e-06,0.0001470820337931282,0.0001470820337931282,1.4572276311634204e-09,0.06276167268781746
8.1875,19816.017996065028,3.2822132287169933e-06,0.00014719427400406522,0.00014719427400406522,1.4594034516927885e-09,0.06564426457433986
8.200000000000001,19808.27801944964,3.4202933294548596e-06,0.0001473103471018308,0.0001473103471018308,1.4616708072617615e-09,0.0684058665890972
8.2125,19800.88525371632,3.5521792365990726e-06,0.0001474305000485533,0.0001474305000485533,1.464025591661314e-09,0.07104358473198145
8.225,19793.846784390884,3.677744545359485e-06,0.00014755499145181362,0.00014755499145181362,1.466463614887091e-09,0.0735548909071897
8.2375,19787.16866261251,3.7968813042597617e-06,0.00014768408990480913,0.00014768408990480913,1.4689806153723433e-09,0.07593762608519523
8.25,19780.855901434745,3.9095000811200205e-06,0.00014781807226609364,0.00014781807226609364,1.471572272264602e-09,0.0781900016224004
8.262500000000001,19774.91247722861,4.0155299380433205e-06,0.00014795722188147152,0.00014795722188147152,1.4742342176857722e-09,0.08031059876086641
8.275,19769.341336086454,4.114918317152846e-06,0.00014810182675105608,0.00014810182675105608,1.4769620489164793e-09,0.08229836634305691
8.2875,19764.144405098334,4.207630839427239e-06,0.00014825217764497463,0.00014825217764497463,1.4797513404470623e-09,0.08415261678854478
8.3,19759.32260833672,4.293651019548493e-06,0.00014840856617171733,0.00014840856617171733,1.4825976558395354e-09,0.08587302039096986
8.3125,19754.875887354243,4.372979900205851e-06,0.0001485712828036732,0.0001485712828036732,1.4854965593471242e-09,0.08745959800411701
8.325000000000001,19750.803225977877,4.445635609787736e-06,0.00014874061486497457,0.00014874061486497457,1.4884436272405916e-09,0.08891271219575471
8.3375,19747.10267915064,4.51165284783549e-06,0.00014891684448736962,0.00014891684448736962,1.4914344587934641e-09,0.09023305695670979
8.35,19743.77140555655,4.571082303027676e-06,0.00014910024654046005,0.00014910024654046005,1.4944646868814323e-09,0.09142164606055352
8.3625,19740.805703740607,4.623990008807317e-06,0.00014929108654326522,0.00014929108654326522,1.4975299881545884e-09,0.09247980017614633
8.375,19738.201051420576,4.67045664205588e-06,0.0001494896185647023,0.0001494896185647023,1.5006260927447468e-09,0.0934091328411176
8.387500000000001,19735.952147675944,4.710576770456652e-06,0.00014969608312119225,0.00014969608312119225,1.5037487934738309e-09,0.09421153540913305
8.4,19734.052957685213,4.744458054374324e-06,0.00014991070508020934,0.00014991070508020934,1.5068939545331776e-09,0.09488916108748648
8.4125,19732.49675968095,4.772220409209407e-06,0.00015013369157917413,0.00015013369157917413,1.5100575196075547e-09,0.09544440818418815
8.425,19731.276193778864,4.793995134263618e-06,0.00015036522996964339,0.00015036522996964339,1.513235519421692e-09,0.09587990268527237
8.4375,19730.383312346916,4.809924014180024e-06,0.00015060548579726095,0.00015060548579726095,1.516424078691147e-09,0.09619848028360048
8.450000000000001,19729.809631572152,4.820158398998548e-06,0.00015085460082839595,0.00015085460082839595,1.5196194224633268e-09,0.09640316797997095
8.4625,19729.54618389114,4.824858268797161e-06,0.0001511126911347978,0.0001511126911347978,1.522817881838449e-09,0.09649716537594323
8.475,19729.583570956827,4.8241912887742695e-06,0.00015137984524793495,0.00015137984524793495,1.5260158990641053e-09,0.0964838257754854
8.4875,19729.91201682104,4.818331860471063e-06,0.00015165612239494475,0.00015165612239494475,1.5292100320008675e-09,0.09636663720942126
8.5,19730.521421026795,4.807460174637981e-06,0.00015194155082830113,0.00015194155082830113,1.5323969579600275e-09,0.09614920349275961
8.512500000000001,19731.401411309685,4.791761271019079e-06,0.00015223612626139282,0.00015223612626139282,1.5355734769180569e-09,0.09583522542038157
8.525,19732.541395632605,4.771424110068443e-06,0.0001525398104221968,0.0001525398104221968,1.5387365141156942e-09,0.09542848220136886
8.5375,19733.930613287608,4.746640661325179e-06,0.000152852529737117,0.000152852529737117,1.5418831220527057e-09,0.09493281322650358
8.55,19735.558184812304,4.717605012862667e-06,0.00015317417415683783,0.00015317417415683783,1.5450104818922882e-09,0.09435210025725334
8.5625,19737.413160501645,4.6845125059000925e-06,0.00015350459613570674,0.00015350459613570674,1.5481159042917962e-09,0.09369025011800185
8.575000000000001,19739.48456729391,4.647558898319247e-06,0.00015384360977571093,0.00015384360977571093,1.5511968296789513e-09,0.09295117796638494
8.5875,19741.761453849835,4.606939560476283e-06,0.00015419099014554527,0.00015419099014554527,1.5542508279949476e-09,0.09213879120952566
8.6,19744.23293365157,4.562848706336646e-06,0.00015454647278458279,0.00015454647278458279,1.5572755979278653e-09,0.0912569741267329
8.6125,19746.888225969895,4.515478662596858e-06,0.0001549097534007555,0.0001549097534007555,1.5602689656615766e-09,0.09030957325193716
8.625,19749.716694576186,4.465019178093793e-06,0.000155280487770434,0.000155280487770434,1.5632288831668498e-09,0.08930038356187586
8.637500000000001,19752.707884084764,4.411656775441429e-06,0.00015565829184736426,0.00015565829184736426,1.5661534260626455e-09,0.08823313550882858
8.65,19755.851553841192,4.355574146482619e-06,0.00015604274208657994,0.00015604274208657994,1.5690407910766504e-09,0.08711148292965239
8.6625,19759.137709283987,4.296949592799493e-06,0.0001564333759879708,0.0001564333759879708,1.571889293134918e-09,0.08593899185598985
8.675,19762.556630729294,4.23595651219504e-06,0.00015682969286285464,0.00015682969286285464,1.5746973621110908e-09,0.08471913024390079
8.6875,19766.098899545315,4.172762931741498e-06,0.00015723115482548335,0.00015723115482548335,1.5774635392660767e-09,0.08345525863482996
8.700000000000001,19769.75542170046,4.107531087690615e-06,0.00015763718800992452,0.00015763718800992452,1.5801864734092397e-09,0.0821506217538123
8.7125,19773.51744868344,4.0404170522578825e-06,0.0001580471840112073,0.0001580471840112073,1.5828649168121835e-09,0.08080834104515765
8.725,19777.37659581087,3.971570407029491e-06,0.00015846050154802045,0.00015846050154802045,1.5854977209060307e-09,0.07943140814058983
8.7375,19781.324857947337,3.901133962496847e-06,0.00015887646834261416,0.00015887646834261416,1.5880838317927794e-09,0.07802267924993693
8.75,19785.35462268226,3.829243523001265e-06,0.00015929438321190092,0.00015929438321190092,1.5906222856008377e-09,0.0765848704600253
8.762500000000001,19789.45868101173,3.7560276961695817e-06,0.00015971351836208884,0.00015971351836208884,1.5931122037142308e-09,0.07512055392339163
8.775,19793.63023558723,3.6816077457412018e-06,0.000160133121877531,0.000160133121877531,1.5955527879042456e-09,0.07363215491482404
8.7875,19797.862906605107,3.6060974865286892e-06,0.00016055242039285145,0.00016055242039285145,1.5979433153914433e-09,0.07212194973057379
8.8,19802.15073540953,3.5296032201150926e-06,0.00016097062193583112,0.00016097062193583112,1.6002831338650445e-09,0.07059206440230185
8.8125,19806.488185899114,3.4522237097740476e-06,0.00016138691892701861,0.00016138691892701861,1.602571656485689e-09,0.06904447419548095
8.825000000000001,19810.87014382449,3.3740501930002758e-06,0.00016180049132059345,0.00016180049132059345,1.6048083568965024e-09,0.06748100386000551
8.8375,19815.29191407224,3.295166429958363e-06,0.00016221050986966153,0.00016221050986966153,1.606992764266279e-09,0.06590332859916725
8.85,19819.74921603479,3.2156487860959704e-06,0.00016261613949792832,0.00016261613949792832,1.6091244583874316e-09,0.06431297572191941
8.8625,19824.238177164105,3.1355663471217543e-06,0.00016301654275858017,0.00016301654275858017,1.6112030648501598e-09,0.06271132694243509
8.875,19828.75532481662,3.054981064518418e-06,0.00016341088336023108,0.00016341088336023108,1.6132282503130824e-09,0.06109962129036836
8.887500000000001,19833.29757648695,2.9739479297439047e-06,0.00016379832973896489,0.00016379832973896489,1.615199717889349e-09,0.0594789585948781
8.9,19837.862228540296,2.892515175270687e-06,0.00016417805865483846,0.00016417805865483846,1.617117202666023e-09,0.057850303505413744
8.9125,19842.44694354091,2.8107245006188825e-06,0.0001645492587907173,0.0001645492587907173,1.6189804673733057e-09,0.056214490012377646
8.925,19847.04973628487,2.7286113215562507e-06,0.0001649111343309958,0.0001649111343309958,1.620789298218957e-09,0.05457222643112501
8.9375,19851.668958632406,2.6462050406621234e-06,0.0001652629084976235,0.0001652629084976235,1.6225435009020778e-09,0.05292410081324247
8.950000000000001,19856.303283244153,2.5635293374842505e-06,0.00016560382702091012,0.00016560382702091012,1.6242428968192396e-09,0.05127058674968501
8.9625,19860.951686315788,2.4806024765539296e-06,0.00016593316152282766,0.00016593316152282766,1.6258873194748014e-09,0.04961204953107859
8.975,19865.61342940515,2.3974376315657773e-06,0.00016625021279095906,0.00016625021279095906,1.6274766111061314e-09,0.047948752631315546
8.9875,19870.28804044916,2.3140432240727583e-06,0.00016655431392186457,0.00016655431392186457,1.6290106195333508e-09,0.046280864481455165
9.0,19874.97529405207,2.2304232750916012e-06,0.0001668448333134381,0.0001668448333134381,1.6304891952421636e-09,0.04460846550183203
9.012500000000001,19879.675191142578,2.146577768061099e-06,0.0001671211774868061,0.0001671211774868061,1.6319121887072952e-09,0.042931555361221986
9.025,19884.387938075397,2.0625030216406784e-06,0.00016738279371947027,0.00016738279371947027,1.6332794479630638e-09,0.04125006043281357
9.0375,19889.113925265436,1.9781920708817137e-06,0.0001676291724726987,0.0001676291724726987,1.6345908164266356e-09,0.03956384141763427
9.05,19893.853705432124,1.8936350553466855e-06,0.00016785984959762467,0.00016785984959762467,1.6358461309785683e-09,0.03787270110693371
9.0625,19898.607971532052,1.8088196127912962e-06,0.00016807440830609606,0.00016807440830609606,1.637045220304332e-09,0.036176392255825925
9.075000000000001,19903.37753445452,1.7237312770614105e-06,0.00016827248089402064,0.00016827248089402064,1.6381879034996008e-09,0.03447462554122821
9.0875,19908.163300555178,1.6383538788902596e-06,0.00016845375020675676,0.00016845375020675676,1.6392739889412382e-09,0.03276707757780519
9.1,19912.966249100584,1.5526699483108014e-06,0.00016861795083798664,0.00016861795083798664,1.6403032734250463e-09,0.031053398966216027
9.1125,19917.787409689583,1.466661117422604e-06,0.00016876487005546332,0.00016876487005546332,1.641275541570514e-09,0.02933322234845208
9.125,19922.627839726476,1.3803085222747603e-06,0.00016889434844902262,0.00016889434844902262,1.6421905654919798e-09,0.027606170445495206
9.137500000000001,19927.488602012727,1.2935932026425282e-06,0.00016900628029827927,0.00016900628029827927,1.6430481047348098e-09,0.025871864052850562
9.15,19932.370742522595,1.2064964984880845e-06,0.00016910061365946376,0.00016910061365946376,1.643847906474396e-09,0.024129929969761692
9.1625,19937.275268433776,1.1190004419052292e-06,0.00016917735017287955,0.00016917735017287955,1.644589705974979e-09,0.022380008838104586
9.175,19942.203126476725,1.0310881433523941e-06,0.0001692365445944561,0.0001692365445944561,1.645273227304509e-09,0.020621762867047883
9.1875,19947.155181672308,9.427441709813951e-07,0.00016927830405681808,0.00016927830405681808,1.64589818430097e-09,0.0188548834196279
9.200000000000001,19952.132196522085,8.539549218679333e-07,0.0001693027870671693,0.0001693027870671693,1.6464642817847956e-09,0.017079098437358668
9.2125,19957.13481072085,7.647089839480137e-07,0.0001693102022510848,0.0001693102022510848,1.646971217011218e-09,0.015294179678960275
9.225,19962.163521456336,6.749974874597377e-07,0.0001693008068529992,0.0001693008068529992,1.6474186813555929e-09,0.013499949749194754
9.2375,19967.218664365704,5.848144446853078e-07,0.0001692749050057613,0.0001692749050057613,1.6478063622239423e-09,0.011696288893706155
9.25,19972.300395214934,4.941570767827906e-07,0.0001692328457830766,0.0001692328457830766,1.648133945180159e-09,0.009883141535655811
9.262500000000001,19977.408672370053,4.030261264929978e-07,0.00016917502104997717,0.00016917502104997717,1.6484011162805076e-09,0.008060522529859957
9.275,19982.543240129085,3.1142615550394935e-07,0.00016910186312762366,0.00016910186312762366,1.6486075646052535e-09,0.006228523110078987
9.2875,19987.703612981644,2.1936582525464784e-07,0.00016901384228975574,0.00016901384228975574,1.6487529849764393e-09,0.004387316505092957
9.3,19992.889060864807,1.2685815996263368e-07,0.0001689114641089558,0.0001689114641089558,1.6488370808500254e-09,0.0025371631992526737
9.3125,19998.09859548434,3.392079066642607e-08,0.00016879526667157294,0.00016879526667157294,1.6488595673698099e-09,0.0006784158133285214
9.325000000000001,20003.330957764898,-5.94238209150941e-08,0.00016866581768066805,0.00016866581768066805,1.6488201745697475e-09,-0.001188476418301882
9.3375,20008.584606501045,-1.5314817988657615e-07,0.00016852371146668335,0.00016852371146668335,1.6487186507105062e-09,-0.0030629635977315233
9.35,20013.857708267522,-2.472195782008712e-07,0.00016836956592571823,0.00016836956592571823,1.6485547657353302e-09,-0.004944391564017423
9.3625,20019.148128657176,-3.4159993833107027e-07,0.00016820401940530186,0.00016820401940530186,1.6483283148295364e-09,-0.006831998766621405
9.375,20024.45342490443,-4.3624568167818763e-07,0.00016802772755740536,0.00016802772755740536,1.6480391220672445e-09,-0.008724913633563753
9.387500000000001,20029.770839953348,-5.311076227562397e-07,0.00016784136017813364,0.00016784136017813364,1.647687044128253e-09,-0.010622152455124795
9.4,20035.09729802764,-6.26130890140208e-07,0.00016764559805308618,0.00016764559805308618,1.64727197406732e-09,-0.012522617802804161
9.4125,20040.42940174997,-7.212548750977853e-07,0.00016744112982679154,0.00016744112982679154,1.6467938451174962e-09,-0.014425097501955706
9.425,20045.763430862728,-8.164132087503049e-07,0.0001672286489139056,0.0001672286489139056,1.6462526345085985e-09,-0.0163282641750061
9.4375,20051.095342588833,-9.115337685236647e-07,0.00016700885046903486,0.00016700885046903486,1.6456483672814076e-09,-0.018230675370473296
9.450000000000001,20056.420773673475,-1.006538714554167e-06,0.00016678242843111256,0.00016678242843111256,1.6449811200777313e-09,-0.02013077429108334
9.4625,20061.7350441336,-1.1013445566095457e-06,0.00016655007265723023,0.00016655007265723023,1.6442510248861048e-09,-0.022026891132190914
9.475,20067.0331627467,-1.195862251968615e-06,0.0001663124661597252,0.0001663124661597252,1.643458272722606e-09,-0.0239172450393723
9.4875,20072.309834288724,-1.2899973345783871e-06,0.0001660702824591546,0.0001660702824591546,1.6426031172260502e-09,-0.02579994669156774
9.5,20077.559468538337,-1.3836500756714613e-06,0.00016582418306456935,0.00016582418306456935,1.6416858781467097e-09,-0.027673001513429225
9.512500000000001,20082.77619104558,-1.4767156758822015e-06,0.00016557481509124044,0.00016557481509124044,1.6407069447076776e-09,-0.02953431351764403
9.525,20087.953855660002,-1.5690844887473761e-06,0.00016532280902470988,0.00016532280902470988,1.6396667788180703e-09,-0.03138168977494752
9.5375,20093.086058803092,-1.6606422753157597e-06,0.0001650687766387421,0.0001650687766387421,1.6385659181174445e-09,-0.033212845506315196
9.55,20098.16615545809,-1.751270489423863e-06,0.00016481330907345746,0.00016481330907345746,1.6374049788311038e-09,-0.035025409788477256
9.5625,20103.187276846525,-1.8408465930206544e-06,0.0001645569750786476,0.0001645569750786476,1.6361846584163703e-09,-0.036816931860413085
9.575000000000001,20108.14234974245,-1.9292444007461456e-06,0.00016430031942601248,0.00016430031942601248,1.6349057379804323e-09,-0.038584888014922915
9.5875,20113.024117373046,-2.0163344527860865e-06,0.00016404386149283313,0.00016404386149283313,1.6335690844510213e-09,-0.04032668905572173
9.600000000000001,20117.82516183833,-2.1019844148409067e-06,0.00016378809401841192,0.00016378809401841192,1.632175652481944e-09,-0.04203968829681813
9.6125,20122.537927975238,-2.186059503861626e-06,0.0001635334820334794,0.0001635334820334794,1.6307264860763896e-09,-0.04372119007723252
9.625,20127.1547485812,-2.2684229380207173e-06,0.00016328046196169434,0.00016328046196169434,1.6292227199119456e-09,-0.04536845876041434
9.637500000000001,20131.66787089833,-2.3489364092039866e-06,0.0001630294408913554,0.0001630294408913554,1.6276655803523917e-09,-0.046978728184079735
9.65,20136.069484255368,-2.427460576130401e-06,0.00016278079601450386,0.00016278079601450386,1.6260563861325997e-09,-0.04854921152260802
9.662500000000001,20140.351748749847,-2.5038555760344663e-06,0.0001625348742297351,0.0001625348742297351,1.6243965487042317e-09,-0.050077111520689326
9.675,20144.506824845168,-2.577981552679812e-06,0.0001622919919042493,0.0001622919919042493,1.6226875722314126e-09,-0.05155963105359623
9.6875,20148.52690374986,-2.649699198315706e-06,0.00016205243478996663,0.00016205243478996663,1.620931053227131e-09,-0.05299398396631412
9.700000000000001,20152.404238435494,-2.718870307042478e-06,0.00016181645808790695,0.00016181645808790695,1.6191286798228093e-09,-0.054377406140849564
9.7125,20156.131175145976,-2.7853583369173868e-06,0.00016158428665449036,0.00016158428665449036,1.617282230665245e-09,-0.05570716673834773
9.725000000000001,20159.700185239017,-2.8490289780127974e-06,0.0001613561153429516,0.0001613561153429516,1.6153935734369794e-09,-0.05698057956025595
9.7375,20163.10389719926,-2.9097507235335653e-06,0.00016113210947267688,0.00016113210947267688,1.6134646629980671e-09,-0.058195014470671304
9.75,20166.33512865773,-2.9673954410122096e-06,0.000160912405418964,0.000160912405418964,1.6114975391491904e-09,-0.05934790882024419
9.762500000000001,20169.386918241213,-3.021838940531161e-06,0.0001606971113154726,0.0001606971113154726,1.6094943240180937e-09,-0.06043677881062322
9.775,20172.252557084692,-3.072961536869673e-06,0.00016048630786146762,0.00016048630786146762,1.607457219073363e-09,-0.06145923073739346
9.787500000000001,20174.925619824466,-3.120648602443236e-06,0.00016028004922586108,0.00016028004922586108,1.6053885017716556e-09,-0.06241297204886472
9.8,20177.399994901763,-3.1647911078931948e-06,0.00016007836404002026,0.00016007836404002026,1.6032905218465647e-09,-0.06329582215786389
9.8125,20179.66991399629,-3.205286147197173e-06,0.0001598812564713318,0.0001598812564713318,1.6011656972493836e-09,-0.06410572294394346
9.825000000000001,20181.72998042088,-3.2420374442047723e-06,0.00015968870736958075,0.00015968870736958075,1.5990165097540793e-09,-0.06484074888409544
9.8375,20183.575196302303,-3.2749558375609545e-06,0.0001595006754783225,0.0001595006754783225,1.596845500240805e-09,-0.0654991167512191
9.850000000000001,20185.200988386823,-3.3039597410584673e-06,0.00015931709870358314,0.00015931709870358314,1.5946552636742396e-09,-0.06607919482116935
9.8625,20186.603232307498,-3.3289755765636184e-06,0.00015913789543241556,0.00015913789543241556,1.5924484437949341e-09,-0.06657951153127237
9.875,20187.7782751604,-3.3499381767836633e-06,0.00015896296589406258,0.00015896296589406258,1.5902277275436597e-09,-0.06699876353567327
9.887500000000001,20188.72295624657,-3.3667911552905784e-06,0.00015879219355672297,0.00015879219355672297,1.5879958392404614e-09,-0.06733582310581157
9.9,20189.434625842165,-3.379487241382422e-06,0.00015862544655318288,0.00015862544655318288,1.5857555345417287e-09,-0.06758974482764844
9.912500000000001,20189.911161872922,-3.38798857755058e-06,0.00015846257912885325,0.00015846257912885325,1.5835095942000706e-09,-0.0677597715510116
9.925,20190.150984378924,-3.3922669775263705e-06,0.00015830343310604218,0.00015830343310604218,1.5812608176531293e-09,-0.0678453395505274
9.9375,20190.153067667386,-3.3923041431033338e-06,0.00015814783935858348,0.00015814783935858348,1.5790120164686584e-09,-0.06784608286206667
9.950000000000001,20189.91695006959,-3.3880918381692165e-06,0.00015799561929123583,0.00015799561929123583,1.5767660076742344e-09,-0.06776183676338433
9.9625,20189.44274122261,-3.379632018634709e-06,0.00015784658631855708,0.00015784658631855708,1.5745256070008359e-09,-0.06759264037269418
9.975000000000001,20188.731126821727,-3.366936917209576e-06,0.0001577005473382405,0.0001577005473382405,1.5722936220702237e-09,-0.06733873834419152
9.9875,20187.78337079829,-3.350029082251134e-06,0.00015755730419417412,0.00015755730419417412,1.5700728455565688e-09,-0.06700058164502268
10.0,20186.601314895,-3.3289413701922853e-06,0.00015741665512474578,0.00015741665512474578,1.5678660483530982e-09,-0.0665788274038457
10.012500000000001,20185.18737562792,-3.3037168913436533e-06,0.00015727839619216288,0.00015727839619216288,1.5656759727746704e-09,-0.06607433782687307
10.025,20183.544538640155,-3.274408909155207e-06,0.00015714232268878914,0.00015714232268878914,1.5635053258271317e-09,-0.06548817818310414
10.037500000000001,20181.676350466405,-3.24108069331498e-06,0.00015700823051671418,0.00015700823051671418,1.5613567725740543e-09,-0.0648216138662996
10.05,20179.586907749173,-3.203805327351894e-06,0.0001568759175369683,0.0001568759175369683,1.559232929631018e-09,-0.06407610654703788
10.0625,20177.28084395691,-3.1626654716969807e-06,0.00015674518488497567,0.00015674518488497567,1.5571363588169603e-09,-0.06325330943393961
10.075000000000001,20174.76331367564,-3.1177530834367427e-06,0.0001566158382489977,0.0001566158382489977,1.555069560991307e-09,-0.062355061668734856
10.0875,20172.039974555293,-3.0691690942646598e-06,0.00015648768910846313,0.00015648768910846313,1.553034970104592e-09,-0.061383381885293194
10.100000000000001,20169.116967015012,-3.017023048396889e-06,0.00015636055592920697,0.00015636055592920697,1.5510349474891068e-09,-0.06034046096793778
10.1125,20166.00089181508,-2.961432702466959e-06,0.00015623426531275153,0.00015623426531275153,1.5490717764147862e-09,-0.059228654049339184
10.125,20162.698785622906,-2.9025235896471002e-06,0.00015610865309685848,0.00015610865309685848,1.5471476569340423e-09,-0.058050471792942
10.137500000000001,20159.218094714804,-2.8404285504596424e-06,0.00015598356540466506,0.00015598356540466506,1.5452647010376306e-09,-0.05680857100919285
10.15,20155.56664695658,-2.7752872329407057e-06,0.00015585885963978938,0.00015585885963978938,1.5434249281418623e-09,-0.05550574465881411
10.162500000000001,20151.752622227734,-2.7072455649955024e-06,0.00015573440542485502,0.00015573440542485502,1.541630260925601e-09,-0.054144911299910045
10.175,20147.78452145381,-2.6364552019416047e-06,0.0001556100854809418,0.0001556100854809418,1.5398825215334877e-09,-0.052729104038832096
10.1875,20143.67113442247,-2.5630729523707927e-06,0.00015548579644552384,0.00015548579644552384,1.5381834281597716e-09,-0.05126145904741585
10.200000000000001,20139.42150656834,-2.487260185570369e-06,0.00015536144962650833,0.00015536144962650833,1.5365345920249665e-09,-0.04974520371140738
10.2125,20135.044904908984,-2.4091822238323206e-06,0.00015523697169004142,0.00015523697169004142,1.5349375147553548e-09,-0.048183644476646414
10.225000000000001,20130.55078332346,-2.329007723041036e-06,0.00015511230527980496,0.00015511230527980496,1.5333935861731065e-09,-0.04658015446082072
10.2375,20125.94874736732,-2.246908044967466e-06,0.00015498740956559169,0.00015498740956559169,1.5319040825025136e-09,-0.04493816089934932
10.25,20121.248518815257,-2.163056624711177e-06,0.0001548622607190181,0.0001548622607190181,1.530470164995554e-09,-0.043261132494223545
10.262500000000001,20116.459900123722,-2.077628336720255e-06,0.00015473685231431834,0.00015473685231431834,1.5290928789777288e-09,-0.041552566734405105
10.275,20111.59273900352,-1.9907988627835037e-06,0.00015461119565225942,0.00015461119565225942,1.527773153312867e-09,-0.03981597725567008
10.287500000000001,20106.656893291343,-1.9027440653306392e-06,0.00015448532000533226,0.00015448532000533226,1.5265118002833754e-09,-0.03805488130661278
10.3,20101.662196300545,-1.8136393692951339e-06,0.00015435927278250304,0.00015435927278250304,1.525309515880261e-09,-0.03627278738590268
10.3125,20096.61842282846,-1.7236591556916433e-06,0.00015423311961196073,0.00015423311961196073,1.5241668804951574e-09,-0.034473183113832864
10.325000000000001,20091.535255990028,-1.6329761699373988e-06,0.00015410694434046977,0.00015410694434046977,1.5230843600045837e-09,-0.032659523398747975
10.3375,20086.422255039757,-1.5417609478051265e-06,0.0001539808489481299,0.0001539808489481299,1.5220623072347447e-09,-0.03083521895610253
10.350000000000001,20081.288824336672,-1.4501812617361049e-06,0.00015385495337756565,0.00015385495337756565,1.5211009637933791e-09,-0.029003625234722098
10.3625,20076.144183590633,-1.3584015900682264e-06,0.00015372939527680856,0.00015372939527680856,1.5202004622534618e-09,-0.02716803180136453
10.375,20070.997339528294,-1.2665826115446646e-06,0.00015360432965540532,0.00015360432965540532,1.5193608286720029e-09,-0.025331652230893294
10.387500000000001,20065.857059096277,-1.1748807272691155e-06,0.00015347992845357456,0.00015347992845357456,1.518581985425749e-09,-0.023497614545382312
10.4,20060.73184431309,-1.0834476120625479e-06,0.0001533563800245534,0.0001533563800245534,1.517863754344296e-09,-0.02166895224125096
10.412500000000001,20055.62990886601,-9.924297969580175e-07,0.00015323388853061517,0.00015323388853061517,1.5172058601199705e-09,-0.01984859593916035
10.425,20050.559156538417,-9.019682843448193e-07,0.00015311267325360129,0.00015311267325360129,1.5166079339728373e-09,-0.018039365686896385
10.4375,20045.527161538805,-8.121981970438906e-07,0.00015299296782119665,0.00015299296782119665,1.51606951754834e-09,-0.01624396394087781
10.450000000000001,20040.5411507909,-7.232484623647311e-07,0.00015287501935057997,0.00015287501935057997,1.5155900670243828e-09,-0.014464969247294622
10.4625,20035.607988230284,-6.352415319615537e-07,0.00015275908751150177,0.00015275908751150177,1.5151689574041252e-09,-0.012704830639231073
10.475000000000001,20030.734161141383,-5.482931380753309e-07,0.00015264544351127943,0.00015264544351127943,1.5148054869703648e-09,-0.010965862761506618
10.4875,20025.92576855242,-4.62512086520668e-07,0.0001525343690046455,0.0001525343690046455,1.5144988818771527e-09,-0.00925024173041336
10.5,20021.188511699784,-3.780000865524759e-07,0.0001524261549318421,0.0001524261549318421,1.514248300854193e-09,-0.007560001731049518
10.512500000000001,20016.527686552625,-2.9485161753101164e-07,0.00015232110028881655,0.00015232110028881655,1.5140528399996305e-09,-0.0058970323506202325
10.525,20011.948178387105,-2.131538320935687e-07,0.00015221951083383713,0.00015221951083383713,1.513911537637028e-09,-0.004263076641871374
10.537500000000001,20007.454458376447,-1.3298649534135602e-07,0.00015212169773530764,0.00015212169773530764,1.5138233792126572e-09,-0.0026597299068271203
10.55,20003.05058216225,-5.442195935942432e-08,0.0001520279761660175,0.0001520279761660175,1.5137873022096804e-09,-0.0010884391871884864
10.5625,19998.74019035952,2.247482779181457e-08,0.00015193866384950467,0.00015193866384950467,1.5138022010563718e-09,0.0004494965558362914
10.575000000000001,19994.52651093454,9.764627964164594e-08,0.00015185407956464118,0.00015185407956464118,1.5138669320062083e-09,0.0019529255928329187
10.5875,19990.41236339289,1.710420966133898e-07,0.0001517745416149594,0.0001517745416149594,1.5139803179684431e-09,0.003420841932267796
10.600000000000001,19986.40016469897,2.4261916039117533e-07,0.00015170036626962322,0.00015170036626962322,1.514141153268654e-09,0.004852383207823507
10.6125,19982.491936851737,3.1234139879987734e-07,0.00015163186618330642,0.00015163186618330642,1.5143482083197198e-09,0.006246827975997547
10.625,19978.689316022992,3.8017962276099585e-07,0.00015156934880256498,0.00015156934880256498,1.5146002341847104e-09,0.0076035924552199175
10.637500000000001,19974.993563169563,4.4611133698633386e-07,0.00015151311476657839,0.00015151311476657839,1.5148959670142858e-09,0.008922226739726678
10.65,19971.405576018067,5.101205261548032e-07,0.00015146345631038158,0.00015146345631038158,1.5152341323423482e-09,0.010202410523096065
10.662500000000001,19967.925902323826,5.721974183881553e-07,0.0001514206556789119,0.0001514206556789119,1.5156134492248978e-09,0.011443948367763107
10.675,19964.55475429648,6.323382278966552e-07,0.00015138498356034858,0.00015138498356034858,1.5160326342082877e-09,0.012646764557933106
10.6875,19961.29202408598,6.905448787081027e-07,0.00015135669754732554,0.00015135669754732554,1.5164904051143327e-09,0.013810897574162054
10.700000000000001,19958.13730022079,7.468247114223135e-07,0.00015133604063464565,0.00015133604063464565,1.5169854846310243e-09,0.01493649422844627
10.7125,19955.089884886213,8.01190174949052e-07,0.00015132323976211598,0.00015132323976211598,1.5175166036988929e-09,0.01602380349898104
10.725000000000001,19952.14881193672,8.536585051918475e-07,0.00015131850441105668,0.00015131850441105668,1.5180825046843668e-09,0.017073170103836948
10.7375,19949.31286552893,9.042513926319338e-07,0.000151322025262908,0.000151322025262908,1.5186819443327674e-09,0.018085027852638675
10.75,19946.58059926786,9.529946407487325e-07,0.00015133397292817186,0.00015133397292817186,1.5193136964948686e-09,0.01905989281497465
10.762500000000001,19943.950355761466,9.999178171850749e-07,0.00015135449675367452,0.00015135449675367452,1.519976554622207e-09,0.019998356343701496
10.775,19941.420286475688,1.0450538995280631e-06,0.00015138372371582492,0.00015138372371582492,1.5206693340275773e-09,0.020901077990561262
10.787500000000001,19938.988371789874,1.0884389175308341e-06,0.0001514217574071726,0.0001514217574071726,1.5213908739083525e-09,0.021768778350616684
10.8,19936.652441151484,1.1301115935476458e-06,0.00015146867712313752,0.00015146867712313752,1.5221400391314416e-09,0.022602231870952914
10.8125,19934.410193235493,1.1701129828952165e-06,0.00015152453705529688,0.00015152453705529688,1.5229157217798413e-09,0.02340225965790433
10.825000000000001,19932.259216015267,1.2084861157881623e-06,0.00015158936559707086,0.00015158936559707086,1.5237168424618198e-09,0.024169722315763247
10.8375,19930.197006657487,1.2452756424263186e-06,0.0001516631647670554,0.0001516631647670554,1.5245423513848254e-09,0.024905512848526372
10.850000000000001,19928.220991154954,1.2805274827376647e-06,0.00015174590975460824,0.00015174590975460824,1.5253912291972063e-09,0.025610549654753293
10.8625,19926.3285436191,1.3142884822035604e-06,0.0001518375485916091,0.0001518375485916091,1.5262624876017701e-09,0.02628576964407121
10.875,19924.517005156544,1.346606075113162e-06,0.0001519380019535895,0.0001519380019535895,1.5271551697461134e-09,0.02693212150226324
10.887500000000001,19922.783702257417,1.3775279565124294e-06,0.00015204716309267043,0.00015204716309267043,1.5280683503954796e-09,0.02755055913024859
10.9,19921.12596462992,1.4071017640305274e-06,0.00015216489790395774,0.00015216489790395774,1.5290011358946974e-09,0.028142035280610548
10.912500000000001,19919.541142420363,1.4353747706835747e-06,0.0001522910451262369,0.0001522910451262369,1.5299526639264735e-09,0.028707495413671492
10.925,19918.026622760874,1.462393589672581e-06,0.00015242541667698312,0.00015242541667698312,1.5309221030739934e-09,0.02924787179345162
10.9375,19916.579845591546,1.488203892109686e-06,0.00015256779812086643,0.00015256779812086643,1.5319086521963987e-09,0.02976407784219372
10.950000000000001,19915.198318710452,1.5128501385257564e-06,0.00015271794927009352,0.00015271794927009352,1.5329115396262774e-09,0.03025700277051513
10.9625,19913.879632008342,1.536375324932089e-06,0.00015287560491409247,0.00015287560491409247,1.5339300221988154e-09,0.03072750649864178
10.975000000000001,19912.621470848295,1.5588207441304635e-06,0.00015304047567522128,0.00015304047567522128,1.5349633841227176e-09,0.03117641488260927
10.9875,19911.42162855577,1.5802257628892683e-06,0.00015321224898637336,0.00015321224898637336,1.5360109357034157e-09,0.03160451525778537
11.0,19910.278017988363,1.6006276155289967e-06,0.00015339059018556854,0.00015339059018556854,1.5370720119294422e-09,0.032012552310579936
11.012500000000001,19909.18868216149,1.6200612143886825e-06,0.00015357514372186368,0.00015357514372186368,1.5381459709331593e-09,0.03240122428777365
11.025,19908.151803902198,1.6385589775740927e-06,0.00015376553446619888,0.00015376553446619888,1.5392321923373e-09,0.03277117955148185
11.037500000000001,19907.165714518345,1.6561506743222748e-06,0.00015396136912012025,0.00015396136912012025,1.540330075499e-09,0.033123013486445495
11.05,19906.228901463473,1.6728632882511545e-06,0.00015416223771469147,0.00015416223771469147,1.5414390376631753e-09,0.03345726576502309
11.0625,19905.340014988215,1.6887208987006591e-06,0.00015436771519133265,0.00015436771519133265,1.5425585120372403e-09,0.033774417974013184
11.075000000000001,19904.497873769255,1.7037445803113746e-06,0.0001545773630558076,0.0001545773630558076,1.543687945799254e-09,0.034074891606227495
11.0875,19903.70146951153,1.7179523209286252e-06,0.0001547907310961264,0.0001547907310961264,1.544826798051645e-09,0.03435904641857251
11.100000000000001,19902.94997052062,1.7313589578634137e-06,0.0001550073591547408,0.0001550073591547408,1.5459745377326826e-09,0.034627179157268276
11.1125,19902.242724248215,1.743976132487641e-06,0.00015522677894508983,0.00015522677894508983,1.5471306414978477e-09,0.034879522649752824
11.125,19901.579258813483,1.755812263088201e-06,0.00015544851590230382,0.00015544851590230382,1.5482945915832103e-09,0.03511624526176402
11.137500000000001,19900.95928350854,1.766872535853463e-06,0.00015567209105769948,0.00015567209105769948,1.5494658736628298e-09,0.03533745071706926
11.15,19900.382688297166,1.7771589138158618e-06,0.00015589702292659522,0.00015589702292659522,1.5506439747120849e-09,0.035543178276317235
11.162500000000001,19899.849542319294,1.7866701635255372e-06,0.00015612282939895026,0.00015612282939895026,1.5518283808886842e-09,0.03573340327051074
11.175,19899.360091417686,1.7954018991824244e-06,0.00015634902962237537,0.00015634902962237537,1.5530185754429346e-09,0.035908037983648486
11.1875,19898.914754703255,1.8033466439069036e-06,0.00015657514586718505,0.00015657514586718505,1.5542140366686252e-09,0.03606693287813807
11.200000000000001,19898.5141201805,1.8104939077829694e-06,0.0001568007053633515,0.0001568007053633515,1.5554142359056472e-09,0.03620987815565939
11.2125,19898.1589394553,1.8168302822616795e-06,0.00015702524209948223,0.00015702524209948223,1.5566186356051963e-09,0.03633660564523359
11.225000000000001,19897.85012155297,1.8223395504675023e-06,0.00015724829857427131,0.00015724829857427131,1.5578266874680964e-09,0.03644679100935005
11.2375,19897.58872587013,1.8270028129039551e-06,0.00015746942749126592,0.00015746942749126592,1.559037830666457e-09,0.0365400562580791
11.25,19897.375954297728,1.8307986280106904e-06,0.00015768819338824033,0.00015768819338824033,1.5602514901585071e-09,0.03661597256021381
11.262500000000001,19897.21314254164,1.8337031669781312e-06,0.0001579041741929761,0.0001579041741929761,1.5614670751060573e-09,0.03667406333956262
11.275,19897.101750681883,1.8356903821812931e-06,0.00015811696269780383,0.00015811696269780383,1.5626839774036192e-09,0.03671380764362586
11.287500000000001,19897.04335300637,1.8367321885493684e-06,0.00015832616794586327,0.00015832616794586327,1.563901570327757e-09,0.03673464377098737
11.3,19897.039627159145,1.836798657142659e-06,0.00015853141652268045,0.00015853141652268045,1.5651192073147631e-09,0.03673597314285318
11.3125,19897.09234264945,1.8358582201643893e-06,0.0001587323537473353,0.0001587323537473353,1.56633622087424e-09,0.03671716440328779
11.325000000000001,19897.203348764473,1.8338778865905604e-06,0.00015892864475819805,0.00015892864475819805,1.567551921645624e-09,0.03667755773181121
11.3375,19897.37456193563,1.8308234675576795e-06,0.00015911997548893712,0.00015911997548893712,1.5687655976041228e-09,0.03661646935115359
11.350000000000001,19897.607952607123,1.8266598106051628e-06,0.0001593060535312423,0.0001593060535312423,1.569976513421935e-09,0.036533196212103256
11.3625,19897.905531664343,1.8213510418282485e-06,0.00015948660888145984,0.00015948660888145984,1.5711839099899957e-09,0.03642702083656497
11.375,19898.269336469937,1.8148608149555988e-06,0.00015966139456908876,0.00015966139456908876,1.5723870041048377e-09,0.03629721629911198
11.387500000000001,19898.701416572887,1.807152566328191e-06,0.0001598301871658416,0.0001598301871658416,1.573584988324484e-09,0.03614305132656382
11.4,19899.203819142826,1.7981897747177308e-06,0.0001599927871747165,0.0001599927871747165,1.5747770309965746e-09,0.03596379549435461
11.412500000000001,19899.77857419789,1.7879362248892895e-06,0.00016014901929925802,0.00016014901929925802,1.5759622764612136e-09,0.03575872449778579
11.425,19900.427679683067,1.7763562737794028e-06,0.00016029873259389637,0.00016029873259389637,1.5771398454302692e-09,0.035527125475588055
11.4375,19901.15308646914,1.763415118132546e-06,0.00016044180049694186,0.00016044180049694186,1.5783088355440927e-09,0.03526830236265092
11.450000000000001,19901.956683333687,1.749079062411893e-06,0.00016057812074847083,0.00016057812074847083,1.5794683221058392e-09,0.03498158124823786
11.4625,19902.840281997444,1.7333157857791424e-06,0.00016070761519596617,0.00016070761519596617,1.5806173589927725e-09,0.034666315715582846
11.475000000000001,19903.805602278855,1.716094606918722e-06,0.00016083022949116483,0.00016083022949116483,1.5817549797431256e-09,0.034321892138374444
11.4875,19904.8542574388,1.697386745468739e-06,0.00016094593268211496,0.00016094593268211496,1.5828801988162666e-09,0.033947734909374784
11.5,19905.987739788758,1.6771655788122202e-06,0.00016105471670495295,0.00016105471670495295,1.5839920130230954e-09,0.033543311576244406
11.512500000000001,19907.207406624533,1.6554068929778183e-06,0.00016115659578037268,0.00016115659578037268,1.585089403122765e-09,0.033108137859556366
11.525,19908.514466563287,1.6320891264017168e-06,0.0001612516057201739,0.0001612516057201739,1.5861713355809957e-09,0.03264178252803433
11.537500000000001,19909.909966349605,1.6071936053098864e-06,0.0001613398031496438,0.0001613398031496438,1.5872367644844278e-09,0.03214387210619773
11.55,19911.394778199367,1.5807047694937001e-06,0.00016142126465184276,0.00016142126465184276,1.588284633604643e-09,0.031614095389874
11.5625,19912.96958775005,1.5526103872722979e-06,0.0001614960858401326,0.0001614960858401326,1.5893138786046876e-09,0.031052207745445957
11.575000000000001,19914.634882684262,1.5229017584620079e-06,0.00016156438036550315,0.00016156438036550315,1.5903234293801465e-09,0.030458035169240158
11.5875,19916.39094208774,1.4915739042063938e-06,0.00016162627886542004,0.00016162627886542004,1.5913122125260577e-09,0.029831478084127876
11.600000000000001,19918.23782660834,1.4586257425616736e-06,0.00016168192786103675,0.00016168192786103675,1.5922791539202252e-09,0.029172514851233473
11.6125,19920.175369470344,1.4240602487789587e-06,0.0001617314886096854,0.0001617314886096854,1.5932231814127843e-09,0.028481204975579173
11.625,19922.20316840489,1.3878845992797415e-06,0.00016177513591958574,0.00016177513591958574,1.594143227611211e-09,0.027757691985594832
11.637500000000001,19924.32057854627,1.3501102983821962e-06,0.00016181305693369532,0.00016181305693369532,1.5950382327493383e-09,0.027002205967643925
11.65,19926.526706343575,1.3107532869035035e-06,0.00016184544988956222,0.00016184544988956222,1.5959071476283684e-09,0.02621506573807007
11.662500000000001,19928.82040453477,1.269834031838993e-06,0.00016187252286194395,0.00016187252286194395,1.5967489366173323e-09,0.02539668063677986
11.675,19931.20026822068,1.2273775963992008e-06,0.0001618944924948195,0.0001618944924948195,1.5975625806999794e-09,0.024547551927984017
11.6875,19933.6646320746,1.1834136897732295e-06,0.00016191158272925262,0.00016191158272925262,1.5983470805546554e-09,0.02366827379546459
11.700000000000001,19936.211568720628,1.1379766960801974e-06,0.000161924023533363,0.000161924023533363,1.5991014596533715e-09,0.022759533921603948
11.7125,19938.83888830137,1.091105682067952e-06,0.00016193204964043496,0.00016193204964043496,1.5998247673659791e-09,0.02182211364135904
11.725000000000001,19941.5441392572,1.042844383221937e-06,0.0001619358993009404,0.0001619358993009404,1.600516082055134e-09,0.02085688766443874
11.7375,19944.324610327094,9.932411680537787e-07,0.00016193581305397794,0.00016193581305397794,1.6011745141475882e-09,0.019864823361075572
11.75,19947.177333781456,9.423489804506689e-07,0.00016193203252333905,0.00016193203252333905,1.601799209167264e-09,0.018846979609013378
11.762500000000001,19950.099089882555,8.902252600801075e-07,0.00016192479924310353,0.00016192479924310353,1.6023893507155636e-09,0.01780450520160215
11.775,19953.086412570836,8.369318409614148e-07,0.00016191435351734846,0.00016191435351734846,1.60294416338444e-09,0.016738636819228294
11.787500000000001,19956.13559636102,7.82534828433054e-07,0.00016190093331822525,0.00016190093331822525,1.6034629155879085e-09,0.01565069656866108
11.8,19959.242704430293,7.27104454863953e-07,0.0001618847732263258,0.0001618847732263258,1.6039449222979073e-09,0.014542089097279061
11.8125,19962.403577871282,6.707149145757747e-07,0.00016186610341691906,0.00016186610341691906,1.6043895476707255e-09,0.013414298291515494
11.825000000000001,19965.61384607902,6.134441785616599e-07,0.0001618451486953025,0.0001618451486953025,1.6047962075506071e-09,0.012268883571233197
11.8375,19968.868938227643,5.553737897029237e-07,0.00016182212758417266,0.00016182212758417266,1.6051643718375998e-09,0.011107475794058476
11.850000000000001,19972.164095799275,4.96588639300609e-07,0.00016179725146558597,0.00016179725146558597,1.605493566707265e-09,0.00993177278601218
11.8625,19975.494386104292,4.3717672584878205e-07,0.00016177072377975175,0.00016177072377975175,1.6057833766704756e-09,0.008743534516975642
11.875,19978.85471674062,3.7722889708405443e-07,0.00016174273928257728,0.00016174273928257728,1.606033446462214e-09,0.007544577941681088
11.887500000000001,19982.239850927413,3.168385764480676e-07,0.0001617134833635718,0.0001617134833635718,1.6062434827490403e-09,0.006336771528961352
11.9,19985.64442364172,2.5610147519567396e-07,0.0001616831314254128,0.0001616831314254128,1.6064132556457116e-09,0.005122029503913479
11.912500000000001,19989.06295848742,1.9511529147245264e-07,0.00016165184832618517,0.00016165184832618517,1.6065426000323179e-09,0.003902305829449053
11.925,19992.48988521412,1.3397939776728543e-07,0.00016161978788502485,0.00016161978788502485,1.6066314166642246e-09,0.0026795879553457086
11.9375,19995.919557805188,7.279451822165082e-08,0.00016158709245162753,0.00016158709245162753,1.6066796730681006e-09,0.0014558903644330164
11.950000000000001,19999.346273049065,1.1662397343927577e-08,0.00016155389253983085,0.00016155389253983085,1.606687404218332e-09,0.00023324794687855154
11.9625,20002.764289498573,-4.931453826577399e-08,0.0001615203065252347,0.0001615203065252347,1.6066547129891893e-09,-0.0009862907653154797
11.975000000000001,20006.167846734472,-1.1003352352528483e-07,0.0001614864404065947,0.0001614864404065947,1.606581770379212e-09,-0.0022006704705056965
11.9875,20009.551184828764,-1.703918021223957e-07,0.00016145238763051037,0.00016145238763051037,1.6064688155053938e-09,-0.003407836042447914
12.0,20012.90856391757,-2.3028697568811818e-07,0.00016141822897872406,0.00016141822897872406,1.6063161553658988e-09,-0.004605739513762364
