t_adimensional,p_outlet_Pa,q_outlet_m3s,w_centro_m,w_max_m,volume_acumulado_m3,potencia_W
0.0,4994.805785420582,3.5597826031183494e-07,6.093366676857949e-09,6.093366676857953e-09,1.1799123835382275e-13,0.0017798913015591748
0.00625,4989.644065340262,7.097295553724641e-07,1.8269997062923172e-08,1.8269997062923186e-08,3.532355733908771e-13,0.0035486477768623204
0.0125,4984.525093745201,1.0605511425559677e-06,3.651984665157117e-08,3.651984665157121e-08,7.047619349673455e-13,0.005302755712779839
0.018750000000000003,4979.457716217866,1.4078368021699002e-06,6.083294015177407e-08,6.083294015177412e-08,1.1713983176009331e-12,0.0070391840108495005
0.025,4974.449258331424,1.7510844862843863e-06,9.11993803816324e-08,9.119938038163246e-08,1.7518063088582387e-12,0.008755422431421932
0.03125,4969.505507459684,2.0898975652790847e-06,1.2760935527984008e-07,1.2760935527984024e-07,2.444516030917971e-12,0.010449487826395423
0.037500000000000006,4964.630776242041,2.4239804784337225e-06,1.7005314311368147e-07,1.7005314311368163e-07,3.2479596404949855e-12,0.012119902392168612
0.043750000000000004,4959.828031450052,2.7531299021895255e-06,2.1852111604189637e-07,2.1852111604189663e-07,4.160501901428894e-12,0.013765649510947628
0.05,4955.099069547003,3.0772227184378466e-06,2.7300374224761324e-07,2.730037422476137e-07,5.180466769286099e-12,0.015386113592189233
0.05625,4950.444719706447,3.3962021009184948e-06,3.334915868899142e-07,3.3349158688991466e-07,6.306159364210849e-12,0.016981010504592473
0.0625,4945.865056220906,3.710062958102195e-06,3.999753121338948e-07,3.999753121338953e-07,7.535883118727919e-12,0.018550314790510974
0.06875,4941.359604699683,4.018837801697487e-06,4.724456765113451e-07,4.7244567651134554e-07,8.867952241572824e-12,0.02009418900848744
0.07500000000000001,4936.927529789931,4.322583881444247e-06,5.508935338414773e-07,5.508935338414778e-07,1.0300699917268243e-11,0.021612919407221234
0.08125,4932.567795902568,4.621372169997173e-06,6.353098319080503e-07,6.353098319080513e-07,1.1832482854670646e-11,0.023106860849985863
0.08750000000000001,4928.2792961744035,4.915278524682308e-06,7.256856110503723e-07,7.256856110503734e-07,1.3461682906025397e-11,0.02457639262341154
0.09375,4924.060948313015,5.204377118903473e-06,8.220120027851561e-07,8.220120027851573e-07,1.5186706508820123e-11,0.026021885594517367
0.1,4919.911758805785,5.4887360416667965e-06,9.242802285375434e-07,9.242802285375445e-07,1.700598266907275e-11,0.027443680208333984
0.10625000000000001,4915.830859089088,5.768414818768784e-06,1.0324815985253498e-06,1.0324815985253508e-06,1.8917960123001676e-11,0.02884207409384392
0.1125,4911.8175186238705,6.043463516682503e-06,1.1466075108123905e-06,1.1466075108123917e-06,2.092110420167341e-11,0.030217317583412513
0.11875000000000001,4907.8711404474825,6.313923047418878e-06,1.266649450525352e-06,1.2666494505253534e-06,2.3013893796698372e-11,0.03156961523709439
0.125,4903.991244770172,6.5798262926921345e-06,1.392598989214097e-06,1.3925989892140984e-06,2.5194818698538442e-11,0.03289913146346067
0.13125,4900.177445702006,6.8411996989353245e-06,1.524447784326919e-06,1.5244477843269207e-06,2.7462377463492442e-11,0.03420599849467662
0.1375,4896.429425382048,7.098065050305576e-06,1.6621875787691205e-06,1.6621875787691226e-06,2.9815075868355396e-11,0.035490325251527885
0.14375000000000002,4892.746908800423,7.350441194221437e-06,1.8058102005141385e-06,1.8058102005141404e-06,3.2251425937018017e-11,0.036752205971107184
0.15000000000000002,4889.129641582472,7.598345563893049e-06,1.9553075622400875e-06,1.9553075622400892e-06,3.476994547171841e-11,0.03799172781946524
0.15625,4885.577372054799,7.841795407409723e-06,2.110671660969827e-06,2.1106716609698287e-06,3.7369157991682597e-11,0.03920897703704862
0.1625,4882.089838106177,8.080808688195473e-06,2.271894577698518e-06,2.2718945776985196e-06,4.0047592970226745e-11,0.040404043440977366
0.16875,4878.666758735554,8.315404664271163e-06,2.438968476998369e-06,2.4389684769983705e-06,4.280378626385943e-11,0.041577023321355815
0.17500000000000002,4875.307829750456,8.545604183037356e-06,2.6118856065953346e-06,2.6118856065953363e-06,4.563628063909154e-11,0.04272802091518678
0.18125000000000002,4872.0127228363235,8.77142974508024e-06,2.7906382969166553e-06,2.7906382969166574e-06,4.854362632039512e-11,0.043857148725401196
0.1875,4868.781087123475,8.992905396761805e-06,2.9752189606111598e-06,2.975218960611162e-06,5.1524381502560447e-11,0.044964526983809025
0.19375,4865.612552406007,9.210056509628126e-06,3.1656200920462788e-06,3.165620092046281e-06,5.457711278993671e-11,0.046050282548140635
0.2,4862.506733267879,9.42290949763372e-06,3.361834266786818e-06,3.36183426678682e-06,5.77003955419448e-11,0.0471145474881686
0.20625000000000002,4859.46323351628,9.631491513300222e-06,3.563854141060912e-06,3.5638541410609147e-06,6.089281411788008e-11,0.04815745756650111
0.21250000000000002,4856.481650478696,9.835830153222828e-06,3.771672451218402e-06,3.771672451218405e-06,6.415296202410335e-11,0.049179150766114135
0.21875,4853.561578866938,1.0035953193268299e-05,3.985282013186365e-06,3.985282013186367e-06,6.747944197346155e-11,0.050179765966341494
0.225,4850.702614035308,1.0231888365264336e-05,4.204675721925764e-06,4.2046757219257664e-06,7.087086587069069e-11,0.05115944182632168
0.23125,4847.904354558266,1.0423663180347882e-05,4.4298465508923695e-06,4.429846550892373e-06,7.432585473926655e-11,0.05211831590173941
0.23750000000000002,4845.166404120869,1.0611304799416418e-05,4.660787551504249e-06,4.660787551504251e-06,7.784303860531563e-11,0.05305652399708209
0.24375000000000002,4842.48837275992,1.0794839948051566e-05,4.897491852617336e-06,4.897491852617338e-06,8.14210563533269e-11,0.05397419974025783
0.25,4839.869877521433,1.0974294871473427e-05,5.139952660009887e-06,5.139952660009888e-06,8.505855556693296e-11,0.05487147435736713
0.25625000000000003,4837.310542612321,1.1149695324132386e-05,5.388163255875983e-06,5.388163255875983e-06,8.875419236624137e-11,0.05574847662066193
0.2625,4834.809999132228,1.132106658810674e-05,5.64211699832777e-06,5.64211699832777e-06,9.25066312512639e-11,0.0566053329405337
0.26875,4832.36788447205,1.1488433514302515e-05,5.90180732090567e-06,5.90180732090567e-06,9.631454495900177e-11,0.057442167571512576
0.275,4829.983841468507,1.1651820580409592e-05,6.167227732095555e-06,6.167227732095555e-06,1.001766143397408e-10,0.05825910290204796
0.28125,4827.657517401412,1.181125195961431e-05,6.438371814851639e-06,6.438371814851639e-06,1.0409152825612182e-10,0.059056259798071546
0.28750000000000003,4825.38856291932,1.1966751594229057e-05,6.715233226123772e-06,6.715233226123772e-06,1.0805798350661603e-10,0.059833757971145284
0.29375,4823.176630973911,1.2118343268730037e-05,6.9978056963878476e-06,6.9978056963878476e-06,1.1207468477320917e-10,0.06059171634365018
0.30000000000000004,4821.021375835027,1.2266050677250552e-05,7.286083029178102e-06,7.286083029178102e-06,1.1614034459145685e-10,0.06133025338625276
0.30625,4818.922452247286,1.2409897481386325e-05,7.580059100620296e-06,7.580059100620296e-06,1.2025368333969972e-10,0.06204948740693163
0.3125,4816.879514773185,1.254990735521778e-05,7.879727858964957e-06,7.879727858964957e-06,1.2441342924320164e-10,0.0627495367760889
0.31875000000000003,4814.892217349775,1.2686104015684272e-05,8.18508332412015e-06,8.18508332412015e-06,1.286183183883555e-10,0.06343052007842136
0.325,4812.960213067317,1.281851123776347e-05,8.496119587183515e-06,8.496119587183515e-06,1.3286709474192044e-10,0.06409255618881736
0.33125000000000004,4811.083154158532,1.2947152855200014e-05,8.812830809973547e-06,8.812830809973547e-06,1.3715851017050046e-10,0.06473576427600007
0.3375,4809.260692171363,1.3072052748672686e-05,9.13521122456032e-06,9.13521122456032e-06,1.414913244561011e-10,0.06536026374336343
0.34375,4807.492478284159,1.3193234824184642e-05,9.463255132796077e-06,9.463255132796077e-06,1.4586430530452334e-10,0.06596617412092322
0.35000000000000003,4805.778163714835,1.3310722985031953e-05,9.796956905846137e-06,9.796956905846137e-06,1.5027622834446633e-10,0.06655361492515977
0.35625,4804.117400171476,1.342454110091525e-05,1.013631098372071e-05,1.013631098372071e-05,1.5472587711639197e-10,0.06712270550457625
0.36250000000000004,4802.509840294873,1.353471297761312e-05,1.0481311874808122e-05,1.0481311874808122e-05,1.592120430513375e-10,0.0676735648880656
0.36875,4800.955138049672,1.3641262330177614e-05,1.0831954155409953e-05,1.0831954155409953e-05,1.6373352544084368e-10,0.06820631165088807
0.375,4799.452949030997,1.3744212761916149e-05,1.1188232469278442e-05,1.1188232469278442e-05,1.682891313999163e-10,0.06872106380958075
0.38125000000000003,4798.002930665967,1.3843587750584135e-05,1.1550141527156406e-05,1.1550141527156406e-05,1.7287767582541118e-10,0.06921793875292068
0.3875,4796.604742302074,1.393941064232847e-05,1.1917676106319767e-05,1.1917676106319767e-05,1.7749798135241166e-10,0.06969705321164235
0.39375000000000004,4795.258045186676,1.4031704653089186e-05,1.2290831050122654e-05,1.2290831050122654e-05,1.8214887831107083e-10,0.07015852326544593
0.4,4793.962502352229,1.4120492876463093e-05,1.2669601267544907e-05,1.2669601267544907e-05,1.8682920468605992e-10,0.07060246438231546
0.40625,4792.717778429546,1.4205798296515994e-05,1.3053981732741769e-05,1.3053981732741769e-05,1.9153780608026372e-10,0.07102899148257998
0.41250000000000003,4791.5235394148685,1.4287643803728255e-05,1.3443967484595388e-05,1.3443967484595388e-05,1.96273535683761e-10,0.07143821901864128
0.41875,4790.379452419275,1.436605221217589e-05,1.3839553626267818e-05,1.3839553626267818e-05,2.0103525424849987e-10,0.07183026106087945
0.42500000000000004,4789.285185426038,1.4441046276165689e-05,1.4240735324755078e-05,1.4240735324755078e-05,2.058218300684868e-10,0.07220523138082845
0.43125,4788.240407077678,1.4512648704820381e-05,1.4647507810441987e-05,1.4647507810441987e-05,2.1063213896481024e-10,0.0725632435241019
0.4375,4787.244786509386,1.458088217349899e-05,1.5059866376657281e-05,1.5059866376657281e-05,2.1546506427444922e-10,0.07290441086749495
0.44375000000000003,4786.297993238253,1.4645769331384513e-05,1.547780637922871e-05,1.547780637922871e-05,2.2031949684159733e-10,0.07322884665692257
0.45,4785.399697111751,1.4707332805023349e-05,1.5901323236037677e-05,1.5901323236037677e-05,2.2519433501015954e-10,0.07353666402511674
0.45625000000000004,4784.549568312175,1.4765595198013881e-05,1.6330412426572855e-05,1.6330412426572855e-05,2.30088484616146e-10,0.0738279759900694
0.4625,4783.747277409505,1.4820579087380286e-05,1.676506949148221e-05,1.676506949148221e-05,2.350008589788639e-10,0.07410289543690143
0.46875,4782.992495451466,1.4872307017409867e-05,1.7205290032122402e-05,1.7205290032122402e-05,2.3993037889006647e-10,0.07436153508704933
0.47500000000000003,4782.284894077012,1.4920801491869324e-05,1.7651069710104406e-05,1.7651069710104406e-05,2.4487597260052233e-10,0.07460400745934662
0.48125,4781.624145639721,1.4966084965548747e-05,1.8102404246833345e-05,1.8102404246833345e-05,2.498365758037818e-10,0.07483042482774374
0.48750000000000004,4781.009923328041,1.5008179836024322e-05,1.8559289423040052e-05,1.8559289423040052e-05,2.548111316172131e-10,0.0750408991801216
0.49375,4780.44190127114,1.5047108436400033e-05,1.9021721078300632e-05,1.9021721078300632e-05,2.5979859056063236e-10,0.07523554218200017
0.5,4779.919754622062,1.5082893029607647e-05,1.948969511053895e-05,1.948969511053895e-05,2.6479791053304496e-10,0.07541446514803823
0.50625,4779.443159612802,1.511555580463643e-05,1.9963207475505077e-05,1.9963207475505077e-05,2.698080567881366e-10,0.07557777902318215
0.5125000000000001,4779.011793578819,1.5145118874851902e-05,2.0442254186220224e-05,2.0442254186220224e-05,2.748280019092073e-10,0.0757255943742595
0.51875,4778.625334953613,1.5171604278365416e-05,2.0926831312375382e-05,2.0926831312375382e-05,2.798567257842281e-10,0.07585802139182708
0.525,4778.283463236468,1.5195033980248517e-05,2.1416934979666646e-05,2.1416934979666646e-05,2.848932155816314e-10,0.07597516990124259
0.53125,4777.985858938046,1.5215429876258087e-05,2.1912561369044528e-05,2.1912561369044528e-05,2.8993646572733635e-10,0.07607714938129044
0.5375,4777.732203510039,1.5232813797654985e-05,2.2413706715847413e-05,2.2413706715847413e-05,2.9498547788337097e-10,0.07616406898827492
0.5437500000000001,4777.522179265741,1.5247207516661127e-05,2.292036730877997e-05,2.292036730877997e-05,3.000392609283036e-10,0.07623603758330563
0.55,4777.35546929736,1.5258632752104746e-05,2.3432539488685443e-05,2.3432539488685443e-05,3.0509683093954504e-10,0.07629316376052372
0.55625,4777.23175739717,1.5267111174844204e-05,2.3950219647045617e-05,2.3950219647045617e-05,3.1015721117744877e-10,0.07633555587422101
0.5625,4777.150727986423,1.5272664412629852e-05,2.4473404224123172e-05,2.4473404224123172e-05,3.1521943207102235e-10,0.07636332206314926
0.56875,4777.11206605631,1.527531405415137e-05,2.5002089706637015e-05,2.5002089706637015e-05,3.202825312049808e-10,0.07637657027075685
0.5750000000000001,4777.115457123063,1.5275081652115813e-05,2.553627262483121e-05,2.553627262483121e-05,3.2534555330781953e-10,0.07637540826057906
0.58125,4777.160587197993,1.5271988725300102e-05,2.607594954876079e-05,2.607594954876079e-05,3.3040755024056836e-10,0.07635994362650052
0.5875,4777.247142771992,1.526605675961364e-05,2.6621117083571823e-05,2.6621117083571823e-05,3.354675809858972e-10,0.07633028379806821
0.59375,4777.374810812841,1.5257307208285164e-05,2.717177186349657e-05,2.717177186349657e-05,3.4052471163728384e-10,0.07628653604142582
0.6000000000000001,4777.543278772614,1.524576149134925e-05,2.7727910544216114e-05,2.7727910544216114e-05,3.4557801538801156e-10,0.07622880745674625
0.6062500000000001,4777.75223460236,1.5231440994648288e-05,2.828952979315967e-05,2.828952979315967e-05,3.506265725198359e-10,0.07615720497324144
0.6125,4778.0013667701805,1.5214367068585338e-05,2.885662627721007e-05,2.885662627721007e-05,3.5566947039123807e-10,0.07607183534292669
0.61875,4778.290364279738,1.5194561026861815e-05,2.9429196647165957e-05,2.9429196647165957e-05,3.6070580342526e-10,0.07597280513430908
0.625,4778.618916685722,1.5172044145414685e-05,3.0007237518170323e-05,3.0007237518170323e-05,3.65734673096987e-10,0.07586022072707342
0.6312500000000001,4778.986714103822,1.5146837661732698e-05,3.059074544514927e-05,3.059074544514927e-05,3.7075518792080403e-10,0.07573418830866349
0.6375000000000001,4779.393447213258,1.5118962774685668e-05,3.117971689211168e-05,3.117971689211168e-05,3.757664634375949e-10,0.07559481387342834
0.64375,4779.838807250542,1.5088440644948137e-05,3.177414819393673e-05,3.177414819393673e-05,3.807676222020825e-10,0.07544220322474068
0.65,4780.322485994291,1.505529239604433e-05,3.237403550901938e-05,3.237403550901938e-05,3.8575779377051495e-10,0.07527646198022164
0.65625,4780.844175741223,1.501953911598889e-05,3.297937476085186e-05,3.297937476085186e-05,3.907361146888957e-10,0.07509769557994445
0.6625000000000001,4781.403569274645,1.4981201859451549e-05,3.359016156628953e-05,3.359016156628953e-05,3.9570172848193135e-10,0.07490600929725774
0.6687500000000001,4782.000359826719,1.4940301650336087e-05,3.4206391147881795e-05,3.4206391147881795e-05,4.006537856428338e-10,0.07470150825168044
0.675,4782.634241036892,1.4896859484637442e-05,3.482805822724234e-05,3.482805822724234e-05,4.0559144362406986e-10,0.07448429742318721
0.68125,4783.3049069083,1.4850896333425771e-05,3.545515689598905e-05,3.545515689598905e-05,4.105138668290998e-10,0.07425448166712885
0.6875,4784.012051764598,1.4802433145803484e-05,3.608768046030508e-05,3.608768046030508e-05,4.154202266050958e-10,0.07401216572901742
0.6937500000000001,4784.755370209327,1.475149085168965e-05,3.6725621254663725e-05,3.6725621254663725e-05,4.203097012365838e-10,0.07375745425844825
0.7000000000000001,4785.534557089725,1.4698090364303882e-05,3.7368970419726515e-05,3.7368970419726515e-05,4.2518147593990814e-10,0.0734904518215194
0.70625,4786.349307466343,1.46422525822476e-05,3.8017717638876715e-05,3.8017717638876715e-05,4.3003474285838633e-10,0.073211262911238
0.7125,4787.1993165895565,1.458399839111093e-05,3.867185082730063e-05,3.867185082730063e-05,4.3486870105799644e-10,0.07291999195555465
0.71875,4788.084279883643,1.452334866456676e-05,3.9331355766991936e-05,3.9331355766991936e-05,4.3968255652342694e-10,0.0726167433228338
0.7250000000000001,4789.003892938378,1.4460324264946809e-05,3.99962156805485e-05,3.99962156805485e-05,4.444755221543177e-10,0.07230162132473404
0.7312500000000001,4789.957851507768,1.4394946043325668e-05,4.066641073617905e-05,4.066641073617905e-05,4.492468177615287e-10,0.07197473021662834
0.7375,4790.945851515281,1.4327234839165927e-05,4.1341917475963444e-05,4.1341917475963444e-05,4.5399567006329103e-10,0.07163617419582964
0.74375,4791.967589064263,1.4257211479599357e-05,4.202270815914561e-05,4.202270815914561e-05,4.5872131268112014e-10,0.07128605739799679
0.75,4793.022760452498,1.4184896778434679e-05,4.270875001211349e-05,4.270875001211349e-05,4.634229861353994e-10,0.0709244838921734
0.7562500000000001,4794.111062189196,1.411031153499131e-05,4.340000437677159e-05,4.340000437677159e-05,4.680999378405777e-10,0.07055155767495655
0.7625000000000001,4795.23219101304,1.403347653286101e-05,4.409642574927585e-05,4.409642574927585e-05,4.727514220999566e-10,0.07016738266430506
0.76875,4796.385843909906,1.3954412538695756e-05,4.4797960701616104e-05,4.4797960701616104e-05,4.773767001000751e-10,0.06977206269347878
0.775,4797.571718128777,1.3873140301111348e-05,4.5504546679337226e-05,4.5504546679337226e-05,4.819750399047321e-10,0.06936570150555674
0.78125,4798.7895111950875,1.3789680549783573e-05,4.621611066982342e-05,4.621611066982342e-05,4.865457164487079e-10,0.06894840274891786
0.7875000000000001,4800.038920920079,1.3704053994797675e-05,4.693256773706599e-05,4.693256773706599e-05,4.91088011531271e-10,0.06852026997398837
0.7937500000000001,4801.319645406015,1.36162813262947e-05,4.765381942072304e-05,4.765381942072304e-05,4.956012138095679e-10,0.0680814066314735
0.8,4802.631383046607,1.3526383214439916e-05,4.837975199958395e-05,4.837975199958395e-05,5.000846187920016e-10,0.06763191607219958
0.80625,4803.973832522729,1.3434380309721197e-05,4.9110234622286174e-05,4.9110234622286174e-05,5.045375288317092e-10,0.06717190154860599
0.8125,4805.346692793309,1.334029324356908e-05,4.9845117311301835e-05,4.9845117311301835e-05,5.089592531202458e-10,0.0667014662178454
0.8187500000000001,4806.749663081907,1.3244142629276329e-05,5.058422884980639e-05,5.058422884980639e-05,5.133491076815722e-10,0.06622071314638164
0.8250000000000001,4808.182442859493,1.3145949063183555e-05,5.1327374565038455e-05,5.1327374565038455e-05,5.177064153664363e-10,0.06572974531591777
0.83125,4809.644731823766,1.3045733126089323e-05,5.2074334026115933e-05,5.2074334026115933e-05,5.220305058472211e-10,0.06522866563044662
0.8375,4811.136229876063,1.2943515384837966e-05,5.2824858678930444e-05,5.2824858678930444e-05,5.263207156133202e-10,0.06471757692418983
0.84375,4812.656637096267,1.2839316394036323e-05,5.3578669445619925e-05,5.3578669445619925e-05,5.305763879670808e-10,0.06419658197018162
0.8500000000000001,4814.205653716621,1.2733156697851495e-05,5.433545432111895e-05,5.433545432111895e-05,5.347968730203441e-10,0.06366578348925747
0.8562500000000001,4815.782980094881,1.2625056831844888e-05,5.5094866004288826e-05,5.5094866004288826e-05,5.389815276915924e-10,0.06312528415922444
0.8625,4817.388316687696,1.2515037324803279e-05,5.5856519605997425e-05,5.5856519605997425e-05,5.431297157037039e-10,0.0625751866240164
0.86875,4819.021364024367,1.2403118700534629e-05,5.661999048109715e-05,5.661999048109715e-05,5.472408075823022e-10,0.06201559350267315
0.875,4820.681822681517,1.2289321479604182e-05,5.7384812235369856e-05,5.7384812235369856e-05,5.513141806546817e-10,0.06144660739802091
0.8812500000000001,4822.369393258802,1.2173666180995147e-05,5.815047496199172e-05,5.815047496199172e-05,5.553492190492831e-10,0.06086833090497574
0.8875000000000001,4824.083776355993,1.205617332368652e-05,5.8916423764733966e-05,5.8916423764733966e-05,5.59345313695692e-10,0.0602808666184326
0.89375,4825.824672551071,1.1936863428148727e-05,5.9682057626774035e-05,5.9682057626774035e-05,5.633018623251335e-10,0.05968431714074363
0.9,4827.591782379532,1.181575701776498e-05,6.044672868446851e-05,6.044672868446851e-05,5.672182694714369e-10,0.0590787850888249
0.90625,4829.384806314489,1.1692874620192039e-05,6.120974196456972e-05,6.120974196456972e-05,5.710939464724535e-10,0.05846437310096019
0.9125000000000001,4831.203444747499,1.1568236768678773e-05,6.197035564101134e-05,6.197035564101134e-05,5.749283114719087e-10,0.057841183843393866
0.9187500000000001,4833.047397969529,1.1441864003363683e-05,6.272778186342937e-05,6.272778186342937e-05,5.787207894216865e-10,0.057209320016818416
0.925,4834.916366152132,1.1313776872574014e-05,6.348118820394541e-05,6.348118820394541e-05,5.824708120845437e-10,0.05656888436287007
0.93125,4836.810049328019,1.11839959341487e-05,6.422969976138767e-05,6.422969976138767e-05,5.861778180372622e-10,0.0559199796707435
0.9375,4838.728147371224,1.105254175680572e-05,6.49724019530706e-05,6.49724019530706e-05,5.898412526742551e-10,0.0552627087840286
0.9437500000000001,4840.6703599760785,1.0919434921571339e-05,6.570834401357182e-05,6.570834401357182e-05,5.934605682116465e-10,0.054597174607856694
0.9500000000000001,4842.6363866354695,1.07846960232847e-05,6.643654320775447e-05,6.643654320775447e-05,5.970352236918497e-10,0.0539234801164235
0.95625,4844.625926617509,1.064834567218637e-05,6.71559897517769e-05,6.71559897517769e-05,6.005646849886722e-10,0.053241728360931856
0.9625,4846.63867894112,1.0510404495594237e-05,6.786565242124813e-05,6.786565242124813e-05,6.04048424812976e-10,0.05255202247797119
0.96875,4848.674342350368,1.037089313966464e-05,6.856448481033137e-05,6.856448481033137e-05,6.07485922718922e-10,0.0518544656983232
0.9750000000000001,4850.732615287605,1.022983227123155e-05,6.925143218982092e-05,6.925143218982092e-05,6.10876665110823e-10,0.05114916135615775
0.9812500000000001,4852.813195865635,1.0087242579711833e-05,6.992543889641283e-05,6.992543889641283e-05,6.142201452506298e-10,0.050436212898559166
0.9875,4854.9157818392705,9.943144779060507e-06,7.058545616999117e-05,7.058545616999117e-05,6.175158632660641e-10,0.04971572389530253
0.99375,4857.040070576247,9.797559609757e-06,7.123045034120722e-05,7.123045034120722e-05,6.207633261594103e-10,0.048987798048784996
1.0,4859.185759028156,9.65050784080123e-06,7.185941125840196e-05,7.185941125840196e-05,6.239620478169686e-10,0.04825253920400615
1.00625,4861.352543701509,9.502010271697636e-06,7.2471360831465e-05,7.2471360831465e-05,6.271115490191662e-10,0.04751005135848818
1.0125,4863.540120629234,9.352087734405445e-06,7.306536156096688e-05,7.306536156096688e-05,6.302113574513145e-10,0.04676043867202723
1.01875,4865.748185343074,9.200761095235252e-06,7.364052491423909e-05,7.364052491423909e-05,6.332610077149949e-10,0.04600380547617626
1.0250000000000001,4867.976432846774,9.048051256674309e-06,7.419601940634294e-05,7.419601940634294e-05,6.362600413400502e-10,0.04524025628337154
1.03125,4870.224557590997,8.893979159126692e-06,7.473107824333268e-05,7.473107824333268e-05,6.392080067971518e-10,0.04446989579563346
1.0375,4872.492253449014,8.738565782558645e-06,7.524500638806198e-05,7.524500638806198e-05,6.421044595109136e-10,0.043692828912793226
1.04375,4874.779213694321,8.581832148044317e-06,7.573718691509507e-05,7.573718691509507e-05,6.449489618735169e-10,0.04290916074022159
1.05,4877.085130979504,8.423799319212196e-06,7.620708653105124e-05,7.620708653105124e-05,6.477410832588152e-10,0.04211899659606098
1.0562500000000001,4879.40969731639,8.264488403597663e-06,7.665426014981066e-05,7.665426014981066e-05,6.504804000368877e-10,0.04132244201798831
1.0625,4881.752604057765,8.103920553912071e-06,7.707835442821153e-05,7.707835442821153e-05,6.531664955890135e-10,0.040519602769560355
1.06875,4884.113541879659,7.942116969243168e-06,7.747911018683827e-05,7.747911018683827e-05,6.557989603230425e-10,0.03971058484621584
1.075,4886.492200764595,7.77909889620549e-06,7.78563636618022e-05,7.78563636618022e-05,6.583773916891492e-10,0.03889549448102745
1.08125,4888.888269985213,7.6148876300623196e-06,7.821004655653055e-05,7.821004655653055e-05,6.609013941959574e-10,0.0380744381503116
1.0875000000000001,4891.301438088157,7.449504515842753e-06,7.85401848869118e-05,7.85401848869118e-05,6.63370579427035e-10,0.037247522579213765
1.09375,4893.731392877157,7.282970949478217e-06,7.884689663804819e-05,7.884689663804819e-05,6.657845660577665e-10,0.03641485474739108
1.1,4896.1778213960615,7.115308378982722e-06,7.913038827565754e-05,7.913038827565754e-05,6.68142979872616e-10,0.03557654189491361
1.10625,4898.640409910591,6.946538305699701e-06,7.939095017915343e-05,7.939095017915343e-05,6.70445453782803e-10,0.034732691528498505
1.1125,4901.1188438888385,6.776682285636078e-06,7.962895108593598e-05,7.962895108593598e-05,6.726916278444218e-10,0.03388341142818039
1.1187500000000001,4903.612807980238,6.605761930901039e-06,7.984483165679836e-05,7.984483165679836e-05,6.748811492770362e-10,0.03302880965450519
1.125,4906.121985992947,6.433798911263131e-06,8.003909729001461e-05,8.003909729001461e-05,6.770136724827915e-10,0.03216899455631565
1.13125,4908.646060869197,6.260814955834952e-06,8.021231032611344e-05,8.021231032611344e-05,6.790888590660845e-10,0.03130407477917476
1.1375,4911.184714658785,6.086831854890097e-06,8.036508179615581e-05,8.036508179615581e-05,6.811063778538354e-10,0.030434159274450485
1.14375,4913.737628490651,5.9118714618123146e-06,8.049806287322563e-05,8.049806287322563e-05,6.83065904916406e-10,0.029559357309061573
1.1500000000000001,4916.30448254258,5.735955695172362e-06,8.06119361896426e-05,8.06119361896426e-05,6.849671235892069e-10,0.028679778475861808
1.15625,4918.884956009162,5.559106540923936e-06,8.070740718107332e-05,8.070740718107332e-05,6.868097244950315e-10,0.02779553270461968
1.1625,4921.478727068073,5.381346054706528e-06,8.0785195613343e-05,8.0785195613343e-05,6.885934055671539e-10,0.02690673027353264
1.16875,4924.085472845414,5.202696364240298e-06,8.084602743855026e-05,8.084602743855026e-05,6.903178720732205e-10,0.02601348182120149
1.175,4926.7048693792885,5.023179671796116e-06,8.089062711440246e-05,8.089062711440246e-05,6.919828366399606e-10,0.025115898358980582
1.1812500000000001,4929.336591583242,4.8428182567228916e-06,8.091971050495759e-05,8.091971050495759e-05,6.935880192787337e-10,0.02421409128361446
1.1875,4931.980313208704,4.661634478014328e-06,8.093397846271495e-05,8.093397846271495e-05,6.951331474119291e-10,0.02330817239007164
1.19375,4934.6357068071175,4.479650776897994e-06,8.093411117184145e-05,8.093411117184145e-05,6.966179559002223e-10,0.022398253884489967
1.2000000000000002,4937.302443692238,4.296889679431434e-06,8.092076331089868e-05,8.092076331089868e-05,6.980421870706925e-10,0.02148444839715717
1.20625,4939.980193902123,4.113373799092425e-06,8.089456007142183e-05,8.089456007142183e-05,6.994055907457987e-10,0.020566868995462124
1.2125000000000001,4942.668626161762,3.929125839353632e-06,8.08560940467602e-05,8.08560940467602e-05,7.007079242732091e-10,0.01964562919676816
1.21875,4945.367407845761,3.7441685962354905e-06,8.080592298436813e-05,8.080592298436813e-05,7.019489525564766e-10,0.018720842981177453
1.225,4948.076204941362,3.5585249608349126e-06,8.074456837483007e-05,8.074456837483007e-05,7.031284480865522e-10,0.017792624804174564
1.2312500000000002,4950.794682011995,3.372217921831508e-06,8.067251483284562e-05,8.067251483284562e-05,7.0424619097413e-10,0.01686108960915754
1.2375,4953.522502160841,3.1852705679768423e-06,8.059021020963839e-05,8.059021020963839e-05,7.053019689828161e-10,0.015926352839884212
1.2437500000000001,4956.259326994746,2.9977060905760226e-06,8.049806636313755e-05,8.049806636313755e-05,7.06295577563121e-10,0.014988530452880114
1.25,4959.0048165878425,2.809547785974305e-06,8.039646050206243e-05,8.039646050206243e-05,7.072268198872758e-10,0.014047738929871526
1.25625,4961.758629445028,2.6208190580642943e-06,8.02857370128573e-05,8.02857370128573e-05,7.08095506884879e-10,0.013104095290321471
1.2625000000000002,4964.520422464753,2.4315434208317757e-06,8.016620967430642e-05,8.016620967430642e-05,7.089014572793882e-10,0.012157717104158878
1.26875,4967.289850901042,2.2417445009600006e-06,8.00381641635364e-05,8.00381641635364e-05,7.096444976254741e-10,0.011208722504800003
1.2750000000000001,4970.066568324422,2.0514460405134626e-06,7.990186075881465e-05,7.990186075881465e-05,7.103244623472641e-10,0.010257230202567313
1.28125,4972.850226581132,1.86067189972281e-06,7.975753714882529e-05,7.975753714882529e-05,7.109411937775096e-10,0.00930335949861405
1.2875,4975.640475750832,1.6694460598926153e-06,7.96054112646233e-05,7.96054112646233e-05,7.114945421977168e-10,0.008347230299463076
1.2937500000000002,4978.436964101985,1.477792626453193e-06,7.944568405885659e-05,7.944568405885659e-05,7.119843658792883e-10,0.007388963132265965
1.3,4981.239338044968,1.2857358321768113e-06,7.927854216668611e-05,7.927854216668611e-05,7.124105311257321e-10,0.006428679160884057
1.3062500000000001,4984.047242082434,1.0933000405773075e-06,7.91041603936939e-05,7.91041603936939e-05,7.127729123159964e-10,0.0054665002028865374
1.3125,4986.8603187568815,9.005097495106032e-07,7.892270398750775e-05,7.892270398750775e-05,7.13071391948998e-10,0.004502548747553016
1.31875,4989.678208594742,7.0738959499183e-07,7.873433066146848e-05,7.873433066146848e-05,7.133058606894165e-10,0.00353694797495915
1.3250000000000002,4992.500550047604,5.139643552429699e-07,7.853919235002493e-05,7.853919235002493e-05,7.134762174148293e-10,0.0025698217762148493
1.33125,4995.32697942932,3.202589549829651e-07,7.83374366863119e-05,7.83374366863119e-05,7.135823692642688e-10,0.0016012947749148255
1.3375000000000001,4998.157130849981,1.2629846997044424e-07,7.812920820224231e-05,7.812920820224231e-05,7.136242316882857e-10,0.0006314923498522212
1.34375,5000.990636145624,-6.789186819262193e-08,7.791464926018621e-05,7.791464926018621e-05,7.136017285006046e-10,-0.00033945934096310965
1.35,5003.827124804347,-2.6228666698964426e-07,7.769390073273254e-05,7.769390073273254e-05,7.135147919314594e-10,-0.0013114333349482214
1.3562500000000002,5006.666223888364,-4.568603676453683e-07,7.74671024530182e-05,7.74671024530182e-05,7.133633626827012e-10,-0.0022843018382268415
1.3625,5009.507557951818,-6.515872395052851e-07,7.723439346261046e-05,7.723439346261046e-05,7.131473899847689e-10,-0.0032579361975264257
1.3687500000000001,5012.350748954932,-8.46441374135856e-07,7.699591208694462e-05,7.699591208694462e-05,7.12866831655615e-10,-0.00423220687067928
1.375,5015.195416173599,-1.0413966791439967e-06,7.675179586991279e-05,7.675179586991279e-05,7.1252165416168e-10,-0.005206983395719984
1.38125,5018.041176105252,-1.236426871715038e-06,7.650218139947142e-05,7.650218139947142e-05,7.121118326810092e-10,-0.00618213435857519
1.3875000000000002,5020.887642370432,-1.4315054718691126e-06,7.624720405523284e-05,7.624720405523284e-05,7.116373511686041e-10,-0.007157527359345563
1.39375,5023.734425610201,-1.6266057954363609e-06,7.598699770709691e-05,7.598699770709691e-05,7.110982024241023e-10,-0.008133028977181805
1.4000000000000001,5026.581133379659,-1.8217009467516963e-06,7.572169439125629e-05,7.572169439125629e-05,7.104943881618795e-10,-0.009108504733758481
1.40625,5029.427370037278,-2.016763811069974e-06,7.545142398657161e-05,7.545142398657161e-05,7.098259190836642e-10,-0.01008381905534987
1.4125,5032.272736629964,-2.211767046702355e-06,7.51763139105636e-05,7.51763139105636e-05,7.090928149537604e-10,-0.011058835233511774
1.4187500000000002,5035.116830774505,-2.4066830768742674e-06,7.489648885029986e-05,7.489648885029986e-05,7.082951046769676e-10,-0.012033415384371337
1.425,5037.959246534587,-2.6014840813048533e-06,7.461207053944757e-05,7.461207053944757e-05,7.074328263792928e-10,-0.013007420406524266
1.4312500000000001,5040.799574293846,-2.7961419875068782e-06,7.432317758887769e-05,7.432317758887769e-05,7.06506027491546e-10,-0.013980709937534391
1.4375,5043.6374006247925,-2.9906284618048715e-06,7.402992537457997e-05,7.402992537457997e-05,7.055147648359124e-10,-0.014953142309024357
1.44375,5046.472308153646,-3.1849149000676936e-06,7.373242598339079e-05,7.373242598339079e-05,7.044591047155968e-10,-0.01592457450033847
1.4500000000000002,5049.303875420818,-3.3789724181497777e-06,7.343078821422853e-05,7.343078821422853e-05,7.033391230076361e-10,-0.016894862090748888
1.45625,5052.1316767370845,-3.572771842032924e-06,7.312511763023113e-05,7.312511763023113e-05,7.021549052589796e-10,-0.017863859210164618
1.4625000000000001,5054.955282035238,-3.7662836976577006e-06,7.281551665542042e-05,7.281551665542042e-05,7.009065467859393e-10,-0.018831418488288502
1.46875,5057.774256716846,-3.959478200430347e-06,7.250208470828382e-05,7.250208470828382e-05,6.995941527771184e-10,-0.019797391002151735
1.475,5060.588161494332,-4.152325244387346e-06,7.218491836394346e-05,7.218491836394346e-05,6.982178383999317e-10,-0.02076162622193673
1.4812500000000002,5063.396552227491,-4.344794390995913e-06,7.186411153633814e-05,7.186411153633814e-05,6.967777289108374e-10,-0.021723971954979566
1.4875,5066.198979754271,-4.536854857564214e-06,7.153975567202098e-05,7.153975567202098e-05,6.952739597694111e-10,-0.022684274287821073
1.4937500000000001,5068.994989715694,-4.728475505230522e-06,7.121193994771014e-05,7.121193994771014e-05,6.937066767564003e-10,-0.02364237752615261
1.5,5071.784122373826,-4.919624826495603e-06,7.088075146455135e-05,7.088075146455135e-05,6.920760360959118e-10,-0.024598124132478014
1.50625,5074.565912422608,-5.1102709322577056e-06,7.054627543308348e-05,7.054627543308348e-05,6.903822045818962e-10,-0.02555135466128853
1.5125000000000002,5077.339888790768,-5.300381538304461e-06,7.020859534406867e-05,7.020859534406867e-05,6.886253597091098e-10,-0.026501907691522303
1.51875,5080.105574436107,-5.489923951211051e-06,6.986779312158635e-05,6.986779312158635e-05,6.868056898087505e-10,-0.027449619756055255
1.5250000000000001,5082.86248613016,-5.678865053589353e-06,6.952394925603001e-05,6.952394925603001e-05,6.849233941889835e-10,-0.028394325267946764
1.53125,5085.610134232679,-5.867171288628271e-06,6.917714291583221e-05,6.917714291583221e-05,6.829786832805903e-10,-0.029335856443141354
1.5375,5088.34802245487,-6.054808643861565e-06,6.882745203782848e-05,6.882745203782848e-05,6.80971778787999e-10,-0.030274043219307822
1.5437500000000002,5091.075647610031,-6.24174263409616e-06,6.847495339711876e-05,6.847495339711876e-05,6.789029138459722e-10,-0.0312087131704808
1.55,5093.792499351507,-6.4279382834312075e-06,6.811972265806948e-05,6.811972265806948e-05,6.767723331822552e-10,-0.03213969141715604
1.5562500000000001,5096.498059895785,-6.613360106296502e-06,6.776183440870626e-05,6.776183440870626e-05,6.745802932865095e-10,-0.03306680053148251
1.5625,5099.191803730595,-6.797972087437973e-06,6.740136218116847e-05,6.740136218116847e-05,6.723270625858793e-10,-0.033989860437189864
1.56875,5101.873197306299,-6.981737660778417e-06,6.70383784611398e-05,6.70383784611398e-05,6.70012921627566e-10,-0.034908688303892085
1.5750000000000002,5104.541698710223,-7.164619687083103e-06,6.667295468924132e-05,6.667295468924132e-05,6.676381632688039e-10,-0.035823098435415514
1.58125,5107.196757322078,-7.3465804303629465e-06,6.630516125729605e-05,6.630516125729605e-05,6.652030928746592e-10,-0.03673290215181473
1.5875000000000001,5109.8378134506,-7.527581532952253e-06,6.593506750216781e-05,6.593506750216781e-05,6.62708028524088e-10,-0.037637907664761265
1.59375,5112.464297949486,-7.7075839892042e-06,6.556274169956736e-05,6.556274169956736e-05,6.601533012247141e-10,-0.038537919946020995
1.6,5115.075631812835,-7.886548117754787e-06,6.518825105983546e-05,6.518825105983546e-05,6.575392551367992e-10,-0.03943274058877394
1.6062500000000002,5117.671225748868,-8.06443353231567e-06,6.481166172728045e-05,6.481166172728045e-05,6.548662478068952e-10,-0.04032216766157835
1.6125,5120.250479732043,-8.241199110967566e-06,6.443303878419553e-05,6.443303878419553e-05,6.521346504116731e-10,-0.04120599555483783
1.6187500000000001,5122.812782532669,-8.416802963939509e-06,6.40524462602328e-05,6.40524462602328e-05,6.493448480124328e-10,-0.04208401481969754
1.625,5125.357511224915,-8.591202399874541e-06,6.366994714738703e-05,6.366994714738703e-05,6.464972398207934e-10,-0.042956011999372705
1.63125,5127.884030672585,-8.764353890600234e-06,6.32856034204622e-05,6.32856034204622e-05,6.435922394760611e-10,-0.043821769453001175
1.6375000000000002,5130.391692993946,-8.936213034442204e-06,6.289947606256901e-05,6.289947606256901e-05,6.406302753347572e-10,-0.04468106517221102
1.64375,5132.8798370058985,-9.106734518140977e-06,6.251162509494362e-05,6.251162509494362e-05,6.376117907727682e-10,-0.045533672590704885
1.6500000000000001,5135.347787649305,-9.27587207745698e-06,6.212210961018917e-05,6.212210961018917e-05,6.345372445005547e-10,-0.04637936038728489
1.65625,5137.794855396548,-9.443578456575294e-06,6.173098780792543e-05,6.173098780792543e-05,6.314071108918149e-10,-0.04721789228287647
1.6625,5140.220335643752,-9.609805366450894e-06,6.133831703178368e-05,6.133831703178368e-05,6.282218803259554e-10,-0.04804902683225447
1.6687500000000002,5142.623508090024,-9.774503442266675e-06,6.09441538066989e-05,6.09441538066989e-05,6.249820595446626e-10,-0.04887251721133338
1.675,5145.003636106811,-9.93762220021022e-06,6.054855387552054e-05,6.054855387552054e-05,6.216881720228008e-10,-0.0496881110010511
1.6812500000000001,5147.359966100753,-1.0099109993811386e-05,6.015157223407694e-05,6.015157223407694e-05,6.183407583537822e-10,-0.05049554996905693
1.6875,5149.691726874348,-1.0258913970120753e-05,5.9753263163975056e-05,5.9753263163975056e-05,6.149403766494626e-10,-0.051294569850603766
1.69375,5151.9981289887455,-1.0416980026049042e-05,5.9353680262586244e-05,5.9353680262586244e-05,6.114876029545076e-10,-0.05208490013024521
1.7000000000000002,5154.278364134443,-1.0573252765229383e-05,5.8952876469846476e-05,5.8952876469846476e-05,6.079830316750577e-10,-0.05286626382614692
1.70625,5156.531604515289,-1.0727675455807481e-05,5.85509040916789e-05,5.85509040916789e-05,6.044272760213842e-10,-0.053638377279037405
1.7125000000000001,5158.757002252767,-1.0880189989609224e-05,5.8147814820014166e-05,5.8147814820014166e-05,6.008209684640792e-10,-0.05440094994804612
1.71875,5160.953688817464,-1.1030736843180353e-05,5.774365974953589e-05,5.774365974953589e-05,5.971647612031587e-10,-0.05515368421590176
1.725,5163.1207744957655,-1.1179255041238445e-05,5.7338489391405946e-05,5.7338489391405946e-05,5.934593266492805e-10,-0.055896275206192225
1.7312500000000002,5165.257347900338,-1.1325682123122901e-05,5.6932353684325035e-05,5.6932353684325035e-05,5.897053579160821e-10,-0.05662841061561451
1.7375,5167.362475533565,-1.146995411287315e-05,5.652530200335462e-05,5.652530200335462e-05,5.859035693224362e-10,-0.05734977056436575
1.7437500000000001,5169.435201413605,-1.1612005493608789e-05,5.61173831669679e-05,5.61173831669679e-05,5.820546969031989e-10,-0.058060027468043944
1.75,5171.474546773949,-1.175176918692642e-05,5.5708645442810306e-05,5.5708645442810306e-05,5.781594989267857e-10,-0.058758845934632105
1.75625,5173.4795098467675,-1.188917653806648e-05,5.529913655263729e-05,5.529913655263729e-05,5.74218756417665e-10,-0.059445882690332394
1.7625000000000002,5175.449065742323,-1.2024157307637823e-05,5.488890367686286e-05,5.488890367686286e-05,5.702332736815942e-10,-0.060120786538189114
1.76875,5177.382166435782,-1.215663967071796e-05,5.4477993459100704e-05,5.4477993459100704e-05,5.662038788311539e-10,-0.0607831983535898
1.7750000000000001,5179.277740873998,-1.2286550224171278e-05,5.4066452011016047e-05,5.4066452011016047e-05,5.621314243088567e-10,-0.06143275112085639
1.78125,5181.1346952147405,-1.2413814003045403e-05,5.365432491773488e-05,5.365432491773488e-05,5.580167874048214e-10,-0.06206907001522702
1.7875,5182.951913211163,-1.2538354506916228e-05,5.324165724398446e-05,5.324165724398446e-05,5.538608707657145e-10,-0.06269177253458114
1.7937500000000002,5184.728256754032,-1.2660093737053834e-05,5.2828493541066925e-05,5.2828493541066925e-05,5.496646028913732e-10,-0.06330046868526917
1.8,5186.462566584586,-1.2778952245273534e-05,5.2414877854702616e-05,5.2414877854702616e-05,5.454289386152364e-10,-0.06389476122636767
1.8062500000000001,5188.153663190133,-1.2894849195317839e-05,5.2000853733722325e-05,5.2000853733722325e-05,5.411548595644299e-10,-0.0644742459765892
1.8125,5189.800347894538,-1.3007702437584908e-05,5.158646423954163e-05,5.158646423954163e-05,5.368433745950832e-10,-0.06503851218792454
1.81875,5191.401404154501,-1.31174285979767e-05,5.11717519563157e-05,5.11717519563157e-05,5.324955201981959e-10,-0.0655871429898835
1.8250000000000002,5192.9555990725885,-1.322394318158414e-05,5.075675900165077e-05,5.075675900165077e-05,5.281123608711378e-10,-0.06611971590792069
1.83125,5194.461685136021,-1.3327160691857181e-05,5.034152703773811e-05,5.034152703773811e-05,5.236949894496495e-10,-0.06663580345928591
1.8375000000000001,5195.918402189742,-1.3426994765823635e-05,4.992609728277591e-05,4.992609728277591e-05,5.192445273950228e-10,-0.06713497382911818
1.84375,5197.324479650374,-1.3523358325822165e-05,4.9510510522554073e-05,4.9510510522554073e-05,5.147621250309895e-10,-0.06761679162911083
1.85,5198.678638966319,-1.3616163748101348e-05,4.909480712209278e-05,4.909480712209278e-05,5.10248961724726e-10,-0.06808081874050674
1.8562500000000002,5199.97959632728,-1.3705323048508764e-05,4.867902703724691e-05,4.867902703724691e-05,5.057062460063105e-10,-0.06852661524254382
1.8625,5201.226065624182,-1.3790748085351578e-05,4.826320982621205e-05,4.826320982621205e-05,5.011352156209414e-10,-0.06895374042675789
1.8687500000000001,5202.416761658702,-1.3872350779354042e-05,4.7847394660892506e-05,4.7847394660892506e-05,4.965371375082478e-10,-0.06936175389677021
1.875,5203.550403598709,-1.3950043350468254e-05,4.743162033811477e-05,4.743162033811477e-05,4.919133077031091e-10,-0.06975021675234126
1.88125,5204.625718673292,-1.4023738571114072e-05,4.701592529069073e-05,4.701592529069073e-05,4.872650511525363e-10,-0.07011869285557036
1.8875000000000002,5205.641446098676,-1.4093350035233082e-05,4.6600347598351166e-05,4.6600347598351166e-05,4.825937214433727e-10,-0.07046675017616541
1.89375,5206.596341223006,-1.4158792442342523e-05,4.618492499858256e-05,4.618492499858256e-05,4.779007004358447e-10,-0.07079396221171262
1.9000000000000001,5207.489179875009,-1.4219981895569417e-05,4.5769694897406884e-05,4.5769694897406884e-05,4.731873977983257e-10,-0.07109990947784708
1.90625,5208.318762898791,-1.4276836212435759e-05,4.535469438014628e-05,4.535469438014628e-05,4.684552504390899e-10,-0.0713841810621788
1.9125,5209.083920853667,-1.4329275246954658e-05,4.4939960222212166e-05,4.4939960222212166e-05,4.6370572183130385e-10,-0.0716463762347733
1.9187500000000002,5209.783518855025,-1.4377221221388049e-05,4.4525528899951726e-05,4.4525528899951726e-05,4.589403012280557e-10,-0.07188610610694024
1.925,5210.416461528954,-1.4420599065811574e-05,4.4111436601575495e-05,4.4111436601575495e-05,4.541605027648333e-10,-0.07210299532905787
1.9312500000000001,5210.981698050989,-1.4459336763435169e-05,4.369771923817833e-05,4.369771923817833e-05,4.493678644475435e-10,-0.07229668381717584
1.9375,5211.478227236172,-1.4493365699441636e-05,4.328441245485347e-05,4.328441245485347e-05,4.4456394702490677e-10,-0.07246682849720817
1.94375,5211.9051026452535,-1.4522621010933946e-05,4.2871551641887175e-05,4.2871551641887175e-05,4.3975033274485977e-10,-0.07261310505466974
1.9500000000000002,5212.261437669595,-1.4547041935427847e-05,4.2459171946009874e-05,4.2459171946009874e-05,4.349286239954475e-10,-0.07273520967713924
1.95625,5212.546410555762,-1.4566572155193687e-05,4.204730828166989e-05,4.204730828166989e-05,4.301004418315816e-10,-0.07283286077596844
1.9625000000000001,5212.759269328303,-1.4581160134642962e-05,4.163599534228861e-05,4.163599534228861e-05,4.2526742438996927e-10,-0.07290580067321481
1.96875,5212.899336569194,-1.4590759447873772e-05,4.122526761145101e-05,4.122526761145101e-05,4.2043122519547554e-10,-0.07295379723936886
1.975,5212.966014010666,-1.4595329093438568e-05,4.081515937398387e-05,4.081515937398387e-05,4.155935113631538e-10,-0.07297664546719283
1.9812500000000002,5212.95878689857,-1.459483379337902e-05,4.040570472687491e-05,4.040570472687491e-05,4.1075596170115905e-10,-0.0729741689668951
1.9875,5212.877228083266,-1.4589244273589007e-05,3.9996937589990064e-05,3.9996937589990064e-05,4.059202647207332e-10,-0.07294622136794504
1.9937500000000001,5212.721001795914,-1.457853752261911e-05,3.958889171655203e-05,3.958889171655203e-05,4.010881165604083e-10,-0.07289268761309556
2.0,5212.489867069417,-1.4562697026125619e-05,3.918160070335165e-05,3.918160070335165e-05,3.9626121883249954e-10,-0.07281348513062809
2.00625,5212.183680765027,-1.4541712974294673e-05,3.877509800067255e-05,3.877509800067255e-05,3.9144127640084695e-10,-0.07270856487147337
2.0125,5211.802400168138,-1.4515582439737305e-05,3.8369416921920244e-05,3.8369416921920244e-05,3.86629995099592e-10,-0.07257791219868652
2.0187500000000003,5211.346085119449,-1.4484309523553835e-05,3.796459065295649e-05,3.796459065295649e-05,3.8182907940354053e-10,-0.07242154761776917
2.025,5210.8148996517175,-1.4447905467504205e-05,3.7560652261150385e-05,3.7560652261150385e-05,3.7704023006134626e-10,-0.07223952733752102
2.03125,5210.209113105965,-1.4406388730493105e-05,3.7157634704166276e-05,3.7157634704166276e-05,3.722651417033426e-10,-0.07203194365246553
2.0375,5209.529100704747,-1.4359785027882197e-05,3.67555708385166e-05,3.67555708385166e-05,3.675055004363442e-10,-0.07179892513941098
2.04375,5208.77534356686,-1.430812733247339e-05,3.6354493427914235e-05,3.6354493427914235e-05,3.627629814381227e-10,-0.07154063666236694
2.0500000000000003,5207.948428150452,-1.4251455836362883e-05,3.595443515146342e-05,3.595443515146342e-05,3.580392465645261e-10,-0.07125727918181442
2.05625,5207.049045119525,-1.4189817873241618e-05,3.55554286117313e-05,3.55554286117313e-05,3.533359419823521e-10,-0.07094908936620808
2.0625,5206.07798763233,-1.4123267801108715e-05,3.515750634274336e-05,3.515750634274336e-05,3.4865469584109695e-10,-0.07061633900554358
2.06875,5205.036149057904,-1.4051866845765365e-05,3.4760700817945505e-05,3.4760700817945505e-05,3.4399711599657926e-10,-0.07025933422882683
2.075,5203.924520131337,-1.3975682905861984e-05,3.436504445817383e-05,3.436504445817383e-05,3.393647877991818e-10,-0.06987841452930992
2.0812500000000003,5202.74418556541,-1.3894790320675253e-05,3.3970569639670105e-05,3.3970569639670105e-05,3.3475927195906555e-10,-0.06947395160337627
2.0875,5201.496320141148,-1.3809269602188308e-05,3.3577308702177286e-05,3.3577308702177286e-05,3.3018210250018715e-10,-0.06904634801094153
2.09375,5200.182184306294,-1.3719207133430601e-05,3.318529395714488e-05,3.318529395714488e-05,3.256347848143036e-10,-0.06859603566715301
2.1,5198.803119315144,-1.362469483539828e-05,3.2794557696069574e-05,3.2794557696069574e-05,3.2111879382537823e-10,-0.0681234741769914
2.10625,5197.360541948921,-1.352582980521529e-05,3.240513219899176e-05,3.240513219899176e-05,3.1663557227392066e-10,-0.06762914902607645
2.1125000000000003,5195.855938859556,-1.3422713928504955e-05,3.201704974316435e-05,3.201704974316435e-05,3.121865291298083e-10,-0.06711356964252478
2.11875,5194.290860584881,-1.3315453469215905e-05,3.163034261190628e-05,3.163034261190628e-05,3.0777303814106306e-10,-0.06657726734607952
2.125,5192.666915285328,-1.3204158640381245e-05,3.124504310364981e-05,3.124504310364981e-05,3.033964365249022e-10,-0.06602079320190622
2.13125,5190.985762256004,-1.3088943159481429e-05,3.086118354118794e-05,3.086118354118794e-05,2.9905802380616723e-10,-0.06544471579740714
2.1375,5189.249105269913,-1.2969923792226308e-05,3.0478796281126433e-05,3.0478796281126433e-05,2.947590608069691e-10,-0.06484961896113153
2.1437500000000003,5187.4586858092,-1.2847219888668406e-05,3.0097913723543446e-05,3.0097913723543446e-05,2.9050076879009155e-10,-0.06423609944334203
2.15,5185.616276242267,-1.2720952915605182e-05,2.9718568321859163e-05,2.9718568321859163e-05,2.8628432875738253e-10,-0.06360476457802591
2.15625,5183.7236730043105,-1.2591245989223215e-05,2.934079259291786e-05,2.934079259291786e-05,2.821108809030539e-10,-0.06295622994611608
2.1625,5181.7826898385,-1.2458223411880918e-05,2.8964619127285104e-05,2.8964619127285104e-05,2.7798152422051734e-10,-0.062291117059404585
2.16875,5179.795151152524,-1.2322010216820513e-05,2.8590080599763624e-05,2.8590080599763624e-05,2.738973162601281e-10,-0.061610051084102564
2.1750000000000003,5177.762885544235,-1.2182731724445907e-05,2.82172097801325e-05,2.82172097801325e-05,2.6985927303400366e-10,-0.060913658622229534
2.18125,5175.687719545908,-1.2040513113603598e-05,2.7846039544115592e-05,2.7846039544115592e-05,2.6586836906294365e-10,-0.06020256556801799
2.1875,5173.5714716342645,-1.1895479011062305e-05,2.74766028845866e-05,2.74766028845866e-05,2.619255375594197e-10,-0.05947739505531153
2.19375,5171.415946548478,-1.1747753102107909e-05,2.7108932923019465e-05,2.7108932923019465e-05,2.5803167073963573e-10,-0.05873876551053954
2.2,5169.222929954369,-1.1597457764858047e-05,2.674306292119446e-05,2.674306292119446e-05,2.541876202567971e-10,-0.05798728882429023
2.2062500000000003,5166.994183487603,-1.1444713730560899e-05,2.637902629317177e-05,2.637902629317177e-05,2.50394197746976e-10,-0.05722356865280449
2.2125,5164.731440204003,-1.1289639771780756e-05,2.6016856617545743e-05,2.6016856617545743e-05,2.4665217547832933e-10,-0.05644819885890378
2.21875,5162.436400458784,-1.1132352419995358e-05,2.565658764999458e-05,2.565658764999458e-05,2.429622870939213e-10,-0.055661762099976794
2.225,5160.110728231751,-1.0972965713742326e-05,2.529825333614163e-05,2.529825333614163e-05,2.393252284380238e-10,-0.05486482856871163
2.23125,5157.756047909024,-1.0811590978061156e-05,2.4941887824746006e-05,2.4941887824746006e-05,2.357416584555227e-10,-0.05405795489030578
2.2375000000000003,5155.373941526658,-1.0648336635589015e-05,2.4587525481241857e-05,2.4587525481241857e-05,2.3221220015393733e-10,-0.05324168317794507
2.24375,5152.965946475851,-1.048330804928921e-05,2.4235200901647343e-05,2.4235200901647343e-05,2.2873744161756862e-10,-0.05241654024644605
2.25,5150.533553664037,-1.0316607396426227e-05,2.3884948926866033e-05,2.3884948926866033e-05,2.253179370634191e-10,-0.05158303698213113
2.25625,5148.078206121266,-1.0148333573056303e-05,2.353680465740564e-05,2.353680465740564e-05,2.219542079287701e-10,-0.05074166786528151
2.2625,5145.601298036589,-9.978582127982059e-06,2.3190803468540733e-05,2.3190803468540733e-05,2.1864674398064994e-10,-0.0498929106399103
2.2687500000000003,5143.10417420462,-9.80744522482823e-06,2.284698102594845e-05,2.284698102594845e-05,2.153960044378726e-10,-0.04903722612414115
2.275,5140.58812985909,-9.635011630636682e-06,2.2505373301848284e-05,2.2505373301848284e-05,2.1220241909685645e-10,-0.04817505815318341
2.28125,5138.054410866881,-9.461366729155135e-06,2.216601659167932e-05,2.216601659167932e-05,2.0906638945303846e-10,-0.047306833645775676
2.2875,5135.5042142527145,-9.286592556808145e-06,2.182894753135038e-05,2.182894753135038e-05,2.0598828981036555e-10,-0.04643296278404072
2.29375,5132.9386890236265,-9.110767859191459e-06,2.149420311510067e-05,2.149420311510067e-05,2.0296846837206053e-10,-0.04555383929595729
2.3000000000000003,5130.358937259641,-8.933968165823386e-06,2.116182071401038e-05,2.116182071401038e-05,2.0000724830661125e-10,-0.04466984082911693
2.30625,5127.766015436784,-8.756265880818193e-06,2.0831838095202322e-05,2.0831838095202322e-05,1.971049287837055e-10,-0.04378132940409097
2.3125,5125.160935948039,-8.577730387116842e-06,2.050429344177717e-05,2.050429344177717e-05,1.942617859756179e-10,-0.04288865193558421
2.31875,5122.544668787507,-8.398428161917172e-06,2.017922537352568e-05,2.017922537352568e-05,1.9147807402033679e-10,-0.04199214080958586
2.325,5119.918143364521,-8.218422900987553e-06,1.9856672968462085e-05,1.9856672968462085e-05,1.8875402594348659e-10,-0.041092114504937764
2.3312500000000003,5117.282250414174,-8.03777564962166e-06,1.9536675785222978e-05,1.9536675785222978e-05,1.8608985453684428e-10,-0.0401888782481083
2.3375,5114.637843974066,-7.856544938094853e-06,1.9219273886375788e-05,1.9219273886375788e-05,1.8348575319195817e-10,-0.039282724690474266
2.34375,5111.985743397019,-7.674786919610437e-06,1.8904507862680354e-05,1.8904507862680354e-05,1.809418966880433e-10,-0.03837393459805218
2.35,5109.326735373041,-7.492555508873702e-06,1.8592418858346073e-05,1.8592418858346073e-05,1.7845844193394587e-10,-0.03746277754436851
2.35625,5106.661575935779,-7.309902519598384e-06,1.828304859732582e-05,1.828304859732582e-05,1.7603552866452994e-10,-0.03654951259799192
2.3625000000000003,5103.990992431311,-7.126877799430461e-06,1.7976439410686126e-05,1.7976439410686126e-05,1.7367328009234315e-10,-0.03563438899715231
2.36875,5101.315685429625,-6.943529360963599e-06,1.767263426509137e-05,1.767263426509137e-05,1.713718035158563e-10,-0.034717646804817995
2.375,5098.636330563072,-6.759903507714945e-06,1.7371676792437712e-05,1.7371676792437712e-05,1.6913119088594757e-10,-0.03379951753857473
2.38125,5095.953580277072,-6.576044954125787e-06,1.707361132067069e-05,1.707361132067069e-05,1.6695151933261168e-10,-0.032880224770628935
2.3875,5093.2680654832775,-6.391996938844861e-06,1.6778482905818256e-05,1.6778482905818256e-05,1.6483285165412066e-10,-0.03195998469422431
2.3937500000000003,5090.580397106258,-6.207801330739598e-06,1.6486337365269643e-05,1.6486337365269643e-05,1.6277523677104653e-10,-0.031039006653697992
2.4000000000000004,5087.89116751894,-6.023498727259362e-06,1.619722131232866e-05,1.619722131232866e-05,1.6077871014768077e-10,-0.03011749363629681
2.40625,5085.2009518630175,-5.839128544942153e-06,1.591118219206901e-05,1.591118219206901e-05,1.588432941834549e-10,-0.029195642724710764
2.4125,5082.510309254321,-5.654729102010036e-06,1.5628268318518473e-05,1.5628268318518473e-05,1.5696899857698418e-10,-0.02827364551005018
2.41875,5079.8197838736205,-5.47033769313724e-06,1.534852891319833e-05,1.534852891319833e-05,1.55155820665329e-10,-0.0273516884656862
2.4250000000000003,5077.129905946533,-5.285990656596789e-06,1.5072014145044627e-05,1.5072014145044627e-05,1.534037457410001e-10,-0.026429953282983944
2.4312500000000004,5074.441192616604,-5.101723434096357e-06,1.4798775171738283e-05,1.4798775171738283e-05,1.5171274734913078e-10,-0.025508617170481782
2.4375,5071.7541487173,-4.917570623700913e-06,1.4528864182472065e-05,1.4528864182472065e-05,1.5008278756710766e-10,-0.024587853118504564
2.44375,5069.0692674504635,-4.7335660263089e-06,1.4262334442183711e-05,1.4262334442183711e-05,1.4851381726879644e-10,-0.023667830131544502
2.45,5066.387030977809,-4.5497426862006315e-06,1.3999240337285954e-05,1.3999240337285954e-05,1.4700577637532784e-10,-0.022748713431003157
2.4562500000000003,5063.707910934157,-4.366132926212837e-06,1.3739637422925883e-05,1.3739637422925883e-05,1.4555859409422457e-10,-0.021830664631064187
2.4625000000000004,5061.032368870674,-4.182768378112946e-06,1.3483582471807755e-05,1.3483582471807755e-05,1.4417218914846067e-10,-0.020913841890564732
2.46875,5058.3608566365465,-3.999680008752138e-06,1.3231133524614618e-05,1.3231133524614618e-05,1.428464699968521e-10,-0.01999840004376069
2.475,5055.693816707169,-3.816898142568735e-06,1.29823499420653e-05,1.29823499420653e-05,1.4158133504698866e-10,-0.019084490712843676
2.48125,5053.031682467521,-3.634452480994812e-06,1.273729245864348e-05,1.273729245864348e-05,1.4037667286173316e-10,-0.01817226240497406
2.4875000000000003,5050.374878457565,-3.4523721192907783e-06,1.2496023238035044e-05,1.2496023238035044e-05,1.3923236236014102e-10,-0.01726186059645389
2.4937500000000004,5047.723820587798,-3.270685561296682e-06,1.2258605930308141e-05,1.2258605930308141e-05,1.3814827301349017e-10,-0.01635342780648341
2.5,5045.078916330275,-3.0894207325470535e-06,1.2025105730867062e-05,1.2025105730867062e-05,1.3712426503696408e-10,-0.015447103662735268
2.50625,5042.440564892211,-2.9086049921497837e-06,1.1795589441205938e-05,1.1795589441205938e-05,1.3616018957739745e-10,-0.014543024960748918
2.5125,5039.80915737623,-2.7282651437805833e-06,1.1570125531481083e-05,1.1570125531481083e-05,1.352558888973777e-10,-0.013641325718902916
2.5187500000000003,5037.185076932434,-2.548427446094343e-06,1.1348784204911183e-05,1.1348784204911183e-05,1.3441119655589556e-10,-0.012742137230471713
2.5250000000000004,5034.568698905297,-2.369117622804766e-06,1.1131637464001968e-05,1.1131637464001968e-05,1.3362593758565471e-10,-0.011845588114023831
2.53125,5031.9603909790185,-2.190360872635e-06,1.0918759178576698e-05,1.0918759178576698e-05,1.328999286670832e-10,-0.010951804363175
2.5375,5029.360513323021,-2.0121818792958127e-06,1.0710225155574775e-05,1.0710225155574775e-05,1.3223297829903755e-10,-0.010060909396479063
2.54375,5026.769418739691,-1.834604821604952e-06,1.050611321055839e-05,1.050611321055839e-05,1.3162488696615266e-10,-0.00917302410802476
2.5500000000000003,5024.187452815064,-1.657653383822366e-06,1.0306503240840647e-05,1.0306503240840647e-05,1.310754473027663e-10,-0.00828826691911183
2.5562500000000004,5021.61495407347,-1.4813507662413847e-06,1.0111477300118093e-05,1.0111477300118093e-05,1.3058444425333263e-10,-0.007406753831206924
2.5625,5019.052254135964,-1.305719696046203e-06,9.921119674455833e-06,9.921119674455833e-06,1.3015165522923743e-10,-0.006528598480231016
2.56875,5016.499677882284,-1.130782438421075e-06,9.73551695943406e-06,9.73551695943406e-06,1.2977685026193077e-10,-0.005653912192105375
2.575,5013.957543616342,-9.56560807876563e-07,9.554758138221158e-06,9.554758138221158e-06,1.294597921523057e-10,-0.004782804039382815
2.5812500000000003,5011.426163233677,-7.830761797429601e-07,9.378934660290198e-06,9.378934660290198e-06,1.2920023661626733e-10,-0.0039153808987148
2.5875000000000004,5008.905842390903,-6.103495017701341e-07,9.208140520442862e-06,9.208140520442862e-06,1.2899793242645693e-10,-0.0030517475088506704
2.59375,5006.396880675505,-4.3840130576645484e-07,9.042472337747573e-06,9.042472337747573e-06,1.2885262155011857e-10,-0.0021920065288322742
2.6,5003.899571775128,-2.672517192065395e-07,8.882029433937198e-06,8.882029433937198e-06,1.2876403928311793e-10,-0.0013362585960326975
2.60625,5001.414203645516,-9.692047673789696e-08,8.726913910746257e-06,8.726913910746257e-06,1.2873191438014738e-10,-0.0004846023836894848
2.6125000000000003,4998.941058676007,7.257306848032301e-08,8.577230725598426e-06,8.619287024053903e-06,1.2875596918117266e-10,0.00036286534240161507
2.6187500000000004,4996.480413851605,2.4120993366789564e-07,8.433087764982841e-06,8.647718517795838e-06,1.2883591973419742e-10,0.0012060496683394782
2.625,4994.032540910901,4.0897149559773507e-07,8.294595914782559e-06,8.682843234068116e-06,1.289714759144392e-10,0.0020448574779886753
2.63125,4991.597706499313,5.758394800997727e-07,8.161869126741285e-06,8.72324587656446e-06,1.2916234154002677e-10,0.0028791974004988632
2.6375,4989.1761723167665,7.417959519313956e-07,8.035024480175711e-06,8.76760667671089e-06,1.2940821448433962e-10,0.0037089797596569778
2.6437500000000003,4986.768195259874,9.068233050419465e-07,7.914182237961205e-06,8.815838036549136e-06,1.2970878678512077e-10,0.004534116525209733
2.6500000000000004,4984.374027557956,1.0709042532493708e-06,7.799465895739256e-06,8.86785285797164e-06,1.3006374475049927e-10,0.005354521266246854
2.65625,4981.993916902766,1.2340218213380748e-06,7.691002223216499e-06,8.923564768702351e-06,1.3047276906206192e-10,0.006170109106690374
2.6625,4979.628106572551,1.3961593365787223e-06,7.588921296348818e-06,8.982995248681165e-06,1.309355348751143e-10,0.0069807966828936115
2.66875,4977.276835549388,1.557300420663081e-06,7.493356519130554e-06,9.045906972759036e-06,1.3145171191626844e-10,0.0077865021033154055
2.6750000000000003,4974.940338631277,1.7174289820405843e-06,7.40444463363978e-06,9.112207917327254e-06,1.3202096457849056e-10,0.008587144910202921
2.6812500000000004,4972.618846538177,1.8765292086377629e-06,7.322325716926816e-06,9.18181706292335e-06,1.3264295201373543e-10,0.009382646043188815
2.6875,4970.312586013133,2.0345855609374665e-06,7.247143163276124e-06,9.254655102361292e-06,1.3331732822328688e-10,0.010172927804687332
2.69375,4968.021779918304,2.1915827653916265e-06,7.179043650322685e-06,9.330778894423687e-06,1.34043742145915e-10,0.010957913826958132
2.7,4965.746647326657,2.3475058081392813e-06,7.118177087464148e-06,9.410052609704228e-06,1.34821837743951e-10,0.011737529040696406
2.7062500000000003,4963.487403609597,2.502339929000613e-06,7.064696544981032e-06,9.492380054244379e-06,1.356512540873714e-10,0.012511699645003064
2.7125000000000004,4961.244260521033,2.6560706157176653e-06,7.01875816226014e-06,9.577688723190468e-06,1.3653162543597342e-10,0.013280353078588327
2.71875,4959.017426278205,2.8086835984131987e-06,6.980521033512718e-06,9.665908150652147e-06,1.3746258131971344e-10,0.014043417992065993
2.725,4956.807105639669,2.96016484424058e-06,6.950147069389941e-06,9.756969950522032e-06,1.3844374661727244e-10,0.014800824221202899
2.73125,4954.613499981145,3.110500552199634e-06,6.927800832925267e-06,9.850807843579929e-06,1.3947474163290285e-10,0.015552502760998168
2.7375000000000003,4952.436807368857,3.259677148095777e-06,6.913649348277551e-06,9.947357671905934e-06,1.4055518217160472e-10,0.016298385740478885
2.7437500000000004,4950.277222631386,3.4076812796224637e-06,6.907861880811311e-06,1.0046557401677019e-05,1.41684679612672e-10,0.01703840639811232
2.75,4948.134937429925,3.5544998115498246e-06,6.910609687132556e-06,1.0148347115452572e-05,1.428628409816438e-10,0.017772499057749122
2.75625,4946.010140327023,3.70011982100522e-06,6.922065733800863e-06,1.0253485008242388e-05,1.4408926902069172e-10,0.0185005991050261
2.7625,4943.90301685433,3.844528592834287e-06,6.9424043835617e-06,1.0364298608165044e-05,1.4536356225746922e-10,0.019222642964171435
2.7687500000000003,4941.813749579231,3.987713615033663e-06,6.971801048087939e-06,1.0477813215828573e-05,1.4668531507244745e-10,0.019938568075168313
2.7750000000000004,4939.742518170666,4.129662574249031e-06,7.010431806386545e-06,1.0593969616870574e-05,1.480541177647586e-10,0.020648312871245154
2.78125,4937.689499463623,4.270363351334272e-06,7.058472988215609e-06,1.0714046282452965e-05,1.494695566165675e-10,0.02135181675667136
2.7875,4935.6548675234235,4.409804016969365e-06,7.116100722068304e-06,1.0836858980129956e-05,1.5093121395599066e-10,0.022049020084846823
2.79375,4933.638793708579,4.547972827336212e-06,7.1834904475135574e-06,1.0962225257301897e-05,1.5243866821858204e-10,0.02273986413668106
2.8000000000000003,4931.641446733142,4.684858219852741e-06,7.2608163919377305e-06,1.1090091282036079e-05,1.539914940074049e-10,0.023424291099263705
2.8062500000000004,4929.662992728006,4.820448808966544e-06,7.348251012006478e-06,1.1220405317960373e-05,1.5558926215170935e-10,0.02410224404483272
2.8125,4927.703595301541,4.954733382009896e-06,7.445964400460015e-06,1.1353117676757562e-05,1.5723153976423617e-10,0.02477366691004948
2.81875,4925.763415598979,5.0877008951182915e-06,7.55412365916677e-06,1.1488791476259065e-05,1.589178902971676e-10,0.02543850447559146
2.825,4923.842612361044,5.219340469214749e-06,7.672892239688022e-06,1.1631591978684403e-05,1.6064787359674719e-10,0.026096702346073742
2.8312500000000003,4921.941341981654,5.349641386062026e-06,7.802429252947426e-06,1.1779103274815193e-05,1.6242104595659126e-10,0.02674820693031013
2.8375000000000004,4920.059758564374,5.478593084384599e-06,7.942888749951874e-06,1.192981669088568e-05,1.6423696016971474e-10,0.027392965421922995
2.84375,4918.1980139781235,5.606185156061958e-06,8.094418975871025e-06,1.2083388843282101e-05,1.660951655792954e-10,0.028030925780309787
2.85,4916.356257911458,5.732407342394239e-06,8.257161600149102e-06,1.223941192510528e-05,1.6799520812820034e-10,0.028662036711971196
2.85625,4914.534637926143,5.857249530440852e-06,8.431250925690607e-06,1.2397839857595879e-05,1.6993663040729868e-10,0.02928624765220426
2.8625000000000003,4912.7332995095285,5.9807017494321914e-06,8.616813080527836e-06,1.2558628522672492e-05,1.7191897170258513e-10,0.029903508747160957
2.8687500000000004,4910.952386125709,6.102754167254154e-06,8.813965195738567e-06,1.2723903335646989e-05,1.739417680411382e-10,0.030513770836270767
2.875,4909.192039265861,6.223397087004737e-06,9.022814573732806e-06,1.2897717049495567e-05,1.7600455223593712e-10,0.031116985435023687
2.88125,4907.452398497495,6.342620943621679e-06,9.243457851363742e-06,1.3075905210500872e-05,1.781068539295609e-10,0.0317131047181084
2.8875,4905.73360151254,6.460416300579892e-06,9.475980162635534e-06,1.3256591642513386e-05,1.8024819963679284e-10,0.03230208150289946
2.8937500000000003,4904.035784174555,6.576773846657151e-06,9.720454306074758e-06,1.3439732771323369e-05,1.8242811278615298e-10,0.032883869233285755
2.9000000000000004,4902.35908056507,6.691684392766574e-06,9.976939922098622e-06,1.3625286913233868e-05,1.8464611376038053e-10,0.03345842196383287
2.90625,4900.703623028685,6.805138868854254e-06,1.0245482685946862e-05,1.3815911075980877e-05,1.8690171993588818e-10,0.03402569434427127
2.9125,4899.069542217456,6.917128320860572e-06,1.0526113521941095e-05,1.4017335102498896e-05,1.8919444572120913e-10,0.034585641604302865
2.91875,4897.456967134438,7.027643907743769e-06,1.0818847844991051e-05,1.42228394304242e-05,1.9152380259445755e-10,0.035138219538718846
2.9250000000000003,4895.866025176079,7.136676898564582e-06,1.1123684835377313e-05,1.4431014962269735e-05,1.9388929913982274e-10,0.035683384492822906
2.9312500000000004,4894.296842173991,7.244218669630842e-06,1.1440606752901336e-05,1.464172344467665e-05,1.9629044108311688e-10,0.03622109334815421
2.9375,4892.749542435629,7.350260701701278e-06,1.1769578296501982e-05,1.4856305051510515e-05,1.9872673132639593e-10,0.03675130350850639
2.94375,4891.224248784363,7.454794577247857e-06,1.2110546015390756e-05,1.5083312999229233e-05,2.0119766998167312e-10,0.037273972886239286
2.95,4889.721082598551,7.557811977776316e-06,1.2463437777652644e-05,1.5315213448348882e-05,2.037027544037443e-10,0.03778905988888158
2.9562500000000003,4888.240163849674,7.659304681204668e-06,1.2828162302094226e-05,1.5549798562972093e-05,2.0624147922214446e-10,0.03829652340602334
2.9625000000000004,4886.781611139924,7.75926455929964e-06,1.3204608758894044e-05,1.5787025894507543e-05,2.088133363722544e-10,0.0387963227964982
2.96875,4885.345541738633,7.857683575171173e-06,1.3592646444321477e-05,1.6038893143107267e-05,2.1141781512557707e-10,0.039288417875855866
2.975,4883.9320716179855,7.954553780825128e-06,1.3992124534439728e-05,1.6297086075551553e-05,2.1405440211920264e-10,0.03977276890412564
2.98125,4882.541315487973,8.049867314774493e-06,1.4402871922296618e-05,1.6558662474966546e-05,2.1672258138448186e-10,0.04024933657387246
2.9875000000000003,4881.173386830267,8.14361639970928e-06,1.4824697142635633e-05,1.6825812840611594e-05,2.1942183437492705e-10,0.040718081998546395
2.9937500000000004,4879.828397931427,8.235793340225353e-06,1.5257388387631036e-05,1.710718353915793e-05,2.2215163999336034e-10,0.041178966701126765
3.0,4878.506459915231,8.326390520612302e-06,1.5700713616568712e-05,1.7393864928322748e-05,2.2491147461832864e-10,0.04163195260306151
3.00625,4877.2076827739675,8.415400402700343e-06,1.615442076176205e-05,1.7685942583734874e-05,2.2770081212980493e-10,0.042077002013501716
3.0125,4875.932175399084,8.502815523766145e-06,1.6618238032315188e-05,1.7995356735252063e-05,2.3051912393419554e-10,0.04251407761883073
3.0187500000000003,4874.68004561084,8.588628494497277e-06,1.7091874316629383e-05,1.8310522407837674e-05,2.333658789886726e-10,0.04294314247248638
3.0250000000000004,4873.451400187227,8.672831997014746e-06,1.7575019683798584e-05,1.8635991171721704e-05,2.362405438248511e-10,0.04336415998507373
3.03125,4872.246344891894,8.755418782953014e-06,1.8067345983264836e-05,1.897656599157254e-05,2.3914258257182956e-10,0.04377709391476507
3.0375,4871.064984501405,8.83638167159653e-06,1.8568507541309798e-05,1.932721015389083e-05,2.420714569786132e-10,0.04418190835798265
3.04375,4869.907422831576,8.915713548071788e-06,1.9078141952154274e-05,1.9695013118180672e-05,2.4502662643593745e-10,0.04457856774035894
3.0500000000000003,4868.773762763127,8.9934073615936e-06,1.959587096063111e-05,2.0076327435782155e-05,2.480075479975105e-10,0.044967036807968
3.0562500000000004,4867.664106266433,9.06945612376415e-06,2.0121301432597262e-05,2.0474745236537944e-05,2.5101367640069215e-10,0.04534728061882075
3.0625,4866.578554425655,9.143852906923306e-06,2.065402640846747e-05,2.0896585981060137e-05,2.540444640866255e-10,0.04571926453461653
3.06875,4865.517207461955,9.216590842548396e-06,2.119362623449324e-05,2.133930850633185e-05,2.570993612198385e-10,0.04608295421274198
3.075,4864.480164756378,9.287663119701705e-06,2.173966976568667e-05,2.1808586438941304e-05,2.60177815707331e-10,0.04643831559850852
3.0812500000000003,4863.4675248715985,9.357062983523692e-06,2.2291715633607383e-05,2.2310073999753873e-05,2.632792732171619e-10,0.04678531491761846
3.0875000000000004,4862.479385573541,9.424783733770048e-06,2.28493135716011e-05,2.28493135716011e-05,2.6640317719655197e-10,0.04712391866885024
3.09375,4861.515843851738,9.490818723390467e-06,2.3412005789508818e-05,2.3412005789508818e-05,2.695489688895152e-10,0.04745409361695233
3.1,4860.5769959398895,9.555161357147186e-06,2.3979328389363068e-05,2.3979328389363068e-05,2.727160873540326e-10,0.04777580678573593
3.10625,4859.662937335196,9.617805090271174e-06,2.4550812813159986e-05,2.4550812813159986e-05,2.7590396947878006e-10,0.04808902545135587
3.1125000000000003,4858.773762817569,9.678743427153954e-06,2.512598731344849e-05,2.512598731344849e-05,2.7911204999942316e-10,0.048393717135769766
3.1187500000000004,4857.909566468163,9.737969920073058e-06,2.5704378437216426e-05,2.5704378437216426e-05,2.823397615144892e-10,0.04868984960036529
3.125,4857.070441687589,9.795478167949116e-06,2.628551251338184e-05,2.628551251338184e-05,2.855865345008275e-10,0.04897739083974558
3.13125,4856.256481213561,9.851261815132672e-06,2.6868917134119447e-05,2.6868917134119447e-05,2.8885179732866705e-10,0.049256309075663356
3.1375,4855.467777138171,9.905314550218775e-06,2.745412262026913e-05,2.745412262026913e-05,2.9213497627628213e-10,0.04952657275109388
3.1437500000000003,4854.704420924887,9.957630104887612e-06,2.8040663461186227e-05,2.8040663461186227e-05,2.9543549554427275e-10,0.04978815052443806
3.1500000000000004,4853.96650342501,1.0008202252769328e-05,2.8628079719602086e-05,2.8628079719602086e-05,2.9875277726946946e-10,0.05004101126384664
3.15625,4853.25411489406,1.005702480833135e-05,2.9215918392365883e-05,2.9215918392365883e-05,3.02086241538469e-10,0.050285124041656755
3.1625,4852.567345007511,1.0104091625786575e-05,2.9803734718332383e-05,2.9803734718332383e-05,3.0543530640080835e-10,0.050520458128932876
3.16875,4851.906282876605,1.0149396598020792e-05,3.0391093425141214e-05,3.0391093425141214e-05,3.087993878817828e-10,0.05074698299010396
3.1750000000000003,4851.271017063713,1.0192933655537904e-05,3.0977569907195626e-05,3.0977569907195626e-05,3.12177899994915e-10,0.05096466827768952
3.1812500000000004,4850.661635597385,1.0234696765421388e-05,3.1562751327786824e-05,3.1562751327786824e-05,3.1557025475407944e-10,0.051173483827106944
3.1875,4850.078225987394,1.0274679930310754e-05,3.2146237639016145e-05,3.2146237639016145e-05,3.189758621852876e-10,0.05137339965155377
3.19375,4849.520875239452,1.0312877187391641e-05,3.272764251393303e-05,3.272764251393303e-05,3.2239413033813857e-10,0.05156438593695821
3.2,4848.989669869744,1.0349282607398441e-05,3.330659418612375e-05,3.330659418612375e-05,3.258244652969389e-10,0.051746413036992206
3.2062500000000003,4848.484695919287,1.0383890293628333e-05,3.388273619284342e-05,3.388273619284342e-05,3.29266271191496e-10,0.05191945146814167
3.2125000000000004,4848.006038968228,1.041669438096588e-05,3.4455728018672204e-05,3.4455728018672204e-05,3.3271895020758763e-10,0.0520834719048294
3.21875,4847.5537841498935,1.0447689034917366e-05,3.502524563758535e-05,3.502524563758535e-05,3.361819025971119e-10,0.05223844517458683
3.225,4847.12801616474,1.0476868450654303e-05,3.559098195224456e-05,3.559098195224456e-05,3.396545266879199e-10,0.052384342253271515
3.23125,4846.7288192942415,1.0504226852065713e-05,3.615264713023394e-05,3.615264713023394e-05,3.431362188933343e-10,0.05252113426032857
3.2375000000000003,4846.356277414441,1.0529758490819029e-05,3.670996883786785e-05,3.670996883786785e-05,3.466263737213569e-10,0.05264879245409514
3.2437500000000004,4846.010474009768,1.0553457645429716e-05,3.726269237307831e-05,3.726269237307831e-05,3.5012438378356703e-10,0.05276728822714858
3.25,4845.691492186257,1.0575318620339969e-05,3.781058069973651e-05,3.781058069973651e-05,3.5362963980371583e-10,0.05287659310169984
3.25625,4845.399414684969,1.0595335745007254e-05,3.8353414386568215e-05,3.8353414386568215e-05,3.571415306260172e-10,0.052976678725036266
3.2625,4845.134323895038,1.0613503373003707e-05,3.889099145457459e-05,3.889099145457459e-05,3.6065944322314086e-10,0.05306751686501854
3.2687500000000003,4844.896301866792,1.0629815881127916e-05,3.9423127137563794e-05,3.9423127137563794e-05,3.6418276270391117e-10,0.05314907940563958
3.2750000000000004,4844.685430324339,1.0644267668530939e-05,3.994965356102409e-05,3.994965356102409e-05,3.6771087232071566e-10,0.053221338342654696
3.28125,4844.50179067816,1.0656853155858917e-05,4.0470419345122405e-05,4.0470419345122405e-05,3.712431534766299e-10,0.053284265779294585
3.2875,4844.345464037317,1.066756678441522e-05,4.098528913808756e-05,4.098528913808756e-05,3.7477898573226443e-10,0.0533378339220761
3.29375,4844.21653122135,1.067640301534545e-05,4.149414308663028e-05,4.149414308663028e-05,3.783177468123416e-10,0.05338201507672725
3.3000000000000003,4844.115072771767,1.068335632884934e-05,4.1996876250361186e-05,4.1996876250361186e-05,3.8185881261201106e-10,0.0534167816442467
3.3062500000000004,4844.041168963065,1.0688421223424135e-05,4.249339796739103e-05,4.249339796739103e-05,3.8540155720291487e-10,0.05344210611712068
3.3125,4843.994899813335,1.069159221514468e-05,4.298363117843434e-05,4.298363117843434e-05,3.8894535283901337e-10,0.053457961075723405
3.31875,4843.976345093995,1.0692863836986135e-05,4.346751171679032e-05,4.346751171679032e-05,3.924895699621871e-10,0.05346431918493067
3.325,4843.985584339078,1.0692230638195966e-05,4.394498757154384e-05,4.394498757154384e-05,3.9603357720763036e-10,0.05346115319097983
3.3312500000000003,4844.022696853457,1.0689687183722534e-05,4.441601813121955e-05,4.441601813121955e-05,3.9957674140905527e-10,0.05344843591861267
3.3375000000000004,4844.087761720389,1.0685228053708418e-05,4.488057341493719e-05,4.488057341493719e-05,4.0311842760372806e-10,0.05342614026854209
3.34375,4844.180857807642,1.0678847843057436e-05,4.5338633297860684e-05,4.5338633297860684e-05,4.066579990373618e-10,0.05339423921528718
3.35,4844.302063772792,1.067054116108502e-05,4.5790186737414615e-05,4.5790186737414615e-05,4.1019481716889306e-10,0.0533527058054251
3.35625,4844.451458066784,1.066030263126263e-05,4.6235231006365506e-05,4.6235231006365506e-05,4.1372824167517427e-10,0.053301513156313145
3.3625000000000003,4844.629118936272,1.0648126891067588e-05,4.6673770938438554e-05,4.6673770938438554e-05,4.1725763045561584e-10,0.05324063445533794
3.3687500000000004,4844.8351244239275,1.0634008591950682e-05,4.710581819167222e-05,4.710581819167222e-05,4.2078233963681787e-10,0.05317004295975341
3.375,4845.069552367166,1.0617942399434883e-05,4.7531390534209846e-05,4.7531390534209846e-05,4.243017235772344e-10,0.05308971199717442
3.38125,4845.332480394495,1.0599922993359263e-05,4.795051115669859e-05,4.795051115669859e-05,4.278151348719186e-10,0.05299961496679632
3.3875,4845.623985919622,1.0579945068283342e-05,4.836320801491901e-05,4.836320801491901e-05,4.3132192435740186e-10,0.05289972534141671
3.3937500000000003,4845.944146132959,1.0558003334067993e-05,4.8769513205711685e-05,4.8769513205711685e-05,4.3482144111676575e-10,0.052790016670339966
3.4000000000000004,4846.293037990396,1.0534092516650033e-05,4.916946237870875e-05,4.916946237870875e-05,4.383130324849703e-10,0.052670462583250165
3.40625,4846.670738198825,1.0508207359028667e-05,4.956309418582475e-05,4.956309418582475e-05,4.417960440545095e-10,0.05254103679514333
3.4125,4847.077323198406,1.0480342622482997e-05,4.9950449769920866e-05,4.9950449769920866e-05,4.4526981968147015e-10,0.05240171311241498
3.41875,4847.5128691411865,1.0450493088040869e-05,5.033157229353491e-05,5.033157229353491e-05,4.4873370149207806e-10,0.05225246544020434
3.4250000000000003,4847.9774518656095,1.0418653558220435e-05,5.0706506508073194e-05,5.0706506508073194e-05,4.521870298898207e-10,0.052093267791102175
3.4312500000000004,4848.4711468667765,1.0384818859066873e-05,5.107529836339398e-05,5.107529836339398e-05,4.5562914356324577e-10,0.051924094295334365
3.4375,4848.994029262205,1.0348983842507949e-05,5.143799465728109e-05,5.143799465728109e-05,4.5905937949453985e-10,0.05174491921253974
3.44375,4849.546173752349,1.0311143389053117e-05,5.179464272391269e-05,5.179464272391269e-05,4.624770729690022e-10,0.05155571694526558
3.45,4850.127654575798,1.0271292410862161e-05,5.2145290160078774e-05,5.2145290160078774e-05,4.658815575855352e-10,0.051356462054310804
3.4562500000000003,4850.738545458778,1.0229425855210551e-05,5.2489984587592275e-05,5.2489984587592275e-05,4.692721652682841e-10,0.05114712927605276
3.4625000000000004,4851.378919558409,1.0185538708379857e-05,5.2828773450074884e-05,5.2828773450074884e-05,4.726482262795655e-10,0.050927693541899285
3.46875,4852.04884939915,1.0139626000002885e-05,5.316170384208017e-05,5.316170384208017e-05,4.760090692342362e-10,0.05069813000001443
3.475,4852.748406802555,1.0091682807894468e-05,5.3488822368342816e-05,5.3488822368342816e-05,4.793540211156639e-10,0.05045841403947234
3.48125,4853.47766280897,1.0041704263400008e-05,5.381017503081337e-05,5.381017503081337e-05,4.826824072934701e-10,0.050208521317000036
3.4875000000000003,4854.236687591653,9.989685557295339e-06,5.412580714105072e-05,5.412580714105072e-05,4.859935515432287e-10,0.04994842778647669
3.4937500000000004,4855.025550361976,9.935621946272565e-06,5.4435763255498005e-05,5.4435763255498005e-05,4.89286776068314e-10,0.04967810973136282
3.5,4855.844319265857,9.879508760048045e-06,5.474008713115922e-05,5.474008713115922e-05,4.925614015241054e-10,0.04939754380024022
3.50625,4856.693061270309,9.821341409129776e-06,5.50388216992196e-05,5.50388216992196e-05,4.958167470447666e-10,0.04910670704564888
3.5125,4857.571842040017,9.761115393282769e-06,5.5332009054210755e-05,5.5332009054210755e-05,4.990521302728297e-10,0.04880557696641385
3.5187500000000003,4858.48072580291,9.698826310732325e-06,5.561969045640729e-05,5.561969045640729e-05,5.02266867391831e-10,0.04849413155366162
3.5250000000000004,4859.419775204665,9.634469868146132e-06,5.590190634525124e-05,5.590190634525124e-05,5.054602731622545e-10,0.04817234934073066
3.53125,4860.389051150935,9.568041891437375e-06,5.6178696361730774e-05,5.6178696361730774e-05,5.086316609610572e-10,0.04784020945718687
3.5375,4861.38861263727,9.499538337432009e-06,5.6450099377786236e-05,5.6450099377786236e-05,5.117803428250602e-10,0.047497691687160046
3.54375,4862.418516565449,9.428955306444341e-06,5.67161535309754e-05,5.67161535309754e-05,5.149056294985094e-10,0.047144776532221704
3.5500000000000003,4863.478817546147,9.356289055805856e-06,5.6976896262797775e-05,5.6976896262797775e-05,5.180068304851196e-10,0.046781445279029284
3.5562500000000004,4864.569567687034,9.281536014392947e-06,5.723236435925067e-05,5.723236435925067e-05,5.210832541049342e-10,0.04640768007196474
3.5625,4865.690816365412,9.204692798199675e-06,5.748259399236505e-05,5.748259399236505e-05,5.241342075563463e-10,0.046023463990998374
3.56875,4866.842609985121,9.125756227002033e-06,5.772762076164264e-05,5.772762076164264e-05,5.271589969836441e-10,0.04562878113501016
3.575,4868.024991716863,9.044723342160248e-06,5.796747973448571e-05,5.796747973448571e-05,5.301569275504555e-10,0.04522361671080124
3.5812500000000003,4869.23800122094,8.961591425605524e-06,5.8202205484874514e-05,5.8202205484874514e-05,5.331273035194878e-10,0.04480795712802762
3.5875000000000004,4870.481674352524,8.876358020057061e-06,5.843183212970247e-05,5.843183212970247e-05,5.360694283389669e-10,0.044381790100285305
3.59375,4871.756042847863,8.789020950514505e-06,5.8656393362323416e-05,5.8656393362323416e-05,5.38982604736201e-10,0.043945104752572524
3.6,4873.061133991512,8.699578347069696e-06,5.8875922482999e-05,5.8875922482999e-05,5.418661348187056e-10,0.04349789173534848
3.60625,4874.396970263541,8.608028669080103e-06,5.90904524260543e-05,5.90904524260543e-05,5.447193201833407e-10,0.04304014334540052
3.6125000000000003,4875.76356896646,8.51437073074423e-06,5.9300015783656735e-05,5.9300015783656735e-05,5.475414620339245e-10,0.042571853653721146
3.6187500000000004,4877.160941830946,8.41860372811682e-06,5.950464482622725e-05,5.950464482622725e-05,5.503318613078028e-10,0.0420930186405841
3.625,4878.5890946001355,8.320727267598727e-06,5.970437151957127e-05,5.970437151957127e-05,5.530898188118603e-10,0.04160363633799363
3.63125,4880.048026591976,8.220741395932559e-06,5.989922753888365e-05,5.989922753888365e-05,5.558146353684751e-10,0.04110370697966279
3.6375,4881.537730239218,8.118646631731317e-06,6.0089244279833646e-05,6.0089244279833646e-05,5.585056119719225e-10,0.04059323315865659
3.6437500000000003,4883.058190606609,8.014443998562197e-06,6.027445286697665e-05,6.027445286697665e-05,5.611620499557459e-10,0.040072219992810985
3.6500000000000004,4884.609384885203,7.908135059602458e-06,6.0454884159767e-05,6.0454884159767e-05,5.637832511716134e-10,0.03954067529801229
3.65625,4886.191281863659,7.799721953878098e-06,6.063056875646425e-05,6.063056875646425e-05,5.663685181801869e-10,0.03899860976939049
3.6625,4887.803841376288,7.689207434089218e-06,6.080153699623265e-05,6.080153699623265e-05,5.689171544545281e-10,0.03844603717044609
3.66875,4889.447013728037,7.576594906018521e-06,6.09678189597329e-05,6.09678189597329e-05,5.714284645965668e-10,0.0378829745300926
3.6750000000000003,4891.1207390964855,7.461888469510965e-06,6.1129444468497e-05,6.1129444468497e-05,5.739017545671522e-10,0.03730944234755482
3.6812500000000004,4892.824946911307,7.345092961003759e-06,6.128644308336287e-05,6.128644308336287e-05,5.763363319302012e-10,0.036725464805018794
3.6875,4894.559555211607,7.2262139975760165e-06,6.143884410222546e-05,6.143884410222546e-05,5.787315061114471e-10,0.036131069987880085
3.69375,4896.324469981442,7.105258022476928e-06,6.158667655733876e-05,6.158667655733876e-05,5.810865886722785e-10,0.03552629011238464
3.7,4898.11958446482,6.982232352080154e-06,6.172996921237643e-05,6.172996921237643e-05,5.834008935991422e-10,0.03491116176040077
3.7062500000000003,4899.944778460659,6.8571452242002146e-06,6.186875055943135e-05,6.186875055943135e-05,5.856737376089607e-10,0.03428572612100107
3.7125000000000004,4901.799917598989,6.7300058476940745e-06,6.200304881610626e-05,6.200304881610626e-05,5.879044404709903e-10,0.03365002923847037
3.71875,4903.684852599852,6.600824453258031e-06,6.213289192281912e-05,6.213289192281912e-05,5.900923253455156e-10,0.03300412226629015
3.725,4905.599418516083,6.4696123453161805e-06,6.225830754041879e-05,6.225830754041879e-05,5.922367191397443e-10,0.032348061726580904
3.73125,4907.543433961981,6.33638195488254e-06,6.237932304818119e-05,6.237932304818119e-05,5.94336952881222e-10,0.0316819097744127
3.7375000000000003,4909.516700329791,6.201146893264208e-06,6.249596554223124e-05,6.249596554223124e-05,5.963923621090474e-10,0.031005734466321037
3.7437500000000004,4911.519000995931,6.063922006457901e-06,6.260826183441382e-05,6.260826183441382e-05,5.984022872831191e-10,0.030319610032289505
3.75,4913.550100519488,5.924723430076917e-06,6.271623845161783e-05,6.271623845161783e-05,6.003660742115857e-10,0.029623617150384585
3.75625,4915.609743835685,5.783568644630073e-06,6.281992163554008e-05,6.281992163554008e-05,6.022830744966213e-10,0.028917843223150365
3.7625,4917.697655446959,5.640476530958701e-06,6.291933734286244e-05,6.291933734286244e-05,6.041526459985734e-10,0.028202382654793506
3.7687500000000003,4919.813538614882,5.495467425622346e-06,6.30145112458037e-05,6.30145112458037e-05,6.059741533184706e-10,0.027477337128111727
3.7750000000000004,4921.957074555821,5.3485631760084425e-06,6.310546873300011e-05,6.310546873300011e-05,6.077469682987957e-10,0.026742815880042212
3.78125,4924.127921644526,5.199787194926552e-06,6.319223491066178e-05,6.319223491066178e-05,6.094704705423548e-10,0.02599893597463276
3.7875,4926.32571462878,5.0491645144331164e-06,6.327483460394938e-05,6.327483460394938e-05,6.11144047948987e-10,0.025245822572165583
3.79375,4928.550063858953,4.896721838618982e-06,6.335329235851435e-05,6.335329235851435e-05,6.127670972697707e-10,0.024483609193094908
3.8000000000000003,4930.800554537178,4.7424875950789036e-06,6.34276324421459e-05,6.34276324421459e-05,6.143390246782895e-10,0.023712437975394518
3.8062500000000004,4933.076745989801,4.586491984770225e-06,6.349787884647153e-05,6.349787884647153e-05,6.158592463584249e-10,0.022932459923851123
3.8125,4935.378170967723,4.4287670299568436e-06,6.356405528866041e-05,6.356405528866041e-05,6.173271891080395e-10,0.022143835149784217
3.81875,4937.704334979451,4.269346619925021e-06,6.362618521308478e-05,6.362618521308478e-05,6.187422909578137e-10,0.021346733099625103
3.825,4940.054715661172,4.108266554149224e-06,6.368429179289944e-05,6.368429179289944e-05,6.20104001804389e-10,0.02054133277074612
3.8312500000000003,4942.428762189012,3.945564582579591e-06,6.37383979315061e-05,6.37383979315061e-05,6.214117840568663e-10,0.019727822912897958
3.8375000000000004,4944.825894737886,3.781280442717576e-06,6.378852626387529e-05,6.378852626387529e-05,6.226651132955914e-10,0.01890640221358788
3.84375,4947.245503992458,3.615455893143434e-06,6.38346991577057e-05,6.38346991577057e-05,6.238634789420551e-10,0.01807727946571717
3.85,4949.686950714481,3.448134743158088e-06,6.387693871440667e-05,6.387693871440667e-05,6.250063849386169e-10,0.01724067371579044
3.85625,4952.149565371976,3.279362878203161e-06,6.391526676989575e-05,6.391526676989575e-05,6.260933504366555e-10,0.016396814391015806
3.8625000000000003,4954.63264783475,3.109188280726393e-06,6.394970489520915e-05,6.394970489520915e-05,6.271239104916339e-10,0.015545941403631965
3.8687500000000004,4957.135467141193,2.9376610461655236e-06,6.398027439692766e-05,6.398027439692766e-05,6.280976167634641e-10,0.014688305230827618
3.875,4959.657261340805,2.7648333937320716e-06,6.400699631742544e-05,6.400699631742544e-05,6.290140382204449e-10,0.013824166968660357
3.88125,4962.197237417439,2.5907596716873776e-06,6.402989143495221e-05,6.402989143495221e-05,6.298727618449487e-10,0.012953798358436889
3.8875,4964.754571296731,2.4154963568167476e-06,6.404898026356351e-05,6.404898026356351e-05,6.306733933389346e-10,0.012077481784083738
3.8937500000000003,4967.32840794268,2.23910204782382e-06,6.406428305291492e-05,6.406428305291492e-05,6.314155578272712e-10,0.011195510239119098
3.9000000000000004,4969.917861546399,2.061637452386035e-06,6.407581978793858e-05,6.407581978793858e-05,6.320989005567698e-10,0.010308187261930175
3.90625,4972.522015810986,1.8831653676336966e-06,6.408361018842122e-05,6.408361018842122e-05,6.327230875887461e-10,0.009415826838168483
3.9125,4975.139924335477,1.7037506538391974e-06,6.408767370850303e-05,6.408767370850303e-05,6.33287806482862e-10,0.008518753269195987
3.91875,4977.770611100551,1.5234602011297486e-06,6.408802953611715e-05,6.408802953611715e-05,6.337927669699339e-10,0.007617301005648743
3.9250000000000003,4980.413071058191,1.3423628890660934e-06,6.408469659238832e-05,6.408469659238832e-05,6.342377016113425e-10,0.006711814445330467
3.9312500000000004,4983.066270827663,1.1605295389613442e-06,6.407769353100909e-05,6.407769353100909e-05,6.346223664426395e-10,0.005802647694806721
3.9375,4985.72914949831,9.780328588477883e-07,6.406703873760971e-05,6.406703873760971e-05,6.34946541598912e-10,0.004890164294238941
3.94375,4988.400619540752,7.949473810354844e-07,6.405275032913746e-05,6.405275032913746e-05,6.352100319194511e-10,0.003974736905177422
3.95,4991.079567826385,6.113493922441667e-07,6.403484615325821e-05,6.403484615325821e-05,6.354126675292621e-10,0.0030567469612208333
3.9562500000000003,4993.764856754872,4.273168563294386e-07,6.401334378779248e-05,6.401334378779248e-05,6.355543043949617e-10,0.002136584281647193
3.9625000000000004,4996.4553254887705,2.4292932966507393e-07,6.39882605401955e-05,6.39882605401955e-05,6.356348248526283e-10,0.0012146466483253697
3.96875,4999.149791294009,5.8267869285299865e-08,6.395961344708943e-05,6.395961344708943e-05,6.35654138105205e-10,0.0002913393464264993
3.975,5001.847050983591,-1.2658506606621078e-07,6.392741927385408e-05,6.392741927385408e-05,6.356121806871055e-10,-0.000632925330331054
3.98125,5004.545882462203,-3.1154572179036813e-07,6.389169451428068e-05,6.389169451428068e-05,6.355089168937332e-10,-0.0015577286089518408
3.9875000000000003,5007.24504636813,-4.9652915995574e-07,6.385245539029208e-05,6.385245539029208e-05,6.353443391737043e-10,-0.0024826457997787
3.9937500000000004,5009.943287808258,-6.81449378213013e-07,6.38097178517311e-05,6.38097178517311e-05,6.351184684816559e-10,-0.003407246891065065
4.0,5012.639338181886,-8.66219434779923e-07,6.37634975762177e-05,6.37634975762177e-05,6.348313545896269e-10,-0.004331097173899615
4.0062500000000005,5015.331917087662,-1.0507515791332603e-06,6.371380996907478e-05,6.371380996907478e-05,6.344830763551203e-10,-0.005253757895666301
4.0125,5018.019734307896,-1.234957388003226e-06,6.366067016332139e-05,6.366067016332139e-05,6.34073741944089e-10,-0.00617478694001613
4.01875,5020.70149186391,-1.418747906225536e-06,6.360409301973163e-05,6.360409301973163e-05,6.33603489007236e-10,-0.00709373953112768
4.025,5023.37588613492,-1.6020337919687172e-06,6.354409312695702e-05,6.354409312695702e-05,6.330724848081777e-10,-0.008010168959843586
4.03125,5026.041610033535,-1.7847254658182128e-06,6.348068480170988e-05,6.348068480170988e-05,6.324809263021919e-10,-0.008923627329091063
4.0375000000000005,5028.697355229264,-1.9667332631657163e-06,6.341388208900494e-05,6.341388208900494e-05,6.318290401644562e-10,-0.009833666315828582
4.04375,5031.341814411784,-2.147967589321814e-06,6.334369876245639e-05,6.334369876245639e-05,6.311170827668725e-10,-0.010739837946609071
4.05,5033.973683585229,-2.3283390767428484e-06,6.327014832462768e-05,6.327014832462768e-05,6.303453401027789e-10,-0.011641695383714241
4.05625,5036.591664383808,-2.507758743739334e-06,6.31932440074314e-05,6.31932440074314e-05,6.295141276590548e-10,-0.01253879371869667
4.0625,5039.194466399744,-2.6861381540133528e-06,6.311299877257677e-05,6.311299877257677e-05,6.286237902353485e-10,-0.013430690770066764
4.0687500000000005,5041.780809513514,-2.863389576356511e-06,6.30294253120626e-05,6.30294253120626e-05,6.276747017103701e-10,-0.014316947881782555
4.075,5044.349426216463,-3.039426143828451e-06,6.294253604871354e-05,6.294253604871354e-05,6.266672647554247e-10,-0.015197130719142254
4.08125,5046.899063915836,-3.214162011728684e-06,6.285234313675809e-05,6.285234313675809e-05,6.256019104955846e-10,-0.016070810058643418
4.0875,5049.428487212082,-3.3875125136718506e-06,6.275885846244678e-05,6.275885846244678e-05,6.244790981191291e-10,-0.016937562568359252
4.09375,5051.936480138608,-3.5593943150785166e-06,6.266209364470935e-05,6.266209364470935e-05,6.232993144361094e-10,-0.017796971575392583
4.1000000000000005,5054.421848353615,-3.729725563400363e-06,6.256206003584998e-05,6.256206003584998e-05,6.220630733871195e-10,-0.018648627817001814
4.10625,5056.883421274843,-3.89842603441005e-06,6.245876872228001e-05,6.245876872228001e-05,6.207709155035793e-10,-0.019492130172050252
4.1125,5059.320054147016,-4.065417273902262e-06,6.235223052528747e-05,6.235223052528747e-05,6.194234073210501e-10,-0.02032708636951131
4.11875,5061.730630033396,-4.230622734173273e-06,6.224245600184335e-05,6.224245600184335e-05,6.180211407473114e-10,-0.021153113670866364
4.125,5064.114061722152,-4.393967904671736e-06,6.212945544544452e-05,6.212945544544452e-05,6.165647323871351e-10,-0.02196983952335868
4.1312500000000005,5066.469293539123,-4.5553804362432766e-06,6.201323888699377e-05,6.201323888699377e-05,6.150548228258763e-10,-0.022776902181216384
4.1375,5068.795303059515,-4.71479025842531e-06,6.189381609571698e-05,6.189381609571698e-05,6.134920758741866e-10,-0.023573951292126548
4.14375,5071.091102710369,-4.8721296892866325e-06,6.17711965801184e-05,6.17711965801184e-05,6.118771777763203e-10,-0.024360648446433163
4.15,5073.355741258015,-5.0273335373477715e-06,6.164538958897523e-05,6.164538958897523e-05,6.102108363846585e-10,-0.025136667686738858
4.15625,5075.588305173327,-5.180339195163299e-06,6.151640411237224e-05,6.151640411237224e-05,6.084937803032149e-10,-0.025901695975816492
4.1625000000000005,5077.787919870218,-5.331086724195133e-06,6.138424888277858e-05,6.138424888277858e-05,6.067267580030093e-10,-0.026655433620975666
4.16875,5079.953750812321,-5.479518930656689e-06,6.124893237616864e-05,6.124893237616864e-05,6.049105369123026e-10,-0.027397594653283446
4.175,5082.085004484059,-5.625581432060549e-06,6.111046281318951e-05,6.111046281318951e-05,6.030459024847743e-10,-0.028127907160302744
4.18125,5084.180929222775,-5.769222714257096e-06,6.096884816037817e-05,6.096884816037817e-05,6.011336572487931e-10,-0.02884611357128548
4.1875,5086.240815910125,-5.910394178807609e-06,6.0824096131432295e-05,6.0824096131432295e-05,5.991746198409866e-10,-0.029551970894038042
4.1937500000000005,5088.26399852081,-6.049050180592271e-06,6.067621418853898e-05,6.067621418853898e-05,5.971696240273455e-10,-0.030245250902961356
4.2,5090.249854528047,-6.185148055611016e-06,6.052520954376693e-05,6.052520954376693e-05,5.951195177151117e-10,-0.030925740278055083
4.20625,5092.197805166633,-6.318648138992353e-06,6.0371089160528314e-05,6.0371089160528314e-05,5.930251619586993e-10,-0.03159324069496176
4.2125,5094.107315553631,-6.44951377328226e-06,6.021385975511782e-05,6.021385975511782e-05,5.908874299628663e-10,-0.0322475688664113
4.21875,5095.977894669514,-6.577711307140937e-06,6.005352779833727e-05,6.005352779833727e-05,5.887072060863193e-10,-0.03288855653570469
4.2250000000000005,5097.809095201823,-6.703210084629608e-06,5.989009951721606e-05,5.989009951721606e-05,5.864853848488695e-10,-0.03351605042314804
4.23125,5099.600513254851,-6.825982425322007e-06,5.972358089683845e-05,5.972358089683845e-05,5.842228699451795e-10,-0.03412991212661003
4.2375,5101.351787929893,-6.946003595525235e-06,5.955397768229093e-05,5.955397768229093e-05,5.819205732680504e-10,-0.034730017977626176
4.24375,5103.062600780271,-7.06325177094215e-06,5.938129538074413e-05,5.938129538074413e-05,5.795794139440843e-10,-0.03531625885471075
4.25,5104.7326751472465,-7.177707991151586e-06,5.9205539263685986e-05,5.9205539263685986e-05,5.772003173844342e-10,-0.03588853995575793
4.2562500000000005,5106.36177538252,-7.289356106323682e-06,5.90267143693245e-05,5.90267143693245e-05,5.747842143532162e-10,-0.03644678053161841
4.2625,5107.949705963989,-7.398182716624574e-06,5.8844825505180856e-05,5.8844825505180856e-05,5.723320400560057e-10,-0.03699091358312287
4.26875,5109.4963105120705,-7.504177104797867e-06,5.865987725089566e-05,5.865987725089566e-05,5.698447332506804e-10,-0.037520885523989335
4.275,5111.001470713952,-7.607331162439117e-06,5.847187396127354e-05,5.847187396127354e-05,5.673232353826996e-10,-0.038036655812195584
4.28125,5112.465105163686,-7.707639310504083e-06,5.828081976959378e-05,5.828081976959378e-05,5.64768489746732e-10,-0.038538196552520415
4.2875000000000005,5113.887168126271,-7.805098414611386e-06,5.808671859121739e-05,5.808671859121739e-05,5.62181440676357e-10,-0.03902549207305693
4.29375,5115.267648234426,-7.899707695715569e-06,5.788957412752357e-05,5.788957412752357e-05,5.595630327633732e-10,-0.039498538478577844
4.3,5116.606567125929,-7.99146863673727e-06,5.768938987021121e-05,5.768938987021121e-05,5.569142101080561e-10,-0.03995734318368636
4.30625,5117.903978031189,-8.080384885743145e-06,5.748616910600446e-05,5.748616910600446e-05,5.542359156015062e-10,-0.04040192442871573
4.3125,5119.159964318557,-8.166462156269764e-06,5.727991492180388e-05,5.727991492180388e-05,5.515290902410367e-10,-0.04083231078134882
4.3187500000000005,5120.374638007037,-8.249708125382593e-06,5.707063021032788e-05,5.707063021032788e-05,5.487946724793487e-10,-0.041248540626912966
4.325,5121.548138254195,-8.33013233005378e-06,5.6858317676292515e-05,5.6858317676292515e-05,5.460335976080539e-10,-0.0416506616502689
4.33125,5122.680629828117,-8.407746062431007e-06,5.664297984318059e-05,5.664297984318059e-05,5.432467971759103e-10,-0.042038730312155034
4.3375,5123.772301571014,-8.482562264554114e-06,5.6424619060654424e-05,5.6424619060654424e-05,5.404351984419557e-10,-0.04241281132277057
4.34375,5124.823364862896,-8.554595423057052e-06,5.620323751266983e-05,5.620323751266983e-05,5.375997238635411e-10,-0.042772977115285264
4.3500000000000005,5125.834052092366,-8.623861464370183e-06,5.59788372263521e-05,5.59788372263521e-05,5.347412906191023e-10,-0.043119307321850917
4.35625,5126.804615141988,-8.690377650912232e-06,5.5751420081698216e-05,5.5751420081698216e-05,5.318608101653373e-10,-0.043451888254561165
4.3625,5127.735323894625,-8.754162478732797e-06,5.5520987822172534e-05,5.5520987822172534e-05,5.28959187828312e-10,-0.04377081239366399
4.36875,5128.626464767562,-8.815235577035494e-06,5.5287542066266596e-05,5.5287542066266596e-05,5.260373224278688e-10,-0.04407617788517747
4.375,5129.478339279339,-8.873617609978918e-06,5.505108432009691e-05,5.505108432009691e-05,5.230961059345848e-10,-0.04436808804989459
4.3812500000000005,5130.2912626556945,-8.929330181118045e-06,5.4811615991117626e-05,5.4811615991117626e-05,5.201364231584025e-10,-0.044646650905590224
4.3875,5131.065562478406,-8.982395740812917e-06,5.456913840302801e-05,5.456913840302801e-05,5.171591514679509e-10,-0.04491197870406458
4.39375,5131.801577381786,-9.032837496894632e-06,5.432365281195779e-05,5.432365281195779e-05,5.141651605394773e-10,-0.04516418748447316
4.4,5132.4996558004,-9.080679328841411e-06,5.407516042401616e-05,5.407516042401616e-05,5.111553121342254e-10,-0.045403396644207054
4.40625,5133.16015477114,-9.125945705680084e-06,5.3823662414292705e-05,5.3823662414292705e-05,5.081304599030253e-10,-0.04562972852840042
4.4125000000000005,5133.783438792304,-9.168661607790986e-06,5.356915994740177e-05,5.356915994740177e-05,5.050914492168033e-10,-0.04584330803895493
4.41875,5134.369878741506,-9.208852452757573e-06,5.331165419966314e-05,5.331165419966314e-05,5.020391170216668e-10,-0.04604426226378787
4.425,5134.919850854432,-9.24654402536614e-06,5.3051146383015116e-05,5.3051146383015116e-05,4.989742917171935e-10,-0.046232720126830704
4.43125,5135.433735764877,-9.281762411826198e-06,5.2787637770757234e-05,5.2787637770757234e-05,4.958977930565225e-10,-0.04640881205913099
4.4375,5135.9119176072145,-9.314533938248747e-06,5.2521129725222075e-05,5.2521129725222075e-05,4.928104320668376e-10,-0.04657266969124373
4.4437500000000005,5136.354783180743,-9.344885113387918e-06,5.225162372747663e-05,5.225162372747663e-05,4.897130109888286e-10,-0.04672442556693959
4.45,5136.762721176233,-9.372842575621659e-06,5.1979121409155304e-05,5.1979121409155304e-05,4.866063232337273e-10,-0.0468642128781083
4.45625,5137.136121463233,-9.398433044119215e-06,5.170362458652693e-05,5.170362458652693e-05,4.834911533565284e-10,-0.04699216522059608
4.4625,5137.475374437657,-9.421683274117672e-06,5.142513529689895e-05,5.142513529689895e-05,4.803682770440345e-10,-0.04710841637058836
4.46875,5137.78087042756,-9.442620016206427e-06,5.114365583746179e-05,5.114365583746179e-05,4.772384611163966e-10,-0.04721310008103213
4.4750000000000005,5138.052999155718,-9.461269979497723e-06,5.0859188806676106e-05,5.0859188806676106e-05,4.741024635408625e-10,-0.047306349897488616
4.48125,5138.292149257094,-9.477659798542752e-06,5.057173714830478e-05,5.057173714830478e-05,4.709610334564896e-10,-0.04738829899271376
4.4875,5138.498707848263,-9.49181600383722e-06,5.028130419818997e-05,5.028130419818997e-05,4.678149112086357e-10,-0.0474590800191861
4.49375,5138.67306014701,-9.50376499574662e-06,4.998789373387398e-05,4.998789373387398e-05,4.646648283920908e-10,-0.0475188249787331
4.5,5138.815589139156,-9.51353302167063e-06,4.969151002715976e-05,4.969151002715976e-05,4.615115079017789e-10,-0.04756766510835315
4.5062500000000005,5138.926675289847,-9.5211461562576e-06,4.9392157899704126e-05,4.9392157899704126e-05,4.583556639900173e-10,-0.047605730781288
4.5125,5139.00669629649,-9.526630284473752e-06,4.908984278173271e-05,4.908984278173271e-05,4.551980023293883e-10,-0.047633151422368764
4.51875,5139.056026880516,-9.530011087327962e-06,4.8784570773961216e-05,4.8784570773961216e-05,4.520392200803418e-10,-0.04765005543663981
4.525,5139.075038614768,-9.531314030051063e-06,4.8476348712802233e-05,4.8476348712802233e-05,4.4888000596271635e-10,-0.04765657015025532
4.53125,5139.064099784109,-9.530564352528775e-06,4.816518423893072e-05,4.816518423893072e-05,4.4572104033043143e-10,-0.04765282176264388
4.5375000000000005,5139.023575275562,-9.527787061789473e-06,4.7851085869274195e-05,4.7851085869274195e-05,4.425629952486692e-10,-0.04763893530894736
4.54375,5138.953826496056,-9.523006926351531e-06,4.7534063072485666e-05,4.7534063072485666e-05,4.394065345729303e-10,-0.04761503463175766
4.55,5138.855211314215,-9.516248472240316e-06,4.721412634794855e-05,4.721412634794855e-05,4.362523140294097e-10,-0.04758124236120158
4.55625,5138.72808402381,-9.507535980491308e-06,4.689128730835267e-05,4.689128730835267e-05,4.331009812962001e-10,-0.04753767990245654
4.5625,5138.57279532672,-9.49689348596355e-06,4.656555876586931e-05,4.656555876586931e-05,4.299531760848886e-10,-0.04748446742981775
4.5687500000000005,5138.389692331991,-9.484344777296257e-06,4.623695482194121e-05,4.623695482194121e-05,4.2680953022216797e-10,-0.04742172388648129
4.575,5138.179118569835,-9.469913397850865e-06,4.5905490960689924e-05,4.5905490960689924e-05,4.236706677311353e-10,-0.04734956698925433
4.58125,5137.941414017419,-9.453622647490868e-06,4.5571184145928176e-05,4.5571184145928176e-05,4.2053720491200115e-10,-0.047268113237454334
4.5875,5137.676915135181,-9.43549558506233e-06,4.5234052921749124e-05,4.5234052921749124e-05,4.1740975042197614e-10,-0.047177477925311656
4.59375,5137.385954911331,-9.415555031448762e-06,4.489411751664713e-05,4.489411751664713e-05,4.142889053541453e-10,-0.04707777515724381
4.6000000000000005,5137.068862913167,-9.393823573085061e-06,4.4551399951105974e-05,4.4551399951105974e-05,4.1117526331517725e-10,-0.046969117865425306
4.60625,5136.725965343456,-9.370323565826217e-06,4.4205924148570875e-05,4.4205924148570875e-05,4.080694105017517e-10,-0.04685161782913108
4.6125,5136.35758510082,-9.345077139077296e-06,4.3857716049698996e-05,4.3857716049698996e-05,4.049719257756175e-10,-0.04672538569538648
4.61875,5135.964041842495,-9.31810620010194e-06,4.3506803729760914e-05,4.3506803729760914e-05,4.0188338073722294e-10,-0.0465905310005097
4.625,5135.545652048799,-9.289432438436873e-06,4.315321751904135e-05,4.315321751904135e-05,3.9880433979788246e-10,-0.046447162192184366
4.6312500000000005,5135.102729088107,-9.259077330349817e-06,4.2796990126062256e-05,4.2796990126062256e-05,3.957353602504664e-10,-0.046295386651749086
4.6375,5134.635583281888,-9.227062143287567e-06,4.243815676342488e-05,4.243815676342488e-05,3.9267699233861564e-10,-0.04613531071643784
4.64375,5134.144521968686,-9.193407940269862e-06,4.2076755276039534e-05,4.2076755276039534e-05,3.8962977932450046e-10,-0.045967039701349306
4.65,5133.629849566961,-9.15813558419287e-06,4.171282627148309e-05,4.171282627148309e-05,3.865942575551527e-10,-0.04579067792096435
4.65625,5133.091867636173,-9.12126574201365e-06,4.1346413252194035e-05,4.1346413252194035e-05,3.8357095652741094e-10,-0.04560632871006825
4.6625000000000005,5132.53087493577,-9.082818888793913e-06,4.097756274918398e-05,4.097756274918398e-05,3.8056039895152557e-10,-0.045414094443969565
4.66875,5131.94716748188,-9.042815311587572e-06,4.0606324456913e-05,4.0606324456913e-05,3.7756310081347505e-10,-0.04521407655793786
4.675,5131.341038601659,-9.001275113162175e-06,4.023275136894318e-05,4.023275136894318e-05,3.745795714360488e-10,-0.04500637556581087
4.68125,5130.712778985064,-8.958218215549073e-06,3.9856899913952174e-05,3.9856899913952174e-05,3.716103135387533e-10,-0.044791091077745364
4.6875,5130.06267673415,-8.91366436342148e-06,3.947883009165482e-05,3.947883009165482e-05,3.6865582329659887e-10,-0.044568321817107404
4.6937500000000005,5129.391017409896,-8.867633127303133e-06,3.909860560814747e-05,3.909860560814747e-05,3.6571659039782203e-10,-0.044338165636515665
4.7,5128.698084076637,-8.820143906613134e-06,3.8716294010155916e-05,3.8716294010155916e-05,3.6279309810059986e-10,-0.04410071953306567
4.70625,5127.984157344202,-8.771215932555109e-06,3.833196681763469e-05,3.833196681763469e-05,3.598858232888055e-10,-0.04385607966277554
4.7125,5127.249515407928,-8.720868270860537e-06,3.794569965413276e-05,3.794569965413276e-05,3.569952365268555e-10,-0.04360434135430269
4.71875,5126.494434086751,-8.669119824397584e-06,3.755757237430846e-05,3.755757237430846e-05,3.5412180211369133e-10,-0.04334559912198792
4.7250000000000005,5125.71918685959,-8.615989335657705e-06,3.716766918794591e-05,3.716766918794591e-05,3.5126597813593763e-10,-0.043079946678288523
4.73125,5124.924044899805,-8.561495389132812e-06,3.677607877979556e-05,3.677607877979556e-05,3.4842821652027206e-10,-0.04280747694566406
4.7375,5124.109277108667,-8.505656413596015e-06,3.6382894424533595e-05,3.6382894424533595e-05,3.456089630850393e-10,-0.04252828206798008
4.74375,5123.2751501473185,-8.448490684298926e-06,3.598821409610948e-05,3.598821409610948e-05,3.428086575911366e-10,-0.04224245342149463
4.75,5122.421928467912,-8.390016325098072e-06,3.5592140570727165e-05,3.5592140570727165e-05,3.400277337921947e-10,-0.04195008162549036
4.7562500000000005,5121.549874343596,-8.330251310522543e-06,3.519478152268502e-05,3.519478152268502e-05,3.372666194840735e-10,-0.04165125655261271
4.7625,5120.659247898233,-8.269213467794173e-06,3.4796249612281775e-05,3.4796249612281775e-05,3.3452573655368766e-10,-0.041346067338970866
4.76875,5119.750307135084,-8.206920478810872e-06,3.439666256498152e-05,3.439666256498152e-05,3.3180550102717554e-10,-0.041034602394054355
4.775,5118.823307965533,-8.14338988210264e-06,3.3996143241020144e-05,3.3996143241020144e-05,3.2910632311741895e-10,-0.040716949410513195
4.78125,5117.878504237337,-8.07863907476894e-06,3.359481969462929e-05,3.359481969462929e-05,3.2642860727092156e-10,-0.0403931953738447
4.7875000000000005,5116.916147762613,-8.012685314405126e-06,3.319282522205151e-05,3.319282522205151e-05,3.2377275221404823e-10,-0.04006342657202563
4.79375,5115.936488346046,-7.945545721024445e-06,3.2790298397523124e-05,3.2790298397523124e-05,3.211391509986275e-10,-0.03972772860512223
4.800000000000001,5114.939773812774,-7.877237278981405e-06,3.238738309640863e-05,3.238738309640863e-05,3.1852819104691663e-10,-0.03938618639490703
4.80625,5113.926250036744,-7.807776838901125e-06,3.198422850468351e-05,3.198422850468351e-05,3.1594025419592683e-10,-0.03903888419450563
4.8125,5112.896160968839,-7.737181119618571e-06,3.158098911398047e-05,3.158098911398047e-05,3.1337571674110615e-10,-0.03868590559809286
4.8187500000000005,5111.849748665426,-7.665466710130646e-06,3.117782470143831e-05,3.117782470143831e-05,3.10834949479375e-10,-0.03832733355065323
4.825,5110.787253317069,-7.592650071563417e-06,3.077490029362241e-05,3.077490029362241e-05,3.083183177515098e-10,-0.037963250357817085
4.831250000000001,5109.7089132775,-7.5187475391560754e-06,3.037238611382222e-05,3.037238611382222e-05,3.058261814838691e-10,-0.03759373769578038
4.8375,5108.614965092783,-7.443775324262667e-06,2.9970457512072846e-05,2.9970457512072846e-05,3.033588952294557e-10,-0.03721887662131333
4.84375,5107.505643530719,-7.367749516372075e-06,2.956929487729681e-05,2.956929487729681e-05,3.009168082083101e-10,-0.03683874758186037
4.8500000000000005,5106.381181610826,-7.290686085146376e-06,2.916908353101634e-05,2.916908353101634e-05,2.9850026434722757e-10,-0.03645343042573188
4.85625,5105.241810634039,-7.212600882477361e-06,2.877001360214786e-05,2.877001360214786e-05,2.961096023187939e-10,-0.03606300441238681
4.862500000000001,5104.087760213236,-7.133509644560674e-06,2.837227988245725e-05,2.837227988245725e-05,2.937451555797337e-10,-0.03566754822280337
4.86875,5102.919258303553,-7.053427993986929e-06,2.7976081662327617e-05,2.7976081662327617e-05,2.914072524085653e-10,-0.03526713996993465
4.875,5101.736531233293,-6.972371441848953e-06,2.7581622546570456e-05,2.7581622546570456e-05,2.8909621594255774e-10,-0.03486185720924476
4.8812500000000005,5100.539803734771,-6.890355389864305e-06,2.7189110250095234e-05,2.7189110250095234e-05,2.868123642139835e-10,-0.03445177694932152
4.8875,5099.329298975588,-6.80739513251211e-06,2.6798756373342858e-05,2.6798756373342858e-05,2.845560101856637e-10,-0.03403697566256055
4.893750000000001,5098.105238589919,-6.7235058591833685e-06,2.6410776157482546e-05,2.6410776157482546e-05,2.823274617857999e-10,-0.03361752929591684
4.9,5096.867842710147,-6.638702656343857e-06,2.6025388219471363e-05,2.6025388219471363e-05,2.8012702194208965e-10,-0.03319351328171929
4.90625,5095.617329998567,-6.553000509708893e-06,2.5642814267178657e-05,2.5642814267178657e-05,2.779549886151206e-10,-0.03276500254854446
4.9125000000000005,5094.353917679271,-6.466414306429263e-06,2.5263278794884292e-05,2.5263278794884292e-05,2.7581165483104033e-10,-0.03233207153214632
4.91875,5093.077821570232,-6.378958837287811e-06,2.4887008759569446e-05,2.4887008759569446e-05,2.736973087134984e-10,-0.031894794186439056
4.925000000000001,5091.7892561154285,-6.290648798906235e-06,2.451423323853012e-05,2.451423323853012e-05,2.716122335148564e-10,-0.03145324399453118
4.93125,5090.488434417304,-6.201498795961802e-06,2.4145183068957305e-05,2.4145183068957305e-05,2.6955670764666353e-10,-0.031007493979809012
4.9375,5089.1755682691355,-6.111523343413816e-06,2.3780090470241737e-05,2.3780090470241737e-05,2.6753100470939427e-10,-0.03055761671706908
4.9437500000000005,5087.850868187812,-6.020736868739784e-06,2.3419188649875442e-05,2.3419188649875442e-05,2.655353935214447e-10,-0.030103684343698922
4.95,5086.514543446372,-5.929153714181372e-06,2.306271139393594e-05,2.306271139393594e-05,2.635701381473845e-10,-0.02964576857090686
4.956250000000001,5085.166802107185,-5.836788139000287e-06,2.271089264325079e-05,2.271089264325079e-05,2.6163549792546127e-10,-0.029183940695001437
4.9625,5083.807851054863,-5.743654321744401e-06,2.2363966056449804e-05,2.2363966056449804e-05,2.5973172749435334e-10,-0.028718271608722003
4.96875,5082.437896029486,-5.649766362524451e-06,2.2022164561218493e-05,2.2022164561218493e-05,2.5785907681916863e-10,-0.028248831812622253
4.9750000000000005,5081.057141660034,-5.555138285301766e-06,2.1685719895168346e-05,2.1685719895168346e-05,2.560177912166846e-10,-0.02777569142650883
4.98125,5079.665791497881,-5.459784040187495e-06,2.1354862137836835e-05,2.1354862137836835e-05,2.542081113798265e-10,-0.027298920200937476
4.987500000000001,5078.2640480505315,-5.363717505753918e-06,2.102981923542097e-05,2.102981923542097e-05,2.524302734013792e-10,-0.026818587528769592
4.99375,5076.852112815687,-5.266952491358382e-06,2.071081651993297e-05,2.071081651993297e-05,2.5068450879692907e-10,-0.026334762456791908
5.0,5075.430186315021,-5.169502739480554e-06,2.0398076224543296e-05,2.0398076224543296e-05,2.48971044527031e-10,-0.02584751369740277
5.0062500000000005,5073.998468128827,-5.071381928073571e-06,2.0091816996945148e-05,2.0094999692115172e-05,2.4729010301859615e-10,-0.025356909640367853
5.0125,5072.557156930276,-4.972603672929805e-06,1.9792253412633796e-05,1.982032041874276e-05,2.456419021854953e-10,-0.024863018364649027
5.018750000000001,5071.106450520336,-4.873181530061913e-06,1.9499595490043917e-05,1.95695422575258e-05,2.4402665544837353e-10,-0.024365907650309566
5.025,5069.646545862674,-4.773128998099852e-06,1.9214048209527505e-05,1.9337460343979006e-05,2.424445717536698e-10,-0.02386564499049926
5.03125,5068.177639118874,-4.6724595207046e-06,1.8935811038183028e-05,1.9119941508408367e-05,2.408958555918371e-10,-0.023362297603523003
5.0375000000000005,5066.699925683919,-4.571186488999289e-06,1.8665077462563465e-05,1.8916107191512814e-05,2.3938070701475595e-10,-0.022855932444996445
5.04375,5065.213600221923,-4.4693232440184846e-06,1.8402034531295643e-05,1.872498402406652e-05,2.3789932165233716e-10,-0.022346616220092423
5.050000000000001,5063.718856702157,-4.366883079176351e-06,1.8146862409635833e-05,1.854276405497319e-05,2.3645189072830543e-10,-0.021834415395881757
5.05625,5062.215888435402,-4.2638792427545054e-06,1.7899733947966766e-05,1.836857631162741e-05,2.3503860107515904e-10,-0.02131939621377253
5.0625,5060.704888110393,-4.160324940410333e-06,1.766081426620848e-05,1.8206579511209458e-05,2.3365963514829795e-10,-0.020801624702051668
5.0687500000000005,5059.186047830872,-4.056233337706608e-06,1.743026035607014e-05,1.8049332591640243e-05,2.3231517103931327e-10,-0.02028116668853304
5.075,5057.659559152834,-3.9516175626632645e-06,1.720822070301191e-05,1.7899400709890825e-05,2.3100538248843123e-10,-0.01975808781331632
5.081250000000001,5056.125613121949,-3.846490708332266e-06,1.6994834929715413e-05,1.7758068439686174e-05,2.2973043889610334e-10,-0.019232453541661327
5.0875,5054.584400311635,-3.7408658353965104e-06,1.6790233462778332e-05,1.762284121816925e-05,2.2849050533373556e-10,-0.018704329176982552
5.09375,5053.036110861303,-3.634755974793792e-06,1.659453722425407e-05,1.749202978353468e-05,2.2728574255354728e-10,-0.01817377987396896
5.1000000000000005,5051.480934514936,-3.5281741303669304e-06,1.6407857349550973e-05,1.7366680100222896e-05,2.2611630699755225e-10,-0.01764087065183465
5.10625,5049.919060660315,-3.4211332815412075e-06,1.6230294933088557e-05,1.7245831131098276e-05,2.249823508056519e-10,-0.017105666407706038
5.112500000000001,5048.350678368353,-3.3136463860303507e-06,1.6061940802980714e-05,1.7132614839691747e-05,2.2388402182283173e-10,-0.016568231930151753
5.11875,5046.775976433158,-3.205726382572407e-06,1.5902875325879004e-05,1.7025492811842784e-05,2.22821463605451e-10,-0.016028631912862034
5.125,5045.1951434122375,-3.0973861936968976e-06,1.5753168242963716e-05,1.6922416062603598e-05,2.2179481542661508e-10,-0.015486930968484488
5.1312500000000005,5043.608367667544,-2.988638728524778e-06,1.561287853791702e-05,1.6823401112756137e-05,2.2080421228061979e-10,-0.01494319364262389
5.1375,5042.015837406647,-2.8794968856028043e-06,1.5482054337552868e-05,1.672846464642683e-05,2.1984978488645638e-10,-0.014397484428014022
5.143750000000001,5040.4177407247935,-2.7699735557740154e-06,1.5360732845612647e-05,1.663762350288646e-05,2.1893165969036486e-10,-0.013849867778870076
5.15,5038.814265647212,-2.6600816250861537e-06,1.5248940310065779e-05,1.6550894663102793e-05,2.1804995886742354e-10,-0.013300408125430768
5.15625,5037.205600172182,-2.5498339777399477e-06,1.5146692024081172e-05,1.6468754380938263e-05,2.1720480032216114e-10,-0.012749169888699738
5.1625000000000005,5035.591932314675,-2.439243499079269e-06,1.505399236066024e-05,1.639108925781962e-05,2.1639629768817795e-10,-0.012196217495396344
5.16875,5033.973450150607,-2.328323078625349e-06,1.4970834840746159e-05,1.6317459306217632e-05,2.1562456032676118e-10,-0.011641615393126746
5.175000000000001,5032.35034186182,-2.2170856131572543e-06,1.4897202234448465e-05,1.624788194135044e-05,2.1488969332447932e-10,-0.011085428065786272
5.18125,5030.722795781626,-2.1055440098410324e-06,1.4833066694848427e-05,1.618237466872734e-05,2.1419179748973932e-10,-0.010527720049205162
5.1875,5029.091000441484,-1.99371118940995e-06,1.4778389923679809e-05,1.6120955042593113e-05,2.1353096934828967e-10,-0.00996855594704975
5.1937500000000005,5027.4551446178275,-1.881600089398448e-06,1.4733123368013389e-05,1.606364062033929e-05,2.1290730113765144e-10,-0.00940800044699224
5.2,5025.8154173803305,-1.769223667432451e-06,1.4697208446912644e-05,1.601049754042091e-05,2.12320880800459e-10,-0.008846118337162255
5.206250000000001,5024.172008140673,-1.6565949045788275e-06,1.4670576806874064e-05,1.596139733258676e-05,2.117717919766902e-10,-0.008282974522894138
5.2125,5022.5251067024055,-1.543726808756871e-06,1.465315060471916e-05,1.591650313483062e-05,2.1126011399476607e-10,-0.007718634043784355
5.21875,5020.874903311543,-1.4306324182147737e-06,1.4644842816468154e-05,1.58757833602982e-05,2.107859218614981e-10,-0.007153162091073868
5.2250000000000005,5019.221588708422,-1.317324805074129e-06,1.4645557570597973e-05,1.5839254771368965e-05,2.1034928625086068e-10,-0.006586624025370646
5.23125,5017.565354180361,-1.2038170789456057e-06,1.4655190503970708e-05,1.580693378695817e-05,2.0995027349156509e-10,-0.0060190853947280284
5.237500000000001,5015.906391615534,-1.0901223906189865e-06,1.4673629138614046e-05,1.577883641468213e-05,2.095889455534104e-10,-0.005450611953094933
5.24375,5014.244893558024,-9.762539358308376e-07,1.470075327744291e-05,1.575507521183279e-05,2.092653600323857e-10,-0.004881269679154188
5.25,5012.581053263795,-8.622249591131389e-07,1.4736435416932301e-05,1.57364424691079e-05,2.089795701344964e-10,-0.004311124795565694
5.2562500000000005,5010.915064758243,-7.48048757726222e-07,1.4780541174685706e-05,1.572219695866187e-05,2.0873162465828715e-10,-0.0037402437886311104
5.2625,5009.247122894851,-6.33738685679426e-07,1.4832929729791764e-05,1.5712350878464817e-05,2.0852156797603207e-10,-0.00316869342839713
5.268750000000001,5007.577423415068,-5.19308157842897e-07,1.4893454273824439e-05,1.570691554442178e-05,2.0834944001356198e-10,-0.002596540789214485
5.275,5005.906163009844,-4.0477065415393816e-07,1.4961962470318894e-05,1.5705901312434253e-05,2.082152762286975e-10,-0.002023853270769691
5.28125,5004.233539382252,-2.9013972392136213e-07,1.5038296920546607e-05,1.5710137783798944e-05,2.0811910758825545e-10,-0.0014506986196068106
5.2875000000000005,5002.559751312,-1.754289902312027e-07,1.5122295633419004e-05,1.572316004310522e-05,2.0806096054359489e-10,-0.0008771449511560135
5.29375,5000.884998721021,-6.065215445718361e-08,1.5213792497368576e-05,1.5741605980713868e-05,2.080408570046682e-10,-0.000303260772285918
5.300000000000001,4999.209482741001,5.417699912079382e-08,1.5312617752090115e-05,1.576540807155689e-05,2.0805881431254133e-10,0.0002708849956039691
5.30625,4997.533405782336,1.6904459858691817e-07,1.5418598458071453e-05,1.5795618387386433e-05,2.0811484521034623e-10,0.0008452229929345909
5.3125,4995.856971604913,2.839366795453917e-07,1.5531558961902786e-05,1.5835798337097395e-05,2.0820895781262785e-10,0.0014196833977269585
5.3187500000000005,4994.180385390313,3.9883918015902094e-07,1.5651321355425326e-05,1.588204399419827e-05,2.083411555730466e-10,0.0019941959007951046
5.325,4992.503853816156,5.137379360676795e-07,1.577770592686312e-05,1.594163307044487e-05,2.085114372503964e-10,0.002568689680338398
5.331250000000001,4990.827585131866,6.286186751839867e-07,1.591053160217535e-05,1.6011207301324357e-05,2.0871979687289784e-10,0.0031430933759199332
5.3375,4989.151789236613,7.434670123638157e-07,1.6049616374969593e-05,1.6096128696210972e-05,2.0896622370072486e-10,0.0037173350618190785
5.34375,4987.476677758739,8.582684439494382e-07,1.6194777723428106e-05,1.620206572127681e-05,2.0925070218672256e-10,0.004291342219747191
5.3500000000000005,4985.802464137484,9.730083421834544e-07,1.6345833012818535e-05,1.6345833012818535e-05,2.0957321193527366e-10,0.004865041710917273
5.35625,4984.129363706239,1.087671949491935e-06,1.650259988228593e-05,1.650259988228593e-05,2.0993372765926998e-10,0.005438359747459674
5.362500000000001,4982.457593777915,1.2022443726355785e-06,1.6664896614754046e-05,1.6664896614754046e-05,2.103322191351453e-10,0.006011221863177893
5.36875,4980.787373732267,1.3167105767281064e-06,1.683254248889886e-05,1.683254248889886e-05,2.1076865115592553e-10,0.006583552883640532
5.375,4979.118925105155,1.4310553791215412e-06,1.700535811229545e-05,1.700535811229545e-05,2.1124298348225225e-10,0.0071552768956077055
5.3812500000000005,4977.452471679517,1.5452634431584918e-06,1.7183165734979232e-05,1.7183165734979232e-05,2.1175517079133525e-10,0.007726317215792459
5.3875,4975.7882395787465,1.6593192717921669e-06,1.7365789542803092e-05,1.7365789542803092e-05,2.1230516262379045e-10,0.008296596358960835
5.393750000000001,4974.12645736142,1.7732072010753317e-06,1.755305593011221e-05,1.755305593011221e-05,2.1289290332831975e-10,0.008866036005376658
5.4,4972.4673561184045,1.8869113935201553e-06,1.774479375139685e-05,1.774479375139685e-05,2.1351833200418987e-10,0.009434556967600777
5.40625,4970.811169571439,2.000415831331493e-06,1.794083455171947e-05,1.794083455171947e-05,2.1418138244146835e-10,0.010002079156657465
5.4125000000000005,4969.158134173746,2.113704309516962e-06,1.814101277584474e-05,1.814101277584474e-05,2.1488198305897586e-10,0.01056852154758481
5.41875,4967.5084892122895,2.226760428877914e-06,1.834516595612913e-05,1.834516595612913e-05,2.1562005683991527e-10,0.01113380214438957
5.425000000000001,4965.862476911705,2.33956758888628e-06,1.8553134879348962e-05,1.8553134879348962e-05,2.1639552126513984e-10,0.0116978379444314
5.43125,4964.220342539828,2.4521089804531497e-06,1.876476373276217e-05,1.876476373276217e-05,2.172082882440243e-10,0.012260544902265748
5.4375,4962.582334514674,2.5643675785959316e-06,1.8979900229808313e-05,1.8979900229808313e-05,2.180582640429056e-10,0.012821837892979658
5.4437500000000005,4960.9487045128,2.676326135011933e-06,1.9198395715953168e-05,1.9198395715953168e-05,2.1894534921106204e-10,0.013381630675059666
5.45,4959.319707578918,2.7879671705672833e-06,1.9420105255277977e-05,1.9420105255277977e-05,2.1986943850420278e-10,0.013939835852836417
5.456250000000001,4957.695602236567,2.8992729677112538e-06,1.964488769849863e-05,1.964488769849863e-05,2.2083042080544317e-10,0.014496364838556269
5.4625,4956.07665059974,3.0102255628272087e-06,1.9872605733176337e-05,1.9872605733176337e-05,2.2182817904374453e-10,0.015051127814136044
5.46875,4954.463118485203,3.120806738532666e-06,2.0103125916948716e-05,2.0103125916948716e-05,2.2286259010980192e-10,0.01560403369266333
5.4750000000000005,4952.855275525412,3.2309980159422146e-06,2.0336318694668054e-05,2.0336318694668054e-05,2.239335247693674e-10,0.016154990079711072
5.48125,4951.253395281744,3.340780646908446e-06,2.057205840038222e-05,2.057205840038222e-05,2.2504084757400134e-10,0.01670390323454223
5.487500000000001,4949.657755357785,3.4501356062573506e-06,2.0810223245132947e-05,2.0810223245132947e-05,2.261844167692503e-10,0.017250678031286753
5.49375,4948.068637512412,3.5590435840361665e-06,2.1050695291576345e-05,2.1050695291576345e-05,2.273640842002552e-10,0.017795217920180833
5.5,4946.486327772486,3.667484977793093e-06,2.1293360416451598e-05,2.1293360416451598e-05,2.285796952148008e-10,0.018337424888965465
5.5062500000000005,4944.9111165446675,3.7754398849098423e-06,2.153810826193612e-05,2.153810826193612e-05,2.2983108856382358e-10,0.018877199424549213
5.5125,4943.343298726309,3.882888095009547e-06,2.178483217692939e-05,2.178483217692939e-05,2.3111809629940315e-10,0.019414440475047735
5.518750000000001,4941.783173814664,3.989809082464149e-06,2.203342914930355e-05,2.203342914930355e-05,2.3244054367027038e-10,0.019949045412320742
5.525,4940.231046014479,4.096181999027018e-06,2.228379973014736e-05,2.228379973014736e-05,2.337982490148733e-10,0.02048090999513509
5.53125,4938.687224343137,4.201985666618203e-06,2.2535847951011263e-05,2.2535847951011263e-05,2.351910236520519e-10,0.021009928333091014
5.5375000000000005,4937.15202273348,4.307198570291379e-06,2.2789481235136282e-05,2.2789481235136282e-05,2.3661867176938165e-10,0.021535992851456895
5.54375,4935.6257601331545,4.411798851413242e-06,2.304461030361837e-05,2.304461030361837e-05,2.3808099030925603e-10,0.02205899425706621
5.550000000000001,4934.108760600615,4.515764301087773e-06,2.33011490774234e-05,2.33011490774234e-05,2.395777688527901e-10,0.022578821505438863
5.55625,4932.601353397036,4.619072353859481e-06,2.3559014576127146e-05,2.3559014576127146e-05,2.4110878950163634e-10,0.023095361769297405
5.5625,4931.103873073585,4.721700081731416e-06,2.3818126814209397e-05,2.3818126814209397e-05,2.4267382675781823e-10,0.02360850040865708
5.5687500000000005,4929.616659553513,4.823624188535363e-06,2.4078408695682933e-05,2.4078408695682933e-05,2.4427264740169737e-10,0.024118120942676815
5.575,4928.140058208687,4.924821004693266e-06,2.4339785907787198e-05,2.4339785907787198e-05,2.459050103682045e-10,0.02462410502346633
5.581250000000001,4926.6744199296145,5.025266482410536e-06,2.4602186814422892e-05,2.4602186814422892e-05,2.475706666214773e-10,0.025126332412052678
5.5875,4925.220101188812,5.1249361913433765e-06,2.4865542349949293e-05,2.4865542349949293e-05,2.4926935902806195e-10,0.025624680956716883
5.59375,4923.777464096271,5.22380531478378e-06,2.512978591391035e-05,2.512978591391035e-05,2.5100082222885036e-10,0.026119026573918902
5.6000000000000005,4922.346876447154,5.321848646407241e-06,2.5394853267199668e-05,2.5394853267199668e-05,2.5276478250993927e-10,0.026609243232036204
5.60625,4920.9287117601025,5.419040587629527e-06,2.566068243011892e-05,2.566068243011892e-05,2.5456095767261333e-10,0.027095202938147635
5.612500000000001,4919.523349306482,5.515355145620119e-06,2.592721358272884e-05,2.592721358272884e-05,2.5638905690266964e-10,0.027576775728100595
5.61875,4918.131174128837,5.6107659320209855e-06,2.6194388967838624e-05,2.6194388967838624e-05,2.5824878063931767e-10,0.028053829660104928
5.625,4916.752577048739,5.705246162420434e-06,2.6462152796926853e-05,2.6462152796926853e-05,2.6013982044390484e-10,0.02852623081210217
5.6312500000000005,4915.387954662705,5.798768656632548e-06,2.6730451159236848e-05,2.6730451159236848e-05,2.6206185886873465e-10,0.02899384328316274
5.6375,4914.037709325452,5.891305839833483e-06,2.699923193424147e-05,2.699923193424147e-05,2.640145693262613e-10,0.029456529199167417
5.643750000000001,4912.7022491202315,5.982829744606469e-06,2.7268444707626684e-05,2.7268444707626684e-05,2.6599761595896246e-10,0.029914148723032344
5.65,4911.381987814943,6.073312013947647e-06,2.7538040690900634e-05,2.7538040690900634e-05,2.680106535102081e-10,0.030366560069738237
5.65625,4910.077344803369,6.162723905285117e-06,2.7807972644695145e-05,2.7807972644695145e-05,2.700533271964617e-10,0.030813619526425588
5.6625000000000005,4908.788745031147,6.251036295563549e-06,2.807819480579003e-05,2.807819480579003e-05,2.7212527258116617e-10,0.031255181477817744
5.66875,4907.516618905163,6.33821968744637e-06,2.834866281785713e-05,2.834866281785713e-05,2.742261154506865e-10,0.03169109843723185
5.675000000000001,4906.261402186012,6.424244216687176e-06,2.8619333665890875e-05,2.8619333665890875e-05,2.7635547169269494e-10,0.03212122108343588
5.68125,4905.023535862674,6.5090796607211795e-06,2.8890165614265218e-05,2.8890165614265218e-05,2.78512947177404e-10,0.0325453983036059
5.6875,4903.803466008629,6.5926954485265555e-06,2.9161118148333365e-05,2.9161118148333365e-05,2.806981376420685e-10,0.03296347724263278
5.6937500000000005,4902.601643618565,6.67506067180425e-06,2.9432151919466104e-05,2.9432151919466104e-05,2.829106285791924e-10,0.03337530335902125
5.7,4901.41852442563,6.7561440975233035e-06,2.9703228693407338e-05,2.9703228693407338e-05,2.8514999512889503e-10,0.03378072048761652
5.706250000000001,4900.25456869751,6.835914181876771e-06,2.9974311301811214e-05,2.9974311301811214e-05,2.8741580197590177e-10,0.03417957090938385
5.7125,4899.110241011744,6.914339085691281e-06,3.0245363596813637e-05,3.0245363596813637e-05,2.897076032516434e-10,0.0345716954284564
5.71875,4897.9860100090045,6.991386691330676e-06,3.0516350408482396e-05,3.0516350408482396e-05,2.9202494244195775e-10,0.034956933456653384
5.7250000000000005,4896.882348124124,7.067024621131414e-06,3.0787237504983896e-05,3.0787237504983896e-05,2.9436735230090195e-10,0.03533512310565707
5.73125,4895.799731294253,7.141220257404236e-06,3.105799155530055e-05,3.105799155530055e-05,2.9673435477119443e-10,0.03570610128702118
5.737500000000001,4894.738638643699,7.213940764033127e-06,3.132858009433138e-05,3.132858009433138e-05,2.9912546091181594e-10,0.03606970382016564
5.74375,4893.699552145024,7.285153109698738e-06,3.1598971490208406e-05,3.1598971490208406e-05,3.0154017083330827e-10,0.03642576554849369
5.75,4892.682956256202,7.354824092749235e-06,3.1869134913663536e-05,3.1869134913663536e-05,3.0397797364131634e-10,0.036774120463746174
5.7562500000000005,4891.689337533351,7.422920367737125e-06,3.2139040309284046e-05,3.2139040309284046e-05,3.0643834738892635e-10,0.037114601838685625
5.7625,4890.719184219125,7.489408473635569e-06,3.24086583684997e-05,3.24086583684997e-05,3.089207590383562e-10,0.03744704236817784
5.768750000000001,4889.77298580623,7.5542548637426184e-06,3.2677960504150295e-05,3.2677960504150295e-05,3.11424664432558e-10,0.03777127431871309
5.775,4888.851232576465,7.617425937276222e-06,3.2946918826489394e-05,3.2946918826489394e-05,3.1394950827729285e-10,0.03808712968638111
5.78125,4887.95441511516,7.678888072657006e-06,3.321550612048755e-05,3.321550612048755e-05,3.164947241342374e-10,0.03839444036328503
5.7875000000000005,4887.083023800901,7.738607662469615e-06,3.348369582430646e-05,3.348369582430646e-05,3.190597344256785e-10,0.03869303831234807
5.79375,4886.23754827125,7.79655115008703e-06,3.3751462008824016e-05,3.3751462008824016e-05,3.2164395045134775e-10,0.03898275575043515
5.800000000000001,4885.418476864336,7.852685067935433e-06,3.4018779358098726e-05,3.4018779358098726e-05,3.2424677241793814e-10,0.039263425339677166
5.80625,4884.626296037022,7.906976077370248e-06,3.4285623150671426e-05,3.4285623150671426e-05,3.268675894818389e-10,0.03953488038685124
5.8125,4883.86148976017,7.959391010126796e-06,3.4551969241610245e-05,3.4551969241610245e-05,3.295057798056089e-10,0.039796955050633985
5.8187500000000005,4883.124538891276,8.009896911301398e-06,3.48177940452141e-05,3.48177940452141e-05,3.321607106286963e-10,0.04004948455650699
5.825,4882.415920525958,8.058461083811356e-06,3.508307451829803e-05,3.508307451829803e-05,3.3483173835289513e-10,0.04029230541905678
5.831250000000001,4881.736107328476,8.105051134274286e-06,3.534778814399208e-05,3.534778814399208e-05,3.3751820864300873e-10,0.04052525567137143
5.8375,4881.08556684237,8.14963502023946e-06,3.5611912915992945e-05,3.5611912915992945e-05,3.4021945654316813e-10,0.040748175101197305
5.84375,4880.464760782935,8.192181098695875e-06,3.587542732321504e-05,3.587542732321504e-05,3.4293480660922883e-10,0.040960905493479374
5.8500000000000005,4879.874144311817,8.232658175773645e-06,3.613831033479439e-05,3.613831033479439e-05,3.456635730576415e-10,0.041163290878868226
5.85625,4879.314165295773,8.27103555754744e-06,3.640054138540502e-05,3.640054138540502e-05,3.484050599311619e-10,0.0413551777877372
5.862500000000001,4878.785263550803,8.307283101842596e-06,3.666210036085343e-05,3.666210036085343e-05,3.5115856128173187e-10,0.04153641550921298
5.86875,4878.287870073033,8.341371270936699e-06,3.6922967583921625e-05,3.6922967583921625e-05,3.539233613708291e-10,0.04170685635468349
5.875,4877.822406258484,8.373271185041695e-06,3.7183123800434286e-05,3.7183123800434286e-05,3.5669873488754326e-10,0.04186635592520847
5.8812500000000005,4877.389283113025,8.402954676443978e-06,3.744255016552943e-05,3.744255016552943e-05,3.59483947184598e-10,0.042014773382219886
5.8875,4876.988900454695,8.43039434417257e-06,3.770122823011577e-05,3.770122823011577e-05,3.6227825453249225e-10,0.04215197172086285
5.893750000000001,4876.621646110217,8.455563609058463e-06,3.795913992750292e-05,3.795913992750292e-05,3.6508090439189196e-10,0.04227781804529231
5.9,4876.287895108241,8.478436769041477e-06,3.821626756019352e-05,3.821626756019352e-05,3.678911357043532e-10,0.04239218384520739
5.90625,4875.988008870611,8.498989054574559e-06,3.847259378682819e-05,3.847259378682819e-05,3.707081792014094e-10,0.04249494527287279
5.9125000000000005,4875.722334405027,8.51719668396963e-06,3.8728101609276425e-05,3.8728101609276425e-05,3.735312577320037e-10,0.04258598341984815
5.91875,4875.491203500589,8.533036918523598e-06,3.8982774359867624e-05,3.8982774359867624e-05,3.763595866081927e-10,0.04266518459261799
5.925000000000001,4875.294931929058,8.546488117258233e-06,3.9236595688757864e-05,3.9236595688757864e-05,3.7919237396899437e-10,0.042732440586291165
5.93125,4875.133818654287,8.557529791103338e-06,3.9489549551428494e-05,3.9489549551428494e-05,3.820288211621952e-10,0.04278764895551669
5.9375,4875.008145052205,8.566142656348845e-06,3.974162019631346e-05,3.974162019631346e-05,3.848681231438744e-10,0.042830713281744225
5.9437500000000005,4874.918174144266,8.572308687188577e-06,3.999279215255233e-05,3.999279215255233e-05,3.877094688953441e-10,0.04286154343594288
5.95,4874.8641498465295,8.576011167175922e-06,4.02430502178663e-05,4.02430502178663e-05,3.9055204185714486e-10,0.04288005583587961
5.956250000000001,4874.846296237318,8.577234739410241e-06,4.049237944655419e-05,4.049237944655419e-05,3.933950203796757e-10,0.04288617369705121
5.9625,4874.86481684634,8.575965455271933e-06,4.074076513760549e-05,4.074076513760549e-05,3.9623757818997775e-10,0.04287982727635967
5.96875,4874.919893967132,8.572190821524179e-06,4.0988192822927e-05,4.0988192822927e-05,3.9907888487413e-10,0.0428609541076209
5.9750000000000005,4875.011687996475,8.565899845600184e-06,4.12346482556794e-05,4.12346482556794e-05,4.0191810637465597e-10,0.04282949922800092
5.98125,4875.140336802497,8.557083078896518e-06,4.148011739871961e-05,4.148011739871961e-05,4.047544055022799e-10,0.04278541539448259
5.987500000000001,4875.30595512477,8.545732657895748e-06,4.172458641314431e-05,4.172458641314431e-05,4.0758694246131366e-10,0.04272866328947874
5.99375,4875.508634008522,8.531842342945077e-06,4.1968041646929526e-05,4.1968041646929526e-05,4.104148753878969e-10,0.042659211714725385
6.0,4875.748440275237,8.515407554522066e-06,4.221046962366084e-05,4.221046962366084e-05,4.132373609002577e-10,0.04257703777261033
6.0062500000000005,4876.025416032822,8.49642540682394e-06,4.245185703134798e-05,4.245185703134798e-05,4.1605355466010657e-10,0.0424821270341197
6.0125,4876.339578226604,8.47489473852308e-06,4.269219071131758e-05,4.269219071131758e-05,4.1886261194422463e-10,0.0423744736926154
6.018750000000001,4876.6909182342615,8.450816140538527e-06,4.2931457647176936e-05,4.2931457647176936e-05,4.216636882252569e-10,0.04225408070269263
6.025,4877.079401506208,8.424191980681231e-06,4.316964495384168e-05,4.316964495384168e-05,4.2445593976067427e-10,0.042120959903406155
6.03125,4877.504967253399,8.395026425039721e-06,4.340673986661959e-05,4.340673986661959e-05,4.272385241888239e-10,0.04197513212519861
6.0375000000000005,4877.967528184868,8.363325455982432e-06,4.3642729730342606e-05,4.3642729730342606e-05,4.3001060113094665e-10,0.04181662727991216
6.04375,4878.466970295875,8.329096886663547e-06,4.387760198853884e-05,4.387760198853884e-05,4.327713327980027e-10,0.04164548443331774
6.050000000000001,4879.003152708848,8.29235037193034e-06,4.4111344172635946e-05,4.4111344172635946e-05,4.355198846011121e-10,0.041461751859651695
6.05625,4879.575907568064,8.253097415541949e-06,4.434394389118734e-05,4.434394389118734e-05,4.382554257643885e-10,0.041265487077709745
6.0625,4880.185039989229,8.211351373622237e-06,4.457538881911223e-05,4.457538881911223e-05,4.409771299389168e-10,0.04105675686811119
6.0687500000000005,4880.830328064981,8.167127454282391e-06,4.48056666869405e-05,4.48056666869405e-05,4.4368417581660645e-10,0.040835637271411956
6.075,4881.511522927055,8.120442713362904e-06,4.5034765270053384e-05,4.5034765270053384e-05,4.463757477426326e-10,0.040602213566814524
6.081250000000001,4882.228348865545,8.071316046258577e-06,4.5262672377910586e-05,4.5262672377910586e-05,4.490510363251682e-10,0.040356580231292884
6.0875,4882.980503505614,8.019768175805e-06,4.548937584325466e-05,4.548937584325466e-05,4.517092390411006e-10,0.040098840879025
6.09375,4883.767658041943,7.965821636219774e-06,4.57148635112833e-05,4.57148635112833e-05,4.543495608364257e-10,0.03982910818109887
6.1000000000000005,4884.589457530342,7.909500753107049e-06,4.593912322878015e-05,4.593912322878015e-05,4.5697121472001416e-10,0.039547503765535244
6.10625,4885.445521236712,7.850831619549269e-06,4.616214283319483e-05,4.616214283319483e-05,4.595734223494534e-10,0.03925415809774634
6.112500000000001,4886.335443042337,7.789842068325477e-06,4.6383910141662725e-05,4.6383910141662725e-05,4.6215541460768083e-10,0.038949210341627384
6.11875,4887.258791905029,7.726561640311031e-06,4.660441293995517e-05,4.660441293995517e-05,4.647164321691432e-10,0.03863280820155515
6.125,4888.215112374918,7.661021549128941e-06,4.682363897135075e-05,4.682363897135075e-05,4.672557260542395e-10,0.038305107745644704
6.1312500000000005,4889.203925163667,7.593254642138121e-06,4.7041575925418276e-05,4.7041575925418276e-05,4.697725581708327e-10,0.037966273210690606
6.1375,4890.22472776568,7.523295357859002e-06,4.725821142670215e-05,4.725821142670215e-05,4.722662018416505e-10,0.03761647678929501
6.143750000000001,4891.276995129687,7.451179679951285e-06,4.7473533023300835e-05,4.7473533023300835e-05,4.747359423164316e-10,0.037255898399756425
6.15,4892.360180378565,7.376945087872895e-06,4.7687528175329224e-05,4.7687528175329224e-05,4.771810772677171e-10,0.036884725439364476
6.15625,4893.47371557581,7.300630504362783e-06,4.7900184243255633e-05,4.7900184243255633e-05,4.796009172692354e-10,0.036503152521813916
6.1625000000000005,4894.617012535805,7.222276239903194e-06,4.811148847610435e-05,4.811148847610435e-05,4.819947862558783e-10,0.03611138119951597
6.16875,4895.789463675832,7.1419239343293696e-06,4.832142799951475e-05,4.832142799951475e-05,4.843620219643234e-10,0.03570961967164685
6.175000000000001,4896.990442907058,7.059616495766191e-06,4.852998980364783e-05,4.852998980364783e-05,4.867019763534168e-10,0.035298082478830956
6.18125,4898.219306561817,6.975398037082053e-06,4.873716073093153e-05,4.873716073093153e-05,4.890140160034931e-10,0.03487699018541026
6.1875,4899.475394354064,6.889313810060034e-06,4.8942927463635955e-05,4.8942927463635955e-05,4.912975224938754e-10,0.03444656905030017
6.1937500000000005,4900.758030370228,6.801410137495328e-06,4.914727651127003e-05,4.914727651127003e-05,4.935518927578693e-10,0.03400705068747664
6.2,4902.066524087069,6.711734343435838e-06,4.9350194197791223e-05,4.9350194197791223e-05,4.957765394146347e-10,0.03355867171717919
6.206250000000001,4903.400171413437,6.620334681789497e-06,4.955166664862013e-05,4.955166664862013e-05,4.97970891077393e-10,0.033101673408947485
6.2125,4904.758255752363,6.527260263527801e-06,4.97516797774521e-05,4.97516797774521e-05,5.001343926375071e-10,0.032636301317639005
6.21875,4906.140049080502,6.432560982719428e-06,4.995021927285822e-05,4.995021927285822e-05,5.022665055240431e-10,0.03216280491359714
6.2250000000000005,4907.544813040899,6.336287441631379e-06,5.0147270584668617e-05,5.0147270584668617e-05,5.043667079385078e-10,0.031681437208156894
6.23125,4908.9718000459,6.238490875137229e-06,5.034281891013097e-05,5.034281891013097e-05,5.064344950645296e-10,0.031192454375686147
6.237500000000001,4910.420254386916,6.139223074673239e-06,5.053684917983812e-05,5.053684917983812e-05,5.084693792523352e-10,0.030696115373366195
6.24375,4911.88941334709,6.038536311982836e-06,5.0729346043418666e-05,5.0729346043418666e-05,5.104708901779496e-10,0.03019268155991418
6.25,4913.378508313266,5.936483262888729e-06,5.092029385498551e-05,5.092029385498551e-05,5.12438574977132e-10,0.029682416314443648
6.2562500000000005,4914.886765884865,5.833116931329426e-06,5.110967665833749e-05,5.110967665833749e-05,5.143719983541306e-10,0.02916558465664713
6.2625,4916.413408974652,5.7284905738932385e-06,5.129747817191037e-05,5.129747817191037e-05,5.162707426654257e-10,0.028642452869466192
6.268750000000001,4917.9576578994765,5.622657625078149e-06,5.148368177347399e-05,5.148368177347399e-05,5.18134407978699e-10,0.028113288125390747
6.275,4919.518731457007,5.515671623500025e-06,5.1668270484573366e-05,5.1668270484573366e-05,5.199626121073436e-10,0.027578358117500125
6.28125,4921.095847985332,5.4075861392647625e-06,5.185122695471256e-05,5.185122695471256e-05,5.21754990620902e-10,0.027037930696323813
6.2875000000000005,4922.688226402933,5.2984547027121205e-06,5.203253344528112e-05,5.203253344528112e-05,5.235111968318852e-10,0.026492273513560604
6.29375,4924.295087225175,5.188330734730033e-06,5.221217181322409e-05,5.221217181322409e-05,5.252309017594944e-10,0.025941653673650165
6.300000000000001,4925.9156535557595,5.077267478828665e-06,5.239012349445786e-05,5.239012349445786e-05,5.269137940708276e-10,0.025386337394143324
6.30625,4927.549152049289,4.9653179351527955e-06,5.256636948703564e-05,5.256636948703564e-05,5.285595800002153e-10,0.02482658967576398
6.3125,4929.194813843651,4.852534796599973e-06,5.274089033406736e-05,5.274089033406736e-05,5.301679832473807e-10,0.024262673982999864
6.3187500000000005,4930.851875458945,4.7389703871998965e-06,5.2913666106401224e-05,5.2913666106401224e-05,5.317387448551767e-10,0.023694851935999482
6.325,4932.519579661642,4.624676602898072e-06,5.308467638507502e-05,5.308467638507502e-05,5.332716230676942e-10,0.02312338301449036
6.331250000000001,4934.19717629162,4.509704854873694e-06,5.3253900243547494e-05,5.3253900243547494e-05,5.347663931695837e-10,0.022548524274368473
6.3375,4935.88392305055,4.394106015508418e-06,5.342131622972241e-05,5.342131622972241e-05,5.362228473074675e-10,0.021970530077542093
6.34375,4937.579086250106,4.2779303671088834e-06,5.358690234777919e-05,5.358690234777919e-05,5.376407942943549e-10,0.021389651835544417
6.3500000000000005,4939.281941518731,4.161227553471937e-06,5.375063603982713e-05,5.375063603982713e-05,5.390200593980051e-10,0.02080613776735968
6.35625,4940.9917744657405,4.04404653436737e-06,5.391249416740186e-05,5.391249416740186e-05,5.403604841142012e-10,0.02022023267183685
6.362500000000001,4942.70788130206,3.926435542998848e-06,5.4072452992825596e-05,5.4072452992825596e-05,5.416619259259261e-10,0.01963217771499424
6.36875,4944.429569416809,3.80844204648955e-06,5.423048816045524e-05,5.423048816045524e-05,5.429242580494395e-10,0.01904221023244775
6.375,4946.156157909143,3.690112709425022e-06,5.438657467784514e-05,5.438657467784514e-05,5.441473691682726e-10,0.01845056354712511
6.3812500000000005,4947.886978075618,3.5714933604719397e-06,5.454068689685409e-05,5.454068689685409e-05,5.453311631561566e-10,0.0178574668023597
6.3875,4949.621373851951,3.452628962077857e-06,5.4692798494729434e-05,5.4692798494729434e-05,5.464755587899096e-10,0.017263144810389285
6.393750000000001,4951.358702210533,3.3335635832439055e-06,5.484288245520407e-05,5.484288245520407e-05,5.475804894532978e-10,0.01666781791621953
6.4,4953.098333513144,3.2143403753495492e-06,5.499091104964535e-05,5.499091104964535e-05,5.486459028328844e-10,0.016071701876747745
6.40625,4954.83965181961,3.0950015509962542e-06,5.5136855818298724e-05,5.5136855818298724e-05,5.496717606068652e-10,0.015475007754981271
6.4125000000000005,4956.5820551531015,2.975588365825168e-06,5.528068755167177e-05,5.528068755167177e-05,5.506580381278784e-10,0.01487794182912584
6.41875,4958.324955723007,2.856141103252803e-06,5.5422376272108624e-05,5.5422376272108624e-05,5.516047241007545e-10,0.014280705516264015
6.425000000000001,4960.067780105753,2.736699062058187e-06,5.556189121560798e-05,5.556189121560798e-05,5.525118202561521e-10,0.013683495310290936
6.43125,4961.809969385784,2.617300546745281e-06,5.569920081394196e-05,5.569920081394196e-05,5.533793410209991e-10,0.013086502733726404
6.4375,4963.550979256645,2.497982860595314e-06,5.5834272677137056e-05,5.5834272677137056e-05,5.54207313186631e-10,0.01248991430297657
6.4437500000000005,4965.2902800847005,2.378782301315565e-06,5.5967073576382e-05,5.5967073576382e-05,5.549957755754873e-10,0.011893911506577825
6.45,4967.027356935976,2.259734159183569e-06,5.609756942743206e-05,5.609756942743206e-05,5.557447787071924e-10,0.011298670795917846
6.456250000000001,4968.761709568648,2.1408727175791915e-06,5.622572527458274e-05,5.622572527458274e-05,5.564543844648131e-10,0.010704363587895957
6.4625,4970.49285239191,2.0222312557911655e-06,5.635150527529048e-05,5.635150527529048e-05,5.571246657620462e-10,0.010111156278955827
6.46875,4972.220314393652,1.9038420539797667e-06,5.647487268552164e-05,5.647487268552164e-05,5.577557062120511e-10,0.009519210269898833
6.4750000000000005,4973.943639038287,1.7857364001731975e-06,5.6595789845915725e-05,5.6595789845915725e-05,5.583475997986015e-10,0.008928682000865988
6.48125,4975.662384136914,1.6679445991719712e-06,5.671421816885241e-05,5.671421816885241e-05,5.589004505501881e-10,0.008339722995859855
6.487500000000001,4977.376121691423,1.5504959832331515e-06,5.683011812651645e-05,5.683011812651645e-05,5.59414372217663e-10,0.0077524799161657575
6.49375,4979.084437714378,1.433418924404639e-06,5.694344924005822e-05,5.694344924005822e-05,5.598894879559728e-10,0.007167094622023195
6.5,4980.786932027081,1.3167408483788988e-06,5.705417006995193e-05,5.705417006995193e-05,5.603259300104826e-10,0.006583704241894494
6.5062500000000005,4982.483218036991,1.2004882497353388e-06,5.7162238207656995e-05,5.7162238207656995e-05,5.607238394083526e-10,0.006002441248676694
6.5125,4984.172922497091,1.0846867084412614e-06,5.726761026869205e-05,5.726761026869205e-05,5.610833656553847e-10,0.005423433542206307
6.518750000000001,4985.855685248477,9.69360907482556e-07,5.737024188723461e-05,5.737024188723461e-05,5.614046664387119e-10,0.004846804537412781
6.525,4987.531158948616,8.545346514973188e-07,5.74700877123623e-05,5.74700877123623e-05,5.616879073356646e-10,0.004272673257486594
6.53125,4989.199008786539,7.402308862881193e-07,5.7567101406055366e-05,5.7567101406055366e-05,5.619332615291044e-10,0.0037011544314405963
6.5375000000000005,4990.858912187134,6.264717190917841e-07,5.766123564308254e-05,5.766123564308254e-05,5.621409095294753e-10,0.0031323585954589205
6.54375,4992.510558505993,5.132784394892068e-07,5.7752442112894775e-05,5.7752442112894775e-05,5.623110389037877e-10,0.002566392197446034
6.550000000000001,4994.153648716667,4.006715408418183e-07,5.7840671523654475e-05,5.7840671523654475e-05,5.624438440117053e-10,0.0020033577042090915
6.55625,4995.787895091776,2.886707421458457e-07,5.792587360852858e-05,5.792587360852858e-05,5.625395257488779e-10,0.0014433537107292284
6.5625,4997.413020879491,1.7729501020040443e-07,5.8007997134376366e-05,5.8007997134376366e-05,5.625982912976201e-10,0.0008864750510020221
6.5687500000000005,4999.028759977004,6.656258199065191e-08,5.808698991296339e-05,5.808698991296339e-05,5.626203538850102e-10,0.00033281290995325954
6.575,5000.634856602141,-4.3509012807308154e-08,5.816279881483373e-05,5.816279881483373e-05,5.626059325484482e-10,-0.00021754506403654078
6.581250000000001,5002.231064964462,-1.529029292874276e-07,5.823536978597319e-05,5.823536978597319e-05,5.625552519086845e-10,-0.000764514646437138
6.5875,5003.817148937074,-2.6160298482243933e-07,5.830464786739521e-05,5.830464786739521e-05,5.624685419503033e-10,-0.0013080149241121966
6.59375,5005.39288173026,-3.6959363669620256e-07,5.83705772177808e-05,5.83705772177808e-05,5.623460378096199e-10,-0.0018479681834810127
6.6000000000000005,5006.958045567977,-4.768599599295555e-07,5.843310113930201e-05,5.843310113930201e-05,5.621879795699281e-10,-0.0023842997996477776
6.60625,5008.512431367973,-5.833876253635645e-07,5.849216210675663e-05,5.849216210675663e-05,5.619946120640118e-10,-0.0029169381268178227
6.612500000000001,5010.055838426705,-6.891628780580478e-07,5.854770180013848e-05,5.854770180013848e-05,5.617661846838164e-10,-0.003445814390290239
6.61875,5011.588074109381,-7.941725160573499e-07,5.8599661140764984e-05,5.8599661140764984e-05,5.615029511971588e-10,-0.0039708625802867496
6.625,5013.108953546259,-8.984038695694851e-07,5.864798033107891e-05,5.864798033107891e-05,5.612051695713384e-10,-0.004492019347847426
6.6312500000000005,5014.618299335357,-1.001844780599115e-06,5.8692598898236274e-05,5.8692598898236274e-05,5.608731018034988e-10,-0.005009223902995575
6.6375,5016.115941252481,-1.1044835830692645e-06,5.8733455741587265e-05,5.8733455741587265e-05,5.605070137575781e-10,-0.005522417915346322
6.643750000000001,5017.60171596879,-1.2063090834613674e-06,5.877048918414987e-05,5.877048918414987e-05,5.601071750076769e-10,-0.006031545417306837
6.65,5019.075466776072,-1.3073105419981531e-06,5.880363702816915e-05,5.880363702816915e-05,5.596738586876628e-10,-0.006536552709990766
6.65625,5020.537043320463,-1.4074776543889416e-06,5.883283661484668e-05,5.883283661484668e-05,5.592073413468251e-10,-0.0070373882719447075
6.6625000000000005,5021.98630134457,-1.5068005341523784e-06,5.8858024888315724e-05,5.8858024888315724e-05,5.587079028113901e-10,-0.007534002670761892
6.66875,5023.423102438032,-1.6052696955272528e-06,5.887913846392834e-05,5.887913846392834e-05,5.581758260516992e-10,-0.008026348477636265
6.675000000000001,5024.847313796872,-1.7028760369780172e-06,5.889611370090913e-05,5.889611370090913e-05,5.576113970548552e-10,-0.008514380184890086
6.68125,5026.258807991558,-1.799610825297847e-06,5.8908886779419656e-05,5.8908886779419656e-05,5.570149047026373e-10,-0.008998054126489234
6.6875,5027.657462743658,-1.8954656803086286e-06,5.891739378206479e-05,5.891739378206479e-05,5.563866406544876e-10,-0.009477328401543143
6.6937500000000005,5029.043160711429,-1.9904325601540914e-06,5.892157077985875e-05,5.892157077985875e-05,5.557268992353723e-10,-0.009952162800770457
6.7,5030.415789283587,-2.0845037471794688e-06,5.892135392265517e-05,5.892135392265517e-05,5.550359773283226e-10,-0.010422518735897343
6.706250000000001,5031.775240381898,-2.1776718343884692e-06,5.8916679534029886e-05,5.8916679534029886e-05,5.543141742714655e-10,-0.010888359171942346
6.7125,5033.121410271543,-2.2699297124661263e-06,5.890748421059004e-05,5.890748421059004e-05,5.535617917593554e-10,-0.011349648562330632
6.71875,5034.454199380141,-2.3612705573540644e-06,5.889370492566617e-05,5.889370492566617e-05,5.527791337484235e-10,-0.011806352786770322
6.7250000000000005,5035.77351212408,-2.4516878183630623e-06,5.8875279137327064e-05,5.8875279137327064e-05,5.519665063663687e-10,-0.012258439091815312
6.73125,5037.079256742712,-2.5411752068063347e-06,5.8852144900638815e-05,5.8852144900638815e-05,5.511242178253144e-10,-0.012705876034031673
6.737500000000001,5038.371345139872,-2.6297266851357926e-06,5.88242409840714e-05,5.88242409840714e-05,5.502525783385675e-10,-0.013148633425678962
6.74375,5039.649692732439,-2.7173364565625983e-06,5.879150698993648e-05,5.879150698993648e-05,5.493519000408171e-10,-0.013586682282812991
6.75,5040.914218305549,-2.8039989551426415e-06,5.875388347872073e-05,5.875388347872073e-05,5.484224969116196e-10,-0.014019994775713208
6.7562500000000005,5042.164843874606,-2.889708836307035e-06,5.8711312097158366e-05,5.8711312097158366e-05,5.474646847020223e-10,-0.014448544181535175
6.7625,5043.401494553141,-2.974460967817486e-06,5.866373570986643e-05,5.866373570986643e-05,5.464787808641856e-10,-0.014872304839087429
6.768750000000001,5044.624098426803,-3.058250421126239e-06,5.861109853434491e-05,5.861109853434491e-05,5.454651044838676e-10,-0.015291252105631195
6.775,5045.832586432985,-3.1410724631203473e-06,5.8553346279122875e-05,5.8553346279122875e-05,5.44423976215647e-10,-0.015705362315601736
6.78125,5047.026892245522,-3.222922548230246e-06,5.849042628481037e-05,5.849042628481037e-05,5.433557182207598e-10,-0.01611461274115123
6.7875000000000005,5048.206952164675,-3.303796310882911e-06,5.8422287667794185e-05,5.8422287667794185e-05,5.42260654107439e-10,-0.016518981554414554
6.79375,5049.372705011763,-3.383689558280334e-06,5.834888146629457e-05,5.834888146629457e-05,5.411391088736468e-10,-0.01691844779140167
6.800000000000001,5050.524092028141,-3.4625982634846026e-06,5.827016078847835e-05,5.827016078847835e-05,5.399914088520992e-10,-0.017312991317423015
6.80625,5051.661056778712,-3.540518558791492e-06,5.818608096230317e-05,5.818608096230317e-05,5.388178816574875e-10,-0.017702592793957462
6.8125,5052.783545058982,-3.6174467293751783e-06,5.809659968674659e-05,5.809659968674659e-05,5.376188561358052e-10,-0.01808723364687589
6.8187500000000005,5053.891504806253,-3.693379207187442e-06,5.800167718405427e-05,5.800167718405427e-05,5.363946623156979e-10,-0.01846689603593721
6.825,5054.984886013892,-3.7683125650955374e-06,5.79012763526212e-05,5.79012763526212e-05,5.351456313617559e-10,-0.018841562825477685
6.831250000000001,5056.063640649195,-3.842243511243714e-06,5.779536292010166e-05,5.779536292010166e-05,5.338720955296761e-10,-0.019211217556218567
6.8375,5057.127722574087,-3.915168883624262e-06,5.768390559632556e-05,5.768390559632556e-05,5.325743881232224e-10,-0.019575844418121307
6.84375,5058.177087468804,-3.987085644844783e-06,5.756687622558168e-05,5.756687622558168e-05,5.312528434529218e-10,-0.019935428224223915
6.8500000000000005,5059.211692758257,-4.057990877079267e-06,5.744424993781295e-05,5.744424993781295e-05,5.299077967964331e-10,-0.020289954385396335
6.85625,5060.231497540818,-4.127881777191403e-06,5.731600529825396e-05,5.731600529825396e-05,5.285395843605322e-10,-0.020639408885957018
6.862500000000001,5061.236462519521,-4.196755652019424e-06,5.718212445502797e-05,5.718212445502797e-05,5.271485432446607e-10,-0.02098377826009712
6.86875,5062.226549935519,-4.264609913812519e-06,5.7042593284209053e-05,5.7042593284209053e-05,5.257350114059863e-10,-0.021323049569062596
6.875,5063.201723503529,-4.331442075809778e-06,5.689740153184485e-05,5.689740153184485e-05,5.242993276259291e-10,-0.02165721037904889
6.8812500000000005,5064.161948349301,-4.39724974795322e-06,5.6746542952427384e-05,5.6746542952427384e-05,5.228418314781095e-10,-0.0219862487397661
6.8875,5065.107190948901,-4.462030632727348e-06,5.659001544329286e-05,5.659001544329286e-05,5.213628632976735e-10,-0.02231015316363674
6.893750000000001,5066.037419069781,-4.525782521118247e-06,5.642782117442693e-05,5.642782117442693e-05,5.198627641519586e-10,-0.022628912605591234
6.9,5066.952601713422,-4.588503288685926e-06,5.625996671314982e-05,5.625996671314982e-05,5.183418758124618e-10,-0.02294251644342963
6.90625,5067.852709059601,-4.650190891744229e-06,5.6086463143155335e-05,5.6086463143155335e-05,5.168005407280723e-10,-0.02325095445872114
6.9125000000000005,5068.737712412231,-4.710843363643153e-06,5.5907326177380006e-05,5.5907326177380006e-05,5.152391019995381e-10,-0.023554216818215762
6.91875,5069.6075841463535,-4.770458811149007e-06,5.57225762641832e-05,5.57225762641832e-05,5.136579033551312e-10,-0.023852294055745033
6.925000000000001,5070.462297656931,-4.829035410918213e-06,5.553223868632561e-05,5.553223868632561e-05,5.120572891274827e-10,-0.024145177054591065
6.93125,5071.301827308449,-4.886571406061108e-06,5.533634365224317e-05,5.533634365224317e-05,5.104376042315554e-10,-0.02443285703030554
6.9375,5072.126148386267,-4.943065102792415e-06,5.513492637912514e-05,5.513492637912514e-05,5.087991941437283e-10,-0.024715325513962078
6.9437500000000005,5072.935237048877,-4.9985148671654225e-06,5.492802716731952e-05,5.492802716731952e-05,5.071424048819622e-10,-0.024992574335827113
6.95,5073.729070281353,-5.0529191218872795e-06,5.471569146560579e-05,5.471569146560579e-05,5.054675829870215e-10,-0.025264595609436398
6.956250000000001,5074.507625850169,-5.106276343213038e-06,5.4497969926894555e-05,5.4497969926894555e-05,5.037750755047253e-10,-0.025531381716065192
6.9625,5075.270882258914,-5.158585057916352e-06,5.427491845393559e-05,5.427491845393559e-05,5.020652299692033e-10,-0.02579292528958176
6.96875,5076.018818705209,-5.209843840334976e-06,5.4046598234640323e-05,5.4046598234640323e-05,5.003383943871296e-10,-0.026049219201674884
6.9750000000000005,5076.751415038656,-5.260051309489372e-06,5.3813075766651824e-05,5.3813075766651824e-05,4.985949172229129e-10,-0.02630025654744686
6.98125,5077.468651719864,-5.309206126272936e-06,5.357442287082449e-05,5.357442287082449e-05,4.968351473848169e-10,-0.02654603063136468
6.987500000000001,5078.170509780376,-5.357306990712474e-06,5.333071669330775e-05,5.333071669330775e-05,4.950594342119899e-10,-0.02678653495356237
6.99375,5078.85697078386,-5.404352639297679e-06,5.308203969596157e-05,5.308203969596157e-05,4.932681274623786e-10,-0.027021763196488396
7.0,5079.528016788029,-5.450341842378522e-06,5.282847963486786e-05,5.282847963486786e-05,4.914615773015048e-10,-0.02725170921189261
7.0062500000000005,5080.1836303076425,-5.495273401629474e-06,5.2570129526739764e-05,5.2570129526739764e-05,4.896401342920831e-10,-0.027476367008147373
7.0125,5080.823794278495,-5.5391461475796355e-06,5.2307087603071016e-05,5.2307087603071016e-05,4.878041493844564e-10,-0.02769573073789818
7.018750000000001,5081.448492022376,-5.581958937207891e-06,5.2039457251908484e-05,5.2039457251908484e-05,4.859539739078293e-10,-0.027909794686039456
7.025,5082.057707212796,-5.623710651602242e-06,5.176734694717499e-05,5.176734694717499e-05,4.840899595622767e-10,-0.02811855325801121
7.03125,5082.6514238418185,-5.664400193682557e-06,5.149087016551308e-05,5.149087016551308e-05,4.822124584115076e-10,-0.028322000968412784
7.0375000000000005,5083.229626187779,-5.704026485986019e-06,5.121014529066679e-05,5.121014529066679e-05,4.803218228763631e-10,-0.0285201324299301
7.04375,5083.792298783838,-5.742588468514578e-06,5.092529550546425e-05,5.092529550546425e-05,4.78418405729027e-10,-0.028712942342572892
7.050000000000001,5084.339426387492,-5.780085096643776e-06,5.063644867151198e-05,5.063644867151198e-05,4.765025600879306e-10,-0.02890042548321888
7.05625,5084.870993950924,-5.8165153390923494e-06,5.03437371967586e-05,5.03437371967586e-05,4.745746394133301e-10,-0.029082576695461746
7.0625,5085.386986592253,-5.851878175952051e-06,5.004729789113446e-05,5.004729789113446e-05,4.726349975035364e-10,-0.029259390879760254
7.0687500000000005,5085.887389567711,-5.8861725967771804e-06,4.974727181052103e-05,4.974727181052103e-05,4.706839884917791e-10,-0.029430862983885902
7.075,5086.372188244514,-5.919397598733355e-06,4.944380408935207e-05,4.944380408935207e-05,4.687219668436836e-10,-0.029596987993666776
7.081250000000001,5086.841368074864,-5.951552184805111e-06,4.9137043762195264e-05,4.9137043762195264e-05,4.667492873553424e-10,-0.029757760924025555
7.0875,5087.294914570525,-5.982635362061974e-06,4.8827143574710096e-05,4.8827143574710096e-05,4.647663051519609e-10,-0.02991317681030987
7.09375,5087.7328132784,-6.012646139982683e-06,4.8514259784422486e-05,4.8514259784422486e-05,4.6277337568705925e-10,-0.030063230699913415
7.1000000000000005,5088.155049756981,-6.041583528837336e-06,4.819855195180134e-05,4.819855195180134e-05,4.6077085474220966e-10,-0.03020791764418668
7.10625,5088.561609553532,-6.069446538127297e-06,4.788018272216436e-05,4.788018272216436e-05,4.5875909842729137e-10,-0.030347232690636484
7.112500000000001,5088.952478182161,-6.096234175082728e-06,4.755931759898161e-05,4.755931759898161e-05,4.5673846318124346e-10,-0.03048117087541364
7.11875,5089.327641102788,-6.121945443217785e-06,4.723612470918357e-05,4.723612470918357e-05,4.5470930577329655e-10,-0.030609727216088928
7.125,5089.687083700774,-6.1465793409435004e-06,4.691077456111765e-05,4.691077456111765e-05,4.5267198330466423e-10,-0.030732896704717502
7.1312500000000005,5090.030791267772,-6.170134860238535e-06,4.658343979583022e-05,4.658343979583022e-05,4.506268532106751e-10,-0.030850674301192673
7.1375,5090.358748982913,-6.192610985378068e-06,4.625429493238339e-05,4.625429493238339e-05,4.485742732633261e-10,-0.030963054926890343
7.143750000000001,5090.6709418953,-6.214006691721184e-06,4.5923516107943384e-05,4.5923516107943384e-05,4.46514601574238e-10,-0.03107003345860592
7.15,5090.967354907063,-6.23432094455725e-06,4.5591280813403093e-05,4.5591280813403093e-05,4.4444819659799277e-10,-0.03117160472278625
7.15625,5091.247972757428,-6.253552698011883e-06,4.5257767625323403e-05,4.5257767625323403e-05,4.423754171358342e-10,-0.031267763490059414
7.1625000000000005,5091.5127800076925,-6.271700894013221e-06,4.4923155934996066e-05,4.4923155934996066e-05,4.402966223397105e-10,-0.031358504470066106
7.16875,5091.761761026934,-6.288764461319396e-06,4.458762567544649e-05,4.458762567544649e-05,4.3821217171663994e-10,-0.03144382230659698
7.175000000000001,5091.994899978836,-6.304742314608163e-06,4.4251357047205855e-05,4.4251357047205855e-05,4.361224251333775e-10,-0.03152371157304081
7.18125,5092.212180809202,-6.319633353629878e-06,4.3914530243689675e-05,4.3914530243689675e-05,4.3402774282136295e-10,-0.03159816676814939
7.1875,5092.413587234678,-6.33343646242509e-06,4.357732517702379e-05,4.357732517702379e-05,4.3192848538192785e-10,-0.03166718231212545
7.1937500000000005,5092.599102732129,-6.346150508608214e-06,4.3239921205158796e-05,4.3239921205158796e-05,4.2982501379174005e-10,-0.03173075254304107
7.2,5092.768710529403,-6.357774342718893e-06,4.2902496861109754e-05,4.2902496861109754e-05,4.277176894084633e-10,-0.031788871713594465
7.206250000000001,5092.922393596687,-6.368306797642865e-06,4.2565229585150516e-05,4.2565229585150516e-05,4.2560687397660876e-10,-0.03184153398821432
7.2125,5093.060134639133,-6.377746688104262e-06,4.2228295460780024e-05,4.2228295460780024e-05,4.234929296335547e-10,-0.03188873344052131
7.21875,5093.181916090616,-6.386092810231511e-06,4.189186895526276e-05,4.189186895526276e-05,4.213762189157103e-10,-0.031930464051157556
7.2250000000000005,5093.287720108413,-6.39334394119913e-06,4.155612266552598e-05,4.155612266552598e-05,4.192571047647979e-10,-0.03196671970599565
7.23125,5093.377528569192,-6.3994988389479905e-06,4.122122707017374e-05,4.122122707017374e-05,4.171359505342281e-10,-0.031997494194739955
7.237500000000001,5093.45132306601,-6.404556241986698e-06,4.088735028835128e-05,4.088735028835128e-05,4.1501311999554086e-10,-0.03202278120993349
7.24375,5093.509084906755,-6.408514869277048e-06,4.0554657846163494e-05,4.0554657846163494e-05,4.128889773448843e-10,-0.03204257434638524
7.25,5093.55079511374,-6.411373420206632e-06,4.0223312451318234e-05,4.0223312451318234e-05,4.1076388720950274e-10,-0.03205686710103316
7.2562500000000005,5093.576434424499,-6.41313057465195e-06,3.989347377662923e-05,3.989347377662923e-05,4.0863821465420377e-10,-0.03206565287325975
7.2625,5093.5859832942115,-6.413784993135527e-06,3.956529825297463e-05,3.956529825297463e-05,4.0651232518777314e-10,-0.032068924965677634
7.268750000000001,5093.57942189937,-6.413335317080802e-06,3.923893887226551e-05,3.923893887226551e-05,4.043865847693055e-10,-0.03206667658540401
7.275,5093.556730143004,-6.411780169168705e-06,3.891454500093492e-05,3.891454500093492e-05,4.0226135981441647e-10,-0.03205890084584352
7.28125,5093.517887661362,-6.409118153800153e-06,3.859226220441224e-05,3.859226220441224e-05,4.0013701720130185e-10,-0.032045590769000765
7.2875000000000005,5093.462873832373,-6.405347857668798e-06,3.8272232082999556e-05,3.8272232082999556e-05,3.980139242766067e-10,-0.03202673928834399
7.29375,5093.391667785632,-6.40046785044866e-06,3.795459211951744e-05,3.795459211951744e-05,3.9589244886106667e-10,-0.0320023392522433
7.300000000000001,5093.304248414073,-6.394476685601473e-06,3.763947553903693e-05,3.763947553903693e-05,3.9377295925488163e-10,-0.031972383428007366
7.30625,5093.200594387791,-6.387372901308777e-06,3.7327011180962464e-05,3.7327011180962464e-05,3.916558242427804e-10,-0.031936864506543886
7.3125,5093.080684169383,-6.379155021533997e-06,3.7017323383678303e-05,3.7017323383678303e-05,3.895414130987334e-10,-0.031895775107669985
7.3187500000000005,5092.944496031473,-6.36982155722002e-06,3.671053188191819e-05,3.671053188191819e-05,3.8743009559026847e-10,-0.031849107786100096
7.325,5092.792008076109,-6.359371007627914e-06,3.640675171696443e-05,3.640675171696443e-05,3.8532224198234275e-10,-0.03179685503813957
7.331250000000001,5092.623198256758,-6.347801861822656e-06,3.6106093159730604e-05,3.6106093159730604e-05,3.832182230407224e-10,-0.031739009309113275
7.3375,5092.438044401909,-6.335112600311988e-06,3.580866164672883e-05,3.580866164672883e-05,3.8111841003481885e-10,-0.031675563001559943
7.34375,5092.23652424142,-6.321301696844654e-06,3.551455772887157e-05,3.551455772887157e-05,3.7902317473992907e-10,-0.03160650848422327
7.3500000000000005,5092.018615435215,-6.306367620374471e-06,3.522387703300708e-05,3.522387703300708e-05,3.7693288943882497e-10,-0.03153183810187236
7.35625,5091.78429560445,-6.290308837196832e-06,3.493671023603815e-05,3.493671023603815e-05,3.748479269226346e-10,-0.031451544185984164
7.362500000000001,5091.533542365243,-6.273123813264533e-06,3.465314305142652e-05,3.465314305142652e-05,3.7276866049095545e-10,-0.03136561906632266
7.36875,5091.266333365222,-6.254811016689715e-06,3.4373256227838816e-05,3.4373256227838816e-05,3.7069546395113905e-10,-0.031274055083448576
7.375,5090.9826463228865,-6.235368920439164e-06,3.40971255596466e-05,3.40971255596466e-05,3.686287116166817e-10,-0.03117684460219582
7.3812500000000005,5090.68245906979,-6.214796005230045e-06,3.382482190895086e-05,3.382482190895086e-05,3.665687783046555e-10,-0.031073980026150225
7.3875,5090.365749595847,-6.193090762633474e-06,3.355641123876253e-05,3.355641123876253e-05,3.6451603933211084e-10,-0.03096545381316737
7.393750000000001,5090.032496097851,-6.17025169839326e-06,3.329195465693386e-05,3.329195465693386e-05,3.624708705113788e-10,-0.0308512584919663
7.4,5089.682677030964,-6.146277335967347e-06,3.303150847040159e-05,3.303150847040159e-05,3.6043364814419955e-10,-0.030731386679836735
7.40625,5089.316271163935,-6.12116622029942e-06,3.2775124249272265e-05,3.2775124249272265e-05,3.584047490146009e-10,-0.0306058311014971
7.4125000000000005,5088.933257637477,-6.094916921828255e-06,3.2522848900251876e-05,3.2522848900251876e-05,3.563845503804478e-10,-0.030474584609141275
7.41875,5088.533616026398,-6.0675280407423295e-06,3.2274724748897604e-05,3.2274724748897604e-05,3.543734299635813e-10,-0.030337640203711647
7.425000000000001,5088.11732640539,-6.038998211487202e-06,3.203078963014766e-05,3.203078963014766e-05,3.523717659384644e-10,-0.03019499105743601
7.43125,5087.684369418533,-6.009326107533128e-06,3.179107698656735e-05,3.179107698656735e-05,3.503799369192466e-10,-0.03004663053766564
7.4375,5087.234726352845,-5.978510446410267e-06,3.155561597373401e-05,3.155561597373401e-05,3.4839832194516005e-10,-0.029892552232051332
7.4437500000000005,5086.768379215664,-5.946549995018719e-06,3.132443157217239e-05,3.132443157217239e-05,3.4642730046415573e-10,-0.029732749975093595
7.45,5086.285310816371,-5.913443575220489e-06,3.109754470524307e-05,3.109754470524307e-05,3.4446725231468586e-10,-0.029567217876102444
7.456250000000001,5085.78550485201,-5.879190069720253e-06,3.08749723623818e-05,3.08749723623818e-05,3.425185577055372e-10,-0.029395950348601266
7.4625,5085.268945997706,-5.843788428241613e-06,3.0656727727085324e-05,3.0656727727085324e-05,3.405815971936173e-10,-0.029218942141208067
7.46875,5084.73562000079,-5.807237674005226e-06,3.0442820309040632e-05,3.0442820309040632e-05,3.386567516595934e-10,-0.029036188370026132
7.4750000000000005,5084.185513780215,-5.769536910514858e-06,3.0233256079798412e-05,3.0233256079798412e-05,3.367444022812819e-10,-0.02884768455257429
7.48125,5083.618615529876,-5.730685328657144e-06,3.0028037611398758e-05,3.0028037611398758e-05,3.3484493050468517e-10,-0.02865342664328572
7.487500000000001,5083.034914826982,-5.690682214120318e-06,2.9827164217366692e-05,2.9827164217366692e-05,3.3295871801256855e-10,-0.028453411070601592
7.49375,5082.43440274497,-5.649526955136804e-06,2.9630632095507693e-05,2.9630632095507693e-05,3.310861466904716e-10,-0.028247634775684018
7.5,5081.817071971367,-5.60721905055405e-06,2.943843447194798e-05,2.943843447194798e-05,3.292275985900442e-10,-0.02803609525277025
7.5062500000000005,5081.182916930329,-5.563758118237422e-06,2.925056174588177e-05,2.925056174588177e-05,3.2738345588959697e-10,-0.027818790591187113
7.5125,5080.531933910053,-5.519143903808376e-06,2.906700163450667e-05,2.906700163450667e-05,3.2555410085175604e-10,-0.02759571951904188
7.518750000000001,5079.864121195398,-5.4733762897204894e-06,2.888773931764966e-05,2.888773931764966e-05,3.23739915778109e-10,-0.027366881448602446
7.525,5079.179479205178,-5.426455304675209e-06,2.8712757581609135e-05,2.8712757581609135e-05,3.2194128296073014e-10,-0.027132276523376044
7.53125,5078.478010634481,-5.37838113337845e-06,2.854203696176266e-05,2.854203696176266e-05,3.2015858463047186e-10,-0.02689190566689225
7.5375000000000005,5077.759720602114,-5.329154126638306e-06,2.837555588351611e-05,2.837555588351611e-05,3.1839220290190893e-10,-0.02664577063319153
7.54375,5077.024616802773,-5.278774811803307e-06,2.8213290801196473e-05,2.8213290801196473e-05,3.166425197148232e-10,-0.026393874059016536
7.550000000000001,5076.272709664465,-5.227243903539731e-06,2.805521633451873e-05,2.805521633451873e-05,3.1490991677211585e-10,-0.026136219517698657
7.55625,5075.504012510536,-5.174562314945477e-06,2.7901305402285342e-05,2.7901305402285342e-05,3.13194775474036e-10,-0.025872811574727383
7.5625,5074.718541726799,-5.120731168996979e-06,2.775152935300622e-05,2.775152935300622e-05,3.114974768486152e-10,-0.025603655844984897
7.5687500000000005,5073.916316933214,-5.065751810324548e-06,2.7605858092156146e-05,2.7605858092156146e-05,3.098184014781987e-10,-0.025328759051622737
7.575,5073.097361160556,-5.00962581731039e-06,2.7464260205816268e-05,2.7464260205816268e-05,3.0815792942196715e-10,-0.025048129086551952
7.581250000000001,5072.26170103156,-4.952355014502332e-06,2.7326703080475362e-05,2.7326703080475362e-05,3.065164401343432e-10,-0.02476177507251166
7.5875,5071.40936694636,-4.8939414853350476e-06,2.719315301879611e-05,2.719315301879611e-05,3.04894312379182e-10,-0.024469707426675237
7.59375,5070.540393272663,-4.834387585149303e-06,2.7063575351179864e-05,2.7063575351179864e-05,3.032919241396462e-10,-0.024171937925746515
7.6000000000000005,5069.654818539741,-4.77369595449831e-06,2.6937934542992044e-05,2.6937934542992044e-05,3.017096525236703e-10,-0.02386847977249155
7.60625,5068.752685636779,-4.711869532728979e-06,2.681619429733727e-05,2.681619429733727e-05,3.001478736649239e-10,-0.023559347663644897
7.612500000000001,5067.834042014686,-4.6489115718243615e-06,2.6698317653300237e-05,2.6698317653300237e-05,2.9860696261918626e-10,-0.023244557859121807
7.61875,5066.898939891749,-4.584825650492119e-06,2.658426707959374e-05,2.658426707959374e-05,2.970872932560514e-10,-0.022924128252460593
7.625,5065.947436462529,-4.5196156884823345e-06,2.6474004563579953e-05,2.6474004563579953e-05,2.955892381458875e-10,-0.022598078442411674
7.6312500000000005,5064.979594109878,-4.453285961116423e-06,2.6367491695654133e-05,2.6367491695654133e-05,2.941131684419805e-10,-0.022266429805582116
7.6375,5063.995480619717,-4.3858411140073635e-06,2.6264689749002307e-05,2.6264689749002307e-05,2.926594537577986e-10,-0.021929205570036817
7.643750000000001,5062.995169398259,-4.317286177949821e-06,2.6165559754764768e-05,2.6165559754764768e-05,2.912284620393214e-10,-0.021586430889749104
7.65,5061.978739691515,-4.247626583957137e-06,2.6070062572657006e-05,2.6070062572657006e-05,2.89820559432385e-10,-0.021238132919785685
7.65625,5060.946276806414,-4.17686817842055e-06,2.597815895711709e-05,2.597815895711709e-05,2.884361101450021e-10,-0.02088434089210275
7.6625000000000005,5059.89787233339,-4.105017238364325e-06,2.5889809619065182e-05,2.5889809619065182e-05,2.8707547630462627e-10,-0.020525086191821622
7.66875,5058.833624370047,-4.0320804867688565e-06,2.580497528337562e-05,2.580497528337562e-05,2.857390178103368e-10,-0.020160402433844284
7.675000000000001,5057.753637745195,-3.958065107932178e-06,2.5723616742175306e-05,2.5723616742175306e-05,2.844270921799321e-10,-0.019790325539660893
7.68125,5056.6580242431655,-3.8829787628386445e-06,2.5645694904094068e-05,2.5645694904094068e-05,2.8314005439192904e-10,-0.019414893814193222
7.6875,5055.546902827717,-3.8068296045019813e-06,2.5571170839602992e-05,2.5571170839602992e-05,2.8187825672247665e-10,-0.019034148022509908
7.6937500000000005,5054.420399864968,-3.7296262932483033e-06,2.5500005822585473e-05,2.5500005822585473e-05,2.806420485772044e-10,-0.018648131466241516
7.7,5053.278649345033,-3.6513780119031263e-06,2.543216136829329e-05,2.543216136829329e-05,2.794317763180362e-10,-0.01825689005951563
7.706250000000001,5052.121793101618,-3.5720944808449246e-06,2.536759926784602e-05,2.536759926784602e-05,2.782477830850153e-10,-0.017860472404224625
7.7125,5050.949981029328,-3.4917859728862706e-06,2.530628161943675e-05,2.530628161943675e-05,2.770904086131966e-10,-0.017458929864431354
7.71875,5049.763371297424,-3.4104633279422766e-06,2.5248170856410335e-05,2.5248170856410335e-05,2.7595998904467655e-10,-0.017052316639711382
7.7250000000000005,5048.562130560411,-3.3281379674445925e-06,2.5193229772382925e-05,2.5193229772382925e-05,2.7485685673584634e-10,-0.01664068983722296
7.73125,5047.3464341638655,-3.2448219084580726e-06,2.5141421543572064e-05,2.5141421543572064e-05,2.737813400599651e-10,-0.016224109542290362
7.737500000000001,5046.116466345449,-3.160527777455968e-06,2.509270974850692e-05,2.509270974850692e-05,2.727337632051678e-10,-0.01580263888727984
7.74375,5044.872420430344,-3.07526882370843e-06,2.504705838528692e-05,2.504705838528692e-05,2.717144459680354e-10,-0.01537634411854215
7.75,5043.614499020199,-2.9890589322381293e-06,2.500443188655509e-05,2.500443188655509e-05,2.7072370354287046e-10,-0.014945294661190647
7.7562500000000005,5042.342914175211,-2.9019126362959146e-06,2.496479513234947e-05,2.496479513234947e-05,2.6976184630683805e-10,-0.014509563181479572
7.7625,5041.057887588521,-2.8138451293086497e-06,2.4928113460992408e-05,2.4928113460992408e-05,2.688291796011461e-10,-0.014069225646543249
7.768750000000001,5039.759650751936,-2.7248722762508032e-06,2.4894352678173103e-05,2.4894352678173103e-05,2.679260035084566e-10,-0.013624361381254016
7.775,5038.448445113029,-2.6350106243907555e-06,2.486347906437385e-05,2.486347906437385e-05,2.6705261262673537e-10,-0.013175053121953778
7.78125,5037.124522221873,-2.544277413362564e-06,2.4835459380784973e-05,2.4835459380784973e-05,2.6620929583976267e-10,-0.01272138706681282
7.7875000000000005,5035.788143867458,-2.452690584513634e-06,2.4810260873847523e-05,2.4810260873847523e-05,2.653963360845461e-10,-0.01226345292256817
7.79375,5034.439582202973,-2.3602687894787234e-06,2.478785127855651e-05,2.478785127855651e-05,2.646140101158914e-10,-0.011801343947393617
7.800000000000001,5033.079119858636,-2.2670313979308824e-06,2.4768198820650838e-05,2.4768198820650838e-05,2.6386258826840406e-10,-0.011335156989654411
7.80625,5031.707050042319,-2.172998504460162e-06,2.4751272217809394e-05,2.4751272217809394e-05,2.6314233421621095e-10,-0.010864992522300809
7.8125,5030.323676626316,-2.0781909345314575e-06,2.4737040679965666e-05,2.4737040679965666e-05,2.624535047307074e-10,-0.010390954672657287
7.8187500000000005,5028.9293142202005,-1.982630249473505e-06,2.4725473908846313e-05,2.4725473908846313e-05,2.617963494366504e-10,-0.009913151247367526
7.825,5027.524288228749,-1.886338750451907e-06,2.471654209683195e-05,2.471654209683195e-05,2.61171110566935e-10,-0.009431693752259534
7.831250000000001,5026.10893489457,-1.7893394813801185e-06,2.4710215925231422e-05,2.4710215925231422e-05,2.605780227164059e-10,-0.008946697406900593
7.8375,5024.68360132417,-1.6916562307236106e-06,2.47064665620538e-05,2.47064665620538e-05,2.60017312595071e-10,-0.008458281153618052
7.84375,5023.248645497729,-1.5933135321538369e-06,2.4705265659355474e-05,2.4705265659355474e-05,2.5948919878109803e-10,-0.007966567660769185
7.8500000000000005,5021.804436261142,-1.4943366640103508e-06,2.4706585350233027e-05,2.4706585350233027e-05,2.5899389147398985e-10,-0.007471683320051754
7.85625,5020.351353300227,-1.394751647531257e-06,2.4710398245526063e-05,2.4710398245526063e-05,2.585315922483459e-10,-0.0069737582376562844
7.862500000000001,5018.889787096356,-1.294585243814282e-06,2.4716677430287794e-05,2.4716677430287794e-05,2.58102493808631e-10,-0.00647292621907141
7.86875,5017.420138863114,-1.1938649494730312e-06,2.472539646007532e-05,2.472539646007532e-05,2.5770677974538415e-10,-0.005969324747365156
7.875,5015.942820463352,-1.0926189909554923e-06,2.4736529357105613e-05,2.4736529357105613e-05,2.5734462429331017e-10,-0.005463094954777462
7.8812500000000005,5014.458254306401,-9.908763174945479e-07,2.4750050606317834e-05,2.4750050606317834e-05,2.570161920917082e-10,-0.00495438158747274
7.8875,5012.966873224733,-8.88666592663162e-07,2.4765935151377444e-05,2.4765935151377444e-05,2.567216379476991e-10,-0.00444333296331581
7.893750000000001,5011.469120330181,-7.860201845099758e-07,2.4784158390652772e-05,2.4784158390652772e-05,2.5646110660272264e-10,-0.003930100922549879
7.9,5009.96544884879,-6.829681542543752e-07,2.480469617319008e-05,2.480469617319008e-05,2.562347325027815e-10,-0.003414840771271876
7.90625,5008.456321934787,-5.795422435234983e-07,2.482752479470911e-05,2.482752479470911e-05,2.560426395729161e-10,-0.0028977112176174916
7.9125000000000005,5006.942212462713,-4.7577486011734866e-07,2.4852620993637137e-05,2.4852620993637137e-05,2.558849409963972e-10,-0.0023788743005867434
7.91875,5005.423602798224,-3.716990622919398e-07,2.4879961947196022e-05,2.4879961947196022e-05,2.5576173899912816e-10,-0.0018584953114596991
7.925000000000001,5003.900984546919,-2.6734854155439685e-07,2.490952526755365e-05,2.490952526755365e-05,2.5567312463975e-10,-0.0013367427077719842
7.93125,5002.374858281697,-1.6275760396800357e-07,2.494128899804803e-05,2.494128899804803e-05,2.5561917760594276e-10,-0.0008137880198400178
7.9375,5000.845733248078,-5.7961149969470114e-08,2.4975231609489875e-05,2.4975231609489875e-05,2.5559996601741677e-10,-0.0002898057498473506
7.9437500000000005,4999.3141270482965,4.7005347295005116e-08,2.5011331996547033e-05,2.5011331996547033e-05,2.556155462360844e-10,0.00023502673647502557
7.95,4997.780565303682,1.5210586510379805e-07,2.5049569474212232e-05,2.5049569474212232e-05,2.5566596268389994e-10,0.0007605293255189903
7.956250000000001,4996.245581295709,2.573038557484242e-07,2.5089923774353575e-05,2.5089923774353575e-05,2.557512476688492e-10,0.001286519278742121
7.9625,4994.709715586536,3.6256227255641263e-07,2.513237504234581e-05,2.513237504234581e-05,2.5587142121956504e-10,0.0018128113627820632
7.96875,4993.173515618608,4.6784359732354913e-07,2.5176903833779085e-05,2.5176903833779085e-05,2.560264909290348e-10,0.0023392179866177456
7.9750000000000005,4991.637535294205,5.73109869125879e-07,2.522349111124057e-05,2.522349111124057e-05,2.5621645180785847e-10,0.002865549345629395
7.98125,4990.102334535535,6.783227144771336e-07,2.5272118241163644e-05,2.5272118241163644e-05,2.5644128614750205e-10,0.003391613572385668
7.987500000000001,4988.568478825532,7.834433787924802e-07,2.5322766990738305e-05,2.5322766990738305e-05,2.567009633939801e-10,0.003917216893962401
7.99375,4987.036538730357,8.884327591148205e-07,2.5375419524876047e-05,2.5375419524876047e-05,2.5699544003238556e-10,0.004442163795574102
8.0,4985.507089404143,9.932514380551701e-07,2.5430058403221846e-05,2.5430058403221846e-05,2.573246594826694e-10,0.004966257190275851
8.00625,4983.980710076901,1.0978597188940688e-06,2.5486666577205616e-05,2.5486666577205616e-05,2.5768855200705446e-10,0.005489298594470344
8.012500000000001,4982.457983526098,1.2022176617864145e-06,2.5545227387125093e-05,2.5545227387125093e-05,2.5808703462945045e-10,0.006011088308932073
8.01875,4980.939495533349,1.3062851210077294e-06,2.560572455925221e-05,2.560572455925221e-05,2.5852001106721343e-10,0.006531425605038647
8.025,4979.42583432659,1.410021783175542e-06,2.5668142202954563e-05,2.5668142202954563e-05,2.5898737167557476e-10,0.00705010891587771
8.03125,4977.9175900092205,1.5133872063754378e-06,2.573246480782394e-05,2.573246480782394e-05,2.594889934050384e-10,0.007566936031877189
8.0375,4976.41535397707,1.6163408601173419e-06,2.5798677240803554e-05,2.5798677240803554e-05,2.6002473977202175e-10,0.008081704300586709
8.043750000000001,4974.919718324432,1.7188421660438016e-06,2.5866764743305844e-05,2.5866764743305844e-05,2.6059446084299e-10,0.008594210830219008
8.05,4973.431275240317,1.8208505393084607e-06,2.593671292831293e-05,2.593671292831293e-05,2.611979932323051e-10,0.009104252696542303
8.05625,4971.950616396012,1.9223254305395248e-06,2.60085077774515e-05,2.60085077774515e-05,2.618351601139841e-10,0.009611627152697623
8.0625,4970.478332325727,2.0232263682999626e-06,2.6082135638034454e-05,2.6082135638034454e-05,2.6250577124753114e-10,0.010116131841499813
8.06875,4969.015011800989,2.123513001953269e-06,2.615758322006145e-05,2.615758322006145e-05,2.6320962301797754e-10,0.010617565009766345
8.075000000000001,4967.561241200667,2.223145144841099e-06,2.6234837593170698e-05,2.6234837593170698e-05,2.639464984902334e-10,0.011115725724205494
8.08125,4966.117603877785,2.3220828176767865e-06,2.631388618353446e-05,2.631388618353446e-05,2.6471616747782213e-10,0.011610414088383933
8.0875,4964.6846795245965,2.420286292056814e-06,2.6394716770690586e-05,2.6394716770690586e-05,2.6551838662603755e-10,0.01210143146028407
8.09375,4963.263043537511,2.517716133990658e-06,2.6477317484302812e-05,2.6477317484302812e-05,2.663528995095286e-10,0.01258858066995329
8.1,4961.853266383122,2.614333247348156e-06,2.6561676800842128e-05,2.6561676800842128e-05,2.672194367442855e-10,0.01307166623674078
8.106250000000001,4960.455912966795,2.7100989171225626e-06,2.6647783540181858e-05,2.6647783540181858e-05,2.6811771611396533e-10,0.013550494585612813
8.1125,4959.071542005824,2.8049748524069355e-06,2.673562686209884e-05,2.673562686209884e-05,2.690474427104628e-10,0.014024874262034677
8.11875,4957.70070540777,2.8989232289811965e-06,2.6825196262673063e-05,2.6825196262673063e-05,2.700083090885965e-10,0.014494616144905983
8.125,4956.343947656479,2.9919067314074564e-06,2.6916481570578033e-05,2.6916481570578033e-05,2.709999954347477e-10,0.014959533657037281
8.13125,4955.001805206276,3.0838885945316086e-06,2.700947294325392e-05,2.700947294325392e-05,2.720221697492557e-10,0.015419442972658043
8.137500000000001,4953.674805886768,3.1748326442902307e-06,2.7104160862955362e-05,2.7104160862955362e-05,2.7307448804233854e-10,0.015874163221451153
8.14375,4952.363468318824,3.26470333772302e-06,2.7200536132665648e-05,2.7200536132665648e-05,2.741565945432759e-10,0.016323516688615102
8.15,4951.068301343858,3.3534658020926967e-06,2.7298589871868614e-05,2.7298589871868614e-05,2.7526812192255885e-10,0.016767329010463485
8.15625,4949.789803467418,3.4410858730163624e-06,2.739831351216939e-05,2.739831351216939e-05,2.7640869152667844e-10,0.017205429365081813
8.1625,4948.528462318584,3.5275301315146808e-06,2.7499698792754803e-05,2.7499698792754803e-05,2.7757791362519434e-10,0.017637650657573403
8.168750000000001,4947.284754126441,3.612765939888045e-06,2.760273775568384e-05,2.760273775568384e-05,2.7877538766969494e-10,0.018063829699440224
8.175,4946.059143215138,3.696761476332003e-06,2.7707422740998214e-05,2.7707422740998214e-05,2.80000702564231e-10,0.018483807381660014
8.18125,4944.852081518225,3.7794857682077044e-06,2.7813746381642743e-05,2.7813746381642743e-05,2.812534369467768e-10,0.01889742884103852
8.1875,4943.664008114104,3.860908723886906e-06,2.792170159818473e-05,2.792170159818473e-05,2.8253315948124683e-10,0.019304543619434532
8.19375,4942.495348783357,3.941001163095229e-06,2.803128159332114e-05,2.803128159332114e-05,2.838394291595697e-10,0.019705005815476143
8.200000000000001,4941.346515588752,4.0197348456817e-06,2.8142479846161885e-05,2.8142479846161885e-05,2.851717956132978e-10,0.020098674228408497
8.20625,4940.217906479589,4.09708249874742e-06,2.8255290106277112e-05,2.8255290106277112e-05,2.8652979943420953e-10,0.0204854124937371
8.2125,4939.1099049205295,4.1730178420710235e-06,2.836970638749585e-05,2.836970638749585e-05,2.879129725033381e-10,0.02086508921035512
8.21875,4938.022879546543,4.247515611773937e-06,2.8485722961442895e-05,2.8485722961442895e-05,2.8932083832784484e-10,0.021237578058869683
8.225,4936.95718384377,4.320551582173726e-06,2.8603334350800376e-05,2.8603334350800376e-05,2.907529123851361e-10,0.02160275791086863
8.231250000000001,4935.913155857902,4.392102585779547e-06,2.8722535322279798e-05,2.8722535322279798e-05,2.9220870247360723e-10,0.021960512928897735
8.2375,4934.891117930128,4.462146531389435e-06,2.884332087929013e-05,2.884332087929013e-05,2.9368770906938545e-10,0.022310732656947174
8.24375,4933.891376461147,4.530662420255126e-06,2.896568625428673e-05,2.896568625428673e-05,2.951894256884305e-10,0.02265331210127563
8.25,4932.914221704064,4.597630360286151e-06,2.9089626900785683e-05,2.9089626900785683e-05,2.967133392533434e-10,0.022988151801430757
8.25625,4931.959927585953,4.663031578271102e-06,2.921513848502745e-05,2.921513848502745e-05,2.982589304642258e-10,0.02331515789135551
8.262500000000001,4931.028751558756,4.72684843010013e-06,2.9342216877273466e-05,2.9342216877273466e-05,2.9982567417292806e-10,0.02363424215050065
8.26875,4930.120934479423,4.789064408979074e-06,2.9470858142718798e-05,2.9470858142718798e-05,3.0141303976001944e-10,0.023945322044895367
8.275,4929.236700519366,4.84966415163177e-06,2.9601058532003595e-05,2.9601058532003595e-05,3.030204915138145e-10,0.024248320758158852
8.28125,4928.376257103287,4.90863344249343e-06,2.9732814471305692e-05,2.9732814471305692e-05,3.046474890107893e-10,0.02454316721246715
8.2875,4927.539794877227,4.9659592159040894e-06,2.986612255199645e-05,2.986612255199645e-05,3.0629348749672443e-10,0.024829796079520447
8.293750000000001,4926.72748770551,5.021629556317321e-06,3.000097951984152e-05,3.000097951984152e-05,3.079579382679176e-10,0.025108147781586605
8.3,4925.939492696225,5.075633696545346e-06,3.0137382263728036e-05,3.0137382263728036e-05,3.0964028905181427e-10,0.02537816848272673
8.30625,4925.17595025527,5.12796201406766e-06,3.027532780389944e-05,3.027532780389944e-05,3.113399843864147e-10,0.025639810070338297
8.3125,4924.436984167852,5.178606025435947e-06,3.0414813279679116e-05,3.0414813279679116e-05,3.1305646599782686e-10,0.025893030127179733
8.31875,4923.722701707461,5.2275583788136735e-06,3.0555835936663716e-05,3.0555835936663716e-05,3.1478917317534607e-10,0.02613779189406837
8.325000000000001,4923.033193771167,5.274812844694094e-06,3.069839311336718e-05,3.069839311336718e-05,3.1653754314345846e-10,0.02637406422347047
8.33125,4922.368535041056,5.320364304845519e-06,3.0842482227296235e-05,3.0842482227296235e-05,3.183010114301799e-10,0.026601821524227597
8.3375,4921.728784170545,5.364208739537628e-06,3.0988100760438535e-05,3.0988100760438535e-05,3.200790122311614e-10,0.02682104369768814
8.34375,4921.113983995006,5.406343213107196e-06,3.113524624414439e-05,3.113524624414439e-05,3.218709787690098e-10,0.027031716065535977
8.35,4920.524161765744,5.446765857925981e-06,3.128391624338352e-05,3.128391624338352e-05,3.2367634364729486e-10,0.027233829289629904
8.356250000000001,4919.959329406173,5.4854758568375275e-06,3.143410834035842e-05,3.143410834035842e-05,3.2549453919873464e-10,0.027427379284187637
8.3625,4919.4194837894975,5.522473424133383e-06,3.158582011745638e-05,3.158582011745638e-05,3.2732499782707553e-10,0.027612367120666916
8.36875,4918.904607036457,5.557759785142659e-06,3.1739049139522525e-05,3.1739049139522525e-05,3.291671523422069e-10,0.027788798925713294
8.375,4918.414666832318,5.591337154511859e-06,3.189379293543701e-05,3.189379293543701e-05,3.3102043628807674e-10,0.027956685772559293
8.38125,4917.949616761691,5.623208713254688e-06,3.2050048978979956e-05,3.2050048978979956e-05,3.32884284263e-10,0.028116043566273438
8.387500000000001,4917.509396660192,5.6533785846538436e-06,3.2207814668968616e-05,3.2207814668968616e-05,3.3475813223197983e-10,0.028266892923269216
8.39375,4917.09393298154,5.681851809098838e-06,3.2367087308652025e-05,3.2367087308652025e-05,3.3664141783068804e-10,0.02840925904549419
8.4,4916.703139179112,5.708634317945536e-06,3.252786408434938e-05,3.252786408434938e-05,3.385335806607819e-10,0.02854317158972768
8.40625,4916.33691610019,5.733732906484269e-06,3.269014204331959e-05,3.269014204331959e-05,3.404340625762604e-10,0.028668664532421343
8.4125,4915.995152392294,5.757155206104456e-06,3.285391807085044e-05,3.285391807085044e-05,3.423423079605947e-10,0.02878577603052228
8.418750000000001,4915.677724919642,5.778909655744025e-06,3.3019188866557285e-05,3.3019188866557285e-05,3.4425776399439516e-10,0.028894548278720126
8.425,4915.384499188948,5.79900547271221e-06,3.3185950919882734e-05,3.3185950919882734e-05,3.461798809134074e-10,0.02899502736356105
8.43125,4915.115329783031,5.817452622974137e-06,3.335420048479001e-05,3.335420048479001e-05,3.481081122566589e-10,0.029087263114870684
8.4375,4914.87006080095,5.834261790985028e-06,3.3523933553644834e-05,3.3523933553644834e-05,3.500419151046072e-10,0.02917130895492514
8.44375,4914.648526303386,5.849444349161053e-06,3.369514583028224e-05,3.369514583028224e-05,3.5198075030716896e-10,0.029247221745805265
8.450000000000001,4914.4505507623535,5.863012327072706e-06,3.3867832702256784e-05,3.3867832702256784e-05,3.5392408270153774e-10,0.02931506163536353
8.45625,4914.275949513287,5.874978380445023e-06,3.404198921227678e-05,3.404198921227678e-05,3.55871381319727e-10,0.029374891902225114
8.4625,4914.1245292091935,5.885355760047277e-06,3.421761002882538e-05,3.421761002882538e-05,3.578221195858011e-10,0.029426778800236385
8.46875,4913.996088274881,5.8941582805526565e-06,3.4394689415973904e-05,3.4394689415973904e-05,3.5977577550278495e-10,0.029470791402763284
8.475,4913.890417360748,5.9014002894461446e-06,3.4573221202395054e-05,3.4573221202395054e-05,3.617318318292679e-10,0.029507001447230723
8.481250000000001,4913.807299794545,5.907096636056247e-06,3.475319874958677e-05,3.475319874958677e-05,3.636897762457427e-10,0.029535483180281236
8.4875,4913.746512030521,5.911262640783423e-06,3.493461491931984e-05,3.493461491931984e-05,3.656491015107455e-10,0.029556313203917113
8.49375,4913.707824094312,5.913914064595028e-06,3.5117462040325795e-05,3.5117462040325795e-05,3.676093056068844e-10,0.029569570322975143
8.5,4913.6910000234775,5.915067078853511e-06,3.5301731874244456e-05,3.5301731874244456e-05,3.695698918768675e-10,0.029575335394267554
8.50625,4913.695798301695,5.914738235541068e-06,3.5487415580853775e-05,3.5487415580853775e-05,3.715303691496618e-10,0.02957369117770534
8.512500000000001,4913.721972286694,5.912944437940618e-06,3.5674503682608064e-05,3.5674503682608064e-05,3.734902518569339e-10,0.02956472218970309
8.51875,4913.769270630619,5.9097029118292686e-06,3.58629860285143e-05,3.58629860285143e-05,3.754490601399428e-10,0.029548514559146342
8.525,4913.83743769202,5.905031177236659e-06,3.6052851757379485e-05,3.6052851757379485e-05,3.774063199470719e-10,0.029525155886183294
8.53125,4913.926213939094,5.898947020816881e-06,3.6244089260466166e-05,3.6244089260466166e-05,3.7936156312220304e-10,0.029494735104084405
8.5375,4914.035336343017,5.891468468878663e-06,3.643668614359685e-05,3.643668614359685e-05,3.813143274841519e-10,0.029457342344393313
8.543750000000001,4914.164538761535,5.882613761114691e-06,3.663062918875205e-05,3.663062918875205e-05,3.832641568973951e-10,0.029413068805573456
8.55,4914.313552311301,5.87240132506695e-06,3.682590431521076e-05,3.682590431521076e-05,3.8521060133433434e-10,0.02936200662533475
8.55625,4914.482105729454,5.8608497513610465e-06,3.7022496540286277e-05,3.7022496540286277e-05,3.871532169293513e-10,0.02930424875680523
8.5625,4914.669925723172,5.8479777697385525e-06,3.7220389939714435e-05,3.7220389939714435e-05,3.8909156602491864e-10,0.029239888848692764
8.56875,4914.87673730747,5.833804225912548e-06,3.7419567607755735e-05,3.7419567607755735e-05,3.9102521721003937e-10,0.02916902112956274
8.575000000000001,4915.102264130523,5.818348059267652e-06,3.7620011617076986e-05,3.7620011617076986e-05,3.929537453512949e-10,0.02909174029633826
8.58125,4915.346228786619,5.801628281422196e-06,3.782170297848244e-05,3.782170297848244e-05,3.9487673161678737e-10,0.02900814140711098
8.5875,4915.6083531159975,5.783663955666362e-06,3.802462160056891e-05,3.802462160056891e-05,3.967937634932667e-10,0.028918319778331807
8.59375,4915.8883584920295,5.7644741772866845e-06,3.822874624938361e-05,3.822874624938361e-05,3.987044347967358e-10,0.028822370886433423
8.6,4916.185966095325,5.744078054783798e-06,3.843405450816784e-05,3.843405450816784e-05,4.006083456768307e-10,0.02872039027391899
8.606250000000001,4916.500897174596,5.7224946919869655e-06,3.864052273727392e-05,3.864052273727392e-05,4.0250510261527195e-10,0.02861247345993483
8.6125,4916.83287329465,5.699743171065809e-06,3.884812603434723e-05,3.884812603434723e-05,4.0439431841868554e-10,0.028498715855329045
8.61875,4917.181616571116,5.675842536436528e-06,3.905683819486916e-05,3.905683819486916e-05,4.062756122060893e-10,0.028379212682182638
8.625,4917.546849892424,5.6508117795571205e-06,3.926663167316127e-05,3.926663167316127e-05,4.0814860939133946e-10,0.0282540588977856
8.63125,4917.928297128691,5.624669824603301e-06,3.9477477543954564e-05,3.9477477543954564e-05,4.100129416608296e-10,0.028123349123016506
8.637500000000001,4918.325683328102,5.597435515014328e-06,3.968934546463207e-05,3.968934546463207e-05,4.118682469467301e-10,0.027987177575071638
8.64375,4918.738734900699,5.569127600895555e-06,3.990220363825643e-05,3.990220363825643e-05,4.137141693960519e-10,0.027845638004477775
8.65,4919.167179789993,5.539764727262352e-06,4.011601877749788e-05,4.011601877749788e-05,4.155503593358137e-10,0.027698823636311758
8.65625,4919.610747632348,5.509365423107974e-06,4.033075606958139e-05,4.033075606958139e-05,4.1737647323458603e-10,0.02754682711553987
8.6625,4920.069169904835,5.477948091276216e-06,4.054637914237482e-05,4.054637914237482e-05,4.191921736606779e-10,0.02738974045638108
8.668750000000001,4920.5421800616405,5.445530999117962e-06,4.076285003174312e-05,4.076285003174312e-05,4.209971292372269e-10,0.027227654995589812
8.675,4921.0295136590385,5.412132269909309e-06,4.0980129150295856e-05,4.0980129150295856e-05,4.2279101459444474e-10,0.027060661349546544
8.68125,4921.530908470176,5.3777698750076865e-06,4.119817525765818e-05,4.119817525765818e-05,4.2457351031926285e-10,0.026888849375038434
8.6875,4922.0461045888105,5.34246162672123e-06,4.141694543239713e-05,4.141694543239713e-05,4.263443029026145e-10,0.02671230813360615
8.69375,4922.574844523556,5.3062251718658016e-06,4.163639504573701e-05,4.163639504573701e-05,4.2810308468458124e-10,0.026531125859329006
8.700000000000001,4923.116873282096,5.269077985983201e-06,4.185647773719882e-05,4.185647773719882e-05,4.298495537976232e-10,0.026345389929916006
8.70625,4923.671938446391,5.2310373681936245e-06,4.207714539230003e-05,4.207714539230003e-05,4.3158341410810283e-10,0.026155186840968122
8.7125,4924.239790238872,5.1921204366548545e-06,4.229834812245111e-05,4.229834812245111e-05,4.3330437515630404e-10,0.025960602183274274
8.71875,4924.820181580229,5.152344124600485e-06,4.2520034247185904e-05,4.2520034247185904e-05,4.3501215209513764e-10,0.025761720623002422
8.725,4925.412868139297,5.111725176929277e-06,4.2742150278862113e-05,4.2742150278862113e-05,4.367064656277167e-10,0.025558625884646385
8.731250000000001,4926.0176083750775,5.070280147317732e-06,4.296464090996798e-05,4.296464090996798e-05,4.383870419439748e-10,0.025351400736588658
8.7375,4926.634163571604,5.028025395828095e-06,4.3187449003169414e-05,4.3187449003169414e-05,4.4005361265649116e-10,0.025140126979140476
8.74375,4927.262297866176,4.984977086984244e-06,4.341051558423066e-05,4.341051558423066e-05,4.417059147356784e-10,0.024924885434921218
8.75,4927.901778270896,4.941151188288241e-06,4.363377983793872e-05,4.363377983793872e-05,4.4334369044447836e-10,0.024705755941441206
8.75625,4928.552374688254,4.896563469150785e-06,4.385717910715965e-05,4.385717910715965e-05,4.4496668727270343e-10,0.024482817345753922
8.762500000000001,4929.213859921182,4.851229500209333e-06,4.4080648895150786e-05,4.4080648895150786e-05,4.4657465787115197e-10,0.024256147501046665
8.76875,4929.886009677556,4.805164653008301e-06,4.43041228712495e-05,4.43041228712495e-05,4.4816735998561765e-10,0.024025823265041504
8.775,4930.568602570122,4.758384100016422e-06,4.4527532880054504e-05,4.4527532880054504e-05,4.4974455639090447e-10,0.02379192050008211
8.78125,4931.26142011157,4.7109028149571476e-06,4.475080895421062e-05,4.475080895421062e-05,4.513060148249515e-10,0.02355451407478574
8.7875,4931.964246705513,4.662735573428737e-06,4.4973879330902205e-05,4.4973879330902205e-05,4.52851507923163e-10,0.023313677867143685
8.793750000000001,4932.676869633527,4.6138969537916305e-06,4.519667047215441e-05,4.519667047215441e-05,4.543808131530327e-10,0.023069484768958152
8.8,4933.399079038647,4.5644013383015305e-06,4.541910708903447e-05,4.541910708903447e-05,4.5589371274914366e-10,0.022822006691507652
8.80625,4934.130667905462,4.5142629144676326e-06,4.564111216983782e-05,4.564111216983782e-05,4.5738999364861817e-10,0.02257131457233816
8.8125,4934.8714320374975,4.4634956766163746e-06,4.586260701233598e-05,4.586260701233598e-05,4.588694474270864e-10,0.022317478383081873
8.81875,4935.621170031411,4.412113427642067e-06,4.608351126015443e-05,4.608351126015443e-05,4.603318702352348e-10,0.022060567138210335
8.825000000000001,4936.379683249138,4.360129780926775e-06,4.630374294333977e-05,4.630374294333977e-05,4.617770627359911e-10,0.021800648904633877
8.83125,4937.146775787671,4.307558162412834e-06,4.652321852316571e-05,4.652321852316571e-05,4.632048300423962e-10,0.02153779081206417
8.8375,4937.922254446737,4.2544118128123516e-06,4.6741852941217105e-05,4.6741852941217105e-05,4.646149816562086e-10,0.02127205906406176
8.84375,4938.705928694719,4.2007037899390745e-06,4.6959559672780995e-05,4.6959559672780995e-05,4.660073314072814e-10,0.021003518949695373
8.85,4939.497610633289,4.146446971148988e-06,4.7176250784561775e-05,4.7176250784561775e-05,4.673816973937485e-10,0.02073223485574494
8.856250000000001,4940.297114960099,4.0916540558769205e-06,4.73918369967267e-05,4.73918369967267e-05,4.687379019230516e-10,0.020458270279384603
8.8625,4941.104258930759,4.036337568257476e-06,4.760622774927522e-05,4.760622774927522e-05,4.700757714538358e-10,0.020181687841287377
8.86875,4941.9188623193495,3.9805098598194075e-06,4.781933127271355e-05,4.781933127271355e-05,4.71395136538738e-10,0.019902549299097037
8.875,4942.740747378372,3.924183112243576e-06,4.8031054663002973e-05,4.8031054663002973e-05,4.726958317680905e-10,0.01962091556121788
8.88125,4943.5697387975415,3.867369340175375e-06,4.824130396073702e-05,4.824130396073702e-05,4.739776957145549e-10,0.01933684670087688
8.887500000000001,4944.405663662126,3.810080394083398e-06,4.844998423448945e-05,4.844998423448945e-05,4.75240570878706e-10,0.01905040197041699
8.89375,4945.2483514107325,3.7523279631569247e-06,4.865699966826113e-05,4.865699966826113e-05,4.764843036355736e-10,0.018761639815784624
8.9,4946.097633792457,3.694123578235504e-06,4.886225365294007e-05,4.886225365294007e-05,4.777087441821571e-10,0.01847061789117752
8.90625,4946.953344823853,3.635478614764677e-06,4.906564888167473e-05,4.906564888167473e-05,4.78913746485919e-10,0.018177393073823385
8.9125,4947.815320745438,3.5764042957725374e-06,4.926708744904674e-05,4.926708744904674e-05,4.800991682342654e-10,0.017882021478862687
8.918750000000001,4948.683399978036,3.5169116948624684e-06,4.946647095391483e-05,4.946647095391483e-05,4.812648707850176e-10,0.017584558474312343
8.925,4949.557423078954,3.457011739218e-06,4.9663700605787695e-05,4.9663700605787695e-05,4.824107191178813e-10,0.01728505869609
8.93125,4950.437232697954,3.3967152126162768e-06,4.985867733456945e-05,4.985867733456945e-05,4.835365817869127e-10,0.016983576063081384
8.9375,4951.322673533312,3.3360327584471656e-06,5.005130190350722e-05,5.005130190350722e-05,4.84642330873987e-10,0.016680163792235827
8.94375,4952.213592287581,3.2749748827354784e-06,5.024147502515679e-05,5.024147502515679e-05,4.857278419432672e-10,0.016374874413677392
8.950000000000001,4953.10983762362,3.213551957164277e-06,5.042909748016857e-05,5.042909748016857e-05,4.867929939966764e-10,0.016067759785821385
8.95625,4954.011260120328,3.151774222097581e-06,5.061407023868311e-05,5.061407023868311e-05,4.878376694303706e-10,0.015758871110487904
8.9625,4954.917712228734,3.089651789601212e-06,5.0796294584112223e-05,5.0796294584112223e-05,4.888617539922138e-10,0.01544825894800606
8.96875,4955.829048227777,3.0271946464608133e-06,5.0975672239069836e-05,5.0975672239069836e-05,4.898651367402532e-10,0.015135973232304067
8.975,4956.74512418056,2.9644126571964257e-06,5.115210549320425e-05,5.115210549320425e-05,4.908477100021933e-10,0.014822063285982129
8.981250000000001,4957.665797890146,2.9013155670732056e-06,5.132549733267251e-05,5.132549733267251e-05,4.918093693358681e-10,0.014506577835366028
8.9875,4958.590928855917,2.8379130051082098e-06,5.149575157098697e-05,5.149575157098697e-05,4.927500134907101e-10,0.01418956502554105
8.99375,4959.520378229555,2.774214487073277e-06,5.16627729809534e-05,5.16627729809534e-05,4.936695443702142e-10,0.013871072435366385
9.0,4960.454008771522,2.7102294184943438e-06,5.182646742741172e-05,5.182646742741172e-05,4.945678669953964e-10,0.013551147092471719
9.00625,4961.391684807039,2.6459670976475712e-06,5.198674200048088e-05,5.198674200048088e-05,4.954448894692447e-10,0.013229835488237857
9.012500000000001,4962.333272182744,2.5814367185529215e-06,5.214350514900271e-05,5.214350514900271e-05,4.963005229421631e-10,0.012907183592764607
9.01875,4963.278638222705,2.5166473739658475e-06,5.229666681387183e-05,5.229666681387183e-05,4.971346815784068e-10,0.012583236869829238
9.025,4964.22765168504,2.4516080583679212e-06,5.244613856093391e-05,5.244613856093391e-05,4.979472825235084e-10,0.012258040291839606
9.03125,4965.180182718161,2.3863276709572973e-06,5.259183371312895e-05,5.259183371312895e-05,4.987382458726961e-10,0.011931638354786486
9.0375,4966.136102817123,2.320815018639942e-06,5.2733667481552884e-05,5.2733667481552884e-05,4.995074946403023e-10,0.01160407509319971
9.043750000000001,4967.095284779981,2.2550788190226752e-06,5.287155709510812e-05,5.287155709510812e-05,5.002549547301654e-10,0.011275394095113377
9.05,4968.057602664143,2.189127703409063e-06,5.300542192841177e-05,5.300542192841177e-05,5.009805549070234e-10,0.010945638517045315
9.05625,4969.022931742432,2.122970219799235e-06,5.313518362763026e-05,5.313518362763026e-05,5.016842267689033e-10,0.010614851098996176
9.0625,4969.991148459435,2.0566148358947587e-06,5.3260766233909385e-05,5.3260766233909385e-05,5.023659047205048e-10,0.010283074179473793
9.06875,4970.962130387384,1.990069942109648e-06,5.338209630407094e-05,5.338209630407094e-05,5.030255259475836e-10,0.009950349710548239
9.075000000000001,4971.935756182238,1.923343854588656e-06,5.3499103028250194e-05,5.3499103028250194e-05,5.036630303923335e-10,0.00961671927294328
9.08125,4972.91190553952,1.856444818233936e-06,5.3611718344152695e-05,5.3611718344152695e-05,5.042783607297733e-10,0.00928222409116968
9.0875,4973.890459149888,1.7893810097411854e-06,5.371987704761441e-05,5.371987704761441e-05,5.048714623451395e-10,0.008946905048705926
9.09375,4974.871298654864,1.722160540646352e-06,5.382351689915595e-05,5.382351689915595e-05,5.054422833122877e-10,0.00861080270323176
9.1,4975.85430660209,1.6547914603839653e-06,5.392257872622964e-05,5.392257872622964e-05,5.059907743731098e-10,0.008273957301919826
9.106250000000001,4976.839366400487,1.5872817593581188e-06,5.401700652086722e-05,5.401700652086722e-05,5.065168889179672e-10,0.007936408796790594
9.1125,4977.826362275384,1.5196393720271367e-06,5.4106747532446134e-05,5.4106747532446134e-05,5.070205829671478e-10,0.007598196860135684
9.11875,4978.815179223158,1.4518721800028711e-06,5.419175235530412e-05,5.419175235530412e-05,5.075018151533491e-10,0.007259360900014356
9.125,4979.805702965888,1.3839880151656056e-06,5.427197501094401e-05,5.427197501094401e-05,5.07960546705195e-10,0.006919940075828028
9.13125,4980.797819905554,1.3159946627954329e-06,5.4347373024584495e-05,5.4347373024584495e-05,5.083967414317893e-10,0.006579973313977164
9.137500000000001,4981.791417078176,1.2478998647210102e-06,5.441790749582707e-05,5.441790749582707e-05,5.08810365708314e-10,0.006239499323605051
9.14375,4982.786382107597,1.1797113224864996e-06,5.448354316322521e-05,5.448354316322521e-05,5.092013884626763e-10,0.005898556612432498
9.15,4983.7826031589575,1.1114367005374718e-06,5.454424846255821e-05,5.454424846255821e-05,5.095697811632121e-10,0.005557183502687359
9.15625,4984.77996889198,1.0430836294265292e-06,5.459999557862962e-05,5.459999557862962e-05,5.099155178074521e-10,0.005215418147132646
9.1625,4985.778368413805,9.746597090393163e-07,5.465076049042848e-05,5.465076049042848e-05,5.102385749119573e-10,0.004873298545196581
9.168750000000001,4986.77769123172,9.061725118415754e-07,5.4696523009510517e-05,5.4696523009510517e-05,5.105389315032298e-10,0.004530862559207877
9.175,4987.777827205354,8.376295861478274e-07,5.473726681147604e-05,5.473726681147604e-05,5.108165691097084e-10,0.0041881479307391365
9.18125,4988.778666498789,7.690384594122162e-07,5.477297946044159e-05,5.477297946044159e-05,5.110714717548539e-10,0.0038451922970610813
9.1875,4989.7800995321,7.004066415419836e-07,5.480365242642308e-05,5.480365242642308e-05,5.113036259513331e-10,0.003502033207709918
9.19375,4990.7820169327,6.317416282339981e-07,5.482928109556955e-05,5.482928109556955e-05,5.115130206963091e-10,0.0031587081411699903
9.200000000000001,4991.784309486339,5.630509043346848e-07,5.484986477320767e-05,5.484986477320767e-05,5.116996474678442e-10,0.0028152545216734238
9.20625,4992.786868087739,4.943419472236427e-07,5.4865406679679445e-05,5.4865406679679445e-05,5.118635002224256e-10,0.0024717097361182136
9.2125,4993.789583690806,4.2562223022114586e-07,5.487591393897724e-05,5.487591393897724e-05,5.120045753936192e-10,0.0021281111511057293
9.21875,4994.792347258645,3.568992260196809e-07,5.488139756020205e-05,5.488139756020205e-05,5.121228718918623e-10,0.0017844961300984045
9.225,4995.7950497131005,2.8818041013955353e-07,5.488187241189331e-05,5.488187241189331e-05,5.122183911054005e-10,0.0014409020506977676
9.231250000000001,4996.79758188395,2.1947326440853971e-07,5.4877357189299985e-05,5.4877357189299985e-05,5.122911369023782e-10,0.0010973663220426985
9.2375,4997.799834457853,1.507852804654493e-07,5.486787437468458e-05,5.486787437468458e-05,5.123411156340908e-10,0.0007539264023272465
9.24375,4998.801697926794,8.212396328737227e-08,5.485345019077288e-05,5.485345019077288e-05,5.123683361394057e-10,0.00041061981643686135
9.25,4999.8030625364045,1.3496834740279664e-08,5.483411454748315e-05,5.483411454748315e-05,5.123728097503602e-10,6.748417370139832e-05
9.25625,5000.803818233677,-5.5088562847465705e-08,5.480990098208909e-05,5.480990098208909e-05,5.123545502989436e-10,-0.00027544281423732853
9.262500000000001,5001.803854614547,-1.236246630892604e-07,5.478084659299049e-05,5.478084659299049e-05,5.123135741250722e-10,-0.000618123315446302
9.26875,5002.8030608711815,-1.9210387192273797e-07,5.4746991967284864e-05,5.4746991967284864e-05,5.122499000857618e-10,-0.0009605193596136898
9.275,5003.801325738802,-2.6051856397142284e-07,5.470838110235179e-05,5.470838110235179e-05,5.121635495655075e-10,-0.0013025928198571143
9.28125,5004.798537442329,-3.288610788865089e-07,5.466506132167908e-05,5.466506132167908e-05,5.120545464878752e-10,-0.0016443053944325446
9.2875,5005.7945836427825,-3.9712371766987006e-07,5.4617083185177e-05,5.4617083185177e-05,5.119229173283122e-10,-0.0019856185883493503
9.293750000000001,5006.7893513832005,-4.652987389795948e-07,5.456450039424209e-05,5.456450039424209e-05,5.117686911281825e-10,-0.002326493694897974
9.3,5007.782727034803,-5.333783554194486e-07,5.450736969184708e-05,5.450736969184708e-05,5.115918995100316e-10,-0.002666891777097243
9.30625,5008.774596242354,-6.013547298139085e-07,5.4445750757947e-05,5.4445750757947e-05,5.113925766940863e-10,-0.003006773649069543
9.3125,5009.7648438697115,-6.692199714705531e-07,5.43797061005039e-05,5.43797061005039e-05,5.11170759515993e-10,-0.003346099857352765
9.31875,5010.753353945225,-7.369661324317774e-07,5.430930094244383e-05,5.430930094244383e-05,5.109264874457989e-10,-0.0036848306621588872
9.325000000000001,5011.740009606852,-8.045852037180587e-07,5.4234603104869976e-05,5.4234603104869976e-05,5.106598026081779e-10,-0.004022926018590294
9.33125,5012.724693047153,-8.720691115651474e-07,5.4155682886864324e-05,5.4155682886864324e-05,5.10370749803904e-10,-0.004360345557825737
9.3375,5013.707285458507,-9.394097136578055e-07,5.407261294221754e-05,5.407261294221754e-05,5.100593765325727e-10,-0.0046970485682890275
9.34375,5014.68766697812,-1.006598795362948e-06,5.398546815343304e-05,5.398546815343304e-05,5.097257330165718e-10,-0.00503299397681474
9.35,5015.665716632958,-1.0736280659652737e-06,5.389432550335595e-05,5.389432550335595e-05,5.093698722262986e-10,-0.005368140329826369
9.356250000000001,5016.641312285076,-1.1404891549087064e-06,5.379926394478053e-05,5.379926394478053e-05,5.089918499066241e-10,-0.005702445774543532
9.3625,5017.6143305767855,-1.2071736080472393e-06,5.370036426839234e-05,5.370036426839234e-05,5.085917246045993e-10,-0.006035868040236196
9.36875,5018.584646876216,-1.2736728839090258e-06,5.3597708969401275e-05,5.3597708969401275e-05,5.081695576983998e-10,-0.006368364419545129
9.375,5019.552135223019,-1.3399783499778341e-06,5.3491382113221313e-05,5.3491382113221313e-05,5.077254134275034e-10,-0.00669989174988917
9.38125,5020.516668274466,-1.4060812789962543e-06,5.338146920055061e-05,5.338146920055061e-05,5.07259358924092e-10,-0.007030406394981272
9.387500000000001,5021.478117251865,-1.4719728452953408e-06,5.326805703220206e-05,5.326805703220206e-05,5.067714642456713e-10,-0.007359864226476704
9.39375,5022.436351887451,-1.5376441211556586e-06,5.315123357402987e-05,5.315123357402987e-05,5.062618024088959e-10,-0.007688220605778293
9.4,5023.391240371807,-1.6030860732049876e-06,5.3031087822291636e-05,5.3031087822291636e-05,5.057304494245886e-10,-0.008015430366024938
9.40625,5024.342649302054,-1.6682895588582566e-06,5.290770966977841e-05,5.290770966977841e-05,5.051774843339395e-10,-0.008341447794291282
9.4125,5025.290443630379,-1.733245322805583e-06,5.278118977303676e-05,5.278118977303676e-05,5.046029892458696e-10,-0.008666226614027914
9.418750000000001,5026.234486613784,-1.797943993554588e-06,5.2651619420997575e-05,5.2651619420997575e-05,5.040070493755403e-10,-0.00898971996777294
9.425,5027.174639764418,-1.8623760800334887e-06,5.251909040531585e-05,5.251909040531585e-05,5.033897530839881e-10,-0.009311880400167444
9.43125,5028.110762801029,-1.926531968261779e-06,5.2383694892713985e-05,5.2383694892713985e-05,5.027511919188644e-10,-0.009632659841308894
9.4375,5029.042713601465,-1.990401918095626e-06,5.224552529960945e-05,5.224552529960945e-05,5.020914606562525e-10,-0.00995200959047813
9.44375,5029.970348156369,-2.053976060055415e-06,5.210467416929371e-05,5.210467416929371e-05,5.014106573435368e-10,-0.010269880300277076
9.450000000000001,5030.8935205242415,-2.1172443922432284e-06,5.196123405191567e-05,5.196123405191567e-05,5.007088833432941e-10,-0.010586221961216141
9.45625,5031.812082787881,-2.1801967773582974e-06,5.181529738750839e-05,5.181529738750839e-05,4.999862433781733e-10,-0.010900983886791487
9.4625,5032.725885012308,-2.2428229398188647e-06,5.166695639228215e-05,5.166695639228215e-05,4.992428455767295e-10,-0.011214114699094323
9.46875,5033.634775204609,-2.305112462999099e-06,5.1516302948391504e-05,5.1516302948391504e-05,4.984788015201744e-10,-0.011525562314995495
9.475,5034.538599275257,-2.3670547865901095e-06,5.1363428497367386e-05,5.1363428497367386e-05,4.976942262900003e-10,-0.011835273932950547
9.481250000000001,5035.437201001655,-2.428639204094324e-06,5.120842393738884e-05,5.120842393738884e-05,4.96889238516436e-10,-0.012143196020471621
9.4875,5036.330421993711,-2.4898548604628233e-06,5.105137952455207e-05,5.105137952455207e-05,4.960639604276843e-10,-0.012449274302314116
9.49375,5037.218101661357,-2.5506907498855088e-06,5.0892384778277233e-05,5.0892384778277233e-05,4.952185178998935e-10,-0.012753453749427544
9.5,5038.100077185009,-2.611135713744201e-06,5.0731528390976155e-05,5.0731528390976155e-05,4.943530405078058e-10,-0.013055678568721005
9.50625,5038.9761834879655,-2.6711784387390916e-06,5.056889814208704e-05,5.056889814208704e-05,4.934676615760284e-10,-0.013355892193695458
9.512500000000001,5039.846253211884,-2.730807455199145e-06,5.040458081656483e-05,5.040458081656483e-05,4.925625182308631e-10,-0.013654037275995724
9.51875,5040.710116694944,-2.79001113558732e-06,5.0238662127898675e-05,5.0238662127898675e-05,4.916377514526319e-10,-0.0139500556779366
9.525,5041.567601953022,-2.848777693211667e-06,5.007122664571129e-05,5.007122664571129e-05,4.906935061284306e-10,-0.014243888466058336
9.53125,5042.41853466406,-2.9070951811535547e-06,4.9902357727978124e-05,4.9902357727978124e-05,4.897299311052361e-10,-0.014535475905767774
9.5375,5043.262738155797,-2.964951491424422e-06,4.973213745788793e-05,4.973213745788793e-05,4.887471792432945e-10,-0.014824757457122108
9.543750000000001,5044.100033396912,-3.022334354362665e-06,4.956064658535055e-05,4.956064658535055e-05,4.877454074697087e-10,-0.015111671771813325
9.55,5044.930238991915,-3.0792313382823034e-06,4.938796447314211e-05,4.938796447314211e-05,4.867247768321423e-10,-0.015396156691411518
9.55625,5045.753171179959,-3.135629849385226e-06,4.921416904766296e-05,4.921416904766296e-05,4.856854525525527e-10,-0.01567814924692613
9.5625,5046.568643837364,-3.1915171319488843e-06,4.903933675426938e-05,4.903933675426938e-05,4.846276040808617e-10,-0.015957585659744422
9.56875,5047.376468484761,-3.2468802688012896e-06,4.886354251712629e-05,4.886354251712629e-05,4.835514051484694e-10,-0.016234401344006447
9.575000000000001,5048.176454298291,-3.301706182095245e-06,4.868685970351523e-05,4.868685970351523e-05,4.824570338215107e-10,-0.016508530910476226
9.58125,5048.968408125478,-3.355981634393671e-06,4.8509360092519326e-05,4.8509360092519326e-05,4.813446725537527e-10,-0.016779908171968356
9.5875,5049.752134505735,-3.4096932300778406e-06,4.8331113847995716e-05,4.8331113847995716e-05,4.802145082390243e-10,-0.017048466150389203
9.59375,5050.527435695813,-3.4628274170902598e-06,4.8152189495734875e-05,4.8152189495734875e-05,4.790667322630697e-10,-0.0173141370854513
9.600000000000001,5051.294111700292,-3.5153704890237515e-06,4.797265390469612e-05,4.797265390469612e-05,4.779015405547079e-10,-0.01757685244511876
9.606250000000001,5052.051960307306,-3.567308587568181e-06,4.779257227219988e-05,4.779257227219988e-05,4.767191336361824e-10,-0.017836542937840906
9.6125,5052.800777129555,-3.618627705326023e-06,4.761200811294846e-05,4.761200811294846e-05,4.755197166725767e-10,-0.018093138526630116
9.61875,5053.540355650989,-3.669313689007692e-06,4.743102325173977e-05,4.743102325173977e-05,4.743034995201713e-10,-0.01834656844503846
9.625,5054.270487279152,-3.719352243017314e-06,4.724967781973191e-05,4.724967781973191e-05,4.730706967736124e-10,-0.01859676121508657
9.631250000000001,5054.990961403215,-3.768728933439218e-06,4.7068030254110493e-05,4.7068030254110493e-05,4.718215278117583e-10,-0.01884364466719609
9.637500000000001,5055.701565458353,-3.81742919243507e-06,4.688613730100583e-05,4.688613730100583e-05,4.705562168420692e-10,-0.01908714596217535
9.64375,5056.40208499579,-3.865438323061122e-06,4.6704054021502846e-05,4.6704054021502846e-05,4.692749929433997e-10,-0.019327191615305613
9.65,5057.092303759592,-3.9127415045145645e-06,4.652183380058354e-05,4.652183380058354e-05,4.679780901070532e-10,-0.01956370752257282
9.65625,5057.772003769417,-3.959323797817451e-06,4.633952835883894e-05,4.633952835883894e-05,4.666657472759516e-10,-0.01979661898908726
9.662500000000001,5058.440965410016,-4.0051701519460545e-06,4.615718776678623e-05,4.615718776678623e-05,4.6533820838177334e-10,-0.020025850759730273
9.668750000000001,5059.098967527372,-4.050265410412902e-06,4.597486046162561e-05,4.597486046162561e-05,4.639957223799101e-10,-0.02025132705206451
9.675,5059.745787531159,-4.094594318308078e-06,4.579259326627104e-05,4.579259326627104e-05,4.626385432820897e-10,-0.020472971591540393
9.68125,5060.381201504679,-4.138141529805562e-06,4.5610431410490155e-05,4.5610431410490155e-05,4.612669301865107e-10,-0.02069070764902781
9.6875,5061.004984320856,-4.1808916161397225e-06,4.5428418553988986e-05,4.5428418553988986e-05,4.5988114730533334e-10,-0.020904458080698612
9.693750000000001,5061.616909765852,-4.222829074056128e-06,4.5246596811279745e-05,4.5246596811279745e-05,4.584814639893692e-10,-0.021114145370280637
9.700000000000001,5062.216750669098,-4.263938334740034e-06,4.506500677817171e-05,4.506500677817171e-05,4.5706815474981173e-10,-0.02131969167370017
9.70625,5062.804279040797,-4.304203773224949e-06,4.4883687559728706e-05,4.4883687559728706e-05,4.5564149927684795e-10,-0.021521018866124748
9.7125,5063.379266216039,-4.343609718282701e-06,4.4702676799539806e-05,4.4702676799539806e-05,4.5420178245499225e-10,-0.021718048591413505
9.71875,5063.941483006312,-4.382140462795415e-06,4.452201071015408e-05,4.452201071015408e-05,4.527492943749823e-10,-0.021910702313977074
9.725000000000001,5064.490699857709,-4.41978027460873e-06,4.4341724104534506e-05,4.4341724104534506e-05,4.5128433034207746e-10,-0.022098901373043652
9.731250000000001,5065.02668701645,-4.456513407864482e-06,4.416185042839099e-05,4.416185042839099e-05,4.4980719088060104e-10,-0.022282567039322413
9.7375,5065.549214701031,-4.492324114809917e-06,4.3982421793257575e-05,4.3982421793257575e-05,4.4831818173456824e-10,-0.022461620574049584
9.74375,5066.058053281583,-4.527196658079303e-06,4.38034690101844e-05,4.38034690101844e-05,4.468176138642434e-10,-0.022635983290396514
9.75,5066.552973465755,-4.561115323442585e-06,4.362502162392048e-05,4.362502162392048e-05,4.453058034384715e-10,-0.022805576617212924
9.756250000000001,5067.033746491563,-4.594064433014441e-06,4.3447107947469654e-05,4.3447107947469654e-05,4.437830718226313e-10,-0.022970322165072204
9.762500000000001,5067.500144326628,-4.626028358915835e-06,4.3269755096907834e-05,4.3269755096907834e-05,4.4224974556206064e-10,-0.023130141794579173
9.76875,5067.951939874095,-4.656991537378769e-06,4.3092989026355924e-05,4.3092989026355924e-05,4.4070615636080646e-10,-0.023284957686893846
9.775,5068.388907184672,-4.6869384832836535e-06,4.2916834563009466e-05,4.2916834563009466e-05,4.3915264105555613e-10,-0.023434692416418268
9.78125,5068.810821674959,-4.71585380511727e-06,4.2741315442131965e-05,4.2741315442131965e-05,4.375895415846111e-10,-0.02357926902558635
9.787500000000001,5069.217460351493,-4.743722220337973e-06,4.256645434192562e-05,4.256645434192562e-05,4.3601720495176753e-10,-0.023718611101689862
9.793750000000001,5069.608602040895,-4.770528571133265e-06,4.2392272918199484e-05,4.2392272918199484e-05,4.344359831849742e-10,-0.023852642855666326
9.8,5069.984027625134,-4.796257840553581e-06,4.221879183876136e-05,4.221879183876136e-05,4.3284623328964236e-10,-0.023981289202767903
9.80625,5070.343520282165,-4.82089516900456e-06,4.2046030817466184e-05,4.2046030817466184e-05,4.312483171964896e-10,-0.0241044758450228
9.8125,5070.686865731609,-4.8444258710787504e-06,4.187400864785971e-05,4.187400864785971e-05,4.2964260170380427e-10,-0.02422212935539375
9.818750000000001,5071.013852485017,-4.866835452706194e-06,4.1702743236362336e-05,4.1702743236362336e-05,4.2802945841402567e-10,-0.02433417726353097
9.825000000000001,5071.324272100269,-4.888109628601955e-06,4.1532251634944105e-05,4.1532251634944105e-05,4.264092636645408e-10,-0.024440548143009774
9.83125,5071.617919440419,-4.908234339987214e-06,4.136255007324723e-05,4.136255007324723e-05,4.2478239845260754e-10,-0.02454117169993607
9.8375,5071.894592935686,-4.9271957725592005e-06,4.1193653990118384e-05,4.1193653990118384e-05,4.231492483543215e-10,-0.024635978862796004
9.84375,5072.154094849012,-4.9449803746837905e-06,4.1025578064518224e-05,4.1025578064518224e-05,4.2151020343755277e-10,-0.024724901873418952
9.850000000000001,5072.396231544308,-4.961574875783348e-06,4.08583362457806e-05,4.08583362457806e-05,4.1986565816878815e-10,-0.02480787437891674
9.856250000000001,5072.620813757288,-4.97696630489098e-06,4.069194178319909e-05,4.069194178319909e-05,4.1821601131382316e-10,-0.0248848315244549
9.8625,5072.827656868067,-4.991142009341207e-06,4.052640725492276e-05,4.052640725492276e-05,4.16561665832259e-10,-0.024955710046706034
9.86875,5073.016581175499,-5.004089673565717e-06,4.036174459614779e-05,4.036174459614779e-05,4.149030287657697e-10,-0.025020448367828588
9.875,5073.187412172455,-5.015797337961813e-06,4.019796512659547e-05,4.019796512659547e-05,4.132405111201149e-10,-0.025078986689809065
9.881250000000001,5073.3399808217055,-5.026253417799911e-06,4.003507957727107e-05,4.003507957727107e-05,4.1157452774088597e-10,-0.025131267088999557
9.887500000000001,5073.474123831934,-5.035446722135535e-06,3.9873098116501586e-05,3.9873098116501586e-05,4.099054971829833e-10,-0.025177233610677675
9.89375,5073.589683933181,-5.04336647269014e-06,3.971203037525385e-05,3.971203037525385e-05,4.082338415738358e-10,-0.025216832363450698
9.9,5073.6865101513,-5.0500023226642344e-06,3.955188547173734e-05,3.955188547173734e-05,4.065599864703841e-10,-0.02525001161332117
9.90625,5073.764458081092,-5.0553443754454456e-06,3.9392672035299004e-05,3.9392672035299004e-05,4.0488436070986343e-10,-0.025276721877227227
9.912500000000001,5073.823390157045,-5.059383203173381e-06,3.923439822961983e-05,3.923439822961983e-05,4.0320739625443286e-10,-0.025296916015866908
9.918750000000001,5073.863175921585,-5.062109865122466e-06,3.907707177522533e-05,3.907707177522533e-05,4.015295280297113e-10,-0.025310549325612327
9.925,5073.883692290164,-5.063515925863417e-06,3.8920699971323945e-05,3.8920699971323945e-05,3.9985119375729376e-10,-0.025317579629317084
9.93125,5073.884823812425,-5.063593473163444e-06,3.8765289716989425e-05,3.8765289716989425e-05,3.981728337813348e-10,-0.02531796736581722
9.9375,5073.866462928831,-5.0623351355850066e-06,3.8610847531704524e-05,3.8610847531704524e-05,3.9649489088929837e-10,-0.025311675677925034
9.943750000000001,5073.828510222717,-5.059734099742551e-06,3.845737957528502e-05,3.845737957528502e-05,3.94817810126988e-10,-0.025298670498712754
9.950000000000001,5073.770874666347,-5.0557841271766086e-06,3.830489166720398e-05,3.830489166720398e-05,3.93142038607984e-10,-0.025278920635883044
9.95625,5073.693473860959,-5.050479570804539e-06,3.8153389305337145e-05,3.8153389305337145e-05,3.914680253176277e-10,-0.025252397854022696
9.9625,5073.596234270107,-5.043815390907247e-06,3.8002877684151316e-05,3.8002877684151316e-05,3.897962209117073e-10,-0.025219076954536235
9.96875,5073.479091445514,-5.0357871706114265e-06,3.785336171235779e-05,3.785336171235779e-05,3.8812707751001126e-10,-0.02517893585305713
9.975000000000001,5073.341990245017,-5.026391130827217e-06,3.7704846030053655e-05,3.7704846030053655e-05,3.8646104848493134e-10,-0.025131955654136087
9.981250000000001,5073.184885042048,-5.0156241446014995e-06,3.7557335025373884e-05,3.7557335025373884e-05,3.847985882453076e-10,-0.025078120723007497
9.9875,5073.007739925991,-5.00348375084773e-06,3.7410832850677214e-05,3.7410832850677214e-05,3.831401520157227e-10,-0.02501741875423865
9.99375,5072.810528892752,-4.989968167413816e-06,3.7265343438288845e-05,3.7265343438288845e-05,3.814861956114649e-10,-0.02494984083706908
10.0,5072.593236025339,-4.97507630345038e-06,3.712087051582294e-05,3.712087051582294e-05,3.7983717520939134e-10,-0.024875381517251903
10.006250000000001,5072.3558556635635,-4.9588077710427084e-06,3.697741762110744e-05,3.697741762110744e-05,3.7819354711493595e-10,-0.024794038855213543
10.012500000000001,5072.098392562419,-4.941162896070708e-06,3.683498811673362e-05,3.683498811673362e-05,3.765557675255177e-10,-0.02470581448035354
10.01875,5071.820862038921,-4.922142728262429e-06,3.669358520425212e-05,3.669358520425212e-05,3.749242922906166e-10,-0.024610713641312145
10.025,5071.52329010643,-4.9017490504080105e-06,3.6553211938037026e-05,3.6553211938037026e-05,3.7329957666879554e-10,-0.024508745252040054
10.03125,5071.205713596438,-4.879984386702321e-06,3.641387123883858e-05,3.641387123883858e-05,3.7168207508195725e-10,-0.024399921933511606
10.037500000000001,5070.868180267141,-4.856852010186174e-06,3.6275565907044716e-05,3.6275565907044716e-05,3.7007224086713436e-10,-0.02428426005093087
10.043750000000001,5070.510748898398,-4.832355949257631e-06,3.6138298635671055e-05,3.6138298635671055e-05,3.684705260261216e-10,-0.024161779746288154
10.05,5070.133489372897,-4.806500993226706e-06,3.600207202309792e-05,3.600207202309792e-05,3.668773809732667e-10,-0.02403250496613353
10.05625,5069.73648274276,-4.779292696888702e-06,3.58668885855725e-05,3.58668885855725e-05,3.6529325428174544e-10,-0.02389646348444351
10.0625,5069.319821281682,-4.750737384093376e-06,3.5732750769493296e-05,3.5732750769493296e-05,3.6371859242865376e-10,-0.023753686920466883
10.068750000000001,5068.883608522104,-4.72084215028928e-06,3.559966096349329e-05,3.559966096349329e-05,3.621538395392565e-10,-0.0236042107514464
10.075000000000001,5068.427959276959,-4.689614864024781e-06,3.5467621510337476e-05,3.5467621510337476e-05,3.6059943713073846e-10,-0.023448074320123906
10.08125,5067.952999646289,-4.657064167389574e-06,3.5336634718649454e-05,3.5336634718649454e-05,3.5905582385580936e-10,-0.02328532083694787
10.0875,5067.4588670079465,-4.623199475382852e-06,3.5206702874481004e-05,3.5206702874481004e-05,3.5752343524651815e-10,-0.02311599737691426
10.09375,5066.945709992563,-4.588030974196767e-06,3.507782825273788e-05,3.507782825273788e-05,3.5600270345863606e-10,-0.022940154870983838
10.100000000000001,5066.413688442468,-4.551569618406298e-06,3.495001312847391e-05,3.495001312847391e-05,3.5449405701697146e-10,-0.02275784809203149
10.106250000000001,5065.862973354825,-4.5138271270592175e-06,3.4823259788065024e-05,3.4823259788065024e-05,3.529979205619805e-10,-0.022569135635296087
10.1125,5065.293746808246,-4.474815978662495e-06,3.469757054027366e-05,3.469757054027366e-05,3.515147145980395e-10,-0.022374079893312474
10.11875,5064.706201873691,-4.434549405064104e-06,3.4572947727213595e-05,3.4572947727213595e-05,3.5004485524374534e-10,-0.022172747025320523
10.125,5064.100542509009,-4.393041384231919e-06,3.4449393735223985e-05,3.4449393735223985e-05,3.485887539846093e-10,-0.021965206921159594
10.131250000000001,5063.47698343759,-4.350306631934124e-06,3.4326911005661096e-05,3.4326911005661096e-05,3.471468174285086e-10,-0.021751533159670617
10.137500000000001,5062.83575001101,-4.3063605923282585e-06,3.420550204561498e-05,3.420550204561498e-05,3.457194470642571e-10,-0.021531802961641294
10.14375,5062.177078056011,-4.261219427468823e-06,3.408516943855805e-05,3.408516943855805e-05,3.443070390236538e-10,-0.021306097137344115
10.15,5061.501213705708,-4.214900005746068e-06,3.3965915854931286e-05,3.3965915854931286e-05,3.429099838473634e-10,-0.02107450002873034
10.15625,5060.808413215511,-4.167419889271354e-06,3.3847744062673504e-05,3.3847744062673504e-05,3.41528666254978e-10,-0.020837099446356772
10.162500000000001,5060.098942764098,-4.118797320227156e-06,3.373065693769816e-05,3.373065693769816e-05,3.401634649196035e-10,-0.02059398660113578
10.168750000000001,5059.373078239314,-4.069051206202481e-06,3.361465747432148e-05,3.361465747432148e-05,3.388147522473061e-10,-0.020345256031012404
10.175,5058.631105009787,-4.018201104537094e-06,3.349974879564506e-05,3.349974879564506e-05,3.3748289416174854e-10,-0.02009100552268547
10.18125,5057.8733176823325,-3.966267205700559e-06,3.33859341638954e-05,3.33859341638954e-05,3.3616824989433507e-10,-0.019831336028502795
10.1875,5057.100019845805,-3.913270315734564e-06,3.327321699072204e-05,3.327321699072204e-05,3.3487117178017637e-10,-0.01956635157867282
10.193750000000001,5056.3115238018045,-3.8592318377895105e-06,3.316160084745555e-05,3.316160084745555e-05,3.335920050601739e-10,-0.019296159188947552
10.200000000000001,5055.508150282333,-3.804173752788722e-06,3.3051089475325606e-05,3.3051089475325606e-05,3.323310876895135e-10,-0.01902086876394361
10.20625,5054.690228155594,-3.7481185992558514e-06,3.2941686795639025e-05,3.2941686795639025e-05,3.310887501528454e-10,-0.018740592996279257
10.2125,5053.858094119923,-3.6910894523433316e-06,3.283339691991682e-05,3.283339691991682e-05,3.2986531528641505e-10,-0.01845544726171666
10.21875,5053.012092386762,-3.6331099021017216e-06,3.272622415998859e-05,3.272622415998859e-05,3.2866109810739687e-10,-0.018165549510508607
10.225000000000001,5052.152574353075,-3.5742040310318445e-06,3.262017303804227e-05,3.262017303804227e-05,3.2747640565066865e-10,-0.017871020155159224
10.231250000000001,5051.2798982639515,-3.5143963909633937e-06,3.251524829662601e-05,3.251524829662601e-05,3.263115368132494e-10,-0.01757198195481697
10.2375,5050.394428866114,-3.453711979305431e-06,3.241145490859883e-05,3.241145490859883e-05,3.2516678220660934e-10,-0.017268559896527157
10.24375,5049.496537052926,-3.3921762147158015e-06,3.230879808702569e-05,3.230879808702569e-05,3.2404242401704437e-10,-0.016960881073579008
10.25,5048.586599501529,-3.3298149122378945e-06,3.220728329501206e-05,3.220728329501206e-05,3.2293873587429147e-10,-0.016649074561189473
10.256250000000001,5047.664998303025,-3.2666542579545244e-06,3.2106916255472414e-05,3.2106916255472414e-05,3.218559827285454e-10,-0.016333271289772622
10.262500000000001,5046.732120586412,-3.202720783209778e-06,3.2007702960826085e-05,3.2007702960826085e-05,3.2079442073601975e-10,-0.01601360391604889
10.26875,5045.788358136751,-3.138041338450767e-06,3.190964968261379e-05,3.190964968261379e-05,3.197542971531781e-10,-0.015690206692253836
10.275,5044.834107008883,-3.0726430667419494e-06,3.1812762981026645e-05,3.1812762981026645e-05,3.1873585023974413e-10,-0.015363215333709747
10.28125,5043.869767136849,-3.0065533770054277e-06,3.171704971433952e-05,3.171704971433952e-05,3.177393091705817e-10,-0.015032766885027138
10.287500000000001,5042.895741940216,-2.939799917041095e-06,3.162251704823921e-05,3.162251704823921e-05,3.1676489395651697e-10,-0.014698999585205475
10.293750000000001,5041.912437928074,-2.872410546380858e-06,3.152917246503755e-05,3.152917246503755e-05,3.158128153741587e-10,-0.014362052731904289
10.3,5040.920264301181,-2.804413309031323e-06,3.1437023772758675e-05,3.1437023772758675e-05,3.1488327490475285e-10,-0.014022066545156614
10.30625,5039.9196325535895,-2.7358364061593276e-06,3.13460791140888e-05,3.13460791140888e-05,3.139764646820908e-10,-0.013679182030796638
10.3125,5038.9109560737825,-2.6667081687745754e-06,3.125634697517625e-05,3.125634697517625e-05,3.1309256744947236e-10,-0.013333540843872877
10.318750000000001,5037.894649747118,-2.597057030463229e-06,3.116783619426852e-05,3.116783619426852e-05,3.1223175652570577e-10,-0.012985285152316145
10.325000000000001,5036.8711295592875,-2.5269115002258924e-06,3.108055597017241e-05,3.108055597017241e-05,3.1139419578011137e-10,-0.012634557501129462
10.33125,5035.840812202322,-2.4563001354727247e-06,3.099451587052252e-05,3.099451587052252e-05,3.1058003961647595e-10,-0.012281500677363624
10.3375,5034.804114683721,-2.3852515152275866e-06,3.090972583984242e-05,3.090972583984242e-05,3.097894329658886e-10,-0.011926257576137933
10.34375,5033.76145393904,-2.3137942135922207e-06,3.082619620738205e-05,3.082619620738205e-05,3.090225112883724e-10,-0.011568971067961103
10.350000000000001,5032.713246449461,-2.241956773520254e-06,3.074393769471417e-05,3.074393769471417e-05,3.082794005832084e-10,-0.01120978386760127
10.356250000000001,5031.659907864112,-2.1697676809496447e-06,3.066296142307169e-05,3.066296142307169e-05,3.0756021740783394e-10,-0.010848838404748224
10.3625,5030.601852628756,-2.0972553393406827e-06,3.058327892040693e-05,3.058327892040693e-05,3.0686506890518045e-10,-0.010486276696703413
10.36875,5029.539493620711,-2.024448044665224e-06,3.050490212815305e-05,3.050490212815305e-05,3.061940528393011e-10,-0.010122240223326119
10.375,5028.473241791167,-1.951373960891086e-06,3.042784340766715e-05,3.042784340766715e-05,3.0554725763912436e-10,-0.009756869804455429
10.381250000000001,5027.40350581529,-1.8780610960037894e-06,3.035211554633342e-05,3.035211554633342e-05,3.049247624501555e-10,-0.009390305480018946
10.387500000000001,5026.330691750905,-1.8045372786059243e-06,3.027773176330438e-05,3.027773176330438e-05,3.0432663719393385e-10,-0.009022686393029621
10.39375,5025.255202705809,-1.7308301351324342e-06,3.0204705714856945e-05,3.0204705714856945e-05,3.0375294263504286e-10,-0.008654150675662171
10.4,5024.177438515001,-1.6569670677179782e-06,3.0133051499339763e-05,3.0133051499339763e-05,3.032037304554556e-10,-0.008284835338589891
10.40625,5023.0977954277105,-1.5829752327503916e-06,3.006278366168714e-05,3.006278366168714e-05,3.0267904333598927e-10,-0.007914876163751958
10.412500000000001,5022.016665804919,-1.508881520141983e-06,2.9993917197474304e-05,2.9993917197474304e-05,3.0217891504463013e-10,-0.007544407600709915
10.418750000000001,5020.934437827772,-1.4347125333480874e-06,2.9926467556488163e-05,2.9926467556488163e-05,3.017033705314815e-10,-0.007173562666740437
10.425,5019.851495217362,-1.360494570159909e-06,2.986045064578682e-05,2.986045064578682e-05,3.0125242603007795e-10,-0.006802472850799545
10.43125,5018.768216966145,-1.2862536042962361e-06,2.9795882832220585e-05,2.9795882832220585e-05,3.008260891648013e-10,-0.006431268021481181
10.4375,5017.684977081275,-1.2120152678161785e-06,2.973278094438674e-05,2.973278094438674e-05,3.004243590641258e-10,-0.006060076339080893
10.443750000000001,5016.60214434023,-1.1378048343725303e-06,2.9671162273989626e-05,2.9671162273989626e-05,3.000472264794141e-10,-0.005689024171862652
10.450000000000001,5015.520082059079,-1.0636472033228639e-06,2.9611044576577118e-05,2.9611044576577118e-05,2.9969467390897986e-10,-0.005318236016614319
10.45625,5014.439147873203,-9.895668847129309e-07,2.955244607162428e-05,2.955244607162428e-05,2.993666757271276e-10,-0.004947834423564655
10.4625,5013.3596935312735,-9.155879851443952e-07,2.9495385441934437e-05,2.9495385441934437e-05,2.990631983178767e-10,-0.004577939925721976
10.46875,5012.282064701892,-8.4173419453643e-07,2.9439881832327687e-05,2.9439881832327687e-05,2.9878420021307363e-10,-0.0042086709726821495
10.475000000000001,5011.206600793743,-7.680287737881702e-07,2.938595484758659e-05,2.938595484758659e-05,2.98529632234593e-10,-0.003840143868940851
10.481250000000001,5010.133634788629,-6.944945433465788e-07,2.933362454962857e-05,2.933362454962857e-05,2.9829943764032863e-10,-0.003472472716732894
10.4875,5009.0634930880715,-6.211538726818002e-07,2.9282911453874613e-05,2.9282911453874613e-05,2.980935522736723e-10,-0.003105769363409001
10.49375,5007.996495372813,-5.480286706697257e-07,2.9233836524783565e-05,2.9233836524783565e-05,2.9791190471618075e-10,-0.002740143353348628
10.5,5006.9329544757675,-4.75140376879117e-07,2.9186421170521694e-05,2.9186421170521694e-05,2.9775441644313073e-10,-0.002375701884395585
10.506250000000001,5005.873176268051,-4.025099537583741e-07,2.9140687236737128e-05,2.9140687236737128e-05,2.976210019816631e-10,-0.0020125497687918706
10.512500000000001,5004.817459557867,-3.3015787971482187e-07,2.909665699940919e-05,2.909665699940919e-05,2.975115690712216e-10,-0.0016507893985741094
10.51875,5003.7660960025705,-2.581041430772383e-07,2.9054353156742877e-05,2.9054353156742877e-05,2.974260188259924e-10,-0.0012905207153861916
10.525,5002.719370033225,-1.863682369303144e-07,2.9013798820079306e-05,2.9013798820079306e-05,2.973642458990559e-10,-0.000931841184651572
10.53125,5001.677558791656,-1.1496915480775566e-07,2.8975017503793506e-05,2.8975017503793506e-05,2.97326138647966e-10,-0.0005748457740387783
10.537500000000001,5000.640932080163,-4.392538722884574e-08,2.8938033114151503e-05,2.8938033114151503e-05,2.973115793014774e-10,-0.0002196269361442287
10.543750000000001,4999.609752322747,2.6745080938433696e-08,2.890286993709968e-05,2.890286993709968e-05,2.973204441271469e-10,0.0001337254046921685
10.55,4998.584274538686,9.702477230637845e-08,2.8869552624960066e-05,2.8869552624960066e-05,2.9735260359954107e-10,0.0004851238615318923
10.55625,4997.564746327151,1.6689671800877844e-07,2.8838106182006412e-05,2.8838106182006412e-05,2.9740792256878876e-10,0.0008344835900438922
10.5625,4996.551407863284,2.363444579760362e-07,2.8808555948897096e-05,2.8808555948897096e-05,2.97486260429225e-10,0.001181722289880181
10.568750000000001,4995.544491905088,3.0535204046717065e-07,2.878092758594206e-05,2.878092758594206e-05,2.975874712878798e-10,0.0015267602023358532
10.575000000000001,4994.5442238105215,3.7390402088290077e-07,2.875524705518257e-05,2.875524705518257e-05,2.977114041325732e-10,0.001869520104414504
10.58125,4993.550821565218,4.419854598851814e-07,2.8731540601264163e-05,2.8731540601264163e-05,2.9785790299938755e-10,0.002209927299425907
10.5875,4992.564495819454,5.095819208494875e-07,2.8709834731084624e-05,2.8709834731084624e-05,2.9802680713929507e-10,0.0025479096042474374
10.59375,4991.585449934777,5.766794666770857e-07,2.8690156192201e-05,2.8690156192201e-05,2.982179511837287e-10,0.0028833973333854284
10.600000000000001,4990.61388003931,6.432646559952573e-07,2.8672531949981425e-05,2.8672531949981425e-05,2.9843116530889363e-10,0.0032163232799762866
10.606250000000001,4989.649975091969,7.093245387741299e-07,2.865698916348969e-05,2.865698916348969e-05,2.9866627539862606e-10,0.0035466226938706494
10.6125,4988.6939169541865,7.748466513892395e-07,2.8643555160092817e-05,2.8643555160092817e-05,2.9892310320561526e-10,0.0038742332569461973
10.61875,4987.745880469881,8.398190111594485e-07,2.8632257408784168e-05,2.8632257408784168e-05,2.992014665108154e-10,0.004199095055797243
10.625,4986.806033552199,9.042301103900805e-07,2.8623123492217303e-05,2.8623123492217303e-05,2.995011792808825e-10,0.004521150551950403
10.631250000000001,4985.874537277274,9.680689099513724e-07,2.8616181077448312e-05,2.8616181077448312e-05,2.9982205182348366e-10,0.004840344549756862
10.637500000000001,4984.951545984307,1.0313248324224323e-06,2.8611457885387298e-05,2.8611457885387298e-05,3.00163890940333e-10,0.005156624162112162
10.64375,4984.03720738146,1.093987754830861e-06,2.8608981658962463e-05,2.8608981658962463e-05,3.0052650007782174e-10,0.0054699387741543055
10.65,4983.131662657216,1.156048001018105e-06,2.860878013000342e-05,2.860878013000342e-05,3.009096794751172e-10,0.005780240005090525
10.65625,4982.2350465969275,1.2174963336604059e-06,2.8610880984853484e-05,2.8610880984853484e-05,3.013132263096177e-10,0.00608748166830203
10.662500000000001,4981.347487703704,1.2783239459748841e-06,2.8615311828723968e-05,2.8615311828723968e-05,3.017369348396577e-10,0.006391619729874421
10.668750000000001,4980.469108323663,1.3385224531399578e-06,2.8622100148807e-05,2.8622100148807e-05,3.021805965443697e-10,0.006692612265699789
10.675,4979.600024774928,1.3980838834587993e-06,2.863127327616677e-05,2.863127327616677e-05,3.0264400026061725e-10,0.0069904194172939966
10.68125,4978.74034747973,1.4570006692939865e-06,2.8642858346432794e-05,2.8642858346432794e-05,3.0312693231692244e-10,0.007285003346469933
10.6875,4977.8901810997895,1.5152656378009398e-06,2.8656882259322543e-05,2.8656882259322543e-05,3.036291766643231e-10,0.007576328189004699
10.693750000000001,4977.049624674012,1.5728720014869948e-06,2.8673371637024433e-05,2.8673371637024433e-05,3.041505150040996e-10,0.007864360007434974
10.700000000000001,4976.218771758393,1.6298133486222708e-06,2.869235278147616e-05,2.869235278147616e-05,3.046907269123242e-10,0.008149066743111354
10.70625,4975.397710567704,1.6860836335276628e-06,2.8713851630577248e-05,2.8713851630577248e-05,3.0524958996119064e-10,0.008430418167638315
10.7125,4974.586524118792,1.7416771667644902e-06,2.8737893713378587e-05,2.8737893713378587e-05,3.0582687983709234e-10,0.008708385833822451
10.71875,4973.785290374581,1.7965886052493662e-06,2.8764504104295976e-05,2.8764504104295976e-05,3.0642237045542406e-10,0.008982943026246831
10.725000000000001,4972.994082389214,1.8508129423170233e-06,2.879370737639848e-05,2.879370737639848e-05,3.070358340720898e-10,0.009254064711585117
10.731250000000001,4972.212968453529,1.9043454977527905e-06,2.882552755382677e-05,2.882552755382677e-05,3.0766704139170686e-10,0.009521727488763952
10.7375,4971.4420122405145,1.957181907815464e-06,2.8859988063400405e-05,2.8859988063400405e-05,3.0831576167250306e-10,0.00978590953907732
10.74375,4970.68127295081,2.0093181152703002e-06,2.8897111685477474e-05,2.8897111685477474e-05,3.089817628279102e-10,0.0100465905763515
10.75,4969.930805457773,2.06075035945084e-06,2.893692050413373e-05,2.893692050413373e-05,3.096648115248635e-10,0.0103037517972542
10.756250000000001,4969.190660451717,2.111475166367195e-06,2.8979435856732672e-05,2.8979435856732672e-05,3.1036467327882217e-10,0.010557375831835976
10.762500000000001,4968.460884583326,2.1614893388774334e-06,2.9024678282961866e-05,2.9024678282961866e-05,3.110811125455328e-10,0.010807446694387168
10.76875,4967.741520606015,2.2107899469376157e-06,2.9072667473414788e-05,2.9072667473414788e-05,3.118138928095603e-10,0.011053949734688078
10.775,4967.032607516735,2.259374317944989e-06,2.912342221780141e-05,2.912342221780141e-05,3.125627766696186e-10,0.011296871589724946
10.78125,4966.334180695399,2.3072400271878195e-06,2.917696035287434e-05,2.917696035287434e-05,3.1332752592073555e-10,0.011536200135939098
10.787500000000001,4965.646272042417,2.354384888414293e-06,2.9233298710161166e-05,2.9233298710161166e-05,3.1410790163329223e-10,0.011771924442071464
10.793750000000001,4964.968910114482,2.4008069445319097e-06,2.9292453063597208e-05,2.9292453063597208e-05,3.149036642289789e-10,0.012004034722659549
10.8,4964.3021202581995,2.446504458447795e-06,2.9354438077156043e-05,2.9354438077156043e-05,3.157145735537156e-10,0.012232522292238975
10.80625,4963.645924741471,2.491475904059357e-06,2.9419267252578758e-05,2.9419267252578758e-05,3.1654038894758587e-10,0.012457379520296786
10.8125,4963.000342882757,2.535719957403793e-06,2.948695287730569e-05,2.948695287730569e-05,3.173808693118376e-10,0.012678599787018964
10.818750000000001,4962.365391177774,2.5792354879739938e-06,2.9557505972717437e-05,2.9557505972717437e-05,3.182357731730048e-10,0.012896177439869969
10.825000000000001,4961.741083423495,2.6220215502074825e-06,2.9630936242794594e-05,2.9630936242794594e-05,3.1910485874420903e-10,0.013110107751037412
10.83125,4961.127430840005,2.664077375154223e-06,2.970725202330804e-05,2.970725202330804e-05,3.1998788398369833e-10,0.013320386875771115
10.8375,4960.524442189254,2.7054023623282052e-06,2.9786460231653995e-05,2.9786460231653995e-05,3.2088460665068603e-10,0.013527011811641025
10.84375,4959.932123891164,2.745996071746981e-06,2.986856631744988e-05,2.986856631744988e-05,3.217947843585504e-10,0.013729980358734904
10.850000000000001,4959.350480137068,2.7858582161625443e-06,2.9953574214008783e-05,2.9953574214008783e-05,3.2271817462545953e-10,0.013929291080812721
10.856250000000001,4958.779513000262,2.8249886534862057e-06,3.0041486290811837e-05,3.0041486290811837e-05,3.2365453492248537e-10,0.014124943267431028
10.8625,4958.219222543603,2.863387379409456e-06,3.013230330709878e-05,3.013230330709878e-05,3.2460362271927183e-10,0.01431693689704728
10.86875,4957.669606924334,2.901054520222125e-06,3.0226024366697965e-05,3.0226024366697965e-05,3.2556519552732226e-10,0.014505272601110624
10.875,4957.130662496016,2.9379903258285727e-06,3.0322646874217496e-05,3.0322646874217496e-05,3.265390109409725e-10,0.014689951629142864
10.881250000000001,4956.602383907516,2.9741951629620603e-06,3.0422166492719362e-05,3.0422166492719362e-05,3.2752482667611443e-10,0.0148709758148103
10.887500000000001,4956.084764199098,3.0096695085969152e-06,3.052457710299819e-05,3.052457710299819e-05,3.2852240060673595e-10,0.015048347542984576
10.89375,4955.577794895753,3.0444139435576343e-06,3.062987076458592e-05,3.062987076458592e-05,3.2953149079934306e-10,0.015222069717788172
10.9,4955.081466097522,3.0784291463236073e-06,3.0738037678602584e-05,3.0738037678602584e-05,3.305518555453279e-10,0.015392145731618036
10.90625,4954.5957665670885,3.111715887027731e-06,3.084906615257224e-05,3.084906615257224e-05,3.315832533913482e-10,0.015558579435138655
10.912500000000001,4954.120683814593,3.1442750216468164e-06,3.0962942567321434e-05,3.0962942567321434e-05,3.3262544316778036e-10,0.01572137510823408
10.918750000000001,4953.656204179552,3.176107486381368e-06,3.107965134607556e-05,3.107965134607556e-05,3.336781840153105e-10,0.01588053743190684
10.925,4953.2023129102045,3.2072142922219825e-06,3.1199174925866134e-05,3.1199174925866134e-05,3.347412354097239e-10,0.016036071461109913
10.93125,4952.758994240183,3.2375965196993997e-06,3.13214937313591e-05,3.13214937313591e-05,3.358143571849546e-10,0.016187982598497
10.9375,4952.326231462247,3.2672553138149516e-06,3.1446586151211136e-05,3.1446586151211136e-05,3.368973095544544e-10,0.016336276569074756
10.943750000000001,4951.904006999974,3.296191879148024e-06,3.157442851705748e-05,3.157442851705748e-05,3.379898531309408e-10,0.016480959395740118
10.950000000000001,4951.492302476414,3.3244074751369165e-06,3.1704995085230625e-05,3.1704995085230625e-05,3.3909174894457984e-10,0.016622037375684583
10.95625,4951.091098780519,3.3519034115294102e-06,3.183825802130511e-05,3.183825802130511e-05,3.4020275845966176e-10,0.016759517057647052
10.9625,4950.700376131163,3.3786810439992e-06,3.197418738755862e-05,3.197418738755862e-05,3.4132264358982343e-10,0.016893405219996
10.96875,4950.32011413864,3.4047417699242912e-06,3.211275113343494e-05,3.211275113343494e-05,3.424511667118715e-10,0.017023708849621455
10.975000000000001,4949.95029186408,3.430087024323425e-06,3.22539150890883e-05,3.22539150890883e-05,3.4358809067825855e-10,0.017150435121617125
10.981250000000001,4949.590887876351,3.454718275946514e-06,3.239764296208334e-05,3.239764296208334e-05,3.4473317882826367e-10,0.01727359137973257
10.9875,4949.241880307068,3.4786370235151305e-06,3.2543896337318404e-05,3.2543896337318404e-05,3.4588619499792656e-10,0.017393185117575653
10.99375,4948.903246903205,3.5018447921090487e-06,3.269263468023346e-05,3.269263468023346e-05,3.4704690352878424e-10,0.017509223960545245
11.0,4948.574965077766,3.5243431296949003e-06,3.2843815343357334e-05,3.2843815343357334e-05,3.482150692754571e-10,0.017621715648474503
11.006250000000001,4948.25701195851,3.546133603793055e-06,3.299739357624139e-05,3.299739357624139e-05,3.4939045761213006e-10,0.017730668018965275
11.012500000000001,4947.949364434464,3.5672177982788957e-06,3.3153322538819884e-05,3.3153322538819884e-05,3.5057283443797335e-10,0.017836088991394477
11.01875,4947.651999200814,3.5875973103147447e-06,3.331155331822907e-05,3.331155331822907e-05,3.5176196618154685e-10,0.017937986551573724
11.025,4947.364892801835,3.6072737474088e-06,3.347203494910972e-05,3.347203494910972e-05,3.529576198042292e-10,0.018036368737044
11.03125,4947.0880216719115,3.6262487245975176e-06,3.3634714437408956e-05,3.3634714437408956e-05,3.541595628027129e-10,0.018131243622987587
11.037500000000001,4946.821362174931,3.644523861748042e-06,3.379953678768964e-05,3.379953678768964e-05,3.553675632106058e-10,0.01822261930874021
11.043750000000001,4946.564890641953,3.662100780977367e-06,3.396644503394654e-05,3.396644503394654e-05,3.565813895991766e-10,0.018310503904886834
11.05,4946.318583407229,3.6789811041850825e-06,3.4135380273919915e-05,3.4135380273919915e-05,3.5780081107728274e-10,0.018394905520925414
11.05625,4946.082416842577,3.69516645069666e-06,3.430628170688868e-05,3.430628170688868e-05,3.590255972905174e-10,0.018475832253483298
11.0625,4945.856367390188,3.7106584350144423e-06,3.447908667491594e-05,3.447908667491594e-05,3.6025551841961075e-10,0.018553292175072213
11.068750000000001,4945.640411593859,3.7254586646735662e-06,3.4653730707511203e-05,3.4653730707511203e-05,3.614903451781205e-10,0.018627293323367832
11.075000000000001,4945.43452612892,3.7395687382003077e-06,3.483014756966414e-05,3.483014756966414e-05,3.6272984880944613e-10,0.01869784369100154
11.08125,4945.238687830418,3.7529902431703965e-06,3.50082693131962e-05,3.50082693131962e-05,3.6397380108319896e-10,0.018764951215851984
11.0875,4945.052873720169,3.7657247543650903e-06,3.5188026331367035e-05,3.5188026331367035e-05,3.652219742909616e-10,0.01882862377182545
11.09375,4944.8770610320835,3.7777738320228945e-06,3.536934741666407e-05,3.536934741666407e-05,3.664741412414674e-10,0.018888869160114473
11.100000000000001,4944.711227236496,3.789139020185032e-06,3.5552159821694434e-05,3.5552159821694434e-05,3.677300752552321e-10,0.018945695100925163
11.106250000000001,4944.555350062867,3.7998218451328973e-06,3.573638932309004e-05,3.573638932309004e-05,3.6898955015866694e-10,0.018999109225664487
11.1125,4944.40940752123,3.809823813915886e-06,3.592196028832779e-05,3.592196028832779e-05,3.702523402777041e-10,0.01904911906957943
11.11875,4944.273377922455,3.81914641296818e-06,3.610879574535866e-05,3.610879574535866e-05,3.715182204309638e-10,0.019095732064840897
11.125,4944.1472398971555,3.827791106813201e-06,3.629681745493119e-05,3.629681745493119e-05,3.7278696592249186e-10,0.019138955534066006
11.131250000000001,4944.030972413234,3.835759336854615e-06,3.6485945985486905e-05,3.6485945985486905e-05,3.7405835253409633e-10,0.019178796684273077
11.137500000000001,4943.924554792373,3.843052520252915e-06,3.667610079049769e-05,3.667610079049769e-05,3.7533215651731205e-10,0.019215262601264573
11.14375,4943.827966725135,3.849672048886766e-06,3.686720028810772e-05,3.686720028810772e-05,3.7660815458502086e-10,0.019248360244433833
11.15,4943.741188284931,3.8556192883984516e-06,3.705916194293539e-05,3.705916194293539e-05,3.7788612390275534e-10,0.019278096441992257
11.15625,4943.66419994065,3.860895577322874e-06,3.7251902349884415e-05,3.7251902349884415e-05,3.7916584207971386e-10,0.01930447788661437
11.162500000000001,4943.596982568271,3.865502226299749e-06,3.7445337319806464e-05,3.7445337319806464e-05,3.804470871595146e-10,0.019327511131498745
11.168750000000001,4943.539517461082,3.8694405173687245e-06,3.763938196685243e-05,3.763938196685243e-05,3.8172963761071587e-10,0.019347202586843623
11.175,4943.491786338728,3.872711703347317e-06,3.783395079734359e-05,3.783395079734359e-05,3.8301327231713027e-10,0.019363558516736587
11.18125,4943.453771355119,3.875317007291662e-06,3.8028957799989124e-05,3.8028957799989124e-05,3.8429777056796004e-10,0.01937658503645831
11.1875,4943.425455105087,3.877257622040228e-06,3.822431653727203e-05,3.822431653727203e-05,3.855829120477812e-10,0.01938628811020114
11.193750000000001,4943.406820629863,3.878534709840746e-06,3.841994023782151e-05,3.841994023782151e-05,3.8686847682640426e-10,0.01939267354920373
11.200000000000001,4943.39785142121,3.879149402060698e-06,3.8615741889586374e-05,3.8615741889586374e-05,3.881542453486384e-10,0.01939574701030349
11.20625,4943.3985314245165,3.87910279898186e-06,3.881163433362123e-05,3.881163433362123e-05,3.8943999842398834e-10,0.0193955139949093
11.2125,4943.408845040463,3.878395969679488e-06,3.9007530358294826e-05,3.9007530358294826e-05,3.9072551721631034e-10,0.019391979848397443
11.21875,4943.428777125679,3.877029951986795e-06,3.9203342793728045e-05,3.9203342793728045e-05,3.9201058323345715e-10,0.019385149759933978
11.225000000000001,4943.458312991809,3.87500575254553e-06,3.939898460626813e-05,3.939898460626813e-05,3.932949783169393e-10,0.019375028762727647
11.231250000000001,4943.497438403767,3.872324346943502e-06,3.959436899280467e-05,3.959436899280467e-05,3.945784846316319e-10,0.019361621734717508
11.2375,4943.546139576119,3.868986679939999e-06,3.978940947473325e-05,3.978940947473325e-05,3.958608846555566e-10,0.019344933399699997
11.24375,4943.604403168797,3.864993665780156e-06,3.998401999137294e-05,3.998401999137294e-05,3.971419611697673e-10,0.01932496832890078
11.25,4943.672216281082,3.860346188599349e-06,4.0178114992645025e-05,4.0178114992645025e-05,3.9842149724837027e-10,0.019301730942996746
11.256250000000001,4943.7495664442795,3.855045102918794e-06,4.0371609530822215e-05,4.0371609530822215e-05,3.9969927624870803e-10,0.01927522551459397
11.262500000000001,4943.8364416132945,3.8490912342336145e-06,4.0564419351159686e-05,4.0564419351159686e-05,4.009750818017388e-10,0.019245456171168074
11.26875,4943.932830156587,3.842485379694637e-06,4.0756460981222325e-05,4.0756460981222325e-05,4.022486978026414e-10,0.019212426898473186
11.275,4944.038720844899,3.835228308885299e-06,4.094765181872605e-05,4.094765181872605e-05,4.03519908401678e-10,0.019176141544426498
11.28125,4944.154102838408,3.827320764695032e-06,4.1137910217714896e-05,4.1137910217714896e-05,4.0478849799534613e-10,0.01913660382347516
11.287500000000001,4944.278965672679,3.818763464290598e-06,4.132715557290046e-05,4.132715557290046e-05,4.0605425121785266e-10,0.01909381732145299
11.293750000000001,4944.413299242985,3.809557100186821e-06,4.1515308401994885e-05,4.1515308401994885e-05,4.0731695293294304e-10,0.019047785500934104
11.3,4944.55709378716,3.7997023414182214e-06,4.1702290425874784e-05,4.1702290425874784e-05,4.085763882261183e-10,0.018998511707091107
11.30625,4944.710339867069,3.789199834813095e-06,4.188802464641904e-05,4.188802464641904e-05,4.0983234239727483e-10,0.018945999174065475
11.3125,4944.873028348552,3.778050206371576e-06,4.207243542187024e-05,4.207243542187024e-05,4.110846009538007e-10,0.018890251031857878
11.318750000000001,4945.045150379637,3.766254062749205e-06,4.225544853957657e-05,4.225544853957657e-05,4.1233294960416386e-10,0.018831270313746026
11.325000000000001,4945.2266973674505,3.7538119928476024e-06,4.243699128597824e-05,4.243699128597824e-05,4.1357717425202727e-10,0.018769059964238013
11.33125,4945.417660953331,3.7407245695137624e-06,4.2616992513710324e-05,4.2616992513710324e-05,4.1481706099092774e-10,0.018703622847568813
11.3375,4945.6180329865465,3.7269923513495205e-06,4.279538270570234e-05,4.279538270570234e-05,4.160523960995541e-10,0.018634961756747604
11.34375,4945.8278054961565,3.7126158846327093e-06,4.297209403616297e-05,4.297209403616297e-05,4.1728296603766257e-10,0.018563079423163546
11.350000000000001,4946.046970661296,3.697595705351485e-06,4.3147060428347546e-05,4.3147060428347546e-05,4.185085574426658e-10,0.018487978526757425
11.356250000000001,4946.275520779994,3.681932341353301e-06,4.332021760901463e-05,4.332021760901463e-05,4.19728957126935e-10,0.018409661706766504
11.3625,4946.513448235957,3.6656263146099066e-06,4.349150315948771e-05,4.349150315948771e-05,4.209439520758521e-10,0.018328131573049532
11.36875,4946.760745463833,3.6486781435997547e-06,4.366085656324707e-05,4.366085656324707e-05,4.2215332944665203e-10,0.018243390717998773
11.375,4947.017404912799,3.631088345809107e-06,4.3828219249987e-05,4.3828219249987e-05,4.233568765680938e-10,0.018155441729045534
11.381250000000001,4947.283419008277,3.6128574403530636e-06,4.3993534636082995e-05,4.3993534636082995e-05,4.245543809410003e-10,0.018064287201765318
11.387500000000001,4947.558780111834,3.593985950717638e-06,4.415674816142352e-05,4.415674816142352e-05,4.2574563023970735e-10,0.01796992975358819
11.39375,4947.8434804795515,3.574474407623983e-06,4.431780732257109e-05,4.431780732257109e-05,4.2693041231446145e-10,0.017872372038119914
11.4,4948.137512218296,3.5543233520156684e-06,4.447666170222691e-05,4.447666170222691e-05,4.281085151948083e-10,0.01777161676007834
11.40625,4948.44086724043,3.533533338169887e-06,4.4633262994983793e-05,4.4633262994983793e-05,4.292797270940124e-10,0.017667666690849435
11.412500000000001,4948.753537216463,3.512104936933305e-06,4.478756502936133e-05,4.478756502936133e-05,4.304438364145488e-10,0.017560524684666526
11.418750000000001,4949.075513526167,3.49003873908315e-06,4.4939523786127716e-05,4.4939523786127716e-05,4.3160063175470945e-10,0.01745019369541575
11.425,4949.4067872076075,3.4673353588139906e-06,4.508909741292171e-05,4.508909741292171e-05,4.3274990191636505e-10,0.017336676794069954
11.43125,4949.747348904395,3.4439954373504995e-06,4.523624623519816e-05,4.523624623519816e-05,4.338914359139241e-10,0.017219977186752496
11.4375,4950.097188811246,3.420019646686348e-06,4.538093276352941e-05,4.538093276352941e-05,4.3502502298453185e-10,0.01710009823343174
11.443750000000001,4950.456296617471,3.3954086934491716e-06,4.55231216973044e-05,4.55231216973044e-05,4.361504525995495e-10,0.016977043467245857
11.450000000000001,4950.824661448815,3.370163322891415e-06,4.566277992487575e-05,4.566277992487575e-05,4.37267514477357e-10,0.016850816614457077
11.45625,4951.202271807373,3.3442843230065923e-06,4.579987652021385e-05,4.579987652021385e-05,4.383759985975197e-10,0.016721421615032962
11.4625,4951.5891155096615,3.317772528770355e-06,4.5934382736135046e-05,4.5934382736135046e-05,4.3947569521636095e-10,0.016588862643851773
11.46875,4951.985179623032,3.290628826505517e-06,4.6066271994179156e-05,4.6066271994179156e-05,4.4056639488398123e-10,0.016453144132527586
11.475000000000001,4952.390450400119,3.2628541583699354e-06,4.6195519871218706e-05,4.6195519871218706e-05,4.4164788846276536e-10,0.01631427079184968
11.481250000000001,4952.804913211525,3.2344495269659265e-06,4.632210408288979e-05,4.632210408288979e-05,4.4271996714741686e-10,0.016172247634829634
11.4875,4953.228552476948,3.2054160000696404e-06,4.644600446394081e-05,4.644600446394081e-05,4.437824224865605e-10,0.016027080000348203
11.49375,4953.661351594354,3.175754715478532e-06,4.6567202945602045e-05,4.6567202945602045e-05,4.4483504640595117e-10,0.01587877357739266
11.5,4954.103292867532,3.145466885974814e-06,4.668568353008452e-05,4.668568353008452e-05,4.45877631233328e-10,0.01572733442987407
11.506250000000001,4954.554357432178,3.1145538044024795e-06,4.680143226232228e-05,4.680143226232228e-05,4.4690996972495147e-10,0.015572769022012397
11.512500000000001,4955.0145251799395,3.083016848855168e-06,4.691443719907696e-05,4.691443719907696e-05,4.4793185509385984e-10,0.01541508424427584
11.51875,4955.483774681397,3.0508574879718766e-06,4.702468837552823e-05,4.702468837552823e-05,4.489430810398811e-10,0.015254287439859383
11.525,4955.962083107044,3.018077286337162e-06,4.713217776947724e-05,4.713217776947724e-05,4.499434417814346e-10,0.01509038643168581
11.53125,4956.449426147231,2.984677909982184e-06,4.72368992632943e-05,4.72368992632943e-05,4.509327320891562e-10,0.014923389549910921
11.537500000000001,4956.945777930311,2.9506611319825774e-06,4.7338848603744356e-05,4.7338848603744356e-05,4.519107473213789e-10,0.014753305659912888
11.543750000000001,4957.451110939696,2.9160288381488134e-06,4.7438023359826825e-05,4.7438023359826825e-05,4.528772834614995e-10,0.014580144190744068
11.55,4957.965395929549,2.8807830328043542e-06,4.7534422878768084e-05,4.7534422878768084e-05,4.5383213715726033e-10,0.014403915164021772
11.55625,4958.488601839246,2.8449258446465434e-06,4.7628048240306564e-05,4.7628048240306564e-05,4.54775105761974e-10,0.014224629223232718
11.5625,4959.02069570671,2.8084595326847995e-06,4.771890220941116e-05,4.771890220941116e-05,4.557059873777159e-10,0.014042297663423997
11.568750000000001,4959.561642580729,2.771386492250331e-06,4.7806989187574634e-05,4.7806989187574634e-05,4.566245809005092e-10,0.013856932461251654
11.575000000000001,4960.111405432373,2.7337092610711912e-06,4.7892315162823304e-05,4.7892315162823304e-05,4.575306860675229e-10,0.013668546305355956
11.58125,4960.669945065425,2.6954305254061224e-06,4.797488765858427e-05,4.797488765858427e-05,4.584241035063035e-10,0.013477152627030612
11.5875,4961.237220026115,2.656553126230247e-06,4.805471568155039e-05,4.805471568155039e-05,4.593046347860565e-10,0.013282765631151236
11.59375,4961.813186512234,2.6170800654652836e-06,4.813180966868199e-05,4.813180966868199e-05,4.6017208247099336e-10,0.013085400327326418
11.600000000000001,4962.397798281743,2.5770145122465715e-06,4.820618143348261e-05,4.820618143348261e-05,4.610262501757554e-10,0.012885072561232858
11.606250000000001,4962.991006560864,2.5363598092188112e-06,4.827784411168403e-05,4.827784411168403e-05,4.6186694262292463e-10,0.012681799046094056
11.6125,4963.592759951862,2.4951194788520056e-06,4.834681210647335e-05,4.834681210647335e-05,4.6269396570262785e-10,0.012475597394260029
11.61875,4964.203004340829,2.4532972297687526e-06,4.8413101033391924e-05,4.8413101033391924e-05,4.635071265342383e-10,0.012266486148843764
11.625,4964.821682805222,2.4108969630736116e-06,4.847672766503292e-05,4.847672766503292e-05,4.643062335301749e-10,0.012054484815368059
11.631250000000001,4965.448735521754,2.36792277867492e-06,4.8537709875660824e-05,4.8537709875660824e-05,4.65091096461797e-10,0.0118396138933746
11.637500000000001,4966.0840996742845,2.324378981589037e-06,4.859606658587218e-05,4.859606658587218e-05,4.658615265273887e-10,0.011621894907945185
11.64375,4966.72770936227,2.280270088216636e-06,4.865181770741301e-05,4.865181770741301e-05,4.666173364222238e-10,0.01140135044108318
11.65,4967.379495509799,2.2356008325803326e-06,4.870498408826403e-05,4.870498408826403e-05,4.673583404106975e-10,0.011178004162901663
11.65625,4968.039385775236,2.190376172512538e-06,4.875558745810001e-05,4.875558745810001e-05,4.680843544005099e-10,0.01095188086256269
11.662500000000001,4968.70730446186,2.144601295782137e-06,4.8803650374225226e-05,4.8803650374225226e-05,4.687951960188798e-10,0.010723006478910686
11.668750000000001,4969.383172429576,2.0982816261482523e-06,4.884919616808173e-05,4.884919616808173e-05,4.694906846907651e-10,0.010491408130741262
11.675,4970.066907007657,2.051422829329009e-06,4.8892248892422255e-05,4.8892248892422255e-05,4.701706417190617e-10,0.010257114146645045
11.68125,4970.758421909316,2.0040308188730055e-06,4.8932833269234386e-05,4.8932833269234386e-05,4.708348903667486e-10,0.010020154094365028
11.6875,4971.457627147452,1.9561117619208146e-06,4.89709746384972e-05,4.89709746384972e-05,4.714832559409422e-10,0.009780558809604073
11.693750000000001,4972.164428952404,1.907672084843654e-06,4.90066989078464e-05,4.90066989078464e-05,4.721155658788203e-10,0.00953836042421827
11.700000000000001,4972.878729691708,1.8587184787461037e-06,4.904003250321825e-05,4.904003250321825e-05,4.727316498353694e-10,0.009293592393730518
11.70625,4973.6004277919965,1.8092579048195266e-06,4.9071002320537546e-05,4.9071002320537546e-05,4.733313397729069e-10,0.009046289524097632
11.7125,4974.329417663171,1.7592975995326458e-06,4.909963567850908e-05,4.909963567850908e-05,4.739144700523232e-10,0.008796487997663228
11.71875,4975.06558962534,1.7088450796455922e-06,4.9125960272566604e-05,4.9125960272566604e-05,4.744808775259863e-10,0.008544225398227962
11.725000000000001,4975.808829838367,1.6579081470335508e-06,4.9150004130028224e-05,4.9150004130028224e-05,4.75030401632245e-10,0.008289540735167755
11.731250000000001,4976.55902023444,1.606494893306051e-06,4.917179556650128e-05,4.917179556650128e-05,4.755628844914629e-10,0.008032474466530255
11.7375,4977.316038454025,1.5546137042078541e-06,4.919136314357494e-05,4.919136314357494e-05,4.760781710035117e-10,0.007773068521039271
11.74375,4978.079757784793,1.5022732637872967e-06,4.920873562783333e-05,4.920873562783333e-05,4.765761089466457e-10,0.007511366318936483
11.75,4978.850047104669,1.4494825583179843e-06,4.9223941951216814e-05,4.9223941951216814e-05,4.770565490776762e-10,0.007247412791589921
11.756250000000001,4979.626770828148,1.3962508799596702e-06,4.923701117275445e-05,4.923701117275445e-05,4.775193452333592e-10,0.006981254399798351
11.762500000000001,4980.4097888571205,1.3425878301442505e-06,4.924797244168545e-05,4.924797244168545e-05,4.779643544329062e-10,0.0067129391507212526
11.76875,4981.1989565355,1.2885033226728368e-06,4.9256854961982935e-05,4.9256854961982935e-05,4.783914369815203e-10,0.006442516613364184
11.775,4981.99412460859,1.2340075865100192e-06,4.926368795828903e-05,4.926368795828903e-05,4.788004565748595e-10,0.006170037932550096
11.78125,4982.79513918681,1.179111168261534e-06,4.926850064326555e-05,4.926850064326555e-05,4.791912804043206e-10,0.0058955558413076705
11.787500000000001,4983.601841714472,1.123824934321794e-06,4.927132218636078e-05,4.927132218636078e-05,4.795637792630357e-10,0.0056191246716089695
11.793750000000001,4984.41406894339,1.0681600726779038e-06,4.927218168398887e-05,4.927218168398887e-05,4.799178276524653e-10,0.005340800363389519
11.8,4985.23165291179,1.0121280943570937e-06,4.927110813111435e-05,4.927110813111435e-05,4.802533038894728e-10,0.005060640471785468
11.80625,4986.054420928509,9.557408345047837e-07,4.926813039423117e-05,4.926813039423117e-05,4.80570090213755e-10,0.004778704172523919
11.8125,4986.882195562965,8.990104530808516e-07,4.9263277185722026e-05,4.9263277185722026e-05,4.808680728955039e-10,0.004495052265404258
11.818750000000001,4987.714794640636,8.419494351620448e-07,4.9256577039580876e-05,4.9256577039580876e-05,4.811471423431691e-10,0.004209747175810224
11.825000000000001,4988.5520312446015,7.845705908389246e-07,4.924805828847846e-05,4.924805828847846e-05,4.814071932111855e-10,0.003922852954194623
11.83125,4989.393713723133,7.268870546961816e-07,4.923774904214822e-05,4.923774904214822e-05,4.816481245075288e-10,0.003634435273480908
11.8375,4990.239645703503,6.689122848656885e-07,4.9225677167067466e-05,4.9225677167067466e-05,4.818698397009574e-10,0.0033445614243284424
11.84375,4991.089626112156,6.106600616421833e-07,4.9211870267406445e-05,4.9211870267406445e-05,4.82072246827795e-10,0.0030533003082109165
11.850000000000001,4991.943449201451,5.521444856520977e-07,4.919635566721605e-05,4.919635566721605e-05,4.822552585981071e-10,0.0027607224282604884
11.856250000000001,4992.80090458312,4.933799755666644e-07,4.917916039382308e-05,4.917916039382308e-05,4.824187925011188e-10,0.002466899877833322
11.8625,4993.661777268192,4.343812653510786e-07,4.9160311162400395e-05,4.9160311162400395e-05,4.825627709097204e-10,0.002171906326755393
11.86875,4994.525847714272,3.751634010422775e-07,4.913983436167818e-05,4.913983436167818e-05,4.826871211839063e-10,0.0018758170052113876
11.875,4995.392891879249,3.1574173704855335e-07,4.9117756040761006e-05,4.9117756040761006e-05,4.827917757729863e-10,0.0015787086852427667
11.881250000000001,4996.262681282628,2.5613193196509835e-07,4.9094101897014895e-05,4.9094101897014895e-05,4.828766723164102e-10,0.0012806596598254917
11.887500000000001,4997.134983073593,1.9634994390032928e-07,4.9068897264987426e-05,4.9068897264987426e-05,4.829417537430434e-10,0.0009817497195016465
11.89375,4998.009560106332,1.364120253087284e-07,4.904216710632383e-05,4.904216710632383e-05,4.829869683687299e-10,0.000682060126543642
11.9,4998.886171022847,7.633471732684809e-08,4.9013936000641e-05,4.9013936000641e-05,4.830122699919776e-10,0.00038167358663424044
11.90625,4999.764570342745,1.6134843610006634e-08,4.8984228137322e-05,4.8984228137322e-05,4.830176179876011e-10,8.067421805003317e-05
11.912500000000001,5000.644508560562,-4.417049633181275e-08,4.8953067308192586e-05,4.8953067308192586e-05,4.830029773981552e-10,-0.00022085248165906377
11.918750000000001,5001.525732250281,-1.0456393429937275e-07,4.892047690104233e-05,4.892047690104233e-05,4.82968319022994e-10,-0.0005228196714968638
11.925,5002.407984177201,-1.6502784107041813e-07,4.888647989395248e-05,4.888647989395248e-05,4.829136195047883e-10,-0.0008251392053520906
11.93125,5003.291003417024,-2.2554433456521123e-07,4.885109885039334e-05,4.885109885039334e-05,4.828388614133371e-10,-0.001127721672826056
11.9375,5004.174525482431,-2.8609528850878835e-07,4.881435591505468e-05,4.881435591505468e-05,4.827440333265073e-10,-0.0014304764425439418
11.943750000000001,5005.058282456443,-3.4666234158630925e-07,4.8776272810372656e-05,4.8776272810372656e-05,4.826291299081397e-10,-0.0017333117079315462
11.950000000000001,5005.942003133271,-4.0722690708674753e-07,4.873687083371828e-05,4.873687083371828e-05,4.824941519827572e-10,-0.0020361345354337375
11.95625,5006.82541316605,-4.677701830291052e-07,4.869617085521262e-05,4.869617085521262e-05,4.823391066069181e-10,-0.002338850915145526
11.9625,5007.708235221469,-5.282731627642056e-07,4.8654193316135105e-05,4.8654193316135105e-05,4.821640071370544e-10,-0.0026413658138210276
11.96875,5008.590189141422,-5.887166460439921e-07,4.861095822789244e-05,4.861095822789244e-05,4.819688732936411e-10,-0.0029435832302199608
11.975000000000001,5009.470992111096,-6.490812505491716e-07,4.856648517151631e-05,4.856648517151631e-05,4.817537312215453e-10,-0.0032454062527458583
11.981250000000001,5010.350358833716,-7.093474238648746e-07,4.852079329765952e-05,4.852079329765952e-05,4.815186135464053e-10,-0.003546737119324373
11.9875,5011.228001711775,-7.694954558929081e-07,4.847390132706129e-05,4.847390132706129e-05,4.812635594268956e-10,-0.0038474772794645402
11.99375,5012.10363103414,-8.29505491688059e-07,4.8425827551453414e-05,4.8425827551453414e-05,4.809886146027374e-10,-0.004147527458440295
12.0,5012.976955169538,-8.89357544704784e-07,4.83765898348807e-05,4.83765898348807e-05,4.806938314383185e-10,-0.00444678772352392
