t_adimensional,p_outlet_Pa,q_outlet_m3s,w_centro_m,w_max_m,volume_acumulado_m3,potencia_W
0.0,4980.104635907909,3.549305139423202e-07,6.07543214678803e-09,6.0754321467880364e-09,1.17643956214988e-13,0.001774652569711601
0.00625,4960.391926717218,7.066024899887637e-07,1.819845333150409e-08,1.819845333150411e-08,3.5185180571859163e-13,0.003533012449943818
0.0125,4940.900132023503,1.054333382294447e-06,3.6341507338939506e-08,3.6341507338939546e-08,7.013172514616005e-13,0.005271666911472235
0.018750000000000003,4921.661909624742,1.3975405803088636e-06,6.047736450891609e-08,6.047736450891614e-08,1.1645408864552474e-12,0.006987702901544318
0.025,4902.703923396286,1.735748404222639e-06,9.057915406066242e-08,9.05791540606625e-08,1.7398656366394145e-12,0.008678742021113194
0.03125,4884.04681023606,2.068588694663288e-06,1.2662038904444531e-07,1.2662038904444545e-07,2.4255123992092145e-12,0.01034294347331644
0.037500000000000006,4865.705458970753,2.3957958370421116e-06,1.6857498426531031e-07,1.685749842653105e-07,3.2196140317299856e-12,0.011978979185210558
0.043750000000000004,4847.689537281853,2.7171973612758317e-06,2.1641726782613957e-07,2.1641726782613978e-07,4.120246225470767e-12,0.01358598680637916
0.05,4830.004193695857,3.0327014183685877e-06,2.7012198715039885e-07,2.7012198715039906e-07,5.125454227771934e-12,0.01516350709184294
0.05625,4812.650860140664,3.3422824629281917e-06,3.2966431046709274e-07,3.2966431046709306e-07,6.23327481879259e-12,0.016711412314640958
0.0625,4795.628085460216,3.6459663833756304e-06,3.950198247776017e-07,3.950198247776021e-07,7.441753359572168e-12,0.01822983191687815
0.06875,4778.932340135368,3.9438161458397254e-06,4.661645312883082e-07,4.661645312883087e-07,8.748956081670416e-12,0.01971908072919863
0.07500000000000001,4762.558745550238,4.2359187841456e-06,5.43074839200259e-07,5.430748392002596e-07,1.0152978064557054e-11,0.021179593920727997
0.08125,4746.501695739166,4.522374307935087e-06,6.257275586153819e-07,6.257275586153826e-07,1.1651947536528018e-11,0.022611871539675435
0.08750000000000001,4730.755354064482,4.8032868420110535e-06,7.14099893165728e-07,7.140998931657287e-07,1.3244027238701518e-11,0.024016434210055268
0.09375,4715.314020418072,5.078758075502735e-06,8.081694328138745e-07,8.081694328138753e-07,1.492741361769867e-11,0.025393790377513676
0.1,4700.172375395698,5.34888290584e-06,9.079141471222623e-07,9.079141471222635e-07,1.6700334574491922e-11,0.0267444145292
0.10625000000000001,4685.325615923841,5.613747019181911e-06,1.0133123791566297e-06,1.0133123791566308e-06,1.856104641127128e-11,0.028068735095909556
0.1125,4670.769501888424,5.87342605857125e-06,1.1243428400800295e-06,1.1243428400800312e-06,2.0507830502590113e-11,0.029367130292856248
0.11875000000000001,4656.500335574987,6.127985990716651e-06,1.2409846044119222e-06,1.2409846044119239e-06,2.2538990088083196e-11,0.030639929953583254
0.125,4642.514895595489,6.377484284731625e-06,1.363217105871315e-06,1.363217105871317e-06,2.4652847455885246e-11,0.03188742142365813
0.13125,4628.810344992532,6.621971551537325e-06,1.491020133691485e-06,1.4910201336914866e-06,2.684774166943983e-11,0.03310985775768662
0.1375,4615.384129995839,6.861493350039951e-06,1.624373829282472e-06,1.6243738292824735e-06,2.912202689297717e-11,0.03430746675019976
0.14375000000000002,4602.233882047302,7.096091934985221e-06,1.7632586831216054e-06,1.7632586831216067e-06,3.14740712963293e-11,0.03548045967492611
0.15000000000000002,4589.3573317406,7.3258077922644646e-06,1.907655531766933e-06,1.9076555317669347e-06,3.390225646863217e-11,0.03662903896132232
0.15625,4576.7522396398135,7.550680873100641e-06,2.0575455549090752e-06,2.0575455549090773e-06,3.64049772411064e-11,0.03775340436550321
0.1625,4564.416345833574,7.77075149399648e-06,2.2129102723999465e-06,2.2129102723999482e-06,3.898064180813159e-11,0.0388537574699824
0.16875,4552.3473376946695,7.986060911899517e-06,2.373731541219015e-06,2.373731541219017e-06,4.162767203896267e-11,0.03993030455949758
0.17500000000000002,4540.542833687066,8.196651613078412e-06,2.5399915523574e-06,2.5399915523574023e-06,4.434450388519614e-11,0.04098325806539206
0.18125000000000002,4529.000380141302,8.402567370654299e-06,2.7116728276159133e-06,2.711672827615916e-06,4.7129587807305424e-11,0.04201283685327149
0.1875,4517.717457587721,8.60385313161299e-06,2.888758216324828e-06,2.88875821632483e-06,4.998138916372573e-11,0.04301926565806495
0.19375,4506.691493356096,8.800554792031408e-06,3.0712308920007955e-06,3.0712308920007977e-06,5.2898388525436285e-11,0.04400277396015704
0.2,4495.919877561351,8.992718911895212e-06,3.2590743489604523e-06,3.2590743489604544e-06,5.587908189601704e-11,0.04496359455947606
0.20625000000000002,4485.399980163678,9.180392410746413e-06,3.4522723989115498e-06,3.4522723989115527e-06,5.892198083082594e-11,0.045901962053732065
0.21250000000000002,4475.129167402583,9.363622274503917e-06,3.6508091675416815e-06,3.6508091675416837e-06,6.20256124589999e-11,0.04681811137251958
0.21875,4465.104816475295,9.54245529360275e-06,3.854669091122499e-06,3.8546690911225e-06,6.518851941866051e-11,0.04771227646801375
0.225,4455.324327813394,9.716937843980203e-06,4.0638369131444025e-06,4.063836913144403e-06,6.84092597195261e-11,0.048584689219901014
0.23125,4445.785134685002,9.88711571577344e-06,4.278297680993389e-06,4.2782976809933895e-06,7.168640654874461e-11,0.0494355785788672
0.23750000000000002,4436.484710114835,1.005303398986856e-05,4.498036742678474e-06,4.498036742678474e-06,7.501854803580785e-11,0.050265169949342804
0.24375000000000002,4427.420571285296,1.0214736959384974e-05,4.723039743615032e-06,4.723039743615032e-06,7.840428699144127e-11,0.05107368479692487
0.25,4418.590281682006,1.0372268091398436e-05,4.953292623466624e-06,4.953292623466626e-06,8.184224063380659e-11,0.05186134045699218
0.25625000000000003,4409.991451298426,1.0525670023291083e-05,5.188781613045555e-06,5.1887816130455554e-06,8.53310403134946e-11,0.05262835011645541
0.2625,4401.62173523643,1.0674984587717552e-05,5.429493231270365e-06,5.429493231270366e-06,8.886933124679318e-11,0.05337492293858776
0.26875,4393.478831047112,1.0820252860044485e-05,5.67541428217704e-06,5.675414282177041e-06,9.245577226467939e-11,0.054101264300222426
0.275,4385.560475156374,1.0961515222117962e-05,5.926531851979488e-06,5.926531851979488e-06,9.608903558294775e-11,0.05480757611058981
0.28125,4377.86443871482,1.1098811436298729e-05,6.1828333061742286e-06,6.1828333061742286e-06,9.976780659687789e-11,0.055494057181493646
0.28750000000000003,4370.388523201024,1.123218072390211e-05,6.444306286683886e-06,6.444306286683886e-06,1.0349078370190164e-10,0.05616090361951055
0.29375,4363.130556085824,1.1361661842544787e-05,6.710938709034172e-06,6.710938709034172e-06,1.072566781399072e-10,0.05680830921272394
0.30000000000000004,4356.088386833263,1.148729315748702e-05,6.982718759559463e-06,6.982718759559463e-06,1.1106421386919013e-10,0.0574364657874351
0.30625,4349.25988346682,1.1609112702892664e-05,7.2596348926327665e-06,7.2596348926327665e-06,1.1491212745470933e-10,0.05804556351446332
0.3125,4342.6429298693165,1.1727158229995697e-05,7.541675827916768e-06,7.541675827916768e-06,1.187991679743082e-10,0.05863579114997848
0.31875000000000003,4336.23542391636,1.1841467240402099e-05,7.828830547633654e-06,7.828830547633654e-06,1.2272409693597381e-10,0.0592073362020105
0.325,4330.035276467967,1.1952077004076038e-05,8.121088293852495e-06,8.121088293852495e-06,1.2668568820105785e-10,0.05976038502038019
0.33125000000000004,4324.040411172328,1.2059024562844222e-05,8.418438565793908e-06,8.418438565793908e-06,1.3068272790865892e-10,0.06029512281422111
0.3375,4318.2487649707855,1.2162346721384625e-05,8.720871117152636e-06,8.720871117152636e-06,1.3471401439701815e-10,0.06081173360692312
0.34375,4312.658289145167,1.2262080028543117e-05,9.028375953439277e-06,9.028375953439277e-06,1.3877835811872203e-10,0.06131040014271559
0.35000000000000003,4307.266950717,1.2358260752370841e-05,9.340943329342886e-06,9.340943329342886e-06,1.4287458154763125e-10,0.061791303761854204
0.35625,4302.0727339981795,1.2450924852462778e-05,9.658563746116308e-06,9.658563746116308e-06,1.4700151907664088e-10,0.06225462426231389
0.36250000000000004,4297.073642101282,1.2540107953010609e-05,9.981227948986084e-06,9.981227948986084e-06,1.5115801690650893e-10,0.06270053976505305
0.36875,4292.267698245543,1.2625845319506832e-05,1.0308926924588487e-05,1.0308926924588487e-05,1.5534293292696317e-10,0.06312922659753416
0.375,4287.652946733122,1.2708171841327684e-05,1.0641651898432886e-05,1.0641651898432886e-05,1.5955513659203508e-10,0.06354085920663842
0.38125000000000003,4283.227453518566,1.278712202157397e-05,1.0979394332393083e-05,1.0979394332393083e-05,1.6379350879202639e-10,0.06393561010786986
0.3875,4278.98930634377,1.2862729974662358e-05,1.1322145922226794e-05,1.1322145922226794e-05,1.6805694172467727e-10,0.06431364987331178
0.39375000000000004,4274.936614457617,1.293502943132887e-05,1.1669898595122861e-05,1.1669898595122861e-05,1.72344338767993e-10,0.06467514715664435
0.4,4271.067507977962,1.3004053750009622e-05,1.202264450727543e-05,1.202264450727543e-05,1.7665461435684276e-10,0.06502026875004811
0.40625,4267.380136982673,1.3069835933056238e-05,1.2380376041483913e-05,1.2380376041483913e-05,1.8098669386493322e-10,0.0653491796652812
0.41250000000000003,4263.872670432536,1.3132408645952931e-05,1.2743085804777378e-05,1.2743085804777378e-05,1.8533951349315174e-10,0.06566204322976466
0.41875,4260.54329503242,1.3191804237631323e-05,1.3110766626061908e-05,1.3110766626061908e-05,1.8971202016464295e-10,0.06595902118815661
0.42500000000000004,4257.390214130605,1.3248054760106396e-05,1.3483411553789486e-05,1.3483411553789486e-05,1.9410317142639386e-10,0.06624027380053198
0.43125,4254.4116467397835,1.330119198594357e-05,1.3861013853647093e-05,1.3861013853647093e-05,1.9851193535660863e-10,0.06650595992971785
0.4375,4251.605826740685,1.3351247422462511e-05,1.4243567006264827e-05,1.4243567006264827e-05,2.0293729047679112e-10,0.06675623711231256
0.44375000000000003,4248.971002305107,1.3398252322034327e-05,1.4631064704942135e-05,1.4631064704942135e-05,2.073782256672406e-10,0.06699126161017163
0.45,4246.505435548191,1.3442237688281911e-05,1.5023500853391311e-05,1.5023500853391311e-05,2.1183374008460255e-10,0.06721118844140955
0.45625000000000004,4244.207402398119,1.3483234278404898e-05,1.5420869563497615e-05,1.5420869563497615e-05,2.163028430801902e-10,0.0674161713920245
0.4625,4242.075192651938,1.352127260218558e-05,1.5823165153095322e-05,1.5823165153095322e-05,2.2078455411797645e-10,0.0676063630109279
0.46875,4240.107110172661,1.355638291846969e-05,1.623038214375895e-05,1.623038214375895e-05,2.252779026914193e-10,0.06778191459234845
0.47500000000000003,4238.301473176451,1.3588595230047078e-05,1.6642515258608533e-05,1.6642515258608533e-05,2.2978192823859061e-10,0.06794297615023538
0.48125,4236.656614555628,1.3617939277884905e-05,1.7059559420127393e-05,1.7059559420127393e-05,2.342956800553933e-10,0.06808969638942453
0.48750000000000004,4235.170882188502,1.3644444535602737e-05,1.7481509747990015e-05,1.7481509747990015e-05,2.3881821720694726e-10,0.06822222267801369
0.49375,4233.842639193314,1.366814020494351e-05,1.790836155689658e-05,1.790836155689658e-05,2.4334860843747413e-10,0.06834070102471755
0.5,4232.67026409415,1.3689055212810029e-05,1.834011035440919e-05,1.834011035440919e-05,2.478859320791999e-10,0.06844527606405014
0.50625,4231.6521508792885,1.3707218210226487e-05,1.8776751838782923e-05,1.8776751838782923e-05,2.5242927596091313e-10,0.06853609105113244
0.5125000000000001,4230.786708943351,1.3722657573371736e-05,1.9218281896782194e-05,1.9218281896782194e-05,2.5697773731686565e-10,0.06861328786685868
0.51875,4230.072362915863,1.3735401406633655e-05,1.9664696601469586e-05,1.9664696601469586e-05,2.615304226966859e-10,0.06867700703316827
0.525,4229.507552389126,1.3745477547467832e-05,2.011599220995e-05,2.011599220995e-05,2.6608644787690247e-10,0.06872738773733916
0.53125,4229.090731563854,1.3752913572717674e-05,2.057216516104732e-05,2.057216516104732e-05,2.706449377745624e-10,0.06876456786358837
0.5375,4228.8203688366775,1.3757736805972668e-05,2.1033212072883583e-05,2.1033212072883583e-05,2.752050263632888e-10,0.06878868402986334
0.5437500000000001,4228.694946355246,1.3759974325506485e-05,2.1499129740321593e-05,2.1499129740321593e-05,2.797658565919693e-10,0.06879987162753243
0.55,4228.712959566057,1.3759652972344182e-05,2.1969915132219853e-05,2.1969915132219853e-05,2.8432658030611846e-10,0.06879826486172091
0.55625,4228.8729167777165,1.3756799358050963e-05,2.2445565388434115e-05,2.2445565388434115e-05,2.8888635817182185e-10,0.06878399679025482
0.5625,4229.1733387589375,1.3751439871906065e-05,2.2926077816480714e-05,2.2926077816480714e-05,2.9344435960205804e-10,0.06875719935953033
0.56875,4229.6127583847165,1.3743600687214876e-05,2.3411449887753312e-05,2.3411449887753312e-05,2.979997626851126e-10,0.06871800343607438
0.5750000000000001,4230.189720339055,1.3733307766610837e-05,2.390167923315505e-05,2.390167923315505e-05,3.0255175411474967e-10,0.06866653883305418
0.58125,4230.902780877266,1.3720586866297802e-05,2.4396763637971384e-05,2.4396763637971384e-05,3.0709952912178946e-10,0.06860293433148901
0.5875,4231.750507645135,1.3705463539274722e-05,2.489670103576348e-05,2.489670103576348e-05,3.1164229140675483e-10,0.06852731769637362
0.59375,4232.731479548486,1.3687963137662683e-05,2.5401489501006663e-05,2.5401489501006663e-05,3.1617925307328897e-10,0.06843981568831342
0.6000000000000001,4233.844286663015,1.3668110814314005e-05,2.591112724013055e-05,2.591112724013055e-05,3.2070963456210645e-10,0.06834055407157003
0.6062500000000001,4235.0875301721035,1.3645931523922513e-05,2.642561258053594e-05,2.642561258053594e-05,3.252326645853125e-10,0.06822965761961257
0.6125,4236.459822319111,1.3621450023871965e-05,2.6944943957065056e-05,2.6944943957065056e-05,3.297475800610032e-10,0.06810725011935982
0.61875,4237.959786361494,1.3594690875056946e-05,2.7469119895284745e-05,2.7469119895284745e-05,3.3425362604813806e-10,0.06797345437528472
0.625,4239.586056514307,1.3565678442889633e-05,2.7998138990803423e-05,2.7998138990803423e-05,3.387500556817459e-10,0.06782839221444817
0.6312500000000001,4241.337277873463,1.3534436898670035e-05,2.8531999883679466e-05,2.8531999883679466e-05,3.432361301085854e-10,0.06767218449335018
0.6375000000000001,4243.2121063111335,1.3500990221450585e-05,2.907070122678881e-05,2.907070122678881e-05,3.477111184234234e-10,0.06750495110725292
0.64375,4245.209208339167,1.3465362200473142e-05,2.9614241646799424e-05,2.9614241646799424e-05,3.521742976061207e-10,0.0673268110023657
0.65,4247.327260939126,1.3427576438201766e-05,3.0162619696147997e-05,3.0162619696147997e-05,3.5662495245972374e-10,0.06713788219100883
0.65625,4249.564951360496,1.3387656353922448e-05,3.0715833794127424e-05,3.0715833794127424e-05,3.610623755497489e-10,0.06693828176961224
0.6625000000000001,4251.920976891285,1.3345625187835107e-05,3.127388215487013e-05,3.127388215487013e-05,3.6548586714482337e-10,0.06672812593917554
0.6687500000000001,4254.394044607294,1.3301506005526178e-05,3.183676269965179e-05,3.183676269965179e-05,3.698947351588083e-10,0.06650753002763089
0.675,4256.9828711078635,1.3255321702684232e-05,3.240447295054175e-05,3.240447295054175e-05,3.7428829509448513e-10,0.06627660851342117
0.68125,4259.686182246355,1.3207095009907259e-05,3.2977009901992e-05,3.2977009901992e-05,3.7866586998883534e-10,0.06603547504953629
0.6875,4262.502712864123,1.315684849744815e-05,3.3554369866488725e-05,3.3554369866488725e-05,3.83026790359893e-10,0.06578424248724075
0.6937500000000001,4265.431206536134,1.3104604579754256e-05,3.413654828989297e-05,3.413654828989297e-05,3.87370394155102e-10,0.06552302289877128
0.7000000000000001,4268.47041533505,1.3050385519675476e-05,3.472353953157805e-05,3.472353953157805e-05,3.916960267010682e-10,0.06525192759837738
0.70625,4271.619099619389,1.2994213432241413e-05,3.5315336603938255e-05,3.5315336603938255e-05,3.9600304065456345e-10,0.06497106716120707
0.7125,4274.876027849968,1.2936110287939234e-05,3.591193086531035e-05,3.591193086531035e-05,4.0029079595461605e-10,0.06468055143969617
0.71875,4278.239976436054,1.2876097915457082e-05,3.651331165982942e-05,3.651331165982942e-05,4.045586597755106e-10,0.06438048957728541
0.7250000000000001,4281.709729611555,1.2814198003891286e-05,3.711946589725387e-05,3.711946589725387e-05,4.0880600648051934e-10,0.06407099001945643
0.7312500000000001,4285.284079339862,1.2750432104446472e-05,3.773037756536204e-05,3.773037756536204e-05,4.130322175761972e-10,0.06375216052223236
0.7375,4288.96182524375,1.2684821631684578e-05,3.834602716716972e-05,3.834602716716972e-05,4.1723668166709065e-10,0.06342410815842289
0.74375,4292.741774556338,1.2617387864399957e-05,3.896639107497445e-05,3.896639107497445e-05,4.2141879441073663e-10,0.06308693932199978
0.75,4296.622742087832,1.254815194621284e-05,3.959144079312841e-05,3.959144079312841e-05,4.2557795847285833e-10,0.0627407597310642
0.7562500000000001,4300.603550202392,1.2477134885981681e-05,4.022114212151379e-05,4.022114212151379e-05,4.297135834826975e-10,0.06238567442990841
0.7625000000000001,4304.683028799484,1.2404357558136777e-05,4.08554542119777e-05,4.08554542119777e-05,4.338250859884574e-10,0.06202178779068388
0.76875,4308.86001529404,1.2329840703033234e-05,4.149432851051682e-05,4.149432851051682e-05,4.379118894128627e-10,0.06164920351516617
0.775,4313.133354590609,1.2253604927412278e-05,4.2137707578822384e-05,4.2137707578822384e-05,4.4197342400887243e-10,0.06126802463706139
0.78125,4317.501899047207,1.2175670705046424e-05,4.2785523789940665e-05,4.2785523789940665e-05,4.460091268156065e-10,0.060878353525232125
0.7875000000000001,4321.9645084254935,1.209605837762793e-05,4.343769789430609e-05,4.343769789430609e-05,4.50018441614567e-10,0.06048029188813965
0.7937500000000001,4326.520049825096,1.2014788155942221e-05,4.409413745429302e-05,4.409413745429302e-05,4.540008188862482e-10,0.06007394077971111
0.8,4331.167397600313,1.1931880121349793e-05,4.475473514773013e-05,4.475473514773013e-05,4.579557157672379e-10,0.059659400606748965
0.80625,4335.905433259697,1.1847354227582493e-05,4.5419366943541585e-05,4.5419366943541585e-05,4.618825960079142e-10,0.05923677113791247
0.8125,4340.733045348142,1.1761230302844195e-05,4.6087890155825184e-05,4.6087890155825184e-05,4.657809299308382e-10,0.05880615151422097
0.8187500000000001,4345.649129313391,1.1673528052192003e-05,4.676014138623879e-05,4.676014138623879e-05,4.696501943899365e-10,0.058367640260960016
0.8250000000000001,4350.652587358923,1.1584267060163286e-05,4.7435934368516846e-05,4.7435934368516846e-05,4.73489872730554e-10,0.05792133530081643
0.83125,4355.742328285119,1.1493466793605688e-05,4.8115057733237634e-05,4.8115057733237634e-05,4.772994547504451e-10,0.05746733396802844
0.8375,4360.917267322124,1.1401146604662646e-05,4.879727271554768e-05,4.879727271554768e-05,4.810784366617541e-10,0.05700573302331323
0.84375,4366.176325956364,1.1307325733865167e-05,4.948231083334301e-05,4.948231083334301e-05,4.848263210540202e-10,0.056536628669325836
0.8500000000000001,4371.518431754056,1.121202331328163e-05,5.0169871568309014e-05,5.0169871568309014e-05,4.88542616858228e-10,0.05606011656640815
0.8562500000000001,4376.942518183963,1.1115258369681123e-05,5.085962008711202e-05,5.085962008711202e-05,4.92226839311904e-10,0.055576291848405616
0.8625,4382.447524441326,1.1017049827671267e-05,5.1551185044779096e-05,5.1551185044779096e-05,4.958785099252555e-10,0.055085249138356336
0.86875,4388.03239527539,1.091741651277878e-05,5.224415651674599e-05,5.224415651674599e-05,4.994971564483292e-10,0.0545870825638939
0.875,4393.6960808210915,1.0816377154449066e-05,5.293808411002739e-05,5.293808411002739e-05,5.030823128391645e-10,0.054081885772245326
0.8812500000000001,4399.437536436408,1.0713950388949734e-05,5.363247530729424e-05,5.363247530729424e-05,5.066335192329095e-10,0.053569751944748674
0.8875000000000001,4405.255722545386,1.0610154762171492e-05,5.4326794100146914e-05,5.4326794100146914e-05,5.101503219118643e-10,0.05305077381085746
0.89375,4411.149604486624,1.0505008732327809e-05,5.502045996936995e-05,5.502045996936995e-05,5.136322732764204e-10,0.05252504366163904
0.9,4417.118152367373,1.0398530672561935e-05,5.571284727027086e-05,5.571284727027086e-05,5.170789318168634e-10,0.05199265336280968
0.90625,4423.160340921652,1.0290738873475668e-05,5.6403285080181746e-05,5.6403285080181746e-05,5.20489862086014e-10,0.05145369436737834
0.9125000000000001,4429.275149371855,1.018165154559859e-05,5.709105756270014e-05,5.709105756270014e-05,5.23864634672688e-10,0.050908257727992956
0.9187500000000001,4435.461561292488,1.0071286821819492e-05,5.777540489915641e-05,5.777540489915641e-05,5.272028261759614e-10,0.05035643410909746
0.925,4441.71856447468,9.959662759802667e-06,5.8455524832044295e-05,5.8455524832044295e-05,5.305040191802368e-10,0.04979831379901333
0.93125,4448.045150790451,9.846797344411506e-06,5.913057485771137e-05,5.913057485771137e-05,5.337678022311132e-10,0.04923398672205753
0.9375,4454.440316055087,9.732708490159853e-06,5.979967509649439e-05,5.979967509649439e-05,5.369937698120683e-10,0.04866354245079926
0.9437500000000001,4460.903059887395,9.617414043708527e-06,6.046191185777492e-05,6.046191185777492e-05,5.401815223219675e-10,0.04808707021854263
0.9500000000000001,4467.432385566434,9.500931786420163e-06,6.111634190525384e-05,6.111634190525384e-05,5.433306660534214e-10,0.04750465893210081
0.95625,4474.027299884517,9.383279436980807e-06,6.176199741428729e-05,6.176199741428729e-05,5.464408131720108e-10,0.046916397184904035
0.9625,4480.686812996398,9.264474654091247e-06,6.239789159863953e-05,6.239789159863953e-05,5.49511581696404e-10,0.046322373270456234
0.96875,4487.409938264614,9.144535039225827e-06,6.302302496879173e-05,6.302302496879173e-05,5.52542595479389e-10,0.04572267519612914
0.9750000000000001,4494.1956921014835,9.023478139451285e-06,6.363639216835329e-05,6.363639216835329e-05,5.555334841898396e-10,0.045117390697256426
0.9812500000000001,4501.043093808417,8.90132145029345e-06,6.423698931954787e-05,6.423698931954787e-05,5.58483883295632e-10,0.044506607251467246
0.9875,4507.951165413431,8.778082418635774e-06,6.482382179361917e-05,6.482382179361917e-05,5.61393434047522e-10,0.04389041209317887
0.99375,4514.918931507976,8.653778445630727e-06,6.539591230776906e-05,6.539591230776906e-05,5.642617834639867e-10,0.04326889222815363
1.0,4521.945419084119,8.528426889603059e-06,6.595230923735994e-05,6.595230923735994e-05,5.670885843170298e-10,0.04264213444801529
1.00625,4529.029657373582,8.402045068923416e-06,6.649209502103061e-05,6.649209502103061e-05,5.69873495118938e-10,0.04201022534461708
1.0125,4536.170677689469,8.274650264831097e-06,6.70143945275163e-05,6.70143945275163e-05,5.726161801099735e-10,0.04137325132415549
1.01875,4543.367513271909,8.146259724186492e-06,6.751838324671008e-05,6.751838324671008e-05,5.753163092469794e-10,0.04073129862093246
1.0250000000000001,4550.619199138761,8.01689066213639e-06,6.800329516418597e-05,6.800329516418597e-05,5.779735581928674e-10,0.04008445331068195
1.03125,4557.924771941759,7.88656026467897e-06,6.846843017827594e-05,6.846843017827594e-05,5.805876083069569e-10,0.03943280132339485
1.0375,4565.283269828886,7.755285691119637e-06,6.891316092203279e-05,6.891316092203279e-05,5.83158146636127e-10,0.038776428455598186
1.04375,4572.693732313088,7.623084076413687e-06,6.933693885909067e-05,6.933693885909067e-05,5.856848659067461e-10,0.038115420382068436
1.05,4580.155200147126,7.489972533396907e-06,6.973929953253563e-05,6.973929953253563e-05,5.881674645173395e-10,0.03744986266698453
1.0562500000000001,4587.666715204658,7.355968154910297e-06,7.011986685928644e-05,7.011986685928644e-05,5.906056465319626e-10,0.03677984077455149
1.0625,4595.227320366257,7.221088015829963e-06,7.047835637892179e-05,7.047835637892179e-05,5.929991216742462e-10,0.036105440079149814
1.06875,4602.8360594102305,7.0853491750176055e-06,7.081457738503387e-05,7.081457738503387e-05,5.953476053220881e-10,0.035426745875088025
1.075,4610.491976906566,6.94876867721068e-06,7.11284338885956e-05,7.11284338885956e-05,5.97650818502972e-10,0.0347438433860534
1.08125,4618.194118113185,6.811363554874145e-06,7.141992438597803e-05,7.141992438597803e-05,5.999084878898993e-10,0.03405681777437072
1.0875000000000001,4625.941528873034,6.673150830037471e-06,7.168914042854754e-05,7.168914042854754e-05,6.021203457979306e-10,0.03336575415018735
1.09375,4633.733255510384,6.534147516141362e-06,7.193626401556113e-05,7.193626401556113e-05,6.042861301813385e-10,0.03267073758070681
1.1,4641.568344725612,6.394370619918279e-06,7.216156385668224e-05,7.216156385668224e-05,6.064055846313842e-10,0.03197185309959139
1.10625,4649.445843486513,6.253837143329387e-06,7.236539057417064e-05,7.236539057417064e-05,6.084784583747363e-10,0.031269185716646934
1.1125,4657.364798915459,6.1125640855782175e-06,7.254817093698201e-05,7.254817093698201e-05,6.105045062725565e-10,0.030562820427891088
1.1187500000000001,4665.3242581712975,5.970568445218012e-06,7.271040123901025e-05,7.271040123901025e-05,6.12483488820284e-10,0.029852842226090057
1.125,4673.323268325193,5.827867222365846e-06,7.285263995094079e-05,7.285263995094079e-05,6.144151721481542e-10,0.029139336111829228
1.13125,4681.36087623009,5.684477421032225e-06,7.297549978916298e-05,7.297549978916298e-05,6.162993280224887e-10,0.028422387105161127
1.1375,4689.436128383349,5.540416051570155e-06,7.307963935551571e-05,7.307963935551571e-05,6.181357338477981e-10,0.027702080257850776
1.14375,4697.54807078295,5.395700133243144e-06,7.31657545080337e-05,7.31657545080337e-05,6.199241726697351e-10,0.026978500666215717
1.1500000000000001,4705.695748776995,5.250346696906943e-06,7.323456962516175e-05,7.323456962516175e-05,6.216644331789367e-10,0.026251733484534714
1.15625,4713.878206907662,5.104372787796045e-06,7.328682892408496e-05,7.328682892408496e-05,6.233563097157904e-10,0.025521863938980226
1.1625,4722.094488749725,4.957795468402261e-06,7.332328798798418e-05,7.332328798798418e-05,6.249996022761543e-10,0.024788977342011305
1.16875,4730.3436367449885,4.810631821430246e-06,7.334470564740026e-05,7.334470564740026e-05,6.265941165180567e-10,0.024053159107151226
1.175,4738.624692033235,4.662898952812864e-06,7.335183634782113e-05,7.335183634782113e-05,6.281396637693949e-10,0.02331449476406432
1.1812500000000001,4746.936694280701,4.514613994768465e-06,7.33454231195461e-05,7.33454231195461e-05,6.296360610366483e-10,0.022573069973842327
1.1875,4755.278681507683,4.365794108882196e-06,7.332619124736949e-05,7.332619124736949e-05,6.310831310146115e-10,0.021828970544410978
1.19375,4763.649689915079,4.216456489194391e-06,7.329484271726617e-05,7.329484271726617e-05,6.324807020971524e-10,0.021082282445971955
1.2000000000000002,4772.048753711944,4.0666183652809614e-06,7.325205149570573e-05,7.325205149570573e-05,6.338286083889906e-10,0.020333091826404807
1.20625,4780.474904943842,3.916297005313203e-06,7.319845967514022e-05,7.319845967514022e-05,6.351266897184894e-10,0.019581485026566016
1.2125000000000001,4788.927173323102,3.7655097190876226e-06,7.31346744972712e-05,7.31346744972712e-05,6.363747916514539e-10,0.01882754859543811
1.21875,4797.404586060973,3.6142738610199648e-06,7.306126624454523e-05,7.306126624454523e-05,6.375727655059191e-10,0.018071369305099824
1.225,4805.906167701861,3.4626068331014807e-06,7.297876697054647e-05,7.297876697054647e-05,6.387204683679202e-10,0.017313034165507404
1.2312500000000002,4814.430939959644,3.310526087819452e-06,7.288767002207441e-05,7.288767002207441e-05,6.39817763108229e-10,0.01655263043909726
1.2375,4822.977921555686,3.1580491310478803e-06,7.27884302901546e-05,7.27884302901546e-05,6.408645184000498e-10,0.015790245655239402
1.2437500000000001,4831.546128057901,3.005193524917891e-06,7.268146511437344e-05,7.268146511437344e-05,6.418606087376657e-10,0.015025967624589454
1.25,4840.134571720206,2.8519768906807314e-06,7.256715575499486e-05,7.256715575499486e-05,6.428059144560349e-10,0.014259884453403657
1.25625,4848.742261321716,2.6984169115790867e-06,7.244584934043566e-05,7.244584934043566e-05,6.437003217513377e-10,0.013492084557895433
1.2625000000000002,4857.368202004171,2.5445313357447086e-06,7.231786119386896e-05,7.231786119386896e-05,6.445437227024846e-10,0.012722656678723543
1.26875,4866.01139510704,2.3903379791420784e-06,7.218347744191171e-05,7.218347744191171e-05,6.453360152935998e-10,0.011951689895710393
1.2750000000000001,4874.670837998737,2.2358547285788947e-06,7.204295781035115e-05,7.204295781035115e-05,6.460771034375027e-10,0.011179273642894474
1.28125,4883.345523902871,2.0810995448046846e-06,7.189653851641975e-05,7.189653851641975e-05,6.467668970002162e-10,0.010405497724023422
1.2875,4892.034441718505,1.9260904657187376e-06,7.174443517390387e-05,7.174443517390387e-05,6.47405311826539e-10,0.009630452328593688
1.2937500000000002,4900.7365758330625,1.770845609707993e-06,7.158684563598722e-05,7.158684563598722e-05,6.479922697667229e-10,0.008854228048539964
1.3,4909.450905926749,1.6153831791344755e-06,7.142395271076578e-05,7.142395271076578e-05,6.485276987043076e-10,0.008076915895672377
1.3062500000000001,4918.176406767762,1.4597214639905015e-06,7.125592669538697e-05,7.125592669538697e-05,6.49011532585166e-10,0.0072986073199525076
1.3125,4926.9120479970115,1.3038788457382372e-06,7.108292768632704e-05,7.108292768632704e-05,6.494437114478225e-10,0.006519394228691186
1.31875,4935.656793901721,1.147873801348362e-06,7.090510763500082e-05,7.090510763500082e-05,6.498241814551099e-10,0.00573936900674181
1.3250000000000002,4944.4096031772215,9.917249075506726e-07,7.072261212930581e-05,7.072261212930581e-05,6.501528949272352e-10,0.0049586245377533636
1.33125,4953.169428676177,8.354508453075293e-07,7.053558189248663e-05,7.053558189248663e-05,6.504298103763282e-10,0.004177254226537646
1.3375000000000001,4961.935217144818,6.790704045191271e-07,7.034415400056756e-05,7.034415400056756e-05,6.506548925425494e-10,0.0033953520225956354
1.34375,4970.705908945783,5.226024889677761e-07,7.014846282829946e-05,7.014846282829946e-05,6.508281124318373e-10,0.0026130124448388806
1.35,4979.480437767231,3.6606612150669755e-07,6.994864074092751e-05,6.994864074092751e-05,6.509494473553748e-10,0.0018303306075334877
1.3562500000000002,4988.257730318219,2.0948044949731235e-07,6.974481855499466e-05,6.974481855499466e-05,6.510188809708586e-10,0.0010474022474865616
1.3625,4997.036706009666,5.2864750497628426e-08,6.953712579580262e-05,6.953712579580262e-05,6.510364033256536e-10,0.0002643237524881421
1.3687500000000001,5005.8162766214,-1.0376156179682438e-07,6.932569078206888e-05,6.932569078206888e-05,6.510020109019163e-10,-0.0005188078089841219
1.375,5014.5953459549755,-2.603789313590661e-07,6.911064056980687e-05,6.911064056980687e-05,6.509157066637715e-10,-0.0013018946567953304
1.38125,5023.372809472299,-4.1696765338413396e-07,6.889210078762544e-05,6.889210078762544e-05,6.507775001066262e-10,-0.00208483826692067
1.3875000000000002,5032.147553920221,-5.735078675909624e-07,6.867019539464235e-05,6.867019539464235e-05,6.505874073087024e-10,-0.0028675393379548123
1.39375,5040.918456940974,-7.299795512741803e-07,6.844504639020533e-05,6.844504639020533e-05,6.503454509848741e-10,-0.0036498977563709013
1.4000000000000001,5049.684386668839,-8.863625121075915e-07,6.821677350181018e-05,6.821677350181018e-05,6.500516605428894e-10,-0.0044318125605379574
1.40625,5058.4442013129255,-1.042636380701226e-06,6.79854938741974e-05,6.79854938741974e-05,6.497060721420586e-10,-0.00521318190350613
1.4125,5067.196748726227,-1.198780602913711e-06,6.775132177880084e-05,6.775132177880084e-05,6.493087287544922e-10,-0.005993903014568555
1.4187500000000002,5075.940865961091,-1.3547744319213847e-06,6.751436835870837e-05,6.751436835870837e-05,6.488596802289658e-10,-0.006773872159606923
1.425,5084.6753788110345,-1.510596920044934e-06,6.727474142025477e-05,6.727474142025477e-05,6.483589833574954e-10,-0.007552984600224671
1.4312500000000001,5093.399101339042,-1.6662269103334934e-06,6.703254527846193e-05,6.703254527846193e-05,6.478067019447022e-10,-0.008331134551667467
1.4375,5102.110835392089,-1.821643027904885e-06,6.678788065990609e-05,6.678788065990609e-05,6.472029068800462e-10,-0.009108215139524426
1.44375,5110.809370101965,-1.9768236710391082e-06,6.654084466333575e-05,6.654084466333575e-05,6.465476762130141e-10,-0.00988411835519554
1.4500000000000002,5119.49348137183,-2.1317470020202783e-06,6.629153077556646e-05,6.629153077556646e-05,6.45841095231341e-10,-0.010658735010101391
1.45625,5128.161931348451,-2.2863909377198216e-06,6.604002893789535e-05,6.604002893789535e-05,6.450832565423543e-10,-0.011431954688599108
1.4625000000000001,5136.813467879303,-2.4407331399110087e-06,6.578642565652901e-05,6.578642565652901e-05,6.442742601575272e-10,-0.012203665699555043
1.46875,5145.446823953746,-2.594751005301747e-06,6.553080414931089e-05,6.553080414931089e-05,6.434142135803368e-10,-0.012973755026508736
1.475,5154.060717127729,-2.7484216552689818e-06,6.527324452033913e-05,6.527324452033913e-05,6.42503231897524e-10,-0.013742108276344908
1.4812500000000002,5162.653848930363,-2.901721925274154e-06,6.501382395384945e-05,6.501382395384945e-05,6.415414378738619e-10,-0.01450860962637077
1.4875,5171.224904251452,-3.054628353934925e-06,6.47526169189409e-05,6.47526169189409e-05,6.405289620505469e-10,-0.015273141769674625
1.4937500000000001,5179.772550707944,-3.2071171717238658e-06,6.448969537728096e-05,6.448969537728096e-05,6.394659428473348e-10,-0.01603558585861933
1.5,5188.295437987635,-3.3591642892601487e-06,6.422512898676959e-05,6.422512898676959e-05,6.383525266685588e-10,-0.016795821446300742
1.50625,5196.792197167901,-3.5107452851554767e-06,6.39589852951917e-05,6.39589852951917e-05,6.37188868013175e-10,-0.017553726425777384
1.5125000000000002,5205.261440006974,-3.6618353933706885e-06,6.369132991907246e-05,6.369132991907246e-05,6.359751295889994e-10,-0.01830917696685344
1.51875,5213.7017582050885,-3.8124094900348444e-06,6.342222670419704e-05,6.342222670419704e-05,6.347114824313134e-10,-0.019062047450174223
1.5250000000000001,5222.111722632525,-3.962442079674094e-06,6.315173786550283e-05,6.315173786550283e-05,6.333981060260338e-10,-0.01981221039837047
1.53125,5230.489882521505,-4.1119072807935425e-06,6.287992410524096e-05,6.287992410524096e-05,6.320351884376622e-10,-0.020559536403967713
1.5375,5238.8347646182365,-4.260778810751739e-06,6.260684470938796e-05,6.260684470938796e-05,6.306229264422472e-10,-0.021303894053758696
1.5437500000000002,5247.144872291912,-4.409029969864314e-06,6.23325576232333e-05,6.23325576232333e-05,6.291615256656164e-10,-0.02204514984932157
1.55,5255.418684596779,-4.556633624671078e-06,6.205711950784673e-05,6.205711950784673e-05,6.276512007271535e-10,-0.022783168123355388
1.5562500000000001,5263.654655283417,-4.703562190299427e-06,6.17805857797279e-05,6.17805857797279e-05,6.260921753894222e-10,-0.023517810951497135
1.5625,5271.851211755847,-4.8497876118564695e-06,6.150301063635415e-05,6.150301063635415e-05,6.244846827139574e-10,-0.024248938059282348
1.56875,5280.006753970185,-4.995281344782967e-06,6.122444707057446e-05,6.122444707057446e-05,6.22828965223568e-10,-0.024976406723914834
1.5750000000000002,5288.119653271562,-5.1400143341040856e-06,6.0944946876861306e-05,6.0944946876861306e-05,6.211252750715176e-10,-0.02570007167052043
1.58125,5296.188251165778,-5.283956992515179e-06,6.066456065234515e-05,6.066456065234515e-05,6.19373874217968e-10,-0.026419784962575896
1.5875000000000001,5304.210858022442,-5.427079177245527e-06,6.038333779534054e-05,6.038333779534054e-05,6.17575034614093e-10,-0.027135395886227636
1.59375,5312.1857517065955,-5.569350165649205e-06,6.0101326503757725e-05,6.0101326503757725e-05,6.157290383942807e-10,-0.027846750828246024
1.6,5320.111176136932,-5.710738629480125e-06,5.981857377540196e-05,5.981857377540196e-05,6.138361780768638e-10,-0.028553693147400624
1.6062500000000002,5327.985339767911,-5.85121260781796e-06,5.953512541172725e-05,5.953512541172725e-05,6.118967567738236e-10,-0.0292560630390898
1.6125,5335.806413995618,-5.990739478623072e-06,5.92510260261552e-05,5.92510260261552e-05,6.099110884099222e-10,-0.02995369739311536
1.6187500000000001,5343.572531485709,-6.129285928912029e-06,5.8966319057619156e-05,5.8966319057619156e-05,6.078794979517199e-10,-0.030646429644560144
1.625,5351.281784424759,-6.266817923560552e-06,5.868104678957014e-05,5.868104678957014e-05,6.058023216469335e-10,-0.031334089617802756
1.63125,5358.932222696001,-6.403300672758218e-06,5.8395250374300434e-05,5.8395250374300434e-05,6.036799072745817e-10,-0.03201650336379109
1.6375000000000002,5366.521851981947,-6.538698598158694e-06,5.8108969862118615e-05,5.8108969862118615e-05,6.015126144063506e-10,-0.03269349299079347
1.64375,5374.04863179728,-6.672975297791032e-06,5.78222442346531e-05,5.78222442346531e-05,5.993008146795888e-10,-0.03336487648895516
1.6500000000000001,5381.510473457896,-6.80609350982124e-06,5.7535111441376435e-05,5.7535111441376435e-05,5.970448920823149e-10,-0.0340304675491062
1.65625,5388.905237991296,-6.938015075279567e-06,5.724760843832837e-05,5.724760843832837e-05,5.947452432505783e-10,-0.03469007537639783
1.6625,5396.23073399749,-7.068700899897009e-06,5.695977122797198e-05,5.695977122797198e-05,5.924022777784705e-10,-0.03534350449948505
1.6687500000000002,5403.484715469691,-7.198110915225012e-06,5.6671634899134155e-05,5.6671634899134155e-05,5.900164185410227e-10,-0.03599055457612506
1.675,5410.664879585986,-7.32620403924483e-06,5.6383233666054556e-05,5.6383233666054556e-05,5.875881020301604e-10,-0.03663102019622415
1.6812500000000001,5417.768864486657,-7.452938136707414e-06,5.609460090568336e-05,5.609460090568336e-05,5.851177787038028e-10,-0.03726469068353707
1.6875,5424.794247051118,-7.578269979481314e-06,5.5805769192516456e-05,5.5805769192516456e-05,5.826059133481058e-10,-0.03789134989740657
1.69375,5431.738540693636,-7.702155207223935e-06,5.551677033042772e-05,5.551677033042772e-05,5.800529854527405e-10,-0.03851077603611967
1.7000000000000002,5438.599193196671,-7.824548288731369e-06,5.522763538113668e-05,5.522763538113668e-05,5.774594895989826e-10,-0.03912274144365684
1.70625,5445.37358460464,-7.945402484362827e-06,5.4938394689129336e-05,5.4938394689129336e-05,5.748259358602563e-10,-0.03972701242181413
1.7125000000000001,5452.059025202515,-8.06466980997753e-06,5.4649077903018134e-05,5.4649077903018134e-05,5.721528502146319e-10,-0.04032334904988765
1.71875,5458.652753605875,-8.182301002864448e-06,5.43597139934778e-05,5.43597139934778e-05,5.694407749686155e-10,-0.04091150501432224
1.725,5465.15193499236,-8.298245490187725e-06,5.4070331268021026e-05,5.4070331268021026e-05,5.666902691913988e-10,-0.041491227450938625
1.7312500000000002,5471.553659505325,-8.412451360512912e-06,5.3780957382976814e-05,5.3780957382976814e-05,5.639019091585454e-10,-0.042062256802564556
1.7375,5477.854940864725,-8.52486533902034e-06,5.349161935310458e-05,5.349161935310458e-05,5.610762888038937e-10,-0.0426243266951017
1.7437500000000001,5484.0527152204095,-8.635432767051752e-06,5.320234355931658e-05,5.320234355931658e-05,5.582140201782393e-10,-0.04317716383525876
1.75,5490.143840286816,-8.744097586673635e-06,5.2913155754993246e-05,5.2913155754993246e-05,5.553157339131328e-10,-0.04372048793336818
1.75625,5496.1250947994295,-8.850802330975223e-06,5.262408107136194e-05,5.262408107136194e-05,5.523820796878948e-10,-0.044254011654876114
1.7625000000000002,5501.9931783339225,-8.955488120849677e-06,5.233514402237426e-05,5.233514402237426e-05,5.494137266976971e-10,-0.04477744060424838
1.76875,5507.744711532942,-9.058094669032754e-06,5.2046368509464706e-05,5.2046368509464706e-05,5.464113641203052e-10,-0.04529047334516377
1.7750000000000001,5513.37623678351,-9.158560292193535e-06,5.175777782650903e-05,5.175777782650903e-05,5.433757015788134e-10,-0.045792801460967675
1.78125,5518.884219391693,-9.256821931885428e-06,5.1469394665229234e-05,5.1469394665229234e-05,5.403074695974357e-10,-0.04628410965942714
1.7875,5524.265049299066,-9.352815185171642e-06,5.118124112121866e-05,5.118124112121866e-05,5.372074200471453e-10,-0.04676407592585821
1.7937500000000002,5529.515043387345,-9.446474345736971e-06,5.089333870069002e-05,5.089333870069002e-05,5.340763265776881e-10,-0.04723237172868486
1.8,5534.630448415548,-9.537732456285654e-06,5.060570832798294e-05,5.060570832798294e-05,5.309149850322275e-10,-0.04768866228142827
1.8062500000000001,5539.607444633093,-9.626521373002816e-06,5.031837035381244e-05,5.031837035381244e-05,5.27724213840624e-10,-0.04813260686501408
1.8125,5544.442150111287,-9.712771842823194e-06,5.0031344564193396e-05,5.0031344564193396e-05,5.245048543871031e-10,-0.04856385921411597
1.81875,5549.130625831555,-9.796413594205117e-06,4.974465018994297e-05,4.974465018994297e-05,5.212577713478357e-10,-0.048982067971025584
1.8250000000000002,5553.668881566447,-9.877375442049198e-06,4.945830591664191e-05,4.945830591664191e-05,5.179838529937427e-10,-0.04938687721024599
1.83125,5558.052882585528,-9.955585407329104e-06,4.9172329894925873e-05,4.9172329894925873e-05,5.14684011453647e-10,-0.04977792703664552
1.8375000000000001,5562.278557212942,-1.0030970851916159e-05,4.8886739750979446e-05,4.8886739750979446e-05,5.113591829327371e-10,-0.05015485425958079
1.84375,5566.341805257902,-1.0103458628979737e-05,4.8601552597115776e-05,4.8601552597115776e-05,5.080103278811796e-10,-0.05051729314489869
1.85,5570.238507333344,-1.0172975249231461e-05,4.8316785042341974e-05,4.8316785042341974e-05,5.04638431107629e-10,-0.050864876246157306
1.8562500000000002,5573.964535070766,-1.0239447063153614e-05,4.8032453202832545e-05,4.8032453202832545e-05,5.012445018323369e-10,-0.051197235315768065
1.8625,5577.51576223067,-1.0302800459210814e-05,4.774857271225804e-05,4.774857271225804e-05,4.97829573674562e-10,-0.051514002296054066
1.8687500000000001,5580.888076700506,-1.0362962077889994e-05,4.746515873194146e-05,4.746515873194146e-05,4.943947045690362e-10,-0.05181481038944997
1.875,5584.077393361787,-1.0419859041247854e-05,4.718222596083883e-05,4.718222596083883e-05,4.909409766063451e-10,-0.05209929520623927
1.88125,5587.079667798486,-1.0473419197468416e-05,4.689978864536208e-05,4.689978864536208e-05,4.874694957922486e-10,-0.05236709598734208
1.8875000000000002,5589.89091080869,-1.0523571379747672e-05,4.661786058907915e-05,4.661786058907915e-05,4.839813917211922e-10,-0.05261785689873836
1.89375,5592.5072036702195,-1.0570245678629528e-05,4.633645516233917e-05,4.633645516233917e-05,4.804778171595515e-10,-0.05285122839314764
1.9000000000000001,5594.9247141,-1.0613373726718944e-05,4.605558531187804e-05,4.605558531187804e-05,4.769599475345061e-10,-0.05306686863359472
1.90625,5597.139712835644,-1.0652888994497477e-05,4.577526357046184e-05,4.577526357046184e-05,4.734289803248639e-10,-0.05326444497248738
1.9125,5599.148590756995,-1.0688727095764961e-05,4.549550206662416e-05,4.549550206662416e-05,4.698861343506447e-10,-0.0534436354788248
1.9187500000000002,5600.947876452895,-1.0720826101032618e-05,4.521631253454649e-05,4.521631253454649e-05,4.663326489587875e-10,-0.05360413050516309
1.925,5602.534254129401,-1.074912685699962e-05,4.493770632412205e-05,4.493770632412205e-05,4.627697831029662e-10,-0.053745634284998095
1.9312500000000001,5603.904581743679,-1.0773573310060792e-05,4.465969441123236e-05,4.465969441123236e-05,4.591988143161751e-10,-0.05386786655030396
1.9375,5605.055909239177,-1.0794112831620602e-05,4.438228740825301e-05,4.438228740825301e-05,4.556210375754884e-10,-0.05397056415810301
1.94375,5605.98549674873,-1.081069654283127e-05,4.4105495574792824e-05,4.4105495574792824e-05,4.520377640591825e-10,-0.05405348271415635
1.9500000000000002,5606.690832623829,-1.082327963623396e-05,4.382932882865936e-05,4.382932882865936e-05,4.4845031979724843e-10,-0.0541163981811698
1.95625,5607.169651142393,-1.0831821691664868e-05,4.3553796757033134e-05,4.3553796757033134e-05,4.448600442171954e-10,-0.05415910845832434
1.9625000000000001,5607.41994974237,-1.0836286983695364e-05,4.327890862782565e-05,4.327890862782565e-05,4.412682885879511e-10,-0.054181434918476816
1.96875,5607.440005623466,-1.0836644777810587e-05,4.300467340119092e-05,4.300467340119092e-05,4.376764143655919e-10,-0.05418322388905293
1.975,5607.228391559631,-1.0832869612495792e-05,4.2731099741157846e-05,4.2731099741157846e-05,4.340857914455737e-10,-0.05416434806247896
1.9812500000000002,5606.783990762113,-1.0824941564397459e-05,4.245819602735104e-05,4.245819602735104e-05,4.3049779632707363e-10,-0.0541247078219873
1.9875,5606.106010637465,-1.0812846493757796e-05,4.218597036677081e-05,4.218597036677081e-05,4.2691381019598053e-10,-0.05406423246878898
1.9937500000000001,5605.193995285863,-1.079657626738851e-05,4.1914430605607776e-05,4.1914430605607776e-05,4.2333521693397985e-10,-0.05398288133694255
2.0,5604.047836593467,-1.0776128956553711e-05,4.1643584341074796e-05,4.1643584341074796e-05,4.197634010620487e-10,-0.05388064478276856
2.00625,5602.667783778535,-1.0751509007272156e-05,4.1373438933246546e-05,4.1373438933246546e-05,4.1619974562750316e-10,-0.05375754503636078
2.0125,5601.054451261925,-1.0722727380726428e-05,4.1104001516905984e-05,4.1104001516905984e-05,4.1264563004450644e-10,-0.05361363690363214
2.0187500000000003,5599.208824744387,-1.0689801661679363e-05,4.0835279013405436e-05,4.0835279013405436e-05,4.091024278986411e-10,-0.053449008308396814
2.025,5597.132265386465,-1.0652756133045115e-05,4.0567278142558254e-05,4.0567278142558254e-05,4.055715047267648e-10,-0.05326378066522558
2.03125,5594.826512003227,-1.061162181504146e-05,4.030000543458435e-05,4.030000543458435e-05,4.020542157838884e-10,-0.053058109075207305
2.0375,5592.293681202602,-1.0566436467658274e-05,4.003346724213864e-05,4.003346724213864e-05,3.985519038092362e-10,-0.052832182338291366
2.04375,5589.536265415372,-1.0517244555511576e-05,3.976766975245583e-05,3.976766975245583e-05,3.950658968039552e-10,-0.05258622277755788
2.0500000000000003,5586.557128784337,-1.0464097174509232e-05,3.950261899964777e-05,3.950261899964777e-05,3.9159750583313153e-10,-0.05232048587254616
2.05625,5583.359500901934,-1.0407051940128302e-05,3.9238320877190086e-05,3.9238320877190086e-05,3.881480228648384e-10,-0.05203525970064151
2.0625,5579.946968406282,-1.0346172837491263e-05,3.897478115063418e-05,3.897478115063418e-05,3.8471871865887675e-10,-0.051730864187456316
2.06875,5576.32346446857,-1.0281530033822808e-05,3.871200547057816e-05,3.871200547057816e-05,3.8131084071767867e-10,-0.05140765016911404
2.075,5572.493256226679,-1.0213199654265516e-05,3.844999938592658e-05,3.844999938592658e-05,3.7792561131151776e-10,-0.05106599827132758
2.0812500000000003,5568.46093024149,-1.014126352242563e-05,3.818876835746391e-05,3.818876835746391e-05,3.7456422558971763e-10,-0.05070631761212815
2.0875,5564.23137607502,-1.006580886740356e-05,3.792831777176115e-05,3.792831777176115e-05,3.7122784978896664e-10,-0.050329044337017806
2.09375,5559.809768108061,-9.986927999431842e-06,3.766865295542908e-05,3.766865295542908e-05,3.6791761954914475e-10,-0.049934639997159205
2.1,5555.201545737623,-9.90471795659027e-06,3.7409779189725505e-05,3.7409779189725505e-05,3.6463463834624856e-10,-0.049523589782951356
2.10625,5550.412392108418,-9.819280125388542e-06,3.715170172551775e-05,3.715170172551775e-05,3.6137997605107704e-10,-0.04909640062694271
2.1125000000000003,5545.448211553218,-9.730719838295567e-06,3.689442579859647e-05,3.689442579859647e-05,3.5815466762131835e-10,-0.04865359919147783
2.11875,5540.315105926687,-9.639145951547293e-06,3.6637956645331516e-05,3.6637956645331516e-05,3.5495971193357494e-10,-0.048195729757736464
2.125,5535.019350033319,-9.544670406776902e-06,3.638229951865688e-05,3.638229951865688e-05,3.517960707606894e-10,-0.04772335203388451
2.13125,5529.567366355835,-9.44740778017929e-06,3.6127459704368086e-05,3.6127459704368086e-05,3.486646678985022e-10,-0.04723703890089646
2.1375,5523.965699300232,-9.347474823042935e-06,3.587344253771332e-05,3.587344253771332e-05,3.4556638844490337e-10,-0.046737374115214676
2.1437500000000003,5518.220989175697,-9.244989997554487e-06,3.5620253420257795e-05,3.5620253420257795e-05,3.4250207823274436e-10,-0.046224949987772435
2.15,5512.339946129502,-9.140073011803386e-06,3.536789783700049e-05,3.536789783700049e-05,3.3947254341687576e-10,-0.04570036505901693
2.15625,5506.329324255784,-9.032844357885249e-06,3.511638137372228e-05,3.511638137372228e-05,3.364785502142836e-10,-0.045164221789426244
2.1625,5500.195896092169,-8.923424856923874e-06,3.4865709734545554e-05,3.4865709734545554e-05,3.335208247950307e-10,-0.04461712428461937
2.16875,5493.946427710992,-8.811935214704114e-06,3.4615888759686424e-05,3.4615888759686424e-05,3.306000533204867e-10,-0.04405967607352057
2.1750000000000003,5487.587654602669,-8.698495591433355e-06,3.436692444338295e-05,3.436692444338295e-05,3.2771688212416304e-10,-0.04349247795716678
2.18125,5481.126258535916,-8.583225188931037e-06,3.4118822951984656e-05,3.4118822951984656e-05,3.2487191802937667e-10,-0.04291612594465519
2.1875,5474.568845565274,-8.466241858287434e-06,3.387159064219116e-05,3.387159064219116e-05,3.2206572879695773e-10,-0.04233120929143717
2.19375,5467.921925340253,-8.347661730738508e-06,3.362523407943056e-05,3.362523407943056e-05,3.1929884369530616e-10,-0.04173830865369254
2.2,5461.191891851162,-8.227598874178895e-06,3.3379760056371004e-05,3.3379760056371004e-05,3.165717541842993e-10,-0.04113799437089447
2.2062500000000003,5454.38500572873,-8.106164977384467e-06,3.313517561156146e-05,3.313517561156146e-05,3.138849147038655e-10,-0.040530824886922334
2.2125,5447.50737819186,-7.983469063646165e-06,3.289148804820115e-05,3.289148804820115e-05,3.1123874355747616e-10,-0.039917345318230824
2.21875,5440.564956718145,-7.859617235133088e-06,3.264870495303987e-05,3.264870495303987e-05,3.0863362388036996e-10,-0.03929808617566544
2.225,5433.563512488878,-7.734712448912272e-06,3.240683421541444e-05,3.240683421541444e-05,3.0606990468201657e-10,-0.03867356224456136
2.23125,5426.508629638408,-7.608854325160696e-06,3.216588404642989e-05,3.216588404642989e-05,3.0354790195215013e-10,-0.03804427162580348
2.2375000000000003,5419.405696316618,-7.482138987718465e-06,3.1925862998297075e-05,3.1925862998297075e-05,3.01067899819652e-10,-0.03741069493859232
2.24375,5412.259897551329,-7.354658936756501e-06,3.168677998384173e-05,3.168677998384173e-05,2.9863015175363885e-10,-0.03677329468378251
2.25,5405.076209878061,-7.226502952973216e-06,3.144864429620345e-05,3.144864429620345e-05,2.962348817963051e-10,-0.03613251476486608
2.25625,5397.85939768551,-7.097756032397491e-06,3.121146562874635e-05,3.121146562874635e-05,2.9388228581737575e-10,-0.035488780161987456
2.2625,5390.614011207573,-6.968499350564699e-06,3.097525409520686e-05,3.097525409520686e-05,2.9157253278043275e-10,-0.03484249675282349
2.2687500000000003,5383.344386076695,-6.838810254552439e-06,3.0740020250107445e-05,3.0740020250107445e-05,2.8930576601188173e-10,-0.0341940512727622
2.275,5376.054644340666,-6.7087622811163644e-06,3.0505775109468692e-05,3.0505775109468692e-05,2.8708210446390706e-10,-0.033543811405581825
2.28125,5368.748696831693,-6.578425198956782e-06,3.027253017185525e-05,3.027253017185525e-05,2.8490164396341764e-10,-0.03289212599478391
2.2875,5361.430246768362,-6.447865072975351e-06,3.0040297439794847e-05,3.0040297439794847e-05,2.8276445843969415e-10,-0.03223932536487675
2.29375,5354.102794462735,-6.317144348249438e-06,2.9809089441612098e-05,2.9809089441612098e-05,2.8067060112420283e-10,-0.03158572174124719
2.3000000000000003,5346.769643000072,-6.186321951359648e-06,2.9578919253721853e-05,2.9578919253721853e-05,2.786201057168233e-10,-0.030931609756798237
2.30625,5339.433904756173,-6.05545340665363e-06,2.934980052342903e-05,2.934980052342903e-05,2.766129875135402e-10,-0.030277267033268152
2.3125,5332.098508615133,-5.924590965015123e-06,2.9121747492283895e-05,2.9121747492283895e-05,2.7464924449145326e-10,-0.029622954825075615
2.31875,5324.766207753588,-5.793783742729674e-06,2.8894775020043152e-05,2.8894775020043152e-05,2.727288583477599e-10,-0.02896891871364837
2.325,5317.439587858677,-5.663077868095171e-06,2.866889860928813e-05,2.866889860928813e-05,2.708517954901423e-10,-0.028315389340475852
2.3312500000000003,5310.121075653571,-5.532516633513385e-06,2.844413443075189e-05,2.844413443075189e-05,2.690180079767432e-10,-0.027662583167566923
2.3375,5302.812947609657,-5.402140650914775e-06,2.822049934940688e-05,2.822049934940688e-05,2.672274344046251e-10,-0.027010703254573873
2.34375,5295.517338732925,-5.271988008509087e-06,2.7998010951364197e-05,2.7998010951364197e-05,2.654800007462731e-10,-0.026359940042545438
2.35,5288.236251321551,-5.142094427015085e-06,2.7776687571634403e-05,2.7776687571634403e-05,2.63775621134315e-10,-0.025710472135075428
2.35625,5280.971563600259,-5.012493413699559e-06,2.7556548322798487e-05,2.7556548322798487e-05,2.6211419859518384e-10,-0.025062467068497796
2.3625000000000003,5273.725038149159,-4.8832164127448434e-06,2.733761312463555e-05,2.733761312463555e-05,2.604956257329401e-10,-0.024416082063724216
2.36875,5266.498330054633,-4.754292950660852e-06,2.711990273475182e-05,2.711990273475182e-05,2.589197853648965e-10,-0.023771464753304262
2.375,5259.292994721853,-4.6257507756582925e-06,2.690343878025336e-05,2.690343878025336e-05,2.5738655111104637e-10,-0.023128753878291462
2.38125,5252.110495299211,-4.4976159901003655e-06,2.6688243790502494e-05,2.6688243790502494e-05,2.5589578793959026e-10,-0.022488079950501828
2.3875,5244.952209676447,-4.369913175347099e-06,2.6474341230995765e-05,2.6474341230995765e-05,2.5444735267108197e-10,-0.021849565876735495
2.3937500000000003,5237.819437028431,-4.242665508496461e-06,2.626175553839902e-05,2.626175553839902e-05,2.5304109444388e-10,-0.021213327542482306
2.4000000000000004,5230.713403887088,-4.1158948707064e-06,2.6050512156773534e-05,2.6050512156773534e-05,2.516768551436953e-10,-0.020579474353532
2.40625,5223.635269733043,-3.989621946949631e-06,2.5840637575025317e-05,2.5840637575025317e-05,2.50354469800074e-10,-0.019948109734748157
2.4125,5216.586132107423,-3.863866317206119e-06,2.5632159365608815e-05,2.5632159365608815e-05,2.4907376695265457e-10,-0.019319331586030594
2.41875,5209.567031251551,-3.738646539235303e-06,2.5425106224515317e-05,2.5425106224515317e-05,2.4783456898998916e-10,-0.018693232696176513
2.4250000000000003,5202.578954289314,-3.613980223189942e-06,2.5219508012576203e-05,2.5219508012576203e-05,2.4663669246363366e-10,-0.01806990111594971
2.4312500000000004,5195.622838972791,-3.4898840984352864e-06,2.5015395798111395e-05,2.5015395798111395e-05,2.4547994838009054e-10,-0.017449420492176432
2.4375,5188.699577015716,-3.3663740730209547e-06,2.4812801900953882e-05,2.4812801900953882e-05,2.443641424730388e-10,-0.016831870365104775
2.44375,5181.810017044296,-3.2434652863184094e-06,2.4611759937882355e-05,2.4611759937882355e-05,2.4328907545811745e-10,-0.016217326431592047
2.45,5174.954967195823,-3.1211721553849174e-06,2.4412304869495096e-05,2.4412304869495096e-05,2.422545432723409e-10,-0.015605860776924586
2.4562500000000003,5168.1351973993,-2.9995084156460244e-06,2.4214473048559812e-05,2.4214473048559812e-05,2.4126033730003023e-10,-0.014997542078230121
2.4625000000000004,5161.351441371408,-2.878487156504206e-06,2.4018302269875477e-05,2.4018302269875477e-05,2.4030624458694156e-10,-0.014392435782521031
2.46875,5154.604398362151,-2.7581208524826548e-06,2.382383182168347e-05,2.382383182168347e-05,2.3939204804407165e-10,-0.013790604262413273
2.475,5147.894734683991,-2.638421390501728e-06,2.3631102538666283e-05,2.3631102538666283e-05,2.3851752664242253e-10,-0.01319210695250864
2.48125,5141.223085056102,-2.5194000938631865e-06,2.3440156856572143e-05,2.3440156856572143e-05,2.376824555998166e-10,-0.012597000469315932
2.4875000000000003,5134.590053794784,-2.4010677434855847e-06,2.3251038868503385e-05,2.3251038868503385e-05,2.3688660656067275e-10,-0.012005338717427923
2.4937500000000004,5127.996215878025,-2.2834345968949625e-06,2.3063794382904457e-05,2.3063794382904457e-05,2.361297477694882e-10,-0.011417172984474812
2.5,5121.44211790976,-2.166510405430084e-06,2.2878470983282357e-05,2.2878470983282357e-05,2.354116442386175e-10,-0.01083255202715042
2.50625,5114.928279007407,-2.0503044300725033e-06,2.269511808968701e-05,2.269511808968701e-05,2.347320579108045e-10,-0.010251522150362517
2.5125,5108.45519163211,-1.9348254562605153e-06,2.2513787021972183e-05,2.2513787021972183e-05,2.340907478168041e-10,-0.009674127281302576
2.5187500000000003,5102.023322379443,-1.8200818079938864e-06,2.2334531064847876e-05,2.2334531064847876e-05,2.334874702283291e-10,-0.009100409039969433
2.5250000000000004,5095.633112744591,-1.7060813614846734e-06,2.215740553472295e-05,2.215740553472295e-05,2.32921978806472e-10,-0.008530406807423367
2.53125,5089.2849798735615,-1.592831558559548e-06,2.1982467848321404e-05,2.1982467848321404e-05,2.3239402474568508e-10,-0.00796415779279774
2.5375,5082.979317309404,-1.4803394199718487e-06,2.1809777593037232e-05,2.1809777593037232e-05,2.3190335691334765e-10,-0.007401697099859244
2.54375,5076.716495739822,-1.3686115587379782e-06,2.163939659897055e-05,2.163939659897055e-05,2.31449721984913e-10,-0.006843057793689891
2.5500000000000003,5070.496863750266,-1.2576541935733295e-06,2.147138901256175e-05,2.147138901256175e-05,2.3103286457460202e-10,-0.006288270967866647
2.5562500000000004,5064.320748584865,-1.147473162468148e-06,2.130582137171035e-05,2.130582137171035e-05,2.3065252736159696e-10,-0.00573736581234074
2.5625,5058.188456915973,-1.0380739364138446e-06,2.114276268223101e-05,2.114276268223101e-05,2.3030845121168544e-10,-0.0051903696820692225
2.56875,5052.1002756211265,-9.294616332654952e-07,2.098228449546061e-05,2.098228449546061e-05,2.3000037529430977e-10,-0.004647308166327476
2.575,5046.056472565824,-8.216410317064026e-07,2.082446098678721e-05,2.082446098678721e-05,2.2972803719498758e-10,-0.004108205158532013
2.5812500000000003,5040.057297389291,-7.14616585265623e-07,2.066936903482442e-05,2.066936903482442e-05,2.2949117302308617e-10,-0.003573082926328115
2.5875000000000004,5034.102982289887,-6.083924363289216e-07,2.051708830090271e-05,2.051708830090271e-05,2.2928951751495298e-10,-0.003041962181644608
2.59375,5028.1937428063075,-5.029724300773783e-07,2.0367701308493236e-05,2.0367701308493236e-05,2.2912280413242598e-10,-0.0025148621503868914
2.6,5022.329778591212,-3.983601282853427e-07,2.0221293522119342e-05,2.0221293522119342e-05,2.2899076515677055e-10,-0.0019918006414267136
2.60625,5016.51127417276,-2.945588229102206e-07,2.0077953425246997e-05,2.0077953425246997e-05,2.2889313177811205e-10,-0.0014727941145511031
2.6125000000000003,5010.7383997012985,-1.9157154941002967e-07,1.9937772596577703e-05,1.9937772596577703e-05,2.2882963418045414e-10,-0.0009578577470501483
2.6187500000000004,5005.011311677238,-8.940109973037526e-08,1.9800845784096653e-05,1.9800845784096653e-05,2.2880000162239248e-10,-0.00044700549865187635
2.625,4999.330153657667,1.19499650901246e-08,1.9667270976155665e-05,1.9667270976155665e-05,2.2880396251365036e-10,5.9749825450623e-05
2.63125,4993.6950569392475,1.1247930273840065e-07,1.9537149468794983e-05,1.9537149468794983e-05,2.2884124448757668e-10,0.0005623965136920033
2.6375,4988.106141215198,2.1218477790261605e-07,1.941058592843121e-05,1.941058592843121e-05,2.2891157446975768e-10,0.0010609238895130802
2.6437500000000003,4982.563515205817,3.110644510286389e-07,1.9287688448961346e-05,1.9287688448961346e-05,2.2901467874290225e-10,0.0015553222551431946
2.6500000000000004,4977.06727726084,4.09116567571457e-07,1.916856860225564e-05,1.916856860225564e-05,2.2915028300816421e-10,0.002045582837857285
2.65625,4971.617515933833,5.063395477467226e-07,1.9053341480935866e-05,1.9053341480935866e-05,2.2931811244306796e-10,0.0025316977387336128
2.6625,4966.214310529005,6.027319767792969e-07,1.894212573226169e-05,1.894212573226169e-05,2.295178917562017e-10,0.0030136598838964843
2.66875,4960.857731620391,6.982925956381921e-07,1.88350435818769e-05,1.88350435818769e-05,2.2974934523883988e-10,0.0034914629781909604
2.6750000000000003,4955.547841544901,7.930202922409491e-07,1.8732220846100735e-05,1.8732220846100735e-05,2.3001219681365025e-10,0.003965101461204746
2.6812500000000004,4950.284694870405,8.869140931052205e-07,1.8633786931388412e-05,1.8633786931388412e-05,2.3030617008063367e-10,0.004434570465526103
2.6875,4945.0683388399575,9.799731554212173e-07,1.853987481953054e-05,1.853987481953054e-05,2.306309883604364e-10,0.004899865777106087
2.69375,4939.898813794294,1.0721967595157625e-06,1.845062103711463e-05,1.845062103711463e-05,2.3098637473516443e-10,0.005360983797578813
2.7,4934.776153574043,1.1635843016768902e-06,1.836616560773474e-05,1.836616560773474e-05,2.313720520868197e-10,0.005817921508384451
2.7062500000000003,4929.70038590349,1.254135287307133e-06,1.8286651985408652e-05,1.8286651985408652e-05,2.3178774313346668e-10,0.0062706764365356655
2.7125000000000004,4924.671532757724,1.3438493243738335e-06,1.8212226967647274e-05,1.8212226967647274e-05,2.322331704632281e-10,0.006719246621869167
2.71875,4919.689610714889,1.4327261171257736e-06,1.8143040586619493e-05,1.8143040586619493e-05,2.3270805656619813e-10,0.007163630585628868
2.725,4914.754631294973,1.5207654600470728e-06,1.8079245976868696e-05,1.8079245976868696e-05,2.3321212386435135e-10,0.007603827300235364
2.73125,4909.866601287105,1.607967232021516e-06,1.8020999218066e-05,1.8020999218066e-05,2.337450947395177e-10,0.00803983616010758
2.7375000000000003,4905.0255230660705,1.6943313906830168e-06,1.7968459151330812e-05,1.7968459151330812e-05,2.343066915594845e-10,0.008471656953415084
2.7437500000000004,4900.231394899806,1.7798579669307974e-06,1.7921787167713204e-05,1.7934221336389468e-05,2.348966367022809e-10,0.008899289834653988
2.75,4895.484211248748,1.8645470595908252e-06,1.7881146967515046e-05,1.797281521060822e-05,2.355146525786925e-10,0.009322735297954125
2.75625,4890.783963057569,1.948398830208009e-06,1.7846704289229677e-05,1.8022195368725447e-05,2.3616046165305e-10,0.009741994151040044
2.7625,4886.13063804065,2.0314134979565787e-06,1.7818626607002777e-05,1.808012096646415e-05,2.368337864623308e-10,0.010157067489782894
2.7687500000000003,4881.524220961205,2.1135913346587757e-06,1.7797082795661477e-05,1.8143166412647777e-05,2.375343496336094e-10,0.010567956673293879
2.7750000000000004,4876.964693904822,2.194932659904464e-06,1.778224276252438e-05,1.8211414879510384e-05,2.3826187389989046e-10,0.01097466329952232
2.78125,4872.452036547796,2.275437836266495e-06,1.7774277045392567e-05,1.8286166606280313e-05,2.3901608211435567e-10,0.011377189181332476
2.7875,4867.986226419997,2.3551072646084917e-06,1.777335637633027e-05,1.836670232515803e-05,2.397966972630555e-10,0.011775536323042459
2.79375,4863.567239162882,2.4339413794833055e-06,1.7779651211074096e-05,1.845108368738877e-05,2.4060344247607577e-10,0.012169706897416527
2.8000000000000003,4859.1950487824,2.511940644621588e-06,1.7793331224160015e-05,1.8539224561207767e-05,2.414360410372086e-10,0.01255970322310794
2.8062500000000004,4854.86962789673,2.589105548510811e-06,1.7814564770127423e-05,1.8631037804136613e-05,2.422942163921584e-10,0.012945527742554055
2.8125,4850.5909479790735,2.6654366000656553e-06,1.7843518311448233e-05,1.8726435587490827e-05,2.4317769215531274e-10,0.013327183000328277
2.81875,4846.358979595021,2.740934324391e-06,1.7880355814134224e-05,1.8825329715312904e-05,2.440861921151083e-10,0.013704671621955
2.825,4842.1736926349395,2.8155992586388554e-06,1.7925238112296433e-05,1.892763193563981e-05,2.4501944023802426e-10,0.014077996293194277
2.8312500000000003,4838.035056540813,2.8894319479604436e-06,1.7978322243263628e-05,1.9033254242126618e-05,2.4597716067123357e-10,0.014447159739802219
2.8375000000000004,4833.9430405277035,2.962432941554384e-06,1.8039760755210785e-05,1.9142109164178996e-05,2.469590777439446e-10,0.01481216470777192
2.84375,4829.897613799908,3.0346027888115953e-06,1.8109700989599743e-05,1.9254110043894823e-05,2.479649159674647e-10,0.015173013944057977
2.85,4825.898745761628,3.1059420355570782e-06,1.81882843410902e-05,1.9369171298276792e-05,2.489944000340185e-10,0.015529710177785391
2.85625,4821.946406222159,3.1764512203882783e-06,1.827564549793622e-05,1.948720866535113e-05,2.5004725481435203e-10,0.01588225610194139
2.8625000000000003,4818.040565595872,3.246130871109295e-06,1.8371911666237955e-05,1.9608139433010266e-05,2.5112320535415533e-10,0.016230654355546475
2.8687500000000004,4814.181195096669,3.314981501259727e-06,1.8477201781766476e-05,1.973290541956649e-05,2.522219768693344e-10,0.016574907506298635
2.875,4810.368266927412,3.3830036067366245e-06,1.8591625713417113e-05,1.9863204227818335e-05,2.5334329474016346e-10,0.016915018033683123
2.88125,4806.601754464173,3.4501976625076614e-06,1.8715283462669827e-05,1.999705529386867e-05,2.5448688450434774e-10,0.017250988312538306
2.8875,4802.881632435372,3.5165641194134163e-06,1.8848264363738718e-05,2.0133987968365354e-05,2.5565247184902643e-10,0.017582820597067082
2.8937500000000003,4799.2078770963235,3.5821034010565364e-06,1.8990646289373024e-05,2.027443612856975e-05,2.568397826017445e-10,0.01791051700528268
2.9000000000000004,4795.580466398734,3.646815900775416e-06,1.9142494867524113e-05,2.0418389082049463e-05,2.580485427204213e-10,0.01823407950387708
2.90625,4791.999380155744,3.710701978700104e-06,1.9303862714312543e-05,2.0565276656728156e-05,2.5927847828234375e-10,0.01855350989350052
2.9125,4788.464600202576,3.773761958888185e-06,1.947478868891197e-05,2.0715020760103747e-05,2.605293154722095e-10,0.018868809794440923
2.91875,4784.976110552648,3.835996126538524e-06,1.965529717610854e-05,2.0867545481758665e-05,2.6180078056924737e-10,0.01917998063269262
2.9250000000000003,4781.5338975494415,3.8974047252809535e-06,1.9845397402390947e-05,2.102662810538375e-05,2.630925999334386e-10,0.019487023626404767
2.9312500000000004,4778.1379500143175,3.957987954540175e-06,2.0045082791474596e-05,2.1190065520145582e-05,2.6440449999086516e-10,0.019789939772700875
2.9375,4774.78825939031,4.017745966972418e-06,2.0254330365159406e-05,2.13596509804416e-05,2.6573620721820786e-10,0.020088729834862092
2.94375,4771.484819881618,4.076678865973571e-06,2.0473100195362232e-05,2.1532259857305775e-05,2.670874481264187e-10,0.020383394329867858
2.95,4768.227628589444,4.134786703257788e-06,2.0701334913049158e-05,2.1707813481025072e-05,2.684579492435907e-10,0.02067393351628894
2.9562500000000003,4765.016685643787,4.192069476505735e-06,2.0938959279618246e-05,2.1887209353122175e-05,2.6984743709704803e-10,0.020960347382528676
2.9625000000000004,4761.851994331422,4.248527127081848e-06,2.1185879826048684e-05,2.2077801566428465e-05,2.712556381946799e-10,0.02124263563540924
2.96875,4758.733561220004,4.304159537820102e-06,2.144198456483696e-05,2.2272362348157487e-05,2.726822790055399e-10,0.02152079768910051
2.975,4755.661396278383,4.3589665308778925e-06,2.1707142779384823e-05,2.247192838390782e-05,2.741270859397347e-10,0.021794832654389463
2.98125,4752.635512993068,4.412947865657677e-06,2.1981204895088934e-05,2.2675819170766327e-05,2.7558978532762344e-10,0.022064739328288386
2.9875000000000003,4749.655928480938,4.466103236796068e-06,2.2264002435909105e-05,2.288849670133324e-05,2.770701033983505e-10,0.02233051618398034
2.9937500000000004,4746.722663598303,4.51843227222001e-06,2.2555348069664105e-05,2.3110218000229353e-05,2.7856776625773435e-10,0.02259216136110005
3.0,4743.835743046043,4.5699345312696064e-06,2.285503574472418e-05,2.33354997168744e-05,2.8008249986553404e-10,0.022849672656348033
3.00625,4740.995195471091,4.620609502887075e-06,2.316284092014198e-05,2.3573771243877406e-05,2.816140300121152e-10,0.023103047514435374
3.0125,4738.201053564337,4.670456603871161e-06,2.347852089059318e-05,2.3819823311693052e-05,2.8316208229453775e-10,0.023352283019355807
3.0187500000000003,4735.45335415492,4.719475177196187e-06,2.3801815206790454e-05,2.4074387644008127e-05,2.8472638209208635e-10,0.023597375885980935
3.0250000000000004,4732.752138300687,4.76766449039474e-06,2.4132446191296325e-05,2.434178411253541e-05,2.8630665454126466e-10,0.0238383224519737
3.03125,4730.097451375594,4.81502373400285e-06,2.4470119548897807e-05,2.462026395757031e-05,2.8790262451027446e-10,0.02407511867001425
3.0375,4727.489343153207,4.861552020066252e-06,2.4814525069927306e-05,2.4912444544908915e-05,2.8951401657299944e-10,0.02430776010033126
3.04375,4724.92786788728,4.907248380706257e-06,2.516533742412726e-05,2.5219925603016498e-05,2.9114055498251385e-10,0.024536241903531285
3.0500000000000003,4722.413084388726,4.952111766743485e-06,2.5522217041869022e-05,2.554438595762977e-05,2.9278196364413477e-10,0.024760558833717423
3.0562500000000004,4719.945056099796,4.996141046377632e-06,2.588481107875845e-05,2.5887837146128007e-05,2.94437966088037e-10,0.02498070523188816
3.0625,4717.52385116495,5.039335003921268e-06,2.625275445890034e-05,2.625275445890034e-05,2.96108285441448e-10,0.02519667501960634
3.06875,4715.149542498936,5.0816923385855555e-06,2.6625670991359924e-05,2.6625670991359924e-05,2.977926444004406e-10,0.025408461692927778
3.075,4712.82220785203,5.1232116633156985e-06,2.7003174553661576e-05,2.7003174553661576e-05,2.994907652013396e-10,0.025616058316578493
3.0812500000000003,4710.541929872756,5.163891503673868e-06,2.7384870335510852e-05,2.7384870335510852e-05,3.0120236959175805e-10,0.02581945751836934
3.0875000000000004,4708.308796167923,5.203730296767253e-06,2.777035613532446e-05,2.777035613532446e-05,3.0292717880127835e-10,0.026018651483836266
3.09375,4706.122899360242,5.242726390218935e-06,2.815922370161213e-05,2.815922370161213e-05,3.0466491351179215e-10,0.026213631951094676
3.1,4703.984337143889,5.280878041179235e-06,2.8551060110781314e-05,2.8551060110781314e-05,3.064152938275126e-10,0.026404390205896175
3.10625,4701.893212337655,5.318183415375169e-06,2.8945449172537203e-05,2.8945449172537203e-05,3.081780392446715e-10,0.026590917076875848
3.1125000000000003,4699.849632936261,5.3546405861957646e-06,2.9341972853732823e-05,2.9341972853732823e-05,3.099528686209133e-10,0.02677320293097882
3.1187500000000004,4697.853712159736,5.390247533810928e-06,2.9740212711291326e-05,2.9740212711291326e-05,3.1173950014439694e-10,0.02695123766905464
3.125,4695.905568501162,5.425002144321686e-06,3.013975132467938e-05,3.013975132467938e-05,3.1353765130261633e-10,0.02712501072160843
3.13125,4694.005325772499,5.45890220893963e-06,3.0540173718359836e-05,3.0540173718359836e-05,3.1534703885094857e-10,0.02729451104469815
3.1375,4692.153113149143,5.491945423193473e-06,3.0941068764694785e-05,3.0941068764694785e-05,3.171673787809391e-10,0.027459727115967367
3.1437500000000003,4690.349065213039,5.524129386160738e-06,3.1342030557907684e-05,3.1342030557907684e-05,3.1899838628833264e-10,0.02762064693080369
3.1500000000000004,4688.593321994348,5.5554515997225656e-06,3.174265974994478e-05,3.174265974994478e-05,3.2083977574085644e-10,0.027777257998612827
3.15625,4686.886029012081,5.58590946783983e-06,3.214256483939961e-05,3.214256483939961e-05,3.226912606457644e-10,0.027929547339199147
3.1625,4685.227337313607,5.615500295848723e-06,3.2541363405076565e-05,3.2541363405076565e-05,3.245525536171471e-10,0.028077501479243618
3.16875,4683.617403513123,5.644221289774103e-06,3.293868327626674e-05,3.293868327626674e-05,3.264233663430143e-10,0.028221106448870516
3.1750000000000003,4682.056389829224,5.672069555658956e-06,3.3334163632385205e-05,3.3334163632385205e-05,3.2830340955215566e-10,0.02836034777829478
3.1812500000000004,4680.544464121675,5.699042098908409e-06,3.3727456025268224e-05,3.3727456025268224e-05,3.3019239298078336e-10,0.028495210494542046
3.1875,4679.081799927487,5.725135823646823e-06,3.4118225318142536e-05,3.4118225318142536e-05,3.320900253389621e-10,0.028625679118234115
3.19375,4677.668576496186,5.750347532086628e-06,3.450615053605058e-05,3.450615053605058e-05,3.339960142768298e-10,0.028751737660433138
3.2,4676.304978824816,5.774673923907589e-06,3.4890925623333724e-05,3.4890925623333724e-05,3.359100663506124e-10,0.028873369619537948
3.2062500000000003,4674.991197691988,5.79811159564541e-06,3.527226010463306e-05,3.527226010463306e-05,3.378318869884361e-10,0.028990557978227048
3.2125000000000004,4673.72742969183,5.820657040088641e-06,3.564987964675149e-05,3.564987964675149e-05,3.397611804559398e-10,0.029103285200443207
3.21875,4672.51387726728,5.842306645683107e-06,3.602352651962308e-05,3.602352651962308e-05,3.4169764982169e-10,0.029211533228415534
3.225,4671.3507487431825,5.863056695943121e-06,3.63929599555436e-05,3.63929599555436e-05,3.4364099692240057e-10,0.029315283479715605
3.23125,4670.23825835884,5.882903368869105e-06,3.675795640672024e-05,3.675795640672024e-05,3.455909223279596e-10,0.029414516844345526
3.2375000000000003,4669.1766263004,5.90184273637135e-06,3.711830970208707e-05,3.711830970208707e-05,3.4754712530626493e-10,0.02950921368185675
3.2437500000000004,4668.16607873273,5.919870763699956e-06,3.7473831105196286e-05,3.7473831105196286e-05,3.4950930378787127e-10,0.029599353818499777
3.25,4667.206847831086,5.936983308881297e-06,3.7824349275822995e-05,3.7824349275822995e-05,3.5147715433045003e-10,0.029684916544406487
3.25625,4666.299171812175,5.9531761221616524e-06,3.8169710138704385e-05,3.8169710138704385e-05,3.534503720830649e-10,0.029765880610808263
3.2625,4665.443294965073,5.968444845458981e-06,3.850977666356377e-05,3.850977666356377e-05,3.554286507502658e-10,0.029842224227294906
3.2687500000000003,4664.639467681231,5.9827850118242694e-06,3.8844428561238536e-05,3.8844428561238536e-05,3.574116825560043e-10,0.029913925059121348
3.2750000000000004,4663.887946484175,5.996192044914254e-06,3.9173561901331066e-05,3.9173561901331066e-05,3.593991582073742e-10,0.029980960224571272
3.28125,4663.188994058173,6.008661258477751e-06,3.949708865732848e-05,3.949708865732848e-05,3.613907668581816e-10,0.030043306292388754
3.2875,4662.542879276233,6.020187855858409e-06,3.981493618558462e-05,3.981493618558462e-05,3.633861960723508e-10,0.030100939279292045
3.29375,4661.949877226749,6.030766929517118e-06,4.012704664492382e-05,4.012704664492382e-05,3.6538513178717136e-10,0.030153834647585594
3.3000000000000003,4661.410269239057,6.0403934605779655e-06,4.043337636390698e-05,4.043337636390698e-05,3.673872582763946e-10,0.030201967302889828
3.3062500000000004,4660.924342907304,6.049062318402103e-06,4.0733895162996786e-05,4.0733895162996786e-05,3.693922581131894e-10,0.030245311592010514
3.3125,4660.492392112401,6.056768260194621e-06,4.102858563896896e-05,4.102858563896896e-05,3.7139981213296706e-10,0.030283841300973103
3.31875,4660.114717042011,6.063505930650113e-06,4.1317442418943085e-05,4.1317442418943085e-05,3.734095993960893e-10,0.030317529653250564
3.325,4659.791624207763,6.069269861643269e-06,4.1600471391350983e-05,4.1600471391350983e-05,3.7542129715047325e-10,0.030346349308216346
3.3312500000000003,4659.523426459819,6.074054471971634e-06,4.1877688921027185e-05,4.1877688921027185e-05,3.774345807941112e-10,0.030370272359858168
3.3375000000000004,4659.310442997784,6.077854067158253e-06,4.214912105539871e-05,4.214912105539871e-05,3.794491238375252e-10,0.030389270335791266
3.34375,4659.15299937806,6.080662839322838e-06,4.2414802728475736e-05,4.2414802728475736e-05,3.8146459786617874e-10,0.030403314196614187
3.35,4659.05142751664,6.082474867130718e-06,4.267477696900687e-05,4.267477696900687e-05,3.8348067250287166e-10,0.030412374335653587
3.35625,4659.006065686997,6.0832841158297415e-06,4.2929094118769705e-05,4.2929094118769705e-05,3.854970153701471e-10,0.030416420579148708
3.3625000000000003,4659.017258512569,6.083084437386061e-06,4.317781106652602e-05,4.317781106652602e-05,3.875132920527437e-10,0.030415422186930306
3.3687500000000004,4659.085356952943,6.081869570730581e-06,4.3420990502689615e-05,4.3420990502689615e-05,3.8952916606012915e-10,0.030409347853652905
3.375,4659.210718282973,6.079633142128686e-06,4.365870019924127e-05,4.365870019924127e-05,3.915442987891568e-10,0.03039816571064343
3.38125,4659.393706064593,6.076368665686831e-06,4.389101231888761e-05,4.389101231888761e-05,3.9355834948688955e-10,0.030381843328434157
3.3875,4659.634690109835,6.072069544010298e-06,4.411800275690745e-05,4.411800275690745e-05,3.9557097521364236e-10,0.03036034772005149
3.3937500000000003,4659.934046434623,6.066729069027528e-06,4.4339750518567606e-05,4.4339750518567606e-05,3.975818308062975e-10,0.03033364534513764
3.4000000000000004,4660.292157202304,6.060340422997214e-06,4.455633713442952e-05,4.455633713442952e-05,3.995905688419539e-10,0.03030170211498607
3.40625,4660.709410656087,6.052896679715407e-06,4.476784611531373e-05,4.476784611531373e-05,4.0159683960197653e-10,0.030264483398577034
3.4125,4661.1862010390305,6.0443908059407195e-06,4.497436244815027e-05,4.497436244815027e-05,4.0360029103651824e-10,0.030221954029703596
3.41875,4661.722928500965,6.034815663056857e-06,4.517597213342426e-05,4.517597213342426e-05,4.056005687295924e-10,0.030174078315284285
3.4250000000000003,4662.319998990704,6.02416400899256e-06,4.5372761764434143e-05,4.5372761764434143e-05,4.075973158647824e-10,0.030120820044962797
3.4312500000000004,4662.9778241330205,6.0124285004201765e-06,4.556481814811927e-05,4.556481814811927e-05,4.0959017319167915e-10,0.030062142502100882
3.4375,4663.696821088383,5.999601695255069e-06,4.57522279667895e-05,4.57522279667895e-05,4.1157877899314783e-10,0.029998008476275345
3.44375,4664.4774123947645,5.985676055479119e-06,4.593507747970379e-05,4.593507747970379e-05,4.1356276905352997e-10,0.029928380277395597
3.45,4665.320025789777,5.970643950312744e-06,4.6113452263102454e-05,4.6113452263102454e-05,4.155417766278971e-10,0.029853219751563718
3.4562500000000003,4666.225094011976,5.9544976597608435e-06,4.6287436986998276e-05,4.6287436986998276e-05,4.175154324124798e-10,0.029772488298804217
3.4625000000000004,4667.193054579588,5.937229378559329e-06,4.645711522677856e-05,4.645711522677856e-05,4.1948336451640445e-10,0.029686146892796646
3.46875,4668.224349545314,5.9188312205499126e-06,4.662256930746157e-05,4.662256930746157e-05,4.2144519843488076e-10,0.029594156102749562
3.475,4669.319425225465,5.899295223512086e-06,4.678388017828826e-05,4.678388017828826e-05,4.234005570239902e-10,0.02949647611756043
3.48125,4670.478731901769,5.87861335448234e-06,4.6941127315211233e-05,4.6941127315211233e-05,4.253490604772378e-10,0.0293930667724117
3.4875000000000003,4671.702723494218,5.856777515591822e-06,4.709438864876647e-05,4.709438864876647e-05,4.27290326304039e-10,0.029283887577959113
3.4937500000000004,4672.9918572029155,5.833779550454892e-06,4.724374051477767e-05,4.724374051477767e-05,4.2922396931032374e-10,0.02916889775227446
3.5,4674.3465931171595,5.8096112511420945e-06,4.7389257625344116e-05,4.7389257625344116e-05,4.3114960158145196e-10,0.029048056255710473
3.50625,4675.767393789976,5.784264365772339e-06,4.753101305759922e-05,4.753101305759922e-05,4.330668324676457e-10,0.028921321828861694
3.5125,4677.2547237758135,5.757730606760145e-06,4.766907825779388e-05,4.766907825779388e-05,4.349752685721545e-10,0.028788653033800727
3.5187500000000003,4678.809049129279,5.730001659754891e-06,4.7803523058353055e-05,4.7803523058353055e-05,4.368745137423839e-10,0.028650008298774458
3.5250000000000004,4680.430836863429,5.701069193310194e-06,4.793441570567177e-05,4.793441570567177e-05,4.3876416906422924e-10,0.028505345966550973
3.53125,4682.120554364365,5.670924869322382e-06,4.8061822896554527e-05,4.8061822896554527e-05,4.406438328598686e-10,0.02835462434661191
3.5375,4683.878668760997,5.639560354278062e-06,4.818580982135493e-05,4.818580982135493e-05,4.425131006892846e-10,0.028197801771390307
3.54375,4685.705646246721,5.606967331351533e-06,4.8306440212037546e-05,4.8306440212037546e-05,4.443715653557956e-10,0.028034836656757666
3.5500000000000003,4687.601951351477,5.573137513393561e-06,4.842377639355698e-05,4.842377639355698e-05,4.4621881691589204e-10,0.027865687566967806
3.5562500000000004,4689.56804616134,5.538062656853545e-06,4.853787933712697e-05,4.853787933712697e-05,4.4805444269368755e-10,0.02769031328426773
3.5625,4691.604389483353,5.501734576677526e-06,4.8648808714130675e-05,4.8648808714130675e-05,4.498780273003081e-10,0.02750867288338763
3.56875,4693.711435953451,5.464145162224687e-06,4.875662294960092e-05,4.875662294960092e-05,4.516891526585566e-10,0.027320725811123436
3.575,4695.889635084636,5.425286394244967e-06,4.8861379274371016e-05,4.8861379274371016e-05,4.534873980332049e-10,0.027126431971224836
3.5812500000000003,4698.139430253661,5.385150362960163e-06,4.896313377516258e-05,4.896313377516258e-05,4.552723400672791e-10,0.02692575181480082
3.5875000000000004,4700.461257623075,5.343729287290284e-06,4.9061941442032937e-05,4.9061941442032937e-05,4.5704355282471726e-10,0.026718646436451422
3.59375,4702.855544997226,5.301015535266096e-06,4.9157856212750436e-05,4.9157856212750436e-05,4.5880060783979316e-10,0.02650507767633048
3.6,4705.322710609235,5.257001645667528e-06,4.925093101379962e-05,4.925093101379962e-05,4.6054307417371206e-10,0.02628500822833764
3.60625,4707.863161837195,5.211680350925997e-06,4.934121779783856e-05,4.934121779783856e-05,4.622705184787979e-10,0.026058401754629985
3.6125000000000003,4710.47729384759,5.165044601326662e-06,4.942876757753761e-05,4.942876757753761e-05,4.639825050707021e-10,0.02582522300663331
3.6187500000000004,4713.165488163882,5.1170875905440854e-06,4.95136304558214e-05,4.95136304558214e-05,4.656785960090767e-10,0.025585437952720426
3.625,4715.928111158712,5.067802782541839e-06,4.959585565261481e-05,4.959585565261481e-05,4.673583511871633e-10,0.025339013912709193
3.63125,4718.7655124680605,5.017183939862949e-06,4.967549152825823e-05,4.967549152825823e-05,4.69021328430759e-10,0.025085919699314747
3.6375,4721.678023326225,4.9652251533341016e-06,4.975258560380914e-05,4.975258560380914e-05,4.70667083607028e-10,0.02482612576667051
3.6437500000000003,4724.665954820463,4.9119208732017244e-06,4.982718457848571e-05,4.982718457848571e-05,4.722951707436339e-10,0.02455960436600862
3.6500000000000004,4727.729596064737,4.857265941712857e-06,4.989933434453526e-05,4.989933434453526e-05,4.739051421586706e-10,0.024286329708564286
3.65625,4730.869212292086,4.801255627147699e-06,4.996907999982655e-05,4.996907999982655e-05,4.754965486018736e-10,0.024006278135738496
3.6625,4734.085042865479,4.743885659304146e-06,5.0036465858471496e-05,5.0036465858471496e-05,4.770689394075928e-10,0.02371942829652073
3.66875,4737.377299207831,4.685152266427326e-06,5.0101535459779726e-05,5.0101535459779726e-05,4.786218626600064e-10,0.02342576133213663
3.6750000000000003,4740.746162651695,4.625052213569177e-06,5.016433157584031e-05,5.016433157584031e-05,4.801548653710486e-10,0.023125261067845883
3.6812500000000004,4744.191782210331,4.5635828423544325e-06,5.022489621800924e-05,5.022489621800924e-05,4.816674936715183e-10,0.022817914211772164
3.6875,4747.7142722715635,4.50074211212004e-06,5.028327064256143e-05,5.028327064256143e-05,4.83159293015824e-10,0.0225037105606002
3.69375,4751.313710217233,4.436528642384973e-06,5.033949535574121e-05,5.033949535574121e-05,4.846298084008046e-10,0.022182643211924865
3.7,4754.990133970986,4.370941756596738e-06,5.039361011841949e-05,5.039361011841949e-05,4.86078584599052e-10,0.021854708782983692
3.7062500000000003,4758.743539478187,4.303981527089521e-06,5.044565395053678e-05,5.044565395053678e-05,4.875051664071331e-10,0.021519907635447602
3.7125000000000004,4762.573878122174,4.235648821176984e-06,5.049566513548269e-05,5.049566513548269e-05,4.889090989090921e-10,0.021178244105884918
3.71875,4766.481054082138,4.165945348290276e-06,5.054368122453373e-05,5.054368122453373e-05,4.902899277555743e-10,0.02082972674145138
3.725,4770.464921637725,4.094873708058732e-06,5.058973904144295e-05,5.058973904144295e-05,4.916471994588887e-10,0.02047436854029366
3.73125,4774.52528242784,4.022437439217417e-06,5.063387468724915e-05,5.063387468724915e-05,4.929804617042806e-10,0.020112187196087084
3.7375000000000003,4778.661882669938,3.948641069211742e-06,5.0676123545348296e-05,5.0676123545348296e-05,4.942892636776453e-10,0.01974320534605871
3.7437500000000004,4782.874410348451,3.8734901643553555e-06,5.071652028684799e-05,5.071652028684799e-05,4.95573156409868e-10,0.019367450821776776
3.75,4787.162492381118,3.796991380383162e-06,5.075509887620618e-05,5.075509887620618e-05,4.968316931379192e-10,0.01898495690191581
3.75625,4791.525691772874,3.7191525132269764e-06,5.079189257713872e-05,5.079189257713872e-05,4.9806442968278e-10,0.01859576256613488
3.7625,4795.963504767483,3.6399825498268126e-06,5.0826933958766354e-05,5.0826933958766354e-05,4.992709248442096e-10,0.018199912749134062
3.7687500000000003,4800.475358008808,3.5594917187766803e-06,5.086025490196063e-05,5.086025490196063e-05,5.004507408122992e-10,0.017797458593883403
3.7750000000000004,4805.0606057231,3.4776915405896175e-06,5.089188660584039e-05,5.089188660584039e-05,5.016034435956863e-10,0.017388457702948088
3.78125,4809.718526935677,3.3945948773531336e-06,5.0921859594364265e-05,5.0921859594364265e-05,5.027286034662289e-10,0.016972974386765666
3.7875,4814.448322735229,3.310215981533082e-06,5.095020372296194e-05,5.095020372296194e-05,5.038257954198542e-10,0.016551079907665408
3.79375,4819.249113600207,3.2245705436715688e-06,5.097694818514579e-05,5.097694818514579e-05,5.048945996532188e-10,0.016122852718357845
3.8000000000000003,4824.119936801966,3.1376757387128357e-06,5.100212151904532e-05,5.100212151904532e-05,5.059346020557227e-10,0.015688378693564178
3.8062500000000004,4829.0597439004405,3.0495502706804307e-06,5.102575161380969e-05,5.102575161380969e-05,5.069453947163324e-10,0.015247751353402153
3.8125,4834.067398348373,2.960214415419446e-06,5.104786571582738e-05,5.104786571582738e-05,5.079265764445711e-10,0.01480107207709723
3.81875,4839.141673220237,2.8696900611092716e-06,5.106849043471731e-05,5.106849043471731e-05,5.088777533049371e-10,0.014348450305546358
3.825,4844.281249083278,2.7780007462455755e-06,5.10876517490514e-05,5.10876517490514e-05,5.097985391639112e-10,0.013890003731227877
3.8312500000000003,4849.484712027524,2.685171694784875e-06,5.1105375011775125e-05,5.1105375011775125e-05,5.106885562486139e-10,0.013425858473924374
3.8375000000000004,4854.750551872194,2.591229848141565e-06,5.1121684955299145e-05,5.1121684955299145e-05,5.115474357160673e-10,0.012956149240707825
3.84375,4860.077160565956,2.4962038937255802e-06,5.11366056962418e-05,5.11366056962418e-05,5.123748182319161e-10,0.012481019468627902
3.85,4865.462830798842,2.4001242897091784e-06,5.115016073980908e-05,5.115016073980908e-05,5.131703545573586e-10,0.012000621448545893
3.85625,4870.905754842426,2.3030232857137276e-06,5.1162372983804685e-05,5.1162372983804685e-05,5.13933706142933e-10,0.011515116428568638
3.8625000000000003,4876.404023636232,2.2049349391120634e-06,5.1173264722268655e-05,5.1173264722268655e-05,5.146645457277086e-10,0.011024674695560318
3.8687500000000004,4881.955626136198,2.1058951266488674e-06,5.1182857648748575e-05,5.1182857648748575e-05,5.153625579423278e-10,0.010529475633244337
3.875,4887.558448941956,2.0059415510908987e-06,5.119117285921178e-05,5.119117285921178e-05,5.160274399142529e-10,0.010029707755454493
3.88125,4893.210276218181,1.9051137426306896e-06,5.1198230854610995e-05,5.1198230854610995e-05,5.166589018734776e-10,0.009525568713153448
3.8875,4898.908789924688,1.8034530547815947e-06,5.120405154311921e-05,5.120405154311921e-05,5.172566677568781e-10,0.009017265273907973
3.8937500000000003,4904.651570368982,1.7010026545188826e-06,5.120865424205214e-05,5.120865424205214e-05,5.178204758092968e-10,0.008505013272594413
3.9000000000000004,4910.436097094193,1.5978075064409032e-06,5.121205767949849e-05,5.121205767949849e-05,5.183500791793757e-10,0.007989037532204516
3.90625,4916.2597501135015,1.4939143507461634e-06,5.121427999567962e-05,5.121427999567962e-05,5.188452465080904e-10,0.007469571753730817
3.9125,4922.119811501377,1.3893716748464489e-06,5.121533874406059e-05,5.121533874406059e-05,5.193057625078744e-10,0.006946858374232244
3.91875,4928.013467350039,1.2842296784627483e-06,5.121525089223529e-05,5.121525089223529e-05,5.197314285301753e-10,0.006421148392313741
3.9250000000000003,4933.937810098325,1.178540232079755e-06,5.121403282260718e-05,5.121403282260718e-05,5.2012206311924e-10,0.005892701160398775
3.9312500000000004,4939.889841238011,1.07235682866578e-06,5.121170033288755e-05,5.121170033288755e-05,5.204775025498968e-10,0.0053617841433289
3.9375,4945.866474400813,9.657345285980965e-07,5.12082686364311e-05,5.12082686364311e-05,5.207976013470832e-10,0.004828672642990483
3.94375,4951.864538828075,8.587298977687648e-07,5.1203752362428384e-05,5.1203752362428384e-05,5.210822327848582e-10,0.004293649488843824
3.95,4957.880783221638,7.514009388825995e-07,5.119816555597253e-05,5.119816555597253e-05,5.213312893626428e-10,0.003757004694412997
3.9562500000000003,4963.9118799737,6.438070159971102e-07,5.119152167801662e-05,5.119152167801662e-05,5.215446832564492e-10,0.0032190350799855506
3.9625000000000004,4969.9544297705515,5.360087723935503e-07,5.1183833605236354e-05,5.1183833605236354e-05,5.217223467428875e-10,0.0026800438619677515
3.96875,4976.004966562841,4.280680419084582e-07,5.117511362981132e-05,5.117511362981132e-05,5.218642325937825e-10,0.002140340209542291
3.975,4982.059962892709,3.2004775389601227e-07,5.1165373459136455e-05,5.1165373459136455e-05,5.219703144392903e-10,0.0016002387694800614
3.98125,4988.11583556638,2.1201183203281345e-07,5.1154624215474264e-05,5.1154624215474264e-05,5.220405870974726e-10,0.0010600591601640673
3.9875000000000003,4994.1689516574215,1.0402508721800885e-07,5.114287643555691e-05,5.114287643555691e-05,5.220750668683719e-10,0.0005201254360900443
3.9937500000000004,5000.215634824767,-3.846895137220267e-09,5.1130140070146345e-05,5.1130140070146345e-05,5.220737917907292e-10,-1.9234475686101338e-05
4.0,5006.252171926283,-1.1153787309639947e-07,5.1116424483559776e-05,5.1116424483559776e-05,5.220368218595922e-10,-0.0005576893654819974
4.0062500000000005,5012.27481990727,-2.1898107108678394e-07,5.1101738453166824e-05,5.1101738453166824e-05,5.219642392031936e-10,-0.0010949053554339197
4.0125,5018.27981294054,-3.261093072785749e-07,5.1086090168864344e-05,5.1086090168864344e-05,5.218561482176069e-10,-0.0016305465363928746
4.01875,5024.263369793239,-4.3285512500567017e-07,5.106948723253436e-05,5.106948723253436e-05,5.217126756578431e-10,-0.002164275625028351
4.025,5030.221701392868,-5.391509277447798e-07,5.1051936657490396e-05,5.1051936657490396e-05,5.215339706842065e-10,-0.002695754638723899
4.03125,5036.151018564088,-6.449291171374977e-07,5.103344486791699e-05,5.103344486791699e-05,5.213202048629038e-10,-0.0032246455856874885
4.0375000000000005,5042.047539905471,-7.501222335103615e-07,5.101401769830754e-05,5.101401769830754e-05,5.210715721200754e-10,-0.0037506111675518075
4.04375,5047.907499774106,-8.546630983213486e-07,5.09936603929054e-05,5.09936603929054e-05,5.207882886486131e-10,-0.004273315491606743
4.05,5053.727156345152,-9.58484957937884e-07,5.097237760515327e-05,5.097237760515327e-05,5.20470592767321e-10,-0.00479242478968942
4.05625,5059.502799711282,-1.0615216281316393e-06,5.095017339715622e-05,5.095017339715622e-05,5.201187447321828e-10,-0.005307608140658197
4.0625,5065.2307599870155,-1.1637076386593672e-06,5.092705123916355e-05,5.092705123916355e-05,5.197330264997071e-10,-0.005818538193296836
4.0687500000000005,5070.907415382031,-1.264978377286926e-06,5.0903014009075235e-05,5.0903014009075235e-05,5.19313741442535e-10,-0.006324891886434631
4.075,5076.529200206389,-1.365270232605833e-06,5.087806399197871e-05,5.087806399197871e-05,5.188612140177095e-10,-0.006826351163029165
4.08125,5082.092612771935,-1.4645207349880762e-06,5.085220287972179e-05,5.085220287972179e-05,5.183757893882259e-10,-0.007322603674940381
4.0875,5087.594223152241,-1.56266869502589e-06,5.0825431770527896e-05,5.0825431770527896e-05,5.178578329986943e-10,-0.00781334347512945
4.09375,5093.030680765526,-1.6596543388085803e-06,5.0797751168659624e-05,5.0797751168659624e-05,5.173077301061644e-10,-0.008298271694042902
4.1000000000000005,5098.3987217444355,-1.7554194393985145e-06,5.0769160984136986e-05,5.0769160984136986e-05,5.167258852673712e-10,-0.008777097196992573
4.10625,5103.695176057751,-1.8499074438829362e-06,5.073966053251642e-05,5.073966053251642e-05,5.161127217838695e-10,-0.009249537219414681
4.1125,5108.91697435048,-1.9430635953973256e-06,5.070924853473684e-05,5.070924853473684e-05,5.154686811067216e-10,-0.009715317976986628
4.11875,5114.061154469251,-2.0348350495395646e-06,5.067792311703873e-05,5.067792311703873e-05,5.147942222026003e-10,-0.010174175247697823
4.125,5119.124867642455,-2.125170984621912e-06,5.06456818109624e-05,5.06456818109624e-05,5.140898208833471e-10,-0.01062585492310956
4.1312500000000005,5124.105384285594,-2.214022705239757e-06,5.0612521553431224e-05,5.0612521553431224e-05,5.133559691012021e-10,-0.011070113526198784
4.1375,5129.000099405148,-2.3013437386718915e-06,5.057843868692564e-05,5.057843868692564e-05,5.125931742120821e-10,-0.011506718693359458
4.14375,5133.806537575173,-2.3870899236665852e-06,5.054342895975339e-05,5.054342895975339e-05,5.11801958209429e-10,-0.011935449618332926
4.15,5138.522357465013,-2.4712194912105112e-06,5.050748752642161e-05,5.050748752642161e-05,5.109828569312875e-10,-0.012356097456052557
4.15625,5143.145355896992,-2.5536931369235512e-06,5.0470608948115975e-05,5.0470608948115975e-05,5.101364192433867e-10,-0.012768465684617756
4.1625000000000005,5147.673471418058,-2.634474084770956e-06,5.0432787193292194e-05,5.0432787193292194e-05,5.092632062011047e-10,-0.01317237042385478
4.16875,5152.10478736984,-2.713528141835308e-06,5.039401563838498e-05,5.039401563838498e-05,5.083637901932771e-10,-0.013567640709176541
4.175,5156.437534446257,-2.790823743943382e-06,5.035428706863966e-05,5.035428706863966e-05,5.074387540708838e-10,-0.013954118719716909
4.18125,5160.67009273003,-2.866331991997293e-06,5.0313593679071836e-05,5.0313593679071836e-05,5.064886902636932e-10,-0.014331659959986464
4.1875,5164.800993202756,-2.9400266789144367e-06,5.0271927075560376e-05,5.0271927075560376e-05,5.055141998879761e-10,-0.014700133394572183
4.1937500000000005,5168.828918726408,-3.011884307136567e-06,5.022927827607944e-05,5.022927827607944e-05,5.045158918484172e-10,-0.015059421535682835
4.2,5172.75270449706,-3.0818840967241496e-06,5.018563771207571e-05,5.018563771207571e-05,5.034943819373432e-10,-0.015409420483620748
4.20625,5176.571337974852,-3.150007984107633e-06,5.014099522999718e-05,5.014099522999718e-05,5.024502919343647e-10,-0.015750039920538163
4.2125,5180.283958297342,-3.216240611621871e-06,5.0095340092980735e-05,5.0095340092980735e-05,5.013842487094871e-10,-0.016081203058109356
4.21875,5183.889855186361,-3.2805693080032776e-06,5.004866098270627e-05,5.004866098270627e-05,5.002968833326864e-10,-0.016402846540016388
4.2250000000000005,5187.38846736112,-3.3429840600808605e-06,5.000094600142613e-05,5.000094600142613e-05,4.991888301928668e-10,-0.016714920300404303
4.23125,5190.7793804734465,-3.4034774759417255e-06,4.9952182674179506e-05,4.9952182674179506e-05,4.98060726129029e-10,-0.017017387379708628
4.2375,5194.062324583597,-3.462044739898444e-06,4.990235795120272e-05,4.990235795120272e-05,4.969132095763634e-10,-0.01731022369949222
4.24375,5197.237171197229,-3.518683559629651e-06,4.985145821054747e-05,4.985145821054747e-05,4.957469197298647e-10,-0.017593417798148256
4.25,5200.303929886765,-3.573394105905801e-06,4.979946926092069e-05,4.979946926092069e-05,4.94562495727925e-10,-0.017866970529529003
4.2562500000000005,5203.262744522264,-3.6261789453490897e-06,4.974637634476134e-05,4.974637634476134e-05,4.93360575858213e-10,-0.018130894726745447
4.2625,5206.1138891389655,-3.6770429667096526e-06,4.9692164141570864e-05,4.9692164141570864e-05,4.921417967879905e-10,-0.018385214833548262
4.26875,5208.85776346991,-3.7259933011692644e-06,4.9636816771516486e-05,4.9636816771516486e-05,4.909067928208441e-10,-0.01862996650584632
4.275,5211.494888173918,-3.773039237208473e-06,4.958031779932811e-05,4.958031779932811e-05,4.896561951816349e-10,-0.018865196186042366
4.28125,5214.0258997900055,-3.8181921305934586e-06,4.952265023851204e-05,4.952265023851204e-05,4.883906313312837e-10,-0.019090960652967292
4.2875000000000005,5216.4515454501,-3.8614653100547284e-06,4.946379655590708e-05,4.946379655590708e-05,4.871107243128198e-10,-0.019307326550273642
4.29375,5218.772677383368,-3.902873979240854e-06,4.9403738676610914e-05,4.9403738676610914e-05,4.858170921299272e-10,-0.01951436989620427
4.3,5220.990247244417,-3.942435115537198e-06,4.934245798930746e-05,4.934245798930746e-05,4.845103471590283e-10,-0.019712175577685988
4.30625,5223.105300299198,-3.980167366341483e-06,4.927993535202855e-05,4.927993535202855e-05,4.831910955957482e-10,-0.019900836831707416
4.3125,5225.1189695011635,-4.016090943385723e-06,4.921615109838607e-05,4.921615109838607e-05,4.81859936936406e-10,-0.020080454716928615
4.3187500000000005,5227.032469490878,-4.050227515687134e-06,4.915108504431381e-05,4.915108504431381e-05,4.805174634949885e-10,-0.02025113757843567
4.325,5228.847090550512,-4.082600101699768e-06,4.908471649536118e-05,4.908471649536118e-05,4.791642599558706e-10,-0.020413000508498837
4.33125,5230.564192544982,-4.113232961223528e-06,4.901702425458415e-05,4.901702425458415e-05,4.778009029623639e-10,-0.02056616480611764
4.3375,5232.18519887951,-4.142151487608613e-06,4.894798663108201e-05,4.894798663108201e-05,4.764279607409936e-10,-0.020710757438043067
4.34375,5233.711590502728,-4.169382100771161e-06,4.8877581449231705e-05,4.8877581449231705e-05,4.750459927612374e-10,-0.020846910503855804
4.3500000000000005,5235.1448999826425,-4.1949521415105605e-06,4.880578605867488e-05,4.880578605867488e-05,4.736555494302928e-10,-0.020974760707552803
4.35625,5236.486705681645,-4.218889767590644e-06,4.873257734511604e-05,4.873257734511604e-05,4.722571718222888e-10,-0.02109444883795322
4.3625,5237.738626054338,-4.241223852016294e-06,4.865793174199367e-05,4.865793174199367e-05,4.70851391441215e-10,-0.021206119260081473
4.36875,5238.902314091109,-4.261983883904073e-06,4.858182524308942e-05,4.858182524308942e-05,4.694387300167073e-10,-0.021309919419520366
4.375,5239.979451927141,-4.281199872310902e-06,4.8504233416143695e-05,4.8504233416143695e-05,4.680196993317108e-10,-0.02140599936155451
4.3812500000000005,5240.9717456359185,-4.298902253348733e-06,4.842513141754951e-05,4.842513141754951e-05,4.66594801080929e-10,-0.021494511266743663
4.3875,5241.880920223,-4.315121800876119e-06,4.834449400819936e-05,4.834449400819936e-05,4.651645267588765e-10,-0.021575609004380596
4.39375,5242.7087148347055,-4.329889541019857e-06,4.826229557056326e-05,4.826229557056326e-05,4.637293575762622e-10,-0.021649447705099283
4.4,5243.45687819336,-4.343236670741924e-06,4.817851012707899e-05,4.817851012707899e-05,4.622897644033655e-10,-0.02171618335370962
4.40625,5244.127164269352,-4.355194480629041e-06,4.809311135993864e-05,4.809311135993864e-05,4.608462077390034e-10,-0.021775972403145206
4.4125000000000005,5244.721328197725,-4.365794282044725e-06,4.800607263235803e-05,4.800607263235803e-05,4.593991377036444e-10,-0.021828971410223625
4.41875,5245.241122445008,-4.3750673387469955e-06,4.79173670114186e-05,4.79173670114186e-05,4.57948994055187e-10,-0.021875336693734978
4.425,5245.688293230238,-4.383044803039311e-06,4.782696729257348e-05,4.782696729257348e-05,4.5649620622590253e-10,-0.021915224015196556
4.43125,5246.064577201916,-4.389757656487973e-06,4.773484602591172e-05,4.773484602591172e-05,4.550411933790268e-10,-0.021948788282439863
4.4375,5246.371698370946,-4.395236655206619e-06,4.7640975544276773e-05,4.7640975544276773e-05,4.535843644834879e-10,-0.021976183276033096
4.4437500000000005,5246.611365297928,-4.3995122796775545e-06,4.7545327993336836e-05,4.7545327993336836e-05,4.5212611840526594e-10,-0.021997561398387773
4.45,5246.785268531432,-4.402614689050869e-06,4.744787536370623e-05,4.744787536370623e-05,4.506668440139006e-10,-0.022013073445254345
4.45625,5246.895078292448,-4.404573679835692e-06,4.734858952521802e-05,4.734858952521802e-05,4.492069203026908e-10,-0.022022868399178462
4.4625,5246.942442398935,-4.405418648873632e-06,4.724744226344873e-05,4.724744226344873e-05,4.477467165211669e-10,-0.022027093244368162
4.46875,5246.928984422884,-4.405178560462653e-06,4.714440531859673e-05,4.714440531859673e-05,4.462865923184603e-10,-0.022025892802313263
4.4750000000000005,5246.856302071798,-4.403881917480232e-06,4.70394504268152e-05,4.70394504268152e-05,4.4482689789624385e-10,-0.02201940958740116
4.48125,5246.725965784567,-4.401556736337981e-06,4.693254936410071e-05,4.693254936410071e-05,4.433679741699742e-10,-0.022007783681689902
4.4875,5246.539517532413,-4.398230525585543e-06,4.682367399283701e-05,4.682367399283701e-05,4.4191015293722584e-10,-0.021991152627927717
4.49375,5246.29846981295,-4.393930267970027e-06,4.6712796311092196e-05,4.6712796311092196e-05,4.404537570519716e-10,-0.021969651339850137
4.5,5246.004304827136,-4.388682405747965e-06,4.659988850476538e-05,4.659988850476538e-05,4.389991006037317e-10,-0.021943412028739825
4.5062500000000005,5245.658473826197,-4.382512829040087e-06,4.648492300267619e-05,4.648492300267619e-05,4.3754648910058267e-10,-0.021912564145200437
4.5125,5245.2623966177625,-4.375446867014716e-06,4.636787253468704e-05,4.636787253468704e-05,4.360962196550885e-10,-0.02187723433507358
4.51875,5244.817461217817,-4.367509281683441e-06,4.624871019294386e-05,4.624871019294386e-05,4.346485811722884e-10,-0.021837546408417202
4.525,5244.3250236373315,-4.3587242640925665e-06,4.612740949631646e-05,4.612740949631646e-05,4.3320385453894676e-10,-0.021793621320462832
4.53125,5243.786407791068,-4.349115432695673e-06,4.600394445811351e-05,4.600394445811351e-05,4.317623128133426e-10,-0.021745577163478365
4.5375000000000005,5243.202905516665,-4.338705833696225e-06,4.5878289657141e-05,4.5878289657141e-05,4.3032422141494564e-10,-0.021693529168481124
4.54375,5242.5757766928455,-4.327517943154375e-06,4.5750420312165424e-05,4.5750420312165424e-05,4.2888983831339364e-10,-0.021637589715771875
4.55,5241.906249445197,-4.3155736706587665e-06,4.56203123598343e-05,4.56203123598343e-05,4.274594142162532e-10,-0.021577868353293832
4.55625,5241.19552042898,-4.302894364372022e-06,4.5487942536097625e-05,4.5487942536097625e-05,4.260331927551078e-10,-0.02151447182186011
4.5625,5240.444755178712,-4.2895008172676184e-06,4.535328846116293e-05,4.535328846116293e-05,4.2461141066957884e-10,-0.021447504086338092
4.5687500000000005,5239.655088515014,-4.275413274385649e-06,4.521632872800517e-05,4.521632872800517e-05,4.231942979889415e-10,-0.021377066371928245
4.575,5238.8276249991695,-4.260651440945633e-06,4.507704299443996e-05,4.507704299443996e-05,4.2178207821105166e-10,-0.021303257204728168
4.58125,5237.963439427604,-4.245234491165539e-06,4.493541207875449e-05,4.493541207875449e-05,4.2037496847835e-10,-0.021226172455827697
4.5875,5237.063577357975,-4.2291810776477455e-06,4.479141805887541e-05,4.479141805887541e-05,4.1897317975075446e-10,-0.02114590538823873
4.59375,5236.129055659927,-4.212509341204317e-06,4.464504437503635e-05,4.464504437503635e-05,4.1757691697529637e-10,-0.021062546706021583
4.6000000000000005,5235.160863083935,-4.195236921005701e-06,4.449627593589003e-05,4.449627593589003e-05,4.1618637925239296e-10,-0.020976184605028505
4.60625,5234.15996084249,-4.177380964948666e-06,4.4345099227990906e-05,4.4345099227990906e-05,4.148017599986829e-10,-0.02088690482474333
4.6125,5233.1272831984115,-4.158958140150703e-06,4.4191502428553546e-05,4.4191502428553546e-05,4.134232471063837e-10,-0.020794790700753515
4.61875,5232.063738055515,-4.1399846434893475e-06,4.40354755213707e-05,4.40354755213707e-05,4.1205102309915586e-10,-0.020699923217446736
4.625,5230.970207548034,-4.120476212115555e-06,4.387701041575157e-05,4.387701041575157e-05,4.1068526528448174e-10,-0.020602381060577775
4.6312500000000005,5229.847548624997,-4.100448133880544e-06,4.37161010683166e-05,4.37161010683166e-05,4.0932614590258925e-10,-0.02050224066940272
4.6375,5228.6965936270335,-4.079915257625195e-06,4.355274360745974e-05,4.355274360745974e-05,4.079738322719643e-10,-0.020399576288125977
4.64375,5227.518150853177,-4.058892003290168e-06,4.338693646026206e-05,4.338693646026206e-05,4.066284869315126e-10,-0.02029446001645084
4.65,5226.313005115429,-4.037392371813258e-06,4.3218680481612904e-05,4.3218680481612904e-05,4.052902677794407e-10,-0.020186961859066294
4.65625,5225.081918280456,-4.015429954788252e-06,4.3047979085265936e-05,4.3047979085265936e-05,4.0395932820893584e-10,-0.02007714977394126
4.6625000000000005,5223.8256297963935,-3.993017943866499e-06,4.2874838376527316e-05,4.2874838376527316e-05,4.026358172407292e-10,-0.019965089719332495
4.66875,5222.544857204751,-3.970169139888689e-06,4.2699267286242875e-05,4.2699267286242875e-05,4.0131987965263253e-10,-0.019850845699443443
4.675,5221.240296636847,-3.94689596173985e-06,4.2521277705719506e-05,4.2521277705719506e-05,4.0001165610614e-10,-0.01973447980869925
4.68125,5219.91262329443,-3.923210454925448e-06,4.234088462218438e-05,4.234088462218438e-05,3.9871128327018703e-10,-0.01961605227462724
4.6875,5218.5624919150205,-3.89912429987059e-06,4.215810625435303e-05,4.215810625435303e-05,3.974188939421584e-10,-0.01949562149935295
4.6937500000000005,5217.190537221787,-3.874648819947862e-06,4.197296418764517e-05,4.197296418764517e-05,3.961346171662358e-10,-0.019373244099739312
4.7,5215.79737435882,-3.8497949892421975e-06,4.1785483508554673e-05,4.1785483508554673e-05,3.948585783491712e-10,-0.019248974946210987
4.70625,5214.3835993123,-3.824573440063445e-06,4.159569293764796e-05,4.159569293764796e-05,3.935908993735705e-10,-0.019122867200317226
4.7125,5212.949789318072,-3.7989944702191228e-06,4.140362496063343e-05,4.140362496063343e-05,3.9233169870876636e-10,-0.018994972351095613
4.71875,5211.4965032568,-3.773068050061047e-06,4.1209315956914005e-05,4.1209315956914005e-05,3.9108109151935553e-10,-0.018865340250305233
4.7250000000000005,5210.024282036926,-3.74680382932043e-06,4.101280632500467e-05,4.101280632500467e-05,3.8983918977147045e-10,-0.01873401914660215
4.73125,5208.533648966809,-3.7202111437463964e-06,4.081414060416899e-05,4.081414060416899e-05,3.886061023368507e-10,-0.018601055718731982
4.7375,5207.025110116872,-3.693299021563036e-06,4.061336759160137e-05,4.061336759160137e-05,3.8738193509477406e-10,-0.01846649510781518
4.74375,5205.499154671906,-3.6660761897598714e-06,4.0410540454457284e-05,4.0410540454457284e-05,3.8616679103190264e-10,-0.018330380948799355
4.75,5203.956255275437,-3.638551080230187e-06,4.020571683601128e-05,4.020571683601128e-05,3.8496077034009433e-10,-0.018192755401150933
4.7562500000000005,5202.396868365829,-3.610731835771034e-06,3.999895895520233e-05,3.999895895520233e-05,3.8376397051222563e-10,-0.01805365917885517
4.7625,5200.821434505671,-3.58262631595791e-06,3.979033369880961e-05,3.979033369880961e-05,3.825764864360672e-10,-0.017913131579789552
4.76875,5199.230378704808,-3.554242102906188e-06,3.957991270548779e-05,3.957991270548779e-05,3.8139841048624985e-10,-0.017771210514530938
4.775,5197.624110737393,-3.525586506930411e-06,3.9367772440881045e-05,3.9367772440881045e-05,3.802298326143544e-10,-0.017627932534652058
4.78125,5196.003025454157,-3.4966665721114617e-06,3.915399426302886e-05,3.915399426302886e-05,3.790708404371567e-10,-0.01748333286055731
4.7875000000000005,5194.367503089606,-3.4674890817806086e-06,3.893866447727476e-05,3.893866447727476e-05,3.779215193230548e-10,-0.017337445408903043
4.79375,5192.717909565401,-3.438060563928316e-06,3.8721874379891886e-05,3.8721874379891886e-05,3.7678195247670306e-10,-0.017190302819641578
4.800000000000001,5191.054596789552,-3.4083872965447344e-06,3.850372028964676e-05,3.850372028964676e-05,3.756522210218764e-10,-0.01704193648272367
4.80625,5189.377902952349,-3.3784753128977424e-06,3.8284303566535124e-05,3.8284303566535124e-05,3.7453240408258516e-10,-0.016892376564488713
4.8125,5187.688152819063,-3.3483304067535253e-06,3.806373061694179e-05,3.806373061694179e-05,3.7342257886245926e-10,-0.016741652033767627
4.8187500000000005,5185.985658019443,-3.317958137543823e-06,3.784211288449969e-05,3.784211288449969e-05,3.7232282072242006e-10,-0.016589790687719114
4.825,5184.270717334682,-3.287363835483186e-06,3.761956682595266e-05,3.761956682595266e-05,3.7123320325665557e-10,-0.01643681917741593
4.831250000000001,5182.543616981547,-3.256552606638903e-06,3.739621387136114e-05,3.739621387136114e-05,3.701537983669157e-10,-0.016282763033194515
4.8375,5180.804630894094,-3.2255293379556724e-06,3.717218036803151e-05,3.717218036803151e-05,3.6908467633514165e-10,-0.016127646689778362
4.84375,5179.054021002742,-3.1942987022365664e-06,3.6947597507595936e-05,3.6947597507595936e-05,3.680259058944447e-10,-0.015971493511182832
4.8500000000000005,5177.2920375113235,-3.1628651630813857e-06,3.672260123572332e-05,3.672260123572332e-05,3.6697755429844773e-10,-0.015814325815406927
4.85625,5175.5189191712225,-3.131232979783232e-06,3.649733214400037e-05,3.649733214400037e-05,3.6593968738900413e-10,-0.01565616489891616
4.862500000000001,5173.734893553879,-3.099406212183746e-06,3.627193534358688e-05,3.627193534358688e-05,3.649123696623072e-10,-0.01549703106091873
4.86875,5171.940177320418,-3.0673887254873596e-06,3.604656032031988e-05,3.604656032031988e-05,3.6389566433340376e-10,-0.015336943627436797
4.875,5170.134976489317,-3.0351841950347344e-06,3.582136077101762e-05,3.582136077101762e-05,3.62889633399126e-10,-0.015175920975173672
4.8812500000000005,5168.319486701661,-3.0027961110354588e-06,3.559649442081548e-05,3.559649442081548e-05,3.618943376994539e-10,-0.015013980555177294
4.8875,5166.493893484138,-2.970227783260109e-06,3.537212282145288e-05,3.537212282145288e-05,3.609098369773233e-10,-0.014851138916300546
4.893750000000001,5164.658372509838,-2.937482345691729e-06,3.5148411130521015e-05,3.5148411130521015e-05,3.5993618993689153e-10,-0.014687411728458645
4.9,5162.813089856679,-2.904562761136869e-06,3.492552787177709e-05,3.492552787177709e-05,3.589734543002751e-10,-0.014522813805684346
4.90625,5160.958202263547,-2.871471825796403e-06,3.470364467672923e-05,3.470364467672923e-05,3.5802168686277194e-10,-0.014357359128982014
4.9125000000000005,5159.093857384478,-2.8382121737963886e-06,3.448293600779945e-05,3.448293600779945e-05,3.5708094354658244e-10,-0.014191060868981944
4.91875,5157.220194040147,-2.804786281679425e-06,3.426357886347647e-05,3.426357886347647e-05,3.5615127945304126e-10,-0.014023931408397125
4.925000000000001,5155.337342467722,-2.7711964728569807e-06,3.404575246597758e-05,3.404575246597758e-05,3.5523274891337374e-10,-0.013855982364284904
4.93125,5153.445424567976,-2.7374449220233874e-06,3.382963793204725e-05,3.382963793204725e-05,3.54325405537989e-10,-0.013687224610116937
4.9375,5151.544554150912,-2.703533659532209e-06,3.36154179276291e-05,3.36154179276291e-05,3.534293022643228e-10,-0.013517668297661043
4.9437500000000005,5149.63483717881,-2.669464575735904e-06,3.340327630725702e-05,3.340327630725702e-05,3.525444914032415e-10,-0.01334732287867952
4.95,5147.716372007551,-2.635239425289741e-06,3.3193397739119566e-05,3.3193397739119566e-05,3.5167102468402e-10,-0.013176197126448706
4.956250000000001,5145.789249625927,-2.600859831421058e-06,3.2985967316857714e-05,3.2985967316857714e-05,3.508089532979043e-10,-0.01300429915710529
4.9625,5143.85355389309,-2.566327290165022e-06,3.278117015926073e-05,3.278117015926073e-05,3.4995832794027003e-10,-0.01283163645082511
4.96875,5141.909361774089,-2.531643174568148e-06,3.257919099912509e-05,3.257919099912509e-05,3.4911919885138794e-10,-0.01265821587284074
4.9750000000000005,5139.956743573933,-2.496808738860867e-06,3.2380213762638014e-05,3.2380213762638014e-05,3.4829161585580623e-10,-0.012484043694304335
4.98125,5137.99576316961,-2.461825122600515e-06,3.2184421140738834e-05,3.2184421140738834e-05,3.4747562840035956e-10,-0.012309125613002576
4.987500000000001,5136.026478240895,-2.4266933547861374e-06,3.1991994153996754e-05,3.1991994153996754e-05,3.466712855908144e-10,-0.012133466773930688
4.99375,5134.048940499477,-2.391414357946533e-06,3.180311171262285e-05,3.180311171262285e-05,3.458786362271593e-10,-0.011957071789732664
5.0,5132.063195916581,-2.355988952203018e-06,3.1617950173305615e-05,3.1617950173305615e-05,3.450977288375484e-10,-0.01177994476101509
5.0062500000000005,5130.069284949574,-2.3204178593083347e-06,3.143668289462257e-05,3.143668289462257e-05,3.443286117109062e-10,-0.011602089296541674
5.0125,5128.067242766925,-2.2847017066632335e-06,3.125947979283529e-05,3.125947979283529e-05,3.435713329282015e-10,-0.011423508533316168
5.018750000000001,5126.057099472257,-2.2488410313121772e-06,3.10865068999197e-05,3.10865068999197e-05,3.4282594039239613e-10,-0.011244205156560886
5.025,5124.038880327211,-2.2128362839196646e-06,3.091792592571867e-05,3.091792592571867e-05,3.420924818570765e-10,-0.011064181419598322
5.03125,5122.012605973368,-2.1766878327286696e-06,3.07538938261276e-05,3.07538938261276e-05,3.4137100495377245e-10,-0.010883439163643347
5.0375000000000005,5119.978292653241,-2.140395967502671e-06,3.059456237923678e-05,3.059456237923678e-05,3.406615572179699e-10,-0.010701979837513356
5.04375,5117.935952430323,-2.1039609034527872e-06,3.0440077771355596e-05,3.0440077771355596e-05,3.3996418611382166e-10,-0.010519804517263935
5.050000000000001,5115.885593408486,-2.0673827851515016e-06,3.0290580194833e-05,3.0290580194833e-05,3.392789390575612e-10,-0.010336913925757509
5.05625,5113.827219950766,-2.030661690434499e-06,3.0146203459566092e-05,3.0146203459566092e-05,3.386058634396228e-10,-0.010153308452172495
5.0625,5111.76083289743,-1.9937976342921454e-06,3.000707462005358e-05,3.000707462005358e-05,3.37945006645472e-10,-0.009968988171460727
5.0687500000000005,5109.686429783656,-1.9567905727521603e-06,2.98733136198041e-05,2.98733136198041e-05,3.3729641607514937e-10,-0.009783952863760801
5.075,5107.604005056708,-1.9196404067550715e-06,2.9745032954849618e-05,2.9745032954849618e-05,3.3666013916152926e-10,-0.009598202033775358
5.081250000000001,5105.513550292987,-1.88234698602405e-06,2.9622337358043074e-05,2.9622337358043074e-05,3.360362233872963e-10,-0.00941173493012025
5.0875,5103.415054414574,-1.8449101129308214e-06,2.950532350573635e-05,2.950532350573635e-05,3.354247163006402e-10,-0.009224550564654106
5.09375,5101.308503905857,-1.8073295463593282e-06,2.9394079748339948e-05,2.9394079748339948e-05,3.3482566552967016e-10,-0.00903664773179664
5.1000000000000005,5099.193883030134,-1.76960500556893e-06,2.9288685866160705e-05,2.9288685866160705e-05,3.3423911879554855e-10,-0.008848025027844651
5.10625,5097.071174046212,-1.7317361740589626e-06,2.9189212851798014e-05,2.9189212851798014e-05,3.3366512392434394e-10,-0.008658680870294814
5.112500000000001,5094.940357425177,-1.6937227034365708e-06,2.909572272025381e-05,2.909572272025381e-05,3.3310372885760194e-10,-0.008468613517182854
5.11875,5092.801412067582,-1.6555642172897617e-06,2.900826834777726e-05,2.900826834777726e-05,3.325549816616322e-10,-0.008277821086448808
5.125,5090.654315520791,-1.617260315067772e-06,2.892689334032303e-05,2.892689334032303e-05,3.3201893053550954e-10,-0.00808630157533886
5.1312500000000005,5088.499044197239,-1.5788105759708515e-06,2.8851631932352402e-05,2.8851631932352402e-05,3.3149562381778545e-10,-0.007894052879854258
5.1375,5086.335573592899,-1.540214562851726e-06,2.878250891655131e-05,2.878250891655131e-05,3.3098510999190665e-10,-0.00770107281425863
5.143750000000001,5084.16387850702,-1.5014718261310303e-06,2.8719539604878505e-05,2.8719539604878505e-05,3.304874376903358e-10,-0.0075073591306551515
5.15,5081.983933262242,-1.4625819077291612e-06,2.8662729821192898e-05,2.8662729821192898e-05,3.3000265569736887e-10,-0.007312909538645806
5.15625,5079.795711926242,-1.4235443450170464e-06,2.8612075925541743e-05,2.8612075925541743e-05,3.2953081295064324e-10,-0.007117721725085232
5.1625000000000005,5077.599188534381,-1.384358674788438e-06,2.8567564870022457e-05,2.8567564870022457e-05,3.2907195854132885e-10,-0.0069217933739421904
5.16875,5075.394337313578,-1.3450244372564721e-06,2.8529174285961884e-05,2.8529174285961884e-05,3.2862614171299494e-10,-0.00672512218628236
5.175000000000001,5073.181132908079,-1.305541180077266e-06,2.8496872601988482e-05,2.8496872601988482e-05,3.2819341185914294e-10,-0.0065277059003863306
5.18125,5070.959550606516,-1.2659084624035007e-06,2.8470619192406834e-05,2.8470619192406834e-05,3.277738185193959e-10,-0.0063295423120175035
5.1875,5068.72956657103,-1.226125858970976e-06,2.84503645551211e-05,2.84503645551211e-05,3.2736741137433347e-10,-0.00613062929485488
5.1937500000000005,5066.491158068334,-1.1861929642212493e-06,2.84360505181962e-05,2.84360505181962e-05,3.2697424023896005e-10,-0.005930964821106247
5.2,5064.244303703042,-1.1461093964635476e-06,2.8427610473992776e-05,2.8427610473992776e-05,3.2659435505479396e-10,-0.005730546982317738
5.206250000000001,5061.988983653315,-1.105874802079248e-06,2.8424969639666978e-05,2.8424969639666978e-05,3.262278058805626e-10,-0.0055293740103962395
5.2125,5059.725179909172,-1.0654888597722826e-06,2.8428045342688554e-05,2.8428045342688554e-05,3.25874642881489e-10,-0.005327444298861413
5.21875,5057.452876513407,-1.0249512848689336e-06,2.8436747329902413e-05,2.8436747329902413e-05,3.2553491631715307e-10,-0.005124756424344668
5.2250000000000005,5055.172059805694,-9.842618336705354e-07,2.8450978098540576e-05,2.8450978098540576e-05,3.252086765279102e-10,-0.004921309168352677
5.23125,5052.882718669664,-9.434203078626818e-07,2.8470633247483876e-05,2.8470633247483876e-05,3.248959739198482e-10,-0.004717101539313409
5.237500000000001,5050.584844783469,-9.024265589845985e-07,2.849560184697703e-05,2.849560184697703e-05,3.2459685894826344e-10,-0.004512132794922992
5.24375,5048.278432873828,-8.612804929623989e-07,2.852576682491704e-05,2.852576682491704e-05,3.243113820996334e-10,-0.004306402464811994
5.25,5045.963480974058,-8.199820747099642e-07,2.8561005367764443e-05,2.8561005367764443e-05,3.240395938720652e-10,-0.004099910373549821
5.2562500000000005,5043.639990685827,-7.78531332801274e-07,2.8601189334069472e-05,2.8601189334069472e-05,3.237815447541949e-10,-0.00389265666400637
5.2625,5041.3079674453975,-7.369283642179824e-07,2.8646185678561698e-05,2.8646185678561698e-05,3.2353728520251336e-10,-0.003684641821089912
5.268750000000001,5038.967420794073,-6.951733391760987e-07,2.8695856884721977e-05,2.8695856884721977e-05,3.2330686561709234e-10,-0.003475866695880493
5.275,5036.6183646535,-6.532665060355975e-07,2.8750061403739875e-05,2.8750061403739875e-05,3.2309033631568304e-10,-0.0032663325301779877
5.28125,5034.260817605665,-6.112081962967947e-07,2.880865409775818e-05,2.880865409775818e-05,3.228877475061589e-10,-0.0030560409814839734
5.2875000000000005,5031.894803178112,-5.689988296872804e-07,2.887148668531817e-05,2.887148668531817e-05,3.226991492572718e-10,-0.002844994148436402
5.29375,5029.520350134276,-5.266389193431754e-07,2.8938408186945236e-05,2.8938408186945236e-05,3.2252459146769165e-10,-0.002633194596715877
5.300000000000001,5027.137492769495,-4.84129077088389e-07,2.9009265368853627e-05,2.9009265368853627e-05,3.2236412383329533e-10,-0.002420645385441945
5.30625,5024.746271212592,-4.414700188154924e-07,2.908390318280081e-05,2.908390318280081e-05,3.222177958126727e-10,-0.0022073500940774623
5.3125,5022.346731733402,-3.986625699717086e-07,2.9162165200185965e-05,2.9162165200185965e-05,3.220856565908138e-10,-0.001993312849858543
5.3187500000000005,5019.938927056325,-3.557076711533947e-07,2.9243894038562974e-05,2.9243894038562974e-05,3.2196775504094224e-10,-0.0017785383557669737
5.325,5017.522916680256,-3.1260638381222614e-07,2.932893177882417e-05,2.932893177882417e-05,3.218641396844567e-10,-0.0015630319190611307
5.331250000000001,5015.098767204811,-2.6935989607612933e-07,2.9417120371407618e-05,2.9417120371407618e-05,3.2177485864894337e-10,-0.0013467994803806466
5.3375,5012.666552663252,-2.2596952868778386e-07,2.9508302029985595e-05,2.9508302029985595e-05,3.2169995962421993e-10,-0.0011298476434389193
5.34375,5010.226354862024,-1.8243674106328127e-07,2.960231961120521e-05,2.960231961120521e-05,3.2163948981637143e-10,-0.0009121837053164063
5.3500000000000005,5007.778263727323,-1.3876313747324655e-07,2.9699016979171922e-05,2.9699016979171922e-05,3.2159349589973736e-10,-0.0006938156873662327
5.35625,5005.322377658524,-9.495047334842356e-08,2.9798239353492692e-05,2.9798239353492692e-05,3.215620239668085e-10,-0.0004747523667421178
5.362500000000001,5002.8588038886755,-5.10006617113803e-08,2.9899833639825908e-05,2.9899833639825908e-05,3.2154511947599237e-10,-0.0002550033085569015
5.36875,5000.387658852132,-6.915779735604953e-09,3.0003648742019486e-05,3.0003648742019486e-05,3.215428271972041e-10,-3.4578898678024765e-05
5.375,4997.909068559558,3.7301924567180456e-08,3.010953585505491e-05,3.010953585505491e-05,3.215551911552413e-10,0.00018650962283590228
5.3812500000000005,4995.423168979822,8.165002553108698e-08,3.021734873815289e-05,3.021734873815289e-05,3.2158225457089934e-10,0.00040825012765543486
5.3875,4992.930106429335,1.261259128916638e-07,3.032694396753441e-05,3.032694396753441e-05,3.216240597997848e-10,0.000630629564458319
5.393750000000001,4990.430037968481,1.7072678471372412e-07,3.0438181168467773e-05,3.0438181168467773e-05,3.216806482687854e-10,0.0008536339235686206
5.4,4987.923131805132,2.1544964019268994e-07,3.0550923226367484e-05,3.0550923226367484e-05,3.217520604101531e-10,0.0010772482009634497
5.40625,4985.4095677050655,2.6029127233140346e-07,3.0665036476842846e-05,3.0665036476842846e-05,3.2183833559316054e-10,0.0013014563616570174
5.4125000000000005,4982.889537409472,3.0524826049506026e-07,3.078039087472213e-05,3.078039087472213e-05,3.2193951205328936e-10,0.0015262413024753013
5.41875,4980.36324505865,3.503169628476485e-07,3.0896860142201466e-05,3.0896860142201466e-05,3.2205562681891167e-10,0.0017515848142382424
5.425000000000001,4977.830907622704,3.9549350867412734e-07,3.101432189638499e-05,3.101432189638499e-05,3.221867156354267e-10,0.001977467543370637
5.43125,4975.292755337781,4.407737905933693e-07,3.113265775659399e-05,3.113265775659399e-05,3.223328128868163e-10,0.002203868952966847
5.4375,4972.749032148492,4.861534566678579e-07,3.125175343192648e-05,3.125175343192648e-05,3.224939515145853e-10,0.0024307672833392894
5.4437500000000005,4970.199996155508,5.316279024170454e-07,3.1371498789645046e-05,3.1371498789645046e-05,3.226701629340542e-10,0.002658139512085227
5.45,4967.64592006834,5.771922627423281e-07,3.149178790505864e-05,3.149178790505864e-05,3.228614769479762e-10,0.0028859613137116403
5.456250000000001,4965.087091662253,6.228414037726094e-07,3.161251909364347e-05,3.161251909364347e-05,3.2306792165745027e-10,0.003114207018863047
5.4625,4962.5238142393755,6.685699146405932e-07,3.173359492621874e-05,3.173359492621874e-05,3.232895233701095e-10,0.003342849573202966
5.46875,4959.956407092839,7.143720992010601e-07,3.185492222805402e-05,3.185492222805402e-05,3.2352630650556363e-10,0.0035718604960053007
5.4750000000000005,4957.38520597362,7.602419677036395e-07,3.197641206283762e-05,3.197641206283762e-05,3.23778293498082e-10,0.0038012098385181974
5.48125,4954.810563559084,8.061732284338164e-07,3.2097979702477775e-05,3.2097979702477775e-05,3.2404550469650543e-10,0.004030866142169082
5.487500000000001,4952.232849922415,8.521592793372323e-07,3.2219544583742316e-05,3.2219544583742316e-05,3.243279582613822e-10,0.004260796396686161
5.49375,4949.652453002229,8.981931996437043e-07,3.234103025276708e-05,3.234103025276708e-05,3.2462567005932766e-10,0.004490965998218521
5.5,4947.069779071,9.442677415087369e-07,3.246236429847883e-05,3.246236429847883e-05,3.249386535546135e-10,0.0047213387075436845
5.5062500000000005,4944.485253201608,9.90375321691774e-07,3.2583478275985815e-05,3.2583478275985815e-05,3.2526691969799857e-10,0.00495187660845887
5.5125,4941.899319730536,1.0365080132918616e-06,3.2704307620987904e-05,3.2704307620987904e-05,3.256104768128202e-10,0.005182540066459308
5.518750000000001,4939.312442716711,1.0826575375629085e-06,3.282479155624954e-05,3.282479155624954e-05,3.259693304783734e-10,0.0054132876878145424
5.525,4936.72510639445,1.128815255832219e-06,3.294487299116245e-05,3.294487299116245e-05,3.263434834106105e-10,0.005644076279161095
5.53125,4934.137815619284,1.1749721615475358e-06,3.306449841540239e-05,3.306449841540239e-05,3.2673293534020534e-10,0.005874860807737679
5.5375000000000005,4931.5510963050865,1.2211188724793574e-06,3.3183617787654865e-05,3.3183617787654865e-05,3.271376828880327e-10,0.006105594362396787
5.54375,4928.965495850788,1.2672456231068571e-06,3.330218442035024e-05,3.330218442035024e-05,3.2755771943812385e-10,0.0063362281155342854
5.550000000000001,4926.381583555277,1.313342257217296e-06,3.3420154861308844e-05,3.3420154861308844e-05,3.279930350081694e-10,0.00656671128608648
5.55625,4923.799951018542,1.3593982207503678e-06,3.353748877315262e-05,3.353748877315262e-05,3.284436161176501e-10,0.006796991103751839
5.5625,4921.221212527068,1.4054025549204469e-06,3.3654148811292106e-05,3.3654148811292106e-05,3.2890944565368813e-10,0.007027012774602234
5.5687500000000005,4918.646005421971,1.4513438896512566e-06,3.3770100501246645e-05,3.3770100501246645e-05,3.293905027347222e-10,0.007256719448256283
5.575,4916.0749904474305,1.49721043735893e-06,3.38853121160025e-05,3.38853121160025e-05,3.298867625721221e-10,0.007486052186794651
5.581250000000001,4913.508852077569,1.5429899871209073e-06,3.399975455405845e-05,3.399975455405845e-05,3.303981963298703e-10,0.007714949935604536
5.5875,4910.948298819482,1.5886698992695184e-06,3.4113401218751965e-05,3.4113401218751965e-05,3.3092477098245175e-10,0.007943349496347592
5.59375,4908.394063490279,1.6342371004504206e-06,3.422622789940255e-05,3.422622789940255e-05,3.3146644917110573e-10,0.008171185502252104
5.6000000000000005,4905.846903465618,1.6796780791873605e-06,3.4338212654751456e-05,3.4338212654751456e-05,3.320231890586075e-10,0.008398390395936803
5.60625,4903.30760089762,1.724978881995905e-06,3.444933569912085e-05,3.444933569912085e-05,3.32594944182762e-10,0.008624894409979525
5.612500000000001,4900.776962899454,1.7701251100898963e-06,3.455957929165957e-05,3.455957929165957e-05,3.3318166330880567e-10,0.008850625550449482
5.61875,4898.255821694237,1.8151019167253731e-06,3.466892762898895e-05,3.466892762898895e-05,3.337832902809281e-10,0.009075509583626866
5.625,4895.745034725628,1.8598940052275886e-06,3.477736674150926e-05,3.477736674150926e-05,3.3439976387313965e-10,0.009299470026137943
5.6312500000000005,4893.24548472747,1.9044856277474943e-06,3.4884884393577564e-05,3.4884884393577564e-05,3.350310176397268e-10,0.00952242813873747
5.6375,4890.7580797501005,1.948860584794687e-06,3.499146998771969e-05,3.499146998771969e-05,3.3567697976555283e-10,0.009744302923973436
5.643750000000001,4888.283753140237,1.993002225594237e-06,3.509711447299415e-05,3.509711447299415e-05,3.363375729164767e-10,0.009965011127971185
5.65,4885.823463472104,2.0368934493151227e-06,3.5201810257583505e-05,3.5201810257583505e-05,3.3701271409017914e-10,0.010184467246575613
5.65625,4883.3781944272,2.0805167072180982e-06,3.530555112564987e-05,3.530555112564987e-05,3.377023144677006e-10,0.010402583536090491
5.6625000000000005,4880.948954619444,2.12385400577069e-06,3.540833215845523e-05,3.540833215845523e-05,3.384062792660118e-10,0.01061927002885345
5.66875,4878.536777363968,2.1668869107767725e-06,3.551014965971477e-05,3.551014965971477e-05,3.3912450759195305e-10,0.010834434553883863
5.675000000000001,4876.142720385843,2.2095965525675826e-06,3.5611001085122276e-05,3.5611001085122276e-05,3.398568922978938e-10,0.011047982762837912
5.68125,4873.767865467299,2.251963632300323e-06,3.571088497596086e-05,3.571088497596086e-05,3.4060331983948053e-10,0.011259818161501615
5.6875,4871.413318029865,2.2939684294094656e-06,3.580980089668944e-05,3.580980089668944e-05,3.4136367013585393e-10,0.011469842147047328
5.6937500000000005,4869.080206649627,2.3355908102546004e-06,3.590774937637651e-05,3.590774937637651e-05,3.4213781643273266e-10,0.011677954051273002
5.7,4866.769682503144,2.376810238007167e-06,3.600473185383625e-05,3.600473185383625e-05,3.4292562516877413e-10,0.011884051190035836
5.706250000000001,4864.482918741485,2.4176057838165498e-06,3.61007506263089e-05,3.61007506263089e-05,3.4372695584563624e-10,0.012088028919082748
5.7125,4862.221109790401,2.457956139293926e-06,3.619580880151717e-05,3.619580880151717e-05,3.4454166090217713e-10,0.01228978069646963
5.71875,4859.985470574753,2.497839630349881e-06,3.6289910252922636e-05,3.6289910252922636e-05,3.453695855932413e-10,0.012489198151749405
5.7250000000000005,4857.777235665058,2.537234232419041e-06,3.638305957800109e-05,3.638305957800109e-05,3.462105678734923e-10,0.012686171162095205
5.73125,4855.59765834463,2.576117587102007e-06,3.6475262059353004e-05,3.6475262059353004e-05,3.4706443828676127e-10,0.012880587935510035
5.737500000000001,4853.448009595809,2.6144670202515187e-06,3.656652362846458e-05,3.656652362846458e-05,3.479310198613902e-10,0.013072335101257593
5.74375,4851.3295770038785,2.6522595615261215e-06,3.665685083193601e-05,3.665685083193601e-05,3.4881012801205676e-10,0.013261297807630608
5.75,4849.243663577685,2.6894719654306664e-06,3.6746250799996544e-05,3.6746250799996544e-05,3.497015704485726e-10,0.013447359827153333
5.7562500000000005,4847.19158648594,2.726080733858653e-06,3.683473121713041e-05,3.683473121713041e-05,3.5060514709215393e-10,0.013630403669293264
5.7625,4845.174675709026,2.762062140146894e-06,3.692230029464306e-05,3.692230029464306e-05,3.515206499996648e-10,0.01381031070073447
5.768750000000001,4843.19427260536,2.7973922546479867e-06,3.700896674500408e-05,3.700896674500408e-05,3.524478632963368e-10,0.013986961273239933
5.775,4841.251728393,2.8320469718209663e-06,3.709473975781076e-05,3.709473975781076e-05,3.533865631174681e-10,0.014160234859104831
5.78125,4839.348402546229,2.8660020388349527e-06,3.7179628977224204e-05,3.7179628977224204e-05,3.543365175596031e-10,0.014330010194174764
5.7875000000000005,4837.485661107958,2.8992330856748678e-06,3.7263644480739045e-05,3.7263644480739045e-05,3.552974866416911e-10,0.01449616542837434
5.79375,4835.6648749190435,2.9317156567322573e-06,3.73467967591566e-05,3.73467967591566e-05,3.562692222767159e-10,0.014658578283661286
5.800000000000001,4833.887417765374,2.9634252438579496e-06,3.742909669764064e-05,3.742909669764064e-05,3.5725146825428057e-10,0.014817126219289748
5.80625,4832.154664445062,2.994337320846829e-06,3.751055555774437e-05,3.751055555774437e-05,3.582439602346231e-10,0.014971686604234145
5.8125,4830.46798875697,3.024427379318218e-06,3.759118496030627e-05,3.759118496030627e-05,3.5924642575452414e-10,0.01512213689659109
5.8187500000000005,4828.828761413886,3.0536709659485525e-06,3.7670996869121616e-05,3.7670996869121616e-05,3.60258584245556e-10,0.015268354829742762
5.825,4827.238347882291,3.082043721005915e-06,3.7750003575305365e-05,3.7750003575305365e-05,3.6128014706510447e-10,0.015410218605029575
5.831250000000001,4825.698106152764,3.1095214181289057e-06,3.7828217682270095e-05,3.7828217682270095e-05,3.62310817540575e-10,0.015547607090644528
5.8375,4824.209384443932,3.1360800052850246e-06,3.7905652091251334e-05,3.7905652091251334e-05,3.633502910271753e-10,0.015680400026425123
5.84375,4822.77351884466,3.161695646836461e-06,3.798231998731953e-05,3.798231998731953e-05,3.6439825497964064e-10,0.015808478234182306
5.8500000000000005,4821.391830898303,3.1863447666338647e-06,3.805823482582528e-05,3.805823482582528e-05,3.65454389038243e-10,0.015931723833169324
5.85625,4820.065625134503,3.2100040920513795e-06,3.813341031923081e-05,3.813341031923081e-05,3.6651836512939586e-10,0.016050020460256897
5.862500000000001,4818.796186553229,3.2326506988689652e-06,3.820786042428652e-05,3.820786042428652e-05,3.675898475811354e-10,0.016163253494344828
5.86875,4817.584778067144,3.254262056900942e-06,3.828159932951698e-05,3.828159932951698e-05,3.6866849325372577e-10,0.01627131028450471
5.875,4816.4326379081995,3.2748160762626648e-06,3.8354641442985376e-05,3.8354641442985376e-05,3.6975395168559955e-10,0.016374080381313324
5.8812500000000005,4815.340977004827,3.294291154160522e-06,3.842700138030969e-05,3.842700138030969e-05,3.7084586525480725e-10,0.01647145577080261
5.8875,4814.310976336558,3.312666222083815e-06,3.849869395290778e-05,3.849869395290778e-05,3.719438693561087e-10,0.016563331110419074
5.893750000000001,4813.343784273558,3.3299207932709316e-06,3.8569734156451455e-05,3.8569734156451455e-05,3.730475925937974e-10,0.01664960396635466
5.9,4812.440513907743,3.346035010316205e-06,3.864013715951267e-05,3.864013715951267e-05,3.7415665699030467e-10,0.016730175051581024
5.90625,4811.602240384413,3.360989692778397e-06,3.870991829238719e-05,3.870991829238719e-05,3.752706782105836e-10,0.016804948463891984
5.9125000000000005,4810.829998241432,3.3747663846465825e-06,3.8779093036082774e-05,3.8779093036082774e-05,3.7638926580222614e-10,0.016873831923232913
5.91875,4810.124778764948,3.387347401514609e-06,3.884767701146075e-05,3.884767701146075e-05,3.775120234512163e-10,0.016936737007573047
5.925000000000001,4809.487527369945,3.39871587731118e-06,3.8915685968520846e-05,3.8915685968520846e-05,3.7863854925317244e-10,0.0169935793865559
5.93125,4808.919141014539,3.4088558104290824e-06,3.8983135775820026e-05,3.8983135775820026e-05,3.797684359998794e-10,0.017044279052145412
5.9375,4808.42046565681,3.4177521090941023e-06,3.9050042410016864e-05,3.9050042410016864e-05,3.8090127148085835e-10,0.01708876054547051
5.9437500000000005,4807.992293763409,3.425390635811924e-06,3.911642194553313e-05,3.911642194553313e-05,3.8203663879966873e-10,0.01712695317905962
5.95,4807.635361878991,3.4317582507296565e-06,3.9182290544324804e-05,3.9182290544324804e-05,3.8317411670458304e-10,0.017158791253648283
5.956250000000001,4807.350348265523,3.436842853747732e-06,3.924766444575457e-05,3.924766444575457e-05,3.843132799332194e-10,0.01718421426873866
5.9625,4807.13787062117,3.440633425217815e-06,3.9312559956557724e-05,3.9312559956557724e-05,3.854536995706641e-10,0.017203167126089075
5.96875,4806.998483887308,3.443120065062913e-06,3.9376993440893565e-05,3.9376993440893565e-05,3.865949434205604e-10,0.017215600325314565
5.9750000000000005,4806.932678153318,3.4442940301573655e-06,3.944098131047387e-05,3.944098131047387e-05,3.8773657638858757e-10,0.017221470150786827
5.98125,4806.940876667741,3.44414776980658e-06,3.950454001475971e-05,3.950454001475971e-05,3.888781608776995e-10,0.0172207388490329
5.987500000000001,4807.023433964779,3.4426749591694477e-06,3.956768603121791e-05,3.956768603121791e-05,3.900192571944416e-10,0.01721337479584724
5.99375,4807.180634114789,3.4398705304703044e-06,3.963043585562775e-05,3.963043585562775e-05,3.9115942396561317e-10,0.01719935265235152
6.0,4807.41268910697,3.4357307018520134e-06,3.969280599242837e-05,3.969280599242837e-05,3.9229821856449304e-10,0.017178653509260067
6.0062500000000005,4807.719737372152,3.43025300372733e-06,3.975481294509716e-05,3.975481294509716e-05,3.934351975457998e-10,0.01715126501863665
6.0125,4808.1018424537415,3.4234363024921574e-06,3.9816473206548856e-05,3.9816473206548856e-05,3.945699170885119e-10,0.017117181512460788
6.018750000000001,4808.558991833318,3.4152808214714737e-06,3.987780324954514e-05,3.987780324954514e-05,3.957019334456301e-10,0.01707640410735737
6.025,4809.091095918803,3.4057881589768574e-06,3.993881951710409e-05,3.993881951710409e-05,3.9683080339992574e-10,0.017028940794884286
6.03125,4809.697987200149,3.394961303363225e-06,3.99995384128988e-05,3.99995384128988e-05,3.979560847246792e-10,0.016974806516816127
6.0375000000000005,4810.379419579517,3.382804644982069e-06,4.0059976291634366e-05,4.0059976291634366e-05,3.9907733664838055e-10,0.016914023224910344
6.04375,4811.135067880317,3.369323984938715e-06,4.012014944939225e-05,4.012014944939225e-05,4.0019412032233273e-10,0.016846619924693575
6.050000000000001,4811.964527539976,3.3545265405720483e-06,4.018007411393114e-05,4.018007411393114e-05,4.013059992900712e-10,0.01677263270286024
6.05625,4812.867314490565,3.3384209475868155e-06,4.023976643493336e-05,4.023976643493336e-05,4.024125399574902e-10,0.016692104737934078
6.0625,4813.842865230041,3.3210172587806503e-06,4.0299242474185805e-05,4.0299242474185805e-05,4.035133120625471e-10,0.01660508629390325
6.0687500000000005,4814.890537087005,3.302326939320731e-06,4.035851819568473e-05,4.035851819568473e-05,4.046078891434012e-10,0.016511634696603654
6.075,4816.009608680799,3.2823628585380496e-06,4.041760945565347e-05,4.041760945565347e-05,4.0569584900383267e-10,0.016411814292690247
6.081250000000001,4817.199280577565,3.261139278220805e-06,4.047653199246254e-05,4.047653199246254e-05,4.067767741747813e-10,0.016305696391104026
6.0875,4818.4586761429955,3.2386718374022346e-06,4.0535301416441655e-05,4.0535301416441655e-05,4.07850252370843e-10,0.01619335918701117
6.09375,4819.786842591018,3.2149775336523427e-06,4.0593933199573215e-05,4.0593933199573215e-05,4.089158769405655e-10,0.016074887668261713
6.1000000000000005,4821.182752227174,3.1900747008971463e-06,4.0652442665057126e-05,4.0652442665057126e-05,4.0997324730939176e-10,0.01595037350448573
6.10625,4822.645303884346,3.1639829838034763e-06,4.071084497673705e-05,4.071084497673705e-05,4.1102196941411343e-10,0.01581991491901738
6.112500000000001,4824.173324548312,3.1367233087816685e-06,4.076915512837814e-05,4.076915512837814e-05,4.1206165612771286e-10,0.015683616543908343
6.11875,4825.765571168896,3.108317851672791e-06,4.082738793278665e-05,4.082738793278665e-05,4.130919276734946e-10,0.015541589258363955
6.125,4827.420732652628,3.078790002201168e-06,4.0885558010762054e-05,4.0885558010762054e-05,4.141124120274348e-10,0.015393950011005839
6.1312500000000005,4829.137432031299,3.0481643252868273e-06,4.0943679779872343e-05,4.0943679779872343e-05,4.1512274530770724e-10,0.015240821626434137
6.1375,4830.914228800596,3.016466519326116e-06,4.1001767443043443e-05,4.1001767443043443e-05,4.1612257215038114e-10,0.01508233259663058
6.143750000000001,4832.749621421634,2.9837233715618087e-06,4.1059834976953804e-05,4.1059834976953804e-05,4.171115460703262e-10,0.014918616857809043
6.15,4834.642049978491,2.9499627106767943e-06,4.111789612022567e-05,4.111789612022567e-05,4.180893298064045e-10,0.014749813553383971
6.15625,4836.589898982771,2.9152133567574747e-06,4.117596436140421e-05,4.117596436140421e-05,4.190555956500774e-10,0.014576066783787374
6.1625000000000005,4838.5915003171,2.8795050687845286e-06,4.123405292671638e-05,4.123405292671638e-05,4.20010025756608e-10,0.014397525343922643
6.16875,4840.64513630765,2.842868489819424e-06,4.12921747676013e-05,4.12921747676013e-05,4.2095231243809524e-10,0.01421434244909712
6.175000000000001,4842.749042915778,2.805335090065098e-06,4.1350342548004206e-05,4.1350342548004206e-05,4.2188215843763537e-10,0.01402667545032549
6.18125,4844.90141303837,2.766937107988297e-06,4.140856863142612e-05,4.140856863142612e-05,4.227992771839675e-10,0.013834685539941485
6.1875,4847.1003999058385,2.727707489699404e-06,4.146686506772183e-05,4.146686506772183e-05,4.2370339302602676e-10,0.01363853744849702
6.1937500000000005,4849.34412056659,2.687679826792825e-06,4.1525243579638684e-05,4.1525243579638684e-05,4.2459424144689404e-10,0.013438399133964125
6.2,4851.630659445659,2.6468882928572714e-06,4.158371554908924e-05,4.158371554908924e-05,4.2547156925670154e-10,0.013234441464286357
6.206250000000001,4853.958071966316,2.605367578870634e-06,4.164229200315074e-05,4.164229200315074e-05,4.2633513476412484e-10,0.013026837894353169
6.2125,4856.32438822151,2.5631528276982054e-06,4.1700983599785134e-05,4.1700983599785134e-05,4.271847079261637e-10,0.012815764138491026
6.21875,4858.727616683565,2.5202795679162007e-06,4.1759800613272914e-05,4.1759800613272914e-05,4.2802007047598846e-10,0.012601397839581004
6.2250000000000005,4861.165747938711,2.476783647184413e-06,4.181875291935542e-05,4.181875291935542e-05,4.2884101602870224e-10,0.012383918235922064
6.23125,4863.63675843473,2.4327011653927373e-06,4.187784998007958e-05,4.187784998007958e-05,4.2964735016494425e-10,0.012163505826963687
6.237500000000001,4866.138614228226,2.388068407805947e-06,4.1937100828340186e-05,4.1937100828340186e-05,4.3043889049233344e-10,0.011940342039029736
6.24375,4868.66927471997,2.3429217784297355e-06,4.1996514052115066e-05,4.1996514052115066e-05,4.312154666848259e-10,0.011714608892148677
6.25,4871.226696365091,2.297297733818442e-06,4.205609777838884e-05,4.205609777838884e-05,4.3197692050013255e-10,0.01148648866909221
6.2562500000000005,4873.808836346632,2.2512327175412656e-06,4.211585965676181e-05,4.211585965676181e-05,4.3272310577541493e-10,0.011256163587706328
6.2625,4876.413656200126,2.2047630955190467e-06,4.217580684274111e-05,4.217580684274111e-05,4.334538884015484e-10,0.011023815477595234
6.268750000000001,4879.039125377923,2.157925092437917e-06,4.2235945980711555e-05,4.2235945980711555e-05,4.3416914627630875e-10,0.010789625462189584
6.275,4881.683224741942,2.1107547294393977e-06,4.22962831865851e-05,4.22962831865851e-05,4.348687692369063e-10,0.010553773647196988
6.28125,4884.343949974038,2.0632877632787687e-06,4.235682403012802e-05,4.235682403012802e-05,4.355526589723533e-10,0.010316438816393844
6.2875000000000005,4887.019314893912,2.0155596271349595e-06,4.241757351696616e-05,4.241757351696616e-05,4.362207289162125e-10,0.010077798135674797
6.29375,4889.707354674624,1.9676053732457343e-06,4.2478536070269604e-05,4.2478536070269604e-05,4.368729041203318e-10,0.009838026866228672
6.300000000000001,4892.406128946661,1.9194596175317338e-06,4.2539715512119125e-05,4.2539715512119125e-05,4.375091211102242e-10,0.00959729808765867
6.30625,4895.113724782013,1.8711564863619856e-06,4.260111504455807e-05,4.260111504455807e-05,4.381293277228029e-10,0.009355782431809928
6.3125,4897.8282595501,1.8227295656019344e-06,4.266273723033445e-05,4.266273723033445e-05,4.387334829272277e-10,0.009113647828009672
6.3187500000000005,4900.547883638836,1.7742118520729409e-06,4.272458397333982e-05,4.272458397333982e-05,4.393215566296632e-10,0.008871059260364704
6.325,4903.270783033771,1.725635707539552e-06,4.278665649875245e-05,4.278665649875245e-05,4.3989352946278453e-10,0.00862817853769776
6.331250000000001,4905.995181749773,1.6770328153278946e-06,4.284895533289445e-05,4.284895533289445e-05,4.404493925609052e-10,0.008385164076639473
6.3375,4908.7193441102745,1.6284341396652406e-06,4.291148028281404e-05,4.291148028281404e-05,4.409891473216269e-10,0.008142170698326203
6.34375,4911.441576869635,1.5798698878172286e-06,4.297423041560587e-05,4.297423041560587e-05,4.4151280515494e-10,0.007899349439086142
6.3500000000000005,4914.1602311751385,1.5313694750856263e-06,4.303720403748468e-05,4.303720403748468e-05,4.420203872207221e-10,0.007656847375428132
6.35625,4916.873704365947,1.4829614927157493e-06,4.310039867262929e-05,4.310039867262929e-05,4.4251192415559924e-10,0.007414807463578746
6.362500000000001,4919.58044160694,1.434673678749002e-06,4.31638110418164e-05,4.31638110418164e-05,4.429874557901461e-10,0.00717336839374501
6.36875,4922.278937356224,1.3865328918424346e-06,4.322743704086609e-05,4.322743704086609e-05,4.434470308574086e-10,0.006932664459212173
6.375,4924.967736665824,1.3385650880638269e-06,4.3291271718923135e-05,4.3291271718923135e-05,4.438907066937349e-10,0.006692825440319134
6.3812500000000005,4927.645436316008,1.2907953006577485e-06,4.335530925660136e-05,4.335530925660136e-05,4.4431854893289997e-10,0.0064539765032887424
6.3875,4930.310685783757,1.2432476227652424e-06,4.341954294402055e-05,4.341954294402055e-05,4.4473063119450215e-10,0.006216238113826212
6.393750000000001,4932.962188047672,1.195945193067521e-06,4.3483965158768625e-05,4.3483965158768625e-05,4.451270347676016e-10,0.005979725965337605
6.4,4935.598700230978,1.1489101843121497e-06,4.354856734382478e-05,4.354856734382478e-05,4.455078482905554e-10,0.005744550921560748
6.40625,4938.219034086155,1.1021637946689512e-06,4.361333998548248e-05,4.361333998548248e-05,4.458731674279876e-10,0.005510818973344756
6.4125000000000005,4940.8220563243685,1.055726241852144e-06,4.3678272591314305e-05,4.3678272591314305e-05,4.4622309454581117e-10,0.0052786312092607205
6.41875,4943.4066887940335,1.00961675993519e-06,4.3743353668224316e-05,4.3743353668224316e-05,4.465577383851939e-10,0.00504808379967595
6.425000000000001,4945.971908513073,9.638535987754932e-07,4.380857070063681e-05,4.380857070063681e-05,4.468772137363338e-10,0.004819267993877466
6.43125,4948.516747559969,9.184540259574727e-07,4.387391012887439e-05,4.387391012887439e-05,4.471816411128788e-10,0.004592270129787363
6.4375,4951.040292829272,8.734343311546989e-07,4.393935732778141e-05,4.393935732778141e-05,4.474711464277916e-10,0.004367171655773495
6.4437500000000005,4953.541685657446,8.288098328047468e-07,4.400489658565316e-05,4.400489658565316e-05,4.4774586067142767e-10,0.004144049164023734
6.45,4956.02012132537,7.845948869841752e-07,4.4070511083534804e-05,4.4070511083534804e-05,4.480059195925546e-10,0.0039229744349208754
6.456250000000001,4958.474848444162,7.4080289836565e-07,4.4136182874957974e-05,4.4136182874957974e-05,4.4825146338300324e-10,0.0037040144918282503
6.4625,4960.905168231122,6.974463331346577e-07,4.420189286618698e-05,4.420189286618698e-05,4.4848263636660007e-10,0.0034872316656732886
6.46875,4963.310433682948,6.54536733739518e-07,4.4267620797050635e-05,4.4267620797050635e-05,4.4869958669298893e-10,0.00327268366869759
6.4750000000000005,4965.690048653447,6.120847353455046e-07,4.433334522243966e-05,4.433334522243966e-05,4.4890246603690625e-10,0.003060423676727523
6.48125,4968.043466842956,5.701000838617851e-07,4.439904349455364e-05,4.439904349455364e-05,4.490914293034314e-10,0.0028505004193089254
6.487500000000001,4970.370190707215,5.285916554086233e-07,4.446469174598555e-05,4.446469174598555e-05,4.492666343396899e-10,0.0026429582770431167
6.49375,4972.669770292817,4.875674770917562e-07,4.453026487373586e-05,4.453026487373586e-05,4.494282416534419e-10,0.0024378373854587808
6.5,4974.941802006926,4.470347489511211e-07,4.4595736524252004e-05,4.4595736524252004e-05,4.495764141389463e-10,0.0022351737447556053
6.5062500000000005,4977.1859273285,4.069998669520575e-07,4.466107907959291e-05,4.466107907959291e-05,4.49711316810445e-10,0.002034999334760287
6.5125,4979.401831468393,3.674684468887627e-07,4.472626364482194e-05,4.472626364482194e-05,4.498331165435702e-10,0.0018373422344438134
6.518750000000001,4981.589241985485,3.284453490720724e-07,4.479126003673511e-05,4.479126003673511e-05,4.4994198182493495e-10,0.001642226745360362
6.525,4983.747927365999,2.899347036765462e-07,4.4856036774034866e-05,4.4856036774034866e-05,4.5003808251012445e-10,0.001449673518382731
6.53125,4985.877695572345,2.519399366252452e-07,4.4920561069062924e-05,4.4920561069062924e-05,4.501215895902679e-10,0.001259699683126226
6.5375000000000005,4987.978392568784,2.1446379589461902e-07,4.4984798821208476e-05,4.4984798821208476e-05,4.501926749673286e-10,0.0010723189794730951
6.54375,4990.049900829656,1.7750837812627652e-07,4.504871461211094e-05,4.504871461211094e-05,4.5025151123821475e-10,0.0008875418906313826
6.550000000000001,4992.092137836458,1.4107515543728536e-07,4.5112271702778885e-05,4.5112271702778885e-05,4.5029827148777727e-10,0.0007053757771864268
6.55625,4994.105054569941,1.051650023258382e-07,4.517543203274846e-05,4.517543203274846e-05,4.5033312909072483e-10,0.000525825011629191
6.5625,4996.088634001754,6.977822257456848e-08,4.5238156221406995e-05,4.5238156221406995e-05,4.5035625752245683e-10,0.0003488911128728424
6.5687500000000005,4998.042889591869,3.491457605961576e-08,4.5300403571608325e-05,4.5300403571608325e-05,4.5036783017878213e-10,0.00017457288029807882
6.575,4999.96786379584,5.733053794398733e-10,4.53621320757074e-05,4.53621320757074e-05,4.503680202044641e-10,2.866526897199366e-06
6.581250000000001,5001.863626586843,-3.324683777648163e-08,4.542329842414249e-05,4.542329842414249e-05,4.503570003305056e-10,-0.00016623418888240816
6.5875,5003.730273996087,-6.654756659276497e-08,4.548385801669296e-05,4.548385801669296e-05,4.503349427200638e-10,-0.00033273783296382486
6.59375,5005.567926676174,-9.933103349441478e-08,4.5543764976540264e-05,4.5543764976540264e-05,4.5030201882286087e-10,-0.0004966551674720739
6.6000000000000005,5007.376728490007,-1.315998049754729e-07,4.560297216725863e-05,4.560297216725863e-05,4.502583992379385e-10,-0.0006579990248773645
6.60625,5009.156845128833,-1.6335683694489467e-07,4.56614312128603e-05,4.56614312128603e-05,4.5020425358458374e-10,-0.0008167841847244733
6.612500000000001,5010.908462762049,-1.9460545063838836e-07,4.571909252101787e-05,4.571909252101787e-05,4.5013975038123894e-10,-0.0009730272531919418
6.61875,5012.631786721033,-2.2534930913889336e-07,4.577590530958346e-05,4.577590530958346e-05,4.5006505693219467e-10,-0.001126746545694467
6.625,5014.327040219153,-2.5559239454246555e-07,4.5831817636520605e-05,4.5831817636520605e-05,4.499803392218506e-10,-0.0012779619727123278
6.6312500000000005,5015.9944631098715,-2.853389858005862e-07,4.5886776433360775e-05,4.5886776433360775e-05,4.4988576181632104e-10,-0.001426694929002931
6.6375,5017.634310683926,-3.145936372644331e-07,4.594072754229112e-05,4.594072754229112e-05,4.4978148777215176e-10,-0.0015729681863221657
6.643750000000001,5019.246852507157,-3.4336115795130634e-07,4.5993615756974447e-05,4.5993615756974447e-05,4.496676785519095e-10,-0.0017168057897565317
6.65,5020.832371299716,-3.716465915483991e-07,4.6045384867195856e-05,4.6045384867195856e-05,4.4954449394639916e-10,-0.0018582329577419953
6.65625,5022.39116185694,-3.994551971643256e-07,4.609597770742303e-05,4.609597770742303e-05,4.4941209200326084e-10,-0.001997275985821628
6.6625000000000005,5023.923530012847,-4.267924308343327e-07,4.6145336209359174e-05,4.6145336209359174e-05,4.4927062896169736e-10,-0.0021339621541716634
6.66875,5025.429791645579,-4.5366392778095856e-07,4.619340145855867e-05,4.619340145855867e-05,4.491202591930816e-10,-0.0022683196389047928
6.675000000000001,5026.910271725408,-4.80075485428012e-07,4.6240113755165496e-05,4.6240113755165496e-05,4.489611351471937e-10,-0.00240037742714006
6.68125,5028.365303404389,-5.060330471622096e-07,4.628541267882431e-05,4.628541267882431e-05,4.487934073038408e-10,-0.002530165235811048
6.6875,5029.795227147693,-5.315426868335403e-07,4.632923715780219e-05,4.632923715780219e-05,4.486172241296142e-10,-0.0026577134341677017
6.6937500000000005,5031.200389905331,-5.566105939825479e-07,4.637152554234733e-05,4.637152554234733e-05,4.4843273203954293e-10,-0.00278305296991274
6.7,5032.5811443242,-5.812430597800578e-07,4.6412215682297464e-05,4.6412215682297464e-05,4.4824007536340786e-10,-0.002906215298900289
6.706250000000001,5033.937847998804,-6.054464636626306e-07,4.645124500893726e-05,4.645124500893726e-05,4.480393963164854e-10,-0.003027232318313153
6.7125,5035.270862760194,-6.292272606449834e-07,4.6488550621089305e-05,4.6488550621089305e-05,4.4783083497449656e-10,-0.0031461363032249173
6.71875,5036.580554001434,-6.525919692889578e-07,4.652406937540795e-05,4.652406937540795e-05,4.47614529252544e-10,-0.003262959846444789
6.7250000000000005,5037.867290038943,-6.755471603071481e-07,4.655773798082903e-05,4.655773798082903e-05,4.473906148878263e-10,-0.0033777358015357408
6.73125,5039.131441507794,-6.980994457782053e-07,4.658949309711214e-05,4.658949309711214e-05,4.4715922542592677e-10,-0.0034904972288910267
6.737500000000001,5040.373380790283,-7.202554689498797e-07,4.6619271437394366e-05,4.6619271437394366e-05,4.4692049221048246e-10,-0.0036012773447493987
6.74375,5041.593481475841,-7.420218946052629e-07,4.664700987465682e-05,4.664700987465682e-05,4.466745443760461e-10,-0.0037101094730263144
6.75,5042.792117851203,-7.634053999672292e-07,4.667264555198635e-05,4.667264555198635e-05,4.4642150884396267e-10,-0.003817026999836146
6.7562500000000005,5043.969664419258,-7.844126661158693e-07,4.669611599649647e-05,4.669611599649647e-05,4.461615103210912e-10,-0.003922063330579347
6.7625,5045.126495445456,-8.050503698936695e-07,4.671735923675159e-05,4.671735923675159e-05,4.4589467130120904e-10,-0.004025251849468348
6.768750000000001,5046.262984529827,-8.253251762733615e-07,4.673631392351944e-05,4.673631392351944e-05,4.4562111206894646e-10,-0.004126625881366808
6.775,5047.379504203849,-8.452437311636378e-07,4.675291945365622e-05,4.675291945365622e-05,4.453409507061053e-10,-0.004226218655818189
6.78125,5048.47642555018,-8.648126546284072e-07,4.676711609690941e-05,4.676711609690941e-05,4.4505430310022543e-10,-0.004324063273142036
6.7875000000000005,5049.554117844649,-8.840385344957861e-07,4.677884512540254e-05,4.677884512540254e-05,4.447612829552697e-10,-0.004420192672478931
6.79375,5050.612948218336,-9.029279203337524e-07,4.6788048945546285e-05,4.6788048945546285e-05,4.4446200180430534e-10,-0.004514639601668762
6.800000000000001,5051.653281339341,-9.214873177700955e-07,4.67946712321004e-05,4.67946712321004e-05,4.441565690240682e-10,-0.004607436588850477
6.80625,5052.675479112471,-9.397231831351712e-07,4.679865706409084e-05,4.679865706409084e-05,4.4384509185130266e-10,-0.004698615915675856
6.8125,5053.679900395749,-9.576419184068616e-07,4.679995306226737e-05,4.679995306226737e-05,4.4352767540077733e-10,-0.004788209592034309
6.8187500000000005,5054.666900733082,-9.752498664380669e-07,4.67985075277676e-05,4.67985075277676e-05,4.432044226848822e-10,-0.004876249332190334
6.825,5055.636832101357,-9.92553306448062e-07,4.6794270581635405e-05,4.6794270581635405e-05,4.4287543463472036e-10,-0.00496276653224031
6.831250000000001,5056.5900426716735,-1.0095584497600232e-06,4.678719430482331e-05,4.678719430482331e-05,4.4254081012261277e-10,-0.005047792248800116
6.8375,5057.52687658317,-1.0262714357680637e-06,4.677723287829236e-05,4.677723287829236e-05,4.422006459859395e-10,-0.005131357178840319
6.84375,5058.447673728986,-1.0426983281181127e-06,4.6764342722806096e-05,4.6764342722806096e-05,4.418550370522469e-10,-0.005213491640590563
6.8500000000000005,5059.352769553297,-1.0588451110879777e-06,4.67484826380011e-05,4.67484826380011e-05,4.415040761655548e-10,-0.005294225555439888
6.85625,5060.242494858905,-1.0747176861529086e-06,4.6729613940302174e-05,4.6729613940302174e-05,4.4114785421380177e-10,-0.005373588430764542
6.862500000000001,5061.117175624298,-1.090321868723957e-06,4.6707700599238466e-05,4.6707700599238466e-05,4.4078646015737177e-10,-0.005451609343619785
6.86875,5061.977132829974,-1.1056633850473368e-06,4.6682709371704983e-05,4.6682709371704983e-05,4.404199810586483e-10,-0.005528316925236683
6.875,5062.822682292832,-1.120747869253916e-06,4.6654609933705346e-05,4.6654609933705346e-05,4.4004850211254684e-10,-0.00560373934626958
6.8812500000000005,5063.654134508945,-1.1355808605487755e-06,4.662337500910295e-05,4.662337500910295e-05,4.396721066779782e-10,-0.005677904302743878
6.8875,5064.47179450305,-1.1501678005316562e-06,4.658898049490238e-05,4.658898049490238e-05,4.3929087631020085e-10,-0.005750839002658281
6.893750000000001,5065.275961685439,-1.1645140306398168e-06,4.6551405582578036e-05,4.6551405582578036e-05,4.389048907940201e-10,-0.0058225701531990845
6.9,5066.066929714951,-1.1786247897055986e-06,4.651063287496524e-05,4.651063287496524e-05,4.3851422817779726e-10,-0.005893123948527993
6.90625,5066.844986368075,-1.1925052116216434e-06,4.646664849822849e-05,4.646664849822849e-05,4.3811896480823257e-10,-0.005962526058108217
6.9125000000000005,5067.610413413775,-1.206160323107345e-06,4.6419442208423685e-05,4.6419442208423685e-05,4.377191753658885e-10,-0.0060308016155367255
6.91875,5068.363486493694,-1.2195950415706987e-06,4.6369007492175143e-05,4.6369007492175143e-05,4.3731493290142156e-10,-0.006097975207853493
6.925000000000001,5069.104475007285,-1.2328141730602439e-06,4.6315341660994695e-05,4.6315341660994695e-05,4.369063088724932e-10,-0.006164070865301219
6.93125,5069.833642001835,-1.245822410302288e-06,4.6258445938778854e-05,4.6258445938778854e-05,4.3649337318133124e-10,-0.00622911205151144
6.9375,5070.5512440668645,-1.2586243308190464e-06,4.619832554203109e-05,4.619832554203109e-05,4.3607619421291476e-10,-0.0062931216540952324
6.9437500000000005,5071.2575312331455,-1.2712243951237078e-06,4.613498975236962e-05,4.613498975236962e-05,4.356548388737577e-10,-0.006356121975618539
6.95,5071.952746875486,-1.2836269449888504e-06,4.606845198089715e-05,4.606845198089715e-05,4.352293726312661e-10,-0.006418134724944252
6.956250000000001,5072.637127619605,-1.2958362017849112e-06,4.599872982402698e-05,4.599872982402698e-05,4.347998595536462e-10,-0.006479181008924556
6.9625,5073.310903252861,-1.3078562648857055e-06,4.5925845110380736e-05,4.5925845110380736e-05,4.343663623503409e-10,-0.0065392813244285275
6.96875,5073.974296638372,-1.3196911101382938e-06,4.5849823938395655e-05,4.5849823938395655e-05,4.3392894241297353e-10,-0.006598455550691469
6.9750000000000005,5074.627523632773,-1.3313445883946566e-06,4.577069670430497e-05,4.577069670430497e-05,4.3348765985677827e-10,-0.006656722941973283
6.98125,5075.270793007214,-1.342820424102897e-06,4.5688498120182126e-05,4.5688498120182126e-05,4.330425735624975e-10,-0.006714102120514485
6.987500000000001,5075.904306371578,-1.3541222139558266e-06,4.560326722176929e-05,4.560326722176929e-05,4.325937412187271e-10,-0.006770611069779133
6.99375,5076.528258101984,-1.3652534255949538e-06,4.551504736584262e-05,4.551504736584262e-05,4.321412193646913e-10,-0.006826267127974769
7.0,5077.142835270885,-1.3762173963680634e-06,4.542388621689999e-05,4.542388621689999e-05,4.316850634334294e-10,-0.006881086981840317
7.0062500000000005,5077.748217580627,-1.3870173321386267e-06,4.5329835722993026e-05,4.5329835722993026e-05,4.31225327795377e-10,-0.006935086660693133
7.0125,5078.344577299239,-1.3976563061454644e-06,4.523295208056198e-05,4.523295208056198e-05,4.307620658023253e-10,-0.006988281530727322
7.018750000000001,5078.932079199511,-1.4081372579111087e-06,4.513329568817136e-05,4.513329568817136e-05,4.302953298317423e-10,-0.007040686289555544
7.025,5079.510880500226,-1.418462992197454e-06,4.503093108908407e-05,4.503093108908407e-05,4.2982517133143994e-10,-0.00709231496098727
7.03125,5080.081130810386,-1.4286361780073056e-06,4.492592690265357e-05,4.492592690265357e-05,4.293516408645724e-10,-0.007143180890036528
7.0375000000000005,5080.642972075569,-1.4386593476305636e-06,4.481835574455585e-05,4.481835574455585e-05,4.288747881549504e-10,-0.0071932967381528184
7.04375,5081.196538527022,-1.448534895733787e-06,4.4708294135926606e-05,4.4708294135926606e-05,4.2839466213265725e-10,-0.007242674478668935
7.050000000000001,5081.741956632964,-1.4582650784919949e-06,4.459582240151254e-05,4.459582240151254e-05,4.2791131097995293e-10,-0.007291325392459975
7.05625,5082.279345052168,-1.4678520127615929e-06,4.448102455699081e-05,4.448102455699081e-05,4.2742478217745195e-10,-0.007339260063807964
7.0625,5082.808814589934,-1.4772976752933885e-06,4.4363988185654157e-05,4.4363988185654157e-05,4.2693512255056236e-10,-0.007386488376466942
7.0687500000000005,5083.330468156104,-1.4866039019847202e-06,4.424480430470482e-05,4.424480430470482e-05,4.2644237831617246e-10,-0.0074330195099236015
7.075,5083.844400725323,-1.4957723871697844e-06,4.4123567221443695e-05,4.4123567221443695e-05,4.2594659512957277e-10,-0.007478861935848922
7.081250000000001,5084.350699299326,-1.5048046829473212e-06,4.400037437968532e-05,4.400037437968532e-05,4.254478181316009e-10,-0.0075240234147366065
7.0875,5084.849442871293,-1.5137021985448842e-06,4.387532619677186e-05,4.387532619677186e-05,4.2494609199599713e-10,-0.0075685109927244205
7.09375,5085.340702392275,-1.522466199718996e-06,4.374852589160132e-05,4.374852589160132e-05,4.244414609769587e-10,-0.00761233099859498
7.1000000000000005,5085.824540739465,-1.5310978081905745e-06,4.362007930412561e-05,4.362007930412561e-05,4.2393396895688147e-10,-0.007655489040952873
7.10625,5086.301012686617,-1.5395980011150882e-06,4.349009470681323e-05,4.349009470681323e-05,4.234236594942769e-10,-0.007697990005575441
7.112500000000001,5086.770164876132,-1.5479676105870153e-06,4.3358682608608595e-05,4.3358682608608595e-05,4.2291057587185355e-10,-0.007739838052935076
7.11875,5087.2320357933295,-1.556207323178237e-06,4.322595555195532e-05,4.322595555195532e-05,4.223947611447513e-10,-0.007781036615891184
7.125,5087.6866557423,-1.5643176795101384e-06,4.309202790348415e-05,4.309202790348415e-05,4.2187625818891776e-10,-0.007821588397550691
7.1312500000000005,5088.134046823914,-1.5722990738592684e-06,4.295701563899659e-05,4.295701563899659e-05,4.21355109749615e-10,-0.007861495369296341
7.1375,5088.5742229155985,-1.5801517537965256e-06,4.2821036123403614e-05,4.2821036123403614e-05,4.208313584900462e-10,-0.007900758768982628
7.143750000000001,5089.007189652948,-1.5878758198599766e-06,4.268420788630421e-05,4.268420788630421e-05,4.2030504704009066e-10,-0.007939379099299882
7.15,5089.432944413235,-1.595471225261527e-06,4.254665039391081e-05,4.254665039391081e-05,4.197762180451358e-10,-0.007977356126307636
7.15625,5089.851476301044,-1.6029377756277607e-06,4.240848381804783e-05,4.240848381804783e-05,4.192449142149952e-10,-0.008014688878138804
7.1625000000000005,5090.262766135558,-1.610275128775479e-06,4.226982880296572e-05,4.226982880296572e-05,4.1871117837290154e-10,-0.008051375643877395
7.16875,5090.666786439973,-1.6174827945225334e-06,4.213080623072534e-05,4.213080623072534e-05,4.1817505350456115e-10,-0.008087413972612667
7.175000000000001,5091.063501432955,-1.6245601345347392e-06,4.199153698591684e-05,4.199153698591684e-05,4.176365828072604e-10,-0.008122800672673696
7.18125,5091.452867022062,-1.631506362209805e-06,4.1852141720482624e-05,4.1852141720482624e-05,4.1709580973901e-10,-0.008157531811049024
7.1875,5091.834830799506,-1.6383205425993514e-06,4.1712740619416066e-05,4.1712740619416066e-05,4.165527780677151e-10,-0.008191602712996756
7.1937500000000005,5092.209332039848,-1.6450015923702895e-06,4.1573453168105915e-05,4.1573453168105915e-05,4.1600753192035837e-10,-0.008225007961851447
7.2,5092.576301700203,-1.6515482798069798e-06,4.1434397922091114e-05,4.1434397922091114e-05,4.154601158321825e-10,-0.0082577413990349
7.206250000000001,5092.935662422654,-1.657959224855765e-06,4.12956922799816e-05,4.12956922799816e-05,4.1491057479585766e-10,-0.008289796124278825
7.2125,5093.287328539374,-1.6642328992136574e-06,4.115745226028819e-05,4.115745226028819e-05,4.1435895431061967e-10,-0.008321164496068286
7.21875,5093.631206080024,-1.6703676264631578e-06,4.101979228288843e-05,4.101979228288843e-05,4.1380530043136346e-10,-0.008351838132315789
7.2250000000000005,5093.96719278204,-1.6763615822553535e-06,4.088282495583568e-05,4.088282495583568e-05,4.1324965981767593e-10,-0.008381807911276767
7.23125,5094.29517810392,-1.6822127945436317e-06,4.074666086819558e-05,4.074666086819558e-05,4.1269207978279127e-10,-0.008411063972718158
7.237500000000001,5094.615043240984,-1.6879191438705877e-06,4.06114083895679e-05,4.06114083895679e-05,4.121326083424512e-10,-0.00843959571935294
7.24375,5094.92666114489,-1.6934783637108486e-06,4.047717347692203e-05,4.047717347692203e-05,4.115712942636515e-10,-0.008467391818554243
7.25,5095.229896545982,-1.698888040872778e-06,4.034405948934246e-05,4.034405948934246e-05,4.1100818711325564e-10,-0.008494440204363891
7.2562500000000005,5095.524605979327,-1.7041456159622395e-06,4.021216701124491e-05,4.021216701124491e-05,4.104433373064543e-10,-0.008520728079811198
7.2625,5095.81063781441,-1.7092483839117701e-06,4.008159368458639e-05,4.008159368458639e-05,4.098767961550498e-10,-0.00854624191955885
7.268750000000001,5096.087832288623,-1.7141934945787816e-06,3.995243405055222e-05,3.995243405055222e-05,4.0930861591554236e-10,-0.008570967472893909
7.275,5096.3560215449,-1.7189779534165769e-06,3.982477940116076e-05,3.982477940116076e-05,4.0873884983699343e-10,-0.008594889767082885
7.28125,5096.615029673589,-1.7235986222222292e-06,3.969871764118247e-05,3.969871764118247e-05,4.0816755220864166e-10,-0.008617993111111145
7.2875000000000005,5096.864672759026,-1.7280522199655335e-06,3.957433316072429e-05,3.957433316072429e-05,4.075947784072438e-10,-0.008640261099827667
7.29375,5097.104758930736,-1.7323353237035386e-06,3.945170671878294e-05,3.945170671878294e-05,4.0702058494411266e-10,-0.008661676618517694
7.300000000000001,5097.3350884196825,-1.7364443695853139e-06,3.933091533802267e-05,3.933091533802267e-05,4.064450295118219e-10,-0.00868222184792657
7.30625,5097.555453620036,-1.7403756539518573e-06,3.921203221098386e-05,3.921203221098386e-05,4.0586817103054626e-10,-0.008701878269759286
7.3125,5097.765639156434,-1.7441253345362711e-06,3.9095126617879346e-05,3.9095126617879346e-05,4.0529006969400413e-10,-0.008720626672681355
7.3187500000000005,5097.965421957077,-1.747689431769536e-06,3.8980263856085286e-05,3.8980263856085286e-05,4.047107870149671e-10,-0.00873844715884768
7.325,5098.154571333308,-1.7510638301974198e-06,3.886750518138394e-05,3.886750518138394e-05,4.0413038587030003e-10,-0.008755319150987099
7.331250000000001,5098.332849065426,-1.754244280014287e-06,3.875690776096571e-05,3.875690776096571e-05,4.0354893054549264e-10,-0.008771221400071435
7.3375,5098.500009495639,-1.7572263987197505e-06,3.8648524638149466e-05,3.8648524638149466e-05,4.0296648677864197e-10,-0.008786131993598753
7.34375,5098.655799628178,-1.760005672904309e-06,3.854240470873152e-05,3.854240470873152e-05,4.0238312180384316e-10,-0.008800028364521545
7.3500000000000005,5098.79995923693,-1.7625774601703231e-06,3.843859270882724e-05,3.843859270882724e-05,4.017989043939433e-10,-0.008812887300851616
7.35625,5098.932220981049,-1.764936991194834e-06,3.833712921402339e-05,3.833712921402339e-05,4.0121390490261166e-10,-0.008824684955974169
7.362500000000001,5099.052310528982,-1.7670793719409062e-06,3.823805064961534e-05,3.823805064961534e-05,4.0062819530567686e-10,-0.00883539685970453
7.36875,5099.159946691048,-1.7689995860243525e-06,3.814138931166168e-05,3.814138931166168e-05,4.0004184924167966e-10,-0.008844997930121763
7.375,5099.254841561307,-1.7706924972428152e-06,3.804717339854798e-05,3.804717339854798e-05,3.9945494205158756e-10,-0.008853462486214075
7.3812500000000005,5099.336700668689,-1.7721528522743421e-06,3.795542705271452e-05,3.795542705271452e-05,3.988675508176146e-10,-0.008860764261371711
7.3875,5099.4052231383,-1.773375283552681e-06,3.786617041216687e-05,3.786617041216687e-05,3.9827975440108865e-10,-0.008866876417763405
7.393750000000001,5099.46010186288,-1.774354312326642e-06,3.777941967135585e-05,3.777941967135585e-05,3.9769163347930407e-10,-0.00887177156163321
7.4,5099.501023684916,-1.775084351910959e-06,3.769518715098335e-05,3.769518715098335e-05,3.9710327058129734e-10,-0.008875421759554795
7.40625,5099.527669590214,-1.775559711136109e-06,3.761348137626321e-05,3.761348137626321e-05,3.965147501224789e-10,-0.008877798555680544
7.4125000000000005,5099.539714912664,-1.7757745980046385e-06,3.753430716314273e-05,3.753430716314273e-05,3.959261584380533e-10,-0.008878872990023193
7.41875,5099.536829551297,-1.7757231235615324e-06,3.745766571196865e-05,3.745766571196865e-05,3.9533758381515636e-10,-0.008878615617807662
7.425000000000001,5099.518678199676,-1.7753993059861455e-06,3.7383554708063965e-05,3.7383554708063965e-05,3.94749116523636e-10,-0.008876996529930728
7.43125,5099.484920588012,-1.7747970749132217e-06,3.7311968428667014e-05,3.7311968428667014e-05,3.941608488454011e-10,-0.008873985374566108
7.4375,5099.435211738655,-1.7739102759904161e-06,3.7242897855672345e-05,3.7242897855672345e-05,3.935728751022592e-10,-0.00886955137995208
7.4437500000000005,5099.369202235339,-1.7727326756796686e-06,3.717633079360477e-05,3.717633079360477e-05,3.9298529168216355e-10,-0.008863663378398343
7.45,5099.286538506263,-1.7712579663096558e-06,3.711225199225225e-05,3.711225199225225e-05,3.923981970637847e-10,-0.00885628983154828
7.456250000000001,5099.1868631218285,-1.7694797713863715e-06,3.705064327338114e-05,3.705064327338114e-05,3.918116918393223e-10,-0.008847398856931858
7.4625,5099.069815107183,-1.7673916511686994e-06,3.699148366095799e-05,3.699148366095799e-05,3.9122587873546894e-10,-0.008836958255843496
7.46875,5098.935030269932,-1.7649871085156231e-06,3.6934749514305725e-05,3.6934749514305725e-05,3.906408626324354e-10,-0.008824935542578115
7.4750000000000005,5098.782141543549,-1.7622595950114173e-06,3.688041466362842e-05,3.688041466362842e-05,3.900567505809462e-10,-0.008811297975057086
7.48125,5098.610779346586,-1.7592025173748933e-06,3.682845054734808e-05,3.682845054734808e-05,3.894736518171105e-10,-0.008796012586874466
7.487500000000001,5098.420571958241,-1.7558092441583762e-06,3.6778826350708685e-05,3.6778826350708685e-05,3.8889167777507247e-10,-0.00877904622079188
7.49375,5098.211145910295,-1.7520731127417353e-06,3.673150914511663e-05,3.673150914511663e-05,3.8831094209734387e-10,-0.008760365563708676
7.5,5097.982126396116,-1.7479874366263152e-06,3.668646402770349e-05,3.668646402770349e-05,3.8773156064271854e-10,-0.008739937183131576
7.5062500000000005,5097.733137696396,-1.7435455130331551e-06,3.6643654260615236e-05,3.6643654260615236e-05,3.8715365149166863e-10,-0.008717727565165775
7.5125,5097.46380362252,-1.7387406308093128e-06,3.6603041409552655e-05,3.6603041409552655e-05,3.8657733494912027e-10,-0.008693703154046564
7.518750000000001,5097.173747977085,-1.7335660786455797e-06,3.656458548110986e-05,3.656458548110986e-05,3.860027335445053e-10,-0.008667830393227898
7.525,5096.862595032139,-1.7280151536081828e-06,3.6528245058481455e-05,3.6528245058481455e-05,3.8542997202898523e-10,-0.008640075768040914
7.53125,5096.5299700252,-1.7220811699864374e-06,3.6493977435134036e-05,3.6493977435134036e-05,3.8485917736974253e-10,-0.008610405849932187
7.5375000000000005,5096.175499672874,-1.7157574684575389e-06,3.646173874606381e-05,3.646173874606381e-05,3.8429047874123417e-10,-0.008578787342287694
7.54375,5095.798812702535,-1.7090374255689327e-06,3.6431484096289385e-05,3.6431484096289385e-05,3.8372400751330226e-10,-0.008545187127844663
7.550000000000001,5095.399540401472,-1.7019144635378452e-06,3.640316768625654e-05,3.640316768625654e-05,3.8315989723603644e-10,-0.008509572317689226
7.55625,5094.977317183991,-1.6943820603666782e-06,3.637674293386025e-05,3.637674293386025e-05,3.825982836212836e-10,-0.00847191030183339
7.5625,5094.531781176022,-1.6864337602720243e-06,3.635216259281806e-05,3.635216259281806e-05,3.8203930452070065e-10,-0.008432168801360121
7.5687500000000005,5094.062574817012,-1.6780631844241055e-06,3.6329378867157784e-05,3.6329378867157784e-05,3.8148309990024793e-10,-0.008390315922120528
7.575,5093.569345479177,-1.6692640419923389e-06,3.63083435216113e-05,3.63083435216113e-05,3.809298118110212e-10,-0.008346320209961695
7.581250000000001,5093.05174610342,-1.6600301414917142e-06,3.6289007987735254e-05,3.6289007987735254e-05,3.80379584356323e-10,-0.008300150707458572
7.5875,5092.509435851994,-1.6503554024234757e-06,3.627132346560726e-05,3.627132346560726e-05,3.798325636548754e-10,-0.008251777012117378
7.59375,5091.942080776911,-1.6402338672024742e-06,3.625524102097462e-05,3.625524102097462e-05,3.7928889780007976e-10,-0.008201169336012372
7.6000000000000005,5091.349354504173,-1.6296597133622825e-06,3.6240711677759176e-05,3.6240711677759176e-05,3.7874873681523055e-10,-0.008148298566811412
7.60625,5090.730938932917,-1.6186272660279496e-06,3.6227686505848476e-05,3.6227686505848476e-05,3.7821223260459533e-10,-0.008093136330139748
7.612500000000001,5090.086524948918,-1.607131010644911e-06,3.621611670412871e-05,3.621611670412871e-05,3.776795389002755e-10,-0.008035655053224556
7.61875,5089.415813151725,-1.5951656059512953e-06,3.620595367873929e-05,3.620595367873929e-05,3.7715081120476755e-10,-0.007975828029756478
7.625,5088.718514594731,-1.5827258971794311e-06,3.619714911655183e-05,3.619714911655183e-05,3.7662620672914794e-10,-0.007913629485897156
7.6312500000000005,5087.994351537031,-1.5698069294710027e-06,3.618965505389847e-05,3.618965505389847e-05,3.761058843268124e-10,-0.007849034647355013
7.6375,5087.243058206547,-1.5564039614888508e-06,3.618342394059492e-05,3.618342394059492e-05,3.755900044227025e-10,-0.007782019807444254
7.643750000000001,5086.464381572921,-1.542512479206967e-06,3.6178408699322654e-05,3.6178408699322654e-05,3.7507872893796243e-10,-0.007712562396034834
7.65,5085.65808212942,-1.5281282098587658e-06,3.617456278045277e-05,3.617456278045277e-05,3.7457222120997167e-10,-0.007640641049293829
7.65625,5084.823934682463,-1.5132471360222484e-06,3.617184021240995e-05,3.617184021240995e-05,3.740706459077096e-10,-0.007566235680111243
7.6625000000000005,5083.961729147531,-1.4978655098191628e-06,3.617019564769e-05,3.617019564769e-05,3.735741689424134e-10,-0.0074893275490958144
7.66875,5083.071271350196,-1.4819798672038017e-06,3.6169584404657505e-05,3.6169584404657505e-05,3.7308295737350005e-10,-0.007409899336019009
7.675000000000001,5082.152383830426,-1.4655870423156002e-06,3.6169962505262136e-05,3.6169962505262136e-05,3.7259717930973105e-10,-0.0073279352115780015
7.68125,5081.204906649466,-1.4486841818681813e-06,3.61712867088221e-05,3.61712867088221e-05,3.721170038056076e-10,-0.007243420909340907
7.6875,5080.228698196558,-1.4312687595461154e-06,3.617351454203234e-05,3.617351454203234e-05,3.7164260075299406e-10,-0.007156343797730577
7.6937500000000005,5079.22363599484,-1.4133385903791579e-06,3.617660432536213e-05,3.617660432536213e-05,3.71174140767977e-10,-0.007066692951895789
7.7,5078.189617504005,-1.394891845062384e-06,3.618051519601271e-05,3.618051519601271e-05,3.707117950729776e-10,-0.00697445922531192
7.706250000000001,5077.126560918076,-1.3759270641892565e-06,3.618520712761034e-05,3.618520712761034e-05,3.702557353741465e-10,-0.006879635320946283
7.7125,5076.034405956555,-1.3564431723633457e-06,3.6190640946813e-05,3.6190640946813e-05,3.698061337340814e-10,-0.0067822158618167285
7.71875,5074.913114646514,-1.336439492153184e-06,3.619677834701149e-05,3.619677834701149e-05,3.693631624399187e-10,-0.006682197460765919
7.7250000000000005,5073.7626720940625,-1.3159157578535092e-06,3.6203581899305825e-05,3.6203581899305825e-05,3.6892699386686476e-10,-0.006579578789267546
7.73125,5072.583087242647,-1.2948721290150618e-06,3.6211015060938244e-05,3.6211015060938244e-05,3.6849780033724163e-10,-0.006474360645075309
7.737500000000001,5071.37439361645,-1.2733092037039885e-06,3.6219042181362075e-05,3.6219042181362075e-05,3.680757539751387e-10,-0.006366546018519942
7.74375,5070.136650046133,-1.2512280314510185e-06,3.622762850612416e-05,3.622762850612416e-05,3.676610265567716e-10,-0.006256140157255092
7.75,5068.869941375039,-1.2286301258496463e-06,3.6236740178734646e-05,3.6236740178734646e-05,3.6725378935666615e-10,-0.006143150629248232
7.7562500000000005,5067.574379143399,-1.2055174767618e-06,3.624634424069449e-05,3.624634424069449e-05,3.668542129897956e-10,-0.006027587383809
7.7625,5066.250102248112,-1.1818925620888406e-06,3.625640862984618e-05,3.625640862984618e-05,3.6646246724981734e-10,-0.005909462810444203
7.768750000000001,5064.897277575792,-1.157758359065153e-06,3.6266902177207765e-05,3.6266902177207765e-05,3.6607872094356557e-10,-0.005788791795325764
7.775,5063.516100606742,-1.1331183550312004e-06,3.627779460244461e-05,3.627779460244461e-05,3.6570314172197364e-10,-0.005665591775156002
7.78125,5062.106795987068,-1.1079765576426323e-06,3.6289056508126836e-05,3.6289056508126836e-05,3.65335895907612e-10,-0.005539882788213161
7.7875000000000005,5060.669618067014,-1.082337504471869e-06,3.6300659372913706e-05,3.6300659372913706e-05,3.6497714831904423e-10,-0.005411687522359345
7.79375,5059.204851402557,-1.0562062719586087e-06,3.631257554379943e-05,3.631257554379943e-05,3.6462706209221594e-10,-0.005281031359793044
7.800000000000001,5057.712811218389,-1.0295884836658375e-06,3.632477822754708e-05,3.632477822754708e-05,3.6428579849910735e-10,-0.005147942418329187
7.80625,5056.193843829084,-1.0024903177982822e-06,3.633724148143054e-05,3.633724148143054e-05,3.6395351676389376e-10,-0.005012451588991411
7.8125,5054.6483270170265,-9.749185139406594e-07,3.634994020339632e-05,3.634994020339632e-05,3.636303738768726e-10,-0.004874592569703297
7.8187500000000005,5053.076670363961,-9.46880378973782e-07,3.636285012174977e-05,3.636285012174977e-05,3.633165244064297e-10,-0.00473440189486891
7.825,5051.479315534208,-9.18383792127378e-07,3.637594778446275e-05,3.637594778446275e-05,3.6301212030933045e-10,-0.00459191896063689
7.831250000000001,5049.856736507241,-8.89437209129504e-07,3.638921054819198e-05,3.638921054819198e-05,3.627173107396359e-10,-0.00444718604564752
7.8375,5048.209439757554,-8.600496654135822e-07,3.640261656709024e-05,3.640261656709024e-05,3.6243224185655566e-10,-0.004300248327067911
7.84375,5046.537964379346,-8.30230778345509e-07,3.6416144781485315e-05,3.6416144781485315e-05,3.621570566315629e-10,-0.004151153891727545
7.8500000000000005,5044.842882154589,-7.999907484347892e-07,3.642977490649441e-05,3.642977490649441e-05,3.6189189465510755e-10,-0.003999953742173946
7.85625,5043.124797561855,-7.693403594954394e-07,3.644348742063519e-05,3.644348742063519e-05,3.6163689194327645e-10,-0.003846701797477197
7.862500000000001,5041.384347724795,-7.382909777242874e-07,3.6457263554487764e-05,3.6457263554487764e-05,3.6139218074475876e-10,-0.0036914548886214367
7.86875,5039.6222022980755,-7.068545496664341e-07,3.647108527945622e-05,3.647108527945622e-05,3.6115788934848606e-10,-0.0035342727483321707
7.875,5037.839063289315,-6.750435990399523e-07,3.648493529667173e-05,3.648493529667173e-05,3.6093414189232465e-10,-0.0033752179951997614
7.8812500000000005,5036.035664815775,-6.42871222394343e-07,3.649879702607414e-05,3.649879702607414e-05,3.607210581732068e-10,-0.003214356111971715
7.8875,5034.212772794358,-6.103510835799601e-07,3.651265459570352e-05,3.651265459570352e-05,3.605187534590956e-10,-0.0030517554178998004
7.893750000000001,5032.37118456382,-5.774974070084193e-07,3.652649283122801e-05,3.652649283122801e-05,3.603273383031831e-10,-0.0028874870350420966
7.9,5030.511728438226,-5.443249696870275e-07,3.654029724573006e-05,3.654029724573006e-05,3.6014691836072926e-10,-0.002721624848435138
7.90625,5028.63526319098,-5.108490920134036e-07,3.655405402976855e-05,3.655405402976855e-05,3.599775942089516e-10,-0.002554245460067018
7.9125000000000005,5026.742677468746,-4.770856273197799e-07,3.6567750041730714e-05,3.6567750041730714e-05,3.5981946117038077e-10,-0.0023854281365988995
7.91875,5024.834889134891,-4.4305095015993215e-07,3.65813727984838e-05,3.65813727984838e-05,3.596726091400983e-10,-0.0022152547507996606
7.925000000000001,5022.91284454217,-4.0876194333526927e-07,3.6594910466333574e-05,3.6594910466333574e-05,3.5953712241727484e-10,-0.0020438097166763465
7.93125,5020.9775177349065,-3.7423598366030933e-07,3.6608351852293455e-05,3.6608351852293455e-05,3.594130795414263e-10,-0.0018711799183015467
7.9375,5019.029909580638,-3.3949092647161e-07,3.662168639566581e-05,3.662168639566581e-05,3.5930055313380473e-10,-0.00169745463235805
7.9437500000000005,5017.07104683176,-3.045450888881306e-07,3.663490415993428e-05,3.663490415993428e-05,3.5919960974433763e-10,-0.001522725444440653
7.95,5015.101981117842,-2.6941723183500513e-07,3.664799582496416e-05,3.664799582496416e-05,3.591103097045256e-10,-0.0013470861591750258
7.956250000000001,5013.123787869656,-2.3412654084677192e-07,3.66609526795059e-05,3.66609526795059e-05,3.5903270698670286e-10,-0.0011706327042338596
7.9625,5011.1375651758035,-1.9869260567025025e-07,3.667376661399551e-05,3.667376661399551e-05,3.589668490700586e-10,-0.0009934630283512512
7.96875,5009.144432573409,-1.6313539869140893e-07,3.668643011364391e-05,3.668643011364391e-05,3.5891277681380883e-10,-0.0008156769934570447
7.9750000000000005,5007.14552977457,-1.274752522147581e-07,3.66989362518066e-05,3.66989362518066e-05,3.588705243378989e-10,-0.0006373762610737905
7.98125,5005.1420153302915,-9.173283462799606e-08,3.671127868362382e-05,3.671127868362382e-05,3.588401189116069e-10,-0.0004586641731399803
7.987500000000001,5003.135065233955,-5.5929125488817077e-08,3.672345163992067e-05,3.672345163992067e-05,3.5882158085040424e-10,-0.0002796456274440854
7.99375,5001.125871466726,-2.008538957493384e-08,3.673544992135606e-05,3.673544992135606e-05,3.588149234214177e-10,-0.0001004269478746692
8.0,4999.115640487442,1.5776850057543592e-08,3.674726889280907e-05,3.674726889280907e-05,3.588201527578215e-10,7.888425028771796e-05
8.00625,4997.105591669401,5.163583995817416e-08,3.6758904477990744e-05,3.6758904477990744e-05,3.5883726778247153e-10,0.0002581791997908708
8.012500000000001,4995.096955687762,8.746962505561944e-08,3.677035315426917e-05,3.677035315426917e-05,3.5886626014107685e-10,0.0004373481252780972
8.01875,4993.090972859728,1.2325607826345956e-07,3.67816119476957e-05,3.67816119476957e-05,3.589071141451843e-10,0.0006162803913172978
8.025,4991.088891441943,1.5897293085778112e-07,3.6792678428219916e-05,3.6792678428219916e-05,3.5895980672523176e-10,0.0007948646542889057
8.03125,4989.091965887982,1.945978035623244e-07,3.6803550705081045e-05,3.6803550705081045e-05,3.59024307393905e-10,0.000972989017811622
8.0375,4987.101455070001,2.3010823827359826e-07,3.6814227422363626e-05,3.6814227422363626e-05,3.5910057822000977e-10,0.0011505411913679913
8.043750000000001,4985.11862046857,2.6548173035517367e-07,3.682470775470519e-05,3.682470775470519e-05,3.591885738130482e-10,0.0013274086517758683
8.05,4983.144724334548,3.006957614273512e-07,3.6834991403143885e-05,3.6834991403143885e-05,3.592882413186635e-10,0.001503478807136756
8.05625,4981.1810278277935,3.3572783257563737e-07,3.6845078591094214e-05,3.6845078591094214e-05,3.593995204250919e-10,0.0016786391628781868
8.0625,4979.2287891364085,3.705554978988686e-07,3.685497006043894e-05,3.685497006043894e-05,3.595223433807342e-10,0.001852777489494343
8.06875,4977.28926158203,4.0515639831559825e-07,3.68646670677257e-05,3.68646670677257e-05,3.596566350229327e-10,0.002025781991577991
8.075000000000001,4975.36369171476,4.395082955452449e-07,3.687417138045657e-05,3.687417138045657e-05,3.5980231281801135e-10,0.0021975414777262244
8.08125,4973.453317403588,4.735891061788434e-07,3.6883485273459436e-05,3.6883485273459436e-05,3.5995928691260907e-10,0.0023679455308942172
8.0875,4971.559365926243,5.073769357527017e-07,3.689261152532959e-05,3.689261152532959e-05,3.6012746019630674e-10,0.0025368846787635086
8.09375,4969.683052064101,5.408501127371816e-07,3.6901553414930654e-05,3.6901553414930654e-05,3.603067283755202e-10,0.0027042505636859083
8.1,4967.825576206629,5.739872223519485e-07,3.691031471794323e-05,3.691031471794323e-05,3.604969800586012e-10,0.0028699361117597425
8.106250000000001,4965.988122470647,6.06767140118536e-07,3.6918899703450536e-05,3.6918899703450536e-05,3.606980968520601e-10,0.00303383570059268
8.1125,4964.171856839292,6.391690650609038e-07,3.6927313130549634e-05,3.6927313130549634e-05,3.609099534677925e-10,0.0031958453253045187
8.11875,4962.377925325678,6.71172552464798e-07,3.693556024497705e-05,3.693556024497705e-05,3.611324178411648e-10,0.0033558627623239898
8.125,4960.607452166389,7.027575461072614e-07,3.694364677573757e-05,3.694364677573757e-05,3.613653512597816e-10,0.0035137877305363068
8.13125,4958.861538049409,7.339044098684401e-07,3.6951578931724845e-05,3.6951578931724845e-05,3.616086085027319e-10,0.0036695220493422006
8.137500000000001,4957.141258381674,7.645939586390603e-07,3.6959363398322186e-05,3.6959363398322186e-05,3.618620379900794e-10,0.0038229697931953014
8.14375,4955.447661600786,7.948074884384489e-07,3.6967007333971904e-05,3.6967007333971904e-05,3.6212548194233536e-10,0.003974037442192244
8.15,4953.781767535771,8.245268056598709e-07,3.697451836670131e-05,3.697451836670131e-05,3.6239877654962546e-10,0.004122634028299354
8.15625,4952.144565821114,8.537342553621338e-07,3.698190459059318e-05,3.698190459059318e-05,3.626817521502338e-10,0.004268671276810669
8.1625,4950.537014368821,8.824127485289769e-07,3.6989174562188314e-05,3.6989174562188314e-05,3.629742334181824e-10,0.004412063742644885
8.168750000000001,4948.9600379024905,9.105457882206006e-07,3.699633729680751e-05,3.699633729680751e-05,3.6327603955947845e-10,0.004552728941103003
8.175,4947.414526557596,9.381174945448695e-07,3.700340226477982e-05,3.700340226477982e-05,3.6358698451663897e-10,0.004690587472724348
8.18125,4945.9013345517205,9.651126283791903e-07,3.701037938756395e-05,3.701037938756395e-05,3.6390687718107755e-10,0.004825563141895951
8.1875,4944.421278928623,9.91516613777836e-07,3.701727903374884e-05,3.701727903374884e-05,3.6423552161291883e-10,0.004957583068889181
8.19375,4942.975138379206,1.0173155590034908e-06,3.7024112014919485e-05,3.7024112014919485e-05,3.645727172677835e-10,0.005086577795017454
8.200000000000001,4941.563652142992,1.042496276126101e-06,3.7030889581373465e-05,3.7030889581373465e-05,3.6491825923006966e-10,0.005212481380630505
8.20625,4940.187518992799,1.06704629913664e-06,3.703762341767327e-05,3.703762341767327e-05,3.652719384522382e-10,0.0053352314956832
8.2125,4938.847396305246,1.0909539005281073e-06,3.7044325638019065e-05,3.7044325638019065e-05,3.656335419995938e-10,0.005454769502640537
8.21875,4937.543899219653,1.1142081063010597e-06,3.705100878142629e-05,3.705100878142629e-05,3.6600285330003996e-10,0.005571040531505298
8.225,4936.277599887323,1.1367987093560638e-06,3.705768580669166e-05,3.705768580669166e-05,3.663796523982727e-10,0.005683993546780319
8.231250000000001,4935.04902681311,1.1587162812407449e-06,3.706437008713121e-05,3.706437008713121e-05,3.6676371621386794e-10,0.005793581406203724
8.2375,4933.858664290633,1.1799521822244928e-06,3.707107540507319e-05,3.707107540507319e-05,3.671548188027086e-10,0.005899760911122464
8.24375,4932.706951932504,1.2004985696794123e-06,3.707781594608835e-05,3.707781594608835e-05,3.675527316211891e-10,0.006002492848397062
8.25,4931.594284296435,1.2203484047516797e-06,3.708460629293977e-05,3.708460629293977e-05,3.6795722379263134e-10,0.006101742023758398
8.25625,4930.521010607557,1.23949545731311e-06,3.70914614192338e-05,3.70914614192338e-05,3.6836806237534196e-10,0.006197477286565551
8.262500000000001,4929.487434577658,1.2579343091884344e-06,3.709839668275364e-05,3.709839668275364e-05,3.687850126317393e-10,0.006289671545942172
8.26875,4928.493814320749,1.2756603556594342e-06,3.7105427818456115e-05,3.7105427818456115e-05,3.692078382979788e-10,0.006378301778297171
8.275,4927.540362365075,1.2926698052527627e-06,3.7112570931112486e-05,3.7112570931112486e-05,3.6963630185350815e-10,0.006463349026263813
8.28125,4926.627245760332,1.3089596778238728e-06,3.7119842487573426e-05,3.7119842487573426e-05,3.700701647899874e-10,0.006544798389119364
8.2875,4925.754586279806,1.3245278009550305e-06,3.712725930863786e-05,3.712725930863786e-05,3.7050918787901493e-10,0.006622639004775153
8.293750000000001,4924.922460715338,1.3393728046907904e-06,3.713483856050561e-05,3.713483856050561e-05,3.7095313143810884e-10,0.006696864023453952
8.3,4924.1309012639995,1.3534941146396578e-06,3.7142597745792795e-05,3.7142597745792795e-05,3.7140175559440154e-10,0.006767470573198289
8.30625,4923.3798960044915,1.3668919434758081e-06,3.715055469408953e-05,3.715055469408953e-05,3.7185482054551763e-10,0.006834459717379041
8.3125,4922.669389461005,1.379567280879737e-06,3.715872755203853e-05,3.715872755203853e-05,3.7231208681711755e-10,0.006897836404398686
8.31875,4921.999283252208,1.3915218819615105e-06,3.71671347729137e-05,3.71671347729137e-05,3.72773315516604e-10,0.0069576094098075525
8.325000000000001,4921.369436822353,1.4027582542148608e-06,3.717579510567733e-05,3.717579510567733e-05,3.7323826858250436e-10,0.007013791271074304
8.33125,4920.779668252169,1.4132796430547675e-06,3.718472758349465e-05,3.718472758349465e-05,3.737067090290592e-10,0.007066398215273838
8.3375,4920.229755145636,1.4230900159952144e-06,3.7193951511684556e-05,3.7193951511684556e-05,3.741784011855666e-10,0.007115450079976072
8.34375,4919.719435589749,1.4321940455276775e-06,3.720348645508525e-05,3.720348645508525e-05,3.746531109300514e-10,0.007160970227638387
8.35,4919.248409183474,1.440597090764444e-06,3.721335222481385e-05,3.721335222481385e-05,3.751306059168501e-10,0.00720298545382222
8.356250000000001,4918.81633813218,1.4483051779141067e-06,3.722356886439922e-05,3.722356886439922e-05,3.756106557977238e-10,0.007241525889570534
8.3625,4918.422848403657,1.4553249796595305e-06,3.723415663526746e-05,3.723415663526746e-05,3.7609303243613665e-10,0.007276624898297652
8.36875,4918.06753094141,1.4616637935111827e-06,3.7245136001559996e-05,3.7245136001559996e-05,3.7657751011435847e-10,0.007308318967555913
8.375,4917.7499429313275,1.4673295192110505e-06,3.725652761426459e-05,3.725652761426459e-05,3.7706386573307847e-10,0.007336647596055253
8.38125,4917.469609117144,1.4723306352642882e-06,3.726835229464028e-05,3.726835229464028e-05,3.7755187900323977e-10,0.007361653176321441
8.387500000000001,4917.226023160455,1.4766761746773678e-06,3.7280631016917554e-05,3.7280631016917554e-05,3.780413326298324e-10,0.007383380873386839
8.39375,4917.018649040643,1.4803756999827912e-06,3.729338489025627e-05,3.729338489025627e-05,3.785320124874082e-10,0.007401878499913956
8.4,4916.846922490419,1.4834392776313292e-06,3.73066351399442e-05,3.73066351399442e-05,3.790237077871074e-10,0.007417196388156646
8.40625,4916.710252461867,1.485877451833343e-06,3.732040308782041e-05,3.732040308782041e-05,3.795162112350153e-10,0.007429387259166715
8.4125,4916.6080226193935,1.4877012179310241e-06,3.733471013190841e-05,3.733471013190841e-05,3.8000931918169274e-10,0.00743850608965512
8.418750000000001,4916.539592853755,1.4889219953832304e-06,3.7349577725245306e-05,3.7349577725245306e-05,3.805028317627521e-10,0.007444609976916152
8.425,4916.504300813684,1.4895516004442485e-06,3.7365027353894566e-05,3.7365027353894566e-05,3.8099655303037774e-10,0.007447758002221243
8.43125,4916.5014634499275,1.4896022186170145e-06,3.738108051413112e-05,3.738108051413112e-05,3.8149029107571586e-10,0.007448011093085073
8.4375,4916.530378567584,1.4890863769603136e-06,3.739775868878929e-05,3.739775868878929e-05,3.819838581420851e-10,0.007445431884801569
8.44375,4916.5903263822365,1.4880169163281005e-06,3.741508332276554e-05,3.741508332276554e-05,3.8247707072898635e-10,0.007440084581640503
8.450000000000001,4916.680571075444,1.4864069636174328e-06,3.743307579766985e-05,3.743307579766985e-05,3.8296974968691296e-10,0.0074320348180871645
8.45625,4916.800362345922,1.4842699040996388e-06,3.7451757405621346e-05,3.7451757405621346e-05,3.834617203029911e-10,0.007421349520498194
8.4625,4916.9489369515195,1.481619353907092e-06,3.747114932218599e-05,3.747114932218599e-05,3.8395281237749964e-10,0.00740809676953546
8.46875,4917.125520238973,1.4784691327456198e-06,3.749127257845609e-05,3.749127257845609e-05,3.8444286029134624e-10,0.007392345663728099
8.475,4917.3293276570785,1.474833236899883e-06,3.751214803227382e-05,3.751214803227382e-05,3.8493170306459525e-10,0.0073741661844994155
8.481250000000001,4917.559566249713,1.4707258125962123e-06,3.753379633860343e-05,3.753379633860343e-05,3.854191844061669e-10,0.007353629062981062
8.4875,4917.815436125442,1.4661611297843669e-06,3.755623791905914e-05,3.755623791905914e-05,3.859051527548463e-10,0.007330805648921834
8.49375,4918.09613190068,1.4611535563964753e-06,3.757949293059863e-05,3.757949293059863e-05,3.863894613117601e-10,0.007305767781982377
8.5,4918.400844112488,1.4557175331380076e-06,3.760358123339488e-05,3.760358123339488e-05,3.8687196806449794e-10,0.007278587665690038
8.50625,4918.728760599023,1.4498675488621988e-06,3.7628522357901846e-05,3.7628522357901846e-05,3.873525358030711e-10,0.007249337744310994
8.512500000000001,4919.079067844577,1.44361811657572e-06,3.765433547113278e-05,3.765433547113278e-05,3.8783103212791854e-10,0.0072180905828785995
8.51875,4919.450952286677,1.436983750119697e-06,3.768103934217312e-05,3.768103934217312e-05,3.8830732945018315e-10,0.0071849187505984855
8.525,4919.843601583029,1.4299789415664476e-06,3.770865230695322e-05,3.770865230695322e-05,3.887813049844967e-10,0.007149894707832238
8.53125,4920.256205836501,1.4226181393684813e-06,3.773719223230959e-05,3.773719223230959e-05,3.892528407345216e-10,0.0071130906968424066
8.5375,4920.687958775759,1.4149157272924997e-06,3.7766676479366926e-05,3.7766676479366926e-05,3.8972182347151037e-10,0.007074578636462499
8.543750000000001,4921.138058890739,1.4068860041672965e-06,3.779712186627697e-05,3.779712186627697e-05,3.9018814470615244e-10,0.007034430020836482
8.55,4921.605710520569,1.398543164470602e-06,3.7828544630353726e-05,3.7828544630353726e-05,3.906517006539865e-10,0.00699271582235301
8.55625,4922.090124893746,1.389901279776179e-06,3.7860960389648694e-05,3.7860960389648694e-05,3.9111239219466284e-10,0.006949506398880895
8.5625,4922.590521118801,1.3809742810786728e-06,3.7894384104013475e-05,3.7894384104013475e-05,3.9157012482534796e-10,0.006904871405393364
8.56875,4923.106127125101,1.3717759420100743e-06,3.7928830035701345e-05,3.7928830035701345e-05,3.920248086085654e-10,0.006858879710050372
8.575000000000001,4923.6361805531,1.3623198629580261e-06,3.7964311709563113e-05,3.7964311709563113e-05,3.924763581147729e-10,0.00681159931479013
8.58125,4924.179929593652,1.3526194560927288e-06,3.8000841872897e-05,3.8000841872897e-05,3.9292469235997667e-10,0.006763097280463644
8.5875,4924.736633776185,1.3426879313057546e-06,3.803843245501612e-05,3.803843245501612e-05,3.933697347386846e-10,0.006713439656528773
8.59375,4925.305564705767,1.33253828306086e-06,3.807709452660155e-05,3.807709452660155e-05,3.9381141295250165e-10,0.0066626914153043
8.6,4925.886006749237,1.3221832781536947e-06,3.811683825891287e-05,3.811683825891287e-05,3.9424965893466757e-10,0.006610916390768474
8.606250000000001,4926.477257670679,1.3116354443743398e-06,3.815767288293233e-05,3.815767288293233e-05,3.9468440877083714e-10,0.006558177221871699
8.6125,4927.078629216904,1.3009070600637486e-06,3.819960664852286e-05,3.819960664852286e-05,3.9511560261639866e-10,0.0065045353003187435
8.61875,4927.6894476533325,1.2900101445524854e-06,3.8242646783684245e-05,3.8242646783684245e-05,3.9554318461062327e-10,0.006450050722762427
8.625,4928.309054251352,1.2789564494676332e-06,3.8286799453995705e-05,3.8286799453995705e-05,3.9596710278793304e-10,0.0063947822473381655
8.63125,4928.936805727708,1.2677574508914117e-06,3.833206972233702e-05,3.833206972233702e-05,3.9638730898656977e-10,0.006338787254457059
8.637500000000001,4929.572074637568,1.256424342352887e-06,3.837846150898423e-05,3.837846150898423e-05,3.9680375875494115e-10,0.006282121711764435
8.64375,4930.214249721602,1.244968028632147e-06,3.842597755217956e-05,3.842597755217956e-05,3.972164112559128e-10,0.006224840143160736
8.65,4930.862736209196,1.2333991203545611e-06,3.847461936927867e-05,3.847461936927867e-05,3.9762522916930914e-10,0.006166995601772806
8.65625,4931.516956078366,1.2217279293510722e-06,3.852438721858203e-05,3.852438721858203e-05,3.980301785928759e-10,0.006108639646755361
8.6625,4932.1763482744345,1.2099644647591064e-06,3.857528006195982e-05,3.857528006195982e-05,3.984312289419506e-10,0.006049822323795532
8.668750000000001,4932.840368888448,1.1981184298373622e-06,3.862729552838336e-05,3.862729552838336e-05,3.988283528480768e-10,0.005990592149186811
8.675,4933.508491297468,1.1861992194667577e-06,3.868042987847842e-05,3.868042987847842e-05,3.9922152605679076e-10,0.005930996097333789
8.68125,4934.180206267556,1.1742159183088285e-06,3.873467797021831e-05,3.873467797021831e-05,3.99610727324797e-10,0.005871079591544142
8.6875,4934.855022021961,1.1621772995922401e-06,3.8790033225877e-05,3.8790033225877e-05,3.99995938316742e-10,0.0058108864979612
8.69375,4935.532464275541,1.1500918244974688e-06,3.8846487600364294e-05,3.8846487600364294e-05,4.003771435017839e-10,0.005750459122487344
8.700000000000001,4936.21207623745,1.1379676421093393e-06,3.890403155106672e-05,3.890403155106672e-05,4.0075433005014626e-10,0.005689838210546696
8.70625,4936.8934185836915,1.1258125899068747e-06,3.896265400931902e-05,3.896265400931902e-05,4.0112748772983453e-10,0.005629062949534374
8.7125,4937.576069401207,1.1136341947598141e-06,3.902234235363221e-05,3.902234235363221e-05,4.014966088036826e-10,0.005568170973799071
8.71875,4938.259624105359,1.1014396744012345e-06,3.90830823848042e-05,3.90830823848042e-05,4.0186168792688746e-10,0.005507198372006173
8.725,4938.94369533243,1.089235939345879e-06,3.9144858303039674e-05,3.9144858303039674e-05,4.0222272204517977e-10,0.005446179696729395
8.731250000000001,4939.6279128087845,1.0770295952241238e-06,3.9207652687205226e-05,3.9207652687205226e-05,4.02579710293768e-10,0.005385147976120619
8.7375,4940.311923198348,1.0648269455019267e-06,3.927144647634483e-05,3.927144647634483e-05,4.029326538971842e-10,0.005324134727509634
8.74375,4940.995389930151,1.0526339945576568e-06,3.933621895358012e-05,3.933621895358012e-05,4.0328155607014944e-10,0.005263169972788284
8.75,4941.677993007555,1.0404564510873415e-06,3.9401947732517415e-05,3.9401947732517415e-05,4.036264219195681e-10,0.005202282255436707
8.75625,4942.359428800412,1.0282997318105522e-06,3.946860874628203e-05,3.946860874628203e-05,4.039672583477504e-10,0.005141498659052762
8.762500000000001,4943.039409821956,1.016168965449997e-06,3.953617623929713e-05,3.953617623929713e-05,4.04304073956954e-10,0.005080844827249985
8.76875,4943.717664492031,1.0040689969587505e-06,3.960462276192136e-05,3.960462276192136e-05,4.0463687895532684e-10,0.005020344984793752
8.775,4944.393936887431,9.920043919699598e-07,3.967391916805597e-05,3.967391916805597e-05,4.0496568506432473e-10,0.004960021959849799
8.78125,4945.067986481628,9.799794414448926e-07,3.974403461582753e-05,3.974403461582753e-05,4.052905054276696e-10,0.004899897207224463
8.7875,4945.739587874068,9.679981664961748e-07,3.981493657144767e-05,3.981493657144767e-05,4.056113545219066e-10,0.004839990832480874
8.793750000000001,4946.408530511555,9.560643233642012e-07,3.9886590816346046e-05,3.9886590816346046e-05,4.059282480686104e-10,0.004780321616821006
8.8,4947.074618401696,9.441814085257175e-07,3.9958961457666675e-05,3.9958961457666675e-05,4.062412029482848e-10,0.004720907042628587
8.80625,4947.737669820326,9.323526639147489e-07,4.003201094221144e-05,4.003201094221144e-05,4.065502371159933e-10,0.004661763319573744
8.8125,4948.397517013519,9.205810822371321e-07,4.0105700073907546e-05,4.0105700073907546e-05,4.068553695187505e-10,0.00460290541118566
8.81875,4949.054005895579,9.088694123610852e-07,4.017998803486831e-05,4.017998803486831e-05,4.071566200147006e-10,0.004544347061805426
8.825000000000001,4949.706995743373,8.97220164767323e-07,4.025483241010858e-05,4.025483241010858e-05,4.074540092941026e-10,0.004486100823836615
8.83125,4950.35635888839,8.856356170433949e-07,4.033018921596748e-05,4.033018921596748e-05,4.0774755880213623e-10,0.004428178085216975
8.8375,4951.00198040722,8.741178194080301e-07,4.0406012932282414e-05,4.0406012932282414e-05,4.080372906635391e-10,0.0043705890970401505
8.84375,4951.643757810726,8.626686002523161e-07,4.048225653834836e-05,4.048225653834836e-05,4.0832322760908056e-10,0.004313343001261581
8.85,4952.281600733354,8.512895716856867e-07,4.0558871552687104e-05,4.0558871552687104e-05,4.0860539290387383e-10,0.004256447858428433
8.856250000000001,4952.915430622466,8.399821350756584e-07,4.063580807664002e-05,4.063580807664002e-05,4.088838102775242e-10,0.004199910675378292
8.8625,4953.545180428859,8.287474865713285e-07,4.071301484178775e-05,4.071301484178775e-05,4.0915850385610824e-10,0.004143737432856643
8.86875,4954.17079429843,8.175866226015813e-07,4.079043926118882e-05,4.079043926118882e-05,4.0942949809597493e-10,0.004087933113007906
8.875,4954.7922272659325,8.06500345339921e-07,4.086802748441738e-05,4.086802748441738e-05,4.096968177193589e-10,0.004032501726699605
8.88125,4955.409444950952,7.954892681287398e-07,4.0945724456369164e-05,4.0945724456369164e-05,4.0996048765179095e-10,0.003977446340643699
8.887500000000001,4956.022423256365,7.845538208566755e-07,4.1023473979791874e-05,4.1023473979791874e-05,4.1022053296129107e-10,0.0039227691042833775
8.89375,4956.631148070015,7.736942552835738e-07,4.110121878148438e-05,4.110121878148438e-05,4.104769787993267e-10,0.003868471276417869
8.9,4957.23561496925,7.629106503082897e-07,4.117890058209647e-05,4.117890058209647e-05,4.1072985034351693e-10,0.0038145532515414487
8.90625,4957.835828929175,7.522029171753473e-07,4.125646016944824e-05,4.125646016944824e-05,4.109791727420621e-10,0.0037610145858767365
8.9125,4958.431804034446,7.415708046171316e-07,4.1333837475275386e-05,4.1333837475275386e-05,4.1122497105987837e-10,0.003707854023085658
8.918750000000001,4959.023563194668,7.310139039289303e-07,4.141097165529389e-05,4.141097165529389e-05,4.1146727022641424e-10,0.003655069519644652
8.925,4959.611137863938,7.2053165397476e-07,4.1487801172464875e-05,4.1487801172464875e-05,4.11706094985126e-10,0.0036026582698738
8.93125,4960.194567764027,7.101233461224323e-07,4.156426388332751e-05,4.156426388332751e-05,4.1194146984458947e-10,0.003550616730612162
8.9375,4960.7739006120555,6.997881291068812e-07,4.164029712725536e-05,4.164029712725536e-05,4.121734190312232e-10,0.003498940645534406
8.94375,4961.349191851624,6.895250138211638e-07,4.1715837818478836e-05,4.1715837818478836e-05,4.1240196644360006e-10,0.0034476250691058193
8.950000000000001,4961.920504388488,6.793328780350511e-07,4.179082254070458e-05,4.179082254070458e-05,4.1262713560832264e-10,0.0033966643901752556
8.95625,4962.487908330128,6.692104710414764e-07,4.186518764415011e-05,4.186518764415011e-05,4.128489496374388e-10,0.003346052355207382
8.9625,4963.051480729225,6.591564182314529e-07,4.1938869344800876e-05,4.1938869344800876e-05,4.130674311873735e-10,0.003295782091157264
8.96875,4963.611305331153,6.491692255984113e-07,4.201180382568532e-05,4.201180382568532e-05,4.1328260241935393e-10,0.0032458461279920568
8.975,4964.167472325531,6.392472841731865e-07,4.208392733995294e-05,4.208392733995294e-05,4.134944849613042e-10,0.0031962364208659327
8.981250000000001,4964.72007810124,6.293888743911e-07,4.2155176315529734e-05,4.2155176315529734e-05,4.1370309987118795e-10,0.0031469443719555003
8.9875,4965.269225005449,6.195921703928482e-07,4.2225487461116255e-05,4.2225487461116255e-05,4.1390846760177617e-10,0.003097960851964241
8.99375,4965.8150211061375,6.09855244261068e-07,4.229479787328365e-05,4.229479787328365e-05,4.1411060796681953e-10,0.00304927622130534
9.0,4966.357579958057,6.001760701946128e-07,4.236304514441535e-05,4.236304514441535e-05,4.143095401086041e-10,0.003000880350973064
9.00625,4966.897020372189,5.905525286227297e-07,4.24301674712337e-05,4.24301674712337e-05,4.14505282466871e-10,0.0029527626431136485
9.012500000000001,4967.433466188234,5.809824102614183e-07,4.249610376364444e-05,4.249610376364444e-05,4.1469785274908003e-10,0.0029049120513070913
9.01875,4967.96704605056,5.714634201143807e-07,4.256079375362542e-05,4.256079375362542e-05,4.1488726790200014e-10,0.0028573171005719035
9.025,4968.4978931866335,5.61993181420999e-07,4.2624178103880863e-05,4.2624178103880863e-05,4.15073544084608e-10,0.002809965907104995
9.03125,4969.026145188835,5.52569239553895e-07,4.268619851597811e-05,4.268619851597811e-05,4.152566966422784e-10,0.002762846197769475
9.0375,4969.551943798347,5.431890658686006e-07,4.2746797837680376e-05,4.2746797837680376e-05,4.154367400822513e-10,0.002715945329343003
9.043750000000001,4970.075434692228,5.338500615079705e-07,4.280592016918659e-05,4.280592016918659e-05,4.156136880503587e-10,0.0026692503075398527
9.05,4970.596767272298,5.245495611639175e-07,4.286351096798797e-05,4.286351096798797e-05,4.1578755330899967e-10,0.0026227478058195876
9.05625,4971.1160944566445,5.152848367991007e-07,4.291951715205079e-05,4.291951715205079e-05,4.1595834771634806e-10,0.0025764241839955036
9.0625,4971.6335724731025,5.060531013311704e-07,4.297388720103504e-05,4.297388720103504e-05,4.161260822067817e-10,0.002530265506655852
9.06875,4972.1493606546155,4.968515122821692e-07,4.302657125526104e-05,4.302657125526104e-05,4.1629076677252115e-10,0.002484257561410846
9.075000000000001,4972.663621236563,4.876771753956704e-07,4.3077521212138405e-05,4.3077521212138405e-05,4.1645241044646745e-10,0.002438385876978352
9.08125,4973.176519155649,4.785271482241984e-07,4.312669081977592e-05,4.312669081977592e-05,4.1661102128622896e-10,0.002392635741120992
9.0875,4973.688221850325,4.6939844368945186e-07,4.3174035767496065e-05,4.3174035767496065e-05,4.1676660635932795e-10,0.0023469922184472594
9.09375,4974.19889906257,4.602880336178111e-07,4.321951377298372e-05,4.321951377298372e-05,4.1691917172957957e-10,0.0023014401680890553
9.1,4974.708722641018,4.5119285225357745e-07,4.326308466580616e-05,4.326308466580616e-05,4.170687224446349e-10,0.002255964261267887
9.106250000000001,4975.217866345149,4.4210979975234154e-07,4.3304710467049616e-05,4.3304710467049616e-05,4.1721526252468206e-10,0.0022105489987617076
9.1125,4975.726505650382,4.3303574565682803e-07,4.3344355464827044e-05,4.3344355464827044e-05,4.173587949522993e-10,0.0021651787282841403
9.11875,4976.234817554135,4.239675323575298e-07,4.3381986285422084e-05,4.3381986285422084e-05,4.1749932166345533e-10,0.002119837661787649
9.125,4976.742980382641,4.14901978540391e-07,4.3417571959845786e-05,4.3417571959845786e-05,4.1763684353965236e-10,0.002074509892701955
9.13125,4977.251173598125,4.0583588262372465e-07,4.345108398559493e-05,4.345108398559493e-05,4.1777136040120804e-10,0.0020291794131186234
9.137500000000001,4977.759577606751,3.967660261865347e-07,4.348249638341396e-05,4.348249638341396e-05,4.179028710016741e-10,0.001983830130932674
9.14375,4978.268373566837,3.876891773903389e-07,4.3511785748877026e-05,4.3511785748877026e-05,4.180313730233891e-10,0.0019384458869516946
9.15,4978.777743197197,3.7860209439651506e-07,4.353893129862126e-05,4.353893129862126e-05,4.181568630741637e-10,0.0018930104719825753
9.15625,4979.2878685858295,3.695015287811824e-07,4.356391491107867e-05,4.356391491107867e-05,4.182793366850981e-10,0.0018475076439059118
9.1625,4979.79893199839,3.603842289495159e-07,4.358672116157008e-05,4.358672116157008e-05,4.183987883095307e-10,0.0018019211447475795
9.168750000000001,4980.31111568693,3.5124694355139267e-07,4.3607337351642e-05,4.3607337351642e-05,4.1851521132311957e-10,0.0017562347177569634
9.175,4980.824601698051,3.420864249001423e-07,4.362575353254495e-05,4.362575353254495e-05,4.186285980250565e-10,0.0017104321245007114
9.18125,4981.339571681161,3.3289943239617507e-07,4.3641962522770117e-05,4.3641962522770117e-05,4.187389396404161e-10,0.0016644971619808754
9.1875,4981.856206696129,3.2368273595714164e-07,4.365595991957968e-05,4.365595991957968e-05,4.1884622632364185e-10,0.0016184136797857082
9.19375,4982.374687020465,3.144331194562394e-07,4.366774410448556e-05,4.366774410448556e-05,4.1895044716317176e-10,0.001572165597281197
9.200000000000001,4982.895191956281,3.051473841702224e-07,4.367731624265036e-05,4.367731624265036e-05,4.190515901872068e-10,0.001525736920851112
9.20625,4983.417899636097,2.9582235223854345e-07,4.368468027620393e-05,4.368468027620393e-05,4.1914964237062606e-10,0.0014791117611927173
9.2125,4983.942986828537,2.864548701350612e-07,4.368984291148872e-05,4.368984291148872e-05,4.192445896430525e-10,0.0014322743506753062
9.21875,4984.470628742652,2.770418121535711e-07,4.369281360026657e-05,4.369281360026657e-05,4.1933641689807404e-10,0.0013852090607678555
9.225,4985.000998831952,2.6758008390842876e-07,4.3693604514939486e-05,4.3693604514939486e-05,4.1942510800362503e-10,0.0013379004195421438
9.231250000000001,4985.534268597084,2.5806662585135855e-07,4.369223051785595e-05,4.369223051785595e-05,4.195106458135332e-10,0.0012903331292567928
9.2375,4986.07060738791,2.4849841680551833e-07,4.3688709124794217e-05,4.3688709124794217e-05,4.1959301218023816e-10,0.0012424920840275917
9.24375,4986.610182204197,2.388724775177256e-07,4.3683060462732275e-05,4.3683060462732275e-05,4.1967218796868734e-10,0.001194362387588628
9.25,4987.153157495575,2.2918587422970807e-07,4.3675307222033306e-05,4.3675307222033306e-05,4.1974815307141545e-10,0.0011459293711485405
9.25625,4987.699694960186,2.194357222690782e-07,4.366547460319301e-05,4.366547460319301e-05,4.198208864248144e-10,0.001097178611345391
9.262500000000001,4988.249953342295,2.0961918966064802e-07,4.3653590258312934e-05,4.3653590258312934e-05,4.1989036602659996e-10,0.0010480959483032402
9.26875,4988.804088228639,1.9973350075855048e-07,4.363968422748072e-05,4.363968422748072e-05,4.199565689544827e-10,0.0009986675037927525
9.275,4989.362251843673,1.897759398995296e-07,4.362378887025428e-05,4.362378887025428e-05,4.200194713860494e-10,0.000948879699497648
9.28125,4989.924592843655,1.7974385507759799e-07,4.360593879246216e-05,4.360593879246216e-05,4.200790486198628e-10,0.0008987192753879899
9.2875,4990.491256109312,1.696346616401222e-07,4.3586170768546994e-05,4.3586170768546994e-05,4.2013527509778624e-10,0.0008481733082006111
9.293750000000001,4991.062382537588,1.5944584600525661e-07,4.3564523659692396e-05,4.3564523659692396e-05,4.2018812442854046e-10,0.0007972292300262831
9.3,4991.638108832084,1.491749694004686e-07,4.3541038327986146e-05,4.3541038327986146e-05,4.202375694124997e-10,0.000745874847002343
9.30625,4992.2185672922315,1.388196716217191e-07,4.35157575468842e-05,4.35157575468842e-05,4.2028358206773367e-10,0.0006940983581085955
9.3125,4992.803885601597,1.2837767481272798e-07,4.3488725908250415e-05,4.3488725908250415e-05,4.2032613365730227e-10,0.0006418883740636398
9.31875,4993.394186614796,1.1784678726349922e-07,4.3459989726256346e-05,4.3459989726256346e-05,4.203651947178093e-10,0.0005892339363174961
9.325000000000001,4993.989588143705,1.0722490722716709e-07,4.342959693843327e-05,4.342959693843327e-05,4.204007350892214e-10,0.0005361245361358355
9.33125,4994.5902027424445,9.651002675394138e-08,4.339759700417619e-05,4.339759700417619e-05,4.204327239459574e-10,0.0004825501337697069
9.3375,4995.196137491602,8.570023554078108e-08,4.336404080100466e-05,4.336404080100466e-05,4.2046112982925434e-10,0.0004285011777039054
9.34375,4995.807493781723,7.479372479517151e-08,4.332898051889026e-05,4.332898051889026e-05,4.204859206808135e-10,0.00037396862397585755
9.35,4996.424367095914,6.378879111115773e-08,4.329246955296364e-05,4.329246955296364e-05,4.2050706387773153e-10,0.00031894395555578866
9.356250000000001,4997.046846792146,5.268384035556491e-08,4.3254562394915946e-05,4.3254562394915946e-05,4.205245262687195e-10,0.0002634192017778245
9.3625,4997.6750158848745,4.14773915620751e-08,4.321531452341058e-05,4.321531452341058e-05,4.20538274211613e-10,0.0002073869578103755
9.36875,4998.30895082647,3.016808083058045e-08,4.317478229382026e-05,4.317478229382026e-05,4.205482736121743e-10,0.00015084040415290227
9.375,4998.948721288577,1.8754665228986765e-08,4.313302282760297e-05,4.313302282760297e-05,4.2055448996418784e-10,9.377332614493383e-05
9.38125,4999.594389943373,7.2360266943619655e-09,4.30900939016273e-05,4.30900939016273e-05,4.205568883908493e-10,3.6180133471809826e-05
9.387500000000001,5000.246012245166,-4.3888240699478755e-09,4.3046053837753646e-05,4.3046053837753646e-05,4.205554336874456e-10,-2.194412034973938e-05
9.39375,5000.903636212275,-1.612074370489588e-08,4.3000961392972314e-05,4.3000961392972314e-05,4.205500903653246e-10,-8.060371852447939e-05
9.4,5001.56730220983,-2.7960452317925458e-08,4.2954875650393153e-05,4.2954875650393153e-05,4.2054082269715004e-10,-0.00013980226158962728
9.40625,5002.237042733095,-3.990852962103422e-08,4.290785591137416e-05,4.290785591137416e-05,4.205275947634365e-10,-0.0001995426481051711
9.4125,5002.912882192363,-5.1965411089208475e-08,4.285996158906737e-05,4.285996158906737e-05,4.205103705003576e-10,-0.00025982705544604236
9.418750000000001,5003.594836698809,-6.413138414408587e-08,4.281125210365157e-05,4.281125210365157e-05,4.204891137488192e-10,-0.00032065692072042937
9.425,5004.282913852397,-7.64065843679521e-08,4.2761786779510336e-05,4.2761786779510336e-05,4.2046378830478773e-10,-0.0003820329218397605
9.43125,5004.977112531609,-8.879099175352363e-08,4.271162474460297e-05,4.271162474460297e-05,4.204343579708609e-10,-0.0004439549587676182
9.4375,5005.677422685629,-1.0128442699524557e-07,4.2660824832263656e-05,4.2660824832263656e-05,4.204007866090686e-10,-0.0005064221349762279
9.44375,5006.383825129069,-1.1388654782817368e-07,4.2609445485651445e-05,4.2609445485651445e-05,4.2036303819488643e-10,-0.0005694327391408684
9.450000000000001,5007.096291339729,-1.2659684542079752e-07,4.2557544665060225e-05,4.2557544665060225e-05,4.2032107687244557e-10,-0.0006329842271039876
9.45625,5007.814783259897,-1.3941464082846344e-07,4.2505179758283644e-05,4.2505179758283644e-05,4.2027486701091753e-10,-0.0006970732041423172
9.4625,5008.539253101223,-1.5233908151439549e-07,4.245240749421554e-05,4.245240749421554e-05,4.2022437326205256e-10,-0.0007616954075719774
9.46875,5009.269643154086,-1.653691379455651e-07,4.2399283859851476e-05,4.2399283859851476e-05,4.201695606188462e-10,-0.0008268456897278255
9.475,5010.005885601116,-1.785036002710247e-07,4.2345864020841366e-05,4.2345864020841366e-05,4.201103944753066e-10,-0.0008925180013551235
9.481250000000001,5010.747902336328,-1.91741075090539e-07,4.229220224572803e-05,4.229220224572803e-05,4.200468406872932e-10,-0.0009587053754526951
9.4875,5011.495604789408,-2.050799823216964e-07,4.223835183399016e-05,4.223835183399016e-05,4.1997886563439386e-10,-0.001025399911608482
9.49375,5012.2488937560465,-2.1851855217393977e-07,4.218436504799275e-05,4.218436504799275e-05,4.199064362828045e-10,-0.001092592760869699
9.5,5013.007659234919,-2.320548222382099e-07,4.2130293048931684e-05,4.2130293048931684e-05,4.19829520249174e-10,-0.0011602741111910494
9.50625,5013.771780271349,-2.456866347011883e-07,4.207618583684349e-05,4.207618583684349e-05,4.197480858653721e-10,-0.0012284331735059415
9.512500000000001,5014.54112480887,-2.5941163369333724e-07,4.202209219473526e-05,4.202209219473526e-05,4.1966210224413617e-10,-0.0012970581684666862
9.51875,5015.315549548497,-2.732272627801966e-07,4.1968059636874305e-05,4.1968059636874305e-05,4.195715393455501e-10,-0.001366136313900983
9.525,5016.09489981658,-2.871307626066144e-07,4.191413436126133e-05,4.191413436126133e-05,4.194763680443034e-10,-0.0014356538130330721
9.53125,5016.879009442052,-3.011191687037609e-07,4.186036120629633e-05,4.186036120629633e-05,4.193765601976773e-10,-0.0015055958435188045
9.5375,5017.667700643146,-3.151893094689943e-07,4.180678361163123e-05,4.180678361163123e-05,4.192720887142009e-10,-0.0015759465473449714
9.543750000000001,5018.460783924328,-3.2933780432880923e-07,4.1753443583189337e-05,4.1753443583189337e-05,4.1916292762291557e-10,-0.0016466890216440462
9.55,5019.258057984217,-3.435610620952158e-07,4.1700381662317755e-05,4.1700381662317755e-05,4.190490521431847e-10,-0.001717805310476079
9.55625,5020.059309634931,-3.5785527952604476e-07,4.164763689902562e-05,4.164763689902562e-05,4.1893043875498023e-10,-0.001789276397630224
9.5625,5020.864313733395,-3.7221644009975167e-07,4.1595246829248654e-05,4.1595246829248654e-05,4.188070652695754e-10,-0.0018610822004987582
9.56875,5021.672833125204,-3.86640313015394e-07,4.154324745606813e-05,4.154324745606813e-05,4.1867891090056916e-10,-0.0019332015650769699
9.575000000000001,5022.48461860188,-4.0112245242845836e-07,4.14916732348014e-05,4.14916732348014e-05,4.185459563351637e-10,-0.0020056122621422917
9.58125,5023.29940887182,-4.1565819693326056e-07,4.1440557061870275e-05,4.1440557061870275e-05,4.1840818380561343e-10,-0.002078290984666303
9.5875,5024.1169305457015,-4.302426693026094e-07,4.138993026734375e-05,4.138993026734375e-05,4.1826557716076045e-10,-0.002151213346513047
9.59375,5024.936898136936,-4.44870776495384e-07,4.133982261104251e-05,4.133982261104251e-05,4.181181219375675e-10,-0.0022243538824769198
9.600000000000001,5025.759014077647,-4.5953720994259334e-07,4.1290262282084255e-05,4.1290262282084255e-05,4.1796580543255594e-10,-0.0022976860497129666
9.606250000000001,5026.582968750949,-4.7423644612236007e-07,4.124127590174137e-05,4.124127590174137e-05,4.1780861677305333e-10,-0.0023711822306118004
9.6125,5027.408440539958,-4.889627474341297e-07,4.119288852947565e-05,4.119288852947565e-05,4.17646546988151e-10,-0.0024448137371706484
9.61875,5028.235095894104,-5.037101633822094e-07,4.114512367200925e-05,4.114512367200925e-05,4.174795890792697e-10,-0.002518550816911047
9.625,5029.062589413347,-5.184725320785198e-07,4.109800329528527e-05,4.109800329528527e-05,4.173077380902267e-10,-0.002592362660392599
9.631250000000001,5029.890563950886,-5.332434820741544e-07,4.105154783916787e-05,4.105154783916787e-05,4.171309911766963e-10,-0.002666217410370772
9.637500000000001,5030.718650734788,-5.480164345290534e-07,4.100577623472766e-05,4.100577623472766e-05,4.1694934767495075e-10,-0.002740082172645267
9.64375,5031.546469509004,-5.627846057287386e-07,4.096070592395583e-05,4.096070592395583e-05,4.167628091697672e-10,-0.002813923028643693
9.65,5032.373628694422,-5.775410099566562e-07,4.091635288174841e-05,4.091635288174841e-05,4.1657137956138266e-10,-0.002887705049783281
9.65625,5033.199725570273,-5.922784627302415e-07,4.087273164000085e-05,4.087273164000085e-05,4.1637506513137614e-10,-0.0029613923136512076
9.662500000000001,5034.024346476284,-6.069895844083461e-07,4.0829855313652753e-05,4.0829855313652753e-05,4.1617387460735516e-10,-0.0030349479220417304
9.668750000000001,5034.847067036186,-6.216668041771226e-07,4.078773562852283e-05,4.078773562852283e-05,4.159678192263213e-10,-0.003108334020885613
9.675,5035.667452402604,-6.363023644209139e-07,4.074638295077497e-05,4.074638295077497e-05,4.157569127965867e-10,-0.0031815118221045695
9.68125,5036.485057524104,-6.508883254840593e-07,4.070580631785811e-05,4.070580631785811e-05,4.155411717581125e-10,-0.0032544416274202966
9.6875,5037.299427434253,-6.654165708288857e-07,4.0666013470764536e-05,4.0666013470764536e-05,4.1532061524113733e-10,-0.0033270828541444282
9.693750000000001,5038.110097563186,-6.798788125944404e-07,4.062701088745426e-05,4.062701088745426e-05,4.150952651229636e-10,-0.0033993940629722017
9.700000000000001,5038.916594071989,-6.942665975597703e-07,4.058880381729605e-05,4.058880381729605e-05,4.1486514608276714e-10,-0.0034713329877988515
9.70625,5039.7184342096225,-7.085713135147824e-07,4.055139631637989e-05,4.055139631637989e-05,4.14630285654295e-10,-0.003542856567573912
9.7125,5040.515126693179,-7.227841960408477e-07,4.051479128355959e-05,4.051479128355959e-05,4.143907142763161e-10,-0.0036139209802042386
9.71875,5041.306172110941,-7.368963357024761e-07,4.0478990497088884e-05,4.0478990497088884e-05,4.1414646534068797e-10,-0.0036844816785123807
9.725000000000001,5042.091063348565,-7.50898685650451e-07,4.044399465171966e-05,4.044399465171966e-05,4.138975752379032e-10,-0.003754493428252255
9.731250000000001,5042.869286038237,-7.647820696358678e-07,4.0409803396135993e-05,4.0409803396135993e-05,4.1364408339998e-10,-0.003823910348179339
9.7375,5043.6403190310175,-7.785371904335093e-07,4.0376415370603406e-05,4.0376415370603406e-05,4.133860323405606e-10,-0.0038926859521675465
9.74375,5044.403634891604,-7.92154638672e-07,4.034382824471873e-05,4.034382824471873e-05,4.1312346769208246e-10,-0.003960773193360001
9.75,5045.158700416084,-8.056249020670769e-07,4.0312038755151835e-05,4.0312038755151835e-05,4.128564382398898e-10,-0.004028124510335384
9.756250000000001,5045.904977171596,-8.189383750532686e-07,4.02810427432769e-05,4.02810427432769e-05,4.1258499595315195e-10,-0.004094691875266343
9.762500000000001,5046.6419220585,-8.320853688080961e-07,4.025083519259701e-05,4.025083519259701e-05,4.1230919601245964e-10,-0.004160426844040481
9.76875,5047.3689878937475,-8.450561216618226e-07,4.0221410265872714e-05,4.0221410265872714e-05,4.1202909683397044e-10,-0.004225280608309113
9.775,5048.085624015464,-8.578408098845753e-07,4.0192761341871136e-05,4.0192761341871136e-05,4.1174476008997923e-10,-0.004289204049422877
9.78125,5048.791276908391,-8.704295588414647e-07,4.016488105165924e-05,4.016488105165924e-05,4.114562507257908e-10,-0.004352147794207324
9.787500000000001,5049.485390849166,-8.828124545051401e-07,4.0137761314370756e-05,4.0137761314370756e-05,4.111636369727768e-10,-0.004414062272525701
9.793750000000001,5050.167408571016,-8.949795553139998e-07,4.0111393372383417e-05,4.0111393372383417e-05,4.108669903575022e-10,-0.0044748977765699995
9.8,5050.836771947069,-9.069209043630292e-07,4.0085767825848705e-05,4.0085767825848705e-05,4.105663857068108e-10,-0.004534604521815146
9.80625,5051.492922691612,-9.186265419130102e-07,4.0060874666523074e-05,4.0060874666523074e-05,4.102619011487649e-10,-0.004593132709565051
9.8125,5052.13530307819,-9.300865182026217e-07,4.003670331085561e-05,4.003670331085561e-05,4.0995361810933774e-10,-0.004650432591013109
9.818750000000001,5052.763356673958,-9.412909065466853e-07,4.001324263229262e-05,4.001324263229262e-05,4.0964162130476505e-10,-0.0047064545327334265
9.825000000000001,5053.37652908874,-9.522298167026299e-07,3.999048099276609e-05,3.999048099276609e-05,4.0932599872946577e-10,-0.00476114908351315
9.83125,5053.9742687384,-9.628934084859792e-07,3.9968406273337754e-05,3.9968406273337754e-05,4.0900684163945e-10,-0.004814467042429896
9.8375,5054.556027620737,-9.732719056145121e-07,3.994700590397633e-05,3.994700590397633e-05,4.086842445311383e-10,-0.00486635952807256
9.84375,5055.1212621031855,-9.833556097595355e-07,3.9926266892450384e-05,3.9926266892450384e-05,4.0835830511552324e-10,-0.004916778048797678
9.850000000000001,5055.669433720807,-9.931349147815633e-07,3.990617585232414e-05,3.990617585232414e-05,4.08029124287613e-10,-0.004965674573907817
9.856250000000001,5056.200009983246,-1.0026003211265882e-06,3.988671903004819e-05,3.988671903004819e-05,4.076968060911028e-10,-0.005013001605632941
9.8625,5056.71246518923,-1.0117424503580243e-06,3.986788233114134e-05,3.986788233114134e-05,4.0736145767822977e-10,-0.005058712251790122
9.86875,5057.206281247413,-1.0205520597983555e-06,3.9849651345463836e-05,3.9849651345463836e-05,4.070231892647748e-10,-0.005102760298991778
9.875,5057.6809485016365,-1.0290200572535335e-06,3.983201137158622e-05,3.983201137158622e-05,4.0668211408018374e-10,-0.005145100286267667
9.881250000000001,5058.135966559475,-1.0371375157921925e-06,3.981494744026134e-05,3.981494744026134e-05,4.0633834831279015e-10,-0.005185687578960962
9.887500000000001,5058.570845122061,-1.044895688550887e-06,3.9798444337010315e-05,3.9798444337010315e-05,4.059920110501307e-10,-0.005224478442754434
9.89375,5058.985104813748,-1.0522860235356927e-06,3.978248662383645e-05,3.978248662383645e-05,4.0564322421435414e-10,-0.005261430117678463
9.9,5059.37827801002,-1.0593001783897334e-06,3.9767058660083464e-05,3.9767058660083464e-05,4.0529211249273627e-10,-0.005296500891948667
9.90625,5059.749909661439,-1.065930035095535e-06,3.975214462245712e-05,3.975214462245712e-05,4.0493880326332076e-10,-0.005329650175477675
9.912500000000001,5060.09955811251,-1.0721677145804226e-06,3.9737728524231226e-05,3.9737728524231226e-05,4.045834265157196e-10,-0.0053608385729021135
9.918750000000001,5060.426795913033,-1.0780055911926743e-06,3.972379423366125e-05,3.972379423366125e-05,4.0422611476711523e-10,-0.005390027955963371
9.925,5060.7312106205245,-1.0834363070156425e-06,3.971032549163016e-05,3.971032549163016e-05,4.0386700297351784e-10,-0.005417181535078213
9.93125,5061.01240559157,-1.0884527859867017e-06,3.969730592855265e-05,3.969730592855265e-05,4.035062284363432e-10,-0.005442263929933508
9.9375,5061.270000760488,-1.0930482477875583e-06,3.968471908056512e-05,3.968471908056512e-05,4.031439307043863e-10,-0.0054652412389377915
9.943750000000001,5061.5036334032675,-1.0972162214722828e-06,3.967254840502996e-05,3.967254840502996e-05,4.027802514712781e-10,-0.005486081107361414
9.950000000000001,5061.712958884853,-1.1009505587993206e-06,3.9660777295382976e-05,3.9660777295382976e-05,4.024153344685227e-10,-0.005504752793996603
9.95625,5061.897651387958,-1.1042454472337323e-06,3.964938909535404e-05,3.964938909535404e-05,4.0204932535422584e-10,-0.005521227236168662
9.9625,5062.0574046215,-1.107095422586017e-06,3.963836711259095e-05,3.963836711259095e-05,4.016823715976331e-10,-0.005535477112930085
9.96875,5062.191932506894,-1.1094953812540781e-06,3.962769463171697e-05,3.962769463171697e-05,4.0131462235961127e-10,-0.00554747690627039
9.975000000000001,5062.300969840143,-1.1114405920352007e-06,3.9617354926852615e-05,3.9617354926852615e-05,4.0094622836921405e-10,-0.005557202960176004
9.981250000000001,5062.384272927944,-1.112926707475353e-06,3.9607331273632036e-05,3.9607331273632036e-05,4.0057734179648617e-10,-0.005564633537376765
9.9875,5062.441620196194,-1.1139497747236175e-06,3.959760696074439e-05,3.959760696074439e-05,4.0020811612166977e-10,-0.005569748873618087
9.99375,5062.4728127689095,-1.1145062458602329e-06,3.958816530102998e-05,3.958816530102998e-05,3.9983870600098735e-10,-0.005572531229301164
10.0,5062.4776750159335,-1.1145929876674545e-06,3.957898964216091e-05,3.957898964216091e-05,3.994692671291861e-10,-0.005572964938337272
10.006250000000001,5062.456055067714,-1.114207290813328e-06,3.957006337693499e-05,3.957006337693499e-05,3.990999560990385e-10,-0.00557103645406664
10.012500000000001,5062.407825295458,-1.1133468784194198e-06,3.956136995321159e-05,3.956136995321159e-05,3.987309302580026e-10,-0.005566734392097099
10.01875,5062.332882755554,-1.1120099139846194e-06,3.955289288351684e-05,3.955289288351684e-05,3.983623475622564e-10,-0.0055600495699230975
10.025,5062.231149595861,-1.1101950086383665e-06,3.954461575434537e-05,3.954461575434537e-05,3.979943664283278e-10,-0.005550975043191833
10.03125,5062.102573423449,-1.1079012276978773e-06,3.9536522235184664e-05,3.9536522235184664e-05,3.976271455825512e-10,-0.005539506138489387
10.037500000000001,5061.947127631713,-1.1051280965054003e-06,3.952859608728721e-05,3.952859608728721e-05,3.972608439085893e-10,-0.005525640482527001
10.043750000000001,5061.764811686039,-1.101875605522971e-06,3.952082117221501e-05,3.952082117221501e-05,3.9689562029326616e-10,-0.0055093780276148545
10.05,5061.5556513664915,-1.0981442146637841e-06,3.9513181460179774e-05,3.9513181460179774e-05,3.965316334709648e-10,-0.005490721073318921
10.05625,5061.31969896683,-1.0939348568409236e-06,3.950566103820137e-05,3.950566103820137e-05,3.961690418668483e-10,-0.005469674284204618
10.0625,5061.057033448531,-1.0892489407160083e-06,3.949824411810601e-05,3.949824411810601e-05,3.9580800343916995e-10,-0.005446244703580042
10.068750000000001,5060.767760549128,-1.084088352632133e-06,3.949091504438484e-05,3.949091504438484e-05,3.954486755209427e-10,-0.0054204417631606655
10.075000000000001,5060.452012844119,-1.078455457717434e-06,3.948365830193232e-05,3.948365830193232e-05,3.950912146612429e-10,-0.00539227728858717
10.08125,5060.109949761618,-1.0723531001476012e-06,3.947645852368316e-05,3.947645852368316e-05,3.947357764664269e-10,-0.005361765500738006
10.0875,5059.741757549467,-1.0657846025577315e-06,3.9469300498165255e-05,3.9469300498165255e-05,3.943825154415428e-10,-0.0053289230127886575
10.09375,5059.347649194114,-1.0587537645960424e-06,3.946216917698532e-05,3.946216917698532e-05,3.940315848322212e-10,-0.005293768822980212
10.100000000000001,5058.927864291108,-1.0512648606141624e-06,3.9455049682262835e-05,3.9455049682262835e-05,3.936831364673321e-10,-0.005256324303070812
10.106250000000001,5058.482668867174,-1.0433226364909094e-06,3.9447927314027e-05,3.9447927314027e-05,3.933373206026939e-10,-0.005216613182454546
10.1125,5058.012355153372,-1.0349323055887851e-06,3.944078755759047e-05,3.944078755759047e-05,3.9299428576612317e-10,-0.005174661527943925
10.11875,5057.517241310151,-1.0260995438446364e-06,3.943361609091266e-05,3.943361609091266e-05,3.9265417860411146e-10,-0.005130497719223182
10.125,5056.997671103654,-1.01683048399834e-06,3.942639879196461e-05,3.942639879196461e-05,3.92317143730415e-10,-0.0050841524199917
10.131250000000001,5056.454013534255,-1.0071317089656344e-06,3.941912174610638e-05,3.941912174610638e-05,3.9198332357684113e-10,-0.005035658544828172
10.137500000000001,5055.886662417649,-9.970102443635866e-07,3.9411771253487195e-05,3.9411771253487195e-05,3.916528582465121e-10,-0.004985051221817933
10.14375,5055.2960359190065,-9.864735501995133e-07,3.94043338364777e-05,3.94043338364777e-05,3.913258853698837e-10,-0.004932367750997566
10.15,5054.682576040788,-9.755295117365305e-07,3.9396796247142744e-05,3.9396796247142744e-05,3.910025399637916e-10,-0.004877647558682653
10.15625,5054.046748065651,-9.641864295511523e-07,3.938914547476249e-05,3.938914547476249e-05,3.90682954293793e-10,-0.004820932147755762
10.162500000000001,5053.389039954636,-9.524530088007104e-07,3.938136875340864e-05,3.938136875340864e-05,3.903672577400659e-10,-0.004762265044003552
10.168750000000001,5052.70996170249,-9.403383477205484e-07,3.937345356958202e-05,3.937345356958202e-05,3.900555766671208e-10,-0.0047016917386027415
10.175,5052.010044651016,-9.278519253731709e-07,3.936538766991684e-05,3.936538766991684e-05,3.897480342975731e-10,-0.004639259626865854
10.18125,5051.289840761612,-9.150035886736754e-07,3.935715906895617e-05,3.935715906895617e-05,3.8944475059021634e-10,-0.004575017943368377
10.1875,5050.549921849087,-9.018035387178485e-07,3.934875605700277e-05,3.934875605700277e-05,3.891458421226263e-10,-0.004509017693589242
10.193750000000001,5049.790878777687,-8.882623164413393e-07,3.934016720804811e-05,3.934016720804811e-05,3.888514219785193e-10,-0.004441311582206697
10.200000000000001,5049.013320621474,-8.743907876402515e-07,3.933138138778232e-05,3.933138138778232e-05,3.885615996400752e-10,-0.004371953938201258
10.20625,5048.217873790657,-8.602001273853285e-07,3.9322387761686666e-05,3.9322387761686666e-05,3.88276480885426e-10,-0.004301000636926643
10.2125,5047.405181125905,-8.457018038636637e-07,3.9313175803209644e-05,3.9313175803209644e-05,3.8799616769150083e-10,-0.004228509019318319
10.21875,5046.575900962413,-8.309075616835336e-07,3.9303735302027036e-05,3.9303735302027036e-05,3.8772075814240443e-10,-0.0041545378084176686
10.225000000000001,5045.7307061661295,-8.158294046794614e-07,3.9294056372385594e-05,3.9294056372385594e-05,3.8745034634349494e-10,-0.004079147023397307
10.231250000000001,5044.87028314405,-8.00479578256072e-07,3.928412946152934e-05,3.928412946152934e-05,3.871850223413139e-10,-0.00400239789128036
10.2375,5043.995330830856,-7.848705513106133e-07,3.927394535820663e-05,3.927394535820663e-05,3.8692487204950827e-10,-0.003924352756553067
10.24375,5043.106559654329,-7.690149977751759e-07,3.926349520125569e-05,3.926349520125569e-05,3.8666997718087033e-10,-0.0038450749888758796
10.25,5042.204690481721,-7.529257778207293e-07,3.925277048826549e-05,3.925277048826549e-05,3.864204151856076e-10,-0.0037646288891036465
10.256250000000001,5041.290453549639,-7.366159187659936e-07,3.924176308430784e-05,3.924176308430784e-05,3.861762591959407e-10,-0.003683079593829968
10.262500000000001,5040.364587379724,-7.200985957349589e-07,3.923046523073655e-05,3.923046523073655e-05,3.859375779771124e-10,-0.0036004929786747947
10.26875,5039.427837683065,-7.033871121074839e-07,3.921886955404806e-05,3.921886955404806e-05,3.8570443588487623e-10,-0.0035169355605374195
10.275,5038.480956254967,-6.864948798079554e-07,3.92069690747976e-05,3.92069690747976e-05,3.8547689282951904e-10,-0.003432474399039777
10.28125,5037.524699863752,-6.694353994772707e-07,3.9194757216564134e-05,3.9194757216564134e-05,3.8525500424645496e-10,-0.003347176997386354
10.287500000000001,5036.5598291352635,-6.522222405736706e-07,3.9182227814956615e-05,3.9182227814956615e-05,3.8503882107341575e-10,-0.003261111202868353
10.293750000000001,5035.587107435934,-6.348690214479784e-07,3.916937512665306e-05,3.916937512665306e-05,3.8482838973424493e-10,-0.0031743451072398917
10.3,5034.607299757106,-6.173893894387106e-07,3.915619383846369e-05,3.915619383846369e-05,3.846237521292896e-10,-0.003086946947193553
10.30625,5033.621171602897,-5.997970010322978e-07,3.914267907640802e-05,3.914267907640802e-05,3.8442494563236837e-10,-0.002998985005161489
10.3125,5032.629487884269,-5.82105502133258e-07,3.9128826414795356e-05,3.9128826414795356e-05,3.842320030942788e-10,-0.00291052751066629
10.318750000000001,5031.633011821709,-5.643285084886422e-07,3.9114631885297306e-05,3.9114631885297306e-05,3.8404495285279324e-10,-0.002821642542443211
10.325000000000001,5030.632503859097,-5.464795863103936e-07,3.910009198599997e-05,3.910009198599997e-05,3.8386381874907757e-10,-0.0027323979315519676
10.33125,5029.6287205908975,-5.285722331384655e-07,3.908520369042268e-05,3.908520369042268e-05,3.83688620150453e-10,-0.0026428611656923277
10.3375,5028.622413705373,-5.106198589865704e-07,3.906996445648948e-05,3.906996445648948e-05,3.835193719794071e-10,-0.0025530992949328517
10.34375,5027.614328945864,-4.926357678113815e-07,3.9054372235438466e-05,3.9054372235438466e-05,3.833560847487472e-10,-0.0024631788390569076
10.350000000000001,5026.60520509239,-4.746331393447868e-07,3.9038425480653464e-05,3.9038425480653464e-05,3.8319876460277537e-10,-0.0023731656967239338
10.356250000000001,5025.595772965724,-4.566250113274809e-07,3.902212315640153e-05,3.902212315640153e-05,3.830474133643524e-10,-0.002283125056637405
10.3625,5024.586754456111,-4.3862426218072273e-07,3.900546474645897e-05,3.900546474645897e-05,3.829020285877051e-10,-0.0021931213109036138
10.36875,5023.578861578476,-4.206435941515516e-07,3.898845026260777e-05,3.898845026260777e-05,3.827626036168205e-10,-0.002103217970757758
10.375,5022.572795556154,-4.026955169650826e-07,3.897108025298331e-05,3.897108025298331e-05,3.8262912764925827e-10,-0.002013477584825413
10.381250000000001,5021.569245934536,-3.847923320157892e-07,3.895335581025371e-05,3.895335581025371e-05,3.8250158580520346e-10,-0.001923961660078946
10.387500000000001,5020.568889727024,-3.66946117127783e-07,3.893527857960984e-05,3.893527857960984e-05,3.823799592015701e-10,-0.001834730585638915
10.39375,5019.572390594191,-3.4916871191223795e-07,3.891685076654478e-05,3.891685076654478e-05,3.8226422503095856e-10,-0.0017458435595611897
10.4,5018.5803980578075,-3.3147170374810064e-07,3.889807514440014e-05,3.889807514440014e-05,3.821543566452593e-10,-0.001657358518740503
10.40625,5017.5935467515765,-3.138664144101399e-07,3.8878955061656275e-05,3.8878955061656275e-05,3.8205032364368926e-10,-0.0015693320720506997
10.412500000000001,5016.612455708734,-2.9636388736634647e-07,3.885949444894238e-05,3.885949444894238e-05,3.8195209196503823e-10,-0.0014818194368317323
10.418750000000001,5015.637727688956,-2.789748757644592e-07,3.883969782574191e-05,3.883969782574191e-05,3.8185962398389743e-10,-0.0013948743788222962
10.425,5014.669948544416,-2.617098311252662e-07,3.88195703067678e-05,3.88195703067678e-05,3.817728786106356e-10,-0.001308549155626331
10.43125,5013.709686626503,-2.445788927580717e-07,3.879911760798145e-05,3.879911760798145e-05,3.816918113948836e-10,-0.0012228944637903585
10.4375,5012.757492233726,-2.2759187791148082e-07,3.877834605222873e-05,3.877834605222873e-05,3.816163746322832e-10,-0.0011379593895574041
10.443750000000001,5011.813897101462,-2.1075827267040841e-07,3.8757262574465536e-05,3.8757262574465536e-05,3.815465174742537e-10,-0.0010537913633520421
10.450000000000001,5010.879413934045,-1.940872236079557e-07,3.873587472654495e-05,3.873587472654495e-05,3.8148218604052484e-10,-0.0009704361180397784
10.45625,5009.954535979405,-1.7758753019855662e-07,3.8714190681537416e-05,3.8714190681537416e-05,3.8142332353418533e-10,-0.0008879376509927831
10.4625,5009.039736646742,-1.6126763799655363e-07,3.869221923755501e-05,3.869221923755501e-05,3.813698703589916e-10,-0.0008063381899827681
10.46875,5008.135469167207,-1.4513563258215396e-07,3.8669969821050174e-05,3.8669969821050174e-05,3.8132176423868353e-10,-0.0007256781629107698
10.475000000000001,5007.242166297558,-1.2919923427454423e-07,3.864745248955915e-05,3.864745248955915e-05,3.8127894033805247e-10,-0.0006459961713727212
10.481250000000001,5006.360240066522,-1.1346579360981275e-07,3.8624677933859964e-05,3.8624677933859964e-05,3.812413313855083e-10,-0.0005673289680490637
10.4875,5005.490081564149,-9.794228757920224e-08,3.860165747951435e-05,3.860165747951435e-05,3.812088677968932e-10,-0.0004897114378960112
10.49375,5004.6320607730895,-8.263531662122662e-08,3.8578403087763264e-05,3.8578403087763264e-05,3.811814778002924e-10,-0.0004131765831061331
10.5,5003.78652644176,-6.755110235918298e-08,3.855492735574499e-05,3.855492735574499e-05,3.8115908756159484e-10,-0.0003377555117959149
10.506250000000001,5002.953805998737,-5.2695486073693295e-08,3.853124351600526e-05,3.853124351600526e-05,3.8114162131056017e-10,-0.0002634774303684665
10.512500000000001,5002.134205507759,-3.807392789807127e-08,3.850736543526863e-05,3.850736543526863e-05,3.8112900146715247e-10,-0.00019036963949035633
10.51875,5001.328009662207,-2.3691506722588127e-08,3.848330761244046e-05,3.848330761244046e-05,3.8112114876790556e-10,-0.00011845753361294064
10.525,5000.535481818648,-9.552920792009353e-09,3.84590851758094e-05,3.84590851758094e-05,3.811179823920905e-10,-4.776460396004677e-05
10.53125,4999.756864068278,4.3375110207751334e-09,3.843471387942014e-05,3.843471387942014e-05,3.811194200874606e-10,2.1687555103875668e-05
10.537500000000001,4998.992377345113,1.797584728368879e-08,3.841021009858709e-05,3.841021009858709e-05,3.811253782953568e-10,8.987923641844396e-05
10.543750000000001,4998.242221569982,3.135852143702217e-08,3.838559082451975e-05,3.838559082451975e-05,3.811357722749612e-10,0.00015679260718511084
10.55,4997.506575829064,4.448233860892137e-08,3.836087365803164e-05,3.836087365803164e-05,3.811505162264956e-10,0.00022241169304460683
10.55625,4996.785598585587,5.7344471837309137e-08,3.8336076802304974e-05,3.8336076802304974e-05,3.811695234131673e-10,0.0002867223591865457
10.5625,4996.079427923599,6.994245772180647e-08,3.831121905468444e-05,3.831121905468444e-05,3.811927062816742e-10,0.00034971228860903236
10.568750000000001,4995.388181822297,8.227419153018449e-08,3.8286319797474254e-05,3.8286319797474254e-05,3.8121997658108713e-10,0.0004113709576509224
10.575000000000001,4994.711958459432,9.433792178471798e-08,3.8261398987714e-05,3.8261398987714e-05,3.8125124547993884e-10,0.0004716896089235899
10.58125,4994.050836542535,1.0613224435456822e-07,3.8236477145909526e-05,3.8236477145909526e-05,3.81286423681354e-10,0.0005306612217728411
10.5875,4993.404875666189,1.1765609608093931e-07,3.821157534369723e-05,3.821157534369723e-05,3.813254215360665e-10,0.0005882804804046965
10.59375,4992.774116693993,1.289087479622813e-07,3.8186715190420744e-05,3.8186715190420744e-05,3.8136814915317827e-10,0.0006445437398114065
10.600000000000001,4992.158582163771,1.3988979792724037e-07,3.8161918818601365e-05,3.8161918818601365e-05,3.814145165085219e-10,0.0006994489896362018
10.606250000000001,4991.558276714157,1.505991632233346e-07,3.813720886828476e-05,3.813720886828476e-05,3.8146443355050143e-10,0.0007529958161166731
10.6125,4990.973187531201,1.6103707244956375e-07,3.811260847024861e-05,3.811260847024861e-05,3.815178103032912e-10,0.0008051853622478188
10.61875,4990.403284813358,1.712040572612411e-07,3.8088141228057906e-05,3.8088141228057906e-05,3.815745569672862e-10,0.0008560202863062055
10.625,4989.848522253258,1.8110094377534983e-07,3.806383119895639e-05,3.806383119895639e-05,3.8163458401670317e-10,0.0009055047188767492
10.631250000000001,4989.3088375346715,1.907288437046105e-07,3.8039702873585336e-05,3.8039702873585336e-05,3.8169780229424287e-10,0.0009536442185230525
10.637500000000001,4988.784152843172,2.0008914524827508e-07,3.80157811545228e-05,3.80157811545228e-05,3.8176412310273357e-10,0.0010004457262413754
10.64375,4988.274375388693,2.091835037673525e-07,3.799209133363925e-05,3.799209133363925e-05,3.818334582936834e-10,0.0010459175188367626
10.65,4987.779397938911,2.180138322716381e-07,3.796865906826799e-05,3.796865906826799e-05,3.819057203526795e-10,0.0010900691613581904
10.65625,4987.299099361478,2.265822917454418e-07,3.7945510356191515e-05,3.7945510356191515e-05,3.8198082248158107e-10,0.0011329114587272091
10.662500000000001,4986.833345173847,2.3489128133839096e-07,3.7922671509447745e-05,3.7922671509447745e-05,3.8205867867746045e-10,0.0011744564066919548
10.668750000000001,4986.381988099268,2.4294342844709424e-07,3.790016912696316e-05,3.790016912696316e-05,3.8213920380825717e-10,0.0012147171422354712
10.675,4985.944868627486,2.5074157871277816e-07,3.78780300660228e-05,3.78780300660228e-05,3.822223136851165e-10,0.0012537078935638908
10.68125,4985.521815578665,2.582887859592739e-07,3.785628141259014e-05,3.785628141259014e-05,3.823079251313929e-10,0.0012914439297963696
10.6875,4985.11264666952,2.655883020949692e-07,3.783495045049353e-05,3.783495045049353e-05,3.8239595604830627e-10,0.001327941510474846
10.693750000000001,4984.717169080064,2.7264356700148014e-07,3.7814064629498484e-05,3.7814064629498484e-05,3.8248632547724703e-10,0.0013632178350074008
10.700000000000001,4984.335180019925,2.7945819843092745e-07,3.77936515322894e-05,3.77936515322894e-05,3.8257895365873236e-10,0.0013972909921546371
10.70625,4983.966467292941,2.860359819327744e-07,3.777373884038691e-05,3.777373884038691e-05,3.826737620880236e-10,0.001430179909663872
10.7125,4983.61080985909,2.923808608302301e-07,3.775435429903125e-05,3.775435429903125e-05,3.8277067356742153e-10,0.0014619043041511506
10.71875,4983.267978392483,2.9849692626522523e-07,3.773552568106525e-05,3.773552568106525e-05,3.828696122552616e-10,0.0014924846313261262
10.725000000000001,4982.937735834531,3.0438840732995695e-07,3.771728074985431e-05,3.771728074985431e-05,3.829705037116386e-10,0.0015219420366497849
10.731250000000001,4982.619837941283,3.1005966130196407e-07,3.769964722128441e-05,3.769964722128441e-05,3.830732749408944e-10,0.0015502983065098204
10.7375,4982.314033824177,3.155151639986591e-07,3.768265272488282e-05,3.768265272488282e-05,3.8317785443090876e-10,0.0015775758199932954
10.74375,4982.020066483072,3.207595002661555e-07,3.7666324764109914e-05,3.7666324764109914e-05,3.832841721892376e-10,0.0016037975013307776
10.75,4981.737673331195,3.257973546162092e-07,3.765069067587417e-05,3.765069067587417e-05,3.8339215977614783e-10,0.001628986773081046
10.756250000000001,4981.466586710849,3.30633502023982e-07,3.763577758932607e-05,3.763577758932607e-05,3.8350175033460186e-10,0.00165316751011991
10.762500000000001,4981.206534399717,3.352727988983279e-07,3.7621612383990344e-05,3.7621612383990344e-05,3.8361287861724957e-10,0.0016763639944916394
10.76875,4980.957240106589,3.3972017423520355e-07,3.7608221647299625e-05,3.7608221647299625e-05,3.837254810104875e-10,0.0016986008711760178
10.775,4980.718423956597,3.439806209638112e-07,3.759563163159586e-05,3.759563163159586e-05,3.838394955556501e-10,0.001719903104819056
10.78125,4980.489802964865,3.480591874940224e-07,3.7583868210669756e-05,3.7583868210669756e-05,3.8395486196739914e-10,0.001740295937470112
10.787500000000001,4980.271091498764,3.5196096947267e-07,3.757295683591158e-05,3.757295683591158e-05,3.840715216493806e-10,0.00175980484736335
10.793750000000001,4980.0620017278,3.556911017552749e-07,3.7562922492150014e-05,3.7562922492150014e-05,3.841894177072207e-10,0.0017784555087763743
10.8,4979.862244061276,3.592547505988608e-07,3.7553789653259046e-05,3.7553789653259046e-05,3.843084949589341e-10,0.001796273752994304
10.80625,4979.671527573344,3.6265710608056774e-07,3.754558223761591e-05,3.754558223761591e-05,3.844286999428193e-10,0.0018132855304028386
10.8125,4979.489560414993,3.65903374745878e-07,3.753832356349588e-05,3.753832356349588e-05,3.8454998092291704e-10,0.00182951687372939
10.818750000000001,4979.3160502131495,3.6899877248942715e-07,3.753203630449265e-05,3.753203630449265e-05,3.846722878921093e-10,0.0018449938624471357
10.825000000000001,4979.150704456587,3.7194851767054205e-07,3.7526742445055575e-05,3.7526742445055575e-05,3.8479557257293606e-10,0.0018597425883527103
10.83125,4978.993230868598,3.747578244648557e-07,3.752246323623733e-05,3.752246323623733e-05,3.849197884162088e-10,0.0018737891223242786
10.8375,4978.843337766393,3.7743189645262143e-07,3.751921915174801e-05,3.751921915174801e-05,3.8504489059749837e-10,0.001887159482263107
10.84375,4978.700734407208,3.799759204436122e-07,3.7517029844413345e-05,3.7517029844413345e-05,3.8517083601157646e-10,0.001899879602218061
10.850000000000001,4978.565131321352,3.8239506053786667e-07,3.751591410313679e-05,3.751591410313679e-05,3.8529758326488826e-10,0.0019119753026893335
10.856250000000001,4978.436240631755,3.8469445242086154e-07,3.7515889810466577e-05,3.7515889810466577e-05,3.8542509266613435e-10,0.0019234722621043077
10.8625,4978.313776360931,3.8687919789117144e-07,3.7516973900870103e-05,3.7516973900870103e-05,3.855533262150385e-10,0.0019343959894558573
10.86875,4978.197454724762,3.889543596180919e-07,3.7519182319819084e-05,3.7519182319819084e-05,3.856822475893782e-10,0.0019447717980904595
10.875,4978.086994413619,3.9092495612620837e-07,3.7522529983789606e-05,3.7522529983789606e-05,3.858118221303525e-10,0.001954624780631042
10.881250000000001,4977.982116860946,3.92795957003452e-07,3.752703074128161e-05,3.752703074128161e-05,3.859420168263618e-10,0.0019639797850172598
10.887500000000001,4977.882546499662,3.9457227832876183e-07,3.753269733496252e-05,3.753269733496252e-05,3.860728002952717e-10,0.001972861391643809
10.89375,4977.788011006209,3.9625877831508063e-07,3.753954136503948e-05,3.753954136503948e-05,3.862041427652332e-10,0.001981293891575403
10.9,4977.698241533234,3.9786025316311807e-07,3.754757325396428e-05,3.754757325396428e-05,3.8633601605412833e-10,0.00198930126581559
10.90625,4977.612972930163,3.9938143312095205e-07,3.755680221257412e-05,3.755680221257412e-05,3.864683935477095e-10,0.0019969071656047604
10.912500000000001,4977.531943953043,4.0082697874436543e-07,3.756723620777027e-05,3.756723620777027e-05,3.866012501764998e-10,0.0020041348937218273
10.918750000000001,4977.454897463182,4.022014773525221e-07,3.7578881931835286e-05,3.7578881931835286e-05,3.867345623915182e-10,0.0020110073867626106
10.925,4977.381580615029,4.035094396734324e-07,3.7591744773487294e-05,3.7591744773487294e-05,3.868683081388928e-10,0.002017547198367162
10.93125,4977.3117450341215,4.0475529667352483e-07,3.760582879076821e-05,3.760582879076821e-05,3.8700246683342357e-10,0.0020237764833676243
10.9375,4977.245146984656,4.059433965654782e-07,3.7621136685859745e-05,3.7621136685859745e-05,3.8713701933115295e-10,0.002029716982827391
10.943750000000001,4977.181547527564,4.070780019884259e-07,3.763766978191849e-05,3.763766978191849e-05,3.8727194790100195e-10,0.0020353900099421294
10.950000000000001,4977.120712669318,4.0816328735456183e-07,3.765542800201797e-05,3.765542800201797e-05,3.874072361955269e-10,0.0020408164367728093
10.95625,4977.0624135015905,4.092033363561544e-07,3.767440985028238e-05,3.767440985028238e-05,3.875428692208495e-10,0.002046016681780772
10.9625,4977.006426332417,4.1020213962698034e-07,3.769461239529222e-05,3.769461239529222e-05,3.8767883330581233e-10,0.0020510106981349017
10.96875,4976.952532808891,4.111635925522052e-07,3.771603125583853e-05,3.771603125583853e-05,3.8781511607040797e-10,0.002055817962761026
10.975000000000001,4976.900520031987,4.1209149322078115e-07,3.773866058909728e-05,3.773866058909728e-05,3.879517063935294e-10,0.002060457466103906
10.981250000000001,4976.850180663626,4.129895405145152e-07,3.7762493081291104e-05,3.7762493081291104e-05,3.880885943800873e-10,0.002064947702572576
10.9875,4976.801313026548,4.138613323280328e-07,3.7787519940899975e-05,3.7787519940899975e-05,3.8822577132753735e-10,0.002069306661640164
10.99375,4976.753721196975,4.1471036391397087e-07,3.7813730894477284e-05,3.7813730894477284e-05,3.8836322969185853e-10,0.0020735518195698546
11.0,4976.707215090724,4.155400263478635e-07,3.784111418512192e-05,3.784111418512192e-05,3.885009630530234e-10,0.0020777001317393174
11.006250000000001,4976.661610542806,4.1635360510730975e-07,3.786965657365081e-05,3.786965657365081e-05,3.886389660799966e-10,0.002081768025536549
11.012500000000001,4976.616729380941,4.1715427876017264e-07,3.7899343342510324e-05,3.7899343342510324e-05,3.8877723449529923e-10,0.002085771393800863
11.01875,4976.572399493388,4.179451177567244e-07,3.79301583024583e-05,3.79301583024583e-05,3.8891576503917247e-10,0.002089725588783622
11.025,4976.528454890924,4.187290833208001e-07,3.796208380204173e-05,3.796208380204173e-05,3.890545554333738e-10,0.0020936454166040007
11.03125,4976.484735763881,4.1950902643524575e-07,3.799510073988823e-05,3.799510073988823e-05,3.8919360434463696e-10,0.002097545132176229
11.037500000000001,4976.441088533846,4.2028768691708997e-07,3.8029188579822356e-05,3.8029188579822356e-05,3.8933291134782523e-10,0.00210143843458545
11.043750000000001,4976.397365900784,4.2106769257810564e-07,3.806432536881037e-05,3.806432536881037e-05,3.894724768888067e-10,0.002105338462890528
11.05,4976.353426885597,4.2185155846660575e-07,3.8100487757729996e-05,3.8100487757729996e-05,3.896123022470782e-10,0.002109257792333029
11.05625,4976.309136868115,4.22641686186518e-07,3.813765102495373e-05,3.813765102495373e-05,3.8975238949816314e-10,0.00211320843093259
11.0625,4976.264367621351,4.2344036329002226e-07,3.8175789102727097e-05,3.8175789102727097e-05,3.898927414758087e-10,0.0021172018164501115
11.068750000000001,4976.21899734145,4.2424976274020673e-07,3.8214874606315285e-05,3.8214874606315285e-05,3.900333617340042e-10,0.0021212488137010337
11.075000000000001,4976.172910674221,4.2507194244044605e-07,3.825487886588398e-05,3.825487886588398e-05,3.9017425450884413e-10,0.00212535971220223
11.08125,4976.125998737816,4.259088448273826e-07,3.829577196107254e-05,3.829577196107254e-05,3.9031542468025576e-10,0.002129544224136913
11.0875,4976.078159142232,4.267622965246405e-07,3.833752275820986e-05,3.833752275820986e-05,3.904568777336123e-10,0.0021338114826232025
11.09375,4976.029296005399,4.2763400805457974e-07,3.838009895011577e-05,3.838009895011577e-05,3.9059861972125045e-10,0.0021381700402728987
11.100000000000001,4975.979319966279,4.28525573605634e-07,3.842346709842299e-05,3.842346709842299e-05,3.9074065722391065e-10,0.00214262786802817
11.106250000000001,4975.928148194892,4.294384708529654e-07,3.846759267834755e-05,3.846759267834755e-05,3.908829973121181e-10,0.0021471923542648267
11.1125,4975.875704399529,4.303740608303841e-07,3.8512440125827764e-05,3.8512440125827764e-05,3.910256475075212e-10,0.0021518703041519204
11.11875,4975.821918831108,4.31333587851665e-07,3.855797288694518e-05,3.855797288694518e-05,3.9116861574420404e-10,0.002156667939258325
11.125,4975.766728284922,4.323181794796201e-07,3.860415346953351e-05,3.860415346953351e-05,3.9131191032998855e-10,0.0021615908973981004
11.131250000000001,4975.710076099836,4.333288465414553e-07,3.8650943496874925e-05,3.8650943496874925e-05,3.914555399077416e-10,0.0021666442327072763
11.137500000000001,4975.65191215481,4.343664831891304e-07,3.86983037633767e-05,3.86983037633767e-05,3.9159951341670246e-10,0.002171832415945652
11.14375,4975.592192863141,4.35431867003644e-07,3.8746194292114506e-05,3.8746194292114506e-05,3.9174384005384447e-10,0.00217715933501822
11.15,4975.530881164123,4.365256591423241e-07,3.87945743941232e-05,3.87945743941232e-05,3.918885292352858e-10,0.002182628295711621
11.15625,4975.46794651254,4.3764840452840005e-07,3.884340272930982e-05,3.884340272930982e-05,3.920335905577627e-10,0.0021882420226420002
11.162500000000001,4975.403364865525,4.3880053208227375e-07,3.889263736885846e-05,3.889263736885846e-05,3.9217903376018006e-10,0.002194002660411369
11.168750000000001,4975.337118667466,4.399823549941149e-07,3.8942235858991715e-05,3.8942235858991715e-05,3.9232486868525135e-10,0.0021999117749705744
11.175,4975.269196832292,4.4119407103752286e-07,3.8992155285948585e-05,3.8992155285948585e-05,3.924711052412435e-10,0.0022059703551876144
11.18125,4975.19959472372,4.424357629241869e-07,3.904235234203497e-05,3.904235234203497e-05,3.9261775336383873e-10,0.0022121788146209345
11.1875,4975.12831413285,4.4370739869958434e-07,3.9092783392598754e-05,3.9092783392598754e-05,3.927648229781277e-10,0.0022185369934979216
11.193750000000001,4975.05536325399,4.45008832179967e-07,3.9143404543778394e-05,3.9143404543778394e-05,3.9291232396074755e-10,0.002225044160899835
11.200000000000001,4974.980756657506,4.4633980343094197e-07,3.9194171710871167e-05,3.9194171710871167e-05,3.9306026610217854e-10,0.0022316990171547097
11.20625,4974.904515260855,4.476999392881617e-07,3.924504068716458e-05,3.924504068716458e-05,3.9320865906921326e-10,0.0022384996964408084
11.2125,4974.826666296953,4.4908875392072136e-07,3.9295967213072935e-05,3.9295967213072935e-05,3.9335751236761265e-10,0.0022454437696036067
11.21875,4974.7472432800805,4.5050564943799287e-07,3.934690704541938e-05,3.934690704541938e-05,3.9350683530496286e-10,0.0022525282471899644
11.225000000000001,4974.6662859694925,4.519499165407588e-07,3.9397816026703e-05,3.9397816026703e-05,3.936566369537485e-10,0.0022597495827037938
11.231250000000001,4974.583840330291,4.534207352176017e-07,3.9448650154190236e-05,3.9448650154190236e-05,3.9380692611465613e-10,0.0022671036760880084
11.2375,4974.499958491913,4.5491717548763054e-07,3.9499365648669867e-05,3.9499365648669867e-05,3.9395771128012433e-10,0.0022745858774381525
11.24375,4974.414698703645,4.564381981906984e-07,3.954991902271159e-05,3.954991902271159e-05,3.9410900059815554e-10,0.002282190990953492
11.25,4974.328125287764,4.579826558264072e-07,3.9600267148269435e-05,3.9600267148269435e-05,3.9426080183640583e-10,0.002289913279132036
11.256250000000001,4974.240308589679,4.595492934432481e-07,3.9650367323472794e-05,3.9650367323472794e-05,3.944131223465698e-10,0.0022977464672162403
11.262500000000001,4974.151324925091,4.611367495793141e-07,3.970017733845019e-05,3.970017733845019e-05,3.9456596902907696e-10,0.0023056837478965704
11.26875,4974.061256524385,4.6274355725613706e-07,3.974965554003359e-05,3.974965554003359e-05,3.9471934829811736e-10,0.0023137177862806854
11.275,4973.970191473803,4.643681450272314e-07,3.979876089519413e-05,3.979876089519413e-05,3.9487326604701536e-10,0.0023218407251361568
11.28125,4973.878223653535,4.660088380830308e-07,3.984745305306399e-05,3.984745305306399e-05,3.9502772761396914e-10,0.002330044190415154
11.287500000000001,4973.785452672575,4.6766385941395137e-07,3.989569240540315e-05,3.989569240540315e-05,3.9518273774817576e-10,0.002338319297069757
11.293750000000001,4973.691983800004,4.6933133103336377e-07,3.9943440145374446e-05,3.9943440145374446e-05,3.9533830057636185e-10,0.0023466566551668187
11.3,4973.597927893136,4.710092752623438e-07,3.999065832449535e-05,3.999065832449535e-05,3.9549441956973987e-10,0.0023550463763117187
11.30625,4973.503401321898,4.7269561607808227e-07,4.003730990764037e-05,4.003730990764037e-05,3.956510975114114e-10,0.0023634780803904114
11.3125,4973.4085258894975,4.743881805278844e-07,4.0083358825973806e-05,4.0083358825973806e-05,3.958083364642392e-10,0.002371940902639422
11.318750000000001,4973.313428749499,4.7608470021074266e-07,4.012877002769881e-05,4.012877002769881e-05,3.9596613773921023e-10,0.0023804235010537133
11.325000000000001,4973.218242318709,4.777828128284567e-07,4.017350952651538e-05,4.017350952651538e-05,3.9612450186431276e-10,0.0023889140641422833
11.33125,4973.123104186373,4.794800638083434e-07,4.021754444768671e-05,4.021754444768671e-05,3.9628342855395147e-10,0.0023974003190417167
11.3375,4973.028157019064,4.811739079995516e-07,4.026084307162062e-05,4.026084307162062e-05,3.9644291667892486e-10,0.0024058695399977576
11.34375,4972.933548461198,4.828617114450131e-07,4.0303374874880273e-05,4.0303374874880273e-05,3.966029642369896e-10,0.0024143085572250656
11.350000000000001,4972.839431031601,4.845407532310989e-07,4.0345110568546026e-05,4.0345110568546026e-05,3.9676356832403847e-10,0.002422703766155494
11.356250000000001,4972.7459620151785,4.862082274169784e-07,4.038602213385829e-05,4.038602213385829e-05,3.969247251059175e-10,0.002431041137084892
11.3625,4972.653303350208,4.87861245045713e-07,4.042608285507949e-05,4.042608285507949e-05,3.9708642979090967e-10,0.002439306225228565
11.36875,4972.56162151104,4.894968362390868e-07,4.0465267349521244e-05,4.0465267349521244e-05,3.972486766029131e-10,0.002447484181195434
11.375,4972.4710873857,4.911119523781132e-07,4.0503551594691596e-05,4.0503551594691596e-05,3.97411458755342e-10,0.0024555597618905658
11.381250000000001,4972.381876148878,4.927034683711648e-07,4.054091295252535e-05,4.054091295252535e-05,3.9757476842577924e-10,0.002463517341855824
11.387500000000001,4972.2941671296585,4.942681850115772e-07,4.057733019066921e-05,4.057733019066921e-05,3.9773859673141037e-10,0.002471340925057886
11.39375,4972.20814367443,4.958028314265771e-07,4.0612783500802184e-05,4.0612783500802184e-05,3.979029337052697e-10,0.0024790141571328856
11.4,4972.1239930041875,4.973040676192469e-07,4.064725451397986e-05,4.064725451397986e-05,3.980677682733284e-10,0.0024865203380962345
11.40625,4972.041906066837,4.987684871052322e-07,4.0680726312999995e-05,4.0680726312999995e-05,3.9823308823245694e-10,0.002493842435526161
11.412500000000001,4971.962077384058,5.001926196457841e-07,4.0713183441795345e-05,4.0713183441795345e-05,3.9839888022929334e-10,0.0025009630982289204
11.418750000000001,4971.884704892488,5.015729340786102e-07,4.074461191186757e-05,4.074461191186757e-05,3.9856512974004957e-10,0.0025078646703930512
11.425,4971.8099897795455,5.029058412479565e-07,4.0774999205784844e-05,4.0774999205784844e-05,3.987318210512893e-10,0.0025145292062397824
11.43125,4971.738136313585,5.041876970351821e-07,4.080433427777328e-05,4.080433427777328e-05,3.988989372417101e-10,0.00252093848517591
11.4375,4971.66935166829,5.054148054909958e-07,4.083260755144053e-05,4.083260755144053e-05,3.990664601649639e-10,0.0025270740274549786
11.443750000000001,4971.6038457413,5.065834220703564e-07,4.0859810914677295e-05,4.0859810914677295e-05,3.992343704335495e-10,0.002532917110351782
11.450000000000001,4971.541830967174,5.076897569709357e-07,4.08859377117898e-05,4.08859377117898e-05,3.994026474038119e-10,0.002538448784854678
11.45625,4971.483522124306,5.087299785758464e-07,4.0910982732923744e-05,4.0910982732923744e-05,3.995712691620825e-10,0.0025436498928792317
11.4625,4971.429136136143,5.097002170011968e-07,4.0934942200846435e-05,4.0934942200846435e-05,3.9974021251199523e-10,0.002548501085005984
11.46875,4971.378891866421,5.105965677488516e-07,4.095781375516088e-05,4.095781375516088e-05,3.999094529630136e-10,0.002552982838744258
11.475000000000001,4971.333009908451,5.114150954645781e-07,4.097959643403124e-05,4.097959643403124e-05,4.00078964720203e-10,0.0025570754773228906
11.481250000000001,4971.291712368621,5.121518378015838e-07,4.1000290653505265e-05,4.1000290653505265e-05,4.0024872067528427e-10,0.0025607591890079193
11.4875,4971.255222643895,5.12802809389216e-07,4.1019898184524154e-05,4.1019898184524154e-05,4.0041869239900173e-10,0.00256401404694608
11.49375,4971.223765193508,5.13364005906395e-07,4.103842212771593e-05,4.103842212771593e-05,4.0058885013484244e-10,0.002566820029531975
11.5,4971.197565304727,5.138314082591076e-07,4.105586688607245e-05,4.105586688607245e-05,4.007591627941393e-10,0.0025691570412955376
11.506250000000001,4971.176848853055,5.142009868610694e-07,4.107223813561462e-05,4.107223813561462e-05,4.0092959795259347e-10,0.002571004934305347
11.512500000000001,4971.161842056346,5.144687060163766e-07,4.108754279415402e-05,4.108754279415402e-05,4.011001218482493e-10,0.0025723435300818833
11.51875,4971.152771223695,5.14630528402763e-07,4.110178898826259e-05,4.110178898826259e-05,4.012706993809552e-10,0.002573152642013815
11.525,4971.1498624984915,5.146824196537533e-07,4.111498601856465e-05,4.111498601856465e-05,4.0144129411334333e-10,0.002573412098268766
11.53125,4971.153341596137,5.146203530377637e-07,4.112714432346814e-05,4.112714432346814e-05,4.0161186827336033e-10,0.0025731017651888185
11.537500000000001,4971.163433536542,5.144403142319081e-07,4.113827544145391e-05,4.113827544145391e-05,4.0178238275838025e-10,0.0025722015711595408
11.543750000000001,4971.1803623712285,5.141383061879452e-07,4.11483919720433e-05,4.11483919720433e-05,4.019527971409302e-10,0.002570691530939726
11.55,4971.204350905646,5.137103540875437e-07,4.115750753556556e-05,4.115750753556556e-05,4.0212306967605884e-10,0.002568551770437719
11.55625,4971.235620416612,5.131525103837023e-07,4.116563673184711e-05,4.116563673184711e-05,4.022931573103753e-10,0.002565762551918512
11.5625,4971.274390364988,5.124608599248425e-07,4.117279509794481e-05,4.117279509794481e-05,4.024630156927873e-10,0.0025623042996242127
11.568750000000001,4971.320878104122,5.116315251577953e-07,4.117899906504568e-05,4.117899906504568e-05,4.0263259918696287e-10,0.0025581576257889763
11.575000000000001,4971.375298583966,5.10660671405546e-07,4.118426591465417e-05,4.118426591465417e-05,4.028018608855423e-10,0.00255330335702773
11.58125,4971.437864051292,5.095445122152865e-07,4.118861373418765e-05,4.118861373418765e-05,4.029707526261222e-10,0.0025477225610764324
11.5875,4971.508783746239,5.082793147719724e-07,4.119206137209919e-05,4.119206137209919e-05,4.0313922500903413e-10,0.002541396573859862
11.59375,4971.588263595538,5.068614053722689e-07,4.1194628392644884e-05,4.1194628392644884e-05,4.033072274169375e-10,0.0025343070268613447
11.600000000000001,4971.67650590247,5.05287174953384e-07,4.119633503041084e-05,4.119633503041084e-05,4.0347470803624505e-10,0.00252643587476692
11.606250000000001,4971.773709034283,5.035530846709867e-07,4.119720214471256e-05,4.119720214471256e-05,4.0364161388039736e-10,0.0025177654233549335
11.6125,4971.880067107177,5.016556715200453e-07,4.119725117397665e-05,4.119725117397665e-05,4.038078908150001e-10,0.002508278357600227
11.61875,4971.995769669039,4.995915539920592e-07,4.119650409021152e-05,4.119650409021152e-05,4.039734835848367e-10,0.002497957769960296
11.625,4972.121001380815,4.973574377618555e-07,4.1194983353670646e-05,4.1194983353670646e-05,4.0413833584276556e-10,0.0024867871888092775
11.631250000000001,4972.255941696417,4.949501213967406e-07,4.1192711867808016e-05,4.1192711867808016e-05,4.043023901805103e-10,0.0024747506069837033
11.637500000000001,4972.400764541873,4.92366502080491e-07,4.1189712934621706e-05,4.1189712934621706e-05,4.0446558816134635e-10,0.002461832510402455
11.64375,4972.555637994133,4.896035813443236e-07,4.118601021047739e-05,4.118601021047739e-05,4.046278703546878e-10,0.0024480179067216177
11.65,4972.720723959799,4.866584707966552e-07,4.118162766249918e-05,4.118162766249918e-05,4.047891763725732e-10,0.002433292353983276
11.65625,4972.89617785457,4.835283978431596e-07,4.1176589525610905e-05,4.1176589525610905e-05,4.049494449080472e-10,0.0024176419892157977
11.662500000000001,4973.0821482836145,4.802107113883072e-07,4.1170920260306104e-05,4.1170920260306104e-05,4.0510861377543204e-10,0.002401053556941536
11.668750000000001,4973.27877672353,4.767028875092808e-07,4.116464451122049e-05,4.116464451122049e-05,4.0526661995248e-10,0.002383514437546404
11.675,4973.486197206425,4.7300253509286906e-07,4.115778706657555e-05,4.115778706657555e-05,4.054233996243937e-10,0.002365012675464345
11.68125,4973.704536006424,4.6910740142565607e-07,4.11503728185572e-05,4.11503728185572e-05,4.055788882296997e-10,0.00234553700712828
11.6875,4973.9339113296,4.650153777275837e-07,4.114242672468835e-05,4.114242672468835e-05,4.057330205079562e-10,0.0023250768886379186
11.693750000000001,4974.1744330075535,4.6072450461869896e-07,4.1133973770249176e-05,4.1133973770249176e-05,4.0588573054927247e-10,0.0023036225230934947
11.700000000000001,4974.426202195262,4.5623297750866843e-07,4.112503893179389e-05,4.112503893179389e-05,4.0603695184561493e-10,0.0022811648875433422
11.70625,4974.689311073833,4.5153915189842844e-07,4.1115647141807686e-05,4.1115647141807686e-05,4.0618661734387054e-10,0.002257695759492142
11.7125,4974.963842559029,4.466415485831635e-07,4.110582325454278e-05,4.110582325454278e-05,4.0633465950063433e-10,0.0022332077429158175
11.71875,4975.249870015597,4.4153885874559727e-07,4.109559201306704e-05,4.109559201306704e-05,4.0648101033868577e-10,0.0022076942937279864
11.725000000000001,4975.547456978668,4.3622994892846204e-07,4.108497801755424e-05,4.108497801755424e-05,4.0662560150511263e-10,0.0021811497446423103
11.731250000000001,4975.856656882299,4.3071386587484984e-07,4.1074005694839904e-05,4.1074005694839904e-05,4.0676836433103974e-10,0.0021535693293742494
11.7375,4976.1775127963465,4.249898412250776e-07,4.106269926926205e-05,4.106269926926205e-05,4.0690922989291426e-10,0.002124949206125388
11.74375,4976.510057171776,4.1905729605858623e-07,4.105108273480156e-05,4.105108273480156e-05,4.070481290752965e-10,0.0020952864802929313
11.75,4976.854311595388,4.129158452693471e-07,4.103917982853233e-05,4.103917982853233e-05,4.0718499263510087e-10,0.0020645792263467356
11.756250000000001,4977.210286554639,4.0656530176324585e-07,4.1027014005387174e-05,4.1027014005387174e-05,4.0731975126722836e-10,0.0020328265088162293
11.762500000000001,4977.577981212839,4.000056804658679e-07,4.101460841424106e-05,4.101460841424106e-05,4.0745233567152707e-10,0.0020000284023293396
11.76875,4977.957383195954,3.9323720212919646e-07,4.1001985875309526e-05,4.1001985875309526e-05,4.0758267662101476e-10,0.0019661860106459823
11.775,4978.34846839095,3.862602969257363e-07,4.0989168858855945e-05,4.0989168858855945e-05,4.0771070503129257e-10,0.0019313014846286817
11.78125,4978.7512007570185,3.7907560781872207e-07,4.097617946519798e-05,4.097617946519798e-05,4.0783635203107586e-10,0.0018953780390936104
11.787500000000001,4979.165532149758,3.716839936971563e-07,4.096303940599988e-05,4.096303940599988e-05,4.079595490337642e-10,0.0018584199684857816
11.793750000000001,4979.591402159357,3.64086532264602e-07,4.094976998683414e-05,4.094976998683414e-05,4.080802278099687e-10,0.0018204326613230101
11.8,4980.028737962882,3.562845226708218e-07,4.093639209099286e-05,4.093639209099286e-05,4.08198320560912e-10,0.0017814226133541088
11.80625,4980.477454191997,3.482794878756155e-07,4.0922926164526574e-05,4.0922926164526574e-05,4.083137599926112e-10,0.0017413974393780773
11.8125,4980.937452815928,3.4007317673442763e-07,4.090939220248529e-05,4.090939220248529e-05,4.084264793907527e-10,0.0017003658836721382
11.818750000000001,4981.408623040711,3.3166756579561086e-07,4.0895809736334286e-05,4.0895809736334286e-05,4.085364126961623e-10,0.0016583378289780543
11.825000000000001,4981.890841225248,3.230648607995695e-07,4.0882197822515224e-05,4.0882197822515224e-05,4.086434945807722e-10,0.0016153243039978475
11.83125,4982.383970814411,3.142674978703341e-07,4.086857503212061e-05,4.086857503212061e-05,4.0874766052398343e-10,0.0015713374893516704
11.8375,4982.887862290082,3.0527814439056333e-07,4.0854959441648314e-05,4.0854959441648314e-05,4.0884884688931776e-10,0.0015263907219528166
11.84375,4983.402353140242,2.960996995513592e-07,4.08413686248012e-05,4.08413686248012e-05,4.0894699100125214e-10,0.0014804984977567959
11.850000000000001,4983.92726784695,2.8673529456878677e-07,4.082781964529538e-05,4.082781964529538e-05,4.0904203122212483e-10,0.0014336764728439338
11.856250000000001,4984.462417893232,2.771882925594617e-07,4.081432905063974e-05,4.081432905063974e-05,4.091339070290003e-10,0.0013859414627973086
11.8625,4985.007601789537,2.674622880681171e-07,4.08009128668481e-05,4.08009128668481e-05,4.092225590903775e-10,0.0013373114403405855
11.86875,4985.562605120219,2.575611062406482e-07,4.0787586594045e-05,4.0787586594045e-05,4.0930792934262404e-10,0.0012878055312032408
11.875,4986.127200609929,2.4748880163669295e-07,4.0774365202925186e-05,4.0774365202925186e-05,4.09389961066017e-10,0.0012374440081834648
11.881250000000001,4986.701148210858,2.3724965667649346e-07,4.076126313202674e-05,4.076126313202674e-05,4.0946859896026866e-10,0.0011862482833824672
11.887500000000001,4987.284195210358,2.268481797173866e-07,4.0748294285777445e-05,4.0748294285777445e-05,4.095437892194146e-10,0.001134240898586933
11.89375,4987.876076359951,2.1628910275603338e-07,4.0735472033273955e-05,4.0735472033273955e-05,4.0961547960594067e-10,0.001081445513780167
11.9,4988.476514025113,2.0557737875315235e-07,4.07228092077535e-05,4.07228092077535e-05,4.0968361952402267e-10,0.0010278868937657617
11.90625,4989.0852183566185,1.9471817857831492e-07,4.0710318106718174e-05,4.0710318106718174e-05,4.0974816009175375e-10,0.0009735908928915746
11.912500000000001,4989.701887483195,1.837168875731234e-07,4.069801049267205e-05,4.069801049267205e-05,4.0980905421223256e-10,0.000918584437865617
11.918750000000001,4990.32620772556,1.7257910173187235e-07,4.0685897594432125e-05,4.0685897594432125e-05,4.0986625664338523e-10,0.0008628955086593617
11.925,4990.957853831975,1.6131062349963357e-07,4.067399010897482e-05,4.067399010897482e-05,4.0991972406639493e-10,0.0008065531174981679
11.93125,4991.596489235299,1.499174571885445e-07,4.066229820378006e-05,4.066229820378006e-05,4.0996941515261194e-10,0.0007495872859427225
11.9375,4992.24176633097,1.3840580401389336e-07,4.065083151963666e-05,4.065083151963666e-05,4.100152906288184e-10,0.0006920290200694667
11.943750000000001,4992.893326776714,1.267820567525398e-07,4.063959917387281e-05,4.063959917387281e-05,4.100573133407227e-10,0.000633910283762699
11.950000000000001,4993.550801812757,1.1505279402702374e-07,4.062860976397732e-05,4.062860976397732e-05,4.1009544831455907e-10,0.0005752639701351187
11.95625,4994.213812603054,1.03224774219648e-07,4.061787137157791e-05,4.061787137157791e-05,4.1012966281667023e-10,0.00051612387109824
11.9625,4994.881970596839,9.13049290217183e-08,4.0607391566744245e-05,4.0607391566744245e-05,4.1015992641095163e-10,0.0004565246451085915
11.96875,4995.55487791034,7.930035662402342e-08,4.0597177412584716e-05,4.0597177412584716e-05,4.1018621101403883e-10,0.0003965017831201171
11.975000000000001,4996.232127728193,6.721831455556731e-08,4.058723547010717e-05,4.058723547010717e-05,4.102084909481211e-10,0.00033609157277783656
11.981250000000001,4996.913304724209,5.506621217846754e-08,4.0577571803315364e-05,4.0577571803315364e-05,4.102267429912675e-10,0.0002753310608923377
11.9875,4997.597985500629,4.285160284782933e-08,4.0568191984514077e-05,4.0568191984514077e-05,4.1024094642515423e-10,0.00021425801423914664
11.99375,4998.285739046155,3.058217574636579e-08,4.05591010997974e-05,4.05591010997974e-05,4.1025108308008565e-10,0.00015291087873182894
12.0,4998.976127211006,1.826574740435247e-08,4.055030375469623e-05,4.055030375469623e-05,4.1025713737720427e-10,9.132873702176235e-05
