t_adimensional,p_outlet_Pa,q_outlet_m3s,w_centro_m,w_max_m,volume_acumulado_m3,potencia_W
0.0,19961.31727857704,1.4309796278602918e-06,2.435162261693991e-08,2.435162261693994e-08,4.743072180936631e-13,0.028619592557205836
0.00625,19923.034615885426,2.847159989532741e-06,7.299295501622478e-08,7.299295501622486e-08,1.418016344213173e-12,0.05694319979065482
0.0125,19885.24339586587,4.245160543106508e-06,1.4586272256551041e-07,1.458627225655106e-07,2.825101566364507e-12,0.08490321086213015
0.018750000000000003,19847.998873806286,5.622937244483655e-06,2.4290035584424865e-07,2.429003558442489e-07,4.688859561252378e-12,0.1124587448896731
0.025,19811.328209344,6.979485384284191e-06,3.640460233363513e-07,3.640460233363515e-07,7.002253988324135e-12,0.13958970768568382
0.03125,19775.239584335606,8.3145022933065e-06,5.092406409506671e-07,5.092406409506674e-07,9.758148185412319e-12,0.16629004586613
0.037500000000000006,19739.730321206644,9.628087022442097e-06,6.784258682876515e-07,6.784258682876519e-07,1.294943832139185e-11,0.19256174044884194
0.043750000000000004,19704.79294285154,1.0920516170175569e-05,8.715440990532241e-07,8.715440990532246e-07,1.6569112245448956e-11,0.21841032340351138
0.05,19670.418975800952,1.219210319331304e-05,1.0885384502631104e-06,1.0885384502631108e-06,2.061026170400418e-11,0.2438420638662608
0.05625,19636.600847907284,1.344312820632683e-05,1.3293527525534832e-06,1.3293527525534836e-06,2.5066071289185674e-11,0.2688625641265366
0.0625,19603.33246597164,1.4673816613322126e-05,1.5939315423018884e-06,1.5939315423018886e-06,2.9929800304733126e-11,0.29347633226644254
0.06875,19570.60905679133,1.5884344988050502e-05,1.8822200553634089e-06,1.8822200553634095e-06,3.5194766580869247e-11,0.31768689976101006
0.07500000000000001,19538.42672270225,1.7074857515780656e-05,2.1941642218788435e-06,2.1941642218788443e-06,4.085433573893296e-11,0.3414971503156131
0.08125,19506.78199150627,1.8245482642682285e-05,2.5297106616051743e-06,2.5297106616051755e-06,4.6901915974555816e-11,0.3649096528536457
0.08750000000000001,19475.67149024207,1.9396345143751543e-05,2.8888066793700136e-06,2.888806679370015e-06,5.333095684082838e-11,0.38792690287503084
0.09375,19445.091768730657,2.0527572650518678e-05,3.2714002604346886e-06,3.27140026043469e-06,6.013495019511648e-11,0.41055145301037355
0.1,19415.039243820927,2.163929771362754e-05,3.677440065698004e-06,3.677440065698006e-06,6.730743182953239e-11,0.43278595427255084
0.10625000000000001,19385.510217398405,2.2731657136365396e-05,4.1068754267627515e-06,4.106875426762754e-06,7.48419828805003e-11,0.4546331427273079
0.1125,19356.500925460386,2.3804790159537997e-05,4.559656340924924e-06,4.559656340924925e-06,8.273223063668723e-11,0.47609580319075995
0.11875000000000001,19328.007588948996,2.4858836580806323e-05,5.035733466147685e-06,5.035733466147687e-06,9.097184872357614e-11,0.49717673161612647
0.125,19300.026451346188,2.5893935364031483e-05,5.535058116065988e-06,5.53505811606599e-06,9.955455682709778e-11,0.5178787072806297
0.13125,19272.553798953042,2.6910223889121413e-05,6.05758225504654e-06,6.057582255046543e-06,1.0847412016861933e-10,0.5382044777824283
0.1375,19245.585966339622,2.7907837750310108e-05,6.603258493309746e-06,6.603258493309748e-06,1.1772434891307162e-10,0.5581567550062022
0.14375000000000002,19219.11933221638,2.8886910909007194e-05,7.172040082108536e-06,7.1720400821085376e-06,1.272990976277391e-10,0.5777382181801439
0.15000000000000002,19193.150311103363,2.9847576001931133e-05,7.763880908953907e-06,7.763880908953907e-06,1.3719226484318271e-10,0.5969515200386226
0.15625,19167.67534492928,3.078996465188765e-05,8.378735492876865e-06,8.378735492876865e-06,1.4739779271717202e-10,0.615799293037753
0.1625,19142.690896944696,3.171420769288044e-05,9.016558979719357e-06,9.016558979719357e-06,1.5790966677323187e-10,0.6342841538576088
0.16875,19118.193448731014,3.262043528083014e-05,9.677307137450485e-06,9.677307137450486e-06,1.6872191567588746e-10,0.6524087056166028
0.17500000000000002,19094.179499912883,3.350877690421659e-05,1.0360936351507683e-05,1.0360936351507685e-05,1.7982861100943686e-10,0.6701755380843318
0.18125000000000002,19070.645569568795,3.437936133181361e-05,1.106740362016451e-05,1.1067403620164513e-05,1.9122386703939999e-10,0.6875872266362721
0.1875,19047.588198215595,3.523231653938599e-05,1.1796666549927512e-05,1.1796666549927515e-05,2.0290184044967068e-10,0.7046463307877198
0.19375,19025.003949444825,3.606776964908024e-05,1.2548683350964091e-05,1.2548683350964091e-05,2.1485673005957958e-10,0.7213553929816048
0.2,19002.889410698255,3.688584690073175e-05,1.3323412832562338e-05,1.3323412832562341e-05,2.2708277653144657e-10,0.737716938014635
0.20625000000000002,18981.24119306836,3.768667365928884e-05,1.4120814398622557e-05,1.4120814398622557e-05,2.395742620805939e-10,0.7537334731857768
0.21250000000000002,18960.055930318176,3.8470374451117265e-05,1.494084804317924e-05,1.4940848043179243e-05,2.5232551019739264e-10,0.7694074890223453
0.21875,18939.33027747127,3.9237073015976766e-05,1.5783474345951808e-05,1.578347434595181e-05,2.6533088538653743e-10,0.7847414603195353
0.225,18919.060909363016,3.99868923608271e-05,1.6648654467922263e-05,1.664865446792227e-05,2.78584792924155e-10,0.799737847216542
0.23125,18899.244519420976,4.0719954804825726e-05,1.7536350146938336e-05,1.753635014693834e-05,2.920816786298278e-10,0.8143990960965145
0.23750000000000002,18879.87781883933,4.143638200988595e-05,1.844652369334098e-05,1.8446523693340984e-05,3.0581602864874653e-10,0.828727640197719
0.24375000000000002,18860.95753616283,4.213629499609083e-05,1.937913798561584e-05,1.9379137985615845e-05,3.197823692389712e-10,0.8427258999218167
0.25,18842.48041720031,4.28198141448461e-05,2.0334156466068443e-05,2.0334156466068447e-05,3.339752665597376e-10,0.856396282896922
0.25625000000000003,18824.44322514772,4.3487059194403874e-05,2.1311543136523336e-05,2.131154313652334e-05,3.4838932645828004e-10,0.8697411838880775
0.2625,18806.842740786415,4.413814923244938e-05,2.2311262554047334e-05,2.2311262554047338e-05,3.630191942541967e-10,0.8827629846489876
0.26875,18789.67576266707,4.477320268936414e-05,2.3333279826697148e-05,2.3333279826697158e-05,3.778595545215822e-10,0.8954640537872828
0.275,18772.939107215883,4.539233733422835e-05,2.437756060929146e-05,2.4377560609291472e-05,3.9290513086983543e-10,0.907846746684567
0.28125,18756.62960875442,4.599567027416814e-05,2.5444071099207446e-05,2.5444071099207457e-05,4.0815068572425017e-10,0.9199134054833629
0.28750000000000003,18740.74411943544,4.658331795663315e-05,2.6532778032201734e-05,2.6532778032201737e-05,4.235910201073616e-10,0.9316663591326629
0.29375,18725.279509128603,4.7155396173712046e-05,2.7643648678255522e-05,2.764364867825553e-05,4.3922097342172255e-10,0.9431079234742409
0.30000000000000004,18710.232665272146,4.7712020067574365e-05,2.877665083744379e-05,2.8776650837443808e-05,4.550354232344837e-10,0.9542404013514874
0.30625,18695.600492713354,4.825330413638793e-05,2.993175283582828e-05,2.9931752835828296e-05,4.710292850639353e-10,0.9650660827277586
0.3125,18681.379913543184,4.877936224040657e-05,3.110892352137408e-05,3.1108923521374094e-05,4.871975121680664e-10,0.9755872448081314
0.31875000000000003,18667.567866929163,4.9290307608205215e-05,3.2308132259889614e-05,3.2308132259889635e-05,5.035350953351912e-10,0.9858061521641043
0.325,18654.161308938623,4.978625284318308e-05,3.352934893098979e-05,3.352934893098981e-05,5.2003706267673e-10,0.9957250568636615
0.33125000000000004,18641.157212352125,5.0267309930454746e-05,3.4772543924082016e-05,3.477254392408204e-05,5.366984794222755e-10,1.005346198609095
0.3375,18628.552566466617,5.0733590244149614e-05,3.603768813437492e-05,3.603768813437495e-05,5.535144477170776e-10,1.0146718048829924
0.34375,18616.344376890906,5.118520455500122e-05,3.7324752958909446e-05,3.732475295890947e-05,5.704801064220442e-10,1.0237040911000244
0.35000000000000003,18604.52966533736,5.162226303799354e-05,3.8633710292612034e-05,3.8633710292612055e-05,5.875906309162759e-10,1.0324452607598709
0.35625,18593.105469423415,5.204487527977573e-05,3.996453252436975e-05,3.9964532524369774e-05,6.048412329020591e-10,1.0408975055955147
0.36250000000000004,18582.068842482884,5.24531502855733e-05,4.131719253312697e-05,4.131719253312699e-05,6.222271602121494e-10,1.049063005711466
0.36875,18571.416853399423,5.2847196485402985e-05,4.269166368400353e-05,4.269166368400354e-05,6.397436966191149e-10,1.0569439297080596
0.375,18561.1465864584,5.322712173951396e-05,4.408791982443398e-05,4.4087919824434e-05,6.573861616464832e-10,1.0645424347902792
0.38125000000000003,18551.255141220157,5.359303334310188e-05,4.550593528032806e-05,4.5505935280328085e-05,6.751499103814507e-10,1.0718606668620376
0.3875,18541.739632407753,5.3945038030448805e-05,4.6945684852251907e-05,4.694568485225193e-05,6.930303332889647e-10,1.078900760608976
0.39375000000000004,18532.597189804663,5.428324197871381e-05,4.8407143811630104e-05,4.8407143811630104e-05,7.11022856027061e-10,1.085664839574276
0.4,18523.82495815462,5.460775081163004e-05,4.989028789696833e-05,4.989028789696833e-05,7.291229392634276e-10,1.0921550162326008
0.40625,18515.420097057642,5.491866960335564e-05,5.139509331009651e-05,5.139509331009651e-05,7.473260784932447e-10,1.0983733920671128
0.41250000000000003,18507.37978085651,5.521610288268656e-05,5.292153671243227e-05,5.292153671243227e-05,7.656278038584205e-10,1.1043220576537314
0.41875,18499.70119850835,5.550015463778009e-05,5.446959522126458e-05,5.446959522126458e-05,7.840236799683937e-10,1.1100030927556017
0.42500000000000004,18492.381553441115,5.577092832146962e-05,5.603924640605731e-05,5.603924640605731e-05,8.025093057226969e-10,1.1154185664293923
0.43125,18485.41806339462,5.602852685718547e-05,5.7630468284772676e-05,5.7630468284772676e-05,8.210803141354821e-10,1.1205705371437094
0.4375,18478.807960243717,5.627305264543688e-05,5.9243239320214086e-05,5.9243239320214086e-05,8.397323721621958e-10,1.1254610529087377
0.44375000000000003,18472.54848981128,5.650460757076675e-05,6.087753841638829e-05,6.087753841638829e-05,8.584611805285585e-10,1.130092151415335
0.45,18466.636911670405,5.672329300906013e-05,6.253334491488667e-05,6.253334491488667e-05,8.772624735619669e-10,1.1344658601812025
0.45625000000000004,18461.07049894066,5.692920983507431e-05,6.421063859128518e-05,6.421063859128518e-05,8.961320190253917e-10,1.1385841967014863
0.4625,18455.846538082562,5.712245843005883e-05,6.59093996515627e-05,6.59093996515627e-05,9.150656179538016e-10,1.1424491686011766
0.46875,18450.96232869203,5.730313868934725e-05,6.762960872853761e-05,6.762960872853761e-05,9.340591044931035e-10,1.1460627737869449
0.47500000000000003,18446.4151832983,5.747135002982477e-05,6.93712468783222e-05,6.93712468783222e-05,9.531083457415573e-10,1.1494270005964955
0.48125,18442.202427167595,5.7627191397203786e-05,7.113429557679438e-05,7.113429557679438e-05,9.722092415936032e-10,1.1525438279440756
0.48750000000000004,18438.321398112865,5.777076127306869e-05,7.291873671608643e-05,7.291873671608643e-05,9.913577245860233e-10,1.1554152254613739
0.49375,18434.769446309416,5.7902157681678846e-05,7.472455260109007e-05,7.472455260109007e-05,1.0105497597463583e-09,1.158043153633577
0.5,18431.543934117384,5.8021478196540646e-05,7.655172594597714e-05,7.655172594597714e-05,1.0297813444435027e-09,1.1604295639308129
0.50625,18428.642235909938,5.812881994677457e-05,7.840023987073445e-05,7.840023987073445e-05,1.0490485082404102e-09,1.1625763989354914
0.5125000000000001,18426.06173790559,5.8224279623309435e-05,8.027007789771167e-05,8.027007789771167e-05,1.0683473127488526e-09,1.1644855924661888
0.51875,18423.799838003863,5.830795348493505e-05,8.216122394817916e-05,8.216122394817916e-05,1.0876738514861843e-09,1.166159069698701
0.525,18421.853945626637,5.8379937364236826e-05,8.40736623388923e-05,8.40736623388923e-05,1.107024249734074e-09,1.1675987472847364
0.53125,18420.22148155896,5.844032667342303e-05,8.600737777865657e-05,8.600737777865657e-05,1.1263946643991681e-09,1.1688065334684605
0.5375,18418.89987779534,5.848921641004375e-05,8.796235536488465e-05,8.796235536488465e-05,1.1457812838756506e-09,1.169784328200875
0.5437500000000001,18417.88657738788,5.852670116258721e-05,8.99385805801328e-05,8.99385805801328e-05,1.1651803279096556e-09,1.170534023251744
0.55,18417.17903429911,5.855287511593258e-05,9.193603928859733e-05,9.193603928859733e-05,1.1845880474654892e-09,1.1710575023186516
0.55625,18416.774713259674,5.856783205663472e-05,9.395471773254244e-05,9.395471773254244e-05,1.2040007245936022e-09,1.1713566411326946
0.5625,18416.671089629792,5.8571665378020285e-05,9.599460252861794e-05,9.599460252861794e-05,1.2234146723002525e-09,1.1714333075604058
0.56875,18416.865649267267,5.856446808508357e-05,9.805568066400557e-05,9.805568066400557e-05,1.2428262344187896e-09,1.1712893617016713
0.5750000000000001,18417.355888400452,5.85463327991839e-05,0.000100137939492306,0.000100137939492306,1.2622317854824962e-09,1.170926655983678
0.58125,18418.13931350606,5.8517351762562365e-05,0.00010224136672903955,0.00010224136672903955,1.2816277305989274e-09,1.1703470352512473
0.5875,18419.21344119127,5.847761684271248e-05,0.00010436595044658089,0.00010436595044658089,1.3010105053256981e-09,1.1695523368542495
0.59375,18420.575798077873,5.8427219536654075e-05,0.00010651167906827375,0.00010651167906827375,1.3203765755476871e-09,1.1685443907330815
0.6000000000000001,18422.223920687986,5.836625097517095e-05,0.0001086785413613703,0.0001086785413613703,1.3397224373556462e-09,1.1673250195034188
0.6062500000000001,18424.15535532831,5.8294801927079315e-05,0.00011086652642830318,0.00011086652642830318,1.3590446169262233e-09,1.1658960385415862
0.6125,18426.36765797296,5.8212962803595115e-05,0.00011307562369561308,0.00011307562369561308,1.3783396704034338e-09,1.1642592560719023
0.61875,18428.858394139614,5.812082366286273e-05,0.00011530582289960976,0.00011530582289960976,1.3976041837816328e-09,1.1624164732572546
0.625,18431.62513876259,5.801847421469859e-05,0.00011755711406752074,0.00011755711406752074,1.4168347727900594e-09,1.1603694842939718
0.6312500000000001,18434.665476056805,5.7906003825588525e-05,0.00011982948749245944,0.00011982948749245944,1.4360280827790382e-09,1.1581200765117705
0.6375000000000001,18437.976999376086,5.778350152396153e-05,0.00012212293369999854,0.00012212293369999854,1.4551807886079271e-09,1.1556700304792307
0.64375,18441.557311062432,5.765105600574489e-05,0.00012443744340343634,0.00012443744340343634,1.4742895945349088e-09,1.1530211201148979
0.65,18445.404022288516,5.7508755640188394e-05,0.0001267730074439585,0.0001267730074439585,1.4933512341087107e-09,1.1501751128037678
0.65625,18449.514752894098,5.7356688475929964e-05,0.00012912961671079052,0.00012912961671079052,1.512362470062336e-09,1.1471337695185992
0.6625000000000001,18453.887131216263,5.719494224726226e-05,0.00013150726203506154,0.00013150726203506154,1.531320094208873e-09,1.1438988449452452
0.6687500000000001,18458.518793916275,5.702360438055049e-05,0.0001339059340494183,0.0001339059340494183,1.550220927339429e-09,1.1404720876110097
0.675,18463.407385803053,5.6842762000746256e-05,0.0001363256230033876,0.0001363256230033876,1.5690618191232262e-09,1.1368552400149252
0.68125,18468.550559656604,5.665250193794e-05,0.0001387663185220483,0.0001387663185220483,1.5878396480098674e-09,1.1330500387588
0.6875,18473.945976050793,5.645291073389662e-05,0.00014122800929269066,0.00014122800929269066,1.6065513211337692e-09,1.1290582146779324
0.6937500000000001,18479.591303179015,5.624407464852266e-05,0.00014371068266078472,0.00014371068266078472,1.6251937742207378e-09,1.1248814929704531
0.7000000000000001,18485.48421668191,5.602607966622073e-05,0.0001462143241127233,0.0001462143241127233,1.6437639714966514e-09,1.1205215933244146
0.70625,18491.622399480046,5.579901150209487e-05,0.00014873891661844842,0.00014873891661844842,1.6622589055982003e-09,1.1159802300418973
0.7125,18498.003541610866,5.556295560797988e-05,0.00015128443980222986,0.00015128443980222986,1.6806755974856235e-09,1.1112591121595976
0.71875,18504.62534007064,5.531799717827799e-05,0.00015385086890459362,0.00015385086890459362,1.6990110963573822e-09,1.1063599435655598
0.7250000000000001,18511.485498662405,5.5064221155595715e-05,0.00015643817349278682,0.00015643817349278682,1.7172624795666998e-09,1.1012844231119143
0.7312500000000001,18518.58172784843,5.480171223618382e-05,0.00015904631587134455,0.00015904631587134455,1.7354268525399057e-09,1.0960342447236764
0.7375,18525.911744609042,5.4530554875191694e-05,0.00016167524913848872,0.00016167524913848872,1.7535013486965214e-09,1.090611097503834
0.74375,18533.4732723041,5.4250833291756185e-05,0.00016432491482847858,0.00016432491482847858,1.7714831293710316e-09,1.0850166658351237
0.75,18541.26404054,5.3962631473951453e-05,0.00016699524007496002,0.00016699524007496002,1.789369383736298e-09,1.079252629479029
0.7562500000000001,18549.281785038183,5.36660331836323e-05,0.00016968613422619678,0.00016968613422619678,1.8071573287285772e-09,1.073320663672646
0.7625000000000001,18557.524247506062,5.336112196120765e-05,0.00017239748484024244,0.00017239748484024244,1.8248442089741205e-09,1.0672224392241532
0.76875,18565.98917550938,5.304798113038353e-05,0.0001751291529871152,0.0001751291529871152,1.8424272967173472e-09,1.0609596226076705
0.775,18574.674322343173,5.2726693802916075e-05,0.0001778809677863964,0.0001778809677863964,1.8599038917505918e-09,1.0545338760583216
0.78125,18583.577446902545,5.2397342883414e-05,0.00018065272011293736,0.00018065272011293736,1.877271321345444e-09,1.04794685766828
0.7875000000000001,18592.696313549328,5.2060011074227276e-05,0.00018344415541108325,0.00018344415541108325,1.8945269401857096e-09,1.0412002214845455
0.7937500000000001,18602.02869197864,5.171478088045492e-05,0.00018625496556952886,0.00018625496556952886,1.911668130302028e-09,1.0342956176090985
0.8,18611.572357077144,5.136173461509801e-05,0.00018908477982506488,0.00018908477982506488,1.928692301008203e-09,1.0272346923019602
0.80625,18621.325088781712,5.100095440437764e-05,0.00019193315468441635,0.00019193315468441635,1.945596888839291e-09,1.0200190880875528
0.8125,18631.284671929247,5.063252219322821e-05,0.0001947995628793162,0.0001947995628793162,1.9623793574915145e-09,1.0126504438645643
0.8187500000000001,18641.44889610431,5.0256519750968814e-05,0.00019768338140092583,0.00019768338140092583,1.9790371977640516e-09,1.0051303950193762
0.8250000000000001,18651.815555480116,4.987302867714526e-05,0.00020058387869549064,0.00020058387869549064,1.9955679275027645e-09,0.9974605735429052
0.83125,18662.38244865799,4.948213040752836e-05,0.00020350020114323343,0.00020350020114323343,2.011969091545915e-09,0.9896426081505673
0.8375,18673.147378500173,4.908390622024516e-05,0.0002064313589861591,0.0002064313589861591,2.0282382616719116e-09,0.9816781244049031
0.84375,18684.108151961886,4.8678437242015005e-05,0.000209376211916597,0.000209376211916597,2.044373036549127e-09,0.9735687448403001
0.8500000000000001,18695.262579921105,4.826580445445752e-05,0.0002123334545855338,0.0002123334545855338,2.060371041687801e-09,0.9653160890891505
0.8562500000000001,18706.60847700612,4.7846088700437385e-05,0.00021530160233640627,0.00021530160233640627,2.0762299293940504e-09,0.9569217740087477
0.8625,18718.14366142477,4.741937069041104e-05,0.00021827897751405847,0.00021827897751405847,2.0919473787259825e-09,0.9483874138082208
0.86875,18729.865954793735,4.698573100874249e-05,0.00022126369673787388,0.00022126369673787388,2.1075210954518993e-09,0.9397146201748497
0.875,18741.773181968787,4.654525011995907e-05,0.00022425365956036335,0.00022425365956036335,2.1229488120105777e-09,0.9309050023991814
0.8812500000000001,18753.86317087842,4.6098008374924375e-05,0.00022724653895541205,0.00022724653895541205,2.1382282874735948e-09,0.9219601674984875
0.8875000000000001,18766.133752359467,4.5644086016911935e-05,0.0002302397740917118,0.0002302397740917118,2.1533573075096668e-09,0.9128817203382387
0.89375,18778.58275999608,4.518356318757155e-05,0.00023323056584459746,0.00023323056584459746,2.168333684350965e-09,0.9036712637514309
0.9,18791.2080299609,4.471651993278785e-05,0.0002362158754818582,0.0002362158754818582,2.1831552567613734e-09,0.8943303986557569
0.90625,18804.007400860028,4.424303620843894e-05,0.0002391924269248753,0.0002391924269248753,2.197819890006656e-09,0.8848607241687788
0.9125000000000001,18816.978713578836,4.3763191886070185e-05,0.00024215671293498545,0.00024215671293498545,2.2123254758265033e-09,0.8752638377214037
0.9187500000000001,18830.119811131066,4.327706675850438e-05,0.00024510500550631645,0.00024510500550631645,2.2266699324084414e-09,0.8655413351700876
0.925,18843.42853850784,4.278474054541476e-05,0.00024803337066128014,0.00024803337066128014,2.2408512043635834e-09,0.8556948109082952
0.93125,18856.902742527,4.228629289889049e-05,0.00025093768774502186,0.00025093768774502186,2.25486726270423e-09,0.8457258579778099
0.9375,18870.54027168257,4.178180340902607e-05,0.0002538136732028234,0.0002538136732028234,2.26871610482332e-09,0.8356360681805215
0.9437500000000001,18884.338975991373,4.12713516095663e-05,0.0002566569087028834,0.0002566569087028834,2.2823957544757537e-09,0.825427032191326
0.9500000000000001,18898.296706839254,4.075501698363694e-05,0.0002594628733399032,0.0002594628733399032,2.295904261761614e-09,0.8151003396727389
0.95625,18912.411316822025,4.0232878969588375e-05,0.00026222697952686284,0.00026222697952686284,2.3092397031113266e-09,0.8046575793917675
0.9625,18926.68065958419,3.970501696697544e-05,0.00026494461205804604,0.00026494461205804604,2.3224001812727995e-09,0.7941003393395087
0.96875,18941.102589652874,3.9171510342691956e-05,0.0002676111697106879,0.0002676111697106879,2.3353838253005977e-09,0.7834302068538391
0.9750000000000001,18955.674962268637,3.863243843727291e-05,0.00027022210865046333,0.00027022210865046333,2.3481887905472074e-09,0.7726487687454582
0.9812500000000001,18970.39563320889,3.8087880571371553e-05,0.000272772986821985,0.000272772986821985,2.360813258656445e-09,0.761757611427431
0.9875,18985.262458608577,3.753791605241299e-05,0.0002752595084435939,0.0002752595084435939,2.373255437559073e-09,0.7507583210482598
0.99375,19000.273294775798,3.698262418142056e-05,0.0002776775676893153,0.0002776775676893153,2.385513561470677e-09,0.7396524836284112
1.0,19015.4259980029,3.642208426000641e-05,0.00028002329063226913,0.00028002329063226913,2.397585890891864e-09,0.7284416852001281
1.00625,19030.718424373088,3.585637559751354e-05,0.0002822930745443432,0.0002822930745443432,2.4094707126108203e-09,0.7171275119502707
1.0125,19046.148429563844,3.5285577518293596e-05,0.00028448362369663593,0.00028448362369663593,2.4211663397082903e-09,0.705711550365872
1.01875,19061.713868646944,3.4709769369102026e-05,0.00028659198088288733,0.00028659198088288733,2.4326711115649995e-09,0.6941953873820406
1.0250000000000001,19077.412595886126,3.412903052659147e-05,0.0002886155539914934,0.0002886155539914934,2.443983393871566e-09,0.6825806105318295
1.03125,19093.242464532523,3.3543440404883555e-05,0.000290552137077244,0.000290552137077244,2.455101578640919e-09,0.6708688080976711
1.0375,19109.20132661752,3.2953078463200104e-05,0.00029239992552719686,0.00029239992552719686,2.4660240842232477e-09,0.6590615692640021
1.04375,19125.287032745775,3.23580242135366e-05,0.0002941575250708671,0.0002941575250708671,2.4767493553234933e-09,0.647160484270732
1.05,19141.49743188842,3.175835722836287e-05,0.00029582395454743346,0.00029582395454743346,2.4872758630213933e-09,0.6351671445672573
1.0562500000000001,19157.83037117184,3.1154157148338694e-05,0.0002973986425059201,0.0002973986425059201,2.497602104794085e-09,0.6230831429667739
1.0625,19174.283695671038,3.054550369003622e-05,0.00029888141787233567,0.00029888141787233567,2.5077266045412647e-09,0.6109100738007244
1.06875,19190.85524820011,2.993247665366421e-05,0.00030027249506485464,0.00030027249506485464,2.517647912612912e-09,0.5986495330732842
1.075,19207.542869103137,2.9315155930793468e-05,0.0003015724540692047,0.0003015724540692047,2.5273646058395705e-09,0.5863031186158694
1.08125,19224.344396045846,2.8693621512086718e-05,0.0003027822160971567,0.0003027822160971567,2.536875287565194e-09,0.5738724302417344
1.0875000000000001,19241.257663805773,2.8067953495040103e-05,0.0003039030155380566,0.0003039030155380566,2.5461785876825556e-09,0.5613590699008021
1.09375,19258.28050406271,2.7438232091746945e-05,0.00030493636897444806,0.00030493636897444806,2.5552731626712326e-09,0.5487646418349389
1.1,19275.41074518765,2.6804537636697802e-05,0.00030588404206692387,0.00030588404206692387,2.5641576956381758e-09,0.536090752733956
1.10625,19292.64621203088,2.6166950594633272e-05,0.00030674801512050806,0.00030674801512050806,2.5728308963608813e-09,0.5233390118926654
1.1125,19309.98472570733,2.5525551568468386e-05,0.00030753044812630216,0.00030753044812630216,2.5812915013331897e-09,0.5105110313693677
1.1187500000000001,19327.424103380035,2.4880421307308728e-05,0.0003082336460300261,0.0003082336460300261,2.589538273813741e-09,0.49760842614617457
1.125,19344.962158040544,2.4231640714579393e-05,0.0003088600249164963,0.0003088600249164963,2.5975700038771264e-09,0.48463281429158783
1.13125,19362.596698285317,2.3579290856287923e-05,0.0003094120797196962,0.0003094120797196962,2.605385508467775e-09,0.4715858171257585
1.1375,19380.325528088033,2.2923452969442066e-05,0.00030989235397605076,0.00030989235397605076,2.612983631456636e-09,0.4584690593888413
1.14375,19398.146446568215,2.226420847064221e-05,0.00031030341203816384,0.00031030341203816384,2.620363243700703e-09,0.4452841694128442
1.1500000000000001,19416.057247752553,2.1601638964866554e-05,0.00031064781406196833,0.00031064781406196833,2.627523243105453e-09,0.4320327792973311
1.15625,19434.05572033257,2.093582625446533e-05,0.0003109280939761312,0.0003109280939761312,2.63446255469027e-09,0.4187165250893066
1.1625,19452.13964741496,2.0266852348378108e-05,0.0003111467405424165,0.0003111467405424165,2.641180130656916e-09,0.4053370469675622
1.16875,19470.306806266533,1.9594799471585402e-05,0.00031130618152280034,0.00031130618152280034,2.6476749504611418e-09,0.39189598943170806
1.175,19488.55496805171,1.8919750074803575e-05,0.0003114087708860905,0.0003114087708860905,2.653946020887508e-09,0.37839500149607147
1.1812500000000001,19506.88189756432,1.8241786844428965e-05,0.00031145677891557743,0.00031145677891557743,2.659992376127503e-09,0.3648357368885793
1.1875,19525.285352951218,1.7560992712734855e-05,0.00031145238502109176,0.00031145238502109176,2.6658130778610383e-09,0.3512198542546971
1.19375,19543.763085430168,1.6877450868322743e-05,0.00031139767301432004,0.00031139767301432004,2.6714072153414135e-09,0.3375490173664549
1.2000000000000002,19562.312839000617,1.619124476682695e-05,0.00031129462857527597,0.00031129462857527597,2.6767739054838233e-09,0.32382489533653896
1.20625,19580.93235014706,1.550245814187058e-05,0.0003111451386198012,0.0003111451386198012,2.6819122929575003e-09,0.3100491628374116
1.2125000000000001,19599.61934753651,1.4811175016269275e-05,0.00031095099227179034,0.00031095099227179034,2.6868215502815683e-09,0.2962235003253855
1.21875,19618.37155170898,1.4117479713479107e-05,0.00031071388314806136,0.00031071388314806136,2.691500877924692e-09,0.2823495942695821
1.225,19637.186674761633,1.3421456869284565e-05,0.0003104354126767412,0.0003104354126767412,2.695949504408602e-09,0.2684291373856913
1.2312500000000002,19656.062420026166,1.2723191443723663e-05,0.0003101170941899015,0.0003101170941899015,2.700166686415567e-09,0.2544638288744733
1.2375,19674.996481740578,1.2022768733248025e-05,0.0003097603575561328,0.0003097603575561328,2.704151708899903e-09,0.2404553746649605
1.2437500000000001,19693.986544712978,1.1320274383117892e-05,0.00030936655414702,0.00030936655414702,2.707903885203588e-09,0.22640548766235785
1.25,19713.030283981676,1.0615794400034289e-05,0.0003089369619614507,0.0003089369619614507,2.711422557176063e-09,0.21231588800068577
1.25625,19732.125364466,9.90941516501314e-06,0.000308472790761922,0.000308472790761922,2.7147070952983004e-09,0.1981883033002628
1.2625000000000002,19751.26944061191,9.201223446509634e-06,0.00030797518710631156,0.00030797518710631156,2.717756898811225e-09,0.18402446893019267
1.26875,19770.460156030174,8.491306413804261e-06,0.00030744523918599083,0.00030744523918599083,2.720571395848569e-09,0.16982612827608523
1.2750000000000001,19789.695143127003,7.77975165066585e-06,0.00030688398140599053,0.00030688398140599053,2.7231500435742563e-09,0.155595033013317
1.28125,19808.972022726666,7.0666471693102975e-06,0.00030629239866472504,0.00030629239866472504,2.725492328324415e-09,0.14133294338620594
1.2875,19828.28840368535,6.352081424677551e-06,0.00030567143030930716,0.00030567143030930716,2.7275977657541205e-09,0.12704162849355102
1.2937500000000002,19847.64188249672,5.636143329052735e-06,0.00030502197375769746,0.00030502197375769746,2.729465900988986e-09,0.1127228665810547
1.3,19867.030042885453,4.91892226706022e-06,0.0003043448877909391,0.0003043448877909391,2.7310963087817207e-09,0.09837844534120439
1.3062500000000001,19886.450455391416,4.200508111062568e-06,0.0003036409955277699,0.0003036409955277699,2.732488593673796e-09,0.08401016222125136
1.3125,19905.900676942212,3.4809912369981544e-06,0.0003029110871002859,0.0003029110871002859,2.7336423901623584e-09,0.06961982473996309
1.31875,19925.378250411486,2.7604625406931403e-06,0.00030215592205342533,0.00030215592205342533,2.7345573628725467e-09,0.055209250813862805
1.3250000000000002,19944.8807041638,2.0390134546844176e-06,0.0003013762314932372,0.0003013762314932372,2.7352332067353926e-09,0.04078026909368835
1.33125,19964.405551586275,1.3167359655910305e-06,0.0003005727200095762,0.0003005727200095762,2.7356696471714714e-09,0.02633471931182061
1.3375000000000001,19983.95029060231,5.937226320710043e-07,0.00029974606739839035,0.00029974606739839035,2.7358664402805096e-09,0.011874452641420086
1.34375,20003.512403169214,-1.2993339659971093e-07,0.0002988969302074664,0.0002988969302074664,2.735823373037148e-09,-0.0025986679319942186
1.35,20023.08935475882,-8.541383612905057e-07,0.00029802594312765507,0.00029802594312765507,2.735540263493082e-09,-0.017082767225810112
1.3562500000000002,20042.67859381825,-1.578797873087484e-06,0.00029713372024944785,0.00029713372024944785,2.7350169609858087e-09,-0.03157595746174968
1.3625,20062.277551211973,-2.3038168926401364e-06,0.00029622085620250227,0.00029622085620250227,2.734253346354216e-09,-0.046076337852802726
1.3687500000000001,20081.883639642903,-3.029099708752284e-06,0.0002952879271934662,0.0002952879271934662,2.733249332161271e-09,-0.06058199417504568
1.375,20101.494253052202,-3.7545499161876576e-06,0.0002943354919553145,0.0002943354919553145,2.732004862924065e-09,-0.07509099832375316
1.38125,20121.106765997483,-4.480070392661655e-06,0.00029336409261946614,0.00029336409261946614,2.7305199153514818e-09,-0.0896014078532331
1.3875000000000002,20140.71853300889,-5.205563274991394e-06,0.0002923742555202176,0.0002923742555202176,2.7287944985897748e-09,-0.10411126549982788
1.39375,20160.326887919182,-5.930929934376621e-06,0.0002913664919395258,0.0002913664919395258,2.726828654476334e-09,-0.11861859868753243
1.4000000000000001,20179.929143172903,-6.656070950782595e-06,0.0002903412987989007,0.0002903412987989007,2.7246224578019477e-09,-0.13312141901565192
1.40625,20199.5225891076,-7.380886086394979e-06,0.0002892991593040974,0.0002892991593040974,2.722176016581859e-09,-0.14761772172789958
1.4125,20219.104493211107,-8.105274258113462e-06,0.00028824054354741887,0.00028824054354741887,2.7194894723359427e-09,-0.16210548516226925
1.4187500000000002,20238.672099350082,-8.82913350904715e-06,0.0002871659090717209,0.0002871659090717209,2.716563000378326e-09,-0.176582670180943
1.425,20258.222626973184,-9.552360978969155e-06,0.0002860757013996252,0.0002860757013996252,2.7133968101168085e-09,-0.1910472195793831
1.4312500000000001,20277.753270280406,-1.027485287368188e-05,0.0002849703545309742,0.0002849703545309742,2.7099911453624297e-09,-0.2054970574736376
1.4375,20297.261197365566,-1.0996504433236032e-05,0.0002838502914111716,0.0002838502914111716,2.7063462846495754e-09,-0.21993008866472066
1.44375,20316.743549324423,-1.1717209898937818e-05,0.00028271592437274106,0.00028271592437274106,2.7024625415670167e-09,-0.23434419797875636
1.4500000000000002,20336.197439327105,-1.2436862479068522e-05,0.00028156765555216896,0.00028156765555216896,2.6983402651003133e-09,-0.24873724958137045
1.45625,20355.61995165536,-1.3155354313229201e-05,0.0002804058772838798,0.0002804058772838798,2.693979839986034e-09,-0.263107086264584
1.4625000000000001,20375.00814069787,-1.3872576435211235e-05,0.00027923097247300517,0.00027923097247300517,2.689381687078284e-09,-0.2774515287042247
1.46875,20394.35902990453,-1.4588418734280073e-05,0.0002780433149484456,0.0002780433149484456,2.684546263728066e-09,-0.29176837468560146
1.475,20413.669610692825,-1.5302769914745873e-05,0.0002768432697975826,0.0002768432697975826,2.6794740641760403e-09,-0.30605539829491746
1.4812500000000002,20432.936841305313,-1.6015517453679997e-05,0.00027563119368387734,0.00027563119368387734,2.674165619959302e-09,-0.32031034907359995
1.4875,20452.157645611605,-1.672654755662161e-05,0.00027440743514848084,0.00027440743514848084,2.6686215003328363e-09,-0.3345309511324322
1.4937500000000001,20471.32891185303,-1.7435745111102956e-05,0.00027317233489688417,0.00027317233489688417,2.662842312706383e-09,-0.34871490222205914
1.5,20490.447491321807,-1.8142993637806417e-05,0.00027192622607155213,0.00027192622607155213,2.656828703097484e-09,-0.36285987275612835
1.50625,20509.510196970677,-1.8848175239150654e-05,0.0002706694345114076,0.0002706694345114076,2.6505813566015798e-09,-0.3769635047830131
1.5125000000000002,20528.51380194866,-1.955117054508697e-05,0.00026940227899896615,0.00026940227899896615,2.6441009978800646e-09,-0.3910234109017394
1.51875,20547.45503805301,-2.0251858655871394e-05,0.000268125071495862,0.000268125071495862,2.6373883916673155e-09,-0.4050371731174279
1.5250000000000001,20566.33059409489,-2.0950117081561674e-05,0.00026683811736745265,0.00026683811736745265,2.630444343297773e-09,-0.4190023416312335
1.53125,20585.137114166846,-2.164582167797329e-05,0.00026554171559714507,0.00026554171559714507,2.6232696992542496e-09,-0.43291643355946574
1.5375,20603.871195809003,-2.233884657881247e-05,0.0002642361589910423,0.0002642361589910423,2.6158653477387353e-09,-0.44677693157624937
1.5437500000000002,20622.529388062656,-2.3029064123689834e-05,0.00026292173437347403,0.00026292173437347403,2.60823221926706e-09,-0.46058128247379665
1.55,20641.108189405266,-2.37163447817035e-05,0.0002615987227739421,0.0002615987227739421,2.6003712872888878e-09,-0.47432689563407
1.5562500000000001,20659.604045555647,-2.440055707026756e-05,0.000260267399605977,0.000260267399605977,2.592283568834615e-09,-0.4880111414053512
1.5625,20678.01334714135,-2.5081567468849518e-05,0.0002589280348383789,0.0002589280348383789,2.5839701251908597e-09,-0.5016313493769904
1.56875,20696.332427221965,-2.5759240327269792e-05,0.00025758089315928496,0.00025758089315928496,2.5754320626063474e-09,-0.5151848065453959
1.5750000000000002,20714.557558651028,-2.643343776820902e-05,0.00025622623413348254,0.00025622623413348254,2.56667053303011e-09,-0.5286687553641805
1.58125,20732.684951276126,-2.710401958356307e-05,0.0002548643123533627,0.0002548643123533627,2.5576867348840397e-09,-0.5420803916712614
1.5875000000000001,20750.710748960413,-2.7770843124285344e-05,0.00025349537758388426,0.00025349537758388426,2.5484819138719538e-09,-0.5554168624857069
1.59375,20768.63102641943,-2.843376318335919e-05,0.0002521196749018965,0.0002521196749018965,2.539057363827451e-09,-0.5686752636671838
1.6,20786.44178586099,-2.9092631871553184e-05,0.0002507374448301465,0.0002507374448301465,2.5294144276029484e-09,-0.5818526374310636
1.6062500000000002,20804.138953425434,-2.974729848562855e-05,0.0002493489234662735,0.0002493489234662735,2.519554498002401e-09,-0.594945969712571
1.6125,20821.718375407694,-3.0397609368694245e-05,0.00024795434260707253,0.00024795434260707253,2.5094790187603086e-09,-0.6079521873738849
1.6187500000000001,20839.175814264727,-3.1043407762439944e-05,0.00024655392986828816,0.00024655392986828816,2.499189485569702e-09,-0.6208681552487989
1.625,20856.50694439458,-3.1684533651025574e-05,0.0002451479088001772,0.0002451479088001772,2.4886874471618706e-09,-0.6336906730205115
1.63125,20873.7073476865,-3.232082359646632e-05,0.00024373649899906214,0.00024373649899906214,2.4779745064406537e-09,-0.6464164719293264
1.6375000000000002,20890.772508839953,-3.295211056542838e-05,0.00024231991621507444,0.00024231991621507444,2.467052321674143e-09,-0.6590422113085675
1.64375,20907.697810448724,-3.35782237474444e-05,0.0002408983724562715,0.0002408983724562715,2.455922607746635e-09,-0.671564474948888
1.6500000000000001,20924.47852785948,-3.419898836466857e-05,0.00023947207608929243,0.00023947207608929243,2.444587137473646e-09,-0.6839797672933714
1.65625,20941.109823806662,-3.481422547342414e-05,0.00023804123193670273,0.00023804123193670273,2.433047742982701e-09,-0.6962845094684829
1.6625,20957.586742837222,-3.542375175794987e-05,0.000236606041371163,0.000236606041371163,2.421306317162491e-09,-0.7084750351589975
1.6687500000000002,20973.90420553966,-3.6027379316928445e-05,0.00023516670240654323,0.00023516670240654323,2.4093648151827814e-09,-0.7205475863385689
1.675,20990.057002599548,-3.6624915443580655e-05,0.00023372340978609386,0.00023372340978609386,2.3972252560872157e-09,-0.732498308871613
1.6812500000000001,21006.03978870877,-3.721616240033382e-05,0.00023227635506777334,0.00023227635506777334,2.384889724460802e-09,-0.7443232480066764
1.6875,21021.847076360522,-3.780091718932208e-05,0.00023082572670682426,0.00023082572670682426,2.37236037217347e-09,-0.7560183437864416
1.69375,21037.473229575633,-3.8378971320248846e-05,0.00022937171013568284,0.00022937171013568284,2.3596394202005738e-09,-0.7675794264049769
1.7000000000000002,21052.912457603452,-3.895011057743727e-05,0.00022791448784130074,0.00022791448784130074,2.3467291605206025e-09,-0.7790022115487454
1.70625,21068.15880866298,-3.95141147882103e-05,0.00022645423943995412,0.00022645423943995412,2.3336319580896677e-09,-0.7902822957642059
1.7125000000000001,21083.206163782215,-4.007075759507656e-05,0.00022499114174961182,0.00022499114174961182,2.3203502528914986e-09,-0.8014151519015311
1.71875,21098.048230820117,-4.06198062345464e-05,0.00022352536885993275,0.00022352536885993275,2.3068865620607493e-09,-0.812396124690928
1.725,21112.678538753484,-4.116102132576174e-05,0.00022205709219996127,0.00022205709219996127,2.2932434820763694e-09,-0.8232204265152349
1.7312500000000002,21127.090432322966,-4.169415667248685e-05,0.00022058648060358885,0.00022058648060358885,2.2794236910206024e-09,-0.833883133449737
1.7375,21141.277067147585,-4.221895908237047e-05,0.00021911370037285197,0.00021911370037285197,2.2654299508978922e-09,-0.8443791816474093
1.7437500000000001,21155.231405422386,-4.2735168207743154e-05,0.00021763891533913446,0.00021763891533913446,2.2512651100065597e-09,-0.8547033641548631
1.75,21168.94621231929,-4.3242516412552766e-05,0.00021616228692234569,0.00021616228692234569,2.2369321053545815e-09,-0.8648503282510553
1.75625,21182.41405323177,-4.374072867035389e-05,0.00021468397418814594,0.00021468397418814594,2.222433965109184e-09,-0.8748145734070778
1.7625000000000002,21195.627291994642,-4.42295224985463e-05,0.00021320413390329144,0.00021320413390329144,2.2077738110682317e-09,-0.8845904499709261
1.76875,21208.578090235755,-4.47086079342924e-05,0.00021172292058917126,0.00021172292058917126,2.1929548611395994e-09,-0.894172158685848
1.7750000000000001,21221.258408000976,-4.517768755772458e-05,0.0002102404865736113,0.0002102404865736113,2.177980431812852e-09,-0.9035537511544915
1.78125,21233.66000581676,-4.563645656816885e-05,0.00020875698204101762,0.00020875698204101762,2.162853940605659e-09,-0.9127291313633771
1.7875,21245.774448337936,-4.60846029191523e-05,0.00020727255508093436,0.00020727255508093436,2.1475789084654613e-09,-0.921692058383046
1.7937500000000002,21257.59310974197,-4.6521807517917094e-05,0.00020578735173508913,0.00020578735173508913,2.1321589621050044e-09,-0.9304361503583419
1.8,21269.107181016774,-4.6947744495025046e-05,0.00020430151604299858,0.00020430151604299858,2.1165978362485144e-09,-0.9389548899005009
1.8062500000000001,21280.307679288217,-4.736208154939453e-05,0.0002028151900862072,0.0002028151900862072,2.100899375763505e-09,-0.9472416309878906
1.8125,21291.185459320688,-4.776448037375946e-05,0.00020132851403123006,0.00020132851403123006,2.0850675376515655e-09,-0.9552896074751892
1.81875,21301.731227314594,-4.8154597165071244e-05,0.00019984162617127057,0.00019984162617127057,2.0691063928699742e-09,-0.9630919433014249
1.8250000000000002,21311.93555710727,-4.853208322377711e-05,0.00019835466296678282,0.00019835466296678282,2.053020127954673e-09,-0.9706416644755421
1.83125,21321.788908860217,-4.889658564519778e-05,0.00019686775908494799,0.00019686775908494799,2.036813046414085e-09,-0.9779317129039555
1.8375000000000001,21331.281650305795,-4.924774810539719e-05,0.00019538104743813345,0.00019538104743813345,2.0204895698624476e-09,-0.9849549621079438
1.84375,21340.404080582517,-4.958521174298901e-05,0.00019389465922140377,0.00019389465922140377,2.004054238860867e-09,-0.9917042348597802
1.85,21349.14645667675,-4.990861613726509e-05,0.00019240872394915258,0.00019240872394915258,1.9875117134341655e-09,-0.9981723227453019
1.8562500000000002,21357.49902244654,-5.021760038186928e-05,0.0001909233694909256,0.0001909233694909256,1.970866773231852e-09,-1.0043520076373855
1.8625,21365.452040174598,-5.051180425198874e-05,0.00018943872210650545,0.00018943872210650545,1.9541243173022196e-09,-1.010236085039775
1.8687500000000001,21372.995824555263,-5.07908694617084e-05,0.00018795490648033163,0.00018795490648033163,1.9372893634496878e-09,-1.015817389234168
1.875,21380.120778994973,-5.1054441006789676e-05,0.00018647204575532965,0.00018647204575532965,1.9203670471470677e-09,-1.0210888201357935
1.88125,21386.817434052587,-5.130216858671568e-05,0.0001849902615662256,0.0001849902615662256,1.9033626199764853e-09,-1.0260433717343136
1.8875000000000002,21393.07648781846,-5.153370809841084e-05,0.00018350967407242577,0.00018350967407242577,1.8862814475752006e-09,-1.030674161968217
1.89375,21398.888847986615,-5.174872319262161e-05,0.0001820304019905412,0.0001820304019905412,1.869129007065553e-09,-1.0349744638524323
1.9000000000000001,21404.245675340662,-5.1946886882561294e-05,0.00018055256262664149,0.00018055256262664149,1.851910883951714e-09,-1.0389377376512259
1.90625,21409.138428335,-5.2127883193104585e-05,0.0001790762719083219,0.0001790762719083219,1.8346327684698026e-09,-1.0425576638620917
1.9125,21413.55890842255,-5.229140883759411e-05,0.00017760164441667095,0.00017760164441667095,1.8173004513822114e-09,-1.0458281767518822
1.9187500000000002,21417.49930575107,-5.243717490822005e-05,0.00017612879341822555,0.00017612879341822555,1.7999198192116486e-09,-1.048743498164401
1.925,21420.952244817796,-5.2564908564982e-05,0.00017465783089700224,0.00017465783089700224,1.7824968489153599e-09,-1.0512981712996399
1.9312500000000001,21423.910829662473,-5.2674354707465234e-05,0.00017318886758669152,0.00017318886758669152,1.7650376020052314e-09,-1.0534870941493046
1.9375,21426.368688153212,-5.2765277613084465e-05,0.0001717220130031021,0.0001717220130031021,1.7475482181248864e-09,-1.0553055522616892
1.94375,21428.320014914156,-5.28374625250879e-05,0.00017025737547693927,0.00017025737547693927,1.7300349081004271e-09,-1.056749250501758
1.9500000000000002,21429.75961243778,-5.28907171734901e-05,0.0001687950621869987,0.0001687950621869987,1.7125039464870546e-09,-1.057814343469802
1.95625,21430.68292993663,-5.292487321222473e-05,0.0001673351791938531,0.0001673351791938531,1.6949616636393346e-09,-1.0584974642444946
1.9625000000000001,21431.08609948681,-5.293978755618921e-05,0.0001658778314741049,0.0001658778314741049,1.6774144373382925e-09,-1.0587957511237842
1.96875,21430.965969039346,-5.2935343602492034e-05,0.0001644231229552713,0.0001644231229552713,1.6598686840137166e-09,-1.0587068720498407
1.975,21430.320131904857,-5.2911452321110744e-05,0.00016297115655136308,0.00016297115655136308,1.6423308496049575e-09,-1.0582290464222148
1.9812500000000002,21429.14695233757,-5.28680532013152e-05,0.00016152203419921078,0.00016152203419921078,1.6248074001080289e-09,-1.057361064026304
1.9875,21427.445586887083,-5.280511504159504e-05,0.00016007585689558452,0.00016007585689558452,1.6073048118608815e-09,-1.0561023008319008
1.9937500000000001,21425.21600123569,-5.2722636572431805e-05,0.00015863272473514602,0.00015863272473514602,1.5898295616222563e-09,-1.054452731448636
2.0,21422.458982273587,-5.262064690305548e-05,0.0001571927369492635,0.0001571927369492635,1.5723881165024563e-09,-1.0524129380611096
2.00625,21419.176145232483,-5.2499205785289505e-05,0.00015575599194571197,0.00015575599194571197,1.554986923806666e-09,-1.04998411570579
2.0125,21415.369935742554,-5.2358403689691e-05,0.0001543225873492733,0.0001543225873492733,1.537632400853033e-09,-1.04716807379382
2.0187500000000003,21411.043626747472,-5.2198361691393765e-05,0.0001528926200432434,0.0001528926200432434,1.5203309248285897e-09,-1.0439672338278754
2.025,21406.201310265296,-5.2019231165327295e-05,0.00015146618621184643,0.00015146618621184643,1.5030888227461928e-09,-1.040384623306546
2.03125,21400.847884049024,-5.182119329277228e-05,0.00015004338138354875,0.00015004338138354875,1.4859123615650218e-09,-1.0364238658554457
2.0375,21394.989033262707,-5.160445838348383e-05,0.0001486243004752605,0.0001486243004752605,1.4688077385357622e-09,-1.0320891676696766
2.04375,21388.631207344497,-5.136926501982632e-05,0.00014720903783740653,0.00014720903783740653,1.451781071829471e-09,-1.0273853003965263
2.0500000000000003,21381.78159229187,-5.111587903147966e-05,0.00014579768729984415,0.00014579768729984415,1.4348383915062817e-09,-1.0223175806295932
2.05625,21374.448078649155,-5.084459231125875e-05,0.00014439034221860235,0.00014439034221860235,1.4179856308766145e-09,-1.016891846225175
2.0625,21366.63922553614,-5.055572148439969e-05,0.00014298709552341293,0.00014298709552341293,1.4012286183034596e-09,-1.0111144296879937
2.06875,21358.36422109149,-5.0249606445280074e-05,0.00014158803976600394,0.00014158803976600394,1.3845730694896723e-09,-1.0049921289056014
2.075,21349.63283974889,-4.9926608776926564e-05,0.00014019326716912275,0.00014019326716912275,1.3680245802891351e-09,-0.9985321755385312
2.0812500000000003,21340.455396789668,-4.9587110069801795e-05,0.00013880286967625795,0.00013880286967625795,1.351588620075166e-09,-0.9917422013960359
2.0875,21330.842700643247,-4.923151015723647e-05,0.00013741693900202732,0.00013741693900202732,1.3352705256938052e-09,-0.9846302031447295
2.09375,21320.80600341657,-4.886022528547206e-05,0.00013603556668320224,0.00013603556668320224,1.3190754960236522e-09,-0.9772045057094412
2.1,21310.356950156394,-4.847368623659793e-05,0.0001346588441303389,0.0001346588441303389,1.3030085871578675e-09,-0.9694737247319586
2.10625,21299.507527327154,-4.8072336422708156e-05,0.00013328686267998974,0.00013328686267998974,1.287074708217878e-09,-0.9614467284541631
2.1125000000000003,21288.270011003442,-4.7656629969370824e-05,0.0001319197136474698,0.0001319197136474698,1.2712786178023278e-09,-0.9531325993874165
2.11875,21276.656915248885,-4.722702980601089e-05,0.000130557488380157,0.000130557488380157,1.2556249210689858e-09,-0.9445405961202178
2.125,21264.680941137012,-4.6784005780073175e-05,0.00012920027831130656,0.00012920027831130656,1.2401180674417232e-09,-0.9356801156014635
2.13125,21252.354926846165,-4.632803281087488e-05,0.00012784817501436372,0.00012784817501436372,1.2247623489294096e-09,-0.9265606562174976
2.1375,21239.691799225853,-4.585958909790457e-05,0.0001265012702577627,0.0001265012702577627,1.2095618990386797e-09,-0.9171917819580914
2.1437500000000003,21226.704527196434,-4.5379154397003145e-05,0.00012515965606020186,0.00012515965606020186,1.1945206922580708e-09,-0.9075830879400629
2.15,21213.406077310665,-4.488720837640351e-05,0.00012382342474638957,0.00012382342474638957,1.1796425440870605e-09,-0.8977441675280703
2.15625,21199.809371752886,-4.438422906304139e-05,0.00012249266900325815,0.00012249266900325815,1.1649311115800854e-09,-0.8876845812608278
2.1625,21185.927249017448,-4.387069138791241e-05,0.00012116748193664733,0.00012116748193664733,1.1503898943727095e-09,-0.8774138277582482
2.16875,21171.772427454976,-4.3347065837573244e-05,0.00011984795712846162,0.00011984795712846162,1.136022236154762e-09,-0.8669413167514649
2.1750000000000003,21157.357471834257,-4.281381721719812e-05,0.00011853418869431072,0.00011853418869431072,1.1218313265534672e-09,-0.8562763443439624
2.18125,21142.694763023213,-4.227140352893794e-05,0.00011722627134164503,0.00011722627134164503,1.1078202033883492e-09,-0.8454280705787588
2.1875,21127.796470842706,-4.172027496771453e-05,0.00011592430042840307,0.00011592430042840307,1.0939917552589875e-09,-0.8344054993542906
2.19375,21112.67453010898,-4.1160873035042424e-05,0.00011462837202219174,0.00011462837202219174,1.0803487244265013e-09,-0.8232174607008484
2.2,21097.340619848517,-4.0593629770028345e-05,0.00011333858296002493,0.00011333858296002493,1.0668937099499248e-09,-0.8118725954005669
2.2062500000000003,21081.806145617305,-4.001896709537182e-05,0.00011205503090865046,0.00011205503090865046,1.0536291710393535e-09,-0.8003793419074363
2.2125,21066.08222483985,-3.9437296274994605e-05,0.00011077781442550128,0.00011077781442550128,1.0405574305888636e-09,-0.7887459254998921
2.21875,21050.179675044787,-3.8849017478874095e-05,0.00010950703302031091,0.00010950703302031091,1.0276806788536698e-09,-0.7769803495774819
2.225,21034.109004856455,-3.825451944975198e-05,0.00010824278721744046,0.00010824278721744046,1.0150009772377546e-09,-0.7650903889950396
2.23125,21017.880407574557,-3.765417926564108e-05,0.00010698517861896897,0.00010698517861896897,1.0025202621602162e-09,-0.7530835853128216
2.2375000000000003,21001.50375716241,-3.7048362191458495e-05,0.00010573430996860662,0.00010573430996860662,9.902403489707933e-10,-0.7409672438291699
2.24375,20984.988606454866,-3.6437421612670276e-05,0.0001044902852164954,0.0001044902852164954,9.781629358873845e-10,-0.7287484322534056
2.25,20968.3441873797,-3.582169904353642e-05,0.00010325320958497025,0.00010325320958497025,9.662896079308337e-10,-0.7164339808707285
2.25625,20951.579412993742,-3.520152420238654e-05,0.00010202318963535986,0.00010202318963535986,9.546218408347666e-10,-0.7040304840477308
2.2625,20934.702881123038,-3.4577215146325923e-05,0.00010080033333591357,0.00010080033333591357,9.43161004910776e-10,-0.6915443029265185
2.2687500000000003,20917.722879409106,-3.394907845785686e-05,9.958475013094874e-05,9.958475013094874e-05,9.31908368851752e-10,-0.6789815691571371
2.275,20900.64739155764,-3.331740947608897e-05,9.837655101132073e-05,9.837655101132073e-05,9.208651034585748e-10,-0.6663481895217793
2.28125,20883.484104603907,-3.2682492565489064e-05,9.717584858632468e-05,9.717584858632468e-05,9.100322852777298e-10,-0.6536498513097813
2.2875,20866.240417012552,-3.204460141547302e-05,9.598275715714707e-05,9.598275715714707e-05,8.994109001396199e-10,-0.6408920283094603
2.29375,20848.923447438196,-3.140399936455464e-05,9.47973927919927e-05,9.47973927919927e-05,8.890018465894381e-10,-0.6280799872910928
2.3000000000000003,20831.540043995938,-3.0760939743224254e-05,9.36198734030211e-05,9.36198734030211e-05,8.78805939204389e-10,-0.615218794864485
2.30625,20814.096793891316,-3.011566623022119e-05,9.245031882523474e-05,9.245031882523474e-05,8.688239117928233e-10,-0.6023133246044238
2.3125,20796.600033282837,-2.9468413217375034e-05,9.128885089747066e-05,9.128885089747066e-05,8.590564204724421e-10,-0.5893682643475007
2.31875,20779.05585725982,-2.8819406178710196e-05,9.013559354565531e-05,9.013559354565531e-05,8.495040466261599e-10,-0.5763881235742039
2.325,20761.47012983369,-2.8168862040025827e-05,8.899067286849257e-05,8.899067286849257e-05,8.401672997354674e-10,-0.5633772408005165
2.3312500000000003,20743.848493850906,-2.751698954567025e-05,8.78542172257648e-05,8.78542172257648e-05,8.310466200922254e-10,-0.550339790913405
2.3375,20726.196380759116,-2.6863989619716378e-05,8.672635732943677e-05,8.672635732943677e-05,8.221423813907443e-10,-0.5372797923943275
2.34375,20708.51902015367,-2.6210055719208647e-05,8.560722633776421e-05,8.560722633776421e-05,8.134548932027772e-10,-0.5242011143841729
2.35,20690.821449062885,-2.555537417758444e-05,8.449695995262058e-05,8.449695995262058e-05,8.049844033386853e-10,-0.5111074835516888
2.35625,20673.108520924114,-2.4900124536772962e-05,8.339569652026845e-05,8.339569652026845e-05,7.967311000985251e-10,-0.49800249073545927
2.3625000000000003,20655.384914225724,-2.4244479866838042e-05,8.230357713581631e-05,8.230357713581631e-05,7.886951144171899e-10,-0.48488959733676085
2.36875,20637.655140787938,-2.358860707235722e-05,8.122074575161674e-05,8.122074575161674e-05,7.808765219079983e-10,-0.4717721414471444
2.375,20619.923553673412,-2.2932667185018028e-05,8.014734928987802e-05,8.014734928987802e-05,7.732753448093011e-10,-0.45865334370036054
2.38125,20602.19435471681,-2.2276815642163014e-05,7.90835377597795e-05,7.90835377597795e-05,7.658915538387624e-10,-0.4455363128432603
2.3875,20584.47160167249,-2.1621202551230273e-05,7.802946437939942e-05,7.802946437939942e-05,7.587250699599893e-10,-0.43242405102460546
2.3937500000000003,20566.759214986014,-2.096597294021612e-05,7.698528570278445e-05,7.698528570278445e-05,7.517757660661453e-10,-0.4193194588043224
2.4000000000000004,20549.060984193817,-2.0311266994435305e-05,7.595116175251148e-05,7.595116175251148e-05,7.450434685850879e-10,-0.40622533988870607
2.40625,20531.380573963732,-1.965722027997264e-05,7.492725615811449e-05,7.492725615811449e-05,7.385279590104412e-10,-0.3931444055994528
2.4125,20513.721529788916,-1.900396395431184e-05,7.39137363007726e-05,7.39137363007726e-05,7.322289753628543e-10,-0.3800792790862368
2.41875,20496.087283349872,-1.8351624964695498e-05,7.291077346467906e-05,7.291077346467906e-05,7.261462135855128e-10,-0.36703249929390996
2.4250000000000003,20478.481157561302,-1.770032623481706e-05,7.191854299553508e-05,7.191854299553508e-05,7.202793288777691e-10,-0.3540065246963412
2.4312500000000004,20460.90637131969,-1.705018684047469e-05,7.093722446663551e-05,7.093722446663551e-05,7.146279369705516e-10,-0.3410037368094938
2.4375,20443.36604397193,-1.640132217483035e-05,6.99670018530372e-05,6.99670018530372e-05,7.091916153469979e-10,-0.328026443496607
2.44375,20425.86319951827,-1.5753844103918493e-05,6.900806371432139e-05,6.900806371432139e-05,7.039699044115433e-10,-0.31507688207836987
2.45,20408.40077056956,-1.5107861113039096e-05,6.806060338648175e-05,6.806060338648175e-05,6.989623086104865e-10,-0.3021572222607819
2.4562500000000003,20390.98160207563,-1.4463478444652063e-05,6.712481918348559e-05,6.712481918348559e-05,6.941682975068495e-10,-0.28926956889304123
2.4625000000000004,20373.608454838002,-1.382079822836641e-05,6.620091460906896e-05,6.620091460906896e-05,6.895873068121516e-10,-0.2764159645673282
2.46875,20356.284008826504,-1.3179919603588857e-05,6.528909857933387e-05,6.528909857933387e-05,6.852187393775307e-10,-0.26359839207177715
2.475,20339.01086630995,-1.2540938835365442e-05,6.438958565671783e-05,6.438958565671783e-05,6.810619661464685e-10,-0.25081877670730884
2.48125,20321.79155481823,-1.1903949423916174e-05,6.35025962959011e-05,6.35025962959011e-05,6.771163270712094e-10,-0.23807898847832348
2.4875000000000003,20304.628529943322,-1.1269042208329312e-05,6.262835710220245e-05,6.262835710220245e-05,6.733811319948092e-10,-0.22538084416658624
2.4937500000000004,20287.524177998657,-1.0636305464847196e-05,6.176710110299171e-05,6.176710110299171e-05,6.698556615006069e-10,-0.2127261092969439
2.5,20270.480818539003,-1.0005825000143211e-05,6.09190680326117e-05,6.09190680326117e-05,6.665391677307786e-10,-0.20011650000286424
2.50625,20253.500706757055,-9.377684239956885e-06,6.008450463125459e-05,6.008450463125459e-05,6.634308751755131e-10,-0.1875536847991377
2.5125,20236.586035762455,-8.751964313424156e-06,5.926366495817537e-05,5.926366495817537e-05,6.605299814342358e-10,-0.1750392862684831
2.5187500000000003,20219.738938754526,-8.128744133410899e-06,5.845681071954665e-05,5.845681071954665e-05,6.578356579502052e-10,-0.16257488266821798
2.5250000000000004,20202.96149109249,-7.5081004731316345e-06,5.766421161116273e-05,5.766421161116273e-05,6.553470507197139e-10,-0.1501620094626327
2.53125,20186.2557122737,-6.890108039310362e-06,5.688614567608471e-05,5.688614567608471e-05,6.5306328097704e-10,-0.13780216078620725
2.5375,20169.62356782373,-6.274839542118137e-06,5.612289967718155e-05,5.612289967718155e-05,6.509834458562169e-10,-0.12549679084236273
2.54375,20153.06697110592,-5.6623657621012606e-06,5.537476948436202e-05,5.537476948436202e-05,6.491066190306199e-10,-0.1132473152420252
2.5500000000000003,20136.58778505511,-5.052755614295234e-06,5.46420604761082e-05,5.46420604761082e-05,6.474318513313012e-10,-0.10105511228590468
2.5562500000000004,20120.18782383812,-4.44607620970289e-06,5.392508795471093e-05,5.392508795471093e-05,6.459581713449481e-10,-0.0889215241940578
2.5625,20103.86885444987,-3.842392914299419e-06,5.322417757437086e-05,5.322417757437086e-05,6.446845859922836e-10,-0.07684785828598838
2.56875,20087.632598245567,-3.2417694057135244e-06,5.2539665781063553e-05,5.2539665781063553e-05,6.436100810876791e-10,-0.06483538811427049
2.575,20071.48073241338,-2.644267727721446e-06,5.187190026277271e-05,5.187190026277271e-05,6.42733621880705e-10,-0.05288535455442892
2.5812500000000003,20055.414891391792,-2.049948342679371e-06,5.1221240408373225e-05,5.1221240408373225e-05,6.420541535803032e-10,-0.04099896685358742
2.5875000000000004,20039.43666823509,-1.4588701820096883e-06,5.05880577730924e-05,5.05880577730924e-05,6.415706018622235e-10,-0.029177403640193767
2.59375,20023.54761592737,-8.710906948476399e-07,4.997273654809654e-05,4.997273654809654e-05,6.412818733603383e-10,-0.017421813896952798
2.6,20007.749248651166,-2.866658949465605e-07,4.9375674031340305e-05,4.9375674031340305e-05,6.411868561424078e-10,-0.00573331789893121
2.60625,19992.043043010657,2.9434959406735023e-07,4.879728109637962e-05,4.879728109637962e-05,6.412844201708474e-10,0.005886991881347004
2.6125000000000003,19976.430439212872,8.719024950064636e-07,4.823798265538786e-05,4.823798265538786e-05,6.415734177490127e-10,0.017438049900129274
2.6187500000000004,19960.912842208014,1.4459408349211783e-06,4.769821811213147e-05,4.769821811213147e-05,6.420526839534973e-10,0.028918816698423565
2.625,19945.491622792015,2.016413904314683e-06,4.7178441800159493e-05,4.7178441800159493e-05,6.427210370529129e-10,0.040328278086293655
2.63125,19930.168118673057,2.5832722177054186e-06,4.667912340094478e-05,4.667912340094478e-05,6.435772789135958e-10,0.05166544435410837
2.6375,19914.94363550266,3.1464674754740667e-06,4.6200748336188526e-05,4.6200748336188526e-05,6.446201953926696e-10,0.06292934950948133
2.6437500000000003,19899.819447874106,3.705952526936201e-06,4.5743818127970554e-05,4.5743818127970554e-05,6.458485567188659e-10,0.07411905053872402
2.6500000000000004,19884.796800288485,4.261681334585467e-06,4.530885071990025e-05,4.5638995205713004e-05,6.472611178614947e-10,0.08523362669170934
2.65625,19869.87690809179,4.813608939455861e-06,4.4896380751907256e-05,4.580652313337145e-05,6.488566188879335e-10,0.09627217878911722
2.6625,19855.06095838172,5.361691427554706e-06,4.4506959780812955e-05,4.5997274655856855e-05,6.506337853099899e-10,0.10723382855109412
2.66875,19840.35011088781,5.905885897321119e-06,4.414115643835425e-05,4.62084246632043e-05,6.525913284194789e-10,0.11811771794642238
2.6750000000000003,19825.745498824,6.446150428067322e-06,4.3799556517898597e-05,4.643762318593092e-05,6.54727945613339e-10,0.12892300856134645
2.6812500000000004,19811.24822971683,6.982444049362897e-06,4.3482762980705445e-05,4.668460288299896e-05,6.570423207086016e-10,0.13964888098725795
2.6875,19796.85938620802,7.51472671132425e-06,4.319139587226428e-05,4.694727354067785e-05,6.595331242475115e-10,0.150294534226485
2.69375,19782.580026834752,8.042959255773852e-06,4.292609213898493e-05,4.7226458340523634e-05,6.621990137930887e-10,0.16085918511547703
2.7,19768.411186786045,8.567103388235679e-06,4.2687505335343936e-05,4.752074144139678e-05,6.65038634215408e-10,0.17134206776471358
2.7062500000000003,19754.353878638478,9.08712165073533e-06,4.2476305211512644e-05,4.782900263317037e-05,6.68050617968862e-10,0.1817424330147066
2.7125000000000004,19740.409093070484,9.60297739537478e-06,4.2293177171520446e-05,4.815090876868017e-05,6.71233585360667e-10,0.1920595479074956
2.71875,19726.577799555736,1.0114634758653398e-05,4.213882159215165e-05,4.848613212766825e-05,6.745861448108556e-10,0.20229269517306797
2.725,19712.86094703957,1.0622058636508534e-05,4.201395299304689e-05,4.8834351024560446e-05,6.781068931039976e-10,0.21244117273017069
2.73125,19699.259464593182,1.1125214660049775e-05,4.191929904889097e-05,4.919525034961008e-05,6.817944156328775e-10,0.2225042932009955
2.7375000000000003,19685.774262052273,1.1624069171962872e-05,4.185559943512651e-05,4.956852204419099e-05,6.856472866343509e-10,0.23248138343925745
2.7437500000000004,19672.40623063745,1.2118589203560004e-05,4.18236044993445e-05,4.995404767089051e-05,6.896640694175937e-10,0.24237178407120008
2.75,19659.156243558034,1.2608742452454394e-05,4.182407375137534e-05,5.035356803332918e-05,6.938433165849524e-10,0.2521748490490879
2.75625,19646.025156598113,1.3094497260838014e-05,4.185777416614028e-05,5.076642443362623e-05,6.981835702455933e-10,0.2618899452167603
2.7625,19633.013808689328,1.3575822594342407e-05,4.1925478294526485e-05,5.1191648908236124e-05,7.026833622221456e-10,0.27151645188684814
2.7687500000000003,19620.12302246627,1.4052688021463097e-05,4.2027962178917266e-05,5.162956310861385e-05,7.073412142505247e-10,0.28105376042926195
2.7750000000000004,19607.35360480826,1.4525063693529145e-05,4.21660030715412e-05,5.207975959129362e-05,7.121556381731159e-10,0.2905012738705829
2.78125,19594.706347366486,1.4992920325199967e-05,4.234037695549178e-05,5.254131390911068e-05,7.171251361254933e-10,0.2998584065039993
2.7875,19582.182027077288,1.5456229175472313e-05,4.2551855870106225e-05,5.301390411384981e-05,7.222482007168448e-10,0.30912458350944627
2.79375,19569.781406662634,1.5914962029180944e-05,4.280120504436467e-05,5.349727512626405e-05,7.275233152042636e-10,0.3182992405836189
2.8000000000000003,19557.505235116714,1.636909117897699e-05,4.308917984406555e-05,5.39979532532306e-05,7.329489536610678e-10,0.32738182357953977
2.8062500000000004,19545.354248181062,1.6818589407768798e-05,4.3416522540729625e-05,5.451209805159571e-05,7.385235811392986e-10,0.33637178815537594
2.8125,19533.32916880705,1.726342997161037e-05,4.378395891246556e-05,5.5038780978385664e-05,7.442456538265477e-10,0.3452685994322074
2.81875,19521.430707606683,1.7703586583023118e-05,4.4192194689366516e-05,5.557621657419549e-05,7.501136191972565e-10,0.35407173166046235
2.825,19509.65956329211,1.813903339473709e-05,4.4641911858376826e-05,5.612404049205794e-05,7.561259161586257e-10,0.3627806678947418
2.8312500000000003,19498.016423103887,1.8569744983838248e-05,4.5133764844938106e-05,5.669079260121644e-05,7.622809751912711e-10,0.371394899676765
2.8375000000000004,19486.501963229435,1.8995696336308978e-05,4.566837659106569e-05,5.727173671194753e-05,7.685772184847545e-10,0.3799139267261796
2.84375,19475.116849210182,1.94168628319491e-05,4.624633455178491e-05,5.7865560671839504e-05,7.750130600681171e-10,0.388337256638982
2.85,19463.8617363396,1.9833220229665486e-05,4.68681866340383e-05,5.8469752059252146e-05,7.815869059355371e-10,0.3966644045933097
2.85625,19452.73727005079,2.0244744653118323e-05,4.753443710422352e-05,5.9091359505502706e-05,7.882971541672293e-10,0.4048948930623665
2.8625000000000003,19441.74408629563,2.0651412576712858e-05,4.8245542492402565e-05,5.973027474756986e-05,7.951421950457019e-10,0.41302825153425715
2.8687500000000004,19430.882811914056,2.1053200811925485e-05,4.900190752290045e-05,6.038233346355292e-05,8.021204111674806e-10,0.4210640162385097
2.875,19420.15406499493,2.1450086493953692e-05,4.980388110245035e-05,6.104654758658382e-05,8.092301775504084e-10,0.42900172987907387
2.88125,19409.55845522898,2.184204706867959e-05,5.0651752398211836e-05,6.173234690971121e-05,8.164698617366236e-10,0.4368409413735918
2.8875,19399.096584252256,2.2229060279937106e-05,5.1545747038856415e-05,6.243419097454997e-05,8.23837823891318e-10,0.4445812055987421
2.8937500000000003,19388.769045982604,2.2611104157073334e-05,5.248602347245425e-05,6.314741019150352e-05,8.31332416897372e-10,0.45222208314146667
2.9000000000000004,19378.576426949083,2.298815700279504e-05,5.3472669515082953e-05,6.388421026960267e-05,8.389519864459614e-10,0.4597631400559008
2.90625,19368.519306611295,2.3360197381291185e-05,5.450569912389414e-05,6.463840082255421e-05,8.466948711232273e-10,0.46720394762582373
2.9125,19358.598257674523,2.3727204106623396e-05,5.558504942780049e-05,6.54067894917761e-05,8.54559402493098e-10,0.4745440821324679
2.91875,19348.813846396624,2.4089156231376116e-05,5.671057804797585e-05,6.619980405031078e-05,8.625439051763487e-10,0.4817831246275223
2.9250000000000003,19339.16663288715,2.4446033035558626e-05,5.7882060738988545e-05,6.701074812747404e-05,8.706466969259834e-10,0.4889206607111725
2.9312500000000004,19329.657171401785,2.4797814015751797e-05,5.909918937961574e-05,6.784158968544711e-05,8.788660886990182e-10,0.49595628031503597
2.9375,19320.286010627806,2.5144478874492125e-05,6.0361570340220805e-05,6.86971874089493e-05,8.872003847247472e-10,0.5028895774898425
2.94375,19311.05369396661,2.5486007509886914e-05,6.16687232510313e-05,6.957130082383396e-05,8.956478825695655e-10,0.5097201501977383
2.95,19301.96075980736,2.5822380005453602e-05,6.302008019275168e-05,7.047415440677597e-05,9.042068731984244e-10,0.5164476001090721
2.9562500000000003,19293.007741795587,2.6153576620177613e-05,6.441498532770907e-05,7.139797280025244e-05,9.128756410329913e-10,0.5230715324035523
2.9625000000000004,19284.195169096864,2.6479577778782763e-05,6.585269498619265e-05,7.235157383647401e-05,9.216524640065853e-10,0.5295915555756553
2.96875,19275.52356665361,2.6800364062208783e-05,6.733237821884871e-05,7.332995315377276e-05,9.305356136159553e-10,0.5360072812441756
2.975,19266.993455437427,2.711591619829087e-05,6.885311782197185e-05,7.434065355727599e-05,9.395233549699699e-10,0.5423183239658174
2.98125,19258.60535269581,2.7426215052636084e-05,7.041391183834038e-05,7.53813735423173e-05,9.486139468352822e-10,0.5485243010527217
2.9875000000000003,19250.35977219326,2.7731241619692166e-05,7.201367553192745e-05,7.645456322222358e-05,9.578056416790354e-10,0.5546248323938433
2.9937500000000004,19242.25722444739,2.8030977014004077e-05,7.365124383043557e-05,7.75675877510629e-05,9.670966857086697e-10,0.5606195402800815
3.0,19234.298216961462,2.8325402461654166e-05,7.532537422520578e-05,7.871810097362656e-05,9.764853189088917e-10,0.5665080492330833
3.00625,19226.48325444947,2.861449929188162e-05,7.703475011370114e-05,7.991072235843132e-05,9.85969775075867e-10,0.5722899858376324
3.0125,19218.8128390589,2.889824892887751e-05,7.877798456551541e-05,8.115092846386542e-05,9.955482818486917e-10,0.5779649785775502
3.0187500000000003,19211.28747058778,2.917663288375146e-05,8.055362448876968e-05,8.24428911683801e-05,1.0052190607382032e-09,0.5835326576750293
3.0250000000000004,19203.907646697156,2.9449632746666232e-05,8.23601551698848e-05,8.379379217937165e-05,1.0149803271531818e-09,0.5889926549333246
3.03125,19196.673863118634,2.9717230179136626e-05,8.419600515611268e-05,8.520941661311104e-05,1.0248302904240017e-09,0.5943446035827326
3.0375,19189.58661385978,2.9979406906489303e-05,8.605955144692028e-05,8.670280218929897e-05,1.0347671538237812e-09,0.5995881381297861
3.04375,19182.646391401988,3.0236144710479822e-05,8.794912495739348e-05,8.828530343784008e-05,1.0447891145870865e-09,0.6047228942095965
3.0500000000000003,19175.85368689724,3.0487425422063626e-05,8.986301621430325e-05,8.997617557721057e-05,1.0548943639262397e-09,0.6097485084412725
3.0562500000000004,19169.208990358387,3.073323091431749e-05,9.1799481243387e-05,9.180400820983197e-05,1.06508108704528e-09,0.6146646182863499
3.0625,19162.712790847305,3.097354309550808e-05,9.375674760477126e-05,9.375674760477126e-05,1.0753474631516273e-09,0.6194708619101617
3.06875,19156.365576657983,3.120834390230428e-05,9.573302053231887e-05,9.573302053231887e-05,1.0856916654654966e-09,0.6241668780460856
3.075,19150.16783549643,3.143761529312976e-05,9.772648913203641e-05,9.772648913203641e-05,1.0961118612271089e-09,0.6287523058625951
3.0812500000000003,19144.12005465646,3.1661339241652674e-05,9.97353325945331e-05,9.97353325945331e-05,1.1066062117017434e-09,0.6332267848330535
3.0875000000000004,19138.222721192178,3.1879497730408894e-05,0.00010175772637687789,0.00010175772637687789,1.1171728721826777e-09,0.6375899546081779
3.09375,19132.47632208706,3.209207274455556e-05,0.00010379184831004624,0.00010379184831004624,1.127809991992056e-09,0.6418414548911112
3.1,19126.88134441848,3.2299046265751515e-05,0.00010583588458947023,0.00010583588458947023,1.13851571447973e-09,0.6459809253150303
3.10625,19121.43827552169,3.250040026616147e-05,0.00010788803560797416,0.00010788803560797416,1.1492881770201112e-09,0.6500080053232293
3.1125000000000003,19116.1476031457,3.269611670258022e-05,0.00010994652159257144,0.00010994652159257144,1.1601255110070774e-09,0.6539223340516044
3.1187500000000004,19111.009815612455,3.28861775106743e-05,0.00011200958800917331,0.00011200958800917331,1.1710258418469691e-09,0.657723550213486
3.125,19106.02540196657,3.307056459933726e-05,0.00011407551070218141,0.00011407551070218141,1.1819872889497156e-09,0.6614112919867452
3.13125,19101.194852126075,3.324925984515571e-05,0.00011614260073915542,0.00011614260073915542,1.1930079657181265e-09,0.6649851969031141
3.1375,19096.518657029275,3.342224508698328e-05,0.0001182092089342161,0.0001182092089342161,1.2040859795353849e-09,0.6684449017396656
3.1437500000000003,19091.99730877829,3.358950212061922e-05,0.00012027373002751268,0.00012027373002751268,1.215219431750777e-09,0.6717900424123844
3.1500000000000004,19087.631300779867,3.375101269358918e-05,0.00012233460650189746,0.00012233460650189746,1.2264064176636911e-09,0.6750202538717835
3.15625,19083.421127884805,3.3906758500025264e-05,0.00012439033202185583,0.00012439033202185583,1.2376450265059204e-09,0.6781351700005053
3.1625,19079.36728652225,3.4056721175643143e-05,0.0001264394544836855,0.0001264394544836855,1.2489333414223002e-09,0.6811344235128629
3.16875,19075.470274834246,3.4200882292813676e-05,0.0001284805786698469,0.0001284805786698469,1.260269439449712e-09,0.6840176458562736
3.1750000000000003,19071.730592805594,3.4339223355727195e-05,0.00013051236850427478,0.00013051236850427478,1.2716513914944842e-09,0.6867844671145439
3.1812500000000004,19068.148742392612,3.44717257956485e-05,0.0001325335489091911,0.0001325335489091911,1.2830772623082215e-09,0.68943451591297
3.1875,19064.725227648723,3.459837096626097e-05,0.00013454290726755693,0.00013454290726755693,1.2945451104620891e-09,0.6919674193252193
3.19375,19061.460554848312,3.471914013909848e-05,0.00013653929449869938,0.00013653929449869938,1.3060529883195842e-09,0.6943828027819695
3.2,19058.35523260736,3.483401449906417e-05,0.0001385216257578135,0.0001385216257578135,1.3175989420078212e-09,0.6966802899812835
3.2062500000000003,19055.4097720023,3.49429751400353e-05,0.000140488880772941,0.000140488880772941,1.329181011387361e-09,0.698859502800706
3.2125000000000004,19052.624686687213,3.5046003060553814e-05,0.00014244010383563936,0.00014244010383563936,1.3407972300206121e-09,0.7009200612110763
3.21875,19050.00049300682,3.514307915960269e-05,0.0001443744034638558,0.0001443744034638558,1.3524456251388297e-09,0.7028615831920538
3.225,19047.53771010969,3.5234184232468604e-05,0.0001462909517574984,0.0001462909517574984,1.364124217607746e-09,0.704683684649372
3.23125,19045.23686005651,3.5319298966691496e-05,0.00014818898346884293,0.00014818898346884293,1.3758310218918566e-09,0.70638597933383
3.2375000000000003,19043.09846792829,3.539840393810262e-05,0.00015006779481121946,0.00015006779481121946,1.387564046017394e-09,0.7079680787620524
3.2437500000000004,19041.123061929666,3.547147960695278e-05,0.0001519267420303995,0.0001519267420303995,1.3993212915340174e-09,0.7094295921390555
3.25,19039.311173492435,3.553850631413322e-05,0.00015376523976374783,0.00015376523976374783,1.411100753475251e-09,0.7107701262826644
3.25625,19037.663337374444,3.55994642774922e-05,0.00015558275921253293,0.00015558275921253293,1.4229004203176991e-09,0.711989285549844
3.2625,19036.180091756338,3.565433358825068e-05,0.0001573788261528175,0.0001573788261528175,1.434718273939077e-09,0.7130866717650136
3.2687500000000003,19034.861978335957,3.570309420752187e-05,0.0001591530188100936,0.0001591530188100936,1.4465522895750837e-09,0.7140618841504374
3.2750000000000004,19033.709542420034,3.574572596293952e-05,0.00016090496562231238,0.00016090496562231238,1.4584004357751605e-09,0.7149145192587905
3.28125,19032.723333010224,3.578220854540114e-05,0.00016263434291520298,0.00016263434291520298,1.4702606743571688e-09,0.7156441709080228
3.2875,19031.90390289055,3.581252150593314e-05,0.0001643408725128136,0.0001643408725128136,1.4821309603610286e-09,0.7162504301186627
3.29375,19031.251808706773,3.5836644252686085e-05,0.00016602431930505998,0.00016602431930505998,1.4940092420013619e-09,0.7167328850537217
3.3000000000000003,19030.767611044215,3.5854556048069195e-05,0.00016768448879276663,0.00016768448879276663,1.505893460619185e-09,0.7170911209613839
3.3062500000000004,19030.451874501712,3.586623600603487e-05,0.00016932122462925845,0.00016932122462925845,1.5177815506327026e-09,0.7173247201206974
3.3125,19030.305167759805,3.5871663089525226e-05,0.00017093440617603692,0.00017093440617603692,1.5296714394872536e-09,0.7174332617905045
3.31875,19030.32806364612,3.587081610809439e-05,0.00017252394608848018,0.00017252394608848018,1.5415610476044704e-09,0.7174163221618878
3.325,19030.52113919313,3.586367371572199e-05,0.00017408978794586876,0.00017408978794586876,1.553448288330712e-09,0.7172734743144398
3.3312500000000003,19030.884975692534,3.585021440883555e-05,0.00017563190393838244,0.00017563190393838244,1.565331067884843e-09,0.717004288176711
3.3375000000000004,19031.42015874294,3.583041652456131e-05,0.0001771502926220628,0.0001771502926220628,1.5772072853054317e-09,0.7166083304912262
3.34375,19032.12727828863,3.580425823922578e-05,0.00017864497675110924,0.00017864497675110924,1.5890748323974523e-09,0.7160851647845156
3.35,19033.006928654708,3.577171756713295e-05,0.00018011600119529695,0.00018011600119529695,1.6009315936785818e-09,0.715434351342659
3.35625,19034.05970857031,3.5732772359645075e-05,0.00018156343094878543,0.00018156343094878543,1.6127754463251913e-09,0.7146554471929015
3.3625000000000003,19035.2862211855,3.5687400304598245e-05,0.00018298734923514283,0.00018298734923514283,1.6246042601181445e-09,0.7137480060919649
3.3687500000000004,19036.687074076475,3.563557892608758e-05,0.00018438785571205473,0.00018438785571205473,1.636415897388525e-09,0.7127115785217515
3.375,19038.262879240367,3.557728558466097e-05,0.00018576506477792747,0.00018576506477792747,1.648208212963427e-09,0.7115457116932193
3.38125,19040.014253078232,3.551249747796467e-05,0.0001871191039814392,0.0001871191039814392,1.659979054111961e-09,0.7102499495592933
3.3875,19041.941816363404,3.544119164188847e-05,0.0001884501125340447,0.0001884501125340447,1.6717262604916382e-09,0.7088238328377694
3.3937500000000003,19044.046194196315,3.5363344952264087e-05,0.0001897582399245029,0.0001897582399245029,1.6834476640953186e-09,0.7072668990452817
3.4000000000000004,19046.328015941606,3.5278934127175266e-05,0.00019104364463367154,0.00019104364463367154,1.6951410891989245e-09,0.7055786825435053
3.40625,19048.787915146975,3.518793572994479e-05,0.0001923064929470975,0.0001923064929470975,1.7068043523101435e-09,0.7037587145988958
3.4125,19051.426529443786,3.5090326172870056e-05,0.00019354695786232516,0.00019354695786232516,1.7184352621183704e-09,0.7018065234574011
3.41875,19054.244500421362,3.498608172178573e-05,0.00019476521808734108,0.00019476521808734108,1.7300316194461617e-09,0.6997216344357147
3.4250000000000003,19057.24247348113,3.487517850154008e-05,0.0001959614571261694,0.0001959614571261694,1.741591217202504e-09,0.6975035700308017
3.4312500000000004,19060.421097659953,3.475759250247943e-05,0.0001971358624473192,0.0001971358624473192,1.753111840338233e-09,0.6951518500495887
3.4375,19063.781025425575,3.4633299588043926e-05,0.0001982886247305592,0.0001982886247305592,1.7645912658039695e-09,0.6926659917608785
3.44375,19067.3229124375,3.4502275503587116e-05,0.0001994199371873476,0.0001994199371873476,1.7760272625109786e-09,0.6900455100717423
3.45,19071.04741727315,3.436449588654166e-05,0.00020052999495016728,0.00020052999495016728,1.7874175912953994e-09,0.6872899177308331
3.4562500000000003,19074.955201111923,3.42199362780633e-05,0.00020161899452600222,0.00020161899452600222,1.7987600048863322e-09,0.6843987255612659
3.4625000000000004,19079.04692737778,3.406857213629663e-05,0.00020268713330923453,0.00020268713330923453,1.8100522478783252e-09,0.6813714427259326
3.46875,19083.323261331298,3.391037885141681e-05,0.00020373460914932772,0.00020373460914932772,1.8212920567088447e-09,0.6782075770283362
3.475,19087.784869612144,3.3745331762613085e-05,0.0002047616199687941,0.0002047616199687941,1.832477159641376e-09,0.6749066352522617
3.48125,19092.432419721365,3.357340617719216e-05,0.0002057683634271041,0.0002057683634271041,1.8436052767548556e-09,0.6714681235438432
3.4875000000000003,19097.26657944332,3.3394577391991206e-05,0.00020675503662638734,0.00020675503662638734,1.8546741199402005e-09,0.6678915478398241
3.4937500000000004,19102.28801619826,3.3208820717303e-05,0.0002077218358549823,0.0002077218358549823,1.865681392904769e-09,0.66417641434606
3.5,19107.49739632262,3.301611150352822e-05,0.0002086689563651179,0.0002086689563651179,1.8766247911856548e-09,0.6603222300705645
3.50625,19112.895384267704,3.281642517078195e-05,0.0002095965921812422,0.0002095965921812422,1.8875020021727927e-09,0.656328503415639
3.5125,19118.482641714294,3.2609737241694436e-05,0.00021050493593575512,0.00021050493593575512,1.8983107051429397e-09,0.6521947448338887
3.5187500000000003,19124.259826592024,3.239602337765767e-05,0.00021139417872913967,0.00021139417872913967,1.9090485713056676e-09,0.6479204675531535
3.5250000000000004,19130.227591998682,3.217525941878126e-05,0.00021226451001172666,0.00021226451001172666,1.9197132638626003e-09,0.6435051883756252
3.53125,19136.386585013868,3.194742142783206e-05,0.00021311611748455915,0.00021311611748455915,1.9303024380812147e-09,0.6389484285566412
3.5375,19142.73744539464,3.171248573844233e-05,0.00021394918701704913,0.00021394918701704913,1.9408137413846215e-09,0.6342497147688466
3.54375,19149.280804149592,3.1470429007880255e-05,0.00021476390257933514,0.00021476390257933514,1.9512448134588347e-09,0.6294085801576051
3.5500000000000003,19156.017281980738,3.122122827468498e-05,0.00021556044618745447,0.00021556044618745447,1.9615932863791484e-09,0.6244245654936996
3.5562500000000004,19162.94748758563,3.0964861021474696e-05,0.0002163389978596368,0.0002163389978596368,1.9718567847573283e-09,0.619297220429494
3.5625,19170.072015810423,3.0701305243241324e-05,0.00021709973558220783,0.00021709973558220783,1.982032925911441e-09,0.6140261048648264
3.56875,19177.391445648875,3.043053952144849e-05,0.00021784283528375839,0.00021784283528375839,1.992119320060245e-09,0.6086107904289698
3.575,19184.906338071614,3.0152543104249794e-05,0.00021856847081638941,0.00021856847081638941,2.0021135705441676e-09,0.6030508620849959
3.5812500000000003,19192.61723368465,2.986729599314325e-05,0.00021927681394298532,0.00021927681394298532,2.012013274075007e-09,0.597345919862865
3.5875000000000004,19200.524650204774,2.957477903637289e-05,0.00021996803432959677,0.00021996803432959677,2.0218160210165913e-09,0.5914955807274578
3.59375,19208.629079743907,2.927497402938127e-05,0.0002206422995421305,0.0002206422995421305,2.031519395698733e-09,0.5854994805876255
3.6,19216.930985894513,2.896786382260557e-05,0.00022129977504664914,0.00022129977504664914,2.041120976766914e-09,0.5793572764521114
3.60625,19225.430800610487,2.865343243689593e-05,0.00022194062421267762,0.00022194062421267762,2.050618337570226e-09,0.5730686487379186
3.6125000000000003,19234.128920873572,2.833166518681619e-05,0.00022256500831899608,0.00022256500831899608,2.0600090465901815e-09,0.5666333037363238
3.6187500000000004,19243.025705140382,2.800254881206482e-05,0.0002231730865614734,0.0002231730865614734,2.0692906679130807e-09,0.5600509762412964
3.625,19252.1214695656,2.7666071617227627e-05,0.0002237650160625596,0.0002237650160625596,2.078460761748706e-09,0.5533214323445526
3.63125,19261.41648399274,2.7322223620041958e-05,0.00022434095188211383,0.00022434095188211383,2.087516884998156e-09,0.5464444724008392
3.6375,19270.910967713535,2.6970996708317047e-05,0.00022490104702929195,0.00022490104702929195,2.0964565918736926e-09,0.5394199341663409
3.6437500000000003,19280.605084988467,2.661238480561379e-05,0.00022544545247526289,0.00022544545247526289,2.105277434573503e-09,0.5322476961122758
3.6500000000000004,19290.498940329016,2.6246384045741737e-05,0.00022597431716655774,0.00022597431716655774,2.1139769640143016e-09,0.5249276809148348
3.65625,19300.592573544476,2.5872992956080812e-05,0.00022648778803888915,0.00022648778803888915,2.1225527306246937e-09,0.5174598591216162
3.6625,19310.885954545818,2.549221264967869e-05,0.00022698601003130406,0.00022698601003130406,2.1310022852022113e-09,0.5098442529935738
3.66875,19321.378977921377,2.5104047026014937e-05,0.00022746912610055638,0.00022746912610055638,2.139323179836893e-09,0.5020809405202987
3.6750000000000003,19332.071457278616,2.470850298025671e-05,0.00022793727723560586,0.00022793727723560586,2.1475129689042247e-09,0.4941700596051342
3.6812500000000004,19342.963119364988,2.4305590620760736e-05,0.00022839060247216425,0.00022839060247216425,2.1555692101301703e-09,0.48611181241521473
3.6875,19354.053597974325,2.3895323494501495e-05,0.00022882923890722503,0.00022882923890722503,2.163489465730924e-09,0.4779064698900299
3.69375,19365.34242764881,2.3477718820026033e-05,0.00022925332171352302,0.00022925332171352302,2.1712713036298762e-09,0.46955437640052067
3.7,19376.829037192056,2.3052797727453453e-05,0.0002296629841538794,0.0002296629841538794,2.178912298754128e-09,0.46105595454906906
3.7062500000000003,19388.51274300589,2.2620585504950273e-05,0.0002300583575953959,0.0002300583575953959,2.1864100344127034e-09,0.45241171009900544
3.7125000000000004,19400.392742270287,2.2181111851023777e-05,0.00023043957152346677,0.00023043957152346677,2.1937621037583827e-09,0.44362223702047554
3.71875,19412.468105986332,2.1734411131884185e-05,0.00023080675355558375,0.00023080675355558375,2.2009661113348445e-09,0.4346882226376837
3.725,19424.73777190487,2.1280522643032906e-05,0.00023116002945491136,0.00023116002945491136,2.208019674710508e-09,0.42561045286065813
3.73125,19437.200537366167,2.0819490874140487e-05,0.00023149952314361393,0.00023149952314361393,2.214920426200175e-09,0.41638981748280973
3.7375000000000003,19449.85505207879,2.035136577618361e-05,0.0002318253567159185,0.0002318253567159185,2.221666014675213e-09,0.40702731552367216
3.7437500000000004,19462.699810867078,1.9876203029717103e-05,0.0002321376504508979,0.0002321376504508979,2.22825410746266e-09,0.3975240605943421
3.75,19475.73314642186,1.939406431306587e-05,0.0002324365228249624,0.0002324365228249624,2.234682392333224e-09,0.3878812862613174
3.75625,19488.953222088152,1.890501756913218e-05,0.00023272209052404669,0.00023272209052404669,2.2409485795777165e-09,0.3781003513826436
3.7625,19502.358024726564,1.840913726942921e-05,0.00023299446845548115,0.00023299446845548115,2.2470504041710013e-09,0.3681827453885842
3.7687500000000003,19515.945357692188,1.7906504673871596e-05,0.0002332537697595376,0.0002332537697595376,2.2529856280220526e-09,0.3581300934774319
3.7750000000000004,19529.712833966958,1.739720808477897e-05,0.00023350010582063867,0.00023350010582063867,2.258752042308206e-09,0.3479441616955794
3.78125,19543.657869493753,1.6881343093481868e-05,0.00023373358627822076,0.00023373358627822076,2.2643474698911456e-09,0.33762686186963736
3.7875,19557.777676755923,1.635901281785979e-05,0.0002339543190372421,0.0002339543190372421,2.269769767811627e-09,0.32718025635719583
3.79375,19572.069258646025,1.5830328129091514e-05,0.00023416241027832601,0.00023416241027832601,2.2750168298593557e-09,0.3166065625818303
3.8000000000000003,19586.529402677355,1.5295407865858243e-05,0.00023435796446753031,0.00023435796446753031,2.2800865892138695e-09,0.30590815731716486
3.8062500000000004,19601.15467557961,1.4754379034211605e-05,0.00023454108436573524,0.00023454108436573524,2.2849770211516605e-09,0.2950875806842321
3.8125,19615.941418332688,1.4207376991302607e-05,0.00023471187103764088,0.00023471187103764088,2.289686145814203e-09,0.2841475398260521
3.81875,19630.885741685623,1.3654545611164798e-05,0.00023487042386036652,0.00023487042386036652,2.2942120310309258e-09,0.27309091222329596
3.825,19645.98352220813,1.3096037430755726e-05,0.00023501684053164477,0.00023501684053164477,2.2985527951905946e-09,0.26192074861511455
3.8312500000000003,19661.2303989247,1.2532013774486491e-05,0.00023515121707760414,0.00023515121707760414,2.302706610153968e-09,0.25064027548972984
3.8375000000000004,19676.621770576272,1.1962644855510083e-05,0.00023527364786013295,0.00023527364786013295,2.306671704200026e-09,0.23925289711020167
3.84375,19692.15279355556,1.1388109852095519e-05,0.0002353842255838207,0.0002353842255838207,2.310446364997517e-09,0.2277621970419104
3.85,19707.818380559802,1.0808596957487415e-05,0.0002354830413024711,0.0002354830413024711,2.3140289425930255e-09,0.2161719391497483
3.85625,19723.6131999999,1.0224303401738843e-05,0.00023557018442518462,0.00023557018442518462,2.317417852406281e-09,0.20448606803477684
3.8625000000000003,19739.53167620667,9.635435444110094e-06,0.00023564574272200668,0.00023564574272200668,2.3206115782229446e-09,0.19270870888220187
3.8687500000000004,19755.567990465424,9.042208334746136e-06,0.00023570980232914148,0.00023570980232914148,2.3236086751746947e-09,0.18084416669492273
3.875,19771.716082915602,8.444846244481706e-06,0.0002357624477537301,0.0002357624477537301,2.3264077726960465e-09,0.16889692488963412
3.88125,19787.969655334535,7.843582161773232e-06,0.00023580376187819484,0.00023580376187819484,2.3290075774470075e-09,0.15687164323546463
3.8875,19804.322174836772,7.238657755922365e-06,0.00023583382596415202,0.00023583382596415202,2.3314068761903987e-09,0.1447731551184473
3.8937500000000003,19820.766878499464,6.630323205933449e-06,0.0002358527196558963,0.0002358527196558963,2.333604538612449e-09,0.13260646411866897
3.9000000000000004,19837.296778930737,6.018836994537895e-06,0.00023586052098346314,0.00023586052098346314,2.3355995200751184e-09,0.1203767398907579
3.90625,19853.90467078624,5.404465667119379e-06,0.00023585730636527447,0.00023585730636527447,2.3373908642885138e-09,0.10808931334238758
3.9125,19870.58313823685,4.787483555484355e-06,0.00023584315061037718,0.00023584315061037718,2.3389777058917492e-09,0.09574967110968709
3.91875,19887.324563380753,4.1681724666405314e-06,0.0002358181269202834,0.0002358181269202834,2.3403592729306478e-09,0.08336344933281063
3.9250000000000003,19904.121135592606,3.5468213369703935e-06,0.00023578230689042347,0.00023578230689042347,2.3415348892208177e-09,0.07093642673940787
3.9312500000000004,19920.96486179109,2.9237258524152725e-06,0.00023573576051122522,0.00023573576051122522,2.3425039765848364e-09,0.058474517048305454
3.9375,19937.84757760148,2.299188035516028e-06,0.00023567855616883239,0.00023567855616883239,2.3432660569525568e-09,0.04598376071032056
3.94375,19954.76095938599,1.6735158003873624e-06,0.00023561076064547863,0.00023561076064547863,2.3438207543139054e-09,0.03347031600774725
3.95,19971.696537105636,1.047022476931499e-06,0.00023553243911953354,0.00023553243911953354,2.3441677965139804e-09,0.02094044953862998
3.9562500000000003,19988.645707971868,4.200263058216601e-07,0.0002354436551652392,0.0002354436551652392,2.344307016880757e-09,0.008400526116433202
3.9625000000000004,20005.599750840775,-2.071500939959427e-07,0.0002353444707521557,0.0002353444707521557,2.3442383556762937e-09,-0.004143001879918854
3.96875,20022.5498412988,-8.34180283322798e-07,0.00023523494624433703,0.00023523494624433703,2.3439618613629797e-09,-0.01668360566645596
3.975,20039.48706737776,-1.4607345840936771e-06,0.00023511514039925845,0.00023511514039925845,2.3434776916770765e-09,-0.02921469168187354
3.98125,20056.40244583964,-2.0864806817824217e-06,0.0002349851103665174,0.0002349851103665174,2.3427861145025908e-09,-0.041729613635648435
3.9875000000000003,20073.28693896212,-2.711084246311124e-06,0.00023484491168633166,0.00023484491168633166,2.34188750853934e-09,-0.05422168492622248
3.9937500000000004,20090.131471749348,-3.334209568790717e-06,0.00023469459828785784,0.00023469459828785784,2.34078236375997e-09,-0.06668419137581434
4.0,20106.92694949842,-3.955520211282864e-06,0.00023453422248735563,0.00023453422248735563,2.339471281651602e-09,-0.0791104042256573
4.0062500000000005,20123.6642756354,-4.574679666655787e-06,0.00023436383498622138,0.00023436383498622138,2.3379549752387666e-09,-0.09149359333311573
4.0125,20140.33436974477,-5.191352025509533e-06,0.00023418348486891702,0.00023418348486891702,2.3362342688852832e-09,-0.10382704051019066
4.01875,20156.92818570505,-5.805202647071682e-06,0.00023399321960081902,0.00023399321960081902,2.3343100978737645e-09,-0.11610405294143364
4.025,20173.436729846355,-6.415898830912926e-06,0.00023379308502601313,0.00023379308502601313,2.3321835077624775e-09,-0.12831797661825853
4.03125,20189.851079045548,-7.0231104863040584e-06,0.00023358312536505947,0.00023358312536505947,2.3298556535203425e-09,-0.14046220972608117
4.0375000000000005,20206.16239866997,-7.626510796032387e-06,0.0002333633832127537,0.0002333633832127537,2.327327798441905e-09,-0.15253021592064772
4.04375,20222.361960287293,-8.225776871516219e-06,0.00023313389953590817,0.00023313389953590817,2.324601312845166e-09,-0.16451553743032438
4.05,20238.441159054673,-8.820590396101316e-06,0.00023289471367117796,0.00023289471367117796,2.3216776725561886e-09,-0.17641180792202632
4.05625,20254.39153070753,-9.410638253491877e-06,0.00023264586332295516,0.00023264586332295516,2.3185584571854055e-09,-0.18821276506983753
4.0625,20270.204768065167,-9.99561313836147e-06,0.00023238738456135463,0.00023238738456135463,2.315245348201537e-09,-0.1999122627672294
4.0687500000000005,20285.87273697863,-1.0575214146303786e-05,0.00023211931182031399,0.00023211931182031399,2.311740126809966e-09,-0.21150428292607573
4.075,20301.387491647023,-1.1149147340419858e-05,0.00023184167789582941,0.00023184167789582941,2.3080446716433135e-09,-0.22298294680839717
4.08125,20316.741289233447,-1.1717126291994603e-05,0.0002315545139443481,0.0002315545139443481,2.3041609562728033e-09,-0.23434252583989207
4.0875,20331.926603715383,-1.22788725928911e-05,0.00023125784948133847,0.00023125784948133847,2.300091046549791e-09,-0.245577451857822
4.09375,20346.936138913665,-1.2834116337482812e-05,0.00023095171238005647,0.00023095171238005647,2.2958370977875546e-09,-0.25668232674965624
4.1000000000000005,20361.762840642503,-1.338259657215151e-05,0.00023063612887052806,0.00023063612887052806,2.2914013517940925e-09,-0.2676519314430302
4.10625,20376.39990793644,-1.3924061710598673e-05,0.00023031112353876464,0.00023031112353876464,2.2867861337672684e-09,-0.27848123421197346
4.1125,20390.840803312585,-1.4458269913449509e-05,0.00022997671932623002,0.00022997671932623002,2.2819938490641315e-09,-0.2891653982689902
4.11875,20405.079262031548,-1.49849894308686e-05,0.0002296329375295744,0.0002296329375295744,2.277026979856674e-09,-0.299699788617372
4.125,20419.10930033164,-1.5503998907152548e-05,0.00022927979780065232,0.00022927979780065232,2.2718880816866323e-09,-0.31007997814305094
4.1312500000000005,20432.925222613725,-1.6015087646515196e-05,0.00022891731814684053,0.00022891731814684053,2.266579779932188e-09,-0.32030175293030394
4.1375,20446.521627562528,-1.6518055839533325e-05,0.00022854551493167033,0.00022854551493167033,2.2611047661996166e-09,-0.3303611167906665
4.14375,20459.893413196674,-1.7012714749972034e-05,0.00022816440287579064,0.00022816440287579064,2.2554657946530083e-09,-0.34025429499944065
4.15,20473.035780847473,-1.74988868619578e-05,0.00022777399505827624,0.00022777399505827624,2.2496656782952084e-09,-0.34997773723915604
4.15625,20485.944238071177,-1.797640598771059e-05,0.00022737430291829718,0.00022737430291829718,2.243707285213049e-09,-0.35952811975421184
4.1625000000000005,20498.614600507215,-1.8445117336282963e-05,0.00022696533625716513,0.00022696533625716513,2.2375935347997988e-09,-0.36890234672565925
4.16875,20511.042992699648,-1.8904877543981323e-05,0.00022654710324077323,0.00022654710324077323,2.2313273939675252e-09,-0.37809755087962643
4.175,20523.22584790939,-1.9355554667360473e-05,0.0002261196104024459,0.0002261196104024459,2.2249118733617825e-09,-0.38711109334720945
4.18125,20535.159906941026,-1.9797028139886563e-05,0.0002256828626462186,0.0002256828626462186,2.2183500235906632e-09,-0.39594056279773127
4.1875,20546.842216025394,-2.0229188693552746e-05,0.00022523686325056624,0.00022523686325056624,2.211644931479829e-09,-0.40458377387105493
4.1937500000000005,20558.270123791983,-2.0651938246905695e-05,0.0002247816138726024,0.0002247816138726024,2.204799716364657e-09,-0.41303876493811387
4.2,20569.441277377082,-2.106518976109891e-05,0.00022431711455277292,0.00022431711455277292,2.1978175264301004e-09,-0.4213037952219782
4.20625,20580.353617716904,-2.1468867065728215e-05,0.00022384336372007028,0.00022384336372007028,2.190701535108271e-09,-0.4293773413145643
4.2125,20591.00537407293,-2.1862904656326794e-05,0.00022336035819779762,0.00022336035819779762,2.1834549375431508e-09,-0.4372580931265359
4.21875,20601.395057844722,-2.2247247465500483e-05,0.00022286809320991538,0.00022286809320991538,2.1760809471311553e-09,-0.44494494931000966
4.2250000000000005,20611.52145572656,-2.262185060976789e-05,0.0002223665623880059,0.0002223665623880059,2.1685827921456136e-09,-0.4524370121953578
4.23125,20621.383622266094,-2.298667911423546e-05,0.0002218557577788968,0.0002218557577788968,2.1609637124525034e-09,-0.45973358228470923
4.2375,20630.98087187915,-2.3341707617284537e-05,0.00022133566985298853,0.00022133566985298853,2.153226956324071e-09,-0.46683415234569076
4.24375,20640.312770387398,-2.3686920057474885e-05,0.00022080628751333588,0.00022080628751333588,2.1453757773562287e-09,-0.4737384011494977
4.25,20649.379126133845,-2.402230934488012e-05,0.00022026759810554075,0.00022026759810554075,2.1374134314948884e-09,-0.4804461868976024
4.2562500000000005,20658.179980736277,-2.4347877019063132e-05,0.0002197195874285179,0.0002197195874285179,2.1293431741756655e-09,-0.48695754038126265
4.2625,20666.71559954015,-2.4663632895876485e-05,0.0002191622397462052,0.0002191622397462052,2.1211682575806482e-09,-0.4932726579175297
4.26875,20674.986461826506,-2.4969594705233997e-05,0.00021859553780029473,0.00021859553780029473,2.1128919280152337e-09,-0.49939189410467993
4.275,20682.993250832395,-2.5265787721946685e-05,0.00021801946282407254,0.00021801946282407254,2.1045174234073234e-09,-0.5053157544389337
4.28125,20690.736843639403,-2.5552244391650284e-05,0.0002174339945574627,0.0002174339945574627,2.0960479709305086e-09,-0.5110448878330057
4.2875000000000005,20698.218300980683,-2.5829003953773557e-05,0.00021683911126338124,0.00021683911126338124,2.0874867847522237e-09,-0.5165800790754711
4.29375,20705.438857020046,-2.6096112063408116e-05,0.0002162347897455179,0.0002162347897455179,2.0788370639072364e-09,-0.5219222412681623
4.3,20712.3999091477,-2.6353620413843045e-05,0.00021562100536767434,0.00021562100536767434,2.0701019902962466e-09,-0.5270724082768609
4.30625,20719.103007839713,-2.6601586361422024e-05,0.00021499773207480117,0.00021499773207480117,2.0612847268088335e-09,-0.5320317272284405
4.3125,20725.549846621314,-2.684007255426945e-05,0.0002143649424158884,0.0002143649424158884,2.0523884155694603e-09,-0.536801451085389
4.3187500000000005,20731.74225217349,-2.706914656631473e-05,0.0002137226075688813,0.0002137226075688813,2.043416176304785e-09,-0.5413829313262946
4.325,20737.682174618654,-2.7288880537924415e-05,0.0002130706973678065,0.0002130706973678065,2.034371104830087e-09,-0.5457776107584883
4.33125,20743.37167801737,-2.749935082432843e-05,0.0002124091803323116,0.0002124091803323116,2.0252562716522228e-09,-0.5499870164865686
4.3375,20748.81293110285,-2.7700637652903873e-05,0.0002117380236998388,0.0002117380236998388,2.016074720686179e-09,-0.5540127530580775
4.34375,20754.008198282227,-2.7892824790255726e-05,0.00021105719346067173,0.00021105719346067173,2.006829468081974e-09,-0.5578564958051145
4.3500000000000005,20758.959830922897,-2.807599921991172e-05,0.00021036665439611425,0.00021036665439611425,1.9975235011583856e-09,-0.5615199843982344
4.35625,20763.670258947506,-2.825025083132879e-05,0.00020966637012008127,0.00020966637012008127,1.988159777439767e-09,-0.5650050166265758
4.3625,20768.14198274622,-2.8415672120791547e-05,0.0002089563031244019,0.0002089563031244019,1.9787412237919926e-09,-0.5683134424158309
4.36875,20772.37756542666,-2.8572357904670368e-05,0.0002082364148281596,0.0002082364148281596,1.9692707356534543e-09,-0.5714471580934074
4.375,20776.37962540771,-2.872040504539873e-05,0.00020750666563141534,0.00020750666563141534,1.9597511763568797e-09,-0.5744081009079746
4.3812500000000005,20780.150829359263,-2.885991219042698e-05,0.00020676701497368566,0.00020676701497368566,1.950185376537677e-09,-0.5771982438085396
4.3875,20783.69388550425,-2.8990979524312364e-05,0.00020601742139757047,0.00020601742139757047,1.9405761336244514e-09,-0.5798195904862473
4.39375,20787.01153727246,-2.9113708534015283e-05,0.00020525784261795247,0.00020525784261795247,1.930926211407315e-09,-0.5822741706803056
4.4,20790.106557312054,-2.9228201787387803e-05,0.0002044882355972135,0.0002044882355972135,1.9212383396796192e-09,-0.5845640357477561
4.40625,20792.98174185723,-2.9334562724763194e-05,0.0002037085566269414,0.0002037085566269414,1.911515213948765e-09,-0.5866912544952638
4.4125000000000005,20795.63990544304,-2.9432895463485817e-05,0.00020291876141662472,0.00020291876141662472,1.901759495211803e-09,-0.5886579092697164
4.41875,20798.083875964825,-2.952330461515784e-05,0.00020211880518985944,0.00020211880518985944,1.891973809791609e-09,-0.5904660923031568
4.425,20800.31649007592,-2.9605895115322682e-05,0.0002013086427886167,0.0002013086427886167,1.882160749229511e-09,-0.5921179023064537
4.43125,20802.3405889092,-2.9680772065257657e-05,0.00020048822878614532,0.00020048822878614532,1.8723228702303567e-09,-0.5936154413051531
4.4375,20804.15901411848,-2.974804058550482e-05,0.00019965751760910646,0.00019965751760910646,1.862462694656127e-09,-0.5949608117100964
4.4437500000000005,20805.774604224687,-2.9807805680734413e-05,0.00019881646366955952,0.00019881646366955952,1.8525827095643435e-09,-0.5961561136146882
4.45,20807.190191259466,-2.9860172115505586e-05,0.00019796502150744028,0.00019796502150744028,1.8426853672876537e-09,-0.5972034423101117
4.45625,20808.40859768573,-2.9905244300466432e-05,0.00019710314594418898,0.00019710314594418898,1.832773085551138e-09,-0.5981048860093287
4.4625,20809.432633594,-2.994312618851675e-05,0.0001962307922482045,0.0001962307922482045,1.8228482476240327e-09,-0.598862523770335
4.46875,20810.265094147977,-2.9973921180446094e-05,0.00019534791631281218,0.00019534791631281218,1.8129132025027306e-09,-0.5994784236089219
4.4750000000000005,20810.90875727995,-2.9997732039550347e-05,0.0001944544748474438,0.0001944544748474438,1.8029702651220822e-09,-0.5999546407910069
4.48125,20811.36638161065,-3.0014660814728757e-05,0.00019355042558273416,0.00019355042558273416,1.7930217165921874e-09,-0.6002932162945751
4.4875,20811.640704584814,-3.002480877156331e-05,0.00019263572749024106,0.00019263572749024106,1.7830698044580304e-09,-0.6004961754312662
4.49375,20811.73444081176,-3.00282763308873e-05,0.00019171034101749153,0.00019171034101749153,1.773116742979477e-09,-0.600565526617746
4.5,20811.650280594684,-3.002516301435757e-05,0.00019077422833905028,0.00019077422833905028,1.7631647134293128e-09,-0.6005032602871514
4.5062500000000005,20811.39088863484,-3.0015567396556046e-05,0.00018982735362429112,0.00018982735362429112,1.7532158644071565e-09,-0.600311347931121
4.5125,20810.958902900693,-2.999958706315863e-05,0.0001888696833225323,0.0001888696833225323,1.7432723121672397e-09,-0.5999917412631726
4.51875,20810.356933649968,-2.997731857472495e-05,0.00018790118646616892,0.00018790118646616892,1.7333361409581877e-09,-0.599546371494499
4.525,20809.587562589855,-2.9948857435679226e-05,0.00018692183499240074,0.00018692183499240074,1.7234094033730824e-09,-0.5989771487135845
4.53125,20808.653342169582,-2.9914298068070326e-05,0.00018593160408411093,0.00018593160408411093,1.7134941207082223e-09,-0.5982859613614065
4.5375000000000005,20807.55679498696,-2.987373378971884e-05,0.00018493047253039936,0.00018493047253039936,1.703592283329126e-09,-0.5974746757943769
4.54375,20806.300413309058,-2.982725679637785e-05,0.00018391842310721483,0.00018391842310721483,1.6937058510424488e-09,-0.596545135927557
4.55,20804.886658686966,-2.977495814755559e-05,0.00018289544297845907,0.00018289544297845907,1.6838367534725977e-09,-0.5954991629511118
4.55625,20803.317961663066,-2.9716927755667824e-05,0.00018186152411785788,0.00018186152411785788,1.673986890441943e-09,-0.5943385551133564
4.5625,20801.59672156018,-2.9653254378208783e-05,0.00018081666375180372,0.00018081666375180372,1.6641581323536239e-09,-0.5930650875641756
4.5687500000000005,20799.72530634216,-2.9584025612649883e-05,0.00017976086482327422,0.00017976086482327422,1.6543523205760452e-09,-0.5916805122529977
4.575,20797.706052543468,-2.9509327893795396e-05,0.00017869413647682148,0.00017869413647682148,1.6445712678282515e-09,-0.5901865578759079
4.58125,20795.541265257754,-2.9429246493343863e-05,0.0001776164945645048,0.0001776164945645048,1.634816758565445e-09,-0.5885849298668773
4.5875,20793.23321817799,-2.9343865521423233e-05,0.0001765279621725076,0.0001765279621725076,1.6250905493639961e-09,-0.5868773104284647
4.59375,20790.784153686353,-2.9253267929885763e-05,0.0001754285701680375,0.0001754285701680375,1.6153943693053606e-09,-0.5850653585977152
4.6000000000000005,20788.196282985606,-2.915753551716627e-05,0.00017431835776595477,0.00017431835776595477,1.6057299203583874e-09,-0.5831507103433254
4.60625,20785.471786267863,-2.9056748934524275e-05,0.0001731973731144114,0.0001731973731144114,1.5960988777595576e-09,-0.5811349786904855
4.6125,20782.612812915864,-2.8950987693506046e-05,0.00017206567389861025,0.00017206567389861025,1.5865028903907484e-09,-0.579019753870121
4.61875,20779.621481733797,-2.884033017447786e-05,0.00017092332796161155,0.00017092332796161155,1.5769435811541709e-09,-0.5768066034895573
4.625,20776.49988120388,-2.8724853636095368e-05,0.00016977041394092307,0.00016977041394092307,1.5674225473441674e-09,-0.5744970727219074
4.6312500000000005,20773.250069763264,-2.860463422558745e-05,0.00016860702191941342,0.00016860702191941342,1.5579413610156016e-09,-0.572092684511749
4.6375,20769.874076101736,-2.8479746989744823e-05,0.00016743325408888053,0.00016743325408888053,1.5485015693486051e-09,-0.5695949397948965
4.64375,20766.373899476206,-2.8350265886515067e-05,0.0001662492254243996,0.0001662492254243996,1.5391046950094819e-09,-0.5670053177303014
4.65,20762.751510035436,-2.8216263797116203e-05,0.00016505506436735766,0.00016505506436735766,1.5297522365075962e-09,-0.5643252759423241
4.65625,20759.00884916189,-2.8077812538590294e-05,0.00016385091351486556,0.00016385091351486556,1.5204456685481016e-09,-0.5615562507718059
4.6625000000000005,20755.147829820366,-2.79349828767274e-05,0.00016263693031301816,0.00016263693031301816,1.5111864423803842e-09,-0.558699657534548
4.66875,20751.170336915457,-2.7787844539298453e-05,0.00016141328775125545,0.00016141328775125545,1.5019759861421206e-09,-0.555756890785969
4.675,20747.078227655937,-2.7636466229542275e-05,0.00016018017505485942,0.00016018017505485942,1.4928157051988662e-09,-0.5527293245908456
4.68125,20742.87333192561,-2.7480915639859152e-05,0.00015893779837241066,0.00015893779837241066,1.4837069824791038e-09,-0.549618312797183
4.6875,20738.557452657325,-2.7321259465668892e-05,0.00015768638145481962,0.00015768638145481962,1.4746511788046983e-09,-0.5464251893133778
4.6937500000000005,20734.132366211146,-2.715756341939665e-05,0.0001564261663223518,0.0001564261663223518,1.4656496332167174e-09,-0.5431512683879329
4.7,20729.599822756467,-2.6989892244554758e-05,0.00015515741391587603,0.00015515741391587603,1.4567036632965835e-09,-0.5397978448910952
4.70625,20724.961546651008,-2.681830972989304e-05,0.0001538804047283916,0.0001538804047283916,1.4478145654825358e-09,-0.5363661945978608
4.7125,20720.21923682842,-2.664287872359342e-05,0.00015259543941272823,0.00015259543941272823,1.4389836153813871e-09,-0.5328575744718684
4.71875,20715.374567180177,-2.646366114748873e-05,0.0001513028393611722,0.0001513028393611722,1.430212068075569e-09,-0.5292732229497746
4.7250000000000005,20710.42918694171,-2.6280718011287873e-05,0.00015000294725264724,0.00015000294725264724,1.4215011584254597e-09,-0.5256143602257575
4.73125,20705.384721075,-2.60941094267927e-05,0.00014869612756297933,0.00014869612756297933,1.4128521013670024e-09,-0.521882188535854
4.7375,20700.242770653967,-2.590389462209377e-05,0.00014738276703369705,0.00014738276703369705,1.404266092204616e-09,-0.5180778924418754
4.74375,20695.004913245873,-2.5710131955734536e-05,0.00014606327509477052,0.00014606327509477052,1.3957443068994125e-09,-0.5142026391146908
4.75,20689.67270329472,-2.5512878930835003e-05,0.0001447380842366694,0.0001447380842366694,1.387287902352732e-09,-0.5102575786167001
4.7562500000000005,20684.247672500656,-2.531219220916752e-05,0.0001434076503271307,0.0001434076503271307,1.3788980166850134e-09,-0.5062438441833504
4.7625,20678.731330198738,-2.5108127625178926e-05,0.00014207245286806833,0.00014207245286806833,1.370575769510016e-09,-0.5021625525035786
4.76875,20673.125163737815,-2.4900740199953874e-05,0.0001407329951881322,0.0001407329951881322,1.3623222622044136e-09,-0.4980148039990775
4.775,20667.430638854883,-2.4690084155115736e-05,0.0001393898045665361,0.0001393898045665361,1.3541385781727813e-09,-0.4938016831023147
4.78125,20661.649200049647,-2.4476212926662038e-05,0.00013804343228391948,0.00013804343228391948,1.346025783107996e-09,-0.4895242585332408
4.7875000000000005,20655.78227095676,-2.4259179178732035e-05,0.0001366944535961953,0.0001366944535961953,1.3379849252470738e-09,-0.4851835835746407
4.79375,20649.831254716155,-2.403903481730509e-05,0.00013534346762755613,0.00013534346762755613,1.3300170356224663e-09,-0.4807806963461018
4.800000000000001,20643.797534341244,-2.3815831003828543e-05,0.00013399109717907343,0.00013399109717907343,1.3221231283088413e-09,-0.4763166200765709
4.80625,20637.682473085395,-2.358961816877458e-05,0.00013263798844962175,0.00013263798844962175,1.3143042006653686e-09,-0.4717923633754916
4.8125,20631.48741480699,-2.3360446025126013e-05,0.00013128481066619646,0.00013128481066619646,1.3065612335735362e-09,-0.4672089205025203
4.8187500000000005,20625.21368433076,-2.3128363581791057e-05,0.0001299322556210662,0.0001299322556210662,1.298895191670521e-09,-0.4625672716358211
4.825,20618.862587810152,-2.289341915694759e-05,0.00012858103711360823,0.00012858103711360823,1.2913070235781349e-09,-0.45786838313895184
4.831250000000001,20612.435413085208,-2.2655660391317713e-05,0.00012723189029511742,0.00012723189029511742,1.2837976621273722e-09,-0.4531132078263543
4.8375,20605.933430039633,-2.241513426137365e-05,0.00012588557091535303,0.00012588557091535303,1.2763680245785796e-09,-0.448302685227473
4.84375,20599.357890956322,-2.2171887092476124e-05,0.00012454285447008876,0.00012454285447008876,1.2690190128372706e-09,-0.4434377418495225
4.8500000000000005,20592.71003086966,-2.192596457194672e-05,0.00012320453524946305,0.00012320453524946305,1.2617515136656083e-09,-0.4385192914389344
4.85625,20585.99106791934,-2.167741176207565e-05,0.00012187142528747735,0.00012187142528747735,1.2545663988895754e-09,-0.43354823524151304
4.862500000000001,20579.202203697627,-2.1426273113066963e-05,0.0001205443532135639,0.0001205443532135639,1.2474645256018545e-09,-0.42852546226133925
4.86875,20572.34462359981,-2.1172592475922737e-05,0.00011922416300773311,0.00011922416300773311,1.2404467363604369e-09,-0.4234518495184547
4.875,20565.41949716987,-2.091641311526859e-05,0.00011791171266141137,0.00011791171266141137,1.2335138593829812e-09,-0.41832826230537185
4.8812500000000005,20558.427978445263,-2.065777772212256e-05,0.00011660787274668872,0.00011660787274668872,1.2266667087369387e-09,-0.4131555544424512
4.8875,20551.371206302265,-2.039672842660955e-05,0.00011531352489730773,0.00011531352489730773,1.2199060845254655e-09,-0.407934568532191
4.893750000000001,20544.250304796027,-2.0133306810623967e-05,0.0001140295602053339,0.0001140295602053339,1.2132327730691367e-09,-0.4026661362124793
4.9,20537.066383503687,-1.98675539204429e-05,0.00011275687753805182,0.00011275687753805182,1.2066475470834799e-09,-0.397351078408858
4.90625,20529.820537862637,-1.9599510279292636e-05,0.00011149638178022193,0.00011149638178022193,1.200151165852344e-09,-0.39199020558585274
4.9125000000000005,20522.513849509454,-1.9329215899871156e-05,0.00011024898200740763,0.00011024898200740763,1.193744375397117e-09,-0.3865843179974231
4.91875,20515.147386617246,-1.9056710296829663e-05,0.00010901558959663407,0.00010901558959663407,1.1874279086418066e-09,-0.38113420593659325
4.925000000000001,20507.722204232778,-1.8782032499215915e-05,0.00010779711628116575,0.00010779711628116575,1.1812024855739964e-09,-0.3756406499843183
4.93125,20500.239344610396,-1.850522106288275e-05,0.00010659447215668258,0.00010659447215668258,1.17506881340169e-09,-0.370104421257655
4.9375,20492.699837548225,-1.822631408286481e-05,0.00010540856364659064,0.00010540856364659064,1.169027586706051e-09,-0.3645262816572962
4.9437500000000005,20485.10470072059,-1.7945349205726935e-05,0.00010424029143461817,0.00010424029143461817,1.1630794875900526e-09,-0.3589069841145387
4.95,20477.454940012183,-1.7662363641887674e-05,0.00010309054837321625,0.00010309054837321625,1.1572251858230394e-09,-0.3532472728377535
4.956250000000001,20469.751549849643,-1.7377394177921433e-05,0.00010196021737660237,0.00010196021737660237,1.1514653389812145e-09,-0.34754788355842864
4.9625,20461.99551353495,-1.7090477188843016e-05,0.00010085016930755047,0.00010085016930755047,1.1458005925840527e-09,-0.34180954377686035
4.96875,20454.187803575864,-1.6801648650378307e-05,9.976126086724001e-05,9.976126086724001e-05,1.1402315802266482e-09,-0.3360329730075661
4.9750000000000005,20446.329382018044,-1.651094415122519e-05,9.869433249762481e-05,9.869433249762481e-05,1.1347589237079964e-09,-0.3302188830245038
4.98125,20438.421200776123,-1.62183989053085e-05,9.765020630587062e-05,9.765020630587062e-05,1.1293832331552157e-09,-0.32436797810617
4.987500000000001,20430.464201965042,-1.59240477640334e-05,9.662968402043296e-05,9.662968402043296e-05,1.1241051071437064e-09,-0.318480955280668
4.99375,20422.459318230915,-1.5627925228541444e-05,9.563354498830645e-05,9.563354498830645e-05,1.1189251328132479e-09,-0.3125585045708289
5.0,20414.407473083775,-1.5330065461973584e-05,9.466254422286948e-05,9.466254422286948e-05,1.1138438859800314e-09,-0.30660130923947165
5.0062500000000005,20406.30958122761,-1.5030502301745013e-05,9.371741051157623e-05,9.37231936197806e-05,1.1088619312446233e-09,-0.30061004603490027
5.0125,20398.166548893732,-1.4729269271836219e-05,9.279884459251068e-05,9.284527811145049e-05,1.1039798220958554e-09,-0.29458538543672436
5.018750000000001,20389.97927417406,-1.4426399595105225e-05,9.190751740851711e-05,9.202491631759202e-05,1.0991981010106339e-09,-0.2885279919021045
5.025,20381.74864735328,-1.4121926205626085e-05,9.104406844725737e-05,9.125452494455938e-05,1.0945172995496585e-09,-0.2824385241125217
5.03125,20373.47555124424,-1.3815881761058582e-05,9.020910417512383e-05,9.052915141894108e-05,1.0899379384490415e-09,-0.27631763522117164
5.0375000000000005,20365.160861522898,-1.3508298655054575e-05,8.94031965724574e-05,8.984385218067656e-05,1.0854605277078155e-09,-0.27016597310109147
5.04375,20356.805447065264,-1.319920902970633e-05,8.86268817769867e-05,8.91945113271109e-05,1.0810855666713135e-09,-0.2639841805941266
5.050000000000001,20348.410170284587,-1.2888644788042589e-05,8.788065884182335e-05,8.857927292196146e-05,1.076813544110409e-09,-0.2577728957608518
5.05625,20339.975887471173,-1.2576637606578038e-05,8.71649886137211e-05,8.799537946435894e-05,1.0726449382965946e-09,-0.25153275213156073
5.0625,20331.503449132608,-1.2263218947922292e-05,8.648029273663979e-05,8.743943934128769e-05,1.068580217072883e-09,-0.24526437895844583
5.0687500000000005,20322.993700337192,-1.1948420073454493e-05,8.582695278495339e-05,8.691179654051446e-05,1.0646198379205057e-09,-0.23896840146908985
5.075,20314.447481057792,-1.163227205607001e-05,8.520530952991068e-05,8.640856501428132e-05,1.0607642480213867e-09,-0.2326454411214002
5.081250000000001,20305.86562651879,-1.1314805793005799e-05,8.461566234220256e-05,8.59313997666278e-05,1.0570138843163665e-09,-0.22629611586011597
5.0875,20297.24896754541,-1.0996052018751294e-05,8.40582687327191e-05,8.547600823811277e-05,1.053369173559145e-09,-0.21992104037502588
5.09375,20288.598330914694,-1.0676041318051974e-05,8.353334403279597e-05,8.504329107916311e-05,1.0498305323659158e-09,-0.21352082636103947
5.1000000000000005,20279.914539709975,-1.035480413901295e-05,8.304106121446296e-05,8.46325509565449e-05,1.0463983672606557e-09,-0.207096082780259
5.10625,20271.19841367797,-1.0032370806310175e-05,8.258155085042109e-05,8.424293151484426e-05,1.0430730747160371e-09,-0.2006474161262035
5.112500000000001,20262.450769589337,-9.708771534517233e-06,8.21549012126963e-05,8.387278018868612e-05,1.0398550411899208e-09,-0.19417543069034465
5.11875,20253.672421601907,-9.384036441555974e-06,8.17611585081535e-05,8.352225936743654e-05,1.0367446431573931e-09,-0.18768072883111947
5.125,20244.864181627672,-9.058195562279493e-06,8.140032724830948e-05,8.319117257901671e-05,1.0337422471382987e-09,-0.18116391124558986
5.1312500000000005,20236.026859704554,-8.731278862196354e-06,8.10723707501648e-05,8.287983018043165e-05,1.0308482097202253e-09,-0.17462557724392708
5.1375,20227.16126437046,-8.403316251345328e-06,8.077721176408549e-05,8.25871643364037e-05,1.0280628775768903e-09,-0.16806632502690655
5.143750000000001,20218.268203043775,-8.074337598330163e-06,8.05147332241141e-05,8.231323189873917e-05,1.0253865874818736e-09,-0.16148675196660328
5.15,20209.348482406505,-7.744372744524478e-06,8.028477911547723e-05,8.205808319245487e-05,1.0228196663176442e-09,-0.15488745489048955
5.15625,20200.402908793363,-7.413451518457079e-06,8.008715545349103e-05,8.182176183311993e-05,1.0203624310798167e-09,-0.14826903036914157
5.1625000000000005,20191.432288585765,-7.08160375038854e-06,7.992163136754758e-05,8.160430453541628e-05,1.0180151888765781e-09,-0.1416320750077708
5.16875,20182.4374286122,-6.74885928709014e-06,7.97879402833996e-05,8.140574091449913e-05,1.0157782369232146e-09,-0.13497718574180279
5.175000000000001,20173.41913655146,-6.415248006837077e-06,7.968578119655045e-05,8.122711551524135e-05,1.0136518625316704e-09,-0.12830496013674153
5.18125,20164.37822134682,-6.080799834627665e-06,7.961482002920128e-05,8.106832636885346e-05,1.0116363430950595e-09,-0.12161599669255331
5.1875,20155.31549362169,-5.74554475764145e-06,7.957469106291309e-05,8.092972735099767e-05,1.0097319460670569e-09,-0.11491089515282901
5.1937500000000005,20146.231766104745,-5.409512840949069e-06,7.956499843890448e-05,8.081091679291724e-05,1.00793892893608e-09,-0.10819025681898137
5.2,20137.127854062568,-5.072734243487338e-06,7.958531771773135e-05,8.071501031702762e-05,1.0062575391941768e-09,-0.10145468486974676
5.206250000000001,20128.004575738847,-4.735239234313587e-06,7.963519748997844e-05,8.064193501472312e-05,1.004688014300525e-09,-0.09470478468627173
5.2125,20118.86275280087,-4.397058209153764e-06,7.971416102953719e-05,8.059148331891447e-05,1.003230581639448e-09,-0.08794116418307528
5.21875,20109.703210795742,-4.058221707259135e-06,7.982170798104614e-05,8.05677980361635e-05,1.0018854584728411e-09,-0.08116443414518269
5.2250000000000005,20100.52677961522,-3.718760428586963e-06,7.99573160731296e-05,8.057006892762935e-05,1.0006528518869058e-09,-0.07437520857173925
5.23125,20091.33429396871,-3.37870525132114e-06,8.012044284918342e-05,8.06017597669757e-05,9.995329587330746e-10,-0.0675741050264228
5.237500000000001,20082.126593866447,-3.0380872497489868e-06,8.03105274076224e-05,8.066570038417262e-05,9.985259655630118e-10,-0.06076174499497974
5.24375,20072.90452511386,-2.6969377125109324e-06,8.052699214371875e-05,8.076484049347111e-05,9.976320485575645e-10,-0.05393875425021865
5.25,20063.668939814303,-2.35528816124032e-06,8.076924448542102e-05,8.090492731125422e-05,9.968513734495357e-10,-0.0471057632248064
5.2562500000000005,20054.420696884277,-2.0131703696107654e-06,8.103667861584573e-05,8.109146544529588e-05,9.96184095440144e-10,-0.04026340739221531
5.2625,20045.16066257992,-1.6706163828089377e-06,8.132867717547499e-05,8.133530219481357e-05,9.956303591090288e-10,-0.033412327656178756
5.268750000000001,20035.88971103542,-1.327658537450898e-06,8.164461293746811e-05,8.164461293746811e-05,9.951902983176545e-10,-0.02655317074901796
5.275,20026.60872481436,-9.843294819603475e-07,8.198385044990065e-05,8.198385044990065e-05,9.948640361059594e-10,-0.01968658963920695
5.28125,20017.31859547208,-6.406621974274939e-07,8.23457476391747e-05,8.23457476391747e-05,9.946516845820918e-10,-0.012813243948549878
5.2875000000000005,20008.020224135005,-2.966900189669574e-07,8.272965736929633e-05,8.272965736929633e-05,9.94553344805066e-10,-0.005933800379339148
5.29375,19998.714522090413,4.755334240632359e-08,8.313492895218452e-05,8.313492895218452e-05,9.945691066601677e-10,0.0009510668481264718
5.300000000000001,19989.402411393134,3.9203377736471205e-07,8.356090960465698e-05,8.356090960465698e-05,9.946990487269312e-10,0.007840675547294241
5.30625,19980.084825485897,7.367167553004323e-07,8.400694584822694e-05,8.400694584822694e-05,9.949432381395031e-10,0.014734335106008646
5.3125,19970.7627098367,1.0815673007849538e-06,8.447238484833775e-05,8.447238484833775e-05,9.953017304392037e-10,0.021631346015699077
5.3187500000000005,19961.437022589635,1.4265499694372089e-06,8.495657569015454e-05,8.495657569015454e-05,9.9577456941909e-10,0.028530999388744177
5.325,19952.108735235048,1.77162882318355e-06,8.545887058852025e-05,8.545887058852025e-05,9.963617869603174e-10,0.035432576463671005
5.331250000000001,19942.778833294036,2.1167674048926704e-06,8.597862603016356e-05,8.597862603016356e-05,9.97063402860096e-10,0.04233534809785341
5.3375,19933.44831702223,2.4619287123698837e-06,8.651520384671549e-05,8.651520384671549e-05,9.978794246510248e-10,0.04923857424739767
5.34375,19924.118202130696,2.807075171696005e-06,8.706797221754564e-05,8.706797221754564e-05,9.988098474115905e-10,0.0561415034339201
5.3500000000000005,19914.789520524097,3.152168609897284e-06,8.763630660186719e-05,8.763630660186719e-05,9.998546535676069e-10,0.06304337219794567
5.35625,19905.463321057854,3.497170226934431e-06,8.821959059997602e-05,8.821959059997602e-05,1.0010138126843705e-09,0.06994340453868862
5.362500000000001,19896.140670315013,3.842040567000402e-06,8.881721674388627e-05,8.881721674388627e-05,1.0022872812493016e-09,0.07684081134000803
5.36875,19886.822653399504,4.186739489118379e-06,8.942858721799513e-05,8.942858721799513e-05,1.003675002444841e-09,0.08373478978236759
5.375,19877.510374751404,4.531226137033849e-06,9.00531145107562e-05,9.00531145107562e-05,1.0051769059113657e-09,0.09062452274067699
5.3812500000000005,19868.204958979582,4.875458908396905e-06,9.069022199865949e-05,9.069022199865949e-05,1.0067929074998924e-09,0.0975091781679381
5.3875,19858.90755171355,5.2193954232337095e-06,9.133934446410821e-05,9.133934446410821e-05,1.008522909014328e-09,0.10438790846467419
5.393750000000001,19849.619320475435,5.562992491709231e-06,9.199992854904486e-05,9.199992854904486e-05,1.010366797943036e-09,0.11125984983418462
5.4,19840.34145557008,5.906206081186654e-06,9.267143314641401e-05,9.267143314641401e-05,1.0123244471794856e-09,0.11812412162373308
5.40625,19831.07517099498,6.248991282592688e-06,9.335332973175398e-05,9.335332973175398e-05,1.0143957147317498e-09,0.12497982565185375
5.4125000000000005,19821.82170536672,6.591302276101942e-06,9.404510263738748e-05,9.404510263738748e-05,1.016580443420632e-09,0.13182604552203883
5.41875,19812.58232286769,6.933092296158281e-06,9.474624927182885e-05,9.474624927182885e-05,1.0188784605661971e-09,0.13866184592316563
5.425000000000001,19803.3583142085,7.274313595855666e-06,9.545628028714805e-05,9.545628028714805e-05,1.0212895776624973e-09,0.14548627191711333
5.43125,19794.150997606426,7.614917410706282e-06,9.617471969712537e-05,9.617471969712537e-05,1.0238135900402875e-09,0.15229834821412563
5.4375,19784.961719782805,7.954853921829714e-06,9.690110494910041e-05,9.690110494910041e-05,1.026450276517541e-09,0.1590970784365943
5.4437500000000005,19775.791856970543,8.294072218602398e-06,9.763498695246396e-05,9.763498695246396e-05,1.0291993990375838e-09,0.16588144437204796
5.45,19766.642815937972,8.632520260813635e-06,9.837593006676315e-05,9.837593006676315e-05,1.0320607022946861e-09,0.1726504052162727
5.456250000000001,19757.516035023862,8.970144840380989e-06,9.912351205239089e-05,9.912351205239089e-05,1.0350339133469638e-09,0.17940289680761978
5.4625,19748.4129851825,9.306891542685333e-06,9.987732398681155e-05,9.987732398681155e-05,1.0381187412164641e-09,0.18613783085370667
5.46875,19739.335171037244,9.642704707593473e-06,0.00010063697014923718,0.00010063697014923718,1.0413148764763322e-09,0.19285409415186947
5.4750000000000005,19730.284131940607,9.977527390244357e-06,0.00010140206787661428,0.00010140206787661428,1.0446219908249806e-09,0.19955054780488712
5.48125,19721.261443038606,1.0311301321683496e-05,0.00010217224739371238,0.00010217224739371238,1.0480397366472088e-09,0.2062260264336699
5.487500000000001,19712.26871633641,1.0643966869438965e-05,0.00010294715162002367,0.00010294715162002367,1.051567746562258e-09,0.2128793373887793
5.49375,19703.30760176227,1.0975462998141582e-05,0.00010372643595608898,0.00010372643595608898,1.0552056329588117e-09,0.21950925996283163
5.5,19694.379788228798,1.1305727230301622e-05,0.00010450976805176254,0.00010450976805176254,1.0589529875169953e-09,0.22611454460603245
5.5062500000000005,19685.487004685034,1.1634695607363935e-05,0.00010529682755881573,0.00010529682755881573,1.062809380717468e-09,0.2326939121472787
5.5125,19676.631021158657,1.1962302651173793e-05,0.0001060873058701624,0.0001060873058701624,1.066774361337742e-09,0.23924605302347585
5.518750000000001,19667.813649781983,1.2288481325995848e-05,0.00010688090584786447,0.00010688090584786447,1.0708474559359119e-09,0.24576962651991696
5.525,19659.036745800022,1.2613163001239343e-05,0.00010767734154195029,0.00010767734154195029,1.0750281683220311e-09,0.2522632600247869
5.53125,19650.302208554946,1.293627741505323e-05,0.00010847633790194775,0.00010847633790194775,1.0793159790174193e-09,0.2587255483010646
5.5375000000000005,19641.611982441445,1.3257752638965535e-05,0.00010927763048290436,0.00010927763048290436,1.0837103447022503e-09,0.26515505277931073
5.54375,19632.968057829035,1.3577515043752141e-05,0.00011008096514753531,0.00011008096514753531,1.0882106976518281e-09,0.27155030087504284
5.550000000000001,19624.372471947354,1.389548926673087e-05,0.00011088609776601143,0.00011088609776601143,1.0928164451620204e-09,0.2779097853346174
5.55625,19615.827309724846,1.421159818068705e-05,0.00011169279391477083,0.00011169279391477083,1.0975269689643934e-09,0.284231963613741
5.5625,19607.33470458004,1.4525762864647407e-05,0.00011250082857561343,0.00011250082857561343,1.102341624631659e-09,0.29051525729294814
5.5687500000000005,19598.896839154444,1.4837902576728897e-05,0.00011330998583621592,0.00011330998583621592,1.1072597409741233e-09,0.29675805153457796
5.575,19590.515945984724,1.5147934729298909e-05,0.00011412005859308756,0.00011412005859308756,1.1122806194279007e-09,0.3029586945859782
5.581250000000001,19582.194308104576,1.545577486669239e-05,0.00011493084825787446,0.00011493084825787446,1.1174035334357432e-09,0.3091154973338478
5.5875,19573.934259571844,1.5761336645740148e-05,0.00011574216446781299,0.00011574216446781299,1.1226277278214152e-09,0.31522673291480297
5.59375,19565.73818591089,1.6064531819370366e-05,0.00011655382480102966,0.00011655382480102966,1.1279524181586327e-09,0.3212906363874073
5.6000000000000005,19557.608524465708,1.6365270223552722e-05,0.00011736565449728994,0.00011736565449728994,1.1333767901356754e-09,0.32730540447105444
5.60625,19549.547764655836,1.6663459767860773e-05,0.0001181774861847066,0.0001181774861847066,1.138899998916871e-09,0.33326919535721544
5.612500000000001,19541.558448125386,1.6959006429933454e-05,0.0001189891596128344,0.0001189891596128344,1.1445211685022424e-09,0.3391801285986691
5.61875,19533.64316877958,1.7251814254120822e-05,0.00011980052139249916,0.00011980052139249916,1.1502393910867078e-09,0.34503628508241646
5.625,19525.804572700672,1.7541785354602298e-05,0.00012061142474263694,0.00012061142474263694,1.1560537264203133e-09,0.3508357070920459
5.6312500000000005,19518.04535793522,1.7828819923267217e-05,0.00012142172924435214,0.00012142172924435214,1.161963201171077e-09,0.35657639846534434
5.6375,19510.36827414374,1.811281624264779e-05,0.00012223130060234306,0.00012223130060234306,1.1679668082921217e-09,0.36225632485295584
5.643750000000001,19502.77612210756,1.8393670704193412e-05,0.00012304001041378804,0.00012304001041378804,1.1740635063948629e-09,0.36787341408386826
5.65,19495.27175308157,1.86712778321723e-05,0.00012384773594473588,0.00012384773594473588,1.1802522191301194e-09,0.37342555664344596
5.65625,19487.85806799002,1.894553031348211e-05,0.00012465435991400033,0.00012465435991400033,1.1865318345791061e-09,0.3789106062696422
5.6625000000000005,19480.53801645199,1.921631903364428e-05,0.00012545977028451794,0.00012545977028451794,1.1929012046563565e-09,0.3843263806728856
5.66875,19473.314595634707,1.9483533119249213e-05,0.000126263860062096,0.000126263860062096,1.199359144526713e-09,0.38967066238498427
5.675000000000001,19466.190848924674,1.9747059987108684e-05,0.0001270665271014446,0.0001270665271014446,1.2059044320386108e-09,0.3949411997421737
5.68125,19459.169864410964,2.0006785400359903e-05,0.00012786767391936374,0.00012786767391936374,1.212535807175957e-09,0.40013570800719805
5.6875,19452.254773174962,2.0262593531751234e-05,0.00012866720751493214,0.00012866720751493214,1.2192519715309858e-09,0.40525187063502466
5.6937500000000005,19445.44874737872,2.0514367034322996e-05,0.00012946503919652726,0.00012946503919652726,1.2260515878005418e-09,0.4102873406864599
5.7,19438.75499815045,2.076198711967859e-05,0.00013026108441549047,0.00013026108441549047,1.232933279308307e-09,0.4152397423935718
5.706250000000001,19432.176773257208,2.1005333644019804e-05,0.0001310552626062392,0.0001310552626062392,1.239895629555544e-09,0.4201066728803961
5.7125,19425.717354566597,2.1244285202098034e-05,0.00013184749703261866,0.00013184749703261866,1.2469371818029807e-09,0.4248857040419607
5.71875,19419.380055288882,2.1478719229207366e-05,0.00013263771464027877,0.00013263771464027877,1.2540564386864998e-09,0.4295743845841473
5.7250000000000005,19413.168216999755,2.1708512111318778e-05,0.00013342584591485734,0.00013342584591485734,1.261251861869336e-09,0.43417024222637557
5.73125,19407.085206441967,2.193353930342553e-05,0.0001342118247457472,0.0001342118247457472,1.2685218717334955e-09,0.4386707860685106
5.737500000000001,19401.13441210217,2.2153675456138104e-05,0.00013499558829522528,0.00013499558829522528,1.2758648471131397e-09,0.44307350912276205
5.74375,19395.319240566023,2.2368794550534697e-05,0.0001357770768727202,0.0001357770768727202,1.283279125072664e-09,0.4473758910106939
5.75,19389.64311265069,2.2578770041237775e-05,0.0001365562338139988,0.0001365562338139988,1.2907630007322003e-09,0.4515754008247555
5.7562500000000005,19384.109459316387,2.2783475007650945e-05,0.000137333005365053,0.000137333005365053,1.2983147271432493e-09,0.4556695001530189
5.7625,19378.721717360146,2.2982782313252175e-05,0.00013810734057047384,0.00013810734057047384,1.3059325152171093e-09,0.4596556462650435
5.768750000000001,19373.483324896104,2.3176564772800033e-05,0.0001388791911661024,0.0001388791911661024,1.3136145337087293e-09,0.46353129545600064
5.775,19368.397716626318,2.3364695327268875e-05,0.00013964851147575447,0.00013964851147575447,1.3213589092585432e-09,0.4672939065453775
5.78125,19363.468318909723,2.3547047226287368e-05,0.00014041525831181952,0.00014041525831181952,1.3291637264947749e-09,0.47094094452574736
5.7875000000000005,19358.698544633502,2.3723494217812206e-05,0.00014117939087954223,0.00014117939087954223,1.337027028198613e-09,0.4744698843562441
5.79375,19354.091787900234,2.3893910744726094e-05,0.0001419408706848002,0.0001419408706848002,1.3449468155345483e-09,0.47787821489452187
5.800000000000001,19349.651418533955,2.405817214800561e-05,0.0001426996614451979,0.0001426996614451979,1.3529210483480521e-09,0.4811634429601122
5.80625,19345.38077642311,2.421615487606153e-05,0.00014345572900430466,0.00014345572900430466,1.3609476455326428e-09,0.4843230975212306
5.8125,19341.283165705056,2.436773669981076e-05,0.00014420904124886933,0.00014420904124886933,1.3690244854682387e-09,0.4873547339962152
5.8187500000000005,19337.36184881109,2.4512796932996887e-05,0.0001449595680288527,0.0001449595680288527,1.3771494065325377e-09,0.4902559386599377
5.825,19333.620040383124,2.4651216657234262e-05,0.00014570728108012374,0.00014570728108012374,1.3853202076869888e-09,0.49302433314468525
5.831250000000001,19330.06090107756,2.478287895120995e-05,0.00014645215394967325,0.00014645215394967325,1.3935346491387353e-09,0.495657579024199
5.8375,19326.68753127233,2.4907669123438607e-05,0.00014719416192320375,0.00014719416192320375,1.4017904530797044e-09,0.4981533824687721
5.84375,19323.502964698724,2.5025474947927902e-05,0.00014793328195496135,0.00014793328195496135,1.4100853045038109e-09,0.500509498958558
5.8500000000000005,19320.5101620083,2.5136186902076082e-05,0.00014866949259968097,0.00014866949259968097,1.4184168521030126e-09,0.5027237380415216
5.85625,19317.71200430176,2.5239698406090352e-05,0.00014940277394652094,0.00014940277394652094,1.4267827092427234e-09,0.5047939681218071
5.862500000000001,19315.111286635885,2.5335906063183683e-05,0.0001501331075548703,0.0001501331075548703,1.4351804550168402e-09,0.5067181212636737
5.86875,19312.71071152963,2.542470989978001e-05,0.00015086047639191515,0.00015086047639191515,1.4436076353823879e-09,0.5084941979956001
5.875,19310.512882492898,2.550601360493281e-05,0.0001515848647718569,0.0001515848647718569,1.452061764373521e-09,0.5101202720986562
5.8812500000000005,19308.52029759784,2.5579724768140638e-05,0.00015230625829667913,0.00015230625829667913,1.4605403253943512e-09,0.5115944953628128
5.8875,19306.735343114477,2.5645755114725484e-05,0.00015302464379836453,0.00015302464379836453,1.4690407725897913e-09,0.5129151022945097
5.893750000000001,19305.160287238923,2.570402073792603e-05,0.00015374000928246732,0.00015374000928246732,1.477560532293329e-09,0.5140804147585206
5.9,19303.797273929813,2.5754442326847565e-05,0.0001544523438729507,0.0001544523438729507,1.4860970045503565e-09,0.5150888465369513
5.90625,19302.648316882143,2.5796945389405146e-05,0.00015516163775820268,0.00015516163775820268,1.4946475647153943e-09,0.5159389077881029
5.9125000000000005,19301.715293659443,2.5831460469394914e-05,0.0001558678821381471,0.0001558678821381471,1.5032095651212668e-09,0.5166292093878982
5.91875,19300.999940007536,2.5857923356831855e-05,0.00015657106917236975,0.00015657106917236975,1.511780336817994e-09,0.517158467136637
5.925000000000001,19300.50384437386,2.5876275290700142e-05,0.0001572711919291829,0.0001572711919291829,1.5203571913788865e-09,0.5175255058140028
5.93125,19300.228442654505,2.5886463153274473e-05,0.0001579682443355548,0.0001579682443355548,1.5289374227710503e-09,0.5177292630654895
5.9375,19300.17501319154,2.588843965518817e-05,0.00015866222112783288,0.00015866222112783288,1.5375183092872325e-09,0.5177687931037634
5.9437500000000005,19300.34467204185,2.588216351044552e-05,0.00015935311780319208,0.00015935311780319208,1.5460971155356771e-09,0.5176432702089104
5.95,19300.738368539292,2.586759960060238e-05,0.00016004093057174297,0.00016004093057174297,1.5546710944843978e-09,0.5173519920120476
5.956250000000001,19301.356881168584,2.5844719127370227e-05,0.00016072565630923546,0.00016072565630923546,1.5632374895560346e-09,0.5168943825474045
5.9625,19302.20081377289,2.5813499752934217e-05,0.00016140729251029715,0.00016140729251029715,1.5717935367692177e-09,0.5162699950586843
5.96875,19303.270592111385,2.5773925727316223e-05,0.00016208583724214672,0.00016208583724214672,1.5803364669221475e-09,0.5154785145463244
5.9750000000000005,19304.566460781825,2.5725988002157055e-05,0.00016276128909872495,0.00016276128909872495,1.5888635078138892e-09,0.5145197600431411
5.98125,19306.088480529248,2.566968433034133e-05,0.00016343364715518786,0.00016343364715518786,1.5973718864986871e-09,0.5133936866068266
5.987500000000001,19307.836525948645,2.5605019350939125e-05,0.0001641029109227077,0.0001641029109227077,1.6058588315684348e-09,0.5121003870187825
5.99375,19309.810283599112,2.5532004658994675e-05,0.0001647690803035298,0.0001647690803035298,1.6143215754582762e-09,0.5106400931798935
6.0,19312.009250537263,2.5450658859750315e-05,0.00016543215554623426,0.00016543215554623426,1.6227573567701802e-09,0.5090131771950063
6.0062500000000005,19314.432733282578,2.536100760695563e-05,0.0001660921372011529,0.0001660921372011529,1.6311634226092123e-09,0.5072201521391126
6.0125,19317.079847218632,2.526308362497504e-05,0.00016674902607589307,0.00016674902607589307,1.6395370309271354e-09,0.5052616724995008
6.018750000000001,19319.94951644097,2.515692671447375e-05,0.0001674028231909217,0.0001674028231909217,1.6478754528678936e-09,0.503138534289475
6.025,19323.040474049765,2.5042583741528875e-05,0.0001680535297351632,0.0001680535297351632,1.6561759751094876e-09,0.5008516748305775
6.03125,19326.351262895627,2.492010861008225e-05,0.0001687011470215664,0.0001687011470215664,1.6644359021967194e-09,0.498402172201645
6.0375000000000005,19329.880236774676,2.4789562217721193e-05,0.0001693456764425968,0.0001693456764425968,1.6726525588592803e-09,0.49579124435442384
6.04375,19333.625562072833,2.4651012394843786e-05,0.00016998711942561008,0.00016998711942561008,1.6808232923096746e-09,0.4930202478968757
6.050000000000001,19337.58521985581,2.450453382733606e-05,0.00017062547738806534,0.00017062547738806534,1.6889454745155142e-09,0.49009067654672117
6.05625,19341.757008400815,2.4350207962958664e-05,0.00017126075169253557,0.00017126075169253557,1.6970165044407848e-09,0.4870041592591733
6.0625,19346.13854615904,2.4188122901709483e-05,0.00017189294360147412,0.00017189294360147412,1.7050338102507719e-09,0.48376245803418966
6.0687500000000005,19350.72727514401,2.4018373270497634e-05,0.0001725220542316968,0.0001725220542316968,1.7129948514754462e-09,0.4803674654099527
6.075,19355.520464733054,2.38410600825298e-05,0.00017314808450853876,0.00017314808450853876,1.7208971211262427e-09,0.476821201650596
6.081250000000001,19360.51521586833,2.3656290581875123e-05,0.0001737710351196464,0.0001737710351196464,1.7287381477613192e-09,0.47312581163750245
6.0875,19365.708465645555,2.346417807373621e-05,0.0001743909064683642,0.0001743909064683642,1.7365154974945571e-09,0.4692835614747242
6.09375,19371.09699227278,2.326484174101317e-05,0.00017500769862667715,0.00017500769862667715,1.7442267759437613e-09,0.4652968348202634
6.1000000000000005,19376.677420381664,2.305840644780338e-05,0.000175621411287669,0.000175621411287669,1.7518696301137287e-09,0.4611681289560676
6.10625,19382.446226674245,2.284500253053213e-05,0.00017623204371745703,0.00017623204371745703,1.7594417502100865e-09,0.4569000506106426
6.112500000000001,19388.399745883286,2.262476557745759e-05,0.00017683959470656365,0.00017683959470656365,1.7669408713800442e-09,0.45249531154915185
6.11875,19394.534177025642,2.2397836197338114e-05,0.00017744406252068556,0.00017744406252068556,1.7743647753764707e-09,0.4479567239467623
6.125,19400.845589926375,2.216435977808961e-05,0.00017804544485082005,0.00017804544485082005,1.7817112921419763e-09,0.4432871955617922
6.1312500000000005,19407.329931990134,2.192448623629655e-05,0.00017864373876270967,0.00017864373876270967,1.7889783013099683e-09,0.438489724725931
6.1375,19413.98303519538,2.167836975847013e-05,0.00017923894064556434,0.00017923894064556434,1.796163733619945e-09,0.4335673951694026
6.143750000000001,19420.800623287058,2.1426168534973484e-05,0.00017983104616002064,0.00017983104616002064,1.8032655722445976e-09,0.42852337069946966
6.15,19427.778319142206,2.116804448755408e-05,0.00018042005018529858,0.00018042005018529858,1.8102818540266013e-09,0.4233608897510816
6.15625,19434.91165228224,2.090416299143914e-05,0.00018100594676551406,0.00018100594676551406,1.817210670623293e-09,0.4180832598287828
6.1625000000000005,19442.19606650623,2.063469259296036e-05,0.00018158872905510697,0.00018158872905510697,1.8240501695577533e-09,0.41269385185920715
6.16875,19449.62692761859,2.035980472367958e-05,0.0001821683892633434,0.0001821683892633434,1.830798555175135e-09,0.40719609447359156
6.175000000000001,19457.199531225495,2.0079673411987142e-05,0.00018274491859785055,0.00018274491859785055,1.837454089503398e-09,0.40159346823974285
6.18125,19464.909110573135,1.9794474993140002e-05,0.00018331830720714373,0.00018331830720714373,1.844015093017934e-09,0.39588949986280003
6.1875,19472.750844402115,1.950438781869692e-05,0.00018388854412210328,0.00018388854412210328,1.8504799453098838e-09,0.3900877563739384
6.1937500000000005,19480.719864793817,1.920959196629366e-05,0.00018445561719636122,0.00018445561719636122,1.8568470856582554e-09,0.3841918393258732
6.2,19488.81126498008,1.8910268950681872e-05,0.00018501951304555593,0.00018501951304555593,1.8631150135062656e-09,0.37820537901363743
6.206250000000001,19497.020107097887,1.8606601436932285e-05,0.00018558021698541512,0.00018558021698541512,1.8692822888426205e-09,0.3721320287386457
6.2125,19505.34142985832,1.829877295667479e-05,0.00018613771296862667,0.00018613771296862667,1.8753475324887413e-09,0.36597545913349583
6.21875,19513.7702561136,1.7986967628217078e-05,0.00018669198352045885,0.00018669198352045885,1.8813094262932235e-09,0.3597393525643416
6.2250000000000005,19522.30160029573,1.7671369881347753e-05,0.0001872430096730915,0.0001872430096730915,1.8871667132350784e-09,0.3534273976269551
6.23125,19530.93047570858,1.7352164187592134e-05,0.00018779077089862186,0.00018779077089862186,1.892918197437567e-09,0.3470432837518427
6.237500000000001,19539.651901652807,1.702953479664696e-05,0.0001883352450407097,0.0001883352450407097,1.898562744094674e-09,0.34059069593293917
6.24375,19548.460910364236,1.670366547967639e-05,0.0001888764082448293,0.0001888764082448293,1.9040992793124944e-09,0.33407330959352777
6.25,19557.352553751894,1.637473928010544e-05,0.00018941423488709675,0.00018941423488709675,1.9095267898680214e-09,0.3274947856021088
6.2562500000000005,19566.321909914877,1.6042938272498206e-05,0.00018994869750164526,0.00018994869750164526,1.914844322888009e-09,0.3208587654499641
6.2625,19575.3640894281,1.5708443330058397e-05,0.00019047976670652345,0.00019047976670652345,1.9200509854507757e-09,0.31416886660116794
6.268750000000001,19584.474241380758,1.5371433901238448e-05,0.0001910074111280955,0.0001910074111280955,1.92514594411396e-09,0.307428678024769
6.275,19593.64755915739,1.5032087795891072e-05,0.00019153159732392613,0.00019153159732392613,1.930128424371397e-09,0.30064175591782144
6.28125,19602.87928595003,1.4690580981344236e-05,0.0001920522897041385,0.0001920522897041385,1.9349977100424025e-09,0.29381161962688473
6.2875000000000005,19612.16471999398,1.4347087388727693e-05,0.00019256945045123823,0.00019256945045123823,1.939753142596861e-09,0.2869417477745539
6.29375,19621.49921951887,1.4001778729825951e-05,0.0001930830394384023,0.0001930830394384023,1.9443941204196112e-09,0.280035574596519
6.300000000000001,19630.878207408277,1.3654824324680083e-05,0.00019359301414623932,0.00019359301414623932,1.9489200980176856e-09,0.27309648649360163
6.30625,19640.29717556591,1.3306390940109032e-05,0.00019409932957803382,0.00019409932957803382,1.953330585174031e-09,0.2661278188021806
6.3125,19649.75168898116,1.2956642639269933e-05,0.00019460193817349676,0.00019460193817349676,1.9576251460513616e-09,0.25913285278539866
6.3187500000000005,19659.237389496484,1.2605740642327706e-05,0.00019510078972105157,0.00019510078972105157,1.9618033982498312e-09,0.2521148128465541
6.325,19668.74999927276,1.2253843198255946e-05,0.0001955958312686969,0.0001955958312686969,1.9658650118222142e-09,0.2450768639651189
6.331250000000001,19678.285323953794,1.1901105467744857e-05,0.00019608700703349643,0.00019608700703349643,1.969809708250273e-09,0.23802210935489715
6.3375,19687.83925553457,1.15476794171479e-05,0.00019657425830975765,0.00019657425830975765,1.9736372593859764e-09,0.23095358834295798
6.34375,19697.40777493111,1.1193713723356359e-05,0.00019705752337597542,0.00019705752337597542,1.9773474863611855e-09,0.22387427446712718
6.3500000000000005,19706.98695426182,1.0839353689451596e-05,0.00019753673740062713,0.00019753673740062713,1.980940258469384e-09,0.21678707378903192
6.35625,19716.572958841065,1.0484741170947348e-05,0.0001980118323469231,0.0001980118323469231,1.9844154920229604e-09,0.20969482341894696
6.362500000000001,19726.162048892333,1.0130014512399457e-05,0.00019848273687662936,0.00019848273687662936,1.987773149189477e-09,0.20260029024798915
6.36875,19735.750580988646,9.775308494128843e-06,0.000198949376253097,0.000198949376253097,1.991013236810284e-09,0.19550616988257685
6.375,19745.33500922714,9.42075428877401e-06,0.00019941167224364975,0.00019941167224364975,1.99413580520473e-09,0.1884150857754802
6.3812500000000005,19754.91188614659,9.06647942736298e-06,0.0001998695430214991,0.0001998695430214991,1.997140946963125e-09,0.1813295885472596
6.3875,19764.477863395252,8.712607774570887e-06,0.00020032290306737607,0.00020032290306737607,2.0000287957315084e-09,0.17425215549141776
6.393750000000001,19774.029692161905,8.359259512808941e-06,0.00020077166307108857,0.00020077166307108857,2.002799524991136e-09,0.16718519025617884
6.4,19783.564223377165,8.006551134772271e-06,0.00020121572983323462,0.00020121572983323462,2.005453346835502e-09,0.1601310226954454
6.40625,19793.078407696245,7.654595444059131e-06,0.00020165500616732324,0.00020165500616732324,2.0079905107475647e-09,0.15309190888118263
6.4125000000000005,19802.56929527504,7.3035015634616316e-06,0.00020208939080257885,0.00020208939080257885,2.0104113023797195e-09,0.14607003126923263
6.41875,19812.034035349854,6.953374950518349e-06,0.0002025187782877267,0.0002025187782877267,2.012716042338928e-09,0.13906749901036697
6.425000000000001,19821.469875632563,6.604317419912101e-06,0.00020294305889608332,0.00020294305889608332,2.014905084979269e-09,0.13208634839824202
6.43125,19830.874161529762,6.2564271722913605e-06,0.00020336211853229892,0.00020336211853229892,2.0169788172040475e-09,0.12512854344582722
6.4375,19840.244335203268,5.909798829091842e-06,0.00020377583864112647,0.00020377583864112647,2.0189376572794377e-09,0.11819597658183684
6.4437500000000005,19849.577934477184,5.564523472934473e-06,0.00020418409611861548,0.00020418409611861548,2.0207820536615236e-09,0.11129046945868946
6.45,19858.87259160647,5.220688693178229e-06,0.00020458676322615787,0.00020458676322615787,2.0225124838384346e-09,0.10441377386356457
6.456250000000001,19868.1260319177,4.878378636210447e-06,0.0002049837075078366,0.0002049837075078366,2.02412945318915e-09,0.09756757272420893
6.4625,19877.336072332804,4.537674060063184e-06,0.0002053747917115572,0.0002053747917115572,2.0256334938604087e-09,0.09075348120126367
6.46875,19886.50061978604,4.198652392951661e-06,0.00020575987371446725,0.00020575987371446725,2.0270251636630185e-09,0.08397304785903323
6.4750000000000005,19895.617669547115,3.861387795340451e-06,0.00020613880645319564,0.00020613880645319564,2.028305044988742e-09,0.07722775590680903
6.48125,19904.6853034576,3.5259512251531383e-06,0.00020651143785946872,0.00020651143785946872,2.0294737437487914e-09,0.07051902450306277
6.487500000000001,19913.701688093424,3.1924105057535036e-06,0.00020687761080168677,0.00020687761080168677,2.0305318883348614e-09,0.06384821011507007
6.49375,19922.665072862324,2.860830396338938e-06,0.0002072371630330682,0.0002072371630330682,2.031480128603491e-09,0.05721660792677876
6.5,19931.57378804473,2.5312726644007145e-06,0.00020758992714699117,0.00020758992714699117,2.0323191348844423e-09,0.05062545328801429
6.5062500000000005,19940.42624278825,2.203796159920479e-06,0.00020793573054018688,0.00020793573054018688,2.033049597013676e-09,0.044075923198409576
6.5125,19949.220923063258,1.8784568909876142e-06,0.00020827439538445659,0.00020827439538445659,2.033672223391387e-09,0.03756913781975228
6.518750000000001,19957.956389589188,1.5553081005379294e-06,0.00020860573860760666,0.00020860573860760666,2.034187740065477e-09,0.031106162010758588
6.525,19966.631275736192,1.234400343930311e-06,0.00020892957188430917,0.00020892957188430917,2.0345968898407388e-09,0.02468800687860622
6.53125,19975.24428541416,9.157815670946942e-07,0.00020924570163761397,0.00020924570163761397,2.0349004314139475e-09,0.018315631341893884
6.5375000000000005,19983.794190950084,5.994971850008704e-07,0.00020955392905184808,0.00020955392905184808,2.0350991385349552e-09,0.011989943700017408
6.54375,19992.27983096557,2.8559016021485293e-07,0.00020985405009764886,0.00020985405009764886,2.0351937991938276e-09,0.005711803204297059
6.550000000000001,20000.70010825643,-2.5898918674378396e-08,0.00021014585556988297,0.00021014585556988297,2.0351852148339743e-09,-0.0005179783734875679
6.55625,20009.053987681138,-3.3493175895831864e-07,0.00021042913113920801,0.00021042913113920801,2.0350741995911645e-09,-0.006698635179166373
6.5625,20017.340494064312,-6.41472286226838e-07,0.00021070365741803184,0.00021070365741803184,2.034861579558258e-09,-0.01282944572453676
6.5687500000000005,20025.558710117282,-9.454865674693111e-07,0.0002109692100416211,0.0002109692100416211,2.0345481920754245e-09,-0.01890973134938622
6.575,20033.707774382317,-1.246942735012027e-06,0.00021122555976510262,0.00021122555976510262,2.034134885045575e-09,-0.02493885470024054
6.581250000000001,20041.786879203093,-1.545810911430074e-06,0.00021147247257708877,0.00021147247257708877,2.0336225162746824e-09,-0.03091621822860148
6.5875,20049.795268723687,-1.8420631355575183e-06,0.00021170970983064012,0.00021170970983064012,2.033011952836623e-09,-0.03684126271115037
6.59375,20057.732236922213,-2.1356732897055976e-06,0.00021193702839225842,0.00021193702839225842,2.032304070462147e-09,-0.042713465794111956
6.6000000000000005,20065.59712567779,-2.4266170281855914e-06,0.0002121541808095755,0.0002121541808095755,2.0314997529515345e-09,-0.04853234056371183
6.60625,20073.38932287628,-2.714871707220156e-06,0.00021236091549837162,0.00021236091549837162,2.0305998916104906e-09,-0.05429743414440312
6.612500000000001,20081.108260554796,-3.0004163163149904e-06,0.00021255697694952085,0.00021255697694952085,2.02960538470878e-09,-0.06000832632629981
6.61875,20088.753413087914,-3.2832314111513363e-06,0.0002127421059564177,0.0002127421059564177,2.0285171369611097e-09,-0.06566462822302672
6.625,20096.324295416325,-3.5632990480490404e-06,0.00021291603986339124,0.00021291603986339124,2.0273360590297324e-09,-0.07126598096098082
6.6312500000000005,20103.8204613181,-3.84060272004013e-06,0.00021307851283556103,0.00021307851283556103,2.02606306704824e-09,-0.07681205440080259
6.6375,20111.2415017252,-4.1151272945832515e-06,0.00021322925615052757,0.00021322925615052757,2.024699082166e-09,-0.08230254589166502
6.643750000000001,20118.587043084965,-4.386858952940884e-06,0.00021336799851222788,0.00021336799851222788,2.0232450301126876e-09,-0.08773717905881767
6.65,20125.856745766258,-4.6557851312332304e-06,0.00021349446638721409,0.00021349446638721409,2.0217018407823554e-09,-0.0931157026246646
6.65625,20133.05030251186,-4.921894463175264e-06,0.0002136083843635392,0.0002136083843635392,2.0200704478364824e-09,-0.09843788926350527
6.6625000000000005,20140.16743693591,-5.185176724496891e-06,0.00021370947553235153,0.00021370947553235153,2.018351788325447e-09,-0.10370353448993783
6.66875,20147.20790206677,-5.445622779039977e-06,0.00021379746189221347,0.00021379746189221347,2.0165468023278643e-09,-0.10891245558079954
6.675000000000001,20154.171478934702,-5.703224526520639e-06,0.00021387206477606888,0.00021387206477606888,2.01465643260724e-09,-0.11406449053041279
6.68125,20161.057975204887,-5.957974851940233e-06,0.00021393300530068646,0.00021393300530068646,2.0126816242853902e-09,-0.11915949703880466
6.6875,20167.86722385317,-6.209867576624085e-06,0.0002139800048383063,0.0002139800048383063,2.0106233245320925e-09,-0.12419735153248171
6.6937500000000005,20174.599081886347,-6.458897410863312e-06,0.00021401278551011208,0.00021401278551011208,2.0084824822704317e-09,-0.12917794821726625
6.7,20181.253429104603,-6.705059908131588e-06,0.00021403107070104135,0.00021403107070104135,2.0062600478973214e-09,-0.13410119816263175
6.706250000000001,20187.830166905187,-6.948351420845963e-06,0.00021403458559533616,0.00021403458559533616,2.00395697301869e-09,-0.13896702841691927
6.7125,20194.329217127255,-7.188769057638272e-06,0.00021402305773211985,0.00021402305773211985,2.0015742101988274e-09,-0.14377538115276545
6.71875,20200.75052093808,-7.426310642101601e-06,0.0002139962175801692,0.0002139962175801692,1.9991127127234082e-09,-0.14852621284203202
6.7250000000000005,20207.094037754796,-7.660974672974951e-06,0.0002139537991309329,0.0002139537991309329,1.9965734343757086e-09,-0.15321949345949903
6.73125,20213.359744206922,-7.892760285727307e-06,0.0002138955405087252,0.0002138955405087252,1.9939573292255595e-09,-0.15785520571454614
6.737500000000001,20219.547633135157,-8.121667215501845e-06,0.00021382118459690514,0.00021382118459690514,1.9912653514305804e-09,-0.1624333443100369
6.74375,20225.65771262402,-8.347695761380086e-06,0.00021373047967873,0.00021373047967873,1.9884984550492583e-09,-0.16695391522760172
6.75,20231.69000507169,-8.570846751925183e-06,0.00021362318009145206,0.00021362318009145206,1.9856575938654474e-09,-0.17141693503850366
6.7562500000000005,20237.644546291376,-8.791121511963622e-06,0.00021349904689210996,0.00021349904689210996,1.9827437212238796e-09,-0.17582243023927244
6.7625,20243.521384645617,-9.008521830564409e-06,0.000213357848533351,0.000213357848533351,1.9797577898762894e-09,-0.18017043661128818
6.768750000000001,20249.32058021242,-9.22304993017497e-06,0.00021319936154750644,0.00021319936154750644,1.9767007518377664e-09,-0.18446099860349938
6.775,20255.042203980705,-9.434708436873416e-06,0.00021302337123703616,0.00021302337123703616,1.9735735582529705e-09,-0.1886941687374683
6.78125,20260.686337075647,-9.643500351697345e-06,0.00021282967236935192,0.00021282967236935192,1.9703771592718488e-09,-0.19287000703394688
6.7875000000000005,20266.25307001153,-9.849429023009852e-06,0.00021261806987393365,0.00021261806987393365,1.9671125039345117e-09,-0.19698858046019704
6.79375,20271.742501971235,-1.0052498119864309e-05,0.00021238837953955862,0.00021238837953955862,1.9637805400649394e-09,-0.20104996239728617
6.800000000000001,20277.154740112557,-1.0252711606330103e-05,0.0002121404287093808,0.0002121404287093808,1.960382214173196e-09,-0.20505423212660207
6.80625,20282.489898899796,-1.0450073716742554e-05,0.00021187405697151927,0.00021187405697151927,1.9569184713658484e-09,-0.20900147433485108
6.8125,20287.74809945782,-1.0644588931841207e-05,0.00021158911684274821,0.00021158911684274821,1.9533902552642946e-09,-0.21289177863682412
6.8187500000000005,20292.929468950246,-1.0836261955761633e-05,0.00021128547444282085,0.00021128547444282085,1.9497985079307165e-09,-0.21672523911523267
6.825,20298.03413998006,-1.1025097693846924e-05,0.00021096301015691203,0.00021096301015691203,1.94614416980139e-09,-0.2205019538769385
6.831250000000001,20303.062250010596,-1.1211101231246213e-05,0.00021062161928362682,0.00021062161928362682,1.9424281796270855e-09,-0.22422202462492427
6.8375,20308.01394080784,-1.1394277812268581e-05,0.00021026121266599468,0.00021026121266599468,1.9386514744203145e-09,-0.22788555624537163
6.84375,20312.889357901848,-1.1574632820461844e-05,0.00020988171730285587,0.00020988171730285587,1.934814989409177e-09,-0.23149265640923689
6.8500000000000005,20317.688650066237,-1.175217175938692e-05,0.00020948307693804328,0.00020948307693804328,1.9309196579975843e-09,-0.23504343518773838
6.85625,20322.411968818436,-1.1926900234059224e-05,0.00020906525262477427,0.00020906525262477427,1.9269664117316285e-09,-0.2385380046811845
6.862500000000001,20327.059467932453,-1.209882393303034e-05,0.00020862822326269087,0.00020862822326269087,1.922956180271897e-09,-0.24197647866060681
6.86875,20331.63130297401,-1.2267948611083413e-05,0.00020817198610502326,0.00020817198610502326,1.9188898913715162e-09,-0.24535897222166828
6.875,20336.127630846782,-1.2434280072517502e-05,0.00020769655723340335,0.00020769655723340335,1.914768470859743e-09,-0.24868560145035004
6.8812500000000005,20340.548609356516,-1.2597824154996869e-05,0.00020720197199791825,0.00020720197199791825,1.910592842630902e-09,-0.2519564830999374
6.8875,20344.8943967887,-1.2758586713942152e-05,0.00020668828542007287,0.00020668828542007287,1.906363928638503e-09,-0.25517173427884304
6.893750000000001,20349.165151501173,-1.2916573607441549e-05,0.00020615557255642184,0.00020615557255642184,1.902082648894354e-09,-0.25833147214883095
6.9,20353.361031529737,-1.3071790681660933e-05,0.00020560392882073666,0.00020560392882073666,1.8977499214725164e-09,-0.26143581363321866
6.90625,20357.482194205822,-1.3224243756732954e-05,0.00020503347026269242,0.00020503347026269242,1.8933666625179304e-09,-0.26448487513465907
6.9125000000000005,20361.5287957886,-1.3373938613105845e-05,0.00020444433380118843,0.00020444433380118843,1.8889337862595713e-09,-0.2674787722621169
6.91875,20365.50099110739,-1.3520880978333793e-05,0.00020383667741056315,0.00020383667741056315,1.8844522050279792e-09,-0.27041761956667587
6.925000000000001,20369.39893321564,-1.366507651429146e-05,0.00020321068025811706,0.00020321068025811706,1.8799228292770316e-09,-0.2733015302858292
6.93125,20373.222773057005,-1.380653080479599e-05,0.00020256654279152386,0.00020256654279152386,1.875346567609813e-09,-0.27613061609591977
6.9375,20376.97265914116,-1.3945249343620752e-05,0.00020190448677488937,0.00020190448677488937,1.8707243268084642e-09,-0.27890498687241505
6.9437500000000005,20380.64873722962,-1.4081237522885926e-05,0.00020122475527240195,0.00020122475527240195,1.8660570118678716e-09,-0.2816247504577185
6.95,20384.25115003192,-1.4214500621811463e-05,0.0002005276125787151,0.0002005276125787151,1.861345526033092e-09,-0.28429001243622926
6.956250000000001,20387.780036911445,-1.4345043795818948e-05,0.00019981334409540554,0.00019981334409540554,1.856590770840385e-09,-0.286900875916379
6.9625,20391.23553359894,-1.4472872065969592e-05,0.00019908225615306044,0.00019908225615306044,1.8517936461617477e-09,-0.28945744131939183
6.96875,20394.6177719165,-1.4597990308725932e-05,0.00019833467577876329,0.00019833467577876329,1.8469550502528435e-09,-0.29195980617451867
6.9750000000000005,20397.92687950949,-1.4720403246025834e-05,0.00019757095040896712,0.00019757095040896712,1.8420758798042191e-09,-0.2944080649205167
6.98125,20401.162979585188,-1.484011543565788e-05,0.00019679144754796864,0.00019679144754796864,1.8371570299957137e-09,-0.2968023087131576
6.987500000000001,20404.32619066176,-1.4957131261927623e-05,0.0001959965543724208,0.0001959965543724208,1.8321993945539607e-09,-0.29914262523855245
6.99375,20407.416626323033,-1.5071454926605149e-05,0.00019518667728254921,0.00019518667728254921,1.8272038658128905e-09,-0.301429098532103
7.0,20410.43439498082,-1.5183090440144626e-05,0.00019436224140096197,0.00019436224140096197,1.8221713347771428e-09,-0.3036618088028925
7.0062500000000005,20413.37959964502,-1.5292041613167314e-05,0.00019352369002016763,0.00019352369002016763,1.8171026911883033e-09,-0.3058408322633463
7.0125,20416.252337700593,-1.53983120481998e-05,0.0001926714840001359,0.0001926714840001359,1.8119988235938773e-09,-0.307966240963996
7.018750000000001,20419.052700689983,-1.5501905131660052e-05,0.00019180610111745256,0.00019180610111745256,1.8068606194189207e-09,-0.31003810263320103
7.025,20421.780774104227,-1.5602824026084103e-05,0.00019092803536782985,0.00019092803536782985,1.8016889650402467e-09,-0.31205648052168206
7.03125,20424.436637178165,-1.570107166258691e-05,0.00019003779622393834,0.00019003779622393834,1.796484745863132e-09,-0.3140214332517382
7.0375000000000005,20427.02036269297,-1.579665073355136e-05,0.00018913590785071976,0.00018913590785071976,1.7912488464004463e-09,-0.3159330146710272
7.04375,20429.532016785037,-1.588956368553981e-05,0.00018822290828052793,0.00018822290828052793,1.7859821503541302e-09,-0.3177912737107962
7.050000000000001,20431.971658760067,-1.5979812712423154e-05,0.00018729934855061901,0.00018729934855061901,1.7806855406989527e-09,-0.3195962542484631
7.05625,20434.339340912356,-1.606739974872297e-05,0.00018636579180567603,0.00018636579180567603,1.775359899768473e-09,-0.3213479949744594
7.0625,20436.635108351453,-1.6152326463162517e-05,0.00018542281236820436,0.00018542281236820436,1.770006109343141e-09,-0.32304652926325034
7.0687500000000005,20438.858998833188,-1.623459425242311e-05,0.00018447099477977155,0.00018447099477977155,1.764625050740469e-09,-0.3246918850484622
7.075,20441.01104259564,-1.631420423510289e-05,0.0001835109328161884,0.0001835109328161884,1.7592176049072017e-09,-0.3262840847020578
7.081250000000001,20443.091262202,-1.6391157245875286e-05,0.0001825432284798364,0.0001825432284798364,1.7537846525134267e-09,-0.32782314491750575
7.0875,20445.09967238756,-1.646545382984521e-05,0.00018156849097243825,0.00018156849097243825,1.7483270740485529e-09,-0.3293090765969042
7.09375,20447.036279913336,-1.6537094237101417e-05,0.0001805873356516453,0.0001805873356516453,1.7428457499190957e-09,-0.3307418847420283
7.1000000000000005,20448.90108342226,-1.6606078417464142e-05,0.00017960038297487425,0.00017960038297487425,1.737341560548203e-09,-0.33212156834928286
7.10625,20450.694073304654,-1.6672406015427326e-05,0.00017860825743386803,0.00017860825743386803,1.7318153864768573e-09,-0.33344812030854654
7.112500000000001,20452.41523156483,-1.673607636529581e-05,0.00017761158648348145,0.00017761158648348145,1.7262681084666902e-09,-0.3347215273059162
7.11875,20454.064531696367,-1.6797088486517923e-05,0.00017661099946819948,0.00017661099946819948,1.720700607604343e-09,-0.33594176973035844
7.125,20455.64193856051,-1.685544107921485e-05,0.00017560712654988715,0.00017560712654988715,1.7151137654073104e-09,-0.337108821584297
7.1312500000000005,20457.147408270906,-1.691113251990855e-05,0.00017460059764024338,0.00017460059764024338,1.7095084639311986e-09,-0.338222650398171
7.1375,20458.580888083317,-1.696416085745082e-05,0.00017359204134138775,0.00017359204134138775,1.7038855858783348e-09,-0.3392832171490164
7.143750000000001,20459.94231629153,-1.7014523809156433e-05,0.00017258208389794958,0.00017258208389794958,1.6982460147076561e-09,-0.3402904761831287
7.15,20461.231622128103,-1.7062218757144317e-05,0.0001715713481639527,0.0001715713481639527,1.692590634745813e-09,-0.34124437514288636
7.15625,20462.448725671085,-1.7107242744891154e-05,0.00017056045258769849,0.00017056045258769849,1.6869203312994145e-09,-0.3421448548978231
7.1625000000000005,20463.59353775764,-1.714959247400251e-05,0.00016955001021774289,0.00016955001021774289,1.6812359907683428e-09,-0.34299184948005024
7.16875,20464.665959901355,-1.718926430120765e-05,0.00016854062773294398,0.00016854062773294398,1.6755385007600654e-09,-0.343785286024153
7.175000000000001,20465.665884218164,-1.72262542355845e-05,0.00016753290449942276,0.00016753290449942276,1.669828750204866e-09,-0.34452508471169
7.18125,20466.593193357876,-1.726055793602234e-05,0.00016652743165713484,0.00016652743165713484,1.6641076294719169e-09,-0.34521115872044683
7.1875,20467.447760441577,-1.7292170708930542e-05,0.00016552479123859397,0.00016552479123859397,1.6583760304861106e-09,-0.34584341417861086
7.1937500000000005,20468.229449007762,-1.7321087506202506e-05,0.00016452555532212073,0.00016452555532212073,1.6526348468455662e-09,-0.34642175012405013
7.2,20468.938112962354,-1.7347302923444922e-05,0.00016353028522181486,0.00016353028522181486,1.6468849739397231e-09,-0.3469460584688984
7.206250000000001,20469.57359654079,-1.7370811198483143e-05,0.0001625395307162649,0.0001625395307162649,1.64112730906793e-09,-0.3474162239696629
7.2125,20470.135734273357,-1.739160621015484e-05,0.00016155382931781794,0.00016155382931781794,1.6353627515584334e-09,-0.3478321242030968
7.21875,20470.62435096207,-1.7409681477404573e-05,0.00016057370558403717,0.00016057370558403717,1.6295922028876658e-09,-0.34819362954809147
7.2250000000000005,20471.03926166464,-1.7425030158693376e-05,0.0001595996704727725,0.0001595996704727725,1.623816566799732e-09,-0.34850060317386755
7.23125,20471.380271685855,-1.7437645051738264e-05,0.00015863222074206798,0.00015863222074206798,1.6180367494259781e-09,-0.34875290103476525
7.237500000000001,20471.647176582126,-1.744751859359754e-05,0.0001576718383959217,0.0001576718383959217,1.6122536594045355e-09,-0.34895037187195077
7.24375,20471.839762172254,-1.7454642861119192e-05,0.0001567189901767103,0.0001567189901767103,1.6064682079997135e-09,-0.34909285722238387
7.25,20471.95780455955,-1.7459009571770544e-05,0.00015577412710488195,0.00015577412710488195,1.6006813092211199e-09,-0.3491801914354109
7.2562500000000005,20472.001070166563,-1.7460610084868453e-05,0.00015483768406631977,0.00015483768406631977,1.5948938799423707e-09,-0.34921220169736905
7.2625,20471.969315778555,-1.7459435403230732e-05,0.00015391007944757514,0.00015391007944757514,1.5891068400192552e-09,-0.34918870806461466
7.268750000000001,20471.86228860004,-1.745547617527055e-05,0.0001529917148189737,0.0001529917148189737,1.5833211124072048e-09,-0.349109523505411
7.275,20471.679726324353,-1.7448722697556675e-05,0.00015208297466540445,0.00015208297466540445,1.5775376232779146e-09,-0.3489744539511335
7.28125,20471.42135721699,-1.743916491786372e-05,0.0001511842261644161,0.0001511842261644161,1.5717573021349527e-09,-0.34878329835727445
7.2875000000000005,20471.086900210048,-1.7426792438738068e-05,0.00015029581901106505,0.00015029581901106505,1.565981081928189e-09,-0.34853584877476135
7.29375,20470.676065014977,-1.741159452160575e-05,0.00014941808528878787,0.00014941808528878787,1.560209899166862e-09,-0.348231890432115
7.300000000000001,20470.188552248066,-1.739356009145062e-05,0.00014855133938540717,0.00014855133938540717,1.554444694031093e-09,-0.3478712018290124
7.30625,20469.624053573785,-1.7372677742091526e-05,0.00014769587795322633,0.00014769587795322633,1.5486864104816547e-09,-0.3474535548418305
7.3125,20468.982251863872,-1.7348935742089263e-05,0.00014685197991202306,0.00014685197991202306,1.5429359963677792e-09,-0.3469787148417853
7.3187500000000005,20468.26282137502,-1.7322322041314654e-05,0.0001460199064936184,0.0001460199064936184,1.5371944035327899e-09,-0.34644644082629306
7.325,20467.4654279457,-1.7292824278210635e-05,0.00014519990132657313,0.00014519990132657313,1.5314625879173256e-09,-0.3458564855642127
7.331250000000001,20466.589729211806,-1.7260429787782282e-05,0.00014439219055945246,0.00014439219055945246,1.5257415096599186e-09,-0.34520859575564566
7.3375,20465.635374842004,-1.7225125610349984e-05,0.00014359698302099732,0.00014359698302099732,1.5200321331946676e-09,-0.3445025122069997
7.34375,20464.60200679895,-1.718689850110162e-05,0.00014281447041545174,0.00014281447041545174,1.5143354273457487e-09,-0.3437379700220324
7.3500000000000005,20463.489259617243,-1.7145734940481305e-05,0.00014204482755121784,0.00014204482755121784,1.5086523654184792e-09,-0.3429146988096261
7.35625,20462.296760708992,-1.7101621145452592e-05,0.0001412882126009433,0.0001412882126009433,1.5029839252866513e-09,-0.34203242290905184
7.362500000000001,20461.02413069334,-1.7054543081675235e-05,0.00014054476739109166,0.00014054476739109166,1.4973310894758276e-09,-0.3410908616335047
7.36875,20459.670983750966,-1.7004486476635378e-05,0.0001398146177190028,0.0001398146177190028,1.4916948452422851e-09,-0.34008972953270755
7.375,20458.236928005863,-1.6951436833769658e-05,0.00013909787369541875,0.00013909787369541875,1.4860761846472786e-09,-0.3390287366753932
7.3812500000000005,20456.72156593536,-1.6895379447624373e-05,0.00013839463011042918,0.00013839463011042918,1.4804761046262777e-09,-0.33790758895248746
7.3875,20455.124494808668,-1.6836299420091324e-05,0.00013770496682078169,0.00013770496682078169,1.4748956070528244e-09,-0.3367259884018265
7.393750000000001,20453.44530715656,-1.6774181677762226e-05,0.00013702894915650023,0.00013702894915650023,1.4693356987966366e-09,-0.3354836335552445
7.4,20451.683591270794,-1.6709010990443926e-05,0.00013636662834476778,0.00013636662834476778,1.4637973917755757e-09,-0.3341802198088785
7.40625,20449.83893173916,-1.6640771990876386e-05,0.00013571804194904678,0.00013571804194904678,1.4582817030010782e-09,-0.3328154398175277
7.4125000000000005,20447.910910009647,-1.656944919569582e-05,0.00013508321432144024,0.00013508321432144024,1.4527896546166395e-09,-0.3313889839139164
7.41875,20445.899104993983,-1.649502702768434e-05,0.00013446215706633342,0.00013446215706633342,1.447322273928922e-09,-0.32990054055368684
7.425000000000001,20443.803093703686,-1.6417489839347543e-05,0.00013385486951340034,0.00013385486951340034,1.4418805934310481e-09,-0.32834979678695086
7.43125,20441.622451925075,-1.633682193786046e-05,0.00013326133919811084,0.00013326133919811084,1.436465650817627e-09,-0.3267364387572092
7.4375,20439.35675493167,-1.625300761142126e-05,0.0001326815423479329,0.0001326815423479329,1.431078488991043e-09,-0.3250601522284252
7.4437500000000005,20437.00557823484,-1.6166031157051268e-05,0.00013211544437248855,0.00013211544437248855,1.4257201560585317e-09,-0.32332062314102533
7.45,20434.56849837688,-1.607587690987786e-05,0.00013156300035599124,0.00013156300035599124,1.4203917053195497e-09,-0.3215175381975572
7.456250000000001,20432.0450937623,-1.598252927393568e-05,0.00013102415555036665,0.00013102415555036665,1.4150941952429346e-09,-0.3196505854787136
7.4625,20429.434945532998,-1.5885972754519128e-05,0.00013049884586753676,0.00013049884586753676,1.4098286894333414e-09,-0.3177194550903826
7.46875,20426.73763848542,-1.578619199211709e-05,0.00012998699836942848,0.00012998699836942848,1.4045962565864326e-09,-0.3157238398423418
7.4750000000000005,20423.952762031764,-1.5683171797958233e-05,0.00012948853175435144,0.00012948853175435144,1.3993979704322842e-09,-0.3136634359591647
7.48125,20421.079911204506,-1.5576897191192245e-05,0.000129003356838476,0.000129003356838476,1.3942349096664696e-09,-0.3115379438238449
7.487500000000001,20418.118687706905,-1.5467353437729167e-05,0.00012853137703122968,0.00012853137703122968,1.3891081578682694e-09,-0.30934706875458334
7.49375,20415.068701007905,-1.535452609075565e-05,0.00012807248880351913,0.00012807248880351913,1.384018803405451e-09,-0.30709052181511304
7.5,20411.929569483116,-1.5238401032942742e-05,0.00012762658214777144,0.00012762658214777144,1.37896793932506e-09,-0.30476802065885483
7.5062500000000005,20408.700921601718,-1.5118964520355906e-05,0.0001271935410288795,0.0001271935410288795,1.3739566632296559e-09,-0.30237929040711814
7.5125,20405.382397160036,-1.4996203228073296e-05,0.00012677324382522203,0.00012677324382522203,1.3689860771384267e-09,-0.2999240645614659
7.518750000000001,20401.973648560568,-1.4870104297513327e-05,0.0001263655637590163,0.0001263655637590163,1.364057287332619e-09,-0.29740208595026657
7.525,20398.47434213758,-1.4740655385467557e-05,0.00012597036931534563,0.00012597036931534563,1.3591714041847138e-09,-0.29481310770935115
7.53125,20394.884159528585,-1.4607844714829002e-05,0.00012558752464928834,0.00012558752464928834,1.3543295419707876e-09,-0.29215689429658004
7.5375000000000005,20391.202799090373,-1.4471661127000443e-05,0.00012521688998065427,0.00012521688998065427,1.3495328186655053e-09,-0.28943322254000886
7.54375,20387.42997736129,-1.4332094135960562e-05,0.0001248583219759131,0.0001248583219759131,1.344782355719189e-09,-0.2866418827192112
7.550000000000001,20383.56543056661,-1.4189133983959507e-05,0.00012451167411697543,0.00012451167411697543,1.3400792778164286e-09,-0.28378267967919013
7.55625,20379.608916167075,-1.4042771698808427e-05,0.00012417679705655765,0.00012417679705655765,1.3354247126157027e-09,-0.2808554339761685
7.5625,20375.560214450023,-1.3892999152720135e-05,0.000123853538959932,0.000123853538959932,1.3308197904694962e-09,-0.2778599830544027
7.5687500000000005,20371.419130158898,-1.3739809122650994e-05,0.00012354174583292744,0.00012354174583292744,1.326265644124417e-09,-0.2747961824530199
7.575,20367.185494166308,-1.3583195352085455e-05,0.00012324126183610933,0.00012324126183610933,1.3217634084008352e-09,-0.2716639070417091
7.581250000000001,20362.859165178357,-1.3423152614197774e-05,0.00012295192958512328,0.00012295192958512328,1.3173142198515846e-09,-0.26846305228395545
7.5875,20358.440031479608,-1.325967677631599e-05,0.00012267359043724246,0.00012267359043724246,1.3129192163992996e-09,-0.2651935355263198
7.59375,20353.928012707216,-1.3092764865605569e-05,0.0001224060847642084,0.0001224060847642084,1.308579536951979e-09,-0.2618552973121114
7.6000000000000005,20349.323061657844,-1.2922415135880988e-05,0.00012214925221150098,0.00012214925221150098,1.3042963209964061e-09,-0.25844830271761976
7.60625,20344.62516612095,-1.2748627135444975e-05,0.00012190293194421565,0.00012190293194421565,1.3000707081690817e-09,-0.2549725427088995
7.612500000000001,20339.834350737954,-1.2571401775845777e-05,0.00012166696287976534,0.00012166696287976534,1.2959038378043688e-09,-0.2514280355169155
7.61875,20334.950678882113,-1.2390741401434367e-05,0.00012144118390765819,0.00012144118390765819,1.2917968484595799e-09,-0.24781482802868735
7.625,20329.974254557063,-1.220664985959386e-05,0.00012122543409663408,0.00012122543409663408,1.2877508774167884e-09,-0.2441329971918772
7.6312500000000005,20324.905224309772,-1.2019132571504663e-05,0.00012101955288946957,0.00012101955288946957,1.2837670601611831e-09,-0.24038265143009327
7.6375,20319.74377915484,-1.1828196603299764e-05,0.00012082338028578639,0.00012082338028578639,1.279846529835839e-09,-0.2365639320659953
7.643750000000001,20314.490156502823,-1.1633850737455653e-05,0.00012063675701321703,0.00012063675701321703,1.2759904166728232e-09,-0.23267701474911306
7.65,20309.14464209304,-1.1436105544255404e-05,0.00012045952468730057,0.00012045952468730057,1.2721998474006163e-09,-0.22872211088510808
7.65625,20303.707571922703,-1.1234973453152076e-05,0.0001202915259604944,0.0001202915259604944,1.268475944627878e-09,-0.2246994690630415
7.6625000000000005,20298.1793341684,-1.1030468823851903e-05,0.00012013260466070033,0.00012013260466070033,1.2648198262036536e-09,-0.22060937647703807
7.66875,20292.560371094616,-1.082260801692893e-05,0.00011998260591971098,0.00011998260591971098,1.261232604554172e-09,-0.2164521603385786
7.675000000000001,20286.85118094467,-1.0611409463774797e-05,0.0001198413762919895,0.0001198413762919895,1.2577153859964616e-09,-0.21222818927549594
7.68125,20281.05231980893,-1.0396893735679942e-05,0.00011970876386419847,0.00011970876386419847,1.254269270029067e-09,-0.20793787471359884
7.6875,20275.16440346191,-1.0179083611835917e-05,0.00011958461835589592,0.00011958461835589592,1.250895348600226e-09,-0.20358167223671833
7.6937500000000005,20269.188109166236,-9.95800414604164e-06,0.00011946879121181516,0.00011946879121181516,1.247594705353937e-09,-0.19916008292083281
7.7,20263.12417743501,-9.733682731890931e-06,0.0001193611356861432,0.0001193611356861432,1.2443684148544189e-09,-0.19467365463781863
7.706250000000001,20256.973413745927,-9.506149166213242e-06,0.0001192615069192079,0.0001192615069192079,1.2412175417895438e-09,-0.19012298332426486
7.7125,20250.736690203354,-9.275435710535011e-06,0.00011916976200697813,0.00011916976200697813,1.2381431401538973e-09,-0.18550871421070023
7.71875,20244.414947140005,-9.041577150325113e-06,0.00011908576006377479,0.00011908576006377479,1.2351462524122022e-09,-0.18083154300650225
7.7250000000000005,20238.009194651277,-8.804610851785062e-06,0.00011900936227858095,0.00011900936227858095,1.2322279086439182e-09,-0.17609221703570124
7.73125,20231.52051405851,-8.56457681594196e-06,0.00011894043196533115,0.00011894043196533115,1.2293891256699124e-09,-0.1712915363188392
7.737500000000001,20224.950059291314,-8.321517729801287e-06,0.00011887883460754874,0.00011887883460754874,1.226630906162175e-09,-0.16643035459602573
7.74375,20218.29905818379,-8.075479014315826e-06,0.0001188244378976889,0.0001188244378976889,1.223954237737635e-09,-0.1615095802863165
7.75,20211.568813679605,-7.82650886892749e-06,0.00011877711177153405,0.00011877711177153405,1.221360092037212e-09,-0.15653017737854982
7.7562500000000005,20204.760704936038,-7.574658312440684e-06,0.00011873672843797492,0.00011873672843797492,1.2188494237913225e-09,-0.15149316624881368
7.7625,20197.87618832403,-7.319981219987753e-06,0.0001187031624044981,0.0001187031624044981,1.2164231698731296e-09,-0.14639962439975507
7.768750000000001,20190.916798314556,-7.062534355851275e-06,0.00011867629049868851,0.00011867629049868851,1.2140822483409177e-09,-0.1412506871170255
7.775,20183.884148248217,-6.8023774019120046e-06,0.00011865599188604088,0.00011865599188604088,1.2118275574710355e-09,-0.1360475480382401
7.78125,20176.77993097993,-6.5395729814974245e-06,0.00011864214808436144,0.00011864214808436144,1.209659974782935e-09,-0.13079145962994848
7.7875000000000005,20169.605919393,-6.2741866784125645e-06,0.0001186346429750278,0.0001186346429750278,1.2075803560579025e-09,-0.1254837335682513
7.79375,20162.36396677786,-6.0062870509427085e-06,0.00011863336281136079,0.00011863336281136079,1.2055895343531488e-09,-0.12012574101885418
7.800000000000001,20155.056007069743,-5.735945640626702e-06,0.00011863819622434989,0.00011863819622434989,1.2036883190129903e-09,-0.11471891281253403
7.80625,20147.68405493835,-5.463236975609942e-06,0.00011864903422595948,0.00011864903422595948,1.2018774946789202e-09,-0.10926473951219884
7.8125,20140.250205727545,-5.188238568397291e-06,0.00011866577021023124,0.00011866577021023124,1.200157820300423e-09,-0.10376477136794583
7.8187500000000005,20132.756635238922,-4.9110309078386165e-06,0.00011868829995238461,0.00011868829995238461,1.1985300281484467e-09,-0.09822061815677233
7.825,20125.205599355206,-4.631697445193273e-06,0.00011871652160610571,0.00011871652160610571,1.1969948228334933e-09,-0.09263394890386545
7.831250000000001,20117.59943349908,-4.350324574134339e-06,0.00011875033569920193,0.00011875033569920193,1.1955528803303373e-09,-0.08700649148268677
7.8375,20109.940551925672,-4.067001604568942e-06,0.00011878964512778948,0.00011878964512778948,1.1942048470114214e-09,-0.08134003209137884
7.84375,20102.231446845424,-3.781820730167525e-06,0.00011883435514916781,0.00011883435514916781,1.1929513386910153e-09,-0.0756364146033505
7.8500000000000005,20094.474687373175,-3.494876989512472e-06,0.00011888437337352598,0.00011888437337352598,1.1917929396822511e-09,-0.06989753979024944
7.85625,20086.672918303728,-3.2062682207947084e-06,0.00011893960975461433,0.00011893960975461433,1.190730201869176e-09,-0.06412536441589417
7.862500000000001,20078.828858711215,-2.9160950100060332e-06,0.00011899997657950546,0.00011899997657950546,1.1897636437959762e-09,-0.058321900200120666
7.86875,20070.945300372343,-2.6244606325947496e-06,0.00011906538845755855,0.00011906538845755855,1.1888937497755395e-09,-0.05248921265189499
7.875,20063.025106011726,-2.331470988572744e-06,0.00011913576230869248,0.00011913576230869248,1.1881209690195273e-09,-0.04662941977145488
7.8812500000000005,20055.07120737118,-2.0372345310831445e-06,0.00011921101735106395,0.00011921101735106395,1.1874457147921228e-09,-0.04074469062166289
7.8875,20047.0866031024,-1.7418621884593426e-06,0.00011929107508823883,0.00011929107508823883,1.186868363589614e-09,-0.03483724376918685
7.893750000000001,20039.07435648644,-1.4454672798279922e-06,0.00011937585929593743,0.00011937585929593743,1.18638925434795e-09,-0.028909345596559846
7.9,20031.03759297838,-1.148165424331167e-06,0.00011946529600842625,0.00011946529600842625,1.1860086876803867e-09,-0.02296330848662334
7.90625,20022.979497584813,-8.500744440649603e-07,0.00011955931350462253,0.00011955931350462253,1.1857269251473031e-09,-0.017001488881299206
7.9125000000000005,20014.90331207269,-5.513142608547713e-07,0.00011965784229397061,0.00011965784229397061,1.1855441885602335e-09,-0.011026285217095427
7.91875,20006.812332016674,-2.520067870099092e-07,0.00011976081510214361,0.00011976081510214361,1.1854606593221085e-09,-0.005040135740198184
7.925000000000001,19998.70990368691,4.772418977720507e-08,0.00011986816685661714,0.00011986816685661714,1.1854764778056482e-09,0.0009544837955441014
7.93125,19990.59942078524,3.477531271998412e-07,0.0001199798346721573,0.0001199798346721573,1.1855917427717835e-09,0.006955062543996824
7.9375,19982.484321032567,6.479528545641936e-07,0.00012009575783625886,0.00012009575783625886,1.185806510829917e-09,0.01295905709128387
7.9437500000000005,19974.368082615463,9.481947042440364e-07,0.00012021587779456567,0.00012021587779456567,1.1861207959417558e-09,0.018963894084880726
7.95,19966.25422049763,1.2483486481107498e-06,0.00012034013813629998,0.00012034013813629998,1.186534568970364e-09,0.024966972962214996
7.956250000000001,19958.14628260581,1.5482834386664164e-06,0.00012046848457972331,0.00012046848457972331,1.187047757275995e-09,0.03096566877332833
7.9625,19950.04784589405,1.8478667545878125e-06,0.00012060086495764762,0.00012060086495764762,1.187660244360166e-09,0.03695733509175625
7.96875,19941.96251229974,2.1469653503707377e-06,0.00012073722920301154,0.00012073722920301154,1.1883718695593315e-09,0.04293930700741475
7.9750000000000005,19933.89390459566,2.4454452097460636e-06,0.00012087752933453247,0.00012087752933453247,1.1891824277894087e-09,0.04890890419492127
7.98125,19925.845662150175,2.7431717025222054e-06,0.0001210217194424428,0.0001210217194424428,1.1900916693422896e-09,0.05486343405044411
7.987500000000001,19917.8214366051,3.0400097444933483e-06,0.00012116975567431435,0.00012116975567431435,1.1910992997353543e-09,0.06080019488986697
7.99375,19909.824887479434,3.3358239600381105e-06,0.00012132159622097294,0.00012132159622097294,1.1922049796148797e-09,0.06671647920076221
8.0,19901.859677712448,3.630478847020653e-06,0.00012147720130250158,0.00012147720130250158,1.193408324714106e-09,0.07260957694041306
8.00625,19893.92946915403,3.923838943594344e-06,0.00012163653315432823,0.00012163653315432823,1.19470890586659e-09,0.07847677887188689
8.012500000000001,19886.03791801617,4.2157689964982546e-06,0.00012179955601339154,0.00012179955601339154,1.1961062490753431e-09,0.08431537992996509
8.01875,19878.188670292773,4.5061341304277405e-06,0.00012196623610437541,0.00012196623610437541,1.1975998356381064e-09,0.09012268260855481
8.025,19870.38535716588,4.794800018053984e-06,0.00012213654162600103,0.00012213654162600103,1.1991891023289812e-09,0.09589600036107968
8.03125,19862.63159040146,5.081633050261189e-06,0.00012231044273736244,0.00012231044273736244,1.200873441636485e-09,0.10163266100522379
8.0375,19854.9309577552,5.36650050616724e-06,0.00012248791154428958,0.00012248791154428958,1.2026522020579626e-09,0.1073300101233448
8.043750000000001,19847.28701839279,5.649270722490944e-06,0.00012266892208572102,0.00012266892208572102,1.2045246884501337e-09,0.11298541444981888
8.05,19839.703298342312,5.929813261829201e-06,0.0001228534503200657,0.0001228534503200657,1.2064901624354194e-09,0.11859626523658402
8.05625,19832.183285985026,6.2079990794085005e-06,0.0001230414741115316,0.0001230414741115316,1.2085478428635363e-09,0.12415998158817002
8.0625,19824.73042760191,6.483700687878667e-06,0.00012323297321639715,0.00012323297321639715,1.2106969063277158e-09,0.12967401375757334
8.06875,19817.348122982774,6.756792319721431e-06,0.0001234279292691986,0.0001234279292691986,1.212936487734752e-09,0.1351358463944286
8.075000000000001,19810.03972111167,7.027150086853141e-06,0.00012362632576880546,0.00012362632576880546,1.2152656809279534e-09,0.1405430017370628
8.08125,19802.808515939934,7.294652137009266e-06,0.00012382814806435362,0.00012382814806435362,1.2176835393619267e-09,0.14589304274018533
8.0875,19795.657742256524,7.559178806508198e-06,0.00012403338334100324,0.00012403338334100324,1.220189076827997e-09,0.15118357613016395
8.09375,19788.590571666457,7.820612769003407e-06,0.00012424202060548799,0.00012424202060548799,1.2227812682289328e-09,0.15641225538006814
8.1,19781.61010868882,8.078839179846238e-06,0.00012445405067141842,0.00012445405067141842,1.2254590504015194e-09,0.16157678359692476
8.106250000000001,19774.719386982535,8.333745815696077e-06,0.00012466946614430143,0.00012466946614430143,1.2282213229854086e-09,0.16667491631392153
8.1125,19767.92136571075,8.585223209030687e-06,0.00012488826140623525,0.00012488826140623525,1.231066949336552e-09,0.17170446418061375
8.11875,19761.21892605027,8.83316477722677e-06,0.0001251104326002371,0.0001251104326002371,1.2339947574834185e-09,0.17666329554453541
8.125,19754.61486785897,9.077466945899593e-06,0.00012533597761415875,0.00012533597761415875,1.2370035411240946e-09,0.18154933891799185
8.13125,19748.111906503353,9.318029266209988e-06,0.00012556489606414307,0.00012556489606414307,1.2400920606622657e-09,0.18636058532419975
8.137500000000001,19741.712669858523,9.554754525868135e-06,0.00012579718927757205,0.00012579718927757205,1.243259044279991e-09,0.1910950905173627
8.14375,19735.419695484972,9.78754885358516e-06,0.00012603286027545465,0.00012603286027545465,1.2465031890450995e-09,0.19575097707170322
8.15,19729.23542798724,1.001632181674614e-05,0.00012627191375420068,0.00012627191375420068,1.2498231620509595e-09,0.2003264363349228
8.15625,19723.162216563163,1.0240986512101767e-05,0.00012651435606672416,0.00012651435606672416,1.2532176015863097e-09,0.20481973024203534
8.1625,19717.202312745725,1.0461459649299608e-05,0.00012676019520281738,0.00012676019520281738,1.2566851183327764e-09,0.20922919298599216
8.168750000000001,19711.357868342053,1.0677661627100622e-05,0.00012700944076873429,0.00012700944076873429,1.2602242965876537e-09,0.21355323254201244
8.175,19705.630933575183,1.0889516602151443e-05,0.00012726210396591918,0.00012726210396591918,1.263833695509478e-09,0.21779033204302886
8.18125,19700.02345542884,1.1096952550208153e-05,0.00012751819756881455,0.00012751819756881455,1.2675118503838954e-09,0.22193905100416306
8.1875,19694.537276198025,1.1299901319732482e-05,0.00012777773590167885,0.00012777773590167885,1.2712572739072962e-09,0.22599802639464964
8.19375,19689.17413224852,1.149829867780694e-05,0.0001280407348143421,0.0001280407348143421,1.2750684574856646e-09,0.2299659735561388
8.200000000000001,19683.93565298409,1.1692084348340562e-05,0.0001283072116568256,0.0001283072116568256,1.2789438725460942e-09,0.23384168696681124
8.20625,19678.82336002147,1.1881202042561896e-05,0.00012857718525274787,0.00012857718525274787,1.2828819718584113e-09,0.23762404085123792
8.2125,19673.83866657459,1.2065599481820908e-05,0.00012885067587143796,0.00012885067587143796,1.2868811908643534e-09,0.24131198963641817
8.21875,19668.98287704507,1.2245228412745627e-05,0.0001291277051986726,0.0001291277051986726,1.290939949011774e-09,0.24490456825491255
8.225,19664.257186816398,1.2420044614823046e-05,0.00012940829630595318,0.00012940829630595318,1.2950566510913588e-09,0.24840089229646092
8.231250000000001,19659.662682252278,1.2590007900497278e-05,0.0001296924736182339,0.0001296924736182339,1.2992296885733746e-09,0.25180015800994554
8.2375,19655.200340892374,1.2755082107900046e-05,0.00012998026288001132,0.00012998026288001132,1.3034574409420091e-09,0.2551016421580009
8.24375,19650.871031844537,1.2915235086350349e-05,0.00013027169111968243,0.00013027169111968243,1.3077382770249046e-09,0.258304701727007
8.25,19646.675516368505,1.3070438674780891e-05,0.00013056678661207556,0.00013056678661207556,1.3120705563155392e-09,0.2614087734956178
8.25625,19642.614448644403,1.3220668673268286e-05,0.00013086557883905725,0.00013086557883905725,1.3164526302861746e-09,0.26441337346536575
8.262500000000001,19638.68837672472,1.3365904807862947e-05,0.00013116809844811444,0.00013116809844811444,1.3208828436891436e-09,0.26731809615725893
8.26875,19634.897743659352,1.3506130688931876e-05,0.0001314743772088109,0.0001314743772088109,1.3253595358443322e-09,0.2701226137786375
8.275,19631.24288879142,1.3641333763243916e-05,0.00013178444796701358,0.00013178444796701358,1.3298810419107784e-09,0.2728266752648783
8.28125,19627.724049215096,1.377150526004211e-05,0.00013209834459678384,0.00013209834459678384,1.334445694140398e-09,0.2754301052008422
8.2875,19624.341361388524,1.3896640131361494e-05,0.00013241610194982591,0.00013241610194982591,1.339051823111927e-09,0.27793280262722986
8.293750000000001,19621.09486289588,1.4016736986863165e-05,0.00013273775580238548,0.00013273775580238548,1.3436977589432641e-09,0.2803347397372633
8.3,19617.984494349286,1.4131798023466555e-05,0.00013306334279948804,0.00013306334279948804,1.3483818324804915e-09,0.2826359604693311
8.30625,19615.010101423868,1.4241828950071569e-05,0.00013339290039640834,0.00013339290039640834,1.353102376461942e-09,0.2848365790014314
8.3125,19612.171437017372,1.4346838907670617e-05,0.00013372646679725954,0.00013372646679725954,1.3578577266557881e-09,0.28693677815341234
8.31875,19609.46816352565,1.444684038515743e-05,0.00013406408089059328,0.00013406408089059328,1.3626462229697246e-09,0.2889368077031486
8.325000000000001,19606.899855226882,1.4541849131145489e-05,0.00013440578218189988,0.00013440578218189988,1.3674662105314235e-09,0.2908369826229098
8.33125,19604.466000764613,1.4631884062112683e-05,0.00013475161072290062,0.00013475161072290062,1.3723160407385433e-09,0.29263768124225364
8.3375,19602.166005721152,1.4716967167192047e-05,0.00013510160703752427,0.00013510160703752427,1.3771940722771782e-09,0.29433934334384093
8.34375,19599.999195273533,1.4797123409929839e-05,0.0001354558120444621,0.0001354558120444621,1.3820986721077481e-09,0.29594246819859676
8.35,19597.96481692262,1.4872380627332622e-05,0.00013581426697619899,0.00013581426697619899,1.3870282164174235e-09,0.2974476125466524
8.356250000000001,19596.062043285987,1.4942769426523861e-05,0.00013617701329441924,0.00013617701329441924,1.3919810915382994e-09,0.2988553885304772
8.3625,19594.289974948995,1.5008323079328557e-05,0.0001365440926016909,0.0001365440926016909,1.3969556948306268e-09,0.3001664615865711
8.36875,19592.647643360116,1.5069077415100952e-05,0.00013691554654933648,0.00013691554654933648,1.4019504355305219e-09,0.301381548302019
8.375,19591.13401376879,1.5125070712106053e-05,0.00013729141674140118,0.00013729141674140118,1.4069637355616733e-09,0.30250141424212107
8.38125,19589.74798819114,1.5176343587759969e-05,0.00013767174463463788,0.00013767174463463788,1.411994030310668e-09,0.3035268717551994
8.387500000000001,19588.488408400768,1.5222938888027851e-05,0.00013805657143443217,0.00013805657143443217,1.4170397693656583e-09,0.304458777760557
8.39375,19587.354058932942,1.5264901576270625e-05,0.0001384459379865989,0.0001384459379865989,1.4220994172181862e-09,0.3052980315254125
8.4,19586.34367009674,1.5302278621823387e-05,0.00013883988466498965,0.00013883988466498965,1.4271714539280756e-09,0.30604557243646774
8.40625,19585.45592098745,1.5335118888579565e-05,0.0001392384512548582,0.0001392384512548582,1.4322543757513958e-09,0.3067023777715913
8.4125,19584.6894424895,1.536347302384462e-05,0.00013964167683194222,0.00013964167683194222,1.437346695731585e-09,0.3072694604768924
8.418750000000001,19584.042820269176,1.5387393347713315e-05,0.00014004959963722797,0.00014004959963722797,1.4424469442539067e-09,0.3077478669542663
8.425,19583.514597741658,1.540693374321279e-05,0.00014046225694737752,0.00014046225694737752,1.4475536695634931e-09,0.3081386748642558
8.43125,19583.103279016552,1.5422149547443028e-05,0.0001408796849408094,0.0001408796849408094,1.4526654382473071e-09,0.3084429909488606
8.4375,19582.807331805303,1.5433097443933415e-05,0.00014130191855943656,0.00014130191855943656,1.457780835680425e-09,0.3086619488786683
8.44375,19582.625190294173,1.5439835356422675e-05,0.00014172899136608022,0.00014172899136608022,1.462898466437111e-09,0.30879670712845353
8.450000000000001,19582.555257971326,1.544242234425618e-05,0.00014216093539759202,0.00014216093539759202,1.468016954667222e-09,0.3088484468851236
8.45625,19582.59591040498,1.544091849958223e-05,0.00014259778101373364,0.00014259778101373364,1.4731349444385361e-09,0.3088183699916446
8.4625,19582.74549797135,1.5435384846515956e-05,0.00014303955674187886,0.00014303955674187886,1.478251100045659e-09,0.30870769693031913
8.46875,19583.00234852107,1.542588324242599e-05,0.00014348628911762151,0.00014348628911762151,1.4833641062862112e-09,0.30851766484851983
8.475,19583.36476998743,1.5412476281486673e-05,0.00014393800252139057,0.00014393800252139057,1.488472668705047e-09,0.30824952562973346
8.481250000000001,19583.83105292863,1.5395227200624987e-05,0.00014439471901119263,0.00014439471901119263,1.4935755138072983e-09,0.3079045440124997
8.4875,19584.399473002333,1.5374199787978813e-05,0.00014485645815162328,0.00014485645815162328,1.4986713892410779e-09,0.30748399575957625
8.49375,19585.06829336969,1.5349458293970168e-05,0.00014532323683930827,0.00014532323683930827,1.503759063950706e-09,0.3069891658794034
8.5,19585.83576702571,1.5321067345084568e-05,0.00014579506912495833,0.00014579506912495833,1.5088373283013584e-09,0.30642134690169137
8.50625,19586.700139055025,1.528909186043546e-05,0.00014627196603224252,0.00014627196603224252,1.5139049941760606e-09,0.30578183720870916
8.512500000000001,19587.659648810448,1.5253596971180438e-05,0.00014675393537370886,0.00014675393537370886,1.5189608950459708e-09,0.3050719394236088
8.51875,19588.712532012716,1.5214647942844513e-05,0.0001472409815640039,0.0001472409815640039,1.5240038860149169e-09,0.3042929588568903
8.525,19589.857022769433,1.517231010059407e-05,0.00014773310543066703,0.00014773310543066703,1.5290328438391645e-09,0.3034462020118814
8.53125,19591.091355516346,1.5126648757494807e-05,0.00014823030402279927,0.00014823030402279927,1.5340466669234075e-09,0.30253297514989613
8.5375,19592.41376687377,1.5077729145775748e-05,0.0001487325704179317,0.0001487325704179317,1.5390442752939726e-09,0.30155458291551496
8.543750000000001,19593.822497423807,1.5025616351112085e-05,0.00014923989352744264,0.00014923989352744264,1.544024610550244e-09,0.3005123270222417
8.55,19595.315793405338,1.4970375249929668e-05,0.00014975225790089848,0.00014975225790089848,1.548986635795306e-09,0.29940750499859337
8.55625,19596.891908326994,1.4912070449725042e-05,0.00015026964352971725,0.00015026964352971725,1.5539293355468055e-09,0.29824140899450086
8.5625,19598.549104498677,1.4850766232386439e-05,0.00015079202565057977,0.00015079202565057977,1.558851715629026e-09,0.2970153246477288
8.56875,19600.28565448499,1.4786526500493189e-05,0.00015131937454903748,0.00015131937454903748,1.5637528030471634e-09,0.29573053000986377
8.575000000000001,19602.099842475025,1.4719414726563312e-05,0.00015185165536379009,0.00015185165536379009,1.5686316458447805e-09,0.29438829453126625
8.58125,19603.989965577483,1.4649493905212484e-05,0.00015238882789213068,0.00015238882789213068,1.5734873129454025e-09,0.2929898781042497
8.5875,19605.954335035265,1.4576826508180802e-05,0.00015293084639707874,0.00015293084639707874,1.5783188939792061e-09,0.291536530163616
8.59375,19607.991277365425,1.450147444217813e-05,0.00015347765941674447,0.00015347765941674447,1.5831254990957378e-09,0.2900294888435626
8.6,19610.099135423865,1.4423499009493404e-05,0.0001540292095764887,0.0001540292095764887,1.5879062587635739e-09,0.2884699801898681
8.606250000000001,19612.276269397385,1.4342960871308495e-05,0.00015458543340446382,0.00015458543340446382,1.5926603235578218e-09,0.2868592174261699
8.6125,19614.521057723312,1.4259920013652757e-05,0.0001551462611511407,0.0001551462611511407,1.5973868639363367e-09,0.28519840027305515
8.61875,19616.83189794092,1.4174435715930817e-05,0.00015571161661344398,0.00015571161661344398,1.6020850700055059e-09,0.28348871431861633
8.625,19619.207207474254,1.4086566521952634e-05,0.000156281416964135,0.000156281416964135,1.6067541512764316e-09,0.2817313304390527
8.63125,19621.645424349845,1.3996370213392206e-05,0.00015685557258709657,0.00015685557258709657,1.6113933364123162e-09,0.2799274042678441
8.637500000000001,19624.14500785012,1.3903903785598514e-05,0.00015743398691918684,0.00015743398691918684,1.6160018729678296e-09,0.2780780757119703
8.64375,19626.704439106332,1.3809223425680898e-05,0.00015801655629934052,0.00015801655629934052,1.6205790271212136e-09,0.27618446851361794
8.65,19629.32222163159,1.3712384492788973e-05,0.0001586031698256047,0.0001586031698256047,1.6251240833998489e-09,0.27424768985577946
8.65625,19631.996881796054,1.3613441500506329e-05,0.00015919370922080366,0.00015919370922080366,1.6296363443999869e-09,0.2722688300101266
8.6625,19634.72696924918,1.3512448101276417e-05,0.00015978804870753124,0.00015978804870753124,1.63411513050132e-09,0.27024896202552834
8.668750000000001,19637.511057286956,1.3409457072778587e-05,0.00016038605489317095,0.00016038605489317095,1.6385597795770349e-09,0.26818914145557177
8.675,19640.347743170132,1.3304520306172084e-05,0.00016098758666564398,0.00016098758666564398,1.64296964669997e-09,0.2660904061234417
8.68125,19643.23564839356,1.319768879612619e-05,0.00016159249510058063,0.00016159249510058063,1.6473441038454687e-09,0.2639537759225238
8.6875,19646.173418910013,1.3089012632555036e-05,0.00016220062338060588,0.00016220062338060588,1.6516825395914919e-09,0.2617802526511007
8.69375,19649.15972530944,1.2978540993976422e-05,0.0001628118067274189,0.0001628118067274189,1.65598435881653e-09,0.25957081987952846
8.700000000000001,19652.193262956233,1.2866322142415e-05,0.00016342587234733478,0.00016342587234733478,1.6602489823958264e-09,0.2573264428483
8.70625,19655.272752088666,1.2752403419771519e-05,0.00016404263939094133,0.00016404263939094133,1.6644758468963953e-09,0.25504806839543037
8.7125,19658.39693787799,1.2636831245580993e-05,0.00016466191892750443,0.00016466191892750443,1.6686644042712985e-09,0.25273662491161986
8.71875,19661.564590454527,1.2519651116084557e-05,0.0001652835139347339,0.0001652835139347339,1.672814121553614e-09,0.25039302232169114
8.725,19664.774504899182,1.2400907604541413e-05,0.00016590721930449695,0.00016590721930449695,1.6769244805505072e-09,0.24801815209082828
8.731250000000001,19668.025501202865,1.2280644362709079e-05,0.00016653282186503702,0.00016653282186503702,1.6809949775377942e-09,0.24561288725418157
8.7375,19671.316424197434,1.2158904123422425e-05,0.0001671601004202242,0.0001671601004202242,1.6850251229553578e-09,0.2431780824684485
8.74375,19674.646143457383,1.20357287042039e-05,0.00016778882580632923,0.00016778882580632923,1.6890144411037628e-09,0.24071457408407798
8.75,19678.01355317674,1.191115901183971e-05,0.00016841876096677317,0.00016841876096677317,1.692962469842386e-09,0.2382231802367942
8.75625,19681.417572020935,1.1785235047858965e-05,0.00016904966104526494,0.00016904966104526494,1.6968687602893635e-09,0.2357047009571793
8.762500000000001,19684.857142955254,1.1657995914855064e-05,0.00016968127349769295,0.00016968127349769295,1.7007328765236318e-09,0.23315991829710128
8.76875,19688.331233054003,1.1529479823591218e-05,0.0001703133382230907,0.0001703133382230907,1.7045543952893262e-09,0.23058959647182437
8.775,19691.83883328689,1.1399724100834035e-05,0.0001709455877139442,0.0001709455877139442,1.7083329057027741e-09,0.2279944820166807
8.78125,19695.37895829105,1.1268765197862066e-05,0.00017157774722605717,0.00017157774722605717,1.7120680089623088e-09,0.2253753039572413
8.7875,19698.950646123038,1.1136638699598079e-05,0.00017220953496813315,0.00017220953496813315,1.7157593180611105e-09,0.2227327739919616
8.793750000000001,19702.5529579963,1.100337933431659e-05,0.00017284066231117498,0.00017284066231117498,1.719406457503265e-09,0.2200675866863318
8.8,19706.184978004974,1.0869020983880609e-05,0.00017347083401774257,0.00017347083401774257,1.7230090630232155e-09,0.21738041967761218
8.80625,19709.845812833777,1.0733596694463666e-05,0.00017409974849104517,0.00017409974849104517,1.7265667813087671e-09,0.21467193388927333
8.8125,19713.534591456395,1.0597138687715938e-05,0.00017472709804378173,0.00017472709804378173,1.7300792697277944e-09,0.21194277375431875
8.81875,19717.250464822304,1.0459678372335139e-05,0.00017535256918657513,0.00017535256918657513,1.7335461960587827e-09,0.20919356744670278
8.825000000000001,19720.992605534146,1.032124635600554e-05,0.00017597584293577894,0.00017597584293577894,1.7369672382253274e-09,0.2064249271201108
8.83125,19724.760207516447,1.0181872457670406e-05,0.00017659659514036651,0.00017659659514036651,1.7403420840347002e-09,0.20363744915340812
8.8375,19728.552485675165,1.0041585720105415e-05,0.00017721449682754295,0.00017721449682754295,1.743670430920584e-09,0.2008317144021083
8.84375,19732.368675550442,9.900414422762634e-06,0.0001778292145666494,0.0001778292145666494,1.746951985690065e-09,0.19800828845525267
8.85,19736.208032963386,9.758386094856805e-06,0.0001784404108508598,0.0001784404108508598,1.7501864642749603e-09,0.1951677218971361
8.856250000000001,19740.069833656325,9.615527528667523e-06,0.00017904774449609953,0.00017904774449609953,1.7533735914875571e-09,0.19231055057335047
8.8625,19743.953372927477,9.471864793032753e-06,0.00017965087105654563,0.00017965087105654563,1.7565131007808239e-09,0.18943729586065508
8.86875,19747.857965262283,9.32742324701112e-06,0.00018024944325599845,0.00018024944325599845,1.7596047340131482e-09,0.18654846494022242
8.875,19751.78294396006,9.182227553692077e-06,0.0001808431114343484,0.0001808431114343484,1.7626482412176547e-09,0.18364455107384153
8.88125,19755.727660756464,9.036301694134594e-06,0.00018143152400829253,0.00018143152400829253,1.7656433803761406e-09,0.18072603388269187
8.887500000000001,19759.691485444448,8.889668981416931e-06,0.0001820143279453927,0.0001820143279453927,1.7685899171976705e-09,0.17779337962833863
8.89375,19763.673805492228,8.742352074781347e-06,0.00018259116925050306,0.00018259116925050306,1.7714876249018572e-09,0.17484704149562694
8.9,19767.674025657412,8.59437299385903e-06,0.00018316169346353566,0.00018316169346353566,1.7743362840068592e-09,0.1718874598771806
8.90625,19771.69156760193,8.445753132962258e-06,0.0001837255461674734,0.0001837255461674734,1.7771356821221148e-09,0.16891506265924516
8.9125,19775.725869503305,8.296513275431694e-06,0.0001842823735054868,0.0001842823735054868,1.7798856137458314e-09,0.16593026550863388
8.918750000000001,19779.776385666508,8.146673608028397e-06,0.0001848318227059596,0.0001848318227059596,1.7825858800672456e-09,0.16293347216056794
8.925,19783.84258613316,7.996253735360965e-06,0.00018537354261417952,0.00018537354261417952,1.7852362887736654e-09,0.1599250747072193
8.93125,19787.923956290913,7.84527269433956e-06,0.00018590718422940866,0.00018590718422940866,1.7878366538623022e-09,0.15690545388679122
8.9375,19792.01999648274,7.693748968649723e-06,0.00018643240124600769,0.00018643240124600769,1.7903867954569018e-09,0.15387497937299446
8.94375,19796.130221614763,7.541700503239579e-06,0.00018694885059725364,0.00018694885059725364,1.7928865396291763e-09,0.15083401006479158
8.950000000000001,19800.254160764627,7.389144718815289e-06,0.00018745619300046098,0.00018745619300046098,1.7953357182250403e-09,0.14778289437630576
8.95625,19804.391356789365,7.236098526340368e-06,0.0001879540935019904,0.0001879540935019904,1.797734168695654e-09,0.14472197052680735
8.9625,19808.54136593386,7.08257834153538e-06,0.00018844222202071015,0.00018844222202071015,1.8000817339332718e-09,0.1416515668307076
8.96875,19812.70375743846,6.928600099375164e-06,0.0001889202538884595,0.0001889202538884595,1.802378262111896e-09,0.13857200198750327
8.975,19816.878113147483,6.774179268581779e-06,0.00018938787038605528,0.00018938787038605528,1.8046236065327338e-09,0.13548358537163557
8.981250000000001,19821.06402711753,6.619330866111744e-06,0.00018984475927337846,0.00018984475927337846,1.806817625474458e-09,0.1323866173222349
8.9875,19825.261105225974,6.464069471636956e-06,0.00019029061531207958,0.00019029061531207958,1.8089601820482652e-09,0.12928138943273912
8.99375,19829.468964779928,6.308409242019327e-06,0.00019072514077944966,0.00019072514077944966,1.8110511440577332e-09,0.12616818484038653
9.0,19833.68723412462,6.152363925779542e-06,0.00019114804597201675,0.00019114804597201675,1.8130903838634736e-09,0.12304727851559084
9.00625,19837.915552252813,5.995946877561101e-06,0.00019155904969744717,0.00019155904969744717,1.8150777782525788e-09,0.11991893755122202
9.012500000000001,19842.15356841386,5.839171072591169e-06,0.00019195787975335543,0.00019195787975335543,1.817013208312862e-09,0.11678342145182338
9.01875,19846.40094172285,5.682049121140193e-06,0.00019234427339165748,0.00019234427339165748,1.8188965593118901e-09,0.11364098242280386
9.025,19850.657340769256,5.524593282982709e-06,0.00019271797776713778,0.00019271797776713778,1.8207277205808096e-09,0.11049186565965419
9.03125,19854.922443226595,5.366815481862234e-06,0.00019307875036894218,0.00019307875036894218,1.8225065854029666e-09,0.10733630963724469
9.0375,19859.195935460375,5.2087273199632386e-06,0.00019342635943375586,0.00019342635943375586,1.8242330509073249e-09,0.10417454639926477
9.043750000000001,19863.477512137884,5.050340092393941e-06,0.00019376058433947667,0.00019376058433947667,1.8259070179666826e-09,0.10100680184787883
9.05,19867.76687583489,4.891664801683409e-06,0.00019408121597825232,0.00019408121597825232,1.827528391100696e-09,0.09783329603366818
9.05625,19872.063736643875,4.732712172297252e-06,0.0001943880571078101,0.0001943880571078101,1.8290970783837127e-09,0.09465424344594504
9.0625,19876.36781178143,4.5734926651761705e-06,0.00019468092268007452,0.00019468092268007452,1.8306129913574251e-09,0.0914698533035234
9.06875,19880.67882519376,4.414016492301786e-06,0.0001949596401461386,0.0001949596401461386,1.8320760449483513e-09,0.08828032984603572
9.075000000000001,19884.99650716256,4.254293631294601e-06,0.00019522404973672784,0.00019522404973672784,1.8334861573901547e-09,0.08508587262589203
9.08125,19889.320593908993,4.094333840048825e-06,0.00019547400471737404,0.00019547400471737404,1.834843250150814e-09,0.08188667680097651
9.0875,19893.650827197253,3.934146671409251e-06,0.00019570937161759652,0.00019570937161759652,1.8361472478646592e-09,0.07868293342818503
9.09375,19897.986953937027,3.773741487895262e-06,0.00019593003043347218,0.00019593003043347218,1.8373980782692853e-09,0.07547482975790525
9.1,19902.328725782547,3.613127476477099e-06,0.00019613587480306105,0.00019613587480306105,1.8385956721473673e-09,0.07226254952954198
9.106250000000001,19906.675898733476,3.452313663409964e-06,0.00019632681215424322,0.00019632681215424322,1.8397399632733891e-09,0.06904627326819929
9.1125,19911.02823273038,3.29130892913102e-06,0.00019650276382461135,0.00019650276382461135,1.8408308883653118e-09,0.06582617858262041
9.11875,19915.38549125204,3.1301220232249756e-06,0.00019666366515315545,0.00019666366515315545,1.841868387041201e-09,0.06260244046449952
9.125,19919.74744090724,2.968761579463351e-06,0.00019680946554356666,0.00019680946554356666,1.8428524017808407e-09,0.059375231589267025
9.13125,19924.1138510269,2.8072361309230173e-06,0.0001969401284990809,0.0001969401284990809,1.8437828778923566e-09,0.056144722618460347
9.137500000000001,19928.48449325323,2.645554125189167e-06,0.00019705563162887376,0.00019705563162887376,1.8446597634838803e-09,0.05291108250378334
9.14375,19932.859141125722,2.4837239396480075e-06,0.0001971559666261108,0.0001971559666261108,1.8454830094402805e-09,0.04967447879296015
9.15,19937.237569665987,2.321753896874306e-06,0.00019724113921784818,0.00019724113921784818,1.846252569404996e-09,0.04643507793748612
9.15625,19941.619554958113,2.1596522801186786e-06,0.00019731116908706828,0.00019731116908706828,1.8469683997670008e-09,0.043193045602373574
9.1625,19946.00487372828,1.9974273488996005e-06,0.00019736608976722288,0.00019736608976722288,1.8476304596529387e-09,0.03994854697799201
9.168750000000001,19950.393302919507,1.8350873547045865e-06,0.00019740594850974272,0.00019740594850974272,1.8482387109244613e-09,0.03670174709409173
9.175,19954.78461926418,1.6726405568050348e-06,0.00019743080612505612,0.00019743080612505612,1.8487931181808071e-09,0.03345281113610069
9.18125,19959.17859885387,1.5100952381888719e-06,0.00019744073679773993,0.00019744073679773993,1.8492936487666638e-09,0.03020190476377744
9.1875,19963.575016705254,1.3474597216148563e-06,0.00019743582787650404,0.00019743582787650404,1.8497402727853496e-09,0.026949194432297124
9.19375,19967.973646321803,1.1847423857919015e-06,0.00019741617963978496,0.00019741617963978496,1.8501329631173586e-09,0.02369484771583803
9.200000000000001,19972.374259254495,1.021951681686829e-06,0.0001973819050377953,0.0001973819050377953,1.8504716954443113e-09,0.02043903363373658
9.20625,19976.776624656024,8.59096148963028e-07,0.00019733312941194134,0.00019733312941194134,1.8507564482783532e-09,0.01718192297926056
9.2125,19981.180508833957,6.961844325525518e-07,0.00019726999019258474,0.00019726999019258474,1.8509872029970476e-09,0.013923688651051038
9.21875,19985.585674798138,5.33225299363264e-07,0.0001971926365761813,0.0001971926365761813,1.8511639438838039e-09,0.01066450598726528
9.225,19989.991881805807,3.702276551224543e-07,0.00019710122918288337,0.00019710122918288337,1.8512866581738914e-09,0.007404553102449086
9.231250000000001,19994.398884902974,2.072005613576397e-07,0.00019699593969574035,0.00019699593969574035,1.8513553361060798e-09,0.004144011227152794
9.2375,19998.806434461232,4.415325251458773e-08,0.000196876950482676,0.000196876950482676,1.8513699709799537e-09,0.0008830650502917545
9.24375,20003.2142757103,-1.1890484678805659e-07,0.00019674445420245803,0.00019674445420245803,1.8513305592189476e-09,-0.002378096935761132
9.25,20007.622148270784,-2.8196410436848684e-07,0.00019659865339590927,0.00019659865339590927,1.8512371004391428e-09,-0.005639282087369737
9.25625,20012.02978567699,-4.450146629583283e-07,0.00019643976006363691,0.00019643976006363691,1.8510895975238747e-09,-0.008900293259166567
9.262500000000001,20016.436914902377,-6.080464225484643e-07,0.00019626799523157895,0.00019626799523157895,1.8508880567041903e-09,-0.012160928450969286
9.26875,20020.843255877615,-7.71049022608091e-07,0.0001960835885056824,0.0001960835885056824,1.8506324876451996e-09,-0.015420980452161821
9.275,20025.24852100672,-9.340118241814954e-07,0.00019588677761704147,0.00019588677761704147,1.8503229035383618e-09,-0.01868023648362991
9.28125,20029.65241468037,-1.0969238918681181e-06,0.00019567780795882786,0.00019567780795882786,1.8499593211997435e-09,-0.02193847783736236
9.2875,20034.054632785574,-1.2597739756925264e-06,0.0001954569321163479,0.0001954569321163479,1.8495417611742867e-09,-0.025195479513850528
9.293750000000001,20038.45486221236,-1.4225504928719335e-06,0.0001952244093915561,0.0001952244093915561,1.8490702478461195e-09,-0.02845100985743867
9.3,20042.85278035937,-1.5852415094899944e-06,0.0001949805053233455,0.0001949805053233455,1.848544809554942e-09,-0.03170483018979989
9.30625,20047.24805463533,-1.7478347220869147e-06,0.00019472549120492217,0.00019472549120492217,1.8479654787185133e-09,-0.034956694441738295
9.3125,20051.640341959646,-1.9103174391770197e-06,0.00019445964359955051,0.00019445964359955051,1.847332291961266e-09,-0.03820634878354039
9.31875,20056.029288261474,-2.072676562706174e-06,0.00019418324385593472,0.00019418324385593472,1.8466452902490648e-09,-0.04145353125412348
9.325000000000001,20060.414527976423,-2.2348985694630036e-06,0.0001938965776244726,0.0001938965776244726,1.8459045190301283e-09,-0.04469797138926007
9.33125,20064.795683544726,-2.396969492458895e-06,0.00019359993437558708,0.00019359993437558708,1.8451100283821213e-09,-0.0479393898491779
9.3375,20069.172364905557,-2.5588749022936168e-06,0.00019329360692130508,0.00019329360692130508,1.8442618731654244e-09,-0.051177498045872336
9.34375,20073.54416899507,-2.720599888524452e-06,0.000192977890941214,0.000192977890941214,1.8433601131825787e-09,-0.054411997770489044
9.35,20077.910679242395,-2.8821290410586216e-06,0.00019265308451388413,0.00019265308451388413,1.8424048133438972e-09,-0.057642580821172434
9.356250000000001,20082.271465068225,-3.0434464315900837e-06,0.00019231948765479912,0.00019231948765479912,1.8413960438392306e-09,-0.060868928631801676
9.3625,20086.62608138473,-3.204535595103587e-06,0.00019197740186178928,0.00019197740186178928,1.8403338803158628e-09,-0.06409071190207175
9.36875,20090.974068097807,-3.365379511470399e-06,0.00019162712966891085,0.00019162712966891085,1.8392184040625064e-09,-0.06730759022940798
9.375,20095.314949613836,-3.525960587161788e-06,0.0001912689742096624,0.0001912689742096624,1.8380497021993601e-09,-0.07051921174323576
9.38125,20099.648234347696,-3.686260637108275e-06,0.0001909032387903742,0.0001909032387903742,1.8368278678741787e-09,-0.0737252127421655
9.387500000000001,20103.973414238026,-3.846260866734064e-06,0.00019053022647454987,0.00019053022647454987,1.8355530004642974e-09,-0.07692521733468129
9.39375,20108.28996426704,-4.005941854198079e-06,0.00019015023967888312,0.00019015023967888312,1.834225205784543e-09,-0.08011883708396159
9.4,20112.59734198704,-4.1652835328747035e-06,0.00018976357978161247,0.00018976357978161247,1.8328445963009522e-09,-0.08330567065749407
9.40625,20116.89498705414,-4.324265174109128e-06,0.0001893705467438185,0.0001893705467438185,1.8314112913502046e-09,-0.08648530348218256
9.4125,20121.18232077044,-4.482865370284016e-06,0.00018897143874420843,0.00018897143874420843,1.8299254173646698e-09,-0.08965730740568033
9.418750000000001,20125.458745635664,-4.641062018235949e-06,0.00018856655182787266,0.00018856655182787266,1.82838710810295e-09,-0.09282124036471898
9.425,20129.723644909864,-4.798832303061863e-06,0.00018815617956943867,0.00018815617956943867,1.8267965048857914e-09,-0.09597664606123725
9.43125,20133.97638218715,-4.956152682357549e-06,0.00018774061275098836,0.00018774061275098836,1.8251537568372175e-09,-0.09912305364715097
9.4375,20138.216300981283,-5.1129988709320026e-06,0.00018732013905504676,0.00018732013905504676,1.8234590211307323e-09,-0.10225997741864006
9.44375,20142.442724329117,-5.269345826042812e-06,0.00018689504277289126,0.00018689504277289126,1.8217124632404142e-09,-0.10538691652085624
9.450000000000001,20146.65495440454,-5.425167733200074e-06,0.00018646560452837606,0.00018646560452837606,1.8199142571967173e-09,-0.10850335466400149
9.45625,20150.852272152195,-5.580437992587268e-06,0.00018603210101740897,0.00018603210101740897,1.8180645858467723e-09,-0.11160875985174536
9.4625,20155.033936939053,-5.7351292061493935e-06,0.00018559480476316596,0.00018559480476316596,1.8161636411189679e-09,-0.11470258412298787
9.46875,20159.19918622348,-5.889213165400274e-06,0.0001851539838870765,0.0001851539838870765,1.8142116242915738e-09,-0.11778426330800548
9.475,20163.347235247875,-6.042660840001961e-06,0.00018470990189556143,0.00018470990189556143,1.8122087462651477e-09,-0.12085321680003921
9.481250000000001,20167.47727675135,-6.1954423671708475e-06,0.0001842628174824598,0.0001842628174824598,1.8101552278384554e-09,-0.12390884734341695
9.4875,20171.58848070754,-6.3475270419660825e-06,0.00018381298434703183,0.00018381298434703183,1.8080512999876088e-09,-0.12695054083932164
9.49375,20175.67999408784,-6.498883308517081e-06,0.00018336065102738503,0.00018336065102738503,1.8058972041481123e-09,-0.12997766617034162
9.5,20179.750940650258,-6.649478752247921e-06,0.0001829060607491267,0.0001829060607491267,1.8036931924994856e-09,-0.13298957504495842
9.50625,20183.800420758747,-6.799280093157147e-06,0.00018244945128900882,0.00018244945128900882,1.8014395282521145e-09,-0.13598560186314293
9.512500000000001,20187.827511231197,-6.9482531802123495e-06,0.0001819910548532947,0.0001819910548532947,1.7991364859359602e-09,-0.13896506360424699
9.51875,20191.83126521975,-7.096362986919356e-06,0.000181531097970543,0.000181531097970543,1.7967843516907359e-09,-0.1419272597383871
9.525,20195.810712124185,-7.243573608126335e-06,0.00018106980139847401,0.00018106980139847401,1.7943834235571437e-09,-0.14487147216252672
9.53125,20199.764857540533,-7.389848258123165e-06,0.00018060738004455472,0.00018060738004455472,1.7919340117687412e-09,-0.1477969651624633
9.5375,20203.6926832474,-7.535149270096607e-06,0.00018014404289991328,0.00018014404289991328,1.789436439043989e-09,-0.15070298540193214
9.543750000000001,20207.593147227726,-7.679438097001683e-06,0.00017967999298617096,0.00017967999298617096,1.7868910408780083e-09,-0.15358876194003365
9.55,20211.465183733966,-7.822675313909027e-06,0.00017921542731475849,0.00017921542731475849,1.7842981658335618e-09,-0.15645350627818053
9.55625,20215.307703391703,-7.964820621887731e-06,0.00017875053685826632,0.00017875053685826632,1.781658175830747e-09,-0.1592964124377546
9.5625,20219.11959334817,-8.105832853482124e-06,0.00017828550653336325,0.00017828550653336325,1.7789714464348743e-09,-0.16211665706964248
9.56875,20222.899717465876,-8.245669979839907e-06,0.00017782051519480422,0.00017782051519480422,1.7762383671419816e-09,-0.16491339959679813
9.575000000000001,20226.646916559803,-8.384289119548023e-06,0.00017735573564003914,0.00017735573564003914,1.7734593416614218e-09,-0.16768578239096046
9.58125,20230.360008685082,-8.521646549230699e-06,0.00017689133462392426,0.00017689133462392426,1.7706347881949361e-09,-0.17043293098461398
9.5875,20234.03778947166,-8.657697715962685e-06,0.00017642747288303495,0.00017642747288303495,1.767765139711614e-09,-0.1731539543192537
9.59375,20237.67903251176,-8.792397251548273e-06,0.00017596430516907173,0.00017596430516907173,1.7648508442181192e-09,-0.17584794503096546
9.600000000000001,20241.28248979606,-8.925698988714784e-06,0.00017550198029085305,0.00017550198029085305,1.7618923650235489e-09,-0.17851397977429567
9.606250000000001,20244.846892204994,-9.057555979266262e-06,0.0001750406411643862,0.0001750406411643862,1.7588901809982758e-09,-0.18115111958532523
9.6125,20248.37095005426,-9.187920514240292e-06,0.000174580424870512,0.000174580424870512,1.755844786826109e-09,-0.18375841028480586
9.61875,20251.85335369352,-9.316744146108003e-06,0.00017412146271962174,0.00017412146271962174,1.7527566932490968e-09,-0.18633488292216008
9.625,20255.292774164467,-9.443977713053364e-06,0.00017366388032295134,0.00017366388032295134,1.7496264273042805e-09,-0.18887955426106728
9.631250000000001,20258.687863912673,-9.569571365364795e-06,0.00017320779766996443,0.00017320779766996443,1.7464545325517033e-09,-0.1913914273072959
9.637500000000001,20262.0372575601,-9.693474593967514e-06,0.00017275332921134562,0.00017275332921134562,1.7432415692929593e-09,-0.1938694918793503
9.64375,20265.339572734163,-9.815636261121326e-06,0.00017230058394713393,0.00017230058394713393,1.739988114779569e-09,-0.19631272522242652
9.65,20268.593410956684,-9.936004633303685e-06,0.00017184966551953912,0.00017184966551953912,1.736694763410455e-09,-0.1987200926660737
9.65625,20271.79735859304,-1.0054527416293157e-05,0.00017140067230999418,0.00017140067230999418,1.7333621269177893e-09,-0.20109054832586315
9.662500000000001,20274.949987859363,-1.0171151792463494e-05,0.00017095369754001257,0.00017095369754001257,1.7299908345404789e-09,-0.20342303584926988
9.668750000000001,20278.049857890768,-1.0285824460293107e-05,0.00017050882937543014,0.00017050882937543014,1.7265815331845565e-09,-0.20571648920586214
9.675,20281.095515870198,-1.0398491676089102e-05,0.00017006615103362947,0.00017006615103362947,1.7231348875697404e-09,-0.20796983352178205
9.68125,20284.08549821441,-1.0509099297919685e-05,0.00016962574089335734,0.00016962574089335734,1.7196515803614332e-09,-0.21018198595839369
9.6875,20287.018331822295,-1.0617592831742174e-05,0.00016918767260676304,0.00016918767260676304,1.716132312287432e-09,-0.2123518566348435
9.693750000000001,20289.892535379775,-1.0723917479708318e-05,0.00016875201521330182,0.00016875201521330182,1.7125778022386258e-09,-0.21447834959416637
9.700000000000001,20292.706620725017,-1.082801819062164e-05,0.00016831883325516336,0.00016831883325516336,1.7089887873529696e-09,-0.21656036381243282
9.70625,20295.45909426785,-1.0929839712515636e-05,0.00016788818689390358,0.00016788818689390358,1.7053660230820313e-09,-0.21859679425031273
9.7125,20298.148458469164,-1.1029326647314397e-05,0.00016746013202797313,0.00016746013202797313,1.70171028323942e-09,-0.22058653294628794
9.71875,20300.773213372184,-1.1126423507530868e-05,0.00016703472041085544,0.00016703472041085544,1.6980223600304221e-09,-0.22252847015061736
9.725000000000001,20303.331858190326,-1.122107477495072e-05,0.0001666119997695418,0.0001666119997695418,1.6943030640621866e-09,-0.2244214954990144
9.731250000000001,20305.822892944165,-1.1313224961243146e-05,0.00016619201392308966,0.00016619201392308966,1.690553224333819e-09,-0.22626449922486291
9.7375,20308.24482015137,-1.1402818670432427e-05,0.00016577480290102644,0.00016577480290102644,1.6867736882057707e-09,-0.22805637340864854
9.74375,20310.596146562788,-1.1489800663157532e-05,0.00016536040306137787,0.00016536040306137787,1.6829653213479267e-09,-0.22979601326315063
9.75,20312.875384946314,-1.1574115922639419e-05,0.0001649488472081162,0.0001649488472081162,1.6791290076658308e-09,-0.23148231845278838
9.756250000000001,20315.08105591427,-1.165570972226886e-05,0.0001645401647078396,0.0001645401647078396,1.6752656492045066e-09,-0.2331141944453772
9.762500000000001,20317.211689790453,-1.1734527694720741e-05,0.00016413438160550956,0.00016413438160550956,1.6713761660293699e-09,-0.23469055389441482
9.76875,20319.26582851838,-1.1810515902493406e-05,0.00016373152073908897,0.00016373152073908897,1.6674614960837614e-09,-0.2362103180498681
9.775,20321.242027602944,-1.1883620909765089e-05,0.00016333160185293716,0.00016333160185293716,1.663522595022662e-09,-0.23767241819530177
9.78125,20323.138858085797,-1.195378985545266e-05,0.0001629346417098335,0.0001629346417098335,1.659560436022192e-09,-0.23907579710905322
9.787500000000001,20324.95490854891,-1.2020970527351288e-05,0.00016254065420151433,0.00016254065420151433,1.6555760095645355e-09,-0.24041941054702576
9.793750000000001,20326.68878714515,-1.2085111437227285e-05,0.00016214965045762206,0.00016214965045762206,1.651570323197977e-09,-0.2417022287445457
9.8,20328.339123649876,-1.214616189673022e-05,0.00016176163895297618,0.00016176163895297618,1.6475444012717733e-09,-0.24292323793460438
9.80625,20329.904571532155,-1.220407209398455e-05,0.00016137662561309038,0.00016137662561309038,1.6434992846456424e-09,-0.244081441879691
9.8125,20331.383810038278,-1.2258793170715402e-05,0.00016099461391787004,0.00016099461391787004,1.6394360303736848e-09,-0.24517586341430805
9.818750000000001,20332.775546288303,-1.2310277299757647e-05,0.00016061560500343542,0.00016061560500343542,1.6353557113626166e-09,-0.24620554599515293
9.825000000000001,20334.07851737726,-1.2358477762792735e-05,0.00016023959776202687,0.00016023959776202687,1.631259416004235e-09,-0.24716955525585468
9.83125,20335.2914924776,-1.2403349028153037e-05,0.0001598665889399579,0.0001598665889399579,1.6271482477820957e-09,-0.24806698056306073
9.8375,20336.413274940707,-1.2444846828529107e-05,0.00015949657323359099,0.00015949657323359099,1.6230233248524327e-09,-0.24889693657058212
9.84375,20337.442704389643,-1.2482928238411828e-05,0.0001591295433833202,0.0001591295433833202,1.6188857795994111e-09,-0.24965856476823656
9.850000000000001,20338.378658801303,-1.251755175109775e-05,0.00015876549026555225,0.00015876549026555225,1.614736758164854e-09,-0.250351035021955
9.856250000000001,20339.220056571547,-1.2548677355083321e-05,0.00015840440298268567,0.00015840440298268567,1.6105774199526502e-09,-0.2509735471016664
9.8625,20339.965858558244,-1.2576266609671361e-05,0.00015804626895109418,0.00015804626895109418,1.6064089371080993e-09,-0.2515253321934272
9.86875,20340.615070100048,-1.2600282719611055e-05,0.00015769107398712776,0.00015769107398712776,1.602232493972519e-09,-0.2520056543922211
9.875,20341.16674300213,-1.2620690608591831e-05,0.0001573388023911497,0.0001573388023911497,1.5980492865134912e-09,-0.2524138121718366
9.881250000000001,20341.619977487884,-1.2637456991410398e-05,0.0001569894370296345,0.0001569894370296345,1.5938605217311883e-09,-0.25274913982820796
9.887500000000001,20341.973924108475,-1.2650550444630283e-05,0.00015664295941535561,0.00015664295941535561,1.5896674170412786e-09,-0.25301100889260564
9.89375,20342.22778560715,-1.2659941475553586e-05,0.00015629934978569752,0.00015629934978569752,1.5854711996349713e-09,-0.2531988295110717
9.9,20342.380818734084,-1.2665602589325506e-05,0.00015595858717912917,0.00015595858717912917,1.5812731058168185e-09,-0.2533120517865101
9.90625,20342.432336004138,-1.2667508353994107e-05,0.00015562064950988148,0.00015562064950988148,1.577074380320953e-09,-0.2533501670798821
9.912500000000001,20342.381707395663,-1.2665635463349758e-05,0.00015528551364087323,0.00015528551364087323,1.5728762756064976e-09,-0.2533127092669952
9.918750000000001,20342.228361985774,-1.2659962797371487e-05,0.0001549531554549328,0.0001549531554549328,1.5686800511329395e-09,-0.25319925594742976
9.925,20341.97178951309,-1.2650471480111311e-05,0.00015462354992436706,0.00015462354992436706,1.5644869726163175e-09,-0.2530094296022262
9.93125,20341.61154187023,-1.2637144934851063e-05,0.00015429667117892863,0.00015429667117892863,1.5602983112671282e-09,-0.25274289869702127
9.9375,20341.14723451658,-1.2619968936371335e-05,0.00015397249257223693,0.00015397249257223693,1.5561153430109072e-09,-0.2523993787274267
9.943750000000001,20340.578547808054,-1.2598931660177347e-05,0.00015365098674670775,0.00015365098674670775,1.5519393476924927e-09,-0.25197863320354696
9.950000000000001,20339.905228242784,-1.2574023728532059e-05,0.00015333212569704918,0.00015333212569704918,1.5477716082650338e-09,-0.25148047457064115
9.95625,20339.12708961431,-1.254523825315368e-05,0.0001530158808323814,0.0001530158808323814,1.5436134099648435e-09,-0.2509047650630736
9.9625,20338.24401407233,-1.2512570874441404e-05,0.00015270222303703947,0.00015270222303703947,1.5394660394732522e-09,-0.25025141748882807
9.96875,20337.25595308608,-1.2476019797100737e-05,0.00015239112273011764,0.00015239112273011764,1.5353307840666518e-09,-0.24952039594201475
9.975000000000001,20336.16292830625,-1.2435585822047895e-05,0.00015208254992381525,0.00015208254992381525,1.5312089307559654e-09,-0.2487117164409579
9.981250000000001,20334.965032323602,-1.2391272374481212e-05,0.00015177647428064344,0.00015177647428064344,1.527101765416813e-09,-0.24782544748962423
9.9875,20333.662429322292,-1.2343085528016285e-05,0.00015147286516955193,0.00015147286516955193,1.5230105719116758e-09,-0.2468617105603257
9.99375,20332.255355623012,-1.2291034024791327e-05,0.00015117169172103507,0.00015117169172103507,1.5189366312053986e-09,-0.24582068049582653
10.0,20330.7441201145,-1.2235129291458816e-05,0.00015087292288127547,0.00015087292288127547,1.5148812204753901e-09,-0.2447025858291763
10.006250000000001,20329.12910457372,-1.2175385450989575e-05,0.00015057652746538333,0.00015057652746538333,1.5108456122179114e-09,-0.2435077090197915
10.012500000000001,20327.410763869728,-1.2111819330226266e-05,0.00015028247420978852,0.00015028247420978852,1.5068310733518602e-09,-0.24223638660452532
10.01875,20325.589626050845,-1.2044450463133942e-05,0.00014999073182384175,0.00014999073182384175,1.5028388643214786e-09,-0.24088900926267884
10.025,20323.666292316542,-1.1973301089706216e-05,0.00014970126904067973,0.00014970126904067973,1.4988702381994227e-09,-0.23946602179412432
10.03125,20321.641436867732,-1.1898396150497365e-05,0.00014941405466740884,0.00014941405466740884,1.4949264397916442e-09,-0.2379679230099473
10.037500000000001,20319.51580664234,-1.1819763276761619e-05,0.00014912905763465978,0.00014912905763465978,1.491008704745542e-09,-0.23639526553523238
10.043750000000001,20317.290220927465,-1.1737432776193105e-05,0.00014884624704556505,0.00014884624704556505,1.4871182586628386e-09,-0.2347486555238621
10.05,20314.965570857345,-1.1651437614271042e-05,0.00014856559222420885,0.00014856559222420885,1.4832563162186402e-09,-0.23302875228542086
10.05625,20312.542818789487,-1.1561813391227114e-05,0.00014828706276359864,0.00014828706276359864,1.4794240802881325e-09,-0.2312362678245423
10.0625,20310.022997564396,-1.1468598314663377e-05,0.00014801062857320457,0.00014801062857320457,1.4756227410823498e-09,-0.22937196629326753
10.068750000000001,20307.407209649802,-1.1371833167860882e-05,0.0001477362599261129,0.0001477362599261129,1.4718534752944514e-09,-0.22743666335721763
10.075000000000001,20304.696626167184,-1.1271561273831043e-05,0.000147463927505836,0.000147463927505836,1.4681174452579112e-09,-0.22543122547662087
10.08125,20301.892485809003,-1.116782845517288e-05,0.00014719360245282187,0.00014719360245282187,1.4644157981180139e-09,-0.2233565691034576
10.0875,20298.99609364002,-1.1060682989811246e-05,0.00014692525641070168,0.00014692525641070168,1.4607496650180216e-09,-0.22121365979622493
10.09375,20296.00881979316,-1.0950175562701682e-05,0.00014665886157231436,0.00014665886157231436,1.4571201603013484e-09,-0.21900351125403364
10.100000000000001,20292.93209805668,-1.0836359213598903e-05,0.00014639439072554333,0.00014639439072554333,1.4535283807310472e-09,-0.21672718427197807
10.106250000000001,20289.767424359485,-1.0719289280996188e-05,0.00014613181729899942,0.00014613181729899942,1.4499754047278788e-09,-0.21438578561992375
10.1125,20286.516355154716,-1.0599023342353396e-05,0.00014587111540758155,0.00014587111540758155,1.4464622916281916e-09,-0.21198046684706792
10.11875,20283.18050570734,-1.0475621150741078e-05,0.00014561225989794443,0.00014561225989794443,1.4429900809628024e-09,-0.20951242301482156
10.125,20279.76154828849,-1.034914456803767e-05,0.0001453552263939003,0.0001453552263939003,1.4395597917580184e-09,-0.2069828913607534
10.131250000000001,20276.26121027999,-1.0219657494825728e-05,0.00014509999134177908,0.00014509999134177908,1.4361724218598956e-09,-0.20439314989651455
10.137500000000001,20272.681272195037,-1.0087225797141604e-05,0.0001448465320557697,0.0001448465320557697,1.4328289472827774e-09,-0.2017445159428321
10.14375,20269.023565616066,-9.951917230241184e-06,0.00014459482676326145,0.00014459482676326145,1.4295303215831005e-09,-0.19903834460482367
10.15,20265.289971059112,-9.81380135955141e-06,0.00014434485465020277,0.00014434485465020277,1.4262774752594022e-09,-0.1962760271910282
10.15625,20261.482415765287,-9.672949478984466e-06,0.00014409659590649144,0.00014409659590649144,1.423071315179403e-09,-0.19345898957968932
10.162500000000001,20257.602871425886,-9.529434526797693e-06,0.00014385003177140807,0.00014385003177140807,1.4199127240349786e-09,-0.19058869053595387
10.168750000000001,20253.65335184724,-9.383330999187879e-06,0.0001436051445791007,0.0001436051445791007,1.4168025598257707e-09,-0.18766661998375758
10.175,20249.635910558132,-9.234714861813758e-06,0.00014336191780412683,0.00014336191780412683,1.4137416553721241e-09,-0.18469429723627517
10.18125,20245.552638368797,-9.083663459444665e-06,0.00014312033610705478,0.00014312033610705478,1.4107308178579727e-09,-0.1816732691888933
10.1875,20241.405660881774,-8.930255423937375e-06,0.0001428803853801241,0.0001428803853801241,1.4077708284042255e-09,-0.1786051084787475
10.193750000000001,20237.197135965613,-8.774570580745753e-06,0.0001426420527929605,0.0001426420527929605,1.4048624416731417e-09,-0.17549141161491508
10.200000000000001,20232.92925119293,-8.616689854170648e-06,0.00014240532683833888,0.00014240532683833888,1.402006385504111e-09,-0.17233379708341295
10.20625,20228.604221251364,-8.45669517155862e-06,0.0001421701973779825,0.0001421701973779825,1.3992033605811876e-09,-0.1691339034311724
10.2125,20224.22428533069,-8.294669366659603e-06,0.00014193665568838467,0.00014193665568838467,1.3964540401326569e-09,-0.16589338733319206
10.21875,20219.791704493255,-8.130696082353557e-06,0.0001417046945066347,0.0001417046945066347,1.3937590696628448e-09,-0.16261392164707114
10.225000000000001,20215.30875903311,-7.964859672955915e-06,0.00014147430807622577,0.00014147430807622577,1.3911190667163075e-09,-0.1592971934591183
10.231250000000001,20210.777745829968,-7.797245106310531e-06,0.00014124549219281945,0.00014124549219281945,1.3885346206744734e-09,-0.15594490212621062
10.2375,20206.20097570082,-7.627937865877371e-06,0.0001410182442499369,0.0001410182442499369,1.38600629258474e-09,-0.15255875731754742
10.24375,20201.58077076058,-7.457023853019384e-06,0.00014079256328454234,0.00014079256328454234,1.3835346150219557e-09,-0.1491404770603877
10.25,20196.919461789646,-7.284589289690645e-06,0.00014056845002248142,0.00014056845002248142,1.3811200919821593e-09,-0.1456917857938129
10.256250000000001,20192.219385621094,-7.110720621723687e-06,0.00014034590692373145,0.00014034590692373145,1.3787631988083732e-09,-0.14221441243447375
10.262500000000001,20187.48288254642,-6.9355044229103276e-06,0.00014012493822741667,0.00014012493822741667,1.3764643821481908e-09,-0.13871008845820654
10.26875,20182.712293750483,-6.759027300065121e-06,0.00013990554999653736,0.00013990554999653736,1.374224059942831e-09,-0.13518054600130242
10.275,20177.909958775133,-6.581375799255746e-06,0.0001396877501623568,0.0001396877501623568,1.3720426214472729e-09,-0.1316275159851149
10.28125,20173.07821302257,-6.402636313378469e-06,0.00013947154856838517,0.00013947154856838517,1.3699204272810255e-09,-0.1280527262675694
10.287500000000001,20168.21938529636,-6.222894991251005e-06,0.0001392569570138953,0.0001392569570138953,1.3678578095090293e-09,-0.1244578998250201
10.293750000000001,20163.335795390103,-6.042237648388118e-06,0.0001390439892969001,0.0001390439892969001,1.3658550717521311e-09,-0.12084475296776236
10.3,20158.429751725875,-5.860749679618294e-06,0.00013883266125651615,0.00013883266125651615,1.363912489326524e-09,-0.11721499359236588
10.30625,20153.503549044457,-5.6785159736925335e-06,0.00013862299081463423,0.00013862299081463423,1.3620303094114894e-09,-0.11357031947385067
10.3125,20148.559466156225,-5.495620830028188e-06,0.00013841499801681113,0.00013841499801681113,1.3602087512447348e-09,-0.10991241660056376
10.318750000000001,20143.599763751045,-5.312147877722924e-06,0.0001382087050722936,0.0001382087050722936,1.3584480063445768e-09,-0.10624295755445849
10.325000000000001,20138.626682273694,-5.128179996965366e-06,0.00013800413639307885,0.00013800413639307885,1.3567482387581708e-09,-0.10256359993930732
10.33125,20133.642439868378,-4.943799242960307e-06,0.0001378013186319127,0.0001378013186319127,1.3551095853349573e-09,-0.09887598485920614
10.3375,20128.649230391984,-4.7590867724777585e-06,0.00013760028071911973,0.00013760028071911973,1.3535321560244536e-09,-0.09518173544955517
10.34375,20123.649221502663,-4.574122773125874e-06,0.0001374010538981567,0.0001374010538981567,1.3520160341974893e-09,-0.09148245546251747
10.350000000000001,20118.644552824386,-4.3889863954387755e-06,0.0001372036717597742,0.0001372036717597742,1.3505612769899502e-09,-0.08777972790877552
10.356250000000001,20113.63733418863,-4.20375568786125e-06,0.0001370081702746674,0.0001370081702746674,1.349167915668073e-09,-0.084075113757225
10.3625,20108.629643958433,-4.018507534702733e-06,0.0001368145878244923,0.0001368145878244923,1.3478359560143055e-09,-0.08037015069405465
10.36875,20103.623527431155,-3.833317597124163e-06,0.00013662296523111916,0.00013662296523111916,1.3465653787327266e-09,-0.07666635194248325
10.375,20098.6209953284,-3.6482602572115562e-06,0.00013643334578398986,0.00013643334578398986,1.3453561398730042e-09,-0.07296520514423112
10.381250000000001,20093.62402236837,-3.4634085651813483e-06,0.00013624577526544245,0.00013624577526544245,1.3442081712718514e-09,-0.06926817130362696
10.387500000000001,20088.634545923862,-3.2788341897533817e-06,0.00013606030197386258,0.00013606030197386258,1.3431213810109321e-09,-0.06557668379506763
10.39375,20083.654464767103,-3.094607371718273e-06,0.00013587697674451537,0.00013587697674451537,1.3420956538901578e-09,-0.06189214743436546
10.4,20078.68563790257,-2.9107968807171555e-06,0.00013569585296791138,0.00013569585296791138,1.3411308519153085e-09,-0.05821593761434311
10.40625,20073.729883484342,-2.7274699752433307e-06,0.00013551698660555322,0.00013551698660555322,1.340226814798913e-09,-0.05454939950486661
10.412500000000001,20068.78897782234,-2.544692365866601e-06,0.0001353404362029094,0.0001353404362029094,1.3393833604733171e-09,-0.050893847317332014
10.418750000000001,20063.86465447589,-2.3625281816730302e-06,0.00013516626289945756,0.00013516626289945756,1.338600285614877e-09,-0.047250563633460606
10.425,20058.95860343169,-2.181039939904955e-06,0.00013499453043563778,0.00013499453043563778,1.337877366178215e-09,-0.043620798798099096
10.43125,20054.07247037039,-2.0002885187782376e-06,0.000134825305156554,0.000134825305156554,1.337214357939485e-09,-0.04000577037556475
10.4375,20049.207856015757,-1.8203331334465282e-06,0.00013465865601226145,0.00013465865601226145,1.3366109970476043e-09,-0.03640666266893056
10.443750000000001,20044.36631556955,-1.6412313150751537e-06,0.00013449465455447524,0.00013449465455447524,1.3360670005824237e-09,-0.032824626301503075
10.450000000000001,20039.549358228905,-1.4630388929805102e-06,0.0001343333749295361,0.0001343333749295361,1.3355820671188145e-09,-0.029260777859610204
10.45625,20034.758446783642,-1.2858099797845985e-06,0.00013417489386746836,0.00013417489386746836,1.3351558772956788e-09,-0.02571619959569197
10.4625,20029.99499729738,-1.1095969595279622e-06,0.00013401929066696614,0.00013401929066696614,1.3347880943888978e-09,-0.022191939190559243
10.46875,20025.260378862306,-9.344504786792017e-07,0.0001338666471761448,0.0001338666471761448,1.3344783648872617e-09,-0.018689009573584034
10.475000000000001,20020.555913433367,-7.604194399733962e-07,0.00013371704776889577,0.00013371704776889577,1.3342263190704407e-09,-0.015208388799467926
10.481250000000001,20015.88287573653,-5.875509990071988e-07,0.00013357057931668613,0.00013357057931668613,1.3340315715880856e-09,-0.011751019980143976
10.4875,20011.24249324915,-4.1589056351380884e-07,0.00013342733115564632,0.00013342733115564632,1.3338937220391674e-09,-0.008317811270276176
10.49375,20006.63594624981,-2.4548179523695355e-07,0.00013328739504879308,0.00013328739504879308,1.3338123555506972e-09,-0.004909635904739071
10.5,20002.064367938063,-7.636661431916032e-08,0.00013315086514323942,0.00013315086514323942,1.3337870433549902e-09,-0.0015273322863832064
10.506250000000001,19997.52884461769,9.14147938835185e-08,0.00013301783792224817,0.00013301783792224817,1.3338173433646727e-09,0.00182829587767037
10.512500000000001,19993.03041594489,2.5782396965124294e-07,0.00013288841215199066,0.00013288841215199066,1.3339028007446538e-09,0.005156479393024859
10.51875,19988.57007523597,4.228241675079579e-07,0.00013276268882288008,0.00013276268882288008,1.334042948480323e-09,0.008456483350159158
10.525,19984.1487698325,5.863803426822387e-07,0.00013264077108535437,0.00013264077108535437,1.3342373079412597e-09,0.011727606853644774
10.53125,19979.767401524034,7.484591355189146e-07,0.0001325227641799932,0.0001325227641799932,1.3344853894397751e-09,0.014969182710378292
10.537500000000001,19975.426827021616,9.090288539400508e-07,0.00013240877536186102,0.00013240877536186102,1.3347866927836417e-09,0.018180577078801014
10.543750000000001,19971.12785848159,1.06805945405505e-06,0.0001322989138189787,0.0001322989138189787,1.3351407078223946e-09,0.021361189081101
10.55,19966.871264077792,1.2255225190204478e-06,0.00013219329058483578,0.00013219329058483578,1.3355469149866272e-09,0.024510450380408957
10.55625,19962.657768616853,1.3813912362501335e-06,0.00013209201844486724,0.00013209201844486724,1.3360047858197323e-09,0.02762782472500267
10.5625,19958.488054196667,1.5356403730769468e-06,0.00013199521183683007,0.00013199521183683007,1.336513783501576e-09,0.030712807461538937
10.568750000000001,19954.36276090358,1.6882462509662503e-06,0.00013190298674502796,0.00013190298674502796,1.3370733633636248e-09,0.03376492501932501
10.575000000000001,19950.282487545024,1.8391867183814566e-06,0.00013181546058834548,0.00013181546058834548,1.3376829733950791e-09,0.036783734367629134
10.58125,19946.247792418064,1.9884411224008484e-06,0.00013173275210206844,0.00013173275210206844,1.3383420547395979e-09,0.039768822448016966
10.5875,19942.259194106486,2.135990279183639e-06,0.00013165498121348013,0.00013165498121348013,1.339050042182235e-09,0.042719805583672776
10.59375,19938.31717230832,2.2818164433820728e-06,0.0001315822689112412,0.0001315822689112412,1.3398063646262374e-09,0.045636328867641456
10.600000000000001,19934.422168689176,2.425903276594805e-06,0.00013151473710857557,0.00013151473710857557,1.3406104455593856e-09,0.0485180655318961
10.606250000000001,19930.574587757175,2.5682358149546853e-06,0.00013145250850030228,0.00013145250850030228,1.3414617035095923e-09,0.051364716299093706
10.6125,19926.774797760587,2.70880043594238e-06,0.00013139570641377166,0.00013139570641377166,1.3423595524894997e-09,0.0541760087188476
10.61875,19923.023131604063,2.847584824515066e-06,0.0001313444546537811,0.0001313444546537811,1.343303402429852e-09,0.056951696490301316
10.625,19919.319887779253,2.9845779386367e-06,0.00013129887734156565,0.00013129887734156565,1.344292659601441e-09,0.059691558772733994
10.631250000000001,19915.665331312026,3.119769974294424e-06,0.00013125909874797757,0.00013125909874797757,1.345326727025456e-09,0.06239539948588848
10.637500000000001,19912.059694718297,3.253152330082413e-06,0.00013122524312098846,0.00013122524312098846,1.346405004872097e-09,0.06506304660164826
10.64375,19908.5031789715,3.3847175714322365e-06,0.0001311974345076682,0.0001311974345076682,1.3475268908473289e-09,0.06769435142864473
10.65,19904.995954477738,3.5144593945656425e-06,0.0001311757965708154,0.0001311757965708154,1.3486917805676892e-09,0.07028918789131285
10.65625,19901.53816205495,3.6423725902427664e-06,0.00013116045240043413,0.00013116045240043413,1.3498990679230806e-09,0.07284745180485533
10.662500000000001,19898.12991391665,3.768453007375768e-06,0.0001311515243202734,0.0001311515243202734,1.3511481454275018e-09,0.07536906014751536
10.668750000000001,19894.77129465762,3.892697516574911e-06,0.00013114913368966687,0.00013114913368966687,1.3524384045576947e-09,0.07785395033149822
10.675,19891.46236223944,4.015103973690793e-06,0.0001311534007009307,0.0001311534007009307,1.35376923607971e-09,0.08030207947381586
10.68125,19888.20314897375,4.1356711834134e-06,0.00013116444417259946,0.00013116444417259946,1.355140030363405e-09,0.08271342366826799
10.6875,19884.993662504265,4.254398862985575e-06,0.00013118238133880028,0.00013118238133880028,1.3565501776849157e-09,0.0850879772597115
10.693750000000001,19881.833886782355,4.371287606085104e-06,0.00013120732763508675,0.00013120732763508675,1.357999068517156e-09,0.08742575212170207
10.700000000000001,19878.72378303801,4.486338846926659e-06,0.00013123939648107403,0.00013123939648107403,1.3594860938084196e-09,0.08972677693853319
10.70625,19875.66329074285,4.5995548246316185e-06,0.00013127869906023773,0.00013127869906023773,1.361010645249171e-09,0.09199109649263237
10.7125,19872.652328563778,4.710938547910532e-06,0.00013132534409725745,0.00013132534409725745,1.3625721155271306e-09,0.09421877095821064
10.71875,19869.690795310118,4.8204937601003675e-06,0.00013137943763330667,0.00013137943763330667,1.3641698985707717e-09,0.09640987520200735
10.725000000000001,19866.77857086642,4.9282249045950544e-06,0.00013144108279970767,0.00013144108279970767,1.3658033897813584e-09,0.09856449809190108
10.731250000000001,19863.91551711594,5.034137090705294e-06,0.00013151037959038922,0.00013151037959038922,1.367471986253668e-09,0.10068274181410589
10.7375,19861.10147885141,5.138236059980653e-06,0.00013158742463360113,0.00013158742463360113,1.3691750869855506e-09,0.10276472119961307
10.74375,19858.336284671466,5.240528153023873e-06,0.00013167231096335546,0.00013167231096335546,1.3709120930764892e-09,0.10481056306047745
10.75,19855.61974786374,5.341020276824884e-06,0.0001317651277910806,0.0001317651277910806,1.3726824079153318e-09,0.10682040553649769
10.756250000000001,19852.951667274214,5.439719872639184e-06,0.0001318659602779872,0.0001318659602779872,1.374485437357378e-09,0.10879439745278367
10.762500000000001,19850.331828158574,5.5366348844325835e-06,0.0001319748893086581,0.0001319748893086581,1.3763205898910045e-09,0.11073269768865167
10.76875,19847.76000302092,5.63177372791202e-06,0.00013209199126638615,0.00013209199126638615,1.378187276794027e-09,0.1126354745582404
10.775,19845.235952433377,5.725145260159529e-06,0.00013221733781079416,0.00013221733781079416,1.3800849122799974e-09,0.11450290520319059
10.78125,19842.75942584104,5.816758749884358e-06,0.00013235099565827947,0.00013235099565827947,1.3820129136346393e-09,0.11633517499768717
10.787500000000001,19840.3301623492,5.906623848305865e-06,0.0001324930263658339,0.0001324930263658339,1.383970701342634e-09,0.1181324769661173
10.793750000000001,19837.94789149211,5.994750560677698e-06,0.00013264348611879387,0.00013264348611879387,1.385957699204967e-09,0.11989501121355396
10.8,19835.61233398668,6.081149218462055e-06,0.00013280242552308222,0.00013280242552308222,1.3879733344470523e-09,0.12162298436924111
10.80625,19833.32320246524,6.165830452160415e-06,0.00013296988940250296,0.00013296988940250296,1.3900170378178504e-09,0.12331660904320829
10.8125,19831.080202193374,6.248805164805902e-06,0.00013314591660165277,0.00013314591660165277,1.392088243680201e-09,0.12497610329611804
10.818750000000001,19828.883031768244,6.330084506120358e-06,0.00013333053979501072,0.00013333053979501072,1.3941863900925892e-09,0.12660169012240716
10.825000000000001,19826.73138379877,6.4096798473377545e-06,0.00013352378530276596,0.00013352378530276596,1.3963109188825676e-09,0.12819359694675508
10.83125,19824.624945568536,6.487602756694114e-06,0.00013372567291393696,0.00013372567291393696,1.3984612757120533e-09,0.12975205513388227
10.8375,19822.563399680115,6.563864975582689e-06,0.00013393621571732998,0.00013393621571732998,1.4006369101347224e-09,0.1312772995116538
10.84375,19820.546424682223,6.638478395371916e-06,0.00013415541994087573,0.00013415541994087573,1.4028372756457198e-09,0.13276956790743832
10.850000000000001,19818.573695677962,6.711455034882388e-06,0.00013438328479987223,0.00013438328479987223,1.4050618297239045e-09,0.13422910069764776
10.856250000000001,19816.64488491646,6.7828070185181135e-06,0.00013461980235464962,0.00013461980235464962,1.4073100338668453e-09,0.13565614037036228
10.8625,19814.759662366163,6.85254655504625e-06,0.0001348649573781577,0.0001348649573781577,1.4095813536187843e-09,0.137050931100925
10.86875,19812.917696271317,6.920685917018644e-06,0.00013511872723396165,0.00013511872723396165,1.4118752585917778e-09,0.1384137183403729
10.875,19811.118653691112,6.987237420827711e-06,0.00013538108176511165,0.00013538108176511165,1.4141912224802282e-09,0.1397447484165542
10.881250000000001,19809.36220102181,7.052213407388383e-06,0.00013565198319433262,0.00013565198319433262,1.416528723069012e-09,0.14104426814776766
10.887500000000001,19807.64800450205,7.115626223437277e-06,0.0001359313860359587,0.0001359313860359587,1.4188872422354097e-09,0.14231252446874554
10.89375,19805.975730702867,7.1774882034397354e-06,0.00013621923702001207,0.00013621923702001207,1.421266265945037e-09,0.14354976406879472
10.9,19804.34504699927,7.2378116520946075e-06,0.00013651547502880102,0.00013651547502880102,1.423665284241981e-09,0.14475623304189214
10.90625,19802.755622028042,7.296608827426661e-06,0.00013682003104638463,0.00013682003104638463,1.4260837912333276e-09,0.14593217654853322
10.912500000000001,19801.20712612977,7.353891924455851e-06,0.00013713282812122244,0.00013713282812122244,1.4285212850682788e-09,0.147077838489117
10.918750000000001,19799.699231773444,7.409673059432366e-06,0.00013745378134229712,0.00013745378134229712,1.4309772679120443e-09,0.14819346118864732
10.925,19798.231613969223,7.463964254626499e-06,0.00013778279782896612,0.00013778279782896612,1.4334512459146915e-09,0.14927928509252997
10.93125,19796.80395066406,7.5167774236617976e-06,0.00013811977673476556,0.00013811977673476556,1.4359427291751327e-09,0.15033554847323596
10.9375,19795.415923123935,7.5681243573801354e-06,0.0001384646092653544,0.0001384646092653544,1.4384512317004294e-09,0.1513624871476027
10.943750000000001,19794.06721630201,7.618016710227276e-06,0.00013881717871075218,0.00013881717871075218,1.440976271360583e-09,0.15236033420454553
10.950000000000001,19792.757519192695,7.666465987147317e-06,0.00013917736049198607,0.00013917736049198607,1.4435173698389803e-09,0.15332931974294634
10.95625,19791.486525172822,7.713483530974756e-06,0.0001395450222222266,0.0001395450222222266,1.446074052578663e-09,0.15426967061949512
10.9625,19790.25393232857,7.759080510312641e-06,0.00013992002378245198,0.00013992002378245198,1.448645848724576e-09,0.15518161020625282
10.96875,19789.059443771752,7.80326790788592e-06,0.00014030221741164308,0.00014030221741164308,1.451232291061958e-09,0.1560653581577184
10.975000000000001,19787.902767940348,7.846056509358615e-06,0.00014069144781147095,0.00014069144781147095,1.4538329159510238e-09,0.1569211301871723
10.981250000000001,19786.78361888985,7.887456892604375e-06,0.00014108755226539924,0.00014108755226539924,1.4564472632580912e-09,0.1577491378520875
10.9875,19785.70171657052,7.9274794174196e-06,0.00014149036077208463,0.00014149036077208463,1.4590748762832978e-09,0.158549588348392
10.99375,19784.65678709505,7.966134215669121e-06,0.0001418996961929171,0.0001418996961929171,1.4617153016850518e-09,0.15932268431338242
11.0,19783.64856299124,8.003431181854216e-06,0.00014231537441350314,0.00014231537441350314,1.4643680894013561e-09,0.16006862363708432
11.006250000000001,19782.676783448424,8.039379964093652e-06,0.00014273720451885426,0.00014273720451885426,1.4670327925681432e-09,0.16078759928187303
11.012500000000001,19781.741194548238,8.073989955508231e-06,0.00014316498898200535,0.00014316498898200535,1.469708967434755e-09,0.1614797991101646
11.01875,19780.841549488287,8.107270286000225e-06,0.00014359852386574697,0.00014359852386574697,1.472396173276697e-09,0.1621454057200045
11.025,19779.977608792935,8.13922981441902e-06,0.0001440375990371187,0.0001440375990371187,1.4750939723057962e-09,0.1627845962883804
11.03125,19779.149140515845,8.169877121105195e-06,0.0001444819983942737,0.0001444819983942737,1.4778019295778872e-09,0.1633975424221039
11.037500000000001,19778.35592043052,8.199220500805168e-06,0.00014493150010528742,0.00014493150010528742,1.480519612898151e-09,0.16398441001610337
11.043750000000001,19777.597732212736,8.227267955949515e-06,0.00014538587685844923,0.00014538587685844923,1.4832465927242248e-09,0.16454535911899032
11.05,19776.87436761181,8.25402719028815e-06,0.00014584489612354154,0.00014584489612354154,1.4859824420672017e-09,0.165080543805763
11.05625,19776.18562661422,8.279505602876318e-06,0.0001463083204235789,0.0001463083204235789,1.4887267363906388e-09,0.16559011205752636
11.0625,19775.53131759602,8.303710282405627e-06,0.0001467759076164481,0.0001467759076164481,1.4914790535076844e-09,0.16607420564811254
11.068750000000001,19774.911257467378,8.326648001874966e-06,0.00014724741118586203,0.00014724741118586203,1.4942389734764403e-09,0.16653296003749932
11.075000000000001,19774.325271807196,8.348325213596659e-06,0.00014772258054101184,0.00014772258054101184,1.4970060784936676e-09,0.16696650427193316
11.08125,19773.773194988873,8.368748044533663e-06,0.00014820116132427687,0.00014820116132427687,1.499779952786948e-09,0.16737496089067327
11.0875,19773.25487029898,8.387922291964325e-06,0.0001486828957263282,0.0001486828957263282,1.5025601825054077e-09,0.1677584458392865
11.09375,19772.77015004414,8.4058534194714e-06,0.00014916752280794005,0.00014916752280794005,1.5053463556091116e-09,0.168117068389428
11.100000000000001,19772.31889565074,8.422546553252834e-06,0.00014965477882780426,0.00014965477882780426,1.5081380617572356e-09,0.16845093106505668
11.106250000000001,19771.90097775757,8.438006478752467e-06,0.0001501443975756258,0.0001501443975756258,1.5109348921951208e-09,0.16876012957504935
11.1125,19771.516276296614,8.45223763760884e-06,0.00015063611070976294,0.00015063611070976294,1.5137364396403177e-09,0.16904475275217679
11.11875,19771.164680567683,8.465244124921366e-06,0.00015112964809866264,0.00015112964809866264,1.5165422981677231e-09,0.16930488249842732
11.125,19770.846089303697,8.477029686833379e-06,0.0001516247381653324,0.0001516247381653324,1.5193520630939167e-09,0.16954059373666758
11.131250000000001,19770.56041072785,8.487597718432178e-06,0.0001521211082340823,0.0001521211082340823,1.5221653308608012e-09,0.16975195436864357
11.137500000000001,19770.3075626007,8.496951261966592e-06,0.00015261848487876543,0.00015261848487876543,1.5249816989186518e-09,0.16993902523933183
11.14375,19770.087472260973,8.505093005383416e-06,0.00015311659427174313,0.00015311659427174313,1.5278007656086809e-09,0.1701018601076683
11.15,19769.90007665558,8.512025281184189e-06,0.00015361516253280044,0.00015361516253280044,1.530622130045223e-09,0.17024050562368379
11.15625,19769.74532236253,8.51775006560468e-06,0.00015411391607724094,0.00015411391607724094,1.5334453919976487e-09,0.1703550013120936
11.162500000000001,19769.623165603043,8.522268978119579e-06,0.00015461258196239352,0.00015461258196239352,1.536270151772113e-09,0.17044537956239159
11.168750000000001,19769.533572248172,8.525583281275857e-06,0.00015511088823177274,0.00015511088823177274,1.539096010093251e-09,0.17051166562551714
11.175,19769.47651781208,8.527693880858175e-06,0.00015560856425614225,0.00015560856425614225,1.5419225679859249e-09,0.1705538776171635
11.18125,19769.451987439927,8.528601326390734e-06,0.00015610534107074505,0.00015610534107074505,1.5447494266571409e-09,0.17057202652781467
11.1875,19769.459975884696,8.52830581198009e-06,0.00015660095170797654,0.00015660095170797654,1.5475761873782427e-09,0.17056611623960177
11.193750000000001,19769.500487474677,8.526807177504008e-06,0.00015709513152479512,0.00015709513152479512,1.5504024513675005e-09,0.17053614355008015
11.200000000000001,19769.57353607245,8.524104910151963e-06,0.0001575876185241823,0.0001575876185241823,1.5532278196732101e-09,0.17048209820303928
11.20625,19769.679145022972,8.52019814632312e-06,0.00015807815366998592,0.00015807815366998592,1.5560518930574218e-09,0.1704039629264624
11.2125,19769.817347093154,8.515085673888245e-06,0.00015856648119450307,0.00015856648119450307,1.5588742718804175e-09,0.1703017134777649
11.21875,19769.988184400077,8.508765934822247e-06,0.00015905234889818334,0.00015905234889818334,1.561694555986062e-09,0.17017531869644495
11.225000000000001,19770.191708329374,8.50123702821442e-06,0.0001595355084408607,0.0001595355084408607,1.5645123445881517e-09,0.1700247405642884
11.231250000000001,19770.427979445005,8.492496713664011e-06,0.00016001571562394894,0.00016001571562394894,1.5673272361578874e-09,0.1698499342732802
11.2375,19770.697067384423,8.482542415068657e-06,0.00016049273066306684,0.00016049273066306684,1.570138828312605e-09,0.16965084830137314
11.24375,19770.999050747592,8.471371224814037e-06,0.00016096631845058935,0.00016096631845058935,1.572946717705893e-09,0.16942742449628076
11.25,19771.334016971112,8.458979908372921e-06,0.00016143624880765372,0.00016143624880765372,1.5757504999192358e-09,0.16917959816745842
11.256250000000001,19771.702062193508,8.445364909322334e-06,0.00016190229672518328,0.00016190229672518328,1.5785497693553187e-09,0.16890729818644667
11.262500000000001,19772.103291107636,8.430522354787633e-06,0.00016236424259352545,0.00016236424259352545,1.5813441191331383e-09,0.16861044709575265
11.26875,19772.537816801836,8.414448061322517e-06,0.0001628218724203369,0.0001628218724203369,1.5841331409850616e-09,0.16828896122645035
11.275,19773.005760588843,8.397137541234181e-06,0.00016327497803638374,0.00016327497803638374,1.5869164251559817e-09,0.16794275082468363
11.28125,19773.507251822808,8.378586009362892e-06,0.00016372335728896226,0.00016372335728896226,1.5896935603047202e-09,0.16757172018725783
11.287500000000001,19774.042427703072,8.358788390325356e-06,0.0001641668142226824,0.0001641668142226824,1.5924641334078308e-09,0.16717576780650711
11.293750000000001,19774.611433065944,8.337739326231328e-06,0.00016460515924739334,0.00016460515924739334,1.5952277296659608e-09,0.16675478652462655
11.3,19775.2144201631,8.315433184882929e-06,0.00016503820929306845,0.00016503820929306845,1.5979839324129301e-09,0.16630866369765857
11.30625,19775.851548426006,8.291864068465965e-06,0.00016546578795150453,0.00016546578795150453,1.6007323230276908e-09,0.1658372813693193
11.3125,19776.522984218016,8.26702582274267e-06,0.00016588772560472654,0.00016588772560472654,1.603472480849334e-09,0.1653405164548534
11.318750000000001,19777.22890057215,8.24091204675503e-06,0.00016630385954002777,0.00016630385954002777,1.6062039830953134e-09,0.1648182409351006
11.325000000000001,19777.96947691428,8.213516103047634e-06,0.0001667140340516109,0.0001667140340516109,1.6089264047830555e-09,0.16427032206095268
11.33125,19778.744898772773,8.18483112841893e-06,0.00016711810052883158,0.00016711810052883158,1.611639318655136e-09,0.16369662256837858
11.3375,19779.555357473364,8.154850045209352e-06,0.00016751591753108252,0.00016751591753108252,1.6143422951081954e-09,0.16309700090418705
11.34375,19780.401049818807,8.123565573134434e-06,0.00016790735084938968,0.00016790735084938968,1.6170349021257783e-09,0.16247131146268867
11.350000000000001,19781.282177755416,8.090970241670894e-06,0.00016829227355482683,0.00016829227355482683,1.619716705215277e-09,0.1618194048334179
11.356250000000001,19782.1989480209,8.057056403002702e-06,0.000168670566033887,0.000168670566033887,1.6223872673491672e-09,0.16114112806005404
11.3625,19783.15157178155,8.021816245534421e-06,0.00016904211601098088,0.00016904211601098088,1.6250461489107217e-09,0.16043632491068843
11.36875,19784.140264248705,7.98524180797762e-06,0.0001694068185582639,0.0001694068185582639,1.6276929076443945e-09,0.1597048361595524
11.375,19785.165244285654,7.947324994016545e-06,0.00016976457609302098,0.00016976457609302098,1.6303270986110643e-09,0.1589464998803309
11.381250000000001,19786.226733991934,7.908057587557494e-06,0.0001701152983628678,0.0001701152983628678,1.6329482741483341e-09,0.1581611517511499
11.387500000000001,19787.32495827785,7.867431268566616e-06,0.0001704589024190519,0.0001704589024190519,1.635555983836079e-09,0.15734862537133232
11.39375,19788.460144418736,7.825437629499215e-06,0.00017079531257816364,0.00017079531257816364,1.6381497744674406e-09,0.1565087525899843
11.4,19789.632521595642,7.782068192323295e-06,0.0001711244603725889,0.0001711244603725889,1.640729190025463e-09,0.1556413638464659
11.40625,19790.84232041887,7.737314426138918e-06,0.00017144628449005788,0.00017144628449005788,1.6432937716655702e-09,0.15474628852277836
11.412500000000001,19792.08977243513,7.6911677653939e-06,0.0001717607307026641,0.0001717607307026641,1.6458430577040795e-09,0.15382335530787802
11.418750000000001,19793.375109619694,7.643619628695564e-06,0.00017206775178574632,0.00017206775178574632,1.648376583612952e-09,0.15287239257391128
11.425,19794.698563851143,7.594661438216668e-06,0.00017236730742704244,0.00017236730742704244,1.6508938820209732e-09,0.15189322876433337
11.43125,19796.060366371014,7.544284639692982e-06,0.00017265936412653966,0.00017265936412653966,1.6533944827215647e-09,0.15088569279385963
11.4375,19797.460747228077,7.4924807230083e-06,0.0001729438950874583,0.0001729438950874583,1.6558779126874156e-09,0.149849614460166
11.443750000000001,19798.899934704616,7.439241243361434e-06,0.0001732208800988178,0.0001732208800988178,1.6583436960921329e-09,0.14878482486722866
11.450000000000001,19800.378154730355,7.384557843008517e-06,0.0001734903054100437,0.0001734903054100437,1.6607913543390965e-09,0.14769115686017034
11.45625,19801.895630277842,7.328422273572228e-06,0.00017375216359808213,0.00017375216359808213,1.6632204060977096e-09,0.14656844547144457
11.4625,19803.452580745638,7.270826418908293e-06,0.00017400645342749427,0.00017400645342749427,1.6656303673472286e-09,0.14541652837816585
11.46875,19805.049221324356,7.211762318517764e-06,0.00017425317970400902,0.00017425317970400902,1.668020751428352e-09,0.14423524637035529
11.475000000000001,19806.68576235054,7.1512221914922676e-06,0.0001744923531220136,0.0001744923531220136,1.670391069102747e-09,0.14302444382984536
11.481250000000001,19808.362408643814,7.0891984609773606e-06,0.00017472399010646424,0.00017472399010646424,1.672740828620685e-09,0.14178396921954722
11.4875,19810.079358833704,7.025683779137805e-06,0.00017494811264969873,0.00017494811264969873,1.6750695357969509e-09,0.1405136755827561
11.49375,19811.836804670285,6.9606710526063915e-06,0.00017516474814363112,0.00017516474814363112,1.6773766940951884e-09,0.13921342105212783
11.5,19813.634930324653,6.894153468396483e-06,0.00017537392920780477,0.00017537392920780477,1.679661804720834e-09,0.13788306936792966
11.506250000000001,19815.47391167568,6.826124520256237e-06,0.00017557569351377725,0.00017557569351377725,1.6819243667227856e-09,0.13652249040512474
11.512500000000001,19817.35391558737,6.756578035440933e-06,0.00017577008360630252,0.00017577008360630252,1.6841638771039464e-09,0.13513156070881865
11.51875,19819.27509917346,6.685508201877535e-06,0.00017595714672177096,0.00017595714672177096,1.6863798309407711e-09,0.1337101640375507
11.525,19821.237609053944,6.612909595693942e-06,0.00017613693460435782,0.00017613693460435782,1.6885717215119378e-09,0.13225819191387883
11.53125,19823.241580601465,6.538777209083302e-06,0.00017630950332032182,0.00017630950332032182,1.6907390404362554e-09,0.13077554418166604
11.537500000000001,19825.28713718026,6.463106478471702e-06,0.00017647491307088586,0.00017647491307088586,1.6928812778199076e-09,0.12926212956943403
11.543750000000001,19827.374389377037,6.385893312955691e-06,0.0001766332280041191,0.0001766332280041191,1.6949979224131223e-09,0.12771786625911383
11.55,19829.503434225833,6.30713412297396e-06,0.0001767845160262281,0.0001767845160262281,1.6970884617763449e-09,0.1261426824594792
11.55625,19831.67435442796,6.22682584917559e-06,0.00017692884861265156,0.00017692884861265156,1.6991523824559792e-09,0.1245365169835118
11.5625,19833.88721756759,6.1449659914452755e-06,0.0001770663006193393,0.0001770663006193393,1.7011891701697503e-09,0.1228993198289055
11.568750000000001,19836.14207532344,6.061552638043875e-06,0.00017719695009458096,0.00017719695009458096,1.7031983100017253e-09,0.12123105276087749
11.575000000000001,19838.438962679622,5.976584494820851e-06,0.00017732087809173587,0.00017732087809173587,1.7051792866070168e-09,0.11953168989641702
11.58125,19840.777897134314,5.890060914452984e-06,0.0001774381684831985,0.0001774381684831985,1.7071315844261784e-09,0.11780121828905968
11.5875,19843.158877911308,5.801981925662306e-06,0.00017754890777591973,0.00017754890777591973,1.7090546879092834e-09,0.11603963851324613
11.59375,19845.58188517133,5.712348262363839e-06,0.0001776531849287856,0.0001776531849287856,1.7109480817496662e-09,0.11424696524727677
11.600000000000001,19848.04687922713,5.621161392692337e-06,0.00017775109117214034,0.00017775109117214034,1.7128112511272834e-09,0.11242322785384674
11.606250000000001,19850.553799764122,5.528423547855399e-06,0.0001778427198297224,0.0001778427198297224,1.7146436819616396e-09,0.11056847095710799
11.6125,19853.10256506576,5.43413775075859e-06,0.00017792816614326602,0.00017792816614326602,1.7164448611742005e-09,0.1086827550151718
11.61875,19855.693071248767,5.338307844346915e-06,0.00017800752710000301,0.00017800752710000301,1.7182142769602e-09,0.1067661568869383
11.625,19858.325191504246,5.24093851960506e-06,0.00017808090126328324,0.00017808090126328324,1.7199514190697287e-09,0.1048187703921012
11.631250000000001,19860.998775353713,5.142035343158087e-06,0.00017814838860651425,0.00017814838860651425,1.72165577909797e-09,0.10284070686316174
11.637500000000001,19863.713647914155,5.041604784412326e-06,0.00017821009035060448,0.00017821009035060448,1.7233268507844327e-09,0.10083209568824653
11.64375,19866.46960917827,4.939654242175487e-06,0.00017826610880507734,0.00017826610880507734,1.7249641303210073e-09,0.09879308484350974
11.65,19869.26643331102,4.836192070693919e-06,0.0001783165472130071,0.0001783165472130071,1.7265671166686518e-09,0.09672384141387838
11.65625,19872.103867963968,4.731227605043975e-06,0.00017836150959991073,0.00017836150959991073,1.7281353118824941e-09,0.0946245521008795
11.662500000000001,19874.981633606738,4.624771185813573e-06,0.00017840110062671574,0.00017840110062671574,1.7296682214451152e-09,0.09249542371627145
11.668750000000001,19877.899422881306,4.516834183009657e-06,0.00017843542544690547,0.00017843542544690547,1.7311653546077563e-09,0.09033668366019314
11.675,19880.856899978942,4.407429019126718e-06,0.00017846458956793208,0.00017846458956793208,1.7326262247391733e-09,0.08814858038253436
11.68125,19883.853700039792,4.296569191311016e-06,0.0001784886987169691,0.0001784886987169691,1.7340503496818357e-09,0.08593138382622033
11.6875,19886.889428581835,4.184269292555428e-06,0.0001785078587110636,0.0001785078587110636,1.7354372521151528e-09,0.08368538585110856
11.693750000000001,19889.963660953457,4.0705450318593435e-06,0.00017852217533173407,0.00017852217533173407,1.7367864599253808e-09,0.08141090063718687
11.700000000000001,19893.07594182061,3.9554132532888424e-06,0.00017853175420404568,0.00017853175420404568,1.7380975065818474e-09,0.07910826506577685
11.70625,19896.225784681606,3.8388919538722344e-06,0.0001785367006801839,0.0001785367006801839,1.7393699315191094e-09,0.07677783907744469
11.7125,19899.412671416645,3.72100030026692e-06,0.00017853711972753357,0.00017853711972753357,1.7406032805246326e-09,0.0744200060053384
11.71875,19902.636051872825,3.6017586441343567e-06,0.00017853311582126076,0.00017853311582126076,1.7417971061315692e-09,0.07203517288268714
11.725000000000001,19905.895343485117,3.4811885361607145e-06,0.00017852479284138255,0.00017852479284138255,1.7429509680161823e-09,0.0696237707232143
11.731250000000001,19909.189930934706,3.359312738661977e-06,0.00017851225397430082,0.00017851225397430082,1.7440644333994484e-09,0.06718625477323954
11.7375,19912.519165848887,3.2361552367138225e-06,0.0001784956016187656,0.0001784956016187656,1.745137077452348e-09,0.06472310473427645
11.74375,19915.882366541806,3.111741247748094e-06,0.00017847493729622512,0.00017847493729622512,1.746168483704339e-09,0.06223482495496188
11.75,19919.278817797483,2.9860972295593108e-06,0.0001784503615655111,0.0001784503615655111,1.7471582444544813e-09,0.05972194459118622
11.756250000000001,19922.707770697827,2.8592508866669006e-06,0.00017842197394180053,0.00017842197394180053,1.748105961184673e-09,0.05718501773333801
11.762500000000001,19926.16844249696,2.7312311749809705e-06,0.00017838987281978703,0.00017838987281978703,1.749011244974431e-09,0.05462462349961941
11.76875,19929.66001654238,2.6020683047217397e-06,0.00017835415540098928,0.00017835415540098928,1.7498737169166401e-09,0.05204136609443479
11.775,19933.18164224358,2.4717937415454425e-06,0.00017831491762511833,0.00017831491762511833,1.7506930085336752e-09,0.049435874830908846
11.78125,19936.73243509252,2.3404402058323858e-06,0.00017827225410541866,0.00017827225410541866,1.7514687621932872e-09,0.046808804116647715
11.787500000000001,19940.311476732706,2.208041670095707e-06,0.00017822625806789537,0.00017822625806789537,1.7522006315236312e-09,0.044160833401914144
11.793750000000001,19943.917815081608,2.074633354472723e-06,0.00017817702129433336,0.00017817702129433336,1.7528882818267985e-09,0.041492667089454455
11.8,19947.550464505173,1.9402517202640397e-06,0.00017812463406901256,0.00017812463406901256,1.7535313904902084e-09,0.0388050344052808
11.80625,19951.20840604574,1.8049344614892062e-06,0.00017806918512901912,0.00017806918512901912,1.7541296473952003e-09,0.036098689229784126
11.8125,19954.890587705493,1.6687204944315152e-06,0.00017801076161804975,0.00017801076161804975,1.7546827553221616e-09,0.0333744098886303
11.818750000000001,19958.595924783414,1.531649945148282e-06,0.00017794944904360528,0.00017794944904360528,1.755190430351514e-09,0.030632998902965638
11.825000000000001,19962.32330026851,1.3937641349271561e-06,0.00017788533123746643,0.00017788533123746643,1.7556524022598804e-09,0.027875282698543124
11.83125,19966.071565289152,1.2551055636732142e-06,0.00017781849031934456,0.00017781849031934456,1.7560684149107451e-09,0.025102111273464282
11.8375,19969.83953961813,1.1157178912158606e-06,0.00017774900666359946,0.00017774900666359946,1.7564382266389184e-09,0.02231435782431721
11.84375,19973.62601223459,9.75645916529134e-07,0.00017767695886891473,0.00017767695886891473,1.7567616106281128e-09,0.01951291833058268
11.850000000000001,19977.429741941996,8.349355548635624e-07,0.00017760242373082282,0.00017760242373082282,1.7570383552809399e-09,0.016698711097271248
11.856250000000001,19981.249458043054,6.936338127924525e-07,0.00017752547621697074,0.00017752547621697074,1.7572682645806363e-09,0.01387267625584905
11.8625,19985.083861069816,5.517887611802068e-07,0.00017744618944501932,0.00017744618944501932,1.7574511584438298e-09,0.011035775223604136
11.86875,19988.93162357093,4.094495060853139e-07,0.00017736463466306928,0.00017736463466306928,1.757586873063661e-09,0.008188990121706279
11.875,19992.791390953254,2.6666615761535633e-07,0.0001772808812325087,0.0001772808812325087,1.757675261242581e-09,0.005333323152307127
11.881250000000001,19996.661782378356,1.2348979675653667e-07,0.00017719499661317842,0.00017719499661317842,1.7577161927141564e-09,0.002469795935130733
11.887500000000001,20000.541391713232,-2.0027559794821576e-08,0.0001771070463507537,0.0001771070463507537,1.7577095544532151e-09,-0.00040055119589643153
11.89375,20004.428788534868,-1.6383299676626967e-07,0.00017701709406624204,0.00017701709406624204,1.757655250973686e-09,-0.0032766599353253934
11.9,20008.32251918497,-3.078727393712907e-07,0.0001769252014475001,0.0001769252014475001,1.7575532046134896e-09,-0.006157454787425814
11.90625,20012.22110787773,-4.5209219425674785e-07,0.00017683142824267506,0.00017683142824267506,1.757403355805858e-09,-0.009041843885134957
11.912500000000001,20016.123057856144,-5.964359922882756e-07,0.00017673583225547783,0.00017673583225547783,1.7572056633364718e-09,-0.011928719845765512
11.918750000000001,20020.026852596693,-7.40848033121089e-07,0.00017663846934219866,0.00017663846934219866,1.756960104585824e-09,-0.01481696066242178
11.925,20023.930957061708,-8.85271531498792e-07,0.00017653939341037987,0.00017653939341037987,1.7566666757562392e-09,-0.01770543062997584
11.93125,20027.83381899444,-1.0296490652182133e-06,0.00017643865641906093,0.00017643865641906093,1.7563253920829932e-09,-0.020592981304364266
11.9375,20031.733870260592,-1.1739226246931527e-06,0.0001763363083805172,0.0001763363083805172,1.7559362880290046e-09,-0.023478452493863055
11.943750000000001,20035.629528228284,-1.318033664045806e-06,0.00017623239736341487,0.00017623239736341487,1.7554994174625925e-09,-0.026360673280916118
11.950000000000001,20039.519197188798,-1.4619231536498811e-06,0.00017612696949730912,0.00017612696949730912,1.7550148538178178e-09,-0.02923846307299762
11.95625,20043.401269814116,-1.6055316340451997e-06,0.00017602006897841547,0.00017602006897841547,1.7544826902369539e-09,-0.03211063268090399
11.9625,20047.27412864895,-1.7487992711394778e-06,0.00017591173807658802,0.00017591173807658802,1.7539030396946616e-09,-0.034975985422789554
11.96875,20051.136147635516,-1.89166591260897e-06,0.0001758020171434416,0.0001758020171434416,1.7532760351034685e-09,-0.0378333182521794
11.975000000000001,20054.985693668095,-2.034071145405865e-06,0.0001756909446215587,0.0001756909446215587,1.7526018294001878e-09,-0.040681422908117305
11.981250000000001,20058.82112817469,-2.175954354276867e-06,0.0001755785570547253,0.0001755785570547253,1.7518805956129402e-09,-0.04351908708553734
11.9875,20062.64080872409,-2.317254781193892e-06,0.00017546488909914352,0.00017546488909914352,1.751112526908478e-09,-0.04634509562387784
11.99375,20066.443090653596,-2.457911585594904e-06,0.00017534997353557235,0.00017534997353557235,1.7502978366195417e-09,-0.04915823171189808
12.0,20070.226328717177,-2.5978639053298846e-06,0.00017523384128235146,0.00017523384128235146,1.7494367582520143e-09,-0.05195727810659769
