t_adimensional,p_outlet_Pa,q_outlet_m3s,w_centro_m,w_max_m,volume_acumulado_m3,potencia_W
0.0,19842.55886889088,2.8087277680589474e-06,9.676653630662298e-08,9.676653630662305e-08,1.8619410480950982e-12,0.05617455536117895
0.0125,19688.993737327943,5.548308246127901e-06,2.8942990813151145e-07,2.8942990813151156e-07,5.539984533985985e-12,0.11096616492255801
0.025,19540.00281710441,8.20628543339222e-06,5.771438075874725e-07,5.771438075874729e-07,1.0980034607396009e-11,0.16412570866784443
0.037500000000000006,19395.98028244364,1.0775627316818306e-05,9.590872127598377e-07,9.590872127598384e-07,1.812333380795341e-11,0.21551254633636613
0.05,19257.084530182037,1.3253508118992179e-05,1.4344651285949387e-06,1.4344651285949393e-06,2.6909251431813096e-11,0.2650701623798436
0.0625,19123.315156712095,1.563993504020387e-05,2.0025085524388677e-06,2.0025085524388685e-06,3.7277161548293026e-11,0.31279870080407746
0.07500000000000001,18994.581549157316,1.7936524601510858e-05,2.6624739996942224e-06,2.6624739996942233e-06,4.916750983890021e-11,0.3587304920302172
0.08750000000000001,18870.75429048904,2.01455855846124e-05,3.4136428408321834e-06,3.4136428408321847e-06,6.252227250563776e-11,0.402911711692248
0.1,18751.697617532507,2.2269539985562046e-05,4.255320608283937e-06,4.255320608283939e-06,7.728503132222767e-11,0.4453907997112409
0.1125,18637.28573743295,2.431063193130379e-05,5.186836352819831e-06,5.186836352819831e-06,9.34008557224356e-11,0.4862126386260758
0.125,18527.40782367753,2.6270838551330567e-05,6.207542073718651e-06,6.207542073718652e-06,1.108161258040945e-10,0.5254167710266113
0.1375,18421.966582794335,2.8151895547585093e-05,7.316812215645114e-06,7.316812215645115e-06,1.2947837228373775e-10,0.5630379109517019
0.15000000000000002,18320.874244452934,2.9955368730484514e-05,8.514043212597127e-06,8.514043212597131e-06,1.4933616387336501e-10,0.5991073746096903
0.1625,18224.0484262142,3.168272779123137e-05,9.798653058697641e-06,9.798653058697643e-06,1.70339043561803e-10,0.6336545558246274
0.17500000000000002,18131.409057293044,3.3335401181433355e-05,1.1170080890795594e-05,1.1170080890795596e-05,1.9243750127645822e-10,0.6667080236286671
0.1875,18042.876646099234,3.491480701994756e-05,1.2627786574412554e-05,1.2627786574412554e-05,2.155829670336063e-10,0.6982961403989512
0.2,17958.371674979073,3.642236389060222e-05,1.417125029007915e-05,1.417125029007915e-05,2.397278112466271e-10,0.7284472778120443
0.21250000000000002,17877.81472053486,3.785948869570454e-05,1.5799972120647593e-05,1.5799972120647593e-05,2.648253436113035e-10,0.7571897739140908
0.225,17801.126910756968,3.922758850088167e-05,1.7513471641808362e-05,1.7513471641808362e-05,2.908298065849618e-10,0.7845517700176333
0.23750000000000002,17728.230434767287,4.05280514413216e-05,1.9311287518292813e-05,1.9311287518292813e-05,3.176963628372453e-10,0.8105610288264321
0.25,17659.04894392603,4.176223956608308e-05,2.119297710771067e-05,2.119297710771067e-05,3.4538107795729015e-10,0.8352447913216616
0.2625,17593.50778508406,4.293148467690943e-05,2.315811607314989e-05,2.315811607314989e-05,3.738409004023986e-10,0.8586296935381886
0.275,17531.53407417972,4.403708701527313e-05,2.5206298004886165e-05,2.5206298004886165e-05,4.030336405763377e-10,0.8807417403054626
0.28750000000000003,17473.056652610954,4.508031604068195e-05,2.733713405097602e-05,2.733713405097602e-05,4.329179504235867e-10,0.901606320813639
0.30000000000000004,17418.005977959067,4.6062412380170146e-05,2.9550252556185244e-05,2.9550252556185244e-05,4.6345330431592683e-10,0.921248247603403
0.3125,17366.313994153697,4.69845901445136e-05,3.1845298708599946e-05,3.1845298708599946e-05,4.945999814744795e-10,0.9396918028902721
0.325,17317.914012297548,4.784803905431854e-05,3.422193419331027e-05,3.422193419331027e-05,5.263190498011552e-10,0.9569607810863708
0.3375,17272.74061814355,4.865392609060639e-05,3.6679836852667186e-05,3.6679836852667186e-05,5.58572350804296e-10,0.9730785218121278
0.35000000000000003,17230.729609484057,4.940339661178564e-05,3.921870035272043e-05,3.921870035272043e-05,5.913224852647731e-10,0.9880679322357128
0.36250000000000004,17191.817958281183,5.00975750292421e-05,4.183823385549262e-05,4.183823385549262e-05,6.245327993499409e-10,1.001951500584842
0.375,17155.943788516954,5.073756520248368e-05,4.453816169668618e-05,4.453816169668618e-05,6.581673709895385e-10,1.0147513040496736
0.3875,17123.04636064933,5.132445071645206e-05,4.7318223068208e-05,4.7318223068208e-05,6.921909964354241e-10,1.0264890143290413
0.4,17093.066055839157,5.185929516289934e-05,5.01781717044705e-05,5.01781717044705e-05,7.265691770078375e-10,1.0371859032579869
0.41250000000000003,17065.944356313626,5.2343142490713805e-05,5.311777557068045e-05,5.311777557068045e-05,7.612681060738976e-10,1.046862849814276
0.42500000000000004,17041.623821157747,5.277701743778837e-05,5.613681655009206e-05,5.613681655009206e-05,7.962546563123921e-10,1.0555403487557673
0.4375,17020.04805879716,5.316192602192288e-05,5.923509012520775e-05,5.923509012520775e-05,8.314963673039915e-10,1.0632385204384576
0.45,17001.16169824044,5.349885605386545e-05,6.241240504475888e-05,6.241240504475888e-05,8.669614334615645e-10,1.069977121077309
0.4625,16984.91036098279,5.3788777638541215e-05,6.566858296341185e-05,6.566858296341185e-05,9.026186922927656e-10,1.0757755527708244
0.47500000000000003,16971.240634735586,5.403264364371007e-05,6.90034580337228e-05,6.90034580337228e-05,9.384376129733001e-10,1.0806528728742013
0.48750000000000004,16960.100049256915,5.4231390131151454e-05,7.241687641884374e-05,7.241687641884374e-05,9.743882852060287e-10,1.0846278026230292
0.5,16951.4370538431,5.438593675821304e-05,7.590869567849119e-05,7.590869567849119e-05,1.0104414083462616e-09,1.0877187351642608
0.5125000000000001,16945.200995667255,5.4497187164244244e-05,7.947878395802889e-05,7.947878395802889e-05,1.0465682807832267e-09,1.0899437432848849
0.525,16941.342098126715,5.4566029356878316e-05,8.312701887917803e-05,8.312701887917803e-05,1.0827407895776076e-09,1.0913205871375664
0.5375,16939.81143858913,5.459333610903617e-05,8.685328598859437e-05,8.685328598859437e-05,1.11893140036226e-09,1.0918667221807234
0.55,16940.56092527176,5.4579965371400034e-05,9.065747656498178e-05,9.065747656498178e-05,1.1551131475163637e-09,1.0915993074280006
0.5625,16943.543273315066,5.452676069925156e-05,9.453948451432373e-05,9.453948451432373e-05,1.1912596246225295e-09,1.0905352139850313
0.5750000000000001,16948.711980341282,5.443455168850881e-05,9.849920199448484e-05,9.849920199448484e-05,1.2273449752129615e-09,1.088691033770176
0.5875,16956.02130188333,5.430415441407162e-05,0.00010253651330411125,0.00010253651330411125,1.2633438838062036e-09,1.0860830882814323
0.6000000000000001,16965.426227051415,5.4136371863920067e-05,0.00010665128644726903,0.00010665128644726903,1.2992315672316546e-09,1.0827274372784013
0.6125,16976.882454713963,5.393199436404458e-05,0.0001108433616476811,0.0001108433616476811,1.334983766235777e-09,1.0786398872808916
0.625,16990.346370353735,5.369179999134003e-05,0.00011511253594079805,0.00011511253594079805,1.3705767373620162e-09,1.0738359998268006
0.6375000000000001,17005.77502365892,5.341655497336212e-05,0.00011945854282791647,0.00011945854282791647,1.405987245095724e-09,1.0683310994672424
0.65,17023.126106852716,5.310701407493581e-05,0.00012388102584786424,0.00012388102584786424,1.441192554265371e-09,1.0621402814987162
0.6625000000000001,17042.357933738956,5.27639209719701e-05,0.00012837950482634514,0.00012837950482634514,1.4761704226915627e-09,1.055278419439402
0.675,17063.429419455075,5.238800861267308e-05,0.000132953333522707,0.000132953333522707,1.510899094075513e-09,1.0477601722534617
0.6875,17086.300060939553,5.1979999565995714e-05,0.00013760164743345477,0.00013760164743345477,1.545357291118503e-09,1.0395999913199143
0.7000000000000001,17110.92991814088,5.154060635687583e-05,0.00014232330065737584,0.00014232330065737584,1.579524208863578e-09,1.0308121271375166
0.7125,17137.27959598571,5.10705317879133e-05,0.00014711679100371184,0.00014711679100371184,1.6133795082504873e-09,1.021410635758266
0.7250000000000001,17165.31022710432,5.05704692475516e-05,0.00015198017295330794,0.00015198017295330794,1.6469033098749212e-09,1.011409384951032
0.7375,17194.98345526502,5.0041103005597884e-05,0.00015691095867630684,0.00015691095867630684,1.680076187943652e-09,1.0008220601119577
0.75,17226.26141942206,4.9483108497821025e-05,0.0001619060080704788,0.0001619060080704788,1.7128791644183385e-09,0.9896621699564205
0.7625000000000001,17259.10673822832,4.8897152602222935e-05,0.00016696140969842593,0.00016696140969842593,1.7452937033424747e-09,0.9779430520444586
0.775,17293.48249483618,4.8283893910206455e-05,0.00017207235553854845,0.00017207235553854845,1.7773017053480986e-09,0.9656778782041291
0.7875000000000001,17329.352221786685,4.764398299614007e-05,0.00017723301357327827,0.00017723301357327827,1.808885502341199e-09,0.9528796599228014
0.8,17366.67988579926,4.6978062688710176e-05,0.00018243640334892646,0.00018243640334892646,1.8400278523670057e-09,0.9395612537742035
0.8125,17405.42987229726,4.628676834698729e-05,0.00018767428066799617,0.00018767428066799617,1.870711934658286e-09,0.9257353669397458
0.8250000000000001,17445.56696954515,4.55707281434106e-05,0.00019293703841840551,0.00019293703841840551,1.9009213448712367e-09,0.9114145628682121
0.8375,17487.056352322743,4.483056335503865e-05,0.0001982136311012669,0.0001982136311012669,1.93064009051445e-09,0.8966112671007729
0.8500000000000001,17529.863565109063,4.406688866354833e-05,0.00020349153079043917,0.00020349153079043917,1.959852586576751e-09,0.8813377732709665
0.8625,17573.954504791793,4.328031246369729e-05,0.00020875672195838556,0.00020875672195838556,1.9885436513595195e-09,0.8656062492739458
0.875,17619.295402951553,4.2471437179365084e-05,0.00021399374177466464,0.00021399374177466464,2.0166985025185203e-09,0.8494287435873017
0.8875000000000001,17665.85280779369,4.164085958589006e-05,0.0002191857711016085,0.0002191857711016085,2.044302753319414e-09,0.8328171917178011
0.9,17713.593565810548,4.07891711372164e-05,0.00022431477949529823,0.00022431477949529823,2.0713424091101367e-09,0.815783422744328
0.9125000000000001,17762.48480325866,3.991695829633135e-05,0.0002293617251351082,0.0002293617251351082,2.097803864012333e-09,0.798339165926627
0.925,17812.49390753228,3.9024802867562165e-05,0.0002343068078656491,0.0002343068078656491,2.123673897833072e-09,0.7804960573512433
0.9375,17863.58850850303,3.8113282329471304e-05,0.00023912977059753986,0.00023912977059753986,2.1489396731972406e-09,0.7622656465894261
0.9500000000000001,17915.73645988563,3.7182970167296465e-05,0.00024381024136802264,0.00024381024136802264,2.173588732900321e-09,0.7436594033459293
0.9625,17968.905820674874,3.623443620410286e-05,0.00024832810561835165,0.00024832810561835165,2.197608997480689e-09,0.7246887240820572
0.9750000000000001,18023.06483669041,3.5268246930032155e-05,0.00025266389591377175,0.00025266389591377175,2.2209887630101773e-09,0.7053649386006431
0.9875,18078.181922249692,3.428496582924188e-05,0.00025679918460885657,0.00025679918460885657,2.2437166991013704e-09,0.6856993165848376
1.0,18134.22564198303,3.3285153704333614e-05,0.00026071696400599035,0.00026071696400599035,2.265781847129968e-09,0.6657030740866723
1.0125,18191.164692788367,3.226936899827136e-05,0.00026440199847637807,0.00026440199847637807,2.2871736186705513e-09,0.6453873799654273
1.0250000000000001,18248.9678859155,3.123816811399862e-05,0.0002678411338559426,0.0002678411338559426,2.3078817941442266e-09,0.6247633622799724
1.0375,18307.604129155738,3.0192105732172334e-05,0.0002710235511671814,0.0002710235511671814,2.327896521676902e-09,0.6038421146434467
1.05,18367.042409101923,2.913173512763998e-05,0.0002739409542563001,0.0002739409542563001,2.347208316167356e-09,0.5826347025527996
1.0625,18427.251773432774,2.8057608485484793e-05,0.0002765876841124902,0.0002765876841124902,2.365808058564822e-09,0.5611521697096958
1.075,18488.201313165435,2.697027721764219e-05,0.0002789607562416284,0.0002789607562416284,2.3836869953564557e-09,0.5394055443528438
1.0875000000000001,18549.8601448107,2.587029228124035e-05,0.0002810598212550441,0.0002810598212550441,2.40083673826584e-09,0.517405845624807
1.1,18612.197392361282,2.475820449993228e-05,0.0002828870525479368,0.0002828870525479368,2.4172492641645013e-09,0.4951640899986456
1.1125,18675.182169036627,2.3634564889565315e-05,0.0002844469683336414,0.0002844469683336414,2.4329169151993186e-09,0.4726912977913063
1.125,18738.783558706535,2.249992498958113e-05,0.0002857461981516775,0.0002857461981516775,2.44783239913962e-09,0.44999849979162254
1.1375,18802.970596913787,2.13548372015655e-05,0.0002867932061096507,0.0002867932061096507,2.461988789948709e-09,0.42709674403131
1.1500000000000001,18867.71225141606,2.019985513638572e-05,0.000287597984442286,0.000287597984442286,2.475379528585513e-09,0.40399710272771444
1.1625,18932.977402163346,1.9035533971380506e-05,0.0002881717314327779,0.0002881717314327779,2.487998424043016e-09,0.3807106794276101
1.175,18998.734820628073,1.7862430819118454e-05,0.00028852652736685136,0.00028852652736685136,2.4998396546311483e-09,0.3572486163823691
1.1875,19064.953148395736,1.668110510932813e-05,0.00028867502106401366,0.00028867502106401366,2.510897769512859e-09,0.33362210218656263
1.2000000000000002,19131.600874920987,1.549211898573421e-05,0.00028863013778873404,0.00028863013778873404,2.5211676905032606e-09,0.3098423797146842
1.2125000000000001,19198.64631434021,1.4296037719712914e-05,0.0002884048171567696,0.0002884048171567696,2.5306447141429866e-09,0.2859207543942583
1.225,19266.057581222172,1.3093430142902211e-05,0.00028801178720644653,0.00028801178720644653,2.5393245140583353e-09,0.26186860285804425
1.2375,19333.802565121096,1.1884869101161828e-05,0.00028746337828996485,0.00028746337828996485,2.547203143622347e-09,0.23769738202323656
1.25,19401.84890378404,1.0670931932563781e-05,0.0002867713780293915,0.0002867713780293915,2.5542770389327497e-09,0.2134186386512756
1.2625000000000002,19470.163954842617,9.452200972393643e-06,0.00028594692642201633,0.00028594692642201633,2.5605430221246723e-09,0.18904401944787286
1.2750000000000001,19538.714765808047,8.229264088445663e-06,0.00028500044837977335,0.00028500044837977335,2.5659983050382176e-09,0.16458528176891327
1.2875,19607.468042166503,7.002715250191245e-06,0.00028394161961608496,0.00028394161961608496,2.5706404932633384e-09,0.1400543050038249
1.3,19676.390113359656,5.773155135684806e-06,0.00028277936087801935,0.00028277936087801935,2.574467590587043e-09,0.11546310271369613
1.3125,19745.446896417634,4.541191780342e-06,0.00028152185505138567,0.00028152185505138567,2.577478003870682e-09,0.09082383560684
1.3250000000000002,19814.603856999238,3.3074412719838302e-06,0.0002801765815990998,0.0002801765815990998,2.5796705483879906e-09,0.06614882543967661
1.3375000000000001,19883.82596757763,2.07252849679092e-06,0.00027875036306327955,0.00027875036306327955,2.581044453657631e-09,0.0414505699358184
1.35,19953.077662498803,8.370879410590526e-07,0.0002772494188893823,0.0002772494188893823,2.5815993698072303e-09,0.016741758821181053
1.3625,20022.32278962376,-3.9823544610711446e-07,0.00027567942253133547,0.00027567942253133547,2.5813353745093072e-09,-0.007964708922142289
1.375,20091.52455825371,-1.6327853237827231e-06,0.00027404555858783993,0.00027404555858783993,2.5802529805330556e-09,-0.03265570647565446
1.3875000000000002,20160.645483022803,-2.8658929582845955e-06,0.00027235257752872494,0.00027235257752872494,2.5783531439596576e-09,-0.05731785916569191
1.4000000000000001,20229.647323434652,-4.096876144500112e-06,0.00027060484633673206,0.00027060484633673206,2.5756372731126662e-09,-0.08193752289000225
1.4125,20298.49101870731,-5.325038043544778e-06,0.00026880639407055664,0.00026880639407055664,2.572107238258916e-09,-0.10650076087089555
1.425,20367.136617595956,-6.549665930788829e-06,0.0002669609519217945,0.0002669609519217945,2.567765382139384e-09,-0.1309933186157766
1.4375,20435.543202863246,-7.770029848445306e-06,0.00026507198777921576,0.00026507198777921576,2.5626145313932677e-09,-0.15540059696890612
1.4500000000000002,20503.668810099556,-8.985381157311455e-06,0.0002631427356289698,0.0002631427356289698,2.5566580089421296e-09,-0.1797076231462291
1.4625000000000001,20571.47034062684,-1.0194950982994659e-05,0.00026117622031928534,0.00026117622031928534,2.549899647404061e-09,-0.20389901965989318
1.475,20638.90346829249,-1.1397948553131864e-05,0.00025917527832000755,0.00025917527832000755,2.542343803610122e-09,-0.22795897106263727
1.4875,20705.92254005472,-1.259355942383736e-05,0.0002571425751314842,0.0002571425751314842,2.5339953742964927e-09,-0.2518711884767472
1.5,20772.48047039242,-1.3780943595998645e-05,0.0002550806199653069,0.0002550806199653069,2.5248598130453553e-09,-0.2756188719199729
1.5125000000000002,20838.5286297525,-1.4959233525190444e-05,0.0002529917782513294,0.0002529917782513294,2.5149431485450284e-09,-0.29918467050380887
1.5250000000000001,20904.01672747089,-1.6127532032989503e-05,0.000250878282438566,0.000250878282438566,2.504252004234719e-09,-0.32255064065979006
1.5375,20968.892689878547,-1.728491013242454e-05,0.0002487422414657393,0.0002487422414657393,2.492793619390809e-09,-0.34569820264849077
1.55,21033.10253464314,-1.8430404786234362e-05,0.00024658564919027013,0.00024658564919027013,2.480575871699222e-09,-0.3686080957246872
1.5625,21096.59024277909,-1.9563016623545614e-05,0.00024441039198859217,0.00024441039198859217,2.4676073013414333e-09,-0.3912603324709123
1.5750000000000002,21159.297630205027,-2.068170764848387e-05,0.00024221825567889398,0.00024221825567889398,2.45389713659947e-09,-0.41363415296967737
1.5875000000000001,21221.16422122068,-2.1785398983007754e-05,0.00024001093187034714,0.00024001093187034714,2.4394553209572147e-09,-0.43570797966015506
1.6,21282.127126803793,-2.2872968695754955e-05,0.000237790023809443,0.000237790023809443,2.4242925416409934e-09,-0.4574593739150991
1.6125,21342.120931193233,-2.3943249778689242e-05,0.00023555705177209744,0.00023555705177209744,2.4084202595014737e-09,-0.47886499557378487
1.625,21401.077590791665,-2.4995028343551468e-05,0.00023331345803708745,0.00023331345803708745,2.3918507400911534e-09,-0.49990056687102935
1.6375000000000002,21458.926349991,-2.6027042120182315e-05,0.00023106061146958317,0.00023106061146958317,2.3745970857373325e-09,-0.5205408424036463
1.6500000000000001,21515.593679049834,-2.703797934827378e-05,0.00022879981174074717,0.00022879981174074717,2.356673268349758e-09,-0.5407595869654757
1.6625,21571.00323962921,-2.8026478162534035e-05,0.00022653229320877239,0.00022653229320877239,2.3380941626358475e-09,-0.5605295632506807
1.675,21625.075883974478,-2.8991126578083475e-05,0.00022425922848701553,0.00022425922848701553,2.318875579325597e-09,-0.5798225315616695
1.6875,21677.729693991718,-2.9930463187578387e-05,0.00022198173172522617,0.00022198173172522617,2.2990342979343557e-09,-0.5986092637515678
1.7000000000000002,21728.88006657907,-3.0842978683512114e-05,0.00021970086162984001,0.00021970086162984001,2.278588098516446e-09,-0.6168595736702422
1.7125000000000001,21778.439851498628,-3.172711831782255e-05,0.0002174176242487584,0.0002174176242487584,2.2575557917882833e-09,-0.634542366356451
1.725,21826.319547787018,-3.2581285405835425e-05,0.00021513297554501807,0.00021513297554501807,2.2359572469286827e-09,-0.6516257081167085
1.7375,21872.42756418372,-3.340384597227016e-05,0.00021284782378240414,0.00021284782378240414,2.2138134162992735e-09,-0.6680769194454032
1.75,21916.670548280646,-3.4193134623214394e-05,0.0002105630317445394,0.0002105630317445394,2.1911463562723053e-09,-0.6838626924642879
1.7625000000000002,21958.953788057308,-3.4947461709465036e-05,0.00020827941880743658,0.00020827941880743658,2.1679792433097867e-09,-0.6989492341893007
1.7750000000000001,21999.1816881687,-3.566512182343291e-05,0.00020599776288402936,0.00020599776288402936,2.1443363844099175e-09,-0.7133024364686582
1.7875,22037.258321797883,-3.634440364411289e-05,0.00020371880225785333,0.00020371880225785333,2.1202432210271676e-09,-0.7268880728822578
1.8,22073.08805710393,-3.698360111283417e-05,0.00020144323732183952,0.00020144323732183952,2.095726325583808e-09,-0.7396720222566835
1.8125,22106.57625532164,-3.758102588725501e-05,0.0001991717322370922,0.0001991717322370922,2.0708133897255347e-09,-0.7516205177451002
1.8250000000000002,22137.630035443988,-3.8135020983196985e-05,0.00019690491652551303,0.00019690491652551303,2.045533203533744e-09,-0.7627004196639396
1.8375000000000001,22166.159098210774,-3.8643975474478587e-05,0.00019464338660916798,0.00019464338660916798,2.0199156249931092e-09,-0.7728795094895717
1.85,22192.07659989411,-3.9106340081138395e-05,0.0001923877073083413,0.0001923877073083413,1.9939915391255215e-09,-0.7821268016227679
1.8625,22215.30006420482,-3.9520643437711065e-05,0.00019013841330926636,0.00019013841330926636,1.967792806339589e-09,-0.7904128687542213
1.875,22235.75231861077,-3.98855087970064e-05,0.00018789601061155618,0.00018789601061155618,1.9413521997069903e-09,-0.797710175940128
1.8875000000000002,22253.36243955317,-4.019967089265295e-05,0.00018566097796439247,0.00018566097796439247,1.9147033310604317e-09,-0.803993417853059
1.9000000000000001,22268.066689555442,-4.046199265698133e-05,0.00018343376829958104,0.00018343376829958104,1.8878805660091143e-09,-0.8092398531396267
1.9125,22279.80942810499,-4.0671481471024776e-05,0.00018121481016866736,0.00018121481016866736,1.8609189281818661e-09,-0.8134296294204956
1.925,22288.54397753417,-4.082730461171626e-05,0.00017900450919045257,0.00017900450919045257,1.833853993230135e-09,-0.8165460922343253
1.9375,22294.233424980044,-4.092880355874268e-05,0.000176803249514471,0.000176803249514471,1.8067217733467858e-09,-0.8185760711748536
1.9500000000000002,22296.85134190301,-4.0975506830654804e-05,0.00017461139530530493,0.00017461139530530493,1.779558593275681e-09,-0.819510136613096
1.9625000000000001,22296.38240360969,-4.0967141037061285e-05,0.0001724292922520253,0.0001724292922520253,1.75240095899462e-09,-0.8193428207412257
1.975,22292.82289275265,-4.090363986100464e-05,0.00017025726910656144,0.00017025726910656144,1.7252854204437493e-09,-0.8180727972200927
1.9875,22286.181072848856,-4.0785150722474225e-05,0.0001680956392544161,0.0001680956392544161,1.698248429836646e-09,-0.8157030144494845
2.0,22276.477420411746,-4.06120389196039e-05,0.00016594470232084588,0.00016594470232084588,1.6713261972261485e-09,-0.812240778392078
2.0125,22263.74470726754,-4.0384889097196174e-05,0.0001638047458154138,0.0001638047458154138,1.6445545450966854e-09,-0.8076977819439235
2.025,22248.027927938696,-4.010450395123641e-05,0.0001616760468176799,0.0001616760468176799,1.617968763815396e-09,-0.8020900790247282
2.0375,22229.384070507884,-3.977190014115641e-05,0.0001595588737067173,0.0001595588737067173,1.5916034697930654e-09,-0.7954380028231283
2.0500000000000003,22207.881733032842,-3.938830144671428e-05,0.00015745348793711882,0.00015745348793711882,1.5654924681814484e-09,-0.7877660289342856
2.0625,22183.600591215687,-3.895512927129481e-05,0.00015536014586418518,0.00015536014586418518,1.5396686218660754e-09,-0.7791025854258962
2.075,22156.630726541145,-3.8473990655996223e-05,0.00015327910062105967,0.00015327910062105967,1.5141637284046727e-09,-0.7694798131199244
2.0875,22127.071827352152,-3.794666402691657e-05,0.00015121060405069104,0.00015121060405069104,1.489008406413885e-09,-0.7589332805383313
2.1,22095.03227821811,-3.73750829496198e-05,0.0001491549086956693,0.0001491549086956693,1.464231992725367e-09,-0.7475016589923961
2.1125000000000003,22060.628155386043,-3.676131820812874e-05,0.00014711226984918856,0.00014711226984918856,1.439862451421938e-09,-0.7352263641625748
2.125,22023.98214799748,-3.6107558559574026e-05,0.00014508294767064784,0.00014508294767064784,1.4159262956317206e-09,-0.7221511711914805
2.1375,21985.222426051598,-3.541609053882341e-05,0.00014306720936970704,0.00014306720936970704,1.3924485227100467e-09,-0.7083218107764682
2.15,21944.481476773533,-3.468927769944836e-05,0.00014106533146296762,0.00014106533146296762,1.3694525631827874e-09,-0.6937855539889672
2.1625,21901.894931084527,-3.392953967812619e-05,0.00013907760210784563,0.00013907760210784563,1.3469602435681551e-09,-0.6785907935625238
2.1750000000000003,21857.600401300715,-3.313933145933247e-05,0.00013710432351863637,0.00013710432351863637,1.3249917629442025e-09,-0.6627866291866494
2.1875,21811.736350031948,-3.23211231966756e-05,0.00013514581447022939,0.00013514581447022939,1.3035656828930134e-09,-0.6464224639335121
2.2,21764.441008597176,-3.1477380917554806e-05,0.00013320241289539665,0.00013320241289539665,1.2826989302360181e-09,-0.6295476183510961
2.2125,21715.851361164867,-3.061054840038814e-05,0.00013127447858202792,0.00013127447858202792,1.2624068117831241e-09,-0.6122109680077629
2.225,21666.10220839457,-2.9723030470093377e-05,0.00012936239597709524,0.00012936239597709524,1.2427030401554828e-09,-0.5944606094018675
2.2375000000000003,21615.325321662433,-2.8817177909602695e-05,0.00012746657710445829,0.00012746657710445829,1.2235997696106022e-09,-0.5763435581920539
2.25,21563.64869613602,-2.7895274134808813e-05,0.00012558746460383287,0.00012558746460383287,1.2051076407008075e-09,-0.5579054826961762
2.2625,21511.195908097736,-2.6959523729314996e-05,0.00012372553489829022,0.00012372553489829022,1.187235832532159e-09,-0.5391904745862999
2.275,21458.08557912292,-2.6012042885439304e-05,0.00012188130149747845,0.00012188130149747845,1.1699921213601502e-09,-0.520240857708786
2.2875,21404.430947066554,-2.5054851750683145e-05,0.00012005531844330187,0.00012005531844330187,1.1533829442590267e-09,-0.5010970350136629
2.3000000000000003,21350.339541393823,-2.4089868635674243e-05,0.00011824818390399224,0.00011824818390399224,1.1374134666307344e-09,-0.48179737271348483
2.3125,21295.91295825488,-2.311890600152672e-05,0.0001164605439212892,0.0001164605439212892,1.1220876523738964e-09,-0.46237812003053436
2.325,21241.246728902184,-2.214366811243184e-05,0.00011469309631373926,0.00011469309631373926,1.1074083356089167e-09,-0.44287336224863677
2.3375,21186.4302736115,-2.1165750213604026e-05,0.00011294659473684858,0.00011294659473684858,1.0933772929480354e-09,-0.4233150042720805
2.35,21131.546932196445,-2.018663907566747e-05,0.0001112218528979064,0.0001112218528979064,1.0799953154045012e-09,-0.4037327815133494
2.3625000000000003,21076.674061512433,-1.920771473411114e-05,0.00010951974891965519,0.00010951974891965519,1.0672622791486385e-09,-0.3841542946822228
2.375,21021.883189996748,-1.823025324625104e-05,0.0001078412298425505,0.0001078412298425505,1.0551772144362896e-09,-0.3646050649250208
2.3875,20967.24021926482,-1.7255430287698325e-05,0.00010618731625006073,0.00010618731625006073,1.0437383721531116e-09,-0.3451086057539665
2.4000000000000004,20912.805663048046,-1.6284325414958443e-05,0.00010455910699525147,0.00010455910699525147,1.0329432875331439e-09,-0.32568650829916884
2.4125,20858.634914249986,-1.5317926829686006e-05,0.0001029577839997418,0.0001029577839997418,1.0227888407190904e-09,-0.30635853659372014
2.4250000000000003,20804.77853159358,-1.4357136492431193e-05,0.00010138461708799547,0.00010138461708799547,1.0132713139326352e-09,-0.2871427298486239
2.4375,20751.28253816158,-1.3402775448556468e-05,9.984096881082354e-05,9.984096881082354e-05,1.00438644511414e-09,-0.26805550897112934
2.45,20698.188725058255,-1.245558924551816e-05,9.832829920197365e-05,9.832829920197365e-05,9.961294779711587e-10,-0.24911178491036318
2.4625000000000004,20645.534954395,-1.151625333809222e-05,9.684817040083913e-05,9.684817040083913e-05,9.884952084437581e-10,-0.2303250667618444
2.475,20593.355456786492,-1.0585378395656988e-05,9.540225106276604e-05,9.540225106276604e-05,9.814780276515756e-10,-0.21170756791313974
2.4875000000000003,20541.681119498175,-9.663515442710719e-06,9.399232046634015e-05,9.399232046634015e-05,9.750719614331616e-10,-0.19327030885421437
2.5,20490.539762290748,-8.751160779895082e-06,9.262027221462458e-05,9.262027221462458e-05,9.69270706623114e-10,-0.17502321559790165
2.5125,20439.956398831313,-7.848760647533985e-06,9.128811741487627e-05,9.128811741487627e-05,9.64067664237694e-10,-0.1569752129506797
2.5250000000000004,20389.953482277222,-6.9567156068140595e-06,8.9997987209136e-05,8.9997987209136e-05,9.594559697561022e-10,-0.1391343121362812
2.5375,20340.55113427346,-6.075384625071987e-06,8.875213451665776e-05,8.875213451665776e-05,9.554285206935664e-10,-0.12150769250143974
2.5500000000000003,20291.767357138833,-5.205088861156457e-06,8.75529348388707e-05,8.75529348388707e-05,9.519780016650644e-10,-0.10410177722312913
2.5625,20243.618229444328,-4.346115154524828e-06,8.640288596894272e-05,8.640288596894272e-05,9.490969071360812e-10,-0.08692230309049656
2.575,20196.118085524777,-3.498719227708668e-06,8.530460644157481e-05,8.530460644157481e-05,9.467775620504118e-10,-0.06997438455417336
2.5875000000000004,20149.279679710846,-2.663128616182927e-06,8.426083255495e-05,8.426083255495e-05,9.450121405157166e-10,-0.05326257232365854
2.6,20103.114336235376,-1.839545342678826e-06,8.327441379635648e-05,8.327441379635648e-05,9.4379268271624e-10,-0.03679090685357652
2.6125000000000003,20057.632085871628,-1.028148354788632e-06,8.234830650644855e-05,8.234830650644855e-05,9.431111102096115e-10,-0.020562967095772638
2.625,20012.841790405128,-2.2909574552674097e-07,8.14855656249193e-05,8.14855656249193e-05,9.429592397516088e-10,-0.00458191491053482
2.6375,19968.75125604285,5.574732234636461e-07,8.068933437299266e-05,8.068933437299266e-05,9.433287957797097e-10,0.01114946446927292
2.6500000000000004,19925.36733683162,1.3314362769470683e-06,7.996283174597758e-05,7.996283174597758e-05,9.442114216735976e-10,0.026628725538941366
2.6625,19882.696029099257,2.0926864412755624e-06,7.930933771242719e-05,7.930933771242719e-05,9.455986898987755e-10,0.04185372882551125
2.6750000000000003,19840.74255786078,2.8411305029090003e-06,7.8732176045349e-05,7.8732176045349e-05,9.474821111283157e-10,0.056822610058180005
2.6875,19799.51145605044,3.5766875949334863e-06,7.82346947453918e-05,7.82346947453918e-05,9.498531424275939e-10,0.07153375189866973
2.7,19759.006637353137,4.2992878977591305e-06,7.782024405579262e-05,7.782024405579262e-05,9.52703194577699e-10,0.08598575795518261
2.7125000000000004,19719.231463325184,5.008871441690619e-06,7.749215211371199e-05,7.749215211371199e-05,9.56023638605053e-10,0.10017742883381238
2.725,19680.18880541389,5.705387000509525e-06,7.725369833181918e-05,7.725369833181918e-05,9.598058115775724e-10,0.1141077400101905
2.7375000000000003,19641.88110240888,6.388791066549407e-06,7.710808465681318e-05,7.710808465681318e-05,9.640410217213921e-10,0.12777582133098814
2.75,19604.31041379102,7.059046898962366e-06,7.705840490697169e-05,7.705883369115248e-05,9.687205529066766e-10,0.14118093797924733
2.7625,19567.478469382422,7.716123637959243e-06,7.710761244761516e-05,7.719334410806145e-05,9.738356685462468e-10,0.15432247275918484
2.7750000000000004,19531.386715651042,8.359995478755545e-06,7.725848652019079e-05,7.750100320378706e-05,9.793776149466063e-10,0.1671999095751109
2.7875,19496.036358972677,8.990640899776496e-06,7.751359759601148e-05,7.793813843779734e-05,9.853376241473361e-10,0.17981281799552992
2.8000000000000003,19461.428406117837,9.608041940379428e-06,7.787527217792074e-05,7.847732900438676e-05,9.917069162816803e-10,0.19216083880758855
2.8125,19427.56370219451,1.0212183523951225e-05,7.834555752062194e-05,7.911051120104212e-05,9.98476701488406e-10,0.2042436704790245
2.825,19394.44296625246,1.0803052822747764e-05,7.892618678143497e-05,7.982280462968285e-05,1.0056381814026074e-09,0.2160610564549553
2.8375000000000004,19362.066824725694,1.1380638661272982e-05,7.961854514619511e-05,8.061323968028485e-05,1.0131825502510011e-09,0.22761277322545964
2.85,19330.435842874424,1.1944930955361287e-05,8.042363749836756e-05,8.148065511108434e-05,1.0211009955753834e-09,0.23889861910722573
2.8625000000000003,19299.550554367557,1.2495920184438747e-05,8.13420582118641e-05,8.242370443280622e-05,1.029384698606242e-09,0.24991840368877494
2.875,19269.411489130587,1.3033596894704969e-05,8.23739636483894e-05,8.344086334853939e-05,1.0380248343070212e-09,0.26067193789409937
2.8875,19240.019199575578,1.3557951231208182e-05,8.351904792756624e-05,8.453043808566142e-05,1.0470125711081935e-09,0.27115902462416364
2.9000000000000004,19211.374285312668,1.4068972496985357e-05,8.477652251207621e-05,8.56946852828149e-05,1.0563390703490798e-09,0.28137944993970715
2.9125,19183.477416438007,1.4566648737614553e-05,8.614510011045122e-05,8.695069375009345e-05,1.065995485444264e-09,0.29133297475229103
2.9250000000000003,19156.329355481117,1.5050966349680509e-05,8.762298334720615e-05,8.828840950740069e-05,1.0759729607904541e-09,0.30101932699361017
2.9375,19129.930978087155,1.55219097117915e-05,8.920785858436635e-05,8.971968909250926e-05,1.0862626304287414e-09,0.31043819423582997
2.95,19104.283292506174,1.597946083690831e-05,9.08968952011769e-05,9.124969092263507e-05,1.0968556164763814e-09,0.3195892167381662
2.9625000000000004,19079.387457949822,1.6423599044856805e-05,9.268675055133832e-05,9.2893091669377e-05,1.1077430273414818e-09,0.3284719808971361
2.975,19055.244801874807,1.6854300653996635e-05,9.457358072132003e-05,9.466027916312302e-05,1.1189159557332923e-09,0.3370860130799327
2.9875000000000003,19031.85683624439,1.7271538691112674e-05,9.655305711129617e-05,9.656565358475082e-05,1.1303654764801782e-09,0.34543077382225346
3.0,19009.22527281645,1.7675282618683806e-05,9.862038875443576e-05,9.862038875443576e-05,1.142082644166797e-09,0.3535056523736761
3.0125,18987.352037499724,1.8065498078768795e-05,0.00010077035018325463,0.00010077035018325463,1.1540584906014938e-09,0.3613099615753759
3.0250000000000004,18966.23928381638,1.8442146652832728e-05,0.00010299731454621109,0.00010299731454621109,1.1662840221244827e-09,0.36884293305665455
3.0375,18945.88940550469,1.8805185636922155e-05,0.00010529529157643891,0.00010529529157643891,1.1787502167669884e-09,0.3761037127384431
3.0500000000000003,18926.305048288596,1.9154567831684762e-05,0.00010765796992013384,0.00010765796992013384,1.1914480212711902e-09,0.38309135663369526
3.0625,18907.489120840226,1.9490241346822666e-05,0.00011007876324717088,0.00011007876324717088,1.2043683479805346e-09,0.3898048269364533
3.075,18889.444804948223,1.981214941966843e-05,0.00011255085949331681,0.00011255085949331681,1.2175020716097802e-09,0.39624298839336863
3.0875000000000004,18872.17556490772,2.012023024768358e-05,0.0001150672725238919,0.0001150672725238919,1.2308400259040036e-09,0.4024046049536716
3.1,18855.685156132935,2.041441683480041e-05,0.00011762089546451989,0.00011762089546451989,1.2443730001957439e-09,0.40828833669600817
3.1125000000000003,18839.97763299186,2.0694636851664085e-05,0.00012020455491684219,0.00012020455491684219,1.2580917358694983e-09,0.4138927370332817
3.125,18825.057355848832,2.0960812509981872e-05,0.00012281106526644195,0.00012281106526644195,1.2719869227429245e-09,0.41921625019963743
3.1375,18810.928997296476,2.1212860451355257e-05,0.0001254332822969089,0.0001254332822969089,1.286049195374347e-09,0.4242572090271051
3.1500000000000004,18797.597547543646,2.145069165115623e-05,0.00012806415534765604,0.00012806415534765604,1.3002691293065416e-09,0.42901383302312457
3.1625,18785.068318917176,2.1674211338215906e-05,0.0001306967772929666,0.0001306967772929666,1.3146372372572817e-09,0.43348422676431814
3.1750000000000003,18773.346949421823,2.1883318931319787e-05,0.00013332443167453587,0.00013332443167453587,1.3291439652677857e-09,0.43766637862639574
3.1875,18762.439405287805,2.2077907993751908e-05,0.00013594063638780706,0.00013594063638780706,1.3437796888210306e-09,0.44155815987503816
3.2,18752.35198242303,2.225786620739885e-05,0.00013853918340164947,0.00013853918340164947,1.3585347089429006e-09,0.445157324147977
3.2125000000000004,18743.09130666653,2.2423075368213923e-05,0.00014111417407910166,0.00014111417407910166,1.3733992483003267e-09,0.4484615073642785
3.225,18734.664332728174,2.2573411405151122e-05,0.00014366004976149607,0.00014366004976149607,1.3883634473119792e-09,0.45146822810302245
3.2375000000000003,18727.078341674027,2.2708744425005485e-05,0.00014617161737670088,0.00014617161737670088,1.4034173602886857e-09,0.4541748885001097
3.25,18720.340936805667,2.2828938785939905e-05,0.0001486440699318264,0.0001486440699318264,1.4185509516225895e-09,0.45657877571879807
3.2625,18714.460037754867,2.2933853202834317e-05,0.0001510730018489953,0.0001510730018489953,1.4337540920461468e-09,0.45867706405668635
3.2750000000000004,18709.4438725977,2.302334088795812e-05,0.00015345441919724343,0.00015345441919724343,1.4490165549843763e-09,0.4604668177591624
3.2875,18705.30096777302,2.3097249730836697e-05,0.00015578474496211493,0.00015578474496211493,1.4643280130263454e-09,0.46194499461673394
3.3000000000000003,18702.040135564966,2.315542252155046e-05,0.00015806081957510506,0.00015806081957510506,1.4796780345446843e-09,0.4631084504310092
3.3125,18699.67045889421,2.319769722206587e-05,0.00016027989699620915,0.00016027989699620915,1.4950560804949672e-09,0.46395394444131743
3.325,18698.201273138973,2.3223907290542237e-05,0.0001624396367032078,0.0001624396367032078,1.510451501430083e-09,0.46447814581084473
3.3375000000000004,18697.642144691377,2.3233882063879154e-05,0.0001645380919901145,0.0001645380919901145,1.5258535347681994e-09,0.4646776412775831
3.35,18698.00284593857,2.3227447204056165e-05,0.00016657369501396003,0.00016657369501396003,1.5412513023566124e-09,0.4645489440811233
3.3625000000000003,18699.293326342817,2.3204425214058517e-05,0.00016854523905369837,0.00016854523905369837,1.5566338083776094e-09,0.4640885042811703
3.375,18701.523679285743,2.316463602936879e-05,0.00017045185845775812,0.00017045185845775812,1.571989937646439e-09,0.4632927205873758
3.3875,18704.70410433524,2.3107897691121857e-05,0.00017229300675821577,0.00017229300675821577,1.5873084543555237e-09,0.46215795382243713
3.4000000000000004,18708.84486459087,2.3034027107055807e-05,0.0001740684334205998,0.0001740684334205998,1.602578001323118e-09,0.46068054214111614
3.4125,18713.956238767725,2.294284090633152e-05,0.00017577815968004547,0.00017577815968004547,1.6177870998086348e-09,0.45885681812663043
3.4250000000000003,18720.048467687295,2.283415639412406e-05,0.0001774224538881779,0.0001774224538881779,1.6329241499607843e-09,0.4566831278824812
3.4375,18727.131694861713,2.2707792611595797e-05,0.000179001806762107,0.000179001806762107,1.6479774319683816e-09,0.45415585223191596
3.45,18735.215900880114,2.2563571506430993e-05,0.00018051690688872393,0.00018051690688872393,1.6629351079871174e-09,0.45127143012861987
3.4625000000000004,18744.310831340208,2.24013192185313e-05,0.00018196861679557394,0.00018196861679557394,1.677785224918631e-09,0.448026384370626
3.475,18754.42591810758,2.222086748472918e-05,0.00018335794985537462,0.00018335794985537462,1.692515718120787e-09,0.4444173496945836
3.4875000000000003,18765.57019373998,2.2022055165462215e-05,0.0001846860482461151,0.0001846860482461151,1.7071144161300017e-09,0.4404411033092443
3.5,18777.752198969723,2.1804729895256302e-05,0.00018595416214384425,0.00018595416214384425,1.7215690464776987e-09,0.43609459790512606
3.5125,18790.97988321599,2.1568749857585666e-05,0.0001871636302818406,0.0001871636302818406,1.735867242683338e-09,0.43137499715171335
3.5250000000000004,18805.260498174677,2.131398568320894e-05,0.00018831586196878253,0.00018831586196878253,1.7499965525058786e-09,0.4262797136641788
3.5375,18820.600484630613,2.1040322469425347e-05,0.0001894123206205657,0.0001894123206205657,1.7639444475338309e-09,0.4208064493885069
3.5500000000000003,18837.005352737877,2.0747661915857845e-05,0.00019045450882612447,0.00019045450882612447,1.7776983341911455e-09,0.4149532383171569
3.5625,18854.479556126873,2.0435924570362108e-05,0.000191443954937406,0.000191443954937406,1.7912455662319453e-09,0.40871849140724215
3.575,18873.02636031876,2.0105052176495327e-05,0.00019238220114775113,0.00019238220114775113,1.8045734587914228e-09,0.40210104352990655
3.5875000000000004,18892.647706056334,1.9755010111678045e-05,0.00019327079300143323,0.00019327079300143323,1.8176693040530255e-09,0.3951002022335609
3.6,18913.344068295184,1.9385789902771035e-05,0.0001941112702599302,0.0001941112702599302,1.830520388583251e-09,0.3877157980554207
3.6125000000000003,18935.11431173902,1.8997411803299327e-05,0.000194905159037482,0.000194905159037482,1.8431140123749132e-09,0.37994823606598654
3.625,18957.95554394588,1.8589927414023687e-05,0.00019565396510933463,0.00019565396510933463,1.8554375096276213e-09,0.37179854828047376
3.6375,18981.862967171684,1.81634223260281e-05,0.0001963591682904502,0.0001963591682904502,1.8674782712803927e-09,0.363268446520562
3.6500000000000004,19006.82973025872,1.7718018763007555e-05,0.00019702221777996557,0.00019702221777996557,1.8792237692958738e-09,0.3543603752601511
3.6625,19032.84678200983,1.725387819705513e-05,0.00019764452836688648,0.00019764452836688648,1.8906615826785967e-09,0.3450775639411026
3.6750000000000003,19059.90272761347,1.677120391001497e-05,0.0001982274773949585,0.0001982274773949585,1.901779425191191e-09,0.3354240782002994
3.6875,19087.98368979944,1.6270243470447384e-05,0.00019877240238893454,0.00019877240238893454,1.9125651747126063e-09,0.3254048694089477
3.7,19117.073176501937,1.5751291094500598e-05,0.00019928059925013132,0.00019928059925013132,1.923006904161386e-09,0.31502582189001194
3.7125000000000004,19147.151956887104,1.5214689857561689e-05,0.0001997533209358549,0.0001997533209358549,1.933092913885072e-09,0.3042937971512338
3.725,19178.19794766015,1.4660833722522972e-05,0.0002001917765446165,0.0002001917765446165,1.942811765394176e-09,0.29321667445045946
3.7375000000000003,19210.186111600207,1.4090169349905175e-05,0.0002005971307367546,0.0002005971307367546,1.952152316296099e-09,0.2818033869981035
3.75,19243.088370277103,1.350319765497492e-05,0.00020097050342785625,0.00020097050342785625,1.9611037562612884e-09,0.2700639530994984
3.7625,19276.873532880712,1.2900475077426158e-05,0.00020131296970001943,0.00020131296970001943,1.9696556438310783e-09,0.25800950154852315
3.7750000000000004,19311.507243035358,1.2282614530198557e-05,0.00020162555988334168,0.00020162555988334168,1.9777979438545192e-09,0.24565229060397115
3.7875,19346.951945383964,1.1650285995609002e-05,0.00020190925976693537,0.00020190925976693537,1.9855210653203857e-09,0.23300571991218005
3.8000000000000003,19383.166873601887,1.1004216739190802e-05,0.00020216501090515943,0.00020216501090515943,1.9928158993309437e-09,0.22008433478381603
3.8125,19420.10806133969,1.0345191114473917e-05,0.00020239371099057388,0.00020239371099057388,1.9996738569463017e-09,0.20690382228947835
3.825,19457.728377402054,9.674049935390283e-06,0.0002025962142703327,0.0002025962142703327,2.0060869066127253e-09,0.19348099870780566
3.8375000000000004,19495.97758624466,8.99168939702912e-06,0.0002027733319873361,0.0002027733319873361,2.0120476108755026e-09,0.1798337879405824
3.85,19534.80243460987,8.29905953006159e-06,0.00020292583283148177,0.00020292583283148177,2.0175491620672314e-09,0.1659811906012318
3.8625000000000003,19574.146764839774,7.59716217925301e-06,0.00020305444338981454,0.00020305444338981454,2.022585416656035e-09,0.1519432435850602
3.875,19613.951655092947,6.887048502019116e-06,0.000203159848587323,0.000203159848587323,2.0271509279355398e-09,0.13774097004038233
3.8875,19654.155586359935,6.169815988884152e-06,0.00020324269211261604,0.00020324269211261604,2.031240976739677e-09,0.12339631977768305
3.9000000000000004,19694.694635829113,5.446605013874192e-06,0.000203303576824785,0.000203303576824785,2.0348515998706976e-09,0.10893210027748385
3.9125,19735.50269579409,4.718594929228237e-06,0.00020334306513946984,0.00020334306513946984,2.037979615938319e-09,0.09437189858456474
3.9250000000000003,19776.51171693904,3.986999725225907e-06,0.00020336167939355999,0.00020336167939355999,2.0406226483217216e-09,0.07973999450451814
3.9375,19817.651974478256,3.253063282297972e-06,0.000203359902189109,0.000203359902189109,2.0427791449841046e-09,0.06506126564595945
3.95,19858.852355279094,2.5180542487864978e-06,0.00020333817671798664,0.00020333817671798664,2.0444483948916475e-09,0.050361084975729956
3.9625000000000004,19900.04066376791,1.7832605836353486e-06,0.00020329690706956255,0.00020329690706956255,2.045630540814752e-09,0.03566521167270697
3.975,19941.143944106327,1.049983808799975e-06,0.00020323645852435672,0.00020323645852435672,2.0463265883191316e-09,0.0209996761759995
3.9875000000000003,19982.088815849667,3.1953302115459395e-07,0.00020315715783712874,0.00020315715783712874,2.0465384107873237e-09,0.006390660423091879
4.0,20022.801820051314,-4.067812819623623e-07,0.00020305929351334471,0.00020305929351334471,2.046268750347072e-09,-0.008135625639247246
4.0125,20063.209772574417,-1.1276535057841088e-06,0.00020294311608337438,0.00020294311608337438,2.0455212146213514e-09,-0.022553070115682177
4.025,20103.24012121433,-1.8417893291196273e-06,0.00020280883837915355,0.00020280883837915355,2.0443002692549723e-09,-0.036835786582392546
4.0375000000000005,20142.821303122655,-2.5479120807575206e-06,0.00020265663581841417,0.00020265663581841417,2.0426112262141872e-09,-0.05095824161515041
4.05,20181.8830989697,-3.244769057674117e-06,0.00020248664670194887,0.00020248664670194887,2.0404602278978758e-09,-0.06489538115348234
4.0625,20220.356980276578,-3.931137721386354e-06,0.0002022989725297427,0.0002022989725297427,2.037854227141091e-09,-0.07862275442772708
4.075,20258.176446399208,-4.605831709703366e-06,0.00020209367834219207,0.00020209367834219207,2.034800963233339e-09,-0.09211663419406732
4.0875,20295.277347753676,-5.267706603014775e-06,0.00020187079309302684,0.00020187079309302684,2.0313089341143146e-09,-0.1053541320602955
4.1000000000000005,20331.59819202875,-5.9156653870830565e-06,0.00020163031006097769,0.00020163031006097769,2.02738736494828e-09,-0.11831330774166113
4.1125,20367.08043034203,-6.548663558034903e-06,0.00020137218730767304,0.00020137218730767304,2.0230461733142836e-09,-0.13097327116069804
4.125,20401.66872055241,-7.1657138198075325e-06,0.00020109634818971946,0.00020109634818971946,2.0182959312823825e-09,-0.14331427639615066
4.1375,20435.311165236137,-7.765890329618142e-06,0.0002008026819334051,0.0002008026819334051,2.013147824675485e-09,-0.15531780659236286
4.15,20467.959522172296,-8.348332452988978e-06,0.00020049104428097284,0.00020049104428097284,2.007613609841946e-09,-0.16696664905977956
4.1625000000000005,20499.56938554456,-8.912247996366873e-06,0.0002001612582179224,0.0002001612582179224,2.001705568285214e-09,-0.17824495992733747
4.175,20530.10033645728,-9.45691589230142e-06,0.00019981311479132444,0.00019981311479132444,1.995436459513442e-09,-0.18913831784602841
4.1875,20559.51606176531,-9.981688319362138e-06,0.00019944637402964164,0.00019944637402964164,1.988819472483775e-09,-0.19963376638724276
4.2,20587.784440634015,-1.0485992246347058e-05,0.00019906076597505517,0.00019906076597505517,1.9818681760229674e-09,-0.20971984492694118
4.2125,20614.87759865603,-1.0969330397729274e-05,0.0001986559918397642,0.0001986559918397642,1.974596468607989e-09,-0.21938660795458548
4.2250000000000005,20640.77192976428,-1.1431281644569867e-05,0.00019823172529815882,0.00019823172529815882,1.9670185278874936e-09,-0.22862563289139734
4.2375,20665.448086570483,-1.1871500832168442e-05,0.00019778761392713542,0.00019778761392713542,1.959148760317536e-09,-0.23743001664336885
4.25,20688.890940137768,-1.228971806240507e-05,0.00019732328080711897,0.00019732328080711897,1.9510017512730385e-09,-0.24579436124810142
4.2625,20711.08951054047,-1.2685737454940892e-05,0.00019683832629655446,0.00019683832629655446,1.942592215980469e-09,-0.25371474909881786
4.275,20732.036869883257,-1.3059435417091984e-05,0.00019633232999270673,0.00019633232999270673,1.933934951597444e-09,-0.26118870834183966
4.2875000000000005,20751.730019730727,-1.3410758457190033e-05,0.00019580485289154843,0.00019580485289154843,1.9250447907418808e-09,-0.26821516914380067
4.3,20770.169745139076,-1.3739720580528787e-05,0.0001952554397592874,0.0001952554397592874,1.9159365567474116e-09,-0.2747944116105757
4.3125,20787.360447679246,-1.4046400310517259e-05,0.00019468362172766926,0.00019468362172766926,1.9066250208935108e-09,-0.2809280062103452
4.325,20803.30995999299,-1.4330937380389545e-05,0.00019408891912456113,0.00019408891912456113,1.8971248618287296e-09,-0.2866187476077909
4.3375,20818.029344532268,-1.459352914274193e-05,0.00019347084455045383,0.00019347084455045383,1.8874506273740955e-09,-0.29187058285483863
4.3500000000000005,20831.532679193922,-1.4834426745285824e-05,0.0001928289062103897,0.0001928289062103897,1.8776166988616516e-09,-0.2966885349057165
4.3625,20843.836832580844,-1.5053931121539197e-05,0.00019216261150940814,0.00019216261150940814,1.867637258130818e-09,-0.3010786224307839
4.375,20854.961231597743,-1.5252388844764961e-05,0.00019147147091788295,0.00019147147091788295,1.85752625727323e-09,-0.3050477768952992
4.3875,20864.927624026375,-1.543018789235141e-05,0.0001907550021110844,0.0001907550021110844,1.8472973911854197e-09,-0.3086037578470282
4.4,20873.75983862858,-1.5587753366076715e-05,0.00019001273438492476,0.00019001273438492476,1.836964072958592e-09,-0.3117550673215343
4.4125000000000005,20881.483545192787,-1.572554321137759e-05,0.00018924421334712648,0.00018924421334712648,1.8265394121061477e-09,-0.31451086422755176
4.425,20888.12601678443,-1.584404397592819e-05,0.0001884490058799851,0.0001884490058799851,1.8160361956029007e-09,-0.3168808795185638
4.4375,20893.71589627835,-1.594376664461194e-05,0.00018762670536748806,0.00018762670536748806,1.8054668716853436e-09,-0.3188753328922388
4.45,20898.282969053304,-1.602524258442141e-05,0.0001867769371757992,0.0001867769371757992,1.79484353634009e-09,-0.3205048516884282
4.4625,20901.857943515755,-1.6089019629036187e-05,0.00018589936437205288,0.00018589936437205288,1.784177922387901e-09,-0.3217803925807238
4.4750000000000005,20904.47224090048,-1.6135658328889948e-05,0.0001849936936620352,0.0001849936936620352,1.773481391053588e-09,-0.32271316657779897
4.4875,20906.157795568917,-1.6165728388527945e-05,0.0001840596815227041,0.0001840596815227041,1.7627649258976367e-09,-0.3233145677705589
4.5,20906.946866804217,-1.6179805309051037e-05,0.00018309714050065442,0.00018309714050065442,1.7520391289735978e-09,-0.32359610618102075
4.5125,20906.871862879176,-1.6178467249512922e-05,0.00018210594564261917,0.00018210594564261917,1.7413142190660962e-09,-0.3235693449902584
4.525,20905.965177961825,-1.6162292117346543e-05,0.00018108604101897663,0.00018108604101897663,1.7306000318576333e-09,-0.3232458423469309
4.5375000000000005,20904.25904222342,-1.6131854894297855e-05,0.000180037446296072,0.000180037446296072,1.7199060218680627e-09,-0.32263709788595707
4.55,20901.785385321135,-1.6087725200987464e-05,0.00017896026330804513,0.00017896026330804513,1.7092412660085465e-09,-0.3217545040197493
4.5625,20898.57571325983,-1.6030465100138725e-05,0.00017785468257386223,0.00017785468257386223,1.6986144685917817e-09,-0.3206093020027745
4.575,20894.660998478535,-1.596062713573299e-05,0.0001767209897004788,0.0001767209897004788,1.688033967642094e-09,-0.31921254271465976
4.5875,20890.07158287017,-1.5878752602898265e-05,0.00017555957160861116,0.00017555957160861116,1.6775077423524444e-09,-0.3175750520579653
4.6000000000000005,20884.837093325048,-1.578537004121556e-05,0.00017437092251356532,0.00017437092251356532,1.667043421540242e-09,-0.3157074008243112
4.6125,20878.98636928755,-1.56809939423417e-05,0.00017315564959007705,0.00017315564959007705,1.6566482929598904e-09,-0.313619878846834
4.625,20872.547401734708,-1.55661236613925e-05,0.00017191447824725919,0.00017191447824725919,1.6463293133369912e-09,-0.31132247322785
4.6375,20865.54728292081,-1.5441242520395727e-05,0.0001706482569376391,0.0001706482569376391,1.6360931189968807e-09,-0.3088248504079145
4.65,20858.012166186363,-1.5306817091292663e-05,0.00016935796142300184,0.00016935796142300184,1.6259460369684727e-09,-0.30613634182585325
4.6625000000000005,20849.967235099663,-1.5163296645419636e-05,0.0001680446984194334,0.0001680446984194334,1.6158940964530482e-09,-0.3032659329083927
4.675,20841.43668118075,-1.5011112756112967e-05,0.00016670970854466504,0.00016670970854466504,1.6059430405564827e-09,-0.3002222551222593
4.6875,20832.44368945752,-1.4850679041025373e-05,0.0001653543684926364,0.0001653543684926364,1.5960983381922945e-09,-0.29701358082050744
4.7,20823.010431108778,-1.4682391030891472e-05,0.00016398019236317876,0.00016398019236317876,1.586365196071692e-09,-0.29364782061782946
4.7125,20813.158062471713,-1.450662615180549e-05,0.00016258883207892342,0.00016258883207892342,1.5767485707053673e-09,-0.29013252303610976
4.7250000000000005,20802.90672971191,-1.4323743808547777e-05,0.00016118207682698203,0.00016118207682698203,1.5672531803500521e-09,-0.2864748761709556
4.7375,20792.27557849354,-1.4134085557089114e-05,0.00015976185146964348,0.00015976185146964348,1.557883516840719e-09,-0.28268171114178225
4.75,20781.282768020483,-1.3937975355088117e-05,0.00015833021387625894,0.00015833021387625894,1.548643857256725e-09,-0.27875950710176234
4.7625,20769.945488865007,-1.3735719879950806e-05,0.00015688935113761257,0.00015688935113761257,1.5395382753771074e-09,-0.2747143975990161
4.775,20758.27998404356,-1.3527608904821065e-05,0.00015544157463433006,0.00015544157463433006,1.530570652886634e-09,-0.2705521780964213
4.7875000000000005,20746.301572846543,-1.3313915723695337e-05,0.00015398931394217325,0.00015398931394217325,1.521744690300036e-09,-0.26627831447390676
4.800000000000001,20734.024676973873,-1.3094897617686402e-05,0.00015253510956929271,0.00015253510956929271,1.5130639175771518e-09,-0.26189795235372804
4.8125,20721.46284857733,-1.2870796355284461e-05,0.00015108160453352178,0.00015108160453352178,1.5045317044064398e-09,-0.2574159271056892
4.825,20708.628799851467,-1.2641838720265763e-05,0.0001496315348014324,0.0001496315348014324,1.4961512701385336e-09,-0.25283677440531527
4.8375,20695.534433862635,-1.2408237061669132e-05,0.0001481877186249555,0.0001481877186249555,1.487925693355212e-09,-0.24816474123338264
4.8500000000000005,20682.190876342498,-1.2170189860991502e-05,0.00014675304482569219,0.00014675304482569219,1.4798579210623668e-09,-0.24340379721983005
4.862500000000001,20668.608508213347,-1.1927882312437935e-05,0.0001453304600913913,0.0001453304600913913,1.471950777498317e-09,-0.23855764624875872
4.875,20654.796998648046,-1.1681486912696142e-05,0.00014392295536321705,0.00014392295536321705,1.464206972551152e-09,-0.23362973825392286
4.8875,20640.76533849725,-1.1431164057288121e-05,0.00014253355140613828,0.00014253355140613828,1.4566291097807478e-09,-0.2286232811457624
4.9,20626.52187395121,-1.1177062641080006e-05,0.00014116528366780274,0.00014116528366780274,1.4492196940426967e-09,-0.22354125282160012
4.9125000000000005,20612.07434032484,-1.0919320661007538e-05,0.00013982118654337584,0.00013982118654337584,1.4419811387126821e-09,-0.21838641322015076
4.925000000000001,20597.42989588193,-1.065806581949878e-05,0.00013850427717479311,0.00013850427717479311,1.4349157725108383e-09,-0.21316131638997562
4.9375,20582.595155635172,-1.0393416127449986e-05,0.00013721753892248232,0.00013721753892248232,1.4280258459263882e-09,-0.20786832254899973
4.95,20567.57622507361,-1.0125480505938727e-05,0.00013596390465564696,0.00013596390465564696,1.4213135372433993e-09,-0.20250961011877455
4.9625,20552.378733791833,-9.854359386141114e-06,0.00013474624001349263,0.00013474624001349263,1.4147809581688464e-09,-0.19708718772282227
4.9750000000000005,20537.007869000037,-9.580145307163542e-06,0.00013356732679416187,0.00013356732679416187,1.408430159064364e-09,-0.19160290614327083
4.987500000000001,20521.468408913883,-9.302923511704023e-06,0.0001324298466304971,0.0001324298466304971,1.4022631337831274e-09,-0.18605847023408045
5.0,20505.764756026572,-9.022772539629545e-06,0.00013133636511198507,0.00013133636511198507,1.3962818241132438e-09,-0.1804554507925909
5.0125,20489.900970278126,-8.739764819695478e-06,0.0001302893165102906,0.0001302893165102906,1.3904881238288854e-09,-0.17479529639390956
5.025,20473.88080213725,-8.453967259745186e-06,0.00012929098926164775,0.00012929098926164775,1.3848838823501715e-09,-0.16907934519490372
5.0375000000000005,20457.70772562426,-8.16544183581341e-06,0.00012834351235306503,0.00012834351235306503,1.3794709080125264e-09,-0.1633088367162682
5.050000000000001,20441.384971298055,-7.874246180620365e-06,0.00012744884275087617,0.00012744884275087617,1.3742509709459181e-09,-0.1574849236124073
5.0625,20424.915559239467,-7.5804341719846875e-06,0.00012660875399973686,0.00012660875399973686,1.3692258055640289e-09,-0.15160868343969375
5.075,20408.302332060408,-7.2840565217054535e-06,0.0001258248261078652,0.0001258248261078652,1.3643971126630502e-09,-0.14568113043410907
5.0875,20391.54798797059,-6.985161365467054e-06,0.00012509843682032774,0.00012509843682032774,1.3597665611294214e-09,-0.13970322730934107
5.1000000000000005,20374.655113931938,-6.683794854307224e-06,0.00012443075436669148,0.00012443075436669148,1.3553357892554773e-09,-0.1336758970861445
5.112500000000001,20357.626218928835,-6.380001748158519e-06,0.0001238227317526303,0.0001238227317526303,1.351106405661629e-09,-0.12760003496317038
5.125,20340.463767381098,-6.073826011927206e-06,0.00012327510264735606,0.00012327510264735606,1.3470799898233968e-09,-0.12147652023854412
5.1375,20323.170212721852,-5.76531141451201e-06,0.0001227883789003166,0.0001227883789003166,1.3432580922013465e-09,-0.1153062282902402
5.15,20305.748031157076,-5.454502131087562e-06,0.00012236284970175944,0.00012236284970175944,1.3396422339717635e-09,-0.10909004262175125
5.1625000000000005,20288.1997556233,-5.141443348883745e-06,0.00012199858238280324,0.00012199858238280324,1.336233906355749e-09,-0.10282886697767489
5.175000000000001,20270.528009946152,-4.82618187658348e-06,0.00012169542483188612,0.00012169542483188612,1.333034569544338e-09,-0.09652363753166959
5.1875,20252.735543202543,-4.50876675733567e-06,0.00012145300948617366,0.00012145300948617366,1.3300456512172439e-09,-0.0901753351467134
5.2,20234.825264277384,-4.1892498852382594e-06,0.000121270758838989,0.000121270758838989,1.327268544652928e-09,-0.08378499770476519
5.2125,20216.80027659716,-3.867686624988294e-06,0.00012114789238784623,0.00012114789238784623,1.3247046064278963e-09,-0.07735373249976589
5.2250000000000005,20198.66391301512,-3.544136434220364e-06,0.00012108343493247207,0.00012108343493247207,1.3223551537034393e-09,-0.07088272868440727
5.237500000000001,20180.419770808898,-3.218663487863416e-06,0.0001210762261185084,0.0001210762261185084,1.3202214610984776e-09,-0.06437326975726831
5.25,20162.071746741996,-2.8913373036375215e-06,0.0001211249311105908,0.0001211249311105908,1.318304757147759e-09,-0.05782674607275043
5.2625,20143.624072128336,-2.56223336758775e-06,0.00012122805226835072,0.00012122805226835072,1.3166062203453806e-09,-0.051244667351755
5.275,20125.081347822215,-2.2314337583128455e-06,0.00012138394169070758,0.00012138394169070758,1.315126974774501e-09,-0.04462867516625691
5.2875000000000005,20106.448579046657,-1.899027768291882e-06,0.00012159081448768658,0.00012159081448768658,1.313868085325169e-09,-0.03798055536583764
5.300000000000001,20087.73120995416,-1.5651125204447346e-06,0.00012184676263495505,0.00012184676263495505,1.3128305525034254e-09,-0.03130225040889469
5.3125,20068.93515780038,-1.2297935777831177e-06,0.00012214976926431894,0.00012214976926431894,1.3120153068362597e-09,-0.024595871555662355
5.325,20050.066846593672,-8.931855437203514e-07,0.00012249772324352865,0.00012249772324352865,1.3114232028786138e-09,-0.017863710874407027
5.3375,20031.133240068913,-5.554126503119321e-07,0.00012288843390083267,0.00012288843390083267,1.3110550128304335e-09,-0.011108253006238642
5.3500000000000005,20012.14187381433,-2.1660933139885023e-07,0.00012331964575368923,0.00012331964575368923,1.310911419773777e-09,-0.004332186627977005
5.362500000000001,19993.100886365904,1.2307922267609608e-07,0.00012378905310676336,0.00012378905310676336,1.3109930105421933e-09,0.0024615844535219216
5.375,19974.019049064977,4.63496532407813e-07,0.00012429431439163604,0.00012429431439163604,1.3113002682369952e-09,0.00926993064815626
5.3875,19954.90579446033,8.044743224459564e-07,0.00012483306612935511,0.00012483306612935511,1.3118335644076438e-09,0.016089486448919128
5.4,19935.771243017873,1.1458320450930036e-06,0.00012540293640685984,0.00012540293640685984,1.3125931509162559e-09,0.02291664090186007
5.4125000000000005,19916.626227888366,1.4873764384533335e-06,0.00012600155776920058,0.00012600155776920058,1.3135791515092004e-09,0.02974752876906667
5.425000000000001,19897.482317468566,1.8289011239489646e-06,0.00012662657944113246,0.00012662657944113246,1.3147915531218853e-09,0.03657802247897929
5.4375,19878.35183547836,2.170186248137214e-06,0.00012727567880386237,0.00012727567880386237,1.3162301969461e-09,0.04340372496274428
5.45,19859.24787826842,2.5109981739539304e-06,0.00012794657206524932,0.00012794657206524932,1.317894769292678e-09,0.05021996347907861
5.4625,19840.18432906082,2.851089226656545e-06,0.00012863702407438693,0.00012863702407438693,1.3197847922857438e-09,0.057021784533130906
5.4750000000000005,19821.175868822527,3.190197499849304e-06,0.00012934485724402445,0.00012934485724402445,1.32189961442837e-09,0.06380394999698609
5.487500000000001,19802.23798346523,3.5280467270319693e-06,0.0001300679595565194,0.0001300679595565194,1.324238401083083e-09,0.07056093454063939
5.5,19783.386967067723,3.864346224118164e-06,0.00013080429164078706,0.00013080429164078706,1.3268001249142642e-09,0.07728692448236328
5.5125,19764.639920817244,4.198790908314457e-06,0.00013155189291886126,0.00013155189291886126,1.3295835563430645e-09,0.08397581816628913
5.525,19746.014747376106,4.531061398631633e-06,0.00013230888683107576,0.00013230888683107576,1.3325872540689504e-09,0.09062122797263265
5.5375000000000005,19727.53014038619,4.860824203110257e-06,0.000133073485158404,0.000133073485158404,1.3358095557153646e-09,0.09721648406220515
5.550000000000001,19709.20556884372,5.187731997580341e-06,0.00013384399146906692,0.00013384399146906692,1.3392485686601779e-09,0.10375463995160682
5.5625,19691.06125609128,5.511424000435684e-06,0.00013461880372407184,0.00013461880372407184,1.3429021611145863e-09,0.11022848000871369
5.575,19673.118153200805,5.831526447485247e-06,0.00013539641608283743,0.00013539641608283743,1.3467679535167915e-09,0.11663052894970495
5.5875,19655.397906546124,6.1476531704446955e-06,0.0001361754199554699,0.0001361754199554699,1.3508433103091707e-09,0.1229530634088939
5.6000000000000005,19637.922819399664,6.459406282051388e-06,0.00013695450435258748,0.00013695450435258748,1.3551253321696184e-09,0.12918812564102775
5.612500000000001,19620.71580742192,6.766376970125039e-06,0.00013773245558686273,0.00013773245558686273,1.3596108487692809e-09,0.13532753940250078
5.625,19603.800347955552,7.068146402156974e-06,0.00013850815638270596,0.00013850815638270596,1.3642964121299538e-09,0.1413629280431395
5.6375,19587.200423080274,7.364286741195582e-06,0.00013928058445179708,0.00013928058445179708,1.369178290654924e-09,0.14728573482391163
5.65,19570.94045643676,7.654362272909747e-06,0.00014004881059255793,0.00014004881059255793,1.3742524639069549e-09,0.15308724545819494
5.6625000000000005,19555.045243877033,7.937930642760338e-06,0.0001408119963712163,0.0001408119963712163,1.379514618206409e-09,0.15875861285520676
5.675000000000001,19539.539878061303,8.214544201200975e-06,0.00014156939144092988,0.00014156939144092988,1.3849601431211207e-09,0.1642908840240195
5.6875,19524.4496671734,8.483751453770323e-06,0.00014232033055360497,0.00014232033055360497,1.390584128917554e-09,0.16967502907540646
5.7,19509.80004799486,8.745098611840612e-06,0.00014306423031665126,0.00014306423031665126,1.3963813650399705e-09,0.17490197223681225
5.7125,19495.61649363737,8.998131238661219e-06,0.00014380058574405612,0.00014380058574405612,1.4023463396807803e-09,0.1799626247732244
5.7250000000000005,19481.924416297672,9.242395984194437e-06,0.0001445289666479286,0.0001445289666479286,1.4084732405009383e-09,0.18484791968388875
5.737500000000001,19468.74906546421,9.477442401097175e-06,0.00014524901391314957,0.00014524901391314957,1.4147559565541765e-09,0.1895488480219435
5.75,19456.11542206696,9.702824833070645e-06,0.0001459604356940501,0.0001459604356940501,1.4211880814630479e-09,0.1940564966614129
5.7625,19444.048089124855,9.918104365696136e-06,0.00014666300356820877,0.00014666300356820877,1.4277629178882038e-09,0.1983620873139227
5.775,19432.57117950414,1.0122850828813464e-05,0.0001473565486785824,0.0001473565486785824,1.434473483325073e-09,0.20245701657626927
5.7875000000000005,19421.708201456437,1.0316644838496142e-05,0.00014804095789132927,0.00014804095789132927,1.4413125172541923e-09,0.20633289676992284
5.800000000000001,19411.481942660303,1.0499079865749445e-05,0.00014871616999290714,0.00014871616999290714,1.4482724896629021e-09,0.2099815973149889
5.8125,19401.9143535315,1.0669764318219547e-05,0.00014938217194638244,0.00014938217194638244,1.4553456109470352e-09,0.21339528636439095
5.825,19393.026430615664,1.08283236204702e-05,0.00015003899522341053,0.00015003899522341053,1.4625238431916447e-09,0.216566472409404
5.8375,19384.83810090371,1.0974402277770782e-05,0.000150686712225077,0.000150686712225077,1.4697989128198454e-09,0.21948804555541565
5.8500000000000005,19377.36810794265,1.1107665907860982e-05,0.00015132543280175175,0.00015132543280175175,1.4771623245885358e-09,0.22215331815721964
5.862500000000001,19370.63390063143,1.1227803224823967e-05,0.00015195530087931867,0.00015195530087931867,1.4846053768992556e-09,0.22455606449647933
5.875,19364.651525600228,1.1334527959022543e-05,0.00015257649119662043,0.00015257649119662043,1.492119178381793e-09,0.22669055918045086
5.8875,19359.435524073586,1.1427580697040135e-05,0.00015318920615670136,0.00015318920615670136,1.499694665697512e-09,0.2285516139408027
5.9,19354.998834109712,1.1506730625727499e-05,0.00015379367279244767,0.00015379367279244767,1.5073226224988297e-09,0.23013461251454997
5.9125000000000005,19351.352699086892,1.1571777164790657e-05,0.00015439013984550688,0.00015439013984550688,1.5149936994709577e-09,0.23143554329581315
5.925000000000001,19348.50658328112,1.1622551472868586e-05,0.00015497887495590976,0.00015497887495590976,1.5226984353720407e-09,0.23245102945737173
5.9375,19346.468095340508,1.165891781273958e-05,0.00015556016195861046,0.00015556016195861046,1.5304272789783076e-09,0.23317835625479158
5.95,19345.2429204131,1.1680774762160699e-05,0.00015613429828218605,0.00015613429828218605,1.5381706118319043e-09,0.23361549524321398
5.9625,19344.83476162487,1.1688056257878726e-05,0.0001567015924441863,0.0001567015924441863,1.5459187716808129e-09,0.23376112515757452
5.9750000000000005,19345.24529154235,1.1680732461546595e-05,0.0001572623616370766,0.0001572623616370766,1.5536620764927992e-09,0.2336146492309319
5.987500000000001,19346.47411417218,1.1658810437624336e-05,0.00015781692939835886,0.00015781692939835886,1.5613908489187486e-09,0.2331762087524867
6.0,19348.518737975137,1.162233463482623e-05,0.00015836562335826693,0.00015836562335826693,1.5690954410751595e-09,0.2324466926965246
6.0125,19351.374560273427,1.1571387164279257e-05,0.00015890877305840047,0.00015890877305840047,1.5767662595110314e-09,0.23142774328558513
6.025,19355.03486334172,1.1506087869265695e-05,0.00015944670783476605,0.00015944670783476605,1.5843937902209872e-09,0.2301217573853139
6.0375000000000005,19359.490822367068,1.1426594183214574e-05,0.0001599797547589209,0.0001599797547589209,1.591968623564254e-09,0.22853188366429147
6.050000000000001,19364.731525361673,1.1333100774461875e-05,0.0001605082366312514,0.0001605082366312514,1.5994814789481531e-09,0.2266620154892375
6.0625,19370.74400500489,1.1225838978195764e-05,0.00016103247002084755,0.00016103247002084755,1.6069232291350193e-09,0.22451677956391528
6.075,19377.513282283428,1.1105076017917057e-05,0.00016155276334694756,0.00016155276334694756,1.6142849240330141e-09,0.22210152035834113
6.0875,19385.02242169333,1.0971114020653337e-05,0.00016206941499750948,0.00016206941499750948,1.6215578138341154e-09,0.21942228041306674
6.1000000000000005,19393.25259765868,1.0824288832043028e-05,0.00016258271148111267,0.00016258271148111267,1.6287333713666086e-09,0.21648577664086058
6.112500000000001,19402.183171724904,1.0664968639230572e-05,0.00016309292560908812,0.00016309292560908812,1.635803313534679e-09,0.21329937278461145
6.125,19411.791779981115,1.049355241126106e-05,0.0001636003147055181,0.0001636003147055181,1.642759621724122e-09,0.2098710482252212
6.1375,19422.054430076907,1.0310468168311445e-05,0.00016410511884352527,0.00016410511884352527,1.6495945610607042e-09,0.20620936336622891
6.15,19432.945607112662,1.0116171092624312e-05,0.00016460755910708083,0.00016460755910708083,1.6563006984162399e-09,0.20232342185248625
6.1625000000000005,19444.438387603695,9.91114149539962e-06,0.00016510783587839702,0.00016510783587839702,1.6628709190668927e-09,0.1982228299079924
6.175000000000001,19456.504560650978,9.695882655133966e-06,0.00016560612715182498,0.00016560612715182498,1.6692984419184873e-09,0.19391765310267933
6.1875,19469.11475538929,9.470918543959058e-06,0.00016610258687604936,0.00016610258687604936,1.67557683322458e-09,0.18941837087918117
6.2,19482.238573736326,9.236791459410618e-06,0.00016659734332725244,0.00016659734332725244,1.6817000187346006e-09,0.18473582918821235
6.2125,19495.844727428008,8.994059579745231e-06,0.00016709049751680572,0.00016709049751680572,1.6876622942213823e-09,0.17988119159490462
6.2250000000000005,19509.901178295873,8.743294461408926e-06,0.00016758212163793334,0.00016758212163793334,1.693458334349732e-09,0.17486588922817853
6.237500000000001,19524.37528072872,8.485078497543991e-06,0.00016807225755667161,0.00016807225755667161,1.6990831998602134e-09,0.16970156995087982
6.25,19539.233925254746,8.220002356498427e-06,0.00016856091535331856,0.00016856091535331856,1.7045323430548847e-09,0.16440004712996853
6.2625,19554.443682188838,7.948662419177798e-06,0.00016904807192141675,0.00016904807192141675,1.7098016115842254e-09,0.15897324838355595
6.275,19569.970944307293,7.671658233756799e-06,0.00016953366963214076,0.00016953366963214076,1.7148872505467581e-09,0.15343316467513599
6.2875000000000005,19585.78206753936,7.3895900057548025e-06,0.000170017615072752,0.000170017615072752,1.719785902924812e-09,0.14779180011509604
6.300000000000001,19601.84350870636,7.103056140787214e-06,0.0001704997778685377,0.0001704997778685377,1.7244946083913427e-09,0.1420611228157443
6.3125,19618.12195938665,6.812650856444155e-06,0.0001709799895983538,0.0001709799895983538,1.7290108005336378e-09,0.1362530171288831
6.325,19634.58447503876,6.5189618787346916e-06,0.00017145804281453356,0.00017145804281453356,1.733332302549966e-09,0.13037923757469383
6.3375,19651.19859858529,6.222568237385934e-06,0.00017193369017850065,0.00017193369017850065,1.737457321484702e-09,0.12445136474771867
6.3500000000000005,19667.932477723756,5.924038173017917e-06,0.00017240664372391787,0.00017240664372391787,1.7413844410760914e-09,0.11848076346035834
6.362500000000001,19684.754975314656,5.62392716784887e-06,0.00017287657425960724,0.00017287657425960724,1.7451126132985463e-09,0.11247854335697739
6.375,19701.63577227158,5.3227761101387135e-06,0.0001733431109247797,0.0001733431109247797,1.7486411486881247e-09,0.10645552220277427
6.3875,19718.545462468137,5.021109601074278e-06,0.00017380584090929973,0.00017380584090929973,1.7519697055456252e-09,0.10042219202148556
6.4,19735.455639257747,4.719434411256311e-06,0.00017426430935177587,0.00017426430935177587,1.755098278116467e-09,0.09438868822512622
6.4125000000000005,19752.3389732951,4.418238092388314e-06,0.00017471801942819617,0.00017471801942819617,1.75802718385024e-09,0.08836476184776627
6.425000000000001,19769.16928142984,4.1179877482084025e-06,0.00017516643264361119,0.00017516643264361119,1.7607570498454913e-09,0.08235975496416804
6.4375,19785.921586535118,3.819128967169229e-06,0.0001756089693389947,0.0001756089693389947,1.7632887985869706e-09,0.07638257934338458
6.45,19802.572168211882,3.5220849178730288e-06,0.00017604500942487535,0.00017604500942487535,1.7656236330832295e-09,0.07044169835746057
6.4625,19819.098604394952,3.2272556068280722e-06,0.00017647389335262453,0.00017647389335262453,1.7677630215121769e-09,0.06454511213656144
6.4750000000000005,19835.47980396124,2.935017296722638e-06,0.00017689492333339862,0.00017689492333339862,1.769708681481001e-09,0.05870034593445276
6.487500000000001,19851.696030513205,2.6457220821274376e-06,0.00017730736481366468,0.00017730736481366468,1.7714625640048202e-09,0.05291444164254875
6.5,19867.728917578246,2.3596976183486045e-06,0.00017771044821498298,0.00017771044821498298,1.7730268373055866e-09,0.04719395236697209
6.5125,19883.56147552293,2.0772469980701185e-06,0.00017810337094428054,0.00017810337094428054,1.7744038705292129e-09,0.04154493996140237
6.525,19899.17809053863,1.798648769455194e-06,0.00017848529967922364,0.00017848529967922364,1.7755962174747016e-09,0.03597297538910388
6.5375000000000005,19914.564516099832,1.5241570885257476e-06,0.00017885537293149304,0.00017885537293149304,1.776606600424286e-09,0.030483141770514952
6.550000000000001,19929.70785733943,1.2540019979113597e-06,0.00017921270388878736,0.00017921270388878736,1.777437894158359e-09,0.025080039958227194
6.5625,19944.596548816615,9.88389823455792e-07,0.00017955638353424065,0.00017955638353424065,1.7780931102333166e-09,0.01976779646911584
6.575,19959.220326183648,7.275036796902045e-07,0.00017988548403964627,0.00017988548403964627,1.7785753815944857e-09,0.01455007359380409
6.5875,19973.57019227296,4.7150407482492074e-07,0.0001801990624264555,0.0001801990624264555,1.7788879475901098e-09,0.009430081496498415
6.6000000000000005,19987.63837814401,2.2052960567367754e-07,0.0001804961644859742,0.0001804961644859742,1.7790341394460076e-09,0.0044105921134735505
6.612500000000001,20001.418299632933,-2.5302267200795248e-08,0.00018077582894754444,0.00018077582894754444,1.7790173662540853e-09,-0.000506045344015905
6.625,20014.904509950997,-2.6589437384802015e-07,0.0001810370918807883,0.0001810370918807883,1.7788411015214347e-09,-0.005317887476960403
6.6375,20028.092648871883,-5.011689284437382e-07,0.00018127899131523923,0.00018127899131523923,1.7785088703203512e-09,-0.010023378568874764
6.65,20040.97938904018,-7.310665714278225e-07,0.0001815005720579185,0.0001815005720579185,1.7780242370733305e-09,-0.01462133142855645
6.6625000000000005,20053.56237991485,-9.555453694808984e-07,0.0001817008906866634,0.0001817008906866634,1.7773907940009949e-09,-0.01911090738961797
6.675000000000001,20065.840189849238,-1.1745797822236064e-06,0.00018187902069431407,0.00018187902069431407,1.776612150255006e-09,-0.02349159564447213
6.6875,20077.81224678008,-1.3881596041293395e-06,0.00018203405775624925,0.00018203405775624925,1.7756919217523974e-09,-0.02776319208258679
6.7,20089.47877797921,-1.596288889693735e-06,0.00018216512509126656,0.00018216512509126656,1.774633721722427e-09,-0.0319257777938747
6.7125,20100.84074928914,-1.7989848694137041e-06,0.0001822713788834642,0.0001822713788834642,1.7734411519720385e-09,-0.035979697388274084
6.7250000000000005,20111.899804238128,-1.9962768636040614e-06,0.0001823520137306366,0.0001823520137306366,1.7721177948713696e-09,-0.03992553727208123
6.737500000000001,20122.658203396903,-2.1882052005307927e-06,0.00018240626808278053,0.00018240626808278053,1.7706672060564417e-09,-0.043764104010615854
6.75,20133.11876430902,-2.374820144775407e-06,0.00018243342963265754,0.00018243342963265754,1.7690929078422519e-09,-0.04749640289550814
6.7625,20143.284802293932,-2.5561808411732196e-06,0.0001824328406190043,0.0001824328406190043,1.76739838333594e-09,-0.05112361682346439
6.775,20153.16007239072,-2.732354279097297e-06,0.0001824039030019583,0.0001824039030019583,1.7655870712365458e-09,-0.05464708558194594
6.7875000000000005,20162.748712678207,-2.9034142812966623e-06,0.000182346083469598,0.000182346083469598,1.7636623613050783e-09,-0.05806828562593325
6.800000000000001,20172.055189176677,-3.069440520948018e-06,0.00018225891823421057,0.00018225891823421057,1.7616275904861928e-09,-0.06138881041896036
6.8125,20181.084242506364,-3.2305175700508934e-06,0.00018214201757701744,0.00018214201757701744,1.7594860396607005e-09,-0.06461035140101787
6.825,20189.84083644953,-3.3867339817908887e-06,0.00018199507010062567,0.00018199507010062567,1.7572409310063887e-09,-0.06773467963581778
6.8375,20198.330108538168,-3.538181409018603e-06,0.00018181784664943952,0.00018181784664943952,1.754895425943215e-09,-0.07076362818037206
6.8500000000000005,20206.557322760473,-3.684953760546917e-06,0.00018161020385967542,0.00018161020385967542,1.7524526236378011e-09,-0.07369907521093834
6.862500000000001,20214.52782445993,-3.82714639655773e-06,0.0001813720873024666,0.0001813720873024666,1.7499155600413015e-09,-0.0765429279311546
6.875,20222.246997478236,-3.964855364033541e-06,0.00018110353418582524,0.00018110353418582524,1.7472872074341154e-09,-0.07929710728067083
6.8875,20229.7202235738,-4.098176672790602e-06,0.00018080467558393158,0.00018080467558393158,1.744570474450524e-09,-0.08196353345581205
6.9,20236.9528441313,-4.227205612388551e-06,0.00018047573816533033,0.00018047573816533033,1.7417682065561586e-09,-0.08454411224777103
6.9125000000000005,20243.95012416416,-4.352036109926616e-06,0.00018011704539510704,0.00018011704539510704,1.7388831869511918e-09,-0.08704072219853233
6.925000000000001,20250.71721859516,-4.472760128508859e-06,0.00017972901818996613,0.00017972901818996613,1.7359181378722956e-09,-0.08945520257017718
6.9375,20257.25914079501,-4.589467105967707e-06,0.0001793121750093007,0.0001793121750093007,1.7328757222666745e-09,-0.09178934211935413
6.95,20263.58073334507,-4.702243433276479e-06,0.00017886713136979404,0.00017886713136979404,1.7297585458118685e-09,-0.09404486866552958
6.9625,20269.686640985627,-4.8111719719553675e-06,0.00017839459877577954,0.00017839459877577954,1.7265691592554708e-09,-0.09622343943910736
6.9750000000000005,20275.5812857064,-4.916331609678696e-06,0.00017789538306245758,0.00017789538306245758,1.7233100610494405e-09,-0.09832663219357392
6.987500000000001,20281.26884392882,-5.017796853223674e-06,0.000177370382154078,0.000177370382154078,1.7199837002542553e-09,-0.10035593706447349
7.0,20286.75322573228,-5.115637457858006e-06,0.00017682058324428236,0.00017682058324428236,1.7165924796887458e-09,-0.10231274915716011
7.0125,20292.03805607009,-5.209918092244868e-06,0.00017624705941090887,0.00017624705941090887,1.7131387593020713e-09,-0.10419836184489735
7.025,20297.12665792592,-5.300698037945228e-06,0.00017565096568263348,0.00017565096568263348,1.7096248597448963e-09,-0.10601396075890457
7.0375000000000005,20302.022037357845,-5.388030922617502e-06,0.00017503353457979048,0.00017503353457979048,1.7060530661174348e-09,-0.10776061845235005
7.050000000000001,20306.726870383947,-5.4719644860498746e-06,0.00017439607115653021,0.00017439607115653021,1.702425631872593e-09,-0.10943928972099749
7.0625,20311.24349166206,-5.552540378209462e-06,0.00017373994757606756,0.00017373994757606756,1.6987447828529892e-09,-0.11105080756418925
7.075,20315.573884921498,-5.629793988552204e-06,0.00017306659725509804,0.00017306659725509804,1.695012721441125e-09,-0.11259587977104409
7.0875,20319.71967510928,-5.703754305904891e-06,0.0001723775086174542,0.0001723775086174542,1.6912316308024431e-09,-0.11407508611809783
7.1000000000000005,20323.682122215116,-5.774443808305209e-06,0.00017167421850069572,0.00017167421850069572,1.687403679201412e-09,-0.11548887616610418
7.112500000000001,20327.462116745086,-5.841878382263648e-06,0.00017095830526252308,0.00017095830526252308,1.6835310243711316e-09,-0.11683756764527296
7.125,20331.06017682086,-5.90606727099084e-06,0.00017023138163664223,0.00017023138163664223,1.6796158179172614e-09,-0.1181213454198168
7.1375,20334.476446878623,-5.967013051214429e-06,0.000169495087389947,0.000169495087389947,1.6756602097373154e-09,-0.11934026102428857
7.15,20337.710697956747,-6.024711638286972e-06,0.00016875108183460387,0.00016875108183460387,1.6716663524365721e-09,-0.12049423276573945
7.1625000000000005,20340.76232955466,-6.079152319361559e-06,0.00016800103624979628,0.00016800103624979628,1.667636405721991e-09,-0.12158304638723118
7.175000000000001,20343.630373057018,-6.130317814480736e-06,0.00016724662626850184,0.00016724662626850184,1.6635725407556334e-09,-0.12260635628961472
7.1875,20346.3134967183,-6.178184365487127e-06,0.00016648952428472766,0.00016648952428472766,1.6594769444491429e-09,-0.12356368730974254
7.2,20348.810012203492,-6.222721852718871e-06,0.00016573139193611991,0.00016573139193611991,1.6553518236808662e-09,-0.12445443705437742
7.2125,20351.11788268707,-6.263893939498268e-06,0.0001649738727158004,0.0001649738727158004,1.6511994094171918e-09,-0.12527787878996538
7.2250000000000005,20353.234732513458,-6.301658244456633e-06,0.00016421858476568424,0.00016421858476568424,1.6470219607196523e-09,-0.12603316488913266
7.237500000000001,20355.157858419665,-6.335966541762118e-06,0.00016346711390141942,0.00016346711390141942,1.642821768619292e-09,-0.12671933083524237
7.25,20356.884242327727,-6.3667649893277566e-06,0.00016272100691649234,0.00016272100691649234,1.638601159839753e-09,-0.12733529978655514
7.2625,20358.41056570967,-6.393994385074653e-06,0.00016198176521000076,0.00016198176521000076,1.6343625003504827e-09,-0.12787988770149306
7.275,20359.733225527325,-6.417590451309067e-06,0.00016125083877914373,0.00016125083877914373,1.6301081987314215e-09,-0.12835180902618135
7.2875000000000005,20360.848351750985,-6.437484147240722e-06,0.0001605296206136698,0.0001605296206136698,1.62584070933052e-09,-0.12874968294481443
7.300000000000001,20361.751826453543,-6.4536020096240315e-06,0.00015981944152540587,0.00015981944152540587,1.621562535195441e-09,-0.12907204019248064
7.3125,20362.439304476553,-6.465866521442337e-06,0.000159121565441614,0.000159121565441614,1.6172762307608546e-09,-0.12931733042884674
7.325,20362.906235660063,-6.474196508478047e-06,0.00015843718518634986,0.00015843718518634986,1.612984404272843e-09,-0.12948393016956095
7.3375,20363.147888621144,-6.478507563519175e-06,0.0001577674187692821,0.0001577674187692821,1.6086897199320934e-09,-0.1295701512703835
7.3500000000000005,20363.159376061263,-6.478712497844372e-06,0.00015711330619663105,0.00015711330619663105,1.6043948997377961e-09,-0.12957424995688743
7.362500000000001,20362.935681576197,-6.474721819504858e-06,0.00015647580681406206,0.00015647580681406206,1.600102725014482e-09,-0.12949443639009717
7.375,20362.471687933303,-6.466444237783362e-06,0.00015585579718657513,0.00015585579718657513,1.5958160376044495e-09,-0.12932888475566726
7.3875,20361.76220677218,-6.453787193057313e-06,0.00015525406951572557,0.00015525406951572557,1.591537740708938e-09,-0.12907574386114626
7.4,20360.802009677518,-6.436657411127088e-06,0.00015467133058994352,0.00015467133058994352,1.5872707993618292e-09,-0.12873314822254175
7.4125000000000005,20359.585860559928,-6.414961480891421e-06,0.00015410820125933818,0.00015410820125933818,1.5830182405204023e-09,-0.12829922961782841
7.425000000000001,20358.108549272645,-6.388606454061463e-06,0.00015356521642222707,0.00015356521642222707,1.5787831527585282e-09,-0.12777212908122926
7.4375,20356.364926379032,-6.357500465404708e-06,0.0001530428255067541,0.0001530428255067541,1.5745686855486992e-09,-0.12715000930809417
7.45,20354.349938973945,-6.321553371801031e-06,0.00015254139342739428,0.00015254139342739428,1.570378048120418e-09,-0.12643106743602062
7.4625,20352.058667451944,-6.280677408177042e-06,0.00015206120199291542,0.00015206120199291542,1.5662145078837613e-09,-0.12561354816354084
7.4750000000000005,20349.486363100386,-6.234787858164496e-06,0.0001516024517394991,0.0001516024517394991,1.5620813884083542e-09,-0.12469575716328993
7.487500000000001,20346.628486385005,-6.1838037371046334e-06,0.0001511652641602414,0.0001511652641602414,1.557982066949573e-09,-0.12367607474209266
7.5,20343.480745781057,-6.127648484796587e-06,0.00015074968430015993,0.00015074968430015993,1.5539199715155163e-09,-0.12255296969593174
7.5125,20340.039136992822,-6.0662506651654144e-06,0.00015035568368414575,0.00015035568368414575,1.5498985774701577e-09,-0.12132501330330829
7.525,20336.299982390457,-5.999544669807744e-06,0.00014998316354401003,0.00014998316354401003,1.5459214036701084e-09,-0.11999089339615489
7.5375000000000005,20332.259970481537,-5.927471422162265e-06,0.0001496319583098848,0.0001496319583098848,1.5419920081345766e-09,-0.1185494284432453
7.550000000000001,20327.916195224425,-5.849979078851575e-06,0.00014930183933073706,0.00014930183933073706,1.5381139832503997e-09,-0.1169995815770315
7.5625,20323.26619497849,-5.767023724553852e-06,0.0001489925187886294,0.0001489925187886294,1.5342909505164349e-09,-0.11534047449107704
7.575,20318.30799087874,-5.678570056590378e-06,0.0001487036537715901,0.0001487036537715901,1.5305265548341306e-09,-0.11357140113180755
7.5875,20313.0401244103,-5.584592055261369e-06,0.00014843485047052272,0.00014843485047052272,1.526824458353722e-09,-0.11169184110522738
7.6000000000000005,20307.461693955207,-5.485073635829835e-06,0.00014818566846646033,0.00014818566846646033,1.5231883338882193e-09,-0.1097014727165967
7.612500000000001,20301.57239007447,-5.380009277945241e-06,0.00014795562507562452,0.00014795562507562452,1.5196218579101428e-09,-0.10760018555890483
7.625,20295.372529284516,-5.269404628217547e-06,0.00014774419972116048,0.00014774419972116048,1.5161287031488036e-09,-0.10538809256435094
7.6375,20288.863086085894,-5.153277071600328e-06,0.00014755083830204492,0.00014755083830204492,1.5127125308088082e-09,-0.10306554143200655
7.65,20282.045722998868,-5.031656267222101e-06,0.00014737495753147913,0.00014737495753147913,1.5093769824333528e-09,-0.10063312534444202
7.6625000000000005,20274.922818362462,-4.904584644319154e-06,0.00014721594921904768,0.00014721594921904768,1.5061256714387576e-09,-0.09809169288638307
7.675000000000001,20267.49749165644,-4.772117853973528e-06,0.00014707318447301172,0.00014707318447301172,1.5029621743495395e-09,-0.09544235707947056
7.6875,20259.773626109807,-4.6343251724477095e-06,0.00014694601780128064,0.00014694601780128064,1.499890021766107e-09,-0.0926865034489542
7.7,20251.755888367337,-4.4912898520343715e-06,0.0001468337910918394,0.0001468337910918394,1.4969126890998748e-09,-0.08982579704068742
7.7125,20243.449744995112,-4.343109415505996e-06,0.00014673583745566305,0.00014673583745566305,1.4940335871131816e-09,-0.08686218831011992
7.7250000000000005,20234.86147561594,-4.1898958904562e-06,0.00014665148491740615,0.00014665148491740615,1.4912560523038623e-09,-0.08379791780912399
7.737500000000001,20225.998182482053,-4.031775980071667e-06,0.00014658005994137654,0.00014658005994137654,1.488583337176612e-09,-0.08063551960143335
7.75,20216.867796306386,-3.8688911671608255e-06,0.0001465208907824731,0.0001465208907824731,1.4860186004453881e-09,-0.07737782334321651
7.7625,20207.47907819265,-3.7013977485917124e-06,0.00014647331065386037,0.00014647331065386037,1.483564897212984e-09,-0.07402795497183425
7.775,20197.841617526094,-3.5294667976554574e-06,0.00014643666070515075,0.00014643666070515075,1.4812251691755512e-09,-0.07058933595310915
7.7875000000000005,20187.965825706662,-3.3532840522720597e-06,0.00014641029280675175,0.00014641029280675175,1.4790022349012329e-09,-0.0670656810454412
7.800000000000001,20177.862925633286,-3.1730497273887115e-06,0.00014639357213779665,0.00014639357213779665,1.4768987802331591e-09,-0.06346099454777424
7.8125,20167.54493687214,-2.98897825038565e-06,0.00014638587957670104,0.00014638587957670104,1.4749173488678465e-09,-0.059779565007713004
7.825,20157.024656470487,-2.8012979187966256e-06,0.00014638661389486903,0.00014638661389486903,1.4730603331604982e-09,-0.056025958375932515
7.8375,20146.31563540587,-2.610250480167471e-06,0.0001463951937554015,0.0001463951937554015,1.4713299652088214e-09,-0.052205009603349416
7.8500000000000005,20135.4321506912,-2.4160906344120093e-06,0.00014641105951983588,0.00014641105951983588,1.4697283082667396e-09,-0.048321812688240186
7.862500000000001,20124.38917318628,-2.2190854595761683e-06,0.0001464336748669696,0.0001464336748669696,1.468257248538772e-09,-0.044381709191523365
7.875,20113.20233119874,-2.019513762482849e-06,0.00014646252822868834,0.00014646252822868834,1.4669184874048803e-09,-0.04039027524965698
7.8875,20101.887869988375,-1.8176653562975454e-06,0.00014649713404843985,0.00014649713404843985,1.4657135341242248e-09,-0.03635330712595091
7.9,20090.462607321755,-1.613840267621908e-06,0.00014653703386857106,0.00014653703386857106,1.4646436990645493e-09,-0.03227680535243816
7.9125000000000005,20078.94388525335,-1.4083478762845664e-06,0.0001465817972531818,0.0001465817972531818,1.4637100875018081e-09,-0.028166957525691327
7.925000000000001,20067.34951834333,-1.2015059915491546e-06,0.00014663102255345778,0.00014663102255345778,1.4629135940321888e-09,-0.024030119830983094
7.9375,20055.69773854959,-9.936398689936405e-07,0.0001466843375226303,0.0001466843375226303,1.462254897635855e-09,-0.019872797379872808
7.95,20044.007137060835,-7.850811728267587e-07,0.00014674139978778733,0.00014674139978778733,1.4617344574285853e-09,-0.015701623456535172
7.9625,20032.296603366038,-5.761668888909773e-07,0.0001468018971857336,0.0001468018971857336,1.4613525091339948e-09,-0.011523337777819545
7.9750000000000005,20020.585261878878,-3.672381940518565e-07,0.00014686554796998274,0.00014686554796998274,1.4611090623052528e-09,-0.007344763881037129
7.987500000000001,20008.89240645997,-1.5863928808559094e-07,0.00014693210089577216,0.00014693210089577216,1.4610038983211578e-09,-0.0031727857617118186
8.0,19997.23743320035,4.9283805454826094e-08,0.00014700133518972841,0.00014700133518972841,1.4610365691771325e-09,0.000985676109096522
8.012500000000001,19985.639771847378,2.5618446259357035e-07,0.00014707306041049717,0.00014707306041049717,1.461206397087196e-09,0.005123689251871407
8.025,19974.11881626902,4.617166994354581e-07,0.0001471471162062887,0.0001471471162062887,1.4615124749082816e-09,0.009234333988709162
8.0375,19962.693854365763,6.655364225345933e-07,0.0001472233719748968,0.0001472233719748968,1.4619536673934386e-09,0.013310728450691867
8.05,19951.383997845816,8.67302681687738e-07,0.00014730172643132912,0.00014730172643132912,1.4625286132755286e-09,0.01734605363375476
8.0625,19940.208112287357,1.0666789176169595e-06,0.0001473821070877578,0.0001473821070877578,1.4632357281780247e-09,0.02133357835233919
8.075000000000001,19929.1847479115,1.2633341969728055e-06,0.00014746446965006063,0.00014746446965006063,1.46407320834451e-09,0.025266683939456108
8.0875,19918.33207148804,1.4569444271194264e-06,0.00014754879733479457,0.00014754879733479457,1.465039035173474e-09,0.029138888542388528
8.1,19907.66779979273,1.6471935432568503e-06,0.0001476351001100236,0.0001476351001100236,1.4661309805400648e-09,0.032943870865137004
8.1125,19897.20913502263,1.8337746605923192e-06,0.00014772341386302436,0.00014772341386302436,1.467346612881633e-09,0.036675493211846384
8.125,19886.972702567873,2.016391184491946e-06,0.0001478137994975225,0.0001478137994975225,1.468683304019207e-09,0.040327823689838914
8.137500000000001,19876.9744915185,2.194757871822985e-06,0.00014790634196277207,0.00014790634196277207,1.4701382366825463e-09,0.043895157436459706
8.15,19867.229798269633,2.36860183703471e-06,0.00014800114921648976,0.00014800114921648976,1.4717084127021383e-09,0.0473720367406942
8.1625,19857.753173563848,2.53766349691787e-06,0.00014809835112339592,0.00014809835112339592,1.4733906618274885e-09,0.050753269938357395
8.175,19848.55837328481,2.7016974484259415e-06,0.00014819809829090164,0.00014819809829090164,1.4751816511273289e-09,0.05403394896851883
8.1875,19839.65831329211,2.860473274431826e-06,0.0001483005608433159,0.0001483005608433159,1.4770778949239729e-09,0.05720946548863652
8.200000000000001,19831.06502855172,3.0137762728254524e-06,0.00014840592713583425,0.00014840592713583425,1.4790757652109986e-09,0.06027552545650905
8.2125,19822.789636789723,3.1614081049268667e-06,0.0001485144024095102,0.0001485144024095102,1.4811715025007722e-09,0.06322816209853734
8.225,19814.842306860828,3.3031873597894978e-06,0.00014862620738840464,0.00014862620738840464,1.4833612270460568e-09,0.06606374719578996
8.2375,19807.2322319885,3.4389500315933327e-06,0.0001487415768201568,0.0001487415768201568,1.4856409503780893e-09,0.06877900063186665
8.25,19799.967607997383,3.5685499079719268e-06,0.00014886075796132276,0.00014886075796132276,1.4880065871020859e-09,0.07137099815943854
8.262500000000001,19793.055616622594,3.691858867773908e-06,0.0001489840090089845,0.0001489840090089845,1.4904539668901358e-09,0.07383717735547816
8.275,19786.502413942573,3.8087670874222387e-06,0.00014911159748033997,0.00014911159748033997,1.4929788466108948e-09,0.07617534174844477
8.2875,19780.31312394472,3.919183155696939e-06,0.00014924379854224358,0.00014924379854224358,1.4955769225353686e-09,0.07838366311393878
8.3,19774.491837197802,4.023034097422459e-06,0.00014938089329297313,0.00014938089329297313,1.4982438425583986e-09,0.08046068194844919
8.3125,19769.041614567523,4.120265307183456e-06,0.0001495231669988508,0.0001495231669988508,1.5009752183762084e-09,0.08240530614366912
8.325000000000001,19763.964495877262,4.210840394816196e-06,0.0001496709072887372,0.0001496709072887372,1.5037666375615228e-09,0.08421680789632392
8.3375,19759.261513382866,4.29474094502147e-06,0.00014982440230984986,0.00014982440230984986,1.506613675479333e-09,0.0858948189004294
8.35,19754.932709897595,4.3719661940137344e-06,0.0001499839388488189,0.0001499839388488189,1.5095119069883069e-09,0.08743932388027469
8.3625,19750.977161375093,4.4425326266548156e-06,0.000150149800422385,0.000150149800422385,1.512456917875135e-09,0.0888506525330963
8.375,19747.393003727146,4.506473498014693e-06,0.00015032226534265902,0.00015032226534265902,1.5154443159717134e-09,0.09012946996029386
8.387500000000001,19744.17746363276,4.563838283753168e-06,0.00015050160476239466,0.00015050160476239466,1.5184697419079766e-09,0.09127676567506335
8.4,19741.32689306731,4.614692064120345e-06,0.00015068808070626703,0.00015068808070626703,1.521528879456377e-09,0.09229384128240689
8.4125,19738.83680726393,4.659114846729037e-06,0.00015088194409469905,0.00015088194409469905,1.524617465427423e-09,0.09318229693458074
8.425,19736.701925801364,4.697200833555717e-06,0.0001510834327673216,0.0001510834327673216,1.5277312990793003e-09,0.09394401667111434
8.4375,19734.916216497983,4.7290576378772844e-06,0.00015129276951369072,0.00015129276951369072,1.5308662510083925e-09,0.0945811527575457
8.450000000000001,19733.472941781325,4.754805457047495e-06,0.00015151016011940538,0.00015151016011940538,1.5340182714914248e-09,0.0950961091409499
8.4625,19732.36470719354,4.7745762071596155e-06,0.00015173579143626509,0.00015173579143626509,1.5371833982539635e-09,0.09549152414319231
8.475,19731.58351168983,4.788512625730683e-06,0.0001519698294855739,0.0001519698294855739,1.5403577636440743e-09,0.09577025251461366
8.4875,19731.120799383934,4.79676734857888e-06,0.00015221241760412328,0.00015221241760412328,1.5435376011940316e-09,0.0959353469715776
8.5,19730.96751239396,4.799501967049834e-06,0.00015246367464276806,0.00015246367464276806,1.5467192515570494e-09,0.09599003934099667
8.512500000000001,19731.114144449224,4.7968860716833e-06,0.0001527236932278378,0.0001527236932278378,1.5498991678100493e-09,0.09593772143366601
8.525,19731.550794921674,4.789096288299808e-06,0.00015299253809589257,0.00015299253809589257,1.5530739201174356e-09,0.09578192576599616
8.5375,19732.26722295579,4.7763153123311915e-06,0.00015327024451253332,0.00015327024451253332,1.556240199754718e-09,0.09552630624662384
8.55,19733.252901381256,4.758730947022449e-06,0.00015355681678610135,0.00015355681678610135,1.5593948224945448e-09,0.09517461894044899
8.5625,19734.497070106812,4.736535150898664e-06,0.0001538522268871491,0.0001538522268871491,1.5625347313612907e-09,0.09473070301797328
8.575000000000001,19735.988788706796,4.709923099623551e-06,0.00015415641318452343,0.00015415641318452343,1.5656569987637385e-09,0.09419846199247103
8.5875,19737.716987930595,4.6790922670796844e-06,0.00015446927930877252,0.00015446927930877252,1.5687588280185974e-09,0.0935818453415937
8.6,19739.670519881947,4.644241530178721e-06,0.00015479069315336362,0.00015479069315336362,1.5718375542805888e-09,0.09288483060357441
8.6125,19741.83820663434,4.605570301567199e-06,0.00015512048602387297,0.00015512048602387297,1.5748906448975915e-09,0.09211140603134398
8.625,19744.208887069537,4.563277694033952e-06,0.00015545845194488825,0.00015545845194488825,1.5779156992118623e-09,0.09126555388067904
8.637500000000001,19746.771461746634,4.517561720053375e-06,0.00015580434713383424,0.00015580434713383424,1.5809104478306233e-09,0.0903512344010675
8.65,19749.514935630214,4.468618529518365e-06,0.00015615788965030487,0.00015615788965030487,1.5838727513913342e-09,0.0893723705903673
8.6625,19752.428458528622,4.416641688332379e-06,0.00015651875922875215,0.00015651875922875215,1.586800598848732e-09,0.08833283376664758
8.675,19755.501363113406,4.361821500144898e-06,0.00015688659730154857,0.00015688659730154857,1.5896921053122424e-09,0.08723643000289795
8.6875,19758.723200413693,4.304344373132898e-06,0.00015726100721851006,0.00015726100721851006,1.5925455094636215e-09,0.08608688746265797
8.700000000000001,19762.083772700564,4.244392233355919e-06,0.00015764155466793978,0.00015764155466793978,1.595359170585704e-09,0.08488784466711838
8.7125,19765.57316369497,4.1821419858467e-06,0.00015802776830313957,0.00015802776830313957,1.5981315652339014e-09,0.08364283971693401
8.725,19769.181766054662,4.1177650242467745e-06,0.00015841914057713915,0.00015841914057713915,1.6008612835826306e-09,0.08235530048493549
8.7375,19772.900306113766,4.051426789458652e-06,0.0001588151287871203,0.0001588151287871203,1.6035470254791686e-09,0.08102853578917303
8.75,19776.719865866195,3.983286377465839e-06,0.00015921515632867574,0.00015921515632867574,1.6061875962375254e-09,0.07966572754931678
8.762500000000001,19780.631902201007,3.913496196170728e-06,0.00015961861415864743,0.00015961861415864743,1.6087819022048318e-09,0.07826992392341456
8.775,19784.628263415034,3.8422016708199336e-06,0.00016002486246384688,0.00016002486246384688,1.611328946132447e-09,0.07684403341639867
8.7875,19788.701203039745,3.769540997327719e-06,0.00016043323253148674,0.00016043323253148674,1.613827822383545e-09,0.07539081994655439
8.8,19792.84339103587,3.6956449425725015e-06,0.00016084302881565473,0.00016084302881565473,1.6162777120083113e-09,0.07391289885145003
8.8125,19797.047922417725,3.620636690528237e-06,0.00016125353119265676,0.00016125353119265676,1.6186778777171413e-09,0.07241273381056473
8.825000000000001,19801.308323384466,3.544631732903769e-06,0.0001616639973965561,0.0001616639973965561,1.6210276587813399e-09,0.07089263465807538
8.8375,19805.618555037778,3.467737802796564e-06,0.0001620736656247558,0.0001620736656247558,1.6233264658898409e-09,0.06935475605593128
8.85,19809.973014782274,3.390054849725268e-06,0.00016248175730202626,0.00016248175730202626,1.6255737759893737e-09,0.06780109699450536
8.8625,19814.36653550379,3.3116750542846335e-06,0.0001628874799899827,0.0001628874799899827,1.6277691271343466e-09,0.06623350108569268
8.875,19818.794382630822,3.232682880568035e-06,0.00016329003042768572,0.00016329003042768572,1.6299121133714797e-09,0.0646536576113607
8.887500000000001,19823.252249187542,3.1531551644249875e-06,0.0001636885976877829,0.0001636885976877829,1.6320023796829468e-09,0.06306310328849975
8.9,19827.736248948888,3.073161235562711e-06,0.00016408236643144724,0.00016408236643144724,1.6340396170104587e-09,0.06146322471125422
8.9125,19832.242907813812,2.9927630714611314e-06,0.00016447052024431283,0.00016447052024431283,1.6360235573813789e-09,0.05985526142922263
8.925,19836.769153508987,2.912015481047402e-06,0.00016485224503466823,0.00016485224503466823,1.6379539691565996e-09,0.05824030962094804
8.9375,19841.312303740375,2.830966316068654e-06,0.000165226732474363,0.000165226732474363,1.6398306524185397e-09,0.05661932632137308
8.950000000000001,19845.870052908096,2.7496567081079596e-06,0.00016559318346221386,0.00016559318346221386,1.641653434516263e-09,0.054993134162159195
8.9625,19850.440457496832,2.6681213292069116e-06,0.0001659508115891827,0.0001659508115891827,1.6434221657833668e-09,0.053362426584138235
8.975,19855.02192025611,2.5863886740875914e-06,0.0001662988465842407,0.0001662988465842407,1.6451367154429589e-09,0.05172777348175183
8.9875,19859.61317328069,2.504481362005081e-06,0.00016663653771964042,0.00016663653771964042,1.646796967712736e-09,0.050089627240101624
9.0,19864.213260097204,2.4224164563073187e-06,0.00016696315715429653,0.00016696315715429653,1.6484028181219044e-09,0.048448329126146376
9.012500000000001,19868.821516864555,2.340205799831217e-06,0.00016727800319412718,0.00016727800319412718,1.6499541700504351e-09,0.046804115996624346
9.025,19873.437552786687,2.257856364320034e-06,0.00016758040344853423,0.00016758040344853423,1.6514509314999563e-09,0.045157127286400686
9.0375,19878.06122983951,2.175370612106967e-06,0.00016786971786270275,0.00016786971786270275,1.6528930121044077e-09,0.043507412242139346
9.05,19882.692641903668,2.0927468683709416e-06,0.00016814534160607277,0.00016814534160607277,1.654280320387469e-09,0.04185493736741883
9.0625,19887.332093397625,2.0099797023331165e-06,0.0001684067077981784,0.0001684067077981784,1.655612761272688e-09,0.04019959404666233
9.075000000000001,19891.980077496028,1.9270603158239584e-06,0.00016865329005405467,0.00016865329005405467,1.6568902338511954e-09,0.03854120631647917
9.0875,19896.63725402093,1.8439769377114888e-06,0.00016888460483256912,0.00016888460483256912,1.65811262941089e-09,0.03687953875422977
9.1,19901.304427084924,1.7607152227392333e-06,0.000169100213572342,0.000169100213572342,1.6592798297300187e-09,0.03521430445478466
9.1125,19905.98252256572,1.6772586533777446e-06,0.00016929972460135467,0.00016929972460135467,1.6603917056371505e-09,0.03354517306755489
9.125,19910.672565487148,1.5935889433453272e-06,0.00016948279480790722,0.00016948279480790722,1.6614481158386475e-09,0.03187177886690654
9.137500000000001,19915.375657379285,1.5096864415012334e-06,0.0001696491310622528,0.0001696491310622528,1.6624489060138827e-09,0.030193728830024667
9.15,19920.09295368761,1.4255305348580196e-06,0.00016979849137999667,0.00016979849137999667,1.66339390817762e-09,0.02851061069716039
9.1625,19924.825641300173,1.341100049498586e-06,0.00016993068582018232,0.00016993068582018232,1.664282940308167e-09,0.02682200098997172
9.175,19929.574916258018,1.256373648217464e-06,0.00017004557711288457,0.00017004557711288457,1.6651158062391283e-09,0.02512747296434928
9.1875,19934.341961713955,1.1713302237353692e-06,0.00017014308101306346,0.00017014308101306346,1.665892295811827e-09,0.023426604474707385
9.200000000000001,19939.12792620231,1.0859492863608262e-06,0.00017022316637939415,0.00017022316637939415,1.6666121852847119e-09,0.021718985727216523
9.2125,19943.933902281973,1.0002113449931544e-06,0.00017028585497875153,0.00017028585497875153,1.6672752379953348e-09,0.02000422689986309
9.225,19948.760905614417,9.140982803775396e-07,0.00017033122101897961,0.00017033122101897961,1.6678812052697652e-09,0.01828196560755079
9.2375,19953.609854535032,8.275937095354408e-07,0.00017035939041449433,0.00017035939041449433,1.66842982757359e-09,0.016551874190708818
9.25,19958.48155018046,7.406833403032318e-07,0.00017037053979113834,0.00017037053979113834,1.6689208358979403e-09,0.014813666806064637
9.262500000000001,19963.37665722867,6.533553149186756e-07,0.00017036489523850821,0.00017036489523850821,1.669353953373287e-09,0.013067106298373512
9.275,19968.29568531264,5.656005415995071e-07,0.00017034273081969472,0.00017034273081969472,1.6697288971030444e-09,0.011312010831990143
9.2875,19973.23897116635,4.774130130618226e-07,0.00017030436684999756,0.00017030436684999756,1.6700453802083219e-09,0.009548260261236452
9.3,19978.206661560733,3.8879011092827347e-07,0.00017025016795768462,0.00017025016795768462,1.670303114074474e-09,0.00777580221856547
9.3125,19983.198697090775,2.997328949788972e-07,0.00017018054094124934,0.00017018054094124934,1.6705018107893968e-09,0.005994657899577944
9.325000000000001,19988.214796869324,2.1024637620043404e-07,0.0001700959324388656,0.0001700959324388656,1.6706411857628323e-09,0.004204927524008681
9.3375,19993.25444418813,1.2033977259495615e-07,0.00016999682642684195,0.00016999682642684195,1.6707209605152526e-09,0.002406795451899123
9.35,19998.316873203144,3.002674671575119e-08,0.0001698837415648205,0.0001698837415648205,1.6707408656242085e-09,0.0006005349343150238
9.3625,20003.401056700663,-6.06743760916059e-08,0.00016975722840625483,0.00016975722840625483,1.6707006438153534e-09,-0.0012134875218321182
9.375,20008.50569500265,-1.5174040975069484e-07,0.0001696178664933189,0.0001696178664933189,1.6706000531846834e-09,-0.003034808195013897
9.387500000000001,20013.62920606456,-2.4314313080767457e-07,0.00016946626135585504,0.00016946626135585504,1.6704388705378775e-09,-0.004862862616153492
9.4,20018.76971682117,-3.348491240420612e-07,0.00016930304143425253,0.00016930304143425253,1.6702168948319857e-09,-0.006696982480841223
9.4125,20023.92505583268,-4.26819651270413e-07,0.00016912885494626737,0.00016912885494626737,1.6699339507040885e-09,-0.00853639302540826
9.425,20029.092747280883,-5.190105442422112e-07,0.00016894436671774675,0.00016894436671774675,1.6695898920709564e-09,-0.010380210884844225
9.4375,20034.270006363982,-6.113721224835702e-07,0.00016875025499701546,0.00016875025499701546,1.669184605783172e-09,-0.012227442449671404
9.450000000000001,20039.45373613511,-7.03849136893303e-07,0.00016854720827232182,0.00016854720827232182,1.6687180153166443e-09,-0.014076982737866058
9.4625,20044.64052582547,-7.963807398367951e-07,0.00016833592211123278,0.00016833592211123278,1.6681900844839459e-09,-0.015927614796735903
9.475,20049.826650692023,-8.889004824152867e-07,0.00016811709604022502,0.00016811709604022502,1.6676008211474623e-09,-0.017778009648305733
9.4875,20055.008073420744,-9.81336339512342e-07,0.000167891430481946,0.000167891430481946,1.6669502809159368e-09,-0.01962672679024684
9.5,20060.18044711698,-1.073610763134008e-06,0.00016765962376673172,0.00016765962376673172,1.6662385708056554e-09,-0.021472215262680158
9.512500000000001,20065.339119904736,-1.1656407644654204e-06,0.00016742236923397477,0.00016742236923397477,1.6654658528472357e-09,-0.023312815289308408
9.525,20070.47914115442,-1.2573380249639706e-06,0.00016718035243785322,0.00016718035243785322,1.664632347618771e-09,-0.025146760499279414
9.5375,20075.595269348854,-1.348609036697924e-06,0.00016693424847076681,0.00016693424847076681,1.663738337685941e-09,-0.026972180733958483
9.55,20080.681981594647,-1.4393552720195922e-06,0.0001666847194166019,0.0001666847194166019,1.6627841709296458e-09,-0.028787105440391845
9.5625,20085.733484774828,-1.52947338253465e-06,0.00016643241194466555,0.00016643241194466555,1.6617702637417383e-09,-0.030589467650693
9.575000000000001,20090.743728334866,-1.6188554271938154e-06,0.00016617795505381673,0.00016617795505381673,1.6606971040695545e-09,-0.03237710854387631
9.5875,20095.706418682512,-1.7073891291912884e-06,0.00016592195797498097,0.00016592195797498097,1.65956525429014e-09,-0.03414778258382577
9.600000000000001,20100.615035176812,-1.794958161205878e-06,0.00016566500823888788,0.00016566500823888788,1.6583753538953887e-09,-0.03589916322411756
9.6125,20105.46284767144,-1.8814424583671324e-06,0.00016540766991452295,0.00016540766991452295,1.6571281219697103e-09,-0.037628849167342646
9.625,20110.242935568247,-1.9667185581708892e-06,0.00016515048202245573,0.00016515048202245573,1.6558243594423652e-09,-0.039334371163417786
9.637500000000001,20114.948208329,-2.0506599664070404e-06,0.00016489395712589964,0.00016489395712589964,1.6544649510972208e-09,-0.041013199328140806
9.65,20119.571427383744,-2.133137547998631e-06,0.00016463858010109413,0.00016463858010109413,1.6530508673234143e-09,-0.04266275095997262
9.662500000000001,20124.105229364184,-2.2140199414866023e-06,0.00016438480708737868,0.00016438480708737868,1.651583165591251e-09,-0.044280398829732046
9.675,20128.54215058296,-2.293173995729837e-06,0.00016413306461616505,0.00016413306461616505,1.6500629916386062e-09,-0.045863479914596744
9.6875,20132.87465266801,-2.3704652272272058e-06,0.0001638837489169154,0.0001638837489169154,1.6484915803541631e-09,-0.04740930454454412
9.700000000000001,20137.09514925566,-2.445758296308027e-06,0.000163637225397205,0.000163637225397205,1.6468702563449795e-09,-0.04891516592616054
9.7125,20141.196033633103,-2.5189175002819316e-06,0.00016339382829299635,0.00016339382829299635,1.645200434177137e-09,-0.05037835000563863
9.725000000000001,20145.1697072173,-2.5898072814888797e-06,0.00016315386048437988,0.00016315386048437988,1.643483618279599e-09,-0.05179614562977759
9.7375,20149.008608744934,-2.6582927480479357e-06,0.00016291759347125063,0.00016291759347125063,1.6417214025028579e-09,-0.053165854960958714
9.75,20152.705244043438,-2.724240204969421e-06,0.00016268526750268857,0.00016268526750268857,1.6399154693255001e-09,-0.05448480409938842
9.762500000000001,20156.252216245495,-2.787517693171708e-06,0.00016245709185319862,0.00016245709185319862,1.6380675887034508e-09,-0.05575035386343416
9.775,20159.64225630158,-2.8479955338322504e-06,0.00016223324523844036,0.00016223324523844036,1.6361796165583616e-09,-0.056959910676645006
9.787500000000001,20162.868253643377,-2.9055468754034573e-06,0.0001620138763626406,0.0001620138763626406,1.6342534929033742e-09,-0.058110937508069144
9.8,20165.923286840807,-2.960048240540021e-06,0.0001617991045895283,0.0001617991045895283,1.6322912396063194e-09,-0.059200964810800415
9.8125,20168.800654096543,-3.0113800701152617e-06,0.00016158902072836094,0.00016158902072836094,1.63029495779228e-09,-0.060227601402305236
9.825000000000001,20171.493903416318,-3.05942726145202e-06,0.0001613836879264214,0.0001613836879264214,1.6282668248893553e-09,-0.0611885452290404
9.8375,20173.996862291424,-3.1040796978593797e-06,0.0001611831426592473,0.0001611831426592473,1.6262090913233866e-09,-0.0620815939571876
9.850000000000001,20176.30366673035,-3.1452327665504275e-06,0.0001609873958098107,0.0001609873958098107,1.624124076869351e-09,-0.06290465533100854
9.8625,20178.408789475598,-3.1827878620198846e-06,0.00016079643382788512,0.00016079643382788512,1.622014166669058e-09,-0.0636557572403977
9.875,20180.30706724183,-3.2166528719838888e-06,0.000160610219960919,0.000160610219960919,1.6198818069267115e-09,-0.06433305743967778
9.887500000000001,20181.993726818335,-3.246742643027497e-06,0.0001604286955478671,0.0001604286955478671,1.6177295002957876e-09,-0.06493485286054994
9.9,20183.464409875996,-3.2729794231700057e-06,0.00016025178136761686,0.00016025178136761686,1.6155598009725306e-09,-0.06545958846340011
9.912500000000001,20184.715196329984,-3.2952932786426015e-06,0.00016007937903386908,0.00016007937903386908,1.6133753095131619e-09,-0.06590586557285204
9.925,20185.74262610996,-3.3136224822782575e-06,0.00015991137242859677,0.00015991137242859677,1.6111786673936202e-09,-0.06627244964556515
9.9375,20186.543719201694,-3.327913871038703e-06,0.00015974762916649406,0.00015974762916649406,1.6089725513322925e-09,-0.06655827742077405
9.950000000000001,20187.115993827,-3.3381231703484844e-06,0.00015958800208314489,0.00015958800208314489,1.60675966739774e-09,-0.06676246340696969
9.9625,20187.457482642145,-3.3442152830695975e-06,0.00015943233073997354,0.00015943233073997354,1.6045427449248592e-09,-0.06688430566139195
9.975000000000001,20187.56674684274,-3.3461645411319197e-06,0.0001592804429393856,0.0001592804429393856,1.6023245302642338e-09,-0.0669232908226384
9.9875,20187.442888075002,-3.3439549180332276e-06,0.00015913215624386185,0.00015913215624386185,1.600107780390618e-09,-0.06687909836066455
10.0,20187.085558066567,-3.337580200636594e-06,0.00015898727949312493,0.00015898727949312493,1.597895256397533e-09,-0.06675160401273188
10.012500000000001,20186.494965898255,-3.327044118921637e-06,0.00015884561431385138,0.00015884561431385138,1.595689716905849e-09,-0.06654088237843274
10.025,20185.671882859813,-3.312360432586431e-06,0.0001587069566167535,0.0001587069566167535,1.5934939114149591e-09,-0.06624720865172862
10.037500000000001,20184.617644837177,-3.2935529736492873e-06,0.0001585710980761926,0.0001585710980761926,1.5913105736257111e-09,-0.06587105947298574
10.05,20183.334152201147,-3.270655644459931e-06,0.00015843782758781337,0.00015843782758781337,1.5891424147646577e-09,-0.06541311288919863
10.0625,20181.82386717839,-3.24371237079761e-06,0.00015830693270000134,0.00015830693270000134,1.5869921169393985e-09,-0.0648742474159522
10.075000000000001,20180.08980870194,-3.2127770100063136e-06,0.00015817820101525872,0.00015817820101525872,1.5848623265548212e-09,-0.06425554020012628
10.0875,20178.135544754212,-3.1779132143929623e-06,0.00015805142155787103,0.00015805142155787103,1.5827556478198965e-09,-0.06355826428785924
10.100000000000001,20175.96518223026,-3.13919425039061e-06,0.00015792638610449093,0.00015792638610449093,1.580674636374353e-09,-0.0627838850078122
10.1125,20173.583354364968,-3.096702774263439e-06,0.00015780289047450123,0.00015780289047450123,1.5786217930640397e-09,-0.061934055485268785
10.125,20170.995205783376,-3.0505305654011418e-06,0.00015768073577723137,0.00015768073577723137,1.576599557893091e-09,-0.061010611308022836
10.137500000000001,20168.206375246675,-3.0007782185153663e-06,0.00015755972961329444,0.00015755972961329444,1.5746103041801387e-09,-0.06001556437030733
10.15,20165.222976182868,-2.947554796307594e-06,0.00015743968722748303,0.00015743968722748303,1.572656332944775e-09,-0.05895109592615188
10.162500000000001,20162.05157510336,-2.890977444424402e-06,0.00015732043261081392,0.00015732043261081392,1.5707398675492658e-09,-0.05781954888848804
10.175,20158.69916802078,-2.8311709707503967e-06,0.00015720179954944517,0.00015720179954944517,1.568863048619157e-09,-0.05662341941500793
10.1875,20155.173154994336,-2.768267391309372e-06,0.00015708363261830518,0.00015708363261830518,1.567027929264908e-09,-0.05536534782618743
10.200000000000001,20151.481312943015,-2.7024054452482513e-06,0.00015696578811737536,0.00015696578811737536,1.5652364706250481e-09,-0.054048108904965024
10.2125,20147.631766874318,-2.6337300815652095e-06,0.0001568481349486547,0.0001568481349486547,1.563490537749589e-09,-0.05267460163130419
10.225000000000001,20143.632959688042,-2.562391920410846e-06,0.0001567305554319128,0.0001567305554319128,1.5617918958405453e-09,-0.051247838408216916
10.2375,20139.493620721303,-2.4885466919384986e-06,0.00015661294605740617,0.00015661294605740617,1.5601422068644493e-09,-0.04977093383876997
10.25,20135.222733208833,-2.412354655805548e-06,0.00015649521817379415,0.00015649521817379415,1.5585430265496865e-09,-0.048247093116110966
10.262500000000001,20130.829500839747,-2.3339800045305445e-06,0.0001563772986095513,0.0001563772986095513,1.5569958017793515e-09,-0.04667960009061089
10.275,20126.323313590805,-2.2535902539917934e-06,0.00015625913022622933,0.00015625913022622933,1.5555018683881514e-09,-0.04507180507983587
10.287500000000001,20121.713713028865,-2.1713556244087997e-06,0.00015614067240198184,0.00015614067240198184,1.5540624493696636e-09,-0.043427112488175997
10.3,20117.01035726795,-2.0874484151810652e-06,0.0001560219014438293,0.0001560219014438293,1.5526786534980215e-09,-0.041748968303621306
10.3125,20112.222985770917,-2.0020423769674637e-06,0.00015590281092721137,0.00015590281092721137,1.5513514743658561e-09,-0.04004084753934927
10.325000000000001,20107.361384186606,-1.9153120843738303e-06,0.0001557834119614532,0.0001557834119614532,1.5500817898380912e-09,-0.03830624168747661
10.3375,20102.435349406594,-1.8274323125783037e-06,0.00015566373337986354,0.00015566373337986354,1.5488703619189817e-09,-0.03654864625156607
10.350000000000001,20097.454655026653,-1.7385774211621233e-06,0.0001555438218532866,0.0001555438218532866,1.5477178370276177e-09,-0.03477154842324247
10.3625,20092.429017390183,-1.648920748330294e-06,0.00015542374192604888,0.00015542374192604888,1.546624746675008e-09,-0.03297841496660588
10.375,20087.368062386227,-1.5586340186019045e-06,0.0001553035759733793,0.0001553035759733793,1.5455915085338128e-09,-0.03117268037203809
10.387500000000001,20082.281293169417,-1.4678867669249617e-06,0.0001551834240795351,0.0001551834240795351,1.5446184278898379e-09,-0.029357735338499235
10.4,20077.17805895699,-1.3768457820277458e-06,0.00015506340383604248,0.00015506340383604248,1.5437056994625379e-09,-0.027536915640554917
10.412500000000001,20072.067525053295,-1.285674571657956e-06,0.00015494365005965446,0.00015494365005965446,1.5428534095800205e-09,-0.025713491433159118
10.425,20066.958644239647,-1.1945328521849055e-06,0.00015482431442984606,0.00015482431442984606,1.5420615386923987e-09,-0.02389065704369811
10.4375,20061.860129658482,-1.103576064849918e-06,0.0001547055650459052,0.0001547055650459052,1.5413299642058262e-09,-0.02207152129699836
10.450000000000001,20056.780429307426,-1.0129549207480375e-06,0.00015458758590393645,0.00015458758590393645,1.5406584636181725e-09,-0.02025909841496075
10.4625,20051.72770224873,-9.228149764116353e-07,0.0001544705762943768,0.0001544705762943768,1.5400467179360464e-09,-0.018456299528232707
10.475000000000001,20046.709796627103,-8.332962416455606e-07,0.00015435475012092321,0.00015435475012092321,1.5394943153517918e-09,-0.01666592483291121
10.4875,20041.73422957474,-7.445328210363276e-07,0.00015424033514209313,0.00015424033514209313,1.5390007551581316e-09,-0.014890656420726553
10.5,20036.80816907069,-6.566525903259765e-07,0.00015412757213697798,0.00015412757213697798,1.5385654518773474e-09,-0.01313305180651953
10.512500000000001,20031.938417807833,-5.697769086069491e-07,0.00015401671399710657,0.00015401671399710657,1.5381877395812478e-09,-0.011395538172138982
10.525,20027.131399108912,-4.840203670591368e-07,0.00015390802474670435,0.00015390802474670435,1.537866876377704e-09,-0.009680407341182735
10.537500000000001,20022.393144917787,-3.9949057471653635e-07,0.000153801778494019,0.000153801778494019,1.537602049039202e-09,-0.007989811494330727
10.55,20017.729285880712,-3.162879815201899e-07,0.00015369825831677497,0.00015369825831677497,1.537392377748695e-09,-0.006325759630403798
10.5625,20013.145043519267,-2.3450573868776428e-07,0.0001535977550852194,0.0001535977550852194,1.53723692093802e-09,-0.004690114773755286
10.575000000000001,20008.645224485073,-1.5422959621027632e-07,0.00015350056622662623,0.00015350056622662623,1.5371346801942638e-09,-0.003084591924205526
10.5875,20004.23421687233,-7.553783707458514e-08,0.00015340699443553097,0.00015340699443553097,1.537084605209734e-09,-0.001510756741491703
10.600000000000001,19999.915988555433,1.4987523928210702e-09,0.00015331734633436828,0.00015331734633436828,1.5370855987515906e-09,2.9975047856421405e-05
10.6125,19995.694087507003,7.681687685754033e-08,0.00015323193108958348,0.00015323193108958348,1.5371365216277177e-09,0.0015363375371508065
10.625,19991.571644040792,1.5036069196228962e-07,0.00015315105898867242,0.00015315105898867242,1.5372361976260712e-09,0.003007213839245792
10.637500000000001,19987.551374915252,2.22081731111354e-07,0.00015307503998397695,0.00015307503998397695,1.53738341840549e-09,0.00444163462222708
10.65,19983.635589226567,2.9193880035600953e-07,0.00015300418220941782,0.00015300418220941782,1.5375769483168242e-09,0.00583877600712019
10.662500000000001,19979.826196007023,3.5989784282324513e-07,0.00015293879047667718,0.00015293879047667718,1.5378155291341943e-09,0.007197956856464903
10.675,19976.1247134445,4.2593177425728274e-07,0.00015287916475765232,0.00015287916475765232,1.5380978846772257e-09,0.008518635485145655
10.6875,19972.532279625295,4.900202913549065e-07,0.0001528255986602767,0.0001528255986602767,1.5384227253062282e-09,0.00980040582709813
10.700000000000001,19969.049664703743,5.521496546728715e-07,0.00015277837790504998,0.00015277837790504998,1.5387887522734617e-09,0.01104299309345743
10.7125,19965.677284391673,6.123124479671711e-07,0.00015273777880982578,0.00015273777880982578,1.539194661914864e-09,0.012246248959343422
10.725000000000001,19962.415214662193,6.705073158910897e-07,0.00015270406679057205,0.00015270406679057205,1.539639149667897e-09,0.013410146317821794
10.7375,19959.263207554464,7.26738682030649e-07,0.00015267749488594414,0.00015267749488594414,1.5401209139024729e-09,0.01453477364061298
10.75,19956.220707968307,7.810164492939408e-07,0.00015265830231358748,0.00015265830231358748,1.5406386595532672e-09,0.015620328985878817
10.762500000000001,19953.286871333636,8.333556846942286e-07,0.00015264671306611626,0.00015264671306611626,1.541191101543068e-09,0.016667113693884572
10.775,19950.460582039344,8.837762905767876e-07,0.00015264293455469262,0.00015264293455469262,1.5417769679881795e-09,0.017675525811535753
10.787500000000001,19947.74047250788,9.323026643367569e-07,0.00015264715630805667,0.00015264715630805667,1.542395003178246e-09,0.01864605328673514
10.8,19945.124942800183,9.78963348660268e-07,0.00015265954873472967,0.00015265954873472967,1.5430439703242186e-09,0.01957926697320536
10.8125,19942.612180640586,1.0237906742951513e-06,0.00015268026195592896,0.00015268026195592896,1.543722654069509e-09,0.020475813485903025
10.825000000000001,19940.200181748587,1.0668203973203793e-06,0.00015270942471649516,0.00015270942471649516,1.5444298627606839e-09,0.021336407946407586
10.8375,19937.886770372963,1.1080913328375853e-06,0.00015274714338083868,0.00015274714338083868,1.5451644304753308e-09,0.022161826656751704
10.850000000000001,19935.669619919983,1.147644986952386e-06,0.00015279350102056347,0.00015279350102056347,1.5459252188059578e-09,0.02295289973904772
10.8625,19933.54627357744,1.1855251888508272e-06,0.0001528485566000245,0.0001528485566000245,1.5467111183999928e-09,0.023710503777016546
10.875,19931.514164835717,1.2217777247064003e-06,0.0001529123442656212,0.0001529123442656212,1.5475210502570951e-09,0.024435554494128004
10.887500000000001,19929.570637813133,1.2564499750775135e-06,0.00015298487274412444,0.00015298487274412444,1.5483539667860942e-09,0.02512899950155027
10.9,19927.71296729696,1.289590557374772e-06,0.00015306612485478462,0.00015306612485478462,1.5492088526249134e-09,0.025791811147495437
10.912500000000001,19925.938378417348,1.3212489748929135e-06,0.0001531560571393715,0.0001531560571393715,1.5500847252278346e-09,0.02642497949785827
10.925,19924.244065872892,1.3514752738140957e-06,0.00015325459961366113,0.00015325459961366113,1.5509806352253846e-09,0.027029505476281915
10.9375,19922.627212637042,1.3803197094994409e-06,0.00015336165564321257,0.00015336165564321257,1.5518956665630024e-09,0.027606394189988816
10.950000000000001,19921.085008074268,1.4078324232936334e-06,0.0001534771019455718,0.0001534771019455718,1.5528289364254574e-09,0.028156648465872666
10.9625,19919.614665403806,1.4340631309749237e-06,0.00015360078872030938,0.00015360078872030938,1.5537795949547343e-09,0.028681262619498476
10.975000000000001,19918.213438452385,1.4590608238900605e-06,0.00015373253990754335,0.00015373253990754335,1.5547468247697996e-09,0.02918121647780121
10.9875,19916.87863764294,1.4828734837213088e-06,0.0001538721535748298,0.0001538721535748298,1.555729840297282e-09,0.029657469674426177
11.0,19915.607645170392,1.505547811741317e-06,0.00015401940243152154,0.00015401940243152154,1.5567278869226722e-09,0.03011095623482634
11.012500000000001,19914.39792932372,1.527128973322055e-06,0.00015417403446890994,0.00015417403446890994,1.5577402399721557e-09,0.030542579466441098
11.025,19913.247057914,1.547660358375826e-06,0.0001543357737236813,0.0001543357737236813,1.558766203535638e-09,0.030953207167516518
11.037500000000001,19912.152710776187,1.5671833583209672e-06,0.00015450432116144097,0.00015450432116144097,1.5598051091419175e-09,0.03134366716641934
11.05,19911.11269131653,1.585737160081861e-06,0.00015467935567629694,0.00015467935567629694,1.5608563142972988e-09,0.03171474320163722
11.0625,19910.124937080913,1.6033585575526736e-06,0.00015486053520175067,0.00015486053520175067,1.561919200899223e-09,0.032067171151053474
11.075000000000001,19909.18752932432,1.6200817808771017e-06,0.0001550474979274267,0.0001550474979274267,1.5629931735367245e-09,0.032401635617542036
11.0875,19908.2987015661,1.6359383438223484e-06,0.00015523986361548698,0.00015523986361548698,1.5640776576897118e-09,0.03271876687644697
11.100000000000001,19907.456847119465,1.6509569094547165e-06,0.0001554372350099292,0.0001554372350099292,1.5651720978392013e-09,0.033019138189094334
11.1125,19906.660525587602,1.6651631742566027e-06,0.00015563919933136422,0.00015563919933136422,1.5662759555007317e-09,0.03330326348513205
11.125,19905.90846832049,1.6785797707598476e-06,0.0001558453298493112,0.0001558453298493112,1.5673887071932318e-09,0.033571595415196956
11.137500000000001,19905.199582835343,1.6912261887095526e-06,0.00015605518752354676,0.00015605518752354676,1.5685098423556287e-09,0.033824523774191054
11.15,19904.532956198575,1.7031187147132163e-06,0.00015626832270559796,0.00015626832270559796,1.569638861223447e-09,0.03406237429426433
11.162500000000001,19903.907857378304,1.7142703902749808e-06,0.00015648427689108347,0.00015648427689108347,1.5707752726775882e-09,0.034285407805499615
11.175,19903.323738575098,1.7246909880614864e-06,0.00015670258451328778,0.00015670258451328778,1.5719185920773785e-09,0.03449381976122973
11.1875,19902.78023554167,1.734387006195281e-06,0.00015692277476809727,0.00015692277476809727,1.573068339089831e-09,0.034687740123905624
11.200000000000001,19902.277166906002,1.743361680323314e-06,0.00015714437346024275,0.00015714437346024275,1.5742240355269098e-09,0.03486723360646628
11.2125,19901.81453251608,1.751615013162102e-06,0.0001573669048606779,0.0001573669048606779,1.5753852032023801e-09,0.03503230026324204
11.225000000000001,19901.39251082247,1.7591438211761298e-06,0.00015758989356487904,0.00015758989356487904,1.5765513618196015e-09,0.035182876423522594
11.2375,19901.011455323525,1.765941798003752e-06,0.0001578128663418796,0.0001578128663418796,1.5777220269013663e-09,0.03531883596007504
11.25,19900.671890095284,1.7719995942029611e-06,0.0001580353539639515,0.0001580353539639515,1.5788967077726045e-09,0.03543999188405922
11.262500000000001,19900.37450443266,1.7773049128493978e-06,0.0001582568930070135,0.0001582568930070135,1.5800749056064594e-09,0.03554609825698796
11.275,19900.12014663051,1.7818426204795107e-06,0.00015847702761208457,0.00015847702761208457,1.581256111543911e-09,0.03563685240959021
11.287500000000001,19899.909816935513,1.7855948728335593e-06,0.00015869531119840264,0.00015869531119840264,1.5824398048967538e-09,0.035711897456671186
11.3,19899.74465970051,1.7885412548152972e-06,0.00015891130811919595,0.00015891130811919595,1.5836254514433587e-09,0.03577082509630594
11.3125,19899.625954777424,1.7906589340481737e-06,0.00015912459525151932,0.00015912459525151932,1.5848125018262254e-09,0.035813178680963474
11.325000000000001,19899.555108183962,1.7919228273711466e-06,0.00015933476351205107,0.00015933476351205107,1.5860003900599102e-09,0.03583845654742293
11.3375,19899.533642084654,1.7923057795812428e-06,0.00015954141929127918,0.00015954141929127918,1.587188532157443e-09,0.03584611559162486
11.350000000000001,19899.563184126044,1.7917787536940637e-06,0.0001597441857990857,0.0001597441857990857,1.588376324882871e-09,0.03583557507388128
11.3625,19899.645456168433,1.7903110319582083e-06,0.00015994270431536197,0.00015994270431536197,1.589563144637056e-09,0.035806220639164166
11.375,19899.78226246101,1.7878704268247788e-06,0.00016013663533994487,0.00016013663533994487,1.5907483464833285e-09,0.035757408536495575
11.387500000000001,19899.97547730403,1.784423501038644e-06,0.00016032565963685483,0.00016032565963685483,1.5919312633190406e-09,0.03568847002077288
11.4,19900.227032249186,1.7799357959846248e-06,0.00016050947916852946,0.00016050947916852946,1.5931112051984944e-09,0.0355987159196925
11.412500000000001,19900.538902887987,1.7743720673889225e-06,0.00016068781791648174,0.00016068781791648174,1.5942874588121181e-09,0.035487441347778446
11.425,19900.91309527921,1.7676965274439194e-06,0.0001608604225855564,0.0001608604225855564,1.5954592871261513e-09,0.035353930548878386
11.4375,19901.351632070633,1.759873092393965e-06,0.0001610270631897116,0.0001610270631897116,1.596625929186457e-09,0.0351974618478793
11.450000000000001,19901.856538370565,1.7508656345903077e-06,0.00016118753351800687,0.00016118753351800687,1.5977866000894245e-09,0.035017312691806156
11.4625,19902.42982742565,1.7406382379955166e-06,0.00016134165148022677,0.00016134165148022677,1.5989404911222487e-09,0.03481276475991033
11.475000000000001,19903.073486163907,1.729155456091939e-06,0.00016148925933230778,0.00016148925933230778,1.6000867700741814e-09,0.034583109121838776
11.4875,19903.789460662883,1.716382571125089e-06,0.00016163022378245693,0.00016163022378245693,1.6012245817196373e-09,0.03432765142250178
11.5,19904.57964160486,1.702285853591935e-06,0.00016176443597955157,0.00016176443597955157,1.602353048473318e-09,0.0340457170718387
11.512500000000001,19905.445849778982,1.6868328208653622e-06,0.00016189181138608245,0.00016189181138608245,1.6034712712167822e-09,0.03373665641730725
11.525,19906.38982169626,1.669992493831523e-06,0.0001620122895385455,0.0001620122895385455,1.6045783302951437e-09,0.03339984987663046
11.537500000000001,19907.413195378864,1.6517356504047517e-06,0.0001621258336987947,0.0001621258336987947,1.6056732866818269e-09,0.03303471300809503
11.55,19908.51749638864,1.6320350747771535e-06,0.00016223243040043773,0.00016223243040043773,1.6067551833085543e-09,0.03264070149554307
11.5625,19909.704124158594,1.610865801256256e-06,0.00016233208889488142,0.00016233208889488142,1.607823046556976e-09,0.03221731602512512
11.575000000000001,19910.974338692948,1.5882053515450847e-06,0.0001624248405021171,0.0001624248405021171,1.6088758879075956e-09,0.03176410703090169
11.5875,19912.329247697544,1.564033964324469e-06,0.00016251073787176926,0.00016251073787176926,1.6099127057408892e-09,0.03128067928648938
11.600000000000001,19913.76979420596,1.5383348160081155e-06,0.00016258985416031554,0.00016258985416031554,1.6109324872847654e-09,0.03076669632016231
11.6125,19915.29674476227,1.511094231556915e-06,0.00016266228213072302,0.00016266228213072302,1.6119342107017771e-09,0.0302218846311383
11.625,19916.91067822255,1.4823018842604207e-06,0.00016272813318102638,0.00016272813318102638,1.6129168473087704e-09,0.029646037685208414
11.637500000000001,19918.6119752342,1.4519509834204909e-06,0.0001627875363086073,0.0001627875363086073,1.6138793639209522e-09,0.029039019668409816
11.65,19920.40080845173,1.4200384489053585e-06,0.00016284063701711436,0.00016284063701711436,1.614820725311671e-09,0.028400768978107168
11.662500000000001,19922.27713354378,1.3865650715811356e-06,0.00016288759617309113,0.00016288759617309113,1.6157398967785505e-09,0.02773130143162271
11.675,19924.240681044885,1.351535658673e-06,0.0001629285888194602,0.0001629285888194602,1.6166358468059846e-09,0.027030713173459998
11.6875,19926.290949102564,1.314959163159429e-06,0.0001629638029530413,0.0001629638029530413,1.6175075498134097e-09,0.026299183263188582
11.700000000000001,19928.427197166217,1.2768487963599805e-06,0.00016299343827326518,0.00016299343827326518,1.6183539889782122e-09,0.02553697592719961
11.7125,19930.648440661604,1.2372221229402857e-06,0.00016301770490918362,0.00016301770490918362,1.619174159121617e-09,0.024744442458805714
11.725000000000001,19932.95344669084,1.1961011376270285e-06,0.0001630368221317736,0.0001630368221317736,1.6199670696454304e-09,0.02392202275254057
11.7375,19935.340730792897,1.1535123230001797e-06,0.00016305101705838844,0.00016305101705838844,1.6207317475070952e-09,0.023070246460003593
11.75,19937.808554795254,1.1094866878098436e-06,0.00016306052335603071,0.00016306052335603071,1.6214672402201451e-09,0.022189733756196872
11.762500000000001,19940.35492578468,1.0640597853505044e-06,0.00016306557994990665,0.00016306557994990665,1.6221726188668412e-09,0.02128119570701009
11.775,19942.977596216035,1.0172717115150409e-06,0.00016306642974347696,0.00016306642974347696,1.6228469811095176e-09,0.02034543423030082
11.787500000000001,19945.67406517601,9.69167082245429e-07,0.00016306331835594886,0.00016306331835594886,1.6234894541869788e-09,0.01938334164490858
11.8,19948.44158081276,9.197949901952748e-07,0.00016305649288285624,0.00016305649288285624,1.624099197882168e-09,0.018395899803905495
11.8125,19951.277143934833,8.692089405208576e-07,0.000163046200685061,0.000163046200685061,1.6246754074472715e-09,0.017384178810417154
11.825000000000001,19954.17751277909,8.174667658219369e-07,0.00016303268821117332,0.00016303268821117332,1.6252173164724347e-09,0.01634933531643874
11.8375,19957.139208940473,7.646305203603282e-07,0.00016301619985804376,0.00016301619985804376,1.6257241996843557e-09,0.015292610407206563
11.850000000000001,19960.15852444943,7.107663537925925e-07,0.00016299697687362043,0.00016299697687362043,1.6261953756611737e-09,0.01421532707585185
11.8625,19963.231529979104,6.559443647626235e-07,0.00016297525630610225,0.00016297525630610225,1.6266302094503032e-09,0.01311888729525247
11.875,19966.354084155046,6.002384348094201e-07,0.00016295127000294767,0.00016295127000294767,1.627028115076162e-09,0.012004768696188401
11.887500000000001,19969.521843937513,5.437260431546949e-07,0.0001629252436629305,0.0001629252436629305,1.6273885579251205e-09,0.010874520863093899
11.9,19972.730276037473,4.86488063042824e-07,0.00016289739594406327,0.00016289739594406327,1.627711056995443e-09,0.00972976126085648
11.912500000000001,19975.974669322764,4.286085404117189e-07,0.0001628679376298447,0.0001628679376298447,1.627995187000505e-09,0.008572170808234377
11.925,19979.250148165804,3.7017445577671905e-07,0.00016283707085592764,0.00016283707085592764,1.6282405803141628e-09,0.007403489115534381
11.9375,19982.551686676787,3.1127547030937534e-07,0.00016280498839895313,0.00016280498839895313,1.6284469287477936e-09,0.006225509406187507
11.950000000000001,19985.87412376257,2.520036571888897e-07,0.00016277187302895477,0.00016277187302895477,1.6286139851492456e-09,0.0050400731437777934
11.9625,19989.212178945665,1.924532193948047e-07,0.00016273789692640797,0.00016273789692640797,1.6287415648147098e-09,0.003849064387896094
11.975000000000001,19992.560468873133,1.3272019519478923e-07,0.00016270322116468112,0.00016270322116468112,1.628829546705356e-09,0.0026544039038957847
11.9875,19995.91352443955,7.290215266012754e-08,0.0001626679952583432,0.0001626679952583432,1.6288778744614583e-09,0.0014580430532025509
12.0,19999.26580844786,1.3097874613976274e-08,0.00016263235677749352,0.00016263235677749352,1.6288865572076696e-09,0.00026195749227952547
