t_adimensional,p_outlet_Pa,q_outlet_m3s,w_centro_m,w_max_m,volume_acumulado_m3,potencia_W
0.0,9989.550713909879,7.161272657302951e-07,1.218665911187085e-08,1.2186659111870865e-08,2.3736489646428393e-13,0.007161272657302951
0.00625,9979.200281572701,1.4254797270987022e-06,3.653973851782965e-08,3.6539738517829686e-08,7.098491377808971e-13,0.014254797270987022
0.0125,9968.973593784962,2.126351528088898e-06,7.303916300246134e-08,7.30391630024614e-08,1.4146417556081021e-12,0.02126351528088898
0.018750000000000003,9958.885816108626,2.8177033181935183e-06,1.216650393516168e-07,1.2166503935161688e-07,2.3485872823267614e-12,0.028177033181935183
0.025,9948.944543062215,3.49901461748972e-06,1.82397665503595e-07,1.8239766550359515e-07,3.5083577339663718e-12,0.0349901461748972
0.03125,9939.152249610812,4.17011580779945e-06,2.5521753344905793e-07,2.552175334490582e-07,4.890568905542095e-12,0.0417011580779945
0.037500000000000006,9929.508476889036,4.831038336894611e-06,3.4010532855003523e-07,3.4010532855003555e-07,6.4918470156313265e-12,0.04831038336894611
0.043750000000000004,9920.011465360669,5.4819027919668894e-06,4.370419272726124e-07,4.370419272726129e-07,8.30885825219629e-12,0.054819027919668896
0.05,9910.659180791985,6.122848586458833e-06,5.460083945859217e-07,5.460083945859221e-07,1.033831501266356e-11,0.061228485864588324
0.05625,9901.449826882978,6.753998827316729e-06,6.669859816530207e-07,6.669859816530211e-07,1.2576970499033083e-11,0.06753998827316729
0.0625,9892.38200191706,7.37544957923953e-06,7.999561240045839e-07,7.999561240045842e-07,1.5021609754554838e-11,0.0737544957923953
0.06875,9883.454656536362,7.987272758486428e-06,9.449004401435896e-07,9.449004401435902e-07,1.7669041659576244e-11,0.07987272758486427
0.07500000000000001,9874.666974240758,8.589524322755312e-06,1.1018007304349536e-06,1.1018007304349545e-06,2.051609364197643e-11,0.08589524322755311
0.08125,9866.018250148834,9.182252580110886e-06,1.2706389761320203e-06,1.2706389761320214e-06,2.3559609141647094e-11,0.09182252580110886
0.08750000000000001,9857.507803022563,9.765504218257215e-06,1.451397338432511e-06,1.4513973384325122e-06,2.679644707341374e-11,0.09765504218257215
0.09375,9849.134927623934,1.0339327569686759e-05,1.6440581575057776e-06,1.6440581575057793e-06,3.022348237221118e-11,0.10339327569686758
0.1,9840.898879620954,1.0903773646154278e-05,1.8486039514729773e-06,1.848603951472979e-06,3.383760688114189e-11,0.10903773646154277
0.10625000000000001,9832.798880412693,1.1458895808013656e-05,2.065017415346073e-06,2.0650174153460747e-06,3.763573012993403e-11,0.11458895808013655
0.1125,9824.834130358167,1.2004748857564433e-05,2.2932814199418305e-06,2.293281419941832e-06,4.1614779812883376e-11,0.12004748857564433
0.11875000000000001,9817.003822507628,1.2541388097910556e-05,2.533379010787582e-06,2.533379010787583e-06,4.5771701954848134e-11,0.12541388097910555
0.125,9809.307152782249,1.3068868635557826e-05,2.785293407031167e-06,2.785293407031169e-06,5.0103460846085225e-11,0.13068868635557826
0.13125,9801.743325482435,1.3587245002586494e-05,3.0490080003617853e-06,3.0490080003617866e-06,5.460703885185332e-11,0.13587245002586493
0.1375,9794.311554806933,1.409657105286928e-05,3.3245063539435906e-06,3.324506353943592e-06,5.927943618761668e-11,0.1409657105286928
0.14375000000000002,9787.011063773447,1.4596900035727998e-05,3.6117722013607184e-06,3.6117722013607197e-06,6.411767071866298e-11,0.14596900035727997
0.15000000000000002,9779.841082010948,1.50882847475276e-05,3.910789445571028e-06,3.91078944557103e-06,6.911877780996781e-11,0.150882847475276
0.15625,9772.80084352097,1.5570777684889215e-05,4.2215421578658435e-06,4.221542157865844e-06,7.427981022684281e-11,0.15570777684889214
0.1625,9765.88958506508,1.6044431155286543e-05,4.544014576833698e-06,4.5440145768336985e-06,7.959783807224148e-11,0.16044431155286543
0.16875,9759.106545384308,1.6509297330558158e-05,4.878191107327151e-06,4.878191107327152e-06,8.506994874180209e-11,0.1650929733055816
0.17500000000000002,9752.450965147224,1.696542825040133e-05,5.224056319432604e-06,5.2240563194326044e-06,9.069324688004862e-11,0.1696542825040133
0.18125000000000002,9745.922087359872,1.741287579437486e-05,5.581594947443596e-06,5.581594947443596e-06,9.646485432731185e-11,0.1741287579437486
0.1875,9739.519157926872,1.785169164332644e-05,5.950791888838294e-06,5.950791888838296e-06,1.023819100538653e-10,0.1785169164332644
0.19375,9733.241426123792,1.8281927247122387e-05,6.331632203261727e-06,6.3316322032617295e-06,1.0844157008336499e-10,0.18281927247122387
0.2,9727.088144834792,1.8703633808320047e-05,6.724101111513052e-06,6.724101111513056e-06,1.1464100741087736e-10,0.18703633808320047
0.20625000000000002,9721.058570526455,1.9116862283915916e-05,7.128183994537836e-06,7.128183994537842e-06,1.2097741192148656e-10,0.19116862283915917
0.21250000000000002,9715.15196301231,1.952166340157726e-05,7.543866392425042e-06,7.543866392425046e-06,1.274479903142818e-10,0.19521663401577258
0.21875,9709.367585099748,1.9918087683767007e-05,7.971134003408286e-06,7.971134003408293e-06,1.340499660343411e-10,0.19918087683767008
0.225,9703.704702224068,2.030618547284149e-05,8.409972682870951e-06,8.409972682870956e-06,1.4078057921303391e-10,0.2030618547284149
0.23125,9698.162582146457,2.0686006951794007e-05,8.860368442354722e-06,8.860368442354725e-06,1.4763708661519904e-10,0.20686006951794006
0.23750000000000002,9692.740494755239,2.1057602157814915e-05,9.322307448571369e-06,9.32230744857137e-06,1.5461676159081752e-10,0.21057602157814914
0.24375000000000002,9687.437711977871,2.1421020988302005e-05,9.795776022417616e-06,9.79577602241762e-06,1.6171689402867738e-10,0.21421020988302006
0.25,9682.25350778406,2.177631320075151e-05,1.0280760637993123e-05,1.0280760637993124e-05,1.6893479031000247e-10,0.2177631320075151
0.25625000000000003,9677.187158242044,2.2123528408838733e-05,1.0777247921621636e-05,1.0777247921621638e-05,1.7626777326078206e-10,0.22123528408838733
0.2625,9672.237941596533,2.246271607703155e-05,1.1285224650875416e-05,1.1285224650875418e-05,1.8371318210231507e-10,0.2246271607703155
0.26875,9667.405138343347,2.2793925515544466e-05,1.1804677753603009e-05,1.1804677753603012e-05,1.912683724000819e-10,0.22793925515544466
0.275,9662.688031282976,2.311720587666692e-05,1.233559430696044e-05,1.2335594306960443e-05,1.989307160113991e-10,0.2311720587666692
0.28125,9658.085905548687,2.3432606152771695e-05,1.2877961536445862e-05,1.287796153644587e-05,2.06697601032414e-10,0.23432606152771696
0.28750000000000003,9653.598048615251,2.374017517579907e-05,1.3431766814937669e-05,1.3431766814937674e-05,2.145664317449284e-10,0.23740175175799072
0.29375,9649.223750290677,2.4039961617772008e-05,1.3996997661736028e-05,1.3996997661736037e-05,2.225346285633929e-10,0.24039961617772007
0.30000000000000004,9644.962302700167,2.4332013991887737e-05,1.4573641741607882e-05,1.4573641741607889e-05,2.3059962798226313e-10,0.24332013991887738
0.30625,9640.813000267193,2.461638065386067e-05,1.5161686863835312e-05,1.5161686863835314e-05,2.3875888252380103e-10,0.2461638065386067
0.3125,9636.775139691797,2.4893109803364125e-05,1.576112098126729e-05,1.5761120981267295e-05,2.470098606863542e-10,0.24893109803364125
0.31875000000000003,9632.848019928944,2.5162249485559464e-05,1.6371932189374777e-05,1.637193218937478e-05,2.553500468931418e-10,0.2516224948555946
0.325,9629.030942163208,2.5423847592772902e-05,1.6994108725309128e-05,1.699410872530913e-05,2.637769414415963e-10,0.254238475927729
0.33125000000000004,9625.323209782047,2.5677951866380667e-05,1.7627638966963757e-05,1.7627638966963757e-05,2.722880604533305e-10,0.25677951866380666
0.3375,9621.724128344746,2.5924609898912428e-05,1.8272511432039074e-05,1.8272511432039077e-05,2.808809358248009e-10,0.25924609898912426
0.34375,9618.233005549397,2.616386913631438e-05,1.8928714777110573e-05,1.892871477711058e-05,2.8955311517872216e-10,0.2616386913631438
0.35000000000000003,9614.849151199078,2.6395776880255273e-05,1.95962377967001e-05,1.9596237796700107e-05,2.983021618162451e-10,0.26395776880255273
0.35625,9611.571877170505,2.6620380290330763e-05,2.027506942235022e-05,2.0275069422350225e-05,3.071256546698659e-10,0.26620380290330764
0.36250000000000004,9608.40049738419,2.6837726386029743e-05,2.0965198721701655e-05,2.0965198721701658e-05,3.1602118825698656e-10,0.2683772638602974
0.36875,9605.334327781437,2.7047862048365424e-05,2.1666614897573762e-05,2.1666614897573765e-05,3.249863726340166e-10,0.27047862048365423
0.375,9602.372686305616,2.7250834021131656e-05,2.2379307287048038e-05,2.2379307287048038e-05,3.3401883335089063e-10,0.27250834021131654
0.38125000000000003,9599.51489288937,2.7446688911807284e-05,2.3103265360554604e-05,2.3103265360554604e-05,3.431162114058859e-10,0.2744668891180728
0.3875,9596.760269444892,2.763547319218414e-05,2.3838478720961704e-05,2.3838478720961704e-05,3.52276163200648e-10,0.2763547319218414
0.39375000000000004,9594.10813985787,2.7817233198830995e-05,2.4584937102668146e-05,2.4584937102668146e-05,3.614963604953703e-10,0.27817233198830993
0.4,9591.55782998043,2.799201513352094e-05,2.534263037069874e-05,2.534263037069874e-05,3.707744903641152e-10,0.2799201513352094
0.40625,9589.108667624172,2.8159865063746347e-05,2.611154851980267e-05,2.611154851980267e-05,3.801082551503057e-10,0.2815986506374635
0.41250000000000003,9586.759982549886,2.832082892342533e-05,2.689168167355483e-05,2.689168167355483e-05,3.8949537242245173e-10,0.2832082892342533
0.41875,9584.511106453101,2.847495251387477e-05,2.768302008346003e-05,2.768302008346003e-05,3.989335749301982e-10,0.2847495251387477
0.42500000000000004,9582.361372945456,2.8622281505090558e-05,2.848555412806017e-05,2.848555412806017e-05,4.084206105607981e-10,0.2862228150509056
0.43125,9580.310117531537,2.8762861437342842e-05,2.9299274312044205e-05,2.9299274312044205e-05,4.179542422961141e-10,0.2876286143734284
0.4375,9578.356677581036,2.889673772306451e-05,3.012417126536103e-05,3.012417126536103e-05,4.27532248170246e-10,0.2889673772306451
0.44375000000000003,9576.500392298221,2.902395564898877e-05,3.096023574233503e-05,3.096023574233503e-05,4.371524212278667e-10,0.2902395564898877
0.45,9574.740602687112,2.914456037847675e-05,3.180745862078448e-05,3.180745862078448e-05,4.4681256948333e-10,0.29144560378476747
0.45625000000000004,9573.076651516221,2.925859695396906e-05,3.266583090114256e-05,3.266583090114256e-05,4.5651051588059045e-10,0.2925859695396906
0.4625,9571.50788328199,2.9366110299495452e-05,3.353534370558101e-05,3.353534370558101e-05,4.662440982539554e-10,0.2936611029949545
0.46875,9570.033644171937,2.9467145223183506e-05,3.441598827713634e-05,3.441598827713634e-05,4.760111692896688e-10,0.29467145223183505
0.47500000000000003,9568.653282028807,2.956174641971802e-05,3.530775597883851e-05,3.530775597883851e-05,4.858095964883093e-10,0.2956174641971802
0.48125,9567.366146316197,2.9649958472716935e-05,3.621063829284195e-05,3.621063829284195e-05,4.95637262127977e-10,0.29649958472716936
0.48750000000000004,9566.1715880847,2.973182585700425e-05,3.712462681955878e-05,3.712462681955878e-05,5.054920632282326e-10,0.2973182585700425
0.49375,9565.068959941222,2.9807392940773945e-05,3.804971327679404e-05,3.804971327679404e-05,5.153719115147544e-10,0.29807392940773947
0.5,9564.057616018483,2.9876703987650184e-05,3.898588949888248e-05,3.898588949888248e-05,5.252747333846782e-10,0.2987670398765018
0.50625,9563.136911945892,2.9939803158656365e-05,3.993314743582662e-05,3.993314743582662e-05,5.351984698725889e-10,0.29939803158656364
0.5125000000000001,9562.306204822773,2.999673451410908e-05,4.089147915243508e-05,4.089147915243508e-05,5.451410766171416e-10,0.2999673451410908
0.51875,9561.564853190732,3.0047542015452247e-05,4.1860876827460135e-05,4.1860876827460135e-05,5.551005238282888e-10,0.3004754201545225
0.525,9560.912217008392,3.0092269527042895e-05,4.284133275273264e-05,4.284133275273264e-05,5.650747962551006e-10,0.300922695270429
0.53125,9560.347657625256,3.0130960817894113e-05,4.383283933229151e-05,4.383283933229151e-05,5.750618931541627e-10,0.30130960817894115
0.5375,9559.870537757417,3.0163659563374222e-05,4.48353890815035e-05,4.48353890815035e-05,5.850598282585367e-10,0.30163659563374223
0.5437500000000001,9559.480221463247,3.019040934685497e-05,4.584897462616699e-05,4.584897462616699e-05,5.950666297472673e-10,0.3019040934685497
0.55,9559.176074120482,3.0211253661298068e-05,4.687358870159009e-05,4.687358870159009e-05,6.050803402154161e-10,0.30211253661298065
0.55625,9558.957462403601,3.0226235910767512e-05,4.790922415162893e-05,4.790922415162893e-05,6.150990166445949e-10,0.3022623591076751
0.5625,9558.823754263958,3.023539941185744e-05,4.8955873927665174e-05,4.8955873927665174e-05,6.251207303739738e-10,0.3023539941185744
0.56875,9558.774318909147,3.023878739502903e-05,5.001353108749234e-05,5.001353108749234e-05,6.351435670717316e-10,0.3023878739502903
0.5750000000000001,9558.808526785806,3.0236443005857556e-05,5.108218879406661e-05,5.108218879406661e-05,6.451656267069203e-10,0.30236443005857555
0.58125,9558.92574956196,3.022840930619797e-05,5.2161840314058894e-05,5.2161840314058894e-05,6.551850235217149e-10,0.3022840930619797
0.5875,9559.125360110995,3.021472927528629e-05,5.325247901611775e-05,5.325247901611775e-05,6.651998860040293e-10,0.3021472927528629
0.59375,9559.406732496736,3.019544581080123e-05,5.435409836871602e-05,5.435409836871602e-05,6.752083568604833e-10,0.3019544581080123
0.6000000000000001,9559.769241957381,3.0170601729916193e-05,5.5466691937403113e-05,5.5466691937403113e-05,6.852085929897187e-10,0.3017060172991619
0.6062500000000001,9560.212264890266,3.0140239770375412e-05,5.659025338121607e-05,5.659025338121607e-05,6.951987654560723e-10,0.3014023977037541
0.6125,9560.735178835008,3.010440259162782e-05,5.772477644791012e-05,5.772477644791012e-05,7.051770594636238e-10,0.3010440259162782
0.61875,9561.337362455954,3.0063132776050568e-05,5.8870254967546056e-05,5.8870254967546056e-05,7.151416743306505e-10,0.30063132776050566
0.625,9562.018195522425,3.0016472830288576e-05,6.00266828438099e-05,6.00266828438099e-05,7.25090823464525e-10,0.30016472830288576
0.6312500000000001,9562.777058887295,2.9964465186730123e-05,6.119405404222792e-05,6.119405404222792e-05,7.350227343371024e-10,0.2996446518673012
0.6375000000000001,9563.613334463122,2.9907152205129722e-05,6.237236257416651e-05,6.237236257416651e-05,7.449356484606456e-10,0.2990715220512972
0.64375,9564.52640519665,2.984457617438103e-05,6.356160247515574e-05,6.356160247515574e-05,7.548278213643377e-10,0.2984457617438103
0.65,9565.515655040408,2.977677931443395e-05,6.47617677756317e-05,6.47617677756317e-05,7.646975225714306e-10,0.2977677931443395
0.65625,9566.580468923159,2.9703803778341977e-05,6.597285246163642e-05,6.597285246163642e-05,7.745430355770714e-10,0.29703803778341975
0.6625000000000001,9567.7202327182,2.9625691654420032e-05,6.719485042232466e-05,6.719485042232466e-05,7.843626578268443e-10,0.29625691654420033
0.6687500000000001,9568.934333210778,2.954248496848762e-05,6.842775538028209e-05,6.842775538028209e-05,7.941547006960564e-10,0.2954248496848762
0.675,9570.222158064562,2.9454225686169913e-05,6.967156079963568e-05,6.967156079963568e-05,8.03917489469786e-10,0.29454225686169916
0.68125,9571.583095787231,2.9360955715228057e-05,7.092625976571188e-05,7.092625976571188e-05,8.136493633237027e-10,0.29360955715228054
0.6875,9573.016535697041,2.926271690789067e-05,7.219184482855141e-05,7.219184482855141e-05,8.233486753056614e-10,0.2926271690789067
0.6937500000000001,9574.521867888809,2.91595510631609e-05,7.346830780090264e-05,7.346830780090264e-05,8.330137923180598e-10,0.291595510631609
0.7000000000000001,9576.098483201022,2.9051499929076466e-05,7.475563949937817e-05,7.475563949937817e-05,8.42643095100946e-10,0.29051499929076463
0.70625,9577.745773183724,2.8938605204904325e-05,7.605382941526965e-05,7.605382941526965e-05,8.522349782158529e-10,0.2893860520490433
0.7125,9579.463130067801,2.8820908543256492e-05,7.736286529908203e-05,7.736286529908203e-05,8.617878500303345e-10,0.2882090854325649
0.71875,9581.249946735126,2.869845155211817e-05,7.868273264019854e-05,7.868273264019854e-05,8.713001327031734e-10,0.2869845155211817
0.7250000000000001,9583.10561669086,2.857127579678457e-05,8.001341402026236e-05,8.001341402026236e-05,8.807702621702317e-10,0.28571275796784573
0.7312500000000001,9585.02953403575,2.843942280170745e-05,8.135488831593253e-05,8.135488831593253e-05,8.901966881309123e-10,0.2843942280170745
0.7375,9587.021093440908,2.8302934052257074e-05,8.270712972372953e-05,8.270712972372953e-05,8.995778740352061e-10,0.2830293405225707
0.74375,9589.079690123153,2.8161850996409144e-05,8.40701065768576e-05,8.40701065768576e-05,9.089122970712963e-10,0.28161850996409143
0.75,9591.204719821239,2.8016215046369943e-05,8.544377992132688e-05,8.544377992132688e-05,9.181984481537036e-10,0.2801621504636994
0.7562500000000001,9593.395578772697,2.786606758015567e-05,8.682810181658899e-05,8.682810181658899e-05,9.274348319119524e-10,0.27866067580155673
0.7625000000000001,9595.651663691255,2.7711449943144378e-05,8.822301332445893e-05,8.822301332445893e-05,9.366199666797534e-10,0.2771144994314438
0.76875,9597.972371744654,2.755240344961988e-05,8.962844214956806e-05,8.962844214956806e-05,9.457523844846974e-10,0.2755240344961988
0.775,9600.357100531219,2.7388969384328017e-05,9.10442998952453e-05,9.10442998952453e-05,9.548306310384643e-10,0.27388969384328016
0.78125,9602.805248057377,2.722118900406485e-05,9.247047890082941e-05,9.247047890082941e-05,9.638532657275588e-10,0.2722118900406485
0.7875000000000001,9605.316212713413,2.7049103539315378e-05,9.390684863025613e-05,9.390684863025613e-05,9.728188616045902e-10,0.2704910353931538
0.7937500000000001,9607.889393248599,2.6872754195959038e-05,9.535325158760046e-05,9.535325158760046e-05,9.817260053801161e-10,0.26872754195959037
0.8,9610.524188745236,2.66921821570554e-05,9.68094987433181e-05,9.68094987433181e-05,9.905732974150788e-10,0.266921821570554
0.80625,9613.219998591208,2.650742858471969e-05,9.827536446540205e-05,9.827536446540205e-05,9.993593517138632e-10,0.2650742858471969
0.8125,9615.976222451061,2.631853462209375e-05,9.975058096265428e-05,9.975058096265428e-05,1.008082795918008e-09,0.26318534622093753
0.8187500000000001,9618.792260236403,2.6125541395413677e-05,0.00010123483226278266,0.00010123483226278266,1.0167422713006019e-09,0.26125541395413676
0.8250000000000001,9621.667512073773,2.5928490016170747e-05,0.0001027277477659639,0.0001027277477659639,1.0253364327613966e-09,0.25928490016170747
0.83125,9624.60137827203,2.572742158335813e-05,0.0001042288954346296,0.0001042288954346296,1.0338639488226643e-09,0.2572742158335813
0.8375,9627.5932592885,2.5522377185792237e-05,0.00010573777470214707,0.00010573777470214707,1.0423235016258242e-09,0.2552237718579224
0.84375,9630.6425556946,2.531339790449445e-05,0.00010725380920623977,0.00010725380920623977,1.0507137869288592e-09,0.2531339790449445
0.8500000000000001,9633.74866813946,2.5100524815116617e-05,0.00010877633947672439,0.00010877633947672439,1.0590335141045359e-09,0.25100524815116615
0.8562500000000001,9636.91099731543,2.4883798990393136e-05,0.0001103046157305855,0.0001103046157305855,1.0672814061394374e-09,0.24883798990393136
0.8625,9640.12894392108,2.4663261502601665e-05,0.00011183779094958288,0.00011183779094958288,1.0754561996338125e-09,0.24663261502601663
0.86875,9643.401908626138,2.4438953426016338e-05,0.00011337491443540769,0.00011337491443540769,1.0835566448022368e-09,0.24438953426016338
0.875,9646.72929203538,2.4210915839338473e-05,0.00011491492605372298,0.00011491492605372298,1.0915815054750805e-09,0.24210915839338473
0.8812500000000001,9650.110494654495,2.397918982809354e-05,0.00011645665139007455,0.00011645665139007455,1.09952955910077e-09,0.2397918982809354
0.8875000000000001,9653.544916854851,2.3743816486985786e-05,0.00011799879804651142,0.00011799879804651142,1.107399596748831e-09,0.23743816486985786
0.89375,9657.031958840364,2.3504836922206312e-05,0.00011953995330679095,0.00011953995330679095,1.1151904231136947e-09,0.23504836922206312
0.9,9660.571020614309,2.326229225369456e-05,0.0001210785833893969,0.0001210785833893969,1.122900856519256e-09,0.2326229225369456
0.90625,9664.161501946952,2.3016223617356492e-05,0.00012261303449064912,0.00012261303449064912,1.1305297289241648e-09,0.23016223617356493
0.9125000000000001,9667.802802343836,2.2766672167247235e-05,0.0001241415357945915,0.0001241415357945915,1.1380758859278421e-09,0.22766672167247234
0.9187500000000001,9671.494321014061,2.2513679077728595e-05,0.0001256622045921212,0.0001256622045921212,1.1455381867772106e-09,0.22513679077728596
0.925,9675.235456839368,2.225728554561445e-05,0.0001271730536093509,0.0001271730536093509,1.1529155043741369e-09,0.2225728554561445
0.93125,9679.025608342099,2.199753279231895e-05,0.00012867200059527237,0.00012867200059527237,1.1602067252835847e-09,0.2199753279231895
0.9375,9682.864173654518,2.173446206602314e-05,0.00013015688016259974,0.00013015688016259974,1.1674107497424878e-09,0.2173446206602314
0.9437500000000001,9686.750550486064,2.1468114643875822e-05,0.0001316254578147986,0.0001316254578147986,1.174526491669351e-09,0.2146811464387582
0.9500000000000001,9690.684136090402,2.1198531834243707e-05,0.00013307544602866154,0.00013307544602866154,1.1815528786745975e-09,0.21198531834243708
0.95625,9694.664327232305,2.0925754979024627e-05,0.0001345045221975707,0.0001345045221975707,1.1884888520716833e-09,0.20925754979024627
0.9625,9698.690520152075,2.06498254560354e-05,0.0001359103481781686,0.0001359103481781686,1.1953333668890026e-09,0.20649825456035398
0.96875,9702.762110530273,2.0370784681483747e-05,0.0001372905911250167,0.0001372905911250167,1.2020853918826127e-09,0.20370784681483747
0.9750000000000001,9706.878493449438,2.008867411253073e-05,0.0001386429452463958,0.0001386429452463958,1.2087439095498081e-09,0.2008867411253073
0.9812500000000001,9711.03906335616,1.980353524994757e-05,0.00013996515407200386,0.00013996515407200386,1.215307916143576e-09,0.1980353524994757
0.9875,9715.24321402012,1.9515409640867575e-05,0.00014125503279196255,0.00014125503279196255,1.2217764216879624e-09,0.19515409640867576
0.99375,9719.490338493511,1.9224338881631562e-05,0.0001425104902079279,0.0001425104902079279,1.2281484499943827e-09,0.1922433888163156
1.0,9723.779829067362,1.8930364620722443e-05,0.0001437295498324013,0.0001437295498324013,1.2344230386789045e-09,0.18930364620722442
1.00625,9728.111077227777,1.863352856178275e-05,0.00014491036968220308,0.00014491036968220308,1.240599239180531e-09,0.1863352856178275
1.0125,9732.483473611122,1.8333872466707233e-05,0.00014605126033655216,0.00014605126033655216,1.2466761167805082e-09,0.18333872466707232
1.01875,9736.896407957507,1.8031438158801424e-05,0.00014715070086872915,0.00014715070086872915,1.2526527506226805e-09,0.18031438158801424
1.0250000000000001,9741.349269064374,1.772626752599657e-05,0.00014820735231171078,0.00014820735231171078,1.2585282337349113e-09,0.1772626752599657
1.03125,9745.84144473817,1.7418402524111e-05,0.00014922006838072433,0.00014922006838072433,1.2643016730515843e-09,0.17418402524110999
1.0375,9750.372321746912,1.7107885180148517e-05,0.00015018790324715841,0.00015018790324715841,1.2699721894371987e-09,0.17107885180148516
1.04375,9754.941285771394,1.6794757595625115e-05,0.0001511101162360777,0.0001511101162360777,1.2755389177110662e-09,0.16794757595625115
1.05,9759.54772135614,1.6479061949916303e-05,0.00015198617340084797,0.00015198617340084797,1.2810010066731188e-09,0.16479061949916302
1.0562500000000001,9764.191011860648,1.616084050361921e-05,0.00015281574601008118,0.00015281574601008118,1.2863576191308299e-09,0.1616084050361921
1.0625,9768.870539410227,1.5840135601924953e-05,0.0001535987060612661,0.0001535987060612661,1.2916079319272528e-09,0.15840135601924954
1.06875,9773.585684846235,1.551698967799891e-05,0.00015433511900920843,0.00015433511900920843,1.2967511359701816e-09,0.1551698967799891
1.075,9778.33582767715,1.5191445256368446e-05,0.00015502523396320839,0.00015502523396320839,1.3017864362624328e-09,0.15191445256368447
1.08125,9783.120346028718,1.4863544956319672e-05,0.00015566947166258197,0.00015566947166258197,1.3067130519332537e-09,0.14863544956319671
1.0875000000000001,9787.938616594201,1.4533331495306699e-05,0.0001562684105839973,0.0001562684105839973,1.3115302162708616e-09,0.14533331495306698
1.09375,9792.790014584563,1.420084769237877e-05,0.0001568227715650214,0.0001568227715650214,1.3162371767561172e-09,0.1420084769237877
1.1,9797.67391367793,1.3866136471632093e-05,0.0001573334013456971,0.0001573334013456971,1.3208331950973434e-09,0.13866136471632093
1.10625,9802.58968596886,1.352924086569472e-05,0.00015780125543392632,0.00015780125543392632,1.3253175472662992e-09,0.1352924086569472
1.1125,9807.536701916755,1.3190204019253745e-05,0.0001582273806915174,0.0001582273806915174,1.3296895235353219e-09,0.13190204019253746
1.1187500000000001,9812.514330293523,1.2849069192635007e-05,0.0001586128980170406,0.0001586128980170406,1.3339484285156566e-09,0.12849069192635007
1.125,9817.52193813102,1.2505879765445816e-05,0.00015895898547064918,0.00015895898547064918,1.3380935811969927e-09,0.12505879765445815
1.13125,9822.55889066606,1.216067924029135e-05,0.00015926686214659644,0.00015926686214659644,1.3421243149882323e-09,0.12160679240291349
1.1375,9827.624551285251,1.181351124657514e-05,0.00015953777305337868,0.00015953777305337868,1.3460399777595184e-09,0.1181351124657514
1.14375,9832.718281468524,1.1464419544393739e-05,0.00015977297521143063,0.00015977297521143063,1.3498399318855535e-09,0.11464419544393739
1.1500000000000001,9837.839440730237,1.1113448028534611e-05,0.00015997372512627082,0.00015997372512627082,1.3535235542902446e-09,0.11113448028534612
1.15625,9842.987386559376,1.0760640732585563e-05,0.00016014126774301402,0.00016014126774301402,1.3570902364927087e-09,0.10760640732585564
1.1625,9848.16147435823,1.0406041833162788e-05,0.0001602768269381285,0.0001602768269381285,1.3605393846546806e-09,0.10406041833162788
1.16875,9853.361057378424,1.0049695654263333e-05,0.00016038159755784833,0.00016038159755784833,1.3638704196293637e-09,0.10049695654263334
1.175,9858.585486655606,9.691646671746502e-06,0.00016045673897107933,0.00016045673897107933,1.367082777011765e-09,0.09691646671746502
1.1812500000000001,9863.834110942618,9.331939517947411e-06,0.00016050337006894293,0.00016050337006894293,1.3701759071905601e-09,0.09331939517947412
1.1875,9869.106276639326,8.970618986424532e-06,0.00016052256561391916,0.00016052256561391916,1.3731492754015328e-09,0.08970618986424532
1.19375,9874.401327722157,8.607730036842131e-06,0.00016051535381916244,0.00016051535381916244,1.37600236178263e-09,0.08607730036842132
1.2000000000000002,9879.718605670685,8.243317799987278e-06,0.00016048271502294985,0.00016048271502294985,1.3787346614306832e-09,0.08243317799987278
1.20625,9885.057449392227,7.877427582920453e-06,0.00016042558131406365,0.00016042558131406365,1.3813456844598344e-09,0.07877427582920453
1.2125000000000001,9890.41719514502,7.510104874258199e-06,0.0001603448369606771,0.0001603448369606771,1.3838349560617142e-09,0.075101048742582
1.21875,9895.79717645911,7.141395349586016e-06,0.00016024131949728346,0.00016024131949728346,1.386202016567414e-09,0.07141395349586016
1.225,9901.196724055864,6.7713448769996755e-06,0.00016011582133054864,0.00016011582133054864,1.3884464215112948e-09,0.06771344876999676
1.2312500000000002,9906.615165764439,6.399999522773382e-06,0.00015996909173477878,0.00015996909173477878,1.3905677416966748e-09,0.06399999522773382
1.2375,9912.051826438194,6.027405557154071e-06,0.00015980183912005954,0.00015980183912005954,1.3925655632634365e-09,0.06027405557154071
1.2437500000000001,9917.506027867561,5.653609460281666e-06,0.00015961473347016574,0.00015961473347016574,1.3944394877575986e-09,0.05653609460281666
1.25,9922.97708869232,5.278657928236622e-06,0.00015940840886224404,0.00015940840886224404,1.3961891322028893e-09,0.05278657928236622
1.25625,9928.464324310966,4.90259787921723e-06,0.00015918346599532102,0.00015918346599532102,1.3978141291743699e-09,0.0490259787921723
1.2625000000000002,9933.96704678928,4.525476459850919e-06,0.0001589404746692875,0.0001589404746692875,1.3993141268741484e-09,0.04525476459850919
1.26875,9939.484564765531,4.147341051645374e-06,0.0001586799761696765,0.0001586799761696765,1.400688789209232e-09,0.041473410516453736
1.2750000000000001,9945.016183354408,3.768239277587228e-06,0.00015840248552594118,0.00015840248552594118,1.4019377958715674e-09,0.03768239277587228
1.28125,9950.56120404893,3.3882190088978807e-06,0.00015810849362182022,0.00015810849362182022,1.403060842420319e-09,0.03388219008897881
1.2875,9956.118924618537,3.0073283719577826e-06,0.00015779846914563094,0.00015779846914563094,1.4040576403664437e-09,0.030073283719577827
1.2937500000000002,9961.68863900619,2.6256157554123255e-06,0.00015747286037593635,0.00015747286037593635,1.4049279172596198e-09,0.026256157554123253
1.3,9967.269637221127,2.243129817473968e-06,0.00015713209680403824,0.00015713209680403824,1.4056714167775968e-09,0.02243129817473968
1.3062500000000001,9972.861205229969,1.8599194934367582e-06,0.00015677659059927773,0.00015677659059927773,1.406287898818036e-09,0.018599194934367583
1.3125,9978.462624843229,1.4760340034203502e-06,0.00015640673792632502,0.00015640673792632502,1.4067771395929174e-09,0.014760340034203501
1.31875,9984.073173598556,1.091522860361646e-06,0.00015602292012570145,0.00015602292012570145,1.4071389317255963e-09,0.01091522860361646
1.3250000000000002,9989.692124640856,7.064358782727767e-07,0.0001556255047698861,0.0001556255047698861,1.4073730843505965e-09,0.007064358782727768
1.33125,9995.318746597211,3.2082318078430055e-07,0.00015521484660771192,0.00015521484660771192,1.4074794232162344e-09,0.0032082318078430054
1.3375000000000001,10000.952303447531,-6.526479000745494e-08,0.00015479128840953125,0.00015479128840953125,1.407457790790178e-09,-0.0006526479000745494
1.34375,10006.592054391404,-4.5177726437010164e-07,0.00015435516172499248,0.00015435516172499248,1.4073080463680426e-09,-0.004517772643701017
1.35,10012.237253708721,-8.386631354238693e-07,0.00015390678756435882,0.00015390678756435882,1.4070300661851414e-09,-0.008386631354238692
1.3562500000000002,10017.887150616178,-1.2258709492716337e-06,0.00015344647701323418,0.00015344647701323418,1.4066237435315057e-09,-0.012258709492716336
1.3625,10023.540989117402,-1.6133488947535482e-06,0.00015297453178943443,0.00015297453178943443,1.4060889888703026e-09,-0.016133488947535482
1.3687500000000001,10029.19800784772,-2.0010447928102237e-06,0.00015249124474962493,0.00015249124474962493,1.4054257299597773e-09,-0.020010447928102238
1.375,10034.857439913389,-2.3889060854391748e-06,0.00015199690035228448,0.00015199690035228448,1.404633911978856e-09,-0.02388906085439175
1.38125,10040.51851272391,-2.7768798242297925e-06,0.00015149177508258846,0.00015149177508258846,1.40371349765655e-09,-0.027768798242297926
1.3875000000000002,10046.18044781849,-3.164912658462448e-06,0.00015097613784394192,0.00015097613784394192,1.4026644674053022e-09,-0.03164912658462448
1.39375,10051.842460686128,-3.552950822757299e-06,0.00015045025032014802,0.00015045025032014802,1.40148681945843e-09,-0.03552950822757299
1.4000000000000001,10057.503760578074,-3.940940124258032e-06,0.00014991436731156193,0.00014991436731156193,1.4001805700118145e-09,-0.03940940124258032
1.40625,10063.16355031418,-4.3288259293348045e-06,0.00014936873704804953,0.00014936873704804953,1.398745753369998e-09,-0.04328825929334804
1.4125,10068.821026081585,-4.716553149789236e-06,0.0001488136014811327,0.0001488136014811327,1.397182422096853e-09,-0.047165531497892356
1.4187500000000002,10074.475377225757,-5.1040662285423525e-06,0.00014824919655734612,0.00014824919655734612,1.3954906471709963e-09,-0.051040662285423526
1.425,10080.125786033816,-5.4913091247835935e-06,0.00014767575247453833,0.00014767575247453833,1.3936705181461247e-09,-0.054913091247835936
1.4312500000000001,10085.771427509762,-5.878225298555835e-06,0.00014709349392261586,0.00014709349392261586,1.3917221433164602e-09,-0.05878225298555835
1.4375,10091.411469140603,-6.2647576947473674e-06,0.00014650264031003694,0.00014650264031003694,1.3896456498875009e-09,-0.06264757694747368
1.44375,10097.04507065392,-6.650848726457247e-06,0.0001459034059772043,0.0001459034059772043,1.3874411841522866e-09,-0.06650848726457247
1.4500000000000002,10102.671383765322,-7.036440257695273e-06,0.00014529600039777686,0.00014529600039777686,1.3851089116733974e-09,-0.07036440257695273
1.45625,10108.289551915765,-7.421473585372151e-06,0.00014468062836881136,0.00014468062836881136,1.3826490174709223e-09,-0.07421473585372151
1.4625000000000001,10113.89870999709,-7.805889420529215e-06,0.00014405749019055151,0.00014405749019055151,1.3800617062166496e-09,-0.07805889420529215
1.46875,10119.497984067431,-8.189627868750326e-06,0.00014342678183660364,0.00014342678183660364,1.3773472024347492e-09,-0.08189627868750325
1.475,10125.086491051074,-8.572628409691739e-06,0.00014278869511516663,0.00014278869511516663,1.3745057507092403e-09,-0.08572628409691739
1.4812500000000002,10130.66333842701,-8.954829875658075e-06,0.00014214341782192445,0.00014214341782192445,1.3715376158985607e-09,-0.08954829875658075
1.4875,10136.227623900611,-9.33617042914527e-06,0.00014149113388515417,0.00014149113388515417,1.3684430833575786e-09,-0.0933617042914527
1.4937500000000001,10141.77843505976,-9.716587539263238e-06,0.00014083202350355554,0.00014083202350355554,1.3652224591674197e-09,-0.09716587539263238
1.5,10147.314849013164,-1.0096017956943176e-05,0.0001401662632772654,0.0001401662632772654,1.3618760703735123e-09,-0.10096017956943176
1.50625,10152.835932009331,-1.0474397688826365e-05,0.0001394940263324828,0.0001394940263324828,1.358404265232287e-09,-0.10474397688826366
1.5125000000000002,10158.340739034717,-1.085166196972312e-05,0.00013881548244009775,0.00013881548244009775,1.354807413467005e-09,-0.1085166196972312
1.51875,10163.828313389187,-1.122774523352244e-05,0.0001381307981286872,0.0001381307981286872,1.3510859065332274e-09,-0.1122774523352244
1.5250000000000001,10169.297686236992,-1.1602581082424752e-05,0.00013744013679221578,0.00013744013679221578,1.3472401578944857e-09,-0.11602581082424751
1.53125,10174.747876131736,-1.1976102254362064e-05,0.0001367436587927566,0.0001367436587927566,1.3432706033087469e-09,-0.11976102254362064
1.5375,10180.17788851216,-1.2348240588462016e-05,0.00013604152155852653,0.00013604152155852653,1.3391777011263293e-09,-0.12348240588462016
1.5437500000000002,10185.58671516743,-1.2718926988404497e-05,0.00013533387967751195,0.00013533387967751195,1.3349619325999617e-09,-0.12718926988404497
1.55,10190.973333669759,-1.30880913835122e-05,0.0001346208849869459,0.0001346208849869459,1.330623802207741e-09,-0.130880913835122
1.5562500000000001,10196.336706770435,-1.3455662687409517e-05,0.00013390268665888053,0.00013390268665888053,1.3261638379897913e-09,-0.13455662687409517
1.5625,10201.675781759574,-1.3821568754077882e-05,0.00013317943128208655,0.00013317943128208655,1.3215825918994892e-09,-0.13821568754077881
1.56875,10206.989489783482,-1.4185736331130367e-05,0.00013245126294049737,0.00013245126294049737,1.3168806401701768e-09,-0.14185736331130366
1.5750000000000002,10212.276745120476,-1.4548091010123869e-05,0.00013171832328840423,0.00013171832328840423,1.3120585836983435e-09,-0.1454809101012387
1.58125,10217.536444408875,-1.490855717372482e-05,0.00013098075162259543,0.00013098075162259543,1.307117048444321e-09,-0.1490855717372482
1.5875000000000001,10222.767465828634,-1.5267057939543084e-05,0.00013023868495162214,0.00013023868495162214,1.3020566858515934e-09,-0.15267057939543086
1.59375,10227.96866822962,-1.562351510045085e-05,0.0001294922580623625,0.0001294922580623625,1.2968781732858907e-09,-0.15623515100450852
1.6,10233.138890207329,-1.5977849061207443e-05,0.0001287416035840434,0.0001287416035840434,1.291582214495287e-09,-0.15977849061207444
1.6062500000000002,10238.276949121646,-1.6329978771219566e-05,0.00012798685204986945,0.00012798685204986945,1.286169540092586e-09,-0.16329978771219567
1.6125,10243.381640057023,-1.6679821653278853e-05,0.00012722813195639826,0.00012722813195639826,1.2806409080613287e-09,-0.16679821653278853
1.6187500000000001,10248.451734721963,-1.7027293528136396e-05,0.00012646556982078976,0.00012646556982078976,1.274997104286798e-09,-0.17027293528136395
1.625,10253.485980285825,-1.7372308534797543e-05,0.00012569929023604841,0.00012569929023604841,1.2692389431134446e-09,-0.17372308534797543
1.63125,10258.483098152528,-1.771477904645053e-05,0.00012492941592436618,0.00012492941592436618,1.263367267930179e-09,-0.1771477904645053
1.6375000000000002,10263.44178266891,-1.8054615581980945e-05,0.00012415606778866611,0.00012415606778866611,1.2573829517849908e-09,-0.18054615581980946
1.64375,10268.360699769428,-1.8391726713070346e-05,0.00012337936496243596,0.00012337936496243596,1.2512868980303618e-09,-0.18391726713070347
1.6500000000000001,10273.238485557265,-1.8726018966933747e-05,0.00012259942485793435,0.00012259942485793435,1.2450800410009179e-09,-0.18726018966933747
1.65625,10278.073744822497,-1.9057396724817034e-05,0.00012181636321284268,0.00012181636321284268,1.238763346724724e-09,-0.19057396724817033
1.6625,10282.865049502772,-1.9385762116452698e-05,0.00012103029413543075,0.00012103029413543075,1.2323378136695617e-09,-0.19385762116452698
1.6687500000000002,10287.610937088248,-1.971101491076125e-05,0.00012024133014829537,0.00012024133014829537,1.2258044735254358e-09,-0.1971101491076125
1.675,10292.309908977395,-2.0033052403186865e-05,0.00011944958223072773,0.00011944958223072773,1.219164392024424e-09,-0.20033052403186866
1.6812500000000001,10296.960428791846,-2.0351769300168994e-05,0.00011865515985975845,0.00011865515985975845,1.2124186697988176e-09,-0.20351769300168993
1.6875,10301.560920657666,-2.066705760137747e-05,0.00011785817104992685,0.00011785817104992685,1.2055684432782986e-09,-0.20667057601377473
1.69375,10306.109767465317,-2.0978806480476556e-05,0.00011705872239181572,0.00011705872239181572,1.1986148856266369e-09,-0.20978806480476556
1.7000000000000002,10310.605309122368,-2.1286902165332388e-05,0.0001162569190893919,0.0001162569190893919,1.1915592077180926e-09,-0.2128690216533239
1.70625,10315.045840812483,-2.1591227818738765e-05,0.00011545286499618913,0.00011545286499618913,1.1844026591533548e-09,-0.21591227818738765
1.7125000000000001,10319.42961128111,-2.18916634209048e-05,0.00011464666265036992,0.00011464666265036992,1.1771465293144288e-09,-0.218916634209048
1.71875,10323.754821167215,-2.2188085655125433e-05,0.00011383841330870083,0.00011383841330870083,1.1697921484574192e-09,-0.22188085655125434
1.725,10328.019621404837,-2.2480367798237475e-05,0.0001130282169794754,0.0001130282169794754,1.1623408888416216e-09,-0.22480367798237474
1.7312500000000002,10332.222111720386,-2.276837961764922e-05,0.0001122161724544196,0.0001122161724544196,1.1547941658927454e-09,-0.2276837961764922
1.7375,10336.36033925545,-2.3051987276915996e-05,0.00011140237733961298,0.00011140237733961298,1.147153439397433e-09,-0.23051987276915994
1.7437500000000001,10340.432297344272,-2.3331053252015157e-05,0.00011058692808546116,0.00011058692808546116,1.139420214725531e-09,-0.23331053252015158
1.75,10344.435924483283,-2.360543626064654e-05,0.00010976992001575334,0.00010976992001575334,1.131596044075795e-09,-0.2360543626064654
1.75625,10348.369103524587,-2.387499120704573e-05,0.00010895144735584064,0.00010895144735584064,1.1236825277398866e-09,-0.23874991207045732
1.7625000000000002,10352.229661136422,-2.41395691449407e-05,0.00010813160325997,0.00010813160325997,1.115681315378648e-09,-0.241395691449407
1.76875,10356.01536756696,-2.4399017261404774e-05,0.00010731047983780942,0.00010731047983780942,1.1075941073037291e-09,-0.24399017261404773
1.7750000000000001,10359.723936755763,-2.46531788844535e-05,0.00010648816818019964,0.00010648816818019964,1.0994226557566968e-09,-0.246531788844535
1.78125,10363.353026832654,-2.4901893517295662e-05,0.0001056647583841675,0.0001056647583841675,1.0911687661767912e-09,-0.24901893517295662
1.7875,10366.900241050193,-2.5144996902173233e-05,0.00010484033957723545,0.00010484033957723545,1.0828342984475218e-09,-0.25144996902173233
1.7937500000000002,10370.363129188863,-2.538232111670775e-05,0.00010401499994106159,0.00010401499994106159,1.0744211681113286e-09,-0.2538232111670775
1.8,10373.739189479047,-2.5613694705604912e-05,0.00010318882673444317,0.00010318882673444317,1.0659313475405903e-09,-0.2561369470560491
1.8062500000000001,10377.025871078684,-2.5838942850452263e-05,0.00010236190631571648,0.00010236190631571648,1.0573668670523497e-09,-0.2583894285045226
1.8125,10380.22057714375,-2.6057887580172423e-05,0.00010153432416458386,0.00010153432416458386,1.0487298159532856e-09,-0.26057887580172423
1.81875,10383.320668526816,-2.627034802446292e-05,0.00010070616490339914,0.00010070616490339914,1.0400223435006786e-09,-0.2627034802446292
1.8250000000000002,10386.323468131604,-2.6476140712262316e-05,9.987751231794004e-05,9.987751231794004e-05,1.0312466597644489e-09,-0.26476140712262314
1.83125,10389.22626594977,-2.667507991692923e-05,9.904844937769664e-05,9.904844937769664e-05,1.0224050363747832e-09,-0.2667507991692923
1.8375000000000001,10392.026324797916,-2.68669780494066e-05,9.821905825570311e-05,9.821905825570311e-05,1.013499807139443e-09,-0.268669780494066
1.84375,10394.720886766005,-2.705164610016962e-05,9.738942034793997e-05,9.738942034793997e-05,1.004533368514589e-09,-0.2705164610016962
1.85,10397.307180381582,-2.7228894130225525e-05,9.655961629233292e-05,9.655961629233292e-05,9.955081799128577e-10,-0.2722889413022552
1.8562500000000002,10399.782428485774,-2.739853181085035e-05,9.57297259873747e-05,9.57297259873747e-05,9.864267638325417e-10,-0.2739853181085035
1.8625,10402.143856805713,-2.7560369011119628e-05,9.489982861039563e-05,9.489982861039563e-05,9.772917057920264e-10,-0.2756036901111963
1.8687500000000001,10404.3887032014,-2.7714216431622108e-05,9.407000263550934e-05,9.407000263550934e-05,9.681056540541802e-10,-0.2771421643162211
1.875,10406.514227553045,-2.7859886282048564e-05,9.324032585125965e-05,9.324032585125965e-05,9.58871319126154e-10,-0.2785988628204856
1.88125,10408.51772224317,-2.7997192999631623e-05,9.241087537799605e-05,9.241087537799605e-05,9.495914730210472e-10,-0.2799719299963162
1.8875000000000002,10410.396523182255,-2.8125954004687466e-05,9.158172768500474e-05,9.158172768500474e-05,9.402689482691463e-10,-0.28125954004687465
1.89375,10412.148021308192,-2.8245990488791116e-05,9.075295860742388e-05,9.075295860742388e-05,9.309066366679174e-10,-0.2824599048879112
1.9000000000000001,10413.769674488429,-2.8357128230415e-05,8.992464336297168e-05,8.992464336297168e-05,9.215074877616504e-10,-0.28357128230415
1.90625,10415.259019735959,-2.845919843219067e-05,8.909685656851724e-05,8.909685656851724e-05,9.120745070435869e-10,-0.2845919843219067
1.9125,10416.613685648037,-2.855203857333002e-05,8.826967225652407e-05,8.826967225652407e-05,9.02610753875508e-10,-0.2855203857333002
1.9187500000000002,10417.831404962486,-2.8635493270178826e-05,8.744316389139709e-05,8.744316389139709e-05,8.931193391220868e-10,-0.28635493270178825
1.925,10418.910027123527,-2.8709415137385963e-05,8.661740438576415e-05,8.661740438576415e-05,8.836034224998e-10,-0.28709415137385963
1.9312500000000001,10419.847530740513,-2.8773665641769166e-05,8.57924661167228e-05,8.57924661167228e-05,8.740662096428206e-10,-0.28773665641769164
1.9375,10420.642035820905,-2.8828115940654144e-05,8.496842094208309e-05,8.496842094208309e-05,8.645109488910384e-10,-0.2882811594065414
1.94375,10421.291815653227,-2.8872647696269574e-05,8.414534021663628e-05,8.414534021663628e-05,8.549409278081435e-10,-0.28872647696269577
1.9500000000000002,10421.7953082167,-2.8907153857703548e-05,8.332329480847878e-05,8.332329480847878e-05,8.453594694405255e-10,-0.2890715385770355
1.95625,10422.151126994702,-2.8931539401974582e-05,8.250235511541885e-05,8.250235511541885e-05,8.357699283305402e-10,-0.2893153940197458
1.9625000000000001,10422.358071070805,-2.8945722025946994e-05,8.168259108149257e-05,8.168259108149257e-05,8.261756863004365e-10,-0.28945722025946996
1.96875,10422.415134391395,-2.8949632781127234e-05,8.086407221361319e-05,8.086407221361319e-05,8.165801480258762e-10,-0.2894963278112723
1.975,10422.321514084528,-2.894321664381449e-05,8.004686759837621e-05,8.004686759837621e-05,8.069867364204735e-10,-0.2894321664381449
1.9812500000000002,10422.076617734758,-2.8926433013641718e-05,7.923104591904001e-05,7.923104591904001e-05,7.973988878550901e-10,-0.28926433013641717
1.9875,10421.680069520922,-2.8899256134225878e-05,7.841667547269925e-05,7.841667547269925e-05,7.878200472377035e-10,-0.28899256134225876
1.9937500000000001,10421.131715137259,-2.8861675430440165e-05,7.760382418766573e-05,7.760382418766573e-05,7.782536629814835e-10,-0.28861675430440165
2.0,10420.431625431262,-2.88136957577135e-05,7.679255964106898e-05,7.679255964106898e-05,7.687031818902373e-10,-0.288136957577135
2.00625,10419.580098704635,-2.8755337559742238e-05,7.598294907668563e-05,7.598294907668563e-05,7.591720439915802e-10,-0.2875533755974224
2.0125,10418.577661640948,-2.868663693204689e-05,7.517505942300471e-05,7.517505942300471e-05,7.496636773490395e-10,-0.2868663693204689
2.0187500000000003,10417.42506883757,-2.8607645589908185e-05,7.436895731153353e-05,7.436895731153353e-05,7.40181492884787e-10,-0.28607645589908187
2.025,10416.123300937683,-2.8518430740351018e-05,7.356470909534606e-05,7.356470909534606e-05,7.307288792448021e-10,-0.2851843074035102
2.03125,10414.673561374791,-2.8419074858992696e-05,7.27623808678749e-05,7.27623808678749e-05,7.213091977380012e-10,-0.28419074858992693
2.0375,10413.077271755987,-2.8309675373713497e-05,7.196203848194533e-05,7.196203848194533e-05,7.119257773802157e-10,-0.28309675373713494
2.04375,10411.336065932433,-2.8190344258221742e-05,7.116374756904906e-05,7.116374756904906e-05,7.025819100728852e-10,-0.28190344258221745
2.0500000000000003,10409.451782814205,-2.806120753965346e-05,7.03675735588546e-05,7.03675735588546e-05,6.932808459449607e-10,-0.2806120753965346
2.05625,10407.426458006008,-2.792240472534897e-05,6.957358169895015e-05,6.957358169895015e-05,6.840257888848063e-10,-0.2792240472534897
2.0625,10405.262314352618,-2.7774088154867902e-05,6.878183707481471e-05,6.878183707481471e-05,6.748198922868781e-10,-0.27774088154867904
2.06875,10402.961751492983,-2.761642228412515e-05,6.799240463001337e-05,6.799240463001337e-05,6.65666255035683e-10,-0.27616422284125147
2.075,10400.527334535105,-2.7449582909238342e-05,6.720534918661284e-05,6.720534918661284e-05,6.565679177469964e-10,-0.2744958290923834
2.0812500000000003,10397.961781971177,-2.727375633826335e-05,6.642073546581403e-05,6.642073546581403e-05,6.47527859283614e-10,-0.2727375633826335
2.0875,10395.26795295665,-2.7089138519447693e-05,6.56386281087989e-05,6.56386281087989e-05,6.385489935600501e-10,-0.2708913851944769
2.09375,10392.44883408705,-2.6895934134948595e-05,6.485909169779046e-05,6.485909169779046e-05,6.296341666476272e-10,-0.26895934134948596
2.1,10389.507525802746,-2.6694355669138888e-05,6.408219077732512e-05,6.408219077732512e-05,6.207861541883833e-10,-0.26694355669138886
2.10625,10386.447228557796,-2.648462246066137e-05,6.330798987573828e-05,6.330798987573828e-05,6.120076591231805e-10,-0.26484622460661367
2.1125000000000003,10383.271228882271,-2.6266959747292628e-05,6.253655352686532e-05,6.253655352686532e-05,6.033013097364002e-10,-0.2626695974729263
2.11875,10379.9828854702,-2.604159771244739e-05,6.176794629196087e-05,6.176794629196087e-05,5.946696580166797e-10,-0.2604159771244739
2.125,10376.585615414237,-2.5808770541801715e-05,6.100223278184133e-05,6.100223278184133e-05,5.86115178330338e-10,-0.2580877054180171
2.13125,10373.08288070486,-2.5568715498049263e-05,6.023947767925612e-05,6.023947767925612e-05,5.776402664014785e-10,-0.25568715498049266
2.1375,10369.478175103108,-2.5321672021240813e-05,5.947974576149454e-05,5.947974576149454e-05,5.692472385902905e-10,-0.25321672021240815
2.1437500000000003,10365.77501148581,-2.506788086150787e-05,5.8723101923236615e-05,5.8723101923236615e-05,5.609383314588145e-10,-0.2506788086150787
2.15,10361.976909752746,-2.4807583250251788e-05,5.796961119965668e-05,5.796961119965668e-05,5.527157016114226e-10,-0.24807583250251788
2.15625,10358.087385370634,-2.4541020115105827e-05,5.721933878979029e-05,5.721933878979029e-05,5.445814257955038e-10,-0.24541020115105827
2.1625,10354.109938623556,-2.426843134316559e-05,5.647235008017534e-05,5.647235008017534e-05,5.365375012463573e-10,-0.24268431343165592
2.16875,10350.048044620276,-2.3990055096149623e-05,5.572871066877975e-05,5.572871066877975e-05,5.285858462590794e-10,-0.23990055096149623
2.1750000000000003,10345.905144099512,-2.3706127180312386e-05,5.498848638922903e-05,5.498848638922903e-05,5.207283009692968e-10,-0.23706127180312386
2.18125,10341.684635064903,-2.3416880473101594e-05,5.425174333534792e-05,5.425174333534792e-05,5.129666283239381e-10,-0.23416880473101595
2.1875,10337.38986526443,-2.3122544407744664e-05,5.3518547886031565e-05,5.3518547886031565e-05,5.053025152228428e-10,-0.23122544407744663
2.19375,10333.024125520495,-2.2823344516178757e-05,5.278896673046313e-05,5.278896673046313e-05,4.977375738118678e-10,-0.22823344516178756
2.2,10328.590643907948,-2.251950203001459e-05,5.206306689369567e-05,5.206306689369567e-05,4.90273342908258e-10,-0.2251950203001459
2.2062500000000003,10324.09258076392,-2.2211233538558095e-05,5.13409157626181e-05,5.13409157626181e-05,4.829112895393678e-10,-0.22211233538558095
2.2125,10319.53302450751,-2.189875070231134e-05,5.062258111232648e-05,5.062258111232648e-05,4.756528105763438e-10,-0.21898750702311337
2.21875,10314.914988238088,-2.1582260019842308e-05,4.9908131132923846e-05,4.9908131132923846e-05,4.684992344450804e-10,-0.2158226001984231
2.225,10310.241407074956,-2.1261962645455643e-05,4.919763445677387e-05,4.919763445677387e-05,4.6145182289761005e-10,-0.21261962645455643
2.23125,10305.515136194757,-2.0938054254714933e-05,4.8491160186235994e-05,4.8491160186235994e-05,4.5451177282806593e-10,-0.20938054254714933
2.2375000000000003,10300.73894952058,-2.061072495456281e-05,4.7788777921912004e-05,4.7788777921912004e-05,4.476802181184368e-10,-0.2061072495456281
2.24375,10295.915539009833,-2.0280159234556248e-05,4.709055779143693e-05,4.709055779143693e-05,4.4095823150048477e-10,-0.20280159234556247
2.25,10291.047514489685,-1.9946535955578504e-05,4.639657047884986e-05,4.639657047884986e-05,4.343468264214047e-10,-0.19946535955578504
2.25625,10286.137403985475,-1.961002837230201e-05,4.5706887254583395e-05,4.5706887254583395e-05,4.278469589020381e-10,-0.1961002837230201
2.2625,10281.187654485191,-1.927080418565398e-05,4.502158000611353e-05,4.502158000611353e-05,4.2145952937769717e-10,-0.19270804185653978
2.2687500000000003,10276.200633089446,-1.892902562157119e-05,4.4340721269315696e-05,4.4340721269315696e-05,4.1518538451288456e-10,-0.1892902562157119
2.275,10271.17862849098,-1.8584849532417866e-05,4.366438426057513e-05,4.366438426057513e-05,4.090253189823982e-10,-0.18584849532417866
2.28125,10266.123852733876,-1.8238427517572037e-05,4.29926429097047e-05,4.29926429097047e-05,4.029800772124664e-10,-0.18238427517572037
2.2875,10261.038443205156,-1.7889906059855267e-05,4.232557189372597e-05,4.232557189372597e-05,3.9705035507666296e-10,-0.17889906059855268
2.29375,10255.924464810063,-1.7539426674680975e-05,4.1663246671573844e-05,4.1663246671573844e-05,3.912368015423859e-10,-0.17539426674680975
2.3000000000000003,10250.783912292105,-1.718712606901974e-05,4.1005743519788894e-05,4.1005743519788894e-05,3.855400202646459e-10,-0.1718712606901974
2.30625,10245.618712657053,-1.683313630752091e-05,4.035313956926574e-05,4.035313956926574e-05,3.7996057112479333e-10,-0.1683313630752091
2.3125,10240.430727665876,-1.647758498338058e-05,3.970551284313014e-05,3.970551284313014e-05,3.7449897171260923e-10,-0.16477584983380578
2.31875,10235.221756365874,-1.612059539180193e-05,3.90629422958219e-05,3.90629422958219e-05,3.6915569875090244e-10,-0.16120595391801928
2.325,10229.993537631899,-1.5762286704149336e-05,3.8425507853465755e-05,3.8425507853465755e-05,3.6393118946238185e-10,-0.15762286704149336
2.3312500000000003,10224.747752693567,-1.5402774141147937e-05,3.779329045561697e-05,3.779329045561697e-05,3.588258428791207e-10,-0.15402774141147937
2.3375,10219.486027627729,-1.5042169143722172e-05,3.7166372098474276e-05,3.7166372098474276e-05,3.5384002109539525e-10,-0.15042169143722173
2.34375,10214.209935800236,-1.4680579540296087e-05,3.6544835879657985e-05,3.6544835879657985e-05,3.4897405046507096e-10,-0.14680579540296088
2.35,10208.921000240849,-1.4318109709593512e-05,3.5928766044657645e-05,3.5928766044657645e-05,3.442282227450273e-10,-0.14318109709593513
2.35625,10203.620695942016,-1.395486073817459e-05,3.531824803506017e-05,3.531824803506017e-05,3.396027961863661e-10,-0.1395486073817459
2.3625000000000003,10198.310452072648,-1.3590930572126098e-05,3.471336853867638e-05,3.471336853867638e-05,3.3509799657534146e-10,-0.13590930572126098
2.36875,10192.99165409922,-1.3226414162485672e-05,3.4114215541691895e-05,3.4114215541691895e-05,3.3071401822608735e-10,-0.13226414162485672
2.375,10187.665645813355,-1.286140360412351e-05,3.352087838297654e-05,3.352087838297654e-05,3.264510249273126e-10,-0.1286140360412351
2.38125,10182.333731259869,-1.2495988267931067e-05,3.293344781069547e-05,3.293344781069547e-05,3.223091508451806e-10,-0.12495988267931067
2.3875,10176.997176567238,-1.2130254926273343e-05,3.2352016041374925e-05,3.2352016041374925e-05,3.182885013846075e-10,-0.12130254926273343
2.3937500000000003,10171.657211681144,-1.1764287871752064e-05,3.177667682158565e-05,3.177667682158565e-05,3.14389154011195e-10,-0.11764287871752063
2.4000000000000004,10166.315032000848,-1.1398169029401729e-05,3.120752549241805e-05,3.120752549241805e-05,3.1061115903597603e-10,-0.1139816902940173
2.40625,10160.971799923722,-1.1031978062500163e-05,3.06446590569344e-05,3.06446590569344e-05,3.069545403650877e-10,-0.11031978062500163
2.4125,10155.62864629904,-1.066579247222201e-05,3.0088176250795196e-05,3.0088176250795196e-05,3.034192962164143e-10,-0.1066579247222201
2.41875,10150.286671795879,-1.0299687691398134e-05,2.9538177616268787e-05,2.9538177616268787e-05,3.000053998051528e-10,-0.10299687691398135
2.4250000000000003,10144.946948189821,-9.933737172668187e-06,2.8994765579845606e-05,2.8994765579845606e-05,2.967128000001597e-10,-0.09933737172668188
2.4312500000000004,10139.61051957135,-9.568012471328761e-06,2.845804453369028e-05,2.845804453369028e-05,2.9354142195283753e-10,-0.09568012471328761
2.4375,10134.278403482449,-9.202583323187107e-06,2.7928120921176498e-05,2.7928120921176498e-05,2.9049116770021573e-10,-0.09202583323187108
2.44375,10128.951591983472,-8.837517717731507e-06,2.7405103326760528e-05,2.7405103326760528e-05,2.875619167437794e-10,-0.08837517717731508
2.45,10123.631052657633,-8.472881966925324e-06,2.6889102570459047e-05,2.6889102570459047e-05,2.847535266054953e-10,-0.08472881966925325
2.4562500000000003,10118.317729555074,-8.108740769923617e-06,2.638023180720544e-05,2.638023180720544e-05,2.820658333623874e-10,-0.08108740769923617
2.4625000000000004,10113.012544081519,-7.745157273999963e-06,2.587860663136522e-05,2.587860663136522e-05,2.794986521609179e-10,-0.07745157273999963
2.46875,10107.716395836856,-7.382193131957431e-06,2.5384345186695176e-05,2.5384345186695176e-05,2.770517777123386e-10,-0.0738219313195743
2.475,10102.430163404215,-7.019908556282654e-06,2.4897568282032142e-05,2.4897568282032142e-05,2.7472498477009315e-10,-0.07019908556282653
2.48125,10097.154705096982,-6.6583623702857814e-06,2.441839951299461e-05,2.441839951299461e-05,2.7251802859026826e-10,-0.06658362370285781
2.4875000000000003,10091.89085966413,-6.297612056452678e-06,2.394696538997365e-05,2.394696538997365e-05,2.704306453760183e-10,-0.06297612056452678
2.4937500000000004,10086.639446957837,-5.937713802219236e-06,2.348339547267802e-05,2.348339547267802e-05,2.684625527068179e-10,-0.059377138022192355
2.5,10081.401268567128,-5.578722543361478e-06,2.302782251148076e-05,2.302782251148076e-05,2.6661344995333237e-10,-0.05578722543361478
2.50625,10076.177108418102,-5.220692005179672e-06,2.2580382595790756e-05,2.2580382595790756e-05,2.648830186786376e-10,-0.052206920051796724
2.5125,10070.967733345964,-4.863674741639626e-06,2.2141215309641583e-05,2.2141215309641583e-05,2.632709230264661e-10,-0.04863674741639626
2.5187500000000003,10065.77389363776,-4.507722172620681e-06,2.1710463894650572e-05,2.1710463894650572e-05,2.617768100971075e-10,-0.04507722172620681
2.5250000000000004,10060.596323550355,-4.152884619406692e-06,2.128827542045275e-05,2.128827542045275e-05,2.604003103115445e-10,-0.041528846194066917
2.53125,10055.435741805008,-3.7992113385443337e-06,2.0874800962656213e-05,2.0874800962656213e-05,2.591410377643669e-10,-0.03799211338544334
2.5375,10050.292852058516,-3.4467505541821275e-06,2.0470195788296703e-05,2.0470195788296703e-05,2.5799859056596655e-10,-0.03446750554182128
2.54375,10045.168343355066,-3.0955494889933755e-06,2.0074619548688896e-05,2.0074619548688896e-05,2.569725511744826e-10,-0.030955494889933755
2.5500000000000003,10040.062890557618,-2.7456543937771894e-06,1.968823647947932e-05,1.968823647947932e-05,2.5606248671793517e-10,-0.027456543937771895
2.5562500000000004,10034.97715476213,-2.3971105758233772e-06,1.931121560760044e-05,1.931121560760044e-05,2.5526794930695764e-10,-0.023971105758233774
2.5625,10029.911783694435,-2.0499624261195982e-06,1.894373096470626e-05,1.894373096470626e-05,2.545884763385107e-10,-0.020499624261195983
2.56875,10024.867412091378,-1.7042534454723997e-06,1.8585961806536622e-05,1.8585961806536622e-05,2.540235907909385e-10,-0.017042534454723996
2.575,10019.844662067142,-1.360026269607724e-06,1.8238092837509667e-05,1.8238092837509667e-05,2.53572801510705e-10,-0.01360026269607724
2.5812500000000003,10014.844143465361,-1.017322693311033e-06,1.79003144396793e-05,1.79003144396793e-05,2.5323560349112915e-10,-0.01017322693311033
2.5875000000000004,10009.866454198213,-6.761836936622841e-07,1.7572822905017474e-05,1.7572822905017474e-05,2.5301147814341836e-10,-0.00676183693662284
2.59375,10004.912180573026,-3.3664945241661184e-07,1.7255820669788857e-05,1.7255820669788857e-05,2.5289989356028405e-10,-0.0033664945241661183
2.6,9999.98189760709,1.240622422409209e-09,1.694951654957959e-05,1.7077803831328742e-05,2.5290030477240647e-10,1.240622422409209e-05
2.60625,9995.07616933099,3.374478757935961e-07,1.665412597332201e-05,1.7131619627137803e-05,2.530121539980021e-10,0.0033744787579359607
2.6125000000000003,9990.19554908224,6.719343854930754e-07,1.636987121442513e-05,1.719648821524882e-05,2.5323487088573393e-10,0.006719343854930755
2.6187500000000004,9985.34057978771,1.0046629427760833e-06,1.609698161687717e-05,1.7270073706646295e-05,2.5356787275119197e-10,0.010046629427760833
2.625,9980.511794237698,1.335597033611253e-06,1.5835693813933796e-05,1.7352548750286408e-05,2.5401056480716033e-10,0.01335597033611253
2.63125,9975.709715349796,1.6647008205552717e-06,1.5586251936745276e-05,1.7443699704687906e-05,2.5456234038787665e-10,0.01664700820555272
2.6375,9970.934856425418,1.9919391252181693e-06,1.534890781001077e-05,1.7542290855008873e-05,2.552225811674794e-10,0.019919391252181694
2.6437500000000003,9966.187721397066,2.3172774112913642e-06,1.5123921131480772e-05,1.7648184253540845e-05,2.5599065737282997e-10,0.023172774112913644
2.6500000000000004,9961.468805068029,2.6406817681125244e-06,1.4911559631862886e-05,1.7761580204827096e-05,2.568659279908869e-10,0.026406817681125246
2.65625,9956.778593345205,2.9621188947430534e-06,1.4712099211425603e-05,1.788185871260115e-05,2.5784774097080265e-10,0.029621188947430533
2.6625,9952.117563463615,3.2815560845354197e-06,1.4525824049343084e-05,1.80091037772706e-05,2.589354334209053e-10,0.0328155608453542
2.66875,9947.486184205214,3.598961210169178e-06,1.4353026681586548e-05,1.8143127418538e-05,2.6012833180072e-10,0.035989612101691784
2.6750000000000003,9942.884916110612,3.914302709135708e-06,1.4194008042949006e-05,1.8283611443189263e-05,2.614257521081794e-10,0.03914302709135708
2.6812500000000004,9938.314211684636,4.227549569652989e-06,1.40490774685953e-05,1.8430402998940643e-05,2.6282700006216556e-10,0.04227549569652989
2.6875,9933.774515595713,4.53867131699283e-06,1.3918552650364267e-05,1.858336096525842e-05,2.6433137128051985e-10,0.0453867131699283
2.69375,9929.266264869417,4.84763800020399e-06,1.3802759542919983e-05,1.874234789271855e-05,2.6593815145365194e-10,0.048476380002039896
2.7,9924.7898890772,5.154420179215686e-06,1.3702032214760485e-05,1.8907230087102224e-05,2.6764661651387454e-10,0.05154420179215686
2.7062500000000003,9920.345810518644,5.458988912306705e-06,1.3616712639050835e-05,1.9077877670372127e-05,2.6945603280058433e-10,0.05458988912306705
2.7125000000000004,9915.934444399678,5.761315743926303e-06,1.354715041925908e-05,1.9255481394854302e-05,2.713656572214064e-10,0.05761315743926303
2.71875,9911.556199004906,6.061372692853715e-06,1.3493702444644064e-05,1.94396129347116e-05,2.733747374094138e-10,0.06061372692853715
2.725,9907.21147586582,6.359132240683862e-06,1.3456732470778624e-05,1.962972691984837e-05,2.754825118765308e-10,0.06359132240683862
2.73125,9902.900669924258,6.654567320627474e-06,1.343661062049571e-05,1.9826155235656123e-05,2.7768821016322366e-10,0.06654567320627475
2.7375000000000003,9898.624169691471,6.947651306614403e-06,1.343371280092263e-05,2.002846822003122e-05,2.799910529845799e-10,0.06947651306614402
2.7437500000000004,9894.382357402528,7.2383580026894415e-06,1.3448420032624063e-05,2.023621505695037e-05,2.823902523728725e-10,0.07238358002689442
2.75,9890.175609167329,7.526661632690554e-06,1.3481117687310477e-05,2.0449283169267996e-05,2.8488501181670316e-10,0.07526661632690554
2.75625,9886.00429511692,7.81253683019977e-06,1.3532194631087407e-05,2.0668064675091243e-05,2.874745263968144e-10,0.0781253683019977
2.7625,9881.868779546421,8.095958628757504e-06,1.3602042270823661e-05,2.08955573898185e-05,2.901579829186582e-10,0.08095958628757503
2.7687500000000003,9877.769421054125,8.376902452331437e-06,1.3691053501902654e-05,2.1129439804569327e-05,2.929345600418059e-10,0.08376902452331436
2.7750000000000004,9873.706572676854,8.655344106031466e-06,1.3799621556389378e-05,2.1369347131431586e-05,2.958034284062799e-10,0.08655344106031466
2.78125,9869.680582022138,8.931259767062564e-06,1.3928138751493011e-05,2.1614414504326062e-05,2.98763750755887e-10,0.08931259767062565
2.7875,9865.6917913967,9.20462597590774e-06,1.4076995139127456e-05,2.1864542276866514e-05,3.018146820586293e-10,0.09204625975907739
2.79375,9861.740537932035,9.475419627733515e-06,1.4246577058363452e-05,2.2123349191694486e-05,3.049553696242661e-10,0.09475419627733514
2.8000000000000003,9857.827153706407,9.743617964010717e-06,1.4437265593618642e-05,2.239023715137743e-05,3.0818495321909877e-10,0.09743617964010717
2.8062500000000004,9853.95196586459,1.0009198564343567e-05,1.4649434942537161e-05,2.266280888798786e-05,3.1150256517804717e-10,0.10009198564343567
2.8125,9850.115296733298,1.0272139338500264e-05,1.4883450698657531e-05,2.2940396569217166e-05,3.149073305140847e-10,0.10272139338500264
2.81875,9846.317463935617,1.053241851863865e-05,1.5139668055144526e-05,2.3225373788462753e-05,3.18398367025096e-10,0.1053241851863865
2.825,9842.558780500987,1.0790014651720521e-05,1.541842993705412e-05,2.3520105061997068e-05,3.219747853982212e-10,0.10790014651720521
2.8312500000000003,9838.839554973385,1.1044906592108583e-05,1.5720065070795786e-05,2.3821302375682345e-05,3.2563568931174557e-10,0.11044906592108583
2.8375000000000004,9835.160091516984,1.1297073494340119e-05,1.60448860006376e-05,2.4127538960661475e-05,3.2938017553459433e-10,0.1129707349434012
2.84375,9831.520690018728,1.1546494806071656e-05,1.6393187063249985e-05,2.444249425668079e-05,3.3320733402348894e-10,0.11546494806071655
2.85,9827.921646189556,1.1793150261189136e-05,1.6765242332386423e-05,2.476714926187027e-05,3.371162480178196e-10,0.11793150261189135
2.85625,9824.363251661358,1.2037019873078159e-05,1.7161303546836007e-05,2.5097845130058316e-05,3.411059941322872e-10,0.12037019873078159
2.8625000000000003,9820.845794084407,1.2278083928049318e-05,1.7581598035735648e-05,2.5435127370608926e-05,3.451756424473659e-10,0.12278083928049319
2.8687500000000004,9817.369557219887,1.2516322978913405e-05,1.802632665618104e-05,2.5784093106676793e-05,3.493242565976365e-10,0.12516322978913405
2.875,9813.934821032266,1.2751717838701831e-05,1.849566175880818e-05,2.6140445422471483e-05,3.5355089385803817e-10,0.12751717838701832
2.88125,9810.541861778463,1.2984249574527553e-05,1.898974519761445e-05,2.650313069878525e-05,3.578546052280852e-10,0.12984249574527554
2.8875,9807.19095209574,1.3213899501581996e-05,1.950868640073502e-05,2.687804160051961e-05,3.622344355140943e-10,0.13213899501581997
2.8937500000000003,9803.882361086944,1.3440649177263667e-05,2.00525605191723e-05,2.7260931949068562e-05,3.666894234094658e-10,0.13440649177263667
2.9000000000000004,9800.616354404976,1.3664480395434368e-05,2.062140667058153e-05,2.765177328784484e-05,3.7121860157306065e-10,0.13664480395434367
2.90625,9797.393194334209,1.3885375180798928e-05,2.1215226295134137e-05,2.8055340364666554e-05,3.7582099670571486e-10,0.13885375180798928
2.9125,9794.213139870768,1.4103315783404666e-05,2.1833981640204255e-05,2.8466402531180136e-05,3.804956296249308e-10,0.14103315783404666
2.91875,9791.076446801691,1.4318284673257024e-05,2.2477594390148163e-05,2.88893245172434e-05,3.852415153377837e-10,0.14318284673257023
2.9250000000000003,9787.98336778119,1.4530264535047714e-05,2.314594445676831e-05,2.9323257961941752e-05,3.9005766311208054e-10,0.14530264535047716
2.9312500000000004,9784.934152406306,1.4739238262992231e-05,2.383886894517422e-05,2.976687899311329e-05,3.949430765458084e-10,0.1473923826299223
2.9375,9781.929047290627,1.4945188955773408e-05,2.455616130867524e-05,3.0224304422730026e-05,3.9989675363490606e-10,0.14945188955773409
2.94375,9778.968296136403,1.5148099911588139e-05,2.5297570705071727e-05,3.0691556435613116e-05,4.049176868393945e-10,0.1514809991158814
2.95,9776.05213980582,1.5347954623294365e-05,2.606280156526185e-05,3.1173583899216454e-05,4.1000486314789834e-10,0.15347954623294366
2.9562500000000003,9773.180816389762,1.5544736773655576e-05,2.685151338346341e-05,3.1666420744188565e-05,4.1515726414059135e-10,0.15544736773655576
2.9625000000000004,9770.354561276332,1.573843023068035e-05,2.7663320736580445e-05,3.217588880405497e-05,4.2037386605059705e-10,0.1573843023068035
2.96875,9767.573607217226,1.5929019043054486e-05,2.849779353834115e-05,3.269768858690362e-05,4.2565363982387526e-10,0.15929019043054488
2.975,9764.838184393184,1.6116487435663382e-05,2.935445753181833e-05,3.323600553557835e-05,4.3099555117762466e-10,0.16116487435663382
2.98125,9762.148520477938,1.630081980520257e-05,3.0232795021839765e-05,3.379025908258655e-05,4.363985606572303e-10,0.1630081980520257
2.9875000000000003,9759.504840701089,1.6482000715874292e-05,3.113224584662901e-05,3.436126683031535e-05,4.418616236917848e-10,0.16482000715874293
2.9937500000000004,9756.907367909786,1.6660014895168184e-05,3.2052208585814146e-05,3.4951525396844816e-05,4.473836906482109e-10,0.16660014895168185
3.0,9754.356322628564,1.6834847229724214e-05,3.299204199973126e-05,3.556126608260514e-05,4.529637068840129e-10,0.16834847229724215
3.00625,9751.851923119482,1.7006482761276063e-05,3.395106669275916e-05,3.619175422446236e-05,4.5860061279868343e-10,0.17006482761276062
3.0125,9749.394385439184,1.7174906682673255e-05,3.4928566991281964e-05,3.6845456319001964e-05,4.6429334388379175e-10,0.17174906682673255
3.0187500000000003,9746.983923496318,1.734010433398041e-05,3.5923793024814193e-05,3.7524161391432725e-05,4.700408307717792e-10,0.1734010433398041
3.0250000000000004,9744.620749107424,1.750206119865198e-05,3.6935962996867624e-05,3.8231482277146035e-05,4.758419992834864e-10,0.1750206119865198
3.03125,9742.305072051502,1.766076289978093e-05,3.796426563031665e-05,3.896974238604646e-05,4.816957704744378e-10,0.1766076289978093
3.0375,9740.037100123456,1.7816195196419846e-05,3.9007862770354076e-05,3.974317875760372e-05,4.876010606799058e-10,0.17816195196419846
3.04375,9737.817039187416,1.7968343979972976e-05,4.0065892126644616e-05,4.0557311380770755e-05,4.935567815587798e-10,0.17968343979972975
3.0500000000000003,9735.64509322743,1.8117195270657645e-05,4.113747013499931e-05,4.1419578470881586e-05,4.995618401362624e-10,0.18117195270657646
3.0562500000000004,9733.521464399275,1.8262735214033702e-05,4.222169491782776e-05,4.2340357744874595e-05,5.056151388454144e-10,0.182627352140337
3.0625,9731.44635307887,1.8404950077599372e-05,4.3317649321789545e-05,4.3336253881867216e-05,5.117155755675724e-10,0.18404950077599372
3.06875,9729.419957911972,1.8543826247452166e-05,4.442440401047352e-05,4.442440401047352e-05,5.178620436716592e-10,0.18543826247452166
3.075,9727.442475861411,1.867935022501327e-05,4.554102058958876e-05,4.554102058958876e-05,5.240534320524085e-10,0.1867935022501327
3.0812500000000003,9725.51410225431,1.881150862381405e-05,4.66665547420585e-05,4.66665547420585e-05,5.302886251675249e-10,0.1881150862381405
3.0875000000000004,9723.635030827885,1.8940288166343067e-05,4.780005935056646e-05,4.780005935056646e-05,5.365665030737976e-10,0.18940288166343067
3.09375,9721.80545377473,1.9065675680952193e-05,4.894058758551001e-05,4.894058758551001e-05,5.428859414621905e-10,0.19065675680952193
3.1,9720.025561786912,1.9187658098820353e-05,5.0087195936957634e-05,5.0087195936957634e-05,5.49245811691924e-10,0.19187658098820354
3.10625,9718.295544099748,1.9306222450973357e-05,5.123894717007829e-05,5.123894717007829e-05,5.556449808235705e-10,0.19306222450973357
3.1125000000000003,9716.615588534192,1.9421355865358404e-05,5.2394913184592485e-05,5.2394913184592485e-05,5.620823116511793e-10,0.19421355865358403
3.1187500000000004,9714.985881539158,1.9533045563971813e-05,5.355417776007097e-05,5.355417776007097e-05,5.685566627334497e-10,0.19533045563971813
3.125,9713.406608232002,1.9641278860038492e-05,5.471583917035745e-05,5.471583917035745e-05,5.750668884239696e-10,0.1964127886003849
3.13125,9711.877952439609,1.974604315524184e-05,5.587901265199339e-05,5.587901265199339e-05,5.816118389005355e-10,0.19746043155241838
3.1375,9710.40009673781,1.9847325937002653e-05,5.704283271325143e-05,5.704283271325143e-05,5.881903601935703e-10,0.19847325937002652
3.1437500000000003,9708.973222490546,1.994511477580584e-05,5.820645527221455e-05,5.820645527221455e-05,5.94801294213656e-10,0.1994511477580584
3.1500000000000004,9707.597509887742,2.003939732257349e-05,5.936905961424285e-05,5.936905961424285e-05,6.01443478778195e-10,0.20039397322573488
3.15625,9706.273137983575,2.0130161306083415e-05,6.052985016112298e-05,6.052985016112298e-05,6.081157476372156e-10,0.20130161306083416
3.1625,9705.000284733047,2.0217394530431826e-05,6.168805804616965e-05,6.168805804616965e-05,6.14816930498337e-10,0.20217394530431826
3.16875,9703.779127028756,2.030108487253928e-05,6.28429424915174e-05,6.28429424915174e-05,6.21545853050907e-10,0.2030108487253928
3.1750000000000003,9702.609840736148,2.0381220279698938e-05,6.399379198577958e-05,6.399379198577958e-05,6.283013369893283e-10,0.2038122027969894
3.1812500000000004,9701.492600729382,2.0457788767166376e-05,6.513992526213507e-05,6.513992526213507e-05,6.350822000355839e-10,0.20457788767166377
3.1875,9700.4275809254,2.0530778415790303e-05,6.628069207871036e-05,6.628069207871036e-05,6.418872559609794e-10,0.20530778415790302
3.19375,9699.414954317734,2.0600177369683546e-05,6.741547380483394e-05,6.741547380483394e-05,6.487153146071117e-10,0.20600177369683545
3.2,9698.454893010656,2.0665973833934092e-05,6.854368381833426e-05,6.854368381833426e-05,6.555651819060797e-10,0.20665973833934093
3.2062500000000003,9697.547568251175,2.072815607235581e-05,6.966476772051546e-05,6.966476772051546e-05,6.624356598999497e-10,0.2072815607235581
3.2125000000000004,9696.693150461899,2.0786712405278917e-05,7.077820337676441e-05,7.077820337676441e-05,6.693255467594874e-10,0.20786712405278918
3.21875,9695.891809272309,2.0841631207380203e-05,7.188350079190777e-05,7.188350079190777e-05,6.762336368021723e-10,0.20841631207380204
3.225,9695.14371355007,2.0892900905553476e-05,7.298020183044111e-05,7.298020183044111e-05,6.831587205095045e-10,0.20892900905553474
3.23125,9694.44903143135,2.094050997682065e-05,7.40678797925898e-05,7.40678797925898e-05,6.900995845436206e-10,0.2094050997682065
3.2375000000000003,9693.807930350713,2.0984446946284373e-05,7.51461388578306e-05,7.51461388578306e-05,6.970550117632302e-10,0.2098444694628437
3.2437500000000004,9693.220577070415,2.1024700385123146e-05,7.62146134080052e-05,7.62146134080052e-05,7.040237812388876e-10,0.21024700385123146
3.25,9692.687137709185,2.1061258908630314e-05,7.727296724249424e-05,7.727296724249424e-05,7.110046682676149e-10,0.21061258908630315
3.25625,9692.207777769658,2.1094111174298515e-05,7.832089269810032e-05,7.832089269810032e-05,7.17996444386888e-10,0.21094111174298516
3.2625,9691.782662166364,2.1123245879951532e-05,7.93581096863157e-05,7.93581096863157e-05,7.249978773880057e-10,0.21123245879951533
3.2687500000000003,9691.411955251815,2.1148651761925918e-05,8.038436466053657e-05,8.038436466053657e-05,7.320077313288544e-10,0.21148651761925918
3.2750000000000004,9691.095820841956,2.117031759330502e-05,8.139942952554069e-05,8.139942952554069e-05,7.390247665460883e-10,0.2117031759330502
3.28125,9690.834422242002,2.1188232182208665e-05,8.240310050118061e-05,8.240310050118061e-05,7.46047739666742e-10,0.21188232182208666
3.2875,9690.627922269654,2.1202384370142104e-05,8.339519695177451e-05,8.339519695177451e-05,7.530754036192973e-10,0.21202384370142105
3.29375,9690.476483278888,2.121276303040834e-05,8.437556019211411e-05,8.437556019211411e-05,7.601065076442215e-10,0.2121276303040834
3.3000000000000003,9690.380267181776,2.121935706658885e-05,8.534405228036778e-05,8.534405228036778e-05,7.671397973040045e-10,0.21219357066588848
3.3062500000000004,9690.339435469608,2.1222155411097834e-05,8.630055480745284e-05,8.630055480745284e-05,7.741740144927149e-10,0.21222155411097834
3.3125,9690.354149233088,2.122114702381655e-05,8.724496769169577e-05,8.724496769169577e-05,7.812078974451043e-10,0.21221147023816553
3.31875,9690.424569180605,2.1216320890814427e-05,8.817720798680895e-05,8.817720798680895e-05,7.882401807452877e-10,0.21216320890814427
3.325,9690.550855655747,2.1207666023165142e-05,8.909720871039901e-05,8.909720871039901e-05,7.952695953350312e-10,0.21207666023165142
3.3312500000000003,9690.733168653102,2.1195171455866495e-05,9.000491769939843e-05,9.000491769939843e-05,8.022948685216819e-10,0.21195171455866496
3.3375000000000004,9690.971667832133,2.1178826246874175e-05,9.090029649798997e-05,9.090029649798997e-05,8.093147239857771e-10,0.21178826246874174
3.34375,9691.26651252983,2.115861947626071e-05,9.178331928278326e-05,9.178331928278326e-05,8.163278817883754e-10,0.2115861947626071
3.35,9691.617861770372,2.1134540245512332e-05,9.265397182921512e-05,9.265397182921512e-05,8.233330583781544e-10,0.21134540245512332
3.35625,9692.025874273912,2.1106577676978024e-05,9.351225052238574e-05,9.351225052238574e-05,8.303289665983255e-10,0.21106577676978025
3.3625000000000003,9692.490708461355,2.1074720913486465e-05,9.435816141482222e-05,9.435816141482222e-05,8.373143156934225e-10,0.21074720913486464
3.3687500000000004,9693.012522457995,2.103895911814884e-05,9.519171933298224e-05,9.519171933298224e-05,8.442878113160238e-10,0.2103895911814884
3.375,9693.591474093055,2.0999281474367035e-05,9.601294703368008e-05,9.601294703368008e-05,8.512481555334785e-10,0.20999281474367035
3.38125,9694.22772089585,2.09556771860694e-05,9.68218744110377e-05,9.68218744110377e-05,8.581940468347094e-10,0.20955677186069402
3.3875,9694.92142008958,2.090813547819834e-05,9.761853775403785e-05,9.761853775403785e-05,8.651241801371786e-10,0.2090813547819834
3.3937500000000003,9695.672728579368,2.0856645597476776e-05,9.840297905428554e-05,9.840297905428554e-05,8.720372467941069e-10,0.20856645597476775
3.4000000000000004,9696.481802936887,2.08011968134835e-05,9.917524536316914e-05,9.917524536316914e-05,8.789319346020492e-10,0.208011968134835
3.40625,9697.348799379579,2.07417784200702e-05,9.993538819725121e-05,9.993538819725121e-05,8.8580692780894e-10,0.207417784200702
3.4125,9698.273873744598,2.0678379737156817e-05,0.00010068346299041391,0.00010068346299041391,8.926609071227341e-10,0.20678379737156816
3.41875,9699.257181456438,2.0610990112944887e-05,0.00010141952859102711,0.00010141952859102711,8.994925497207805e-10,0.20610990112944888
3.4250000000000003,9700.298877487801,2.0539598926592994e-05,0.00010214364680220305,0.00010214364680220305,9.063005292600832e-10,0.20539598926592995
3.4312500000000004,9701.399116313245,2.0464195591402154e-05,0.00010285588196304103,0.00010285588196304103,9.130835158886183e-10,0.20464195591402154
3.4375,9702.55805185446,2.0384769558563643e-05,0.00010355630056864893,0.00010355630056864893,9.198401762578927e-10,0.20384769558563642
3.44375,9703.775837416557,2.0301310321526286e-05,0.00010424497092665135,0.00010424497092665135,9.265691735369506e-10,0.20301310321526286
3.45,9705.05262561444,2.0213807421045382e-05,0.0001049219628478519,0.0001049219628478519,9.332691674280538e-10,0.20213807421045382
3.4562500000000003,9706.38856828787,2.012225045098038e-05,0.00010558734736870699,0.00010558734736870699,9.39938814184283e-10,0.2012225045098038
3.4625000000000004,9707.783816405567,2.0026629064914113e-05,0.00010624119650328608,0.00010624119650328608,9.465767666293339e-10,0.20026629064914114
3.46875,9709.238519954788,1.9926932983672045e-05,0.00010688358302243456,0.00010688358302243456,9.531816741798046e-10,0.19926932983672044
3.475,9710.752827817718,1.9823152003825674e-05,0.00010751458025791739,0.00010751458025791739,9.597521828703032e-10,0.19823152003825675
3.48125,9712.326887631425,1.97152760072706e-05,0.00010813426192940046,0.00010813426192940046,9.662869353817276e-10,0.19715276007270602
3.4875000000000003,9713.960845631273,1.960329497197577e-05,0.00010874270199221766,0.00010874270199221766,9.727845710731108e-10,0.1960329497197577
3.4937500000000004,9715.654846475061,1.948719898400683e-05,0.0001093399745039751,0.0001093399745039751,9.792437260174497e-10,0.19487198984006832
3.5,9717.40903304797,1.9366978250932805e-05,0.00010992615350815301,0.00010992615350815301,9.85663033041978e-10,0.19366978250932806
3.50625,9719.223546244843,1.9242623116731908e-05,0.000110501312932981,0.000110501312932981,9.920411217733802e-10,0.19242623116731908
3.5125,9721.098524728759,1.9114124078318224e-05,0.00011106552650398027,0.00011106552650398027,9.983766186884833e-10,0.19114124078318223
3.5187500000000003,9723.034104664563,1.8981471803817636e-05,0.00011161886766868412,0.00011161886766868412,1.0046681471710055e-09,0.18981471803817637
3.5250000000000004,9725.030419424875,1.8844657152727e-05,0.00011216140953216604,0.00011216140953216604,1.0109143275749877e-09,0.18844657152727
3.53125,9727.087599266246,1.8703671198096492e-05,0.00011269322480211948,0.00011269322480211948,1.0171137772955771e-09,0.18703671198096491
3.5375,9729.205770973786,1.8558505250880055e-05,0.00011321438574234478,0.00011321438574234478,1.023265110847882e-09,0.18558505250880056
3.54375,9731.38505747237,1.8409150886604063e-05,0.00011372496413360574,0.00011372496413360574,1.029366939954665e-09,0.18409150886604064
3.5500000000000003,9733.625577400859,1.8255599974508044e-05,0.00011422503124091988,0.00011422503124091988,1.035417873643698e-09,0.18255599974508044
3.5562500000000004,9735.927444649104,1.8097844709315245e-05,0.0001147146577864418,0.0001147146577864418,1.041416518355644e-09,0.18097844709315244
3.5625,9738.290767853265,1.7935877645793016e-05,0.00011519391392718963,0.00011519391392718963,1.0473614780633969e-09,0.17935877645793016
3.56875,9740.71564984874,1.7769691736264994e-05,0.00011566286923694659,0.00011566286923694659,1.0532513544038536e-09,0.17769691736264995
3.575,9743.202187077204,1.759928037123728e-05,0.00011612159269174702,0.00011612159269174702,1.059084746823153e-09,0.1759928037123728
3.5812500000000003,9745.750468945971,1.742463742330041e-05,0.00011657015265842677,0.00011657015265842677,1.0648602527364651e-09,0.1742463742330041
3.5875000000000004,9748.360577137364,1.7245757294466602e-05,0.00011700861688578104,0.00011700861688578104,1.070576467703472e-09,0.17245757294466602
3.59375,9751.032584865732,1.706263496709814e-05,0.00011743705249793174,0.00011743705249793174,1.0762319856207279e-09,0.17062634967098142
3.6,9753.766556079501,1.6875266058577666e-05,0.0001178555259895576,0.0001178555259895576,1.0818253989321408e-09,0.16875266058577665
3.60625,9756.562544606943,1.668364687986373e-05,0.00011826410322268786,0.00011826410322268786,1.0873552988588628e-09,0.1668364687986373
3.6125000000000003,9759.420593242807,1.6487774498066154e-05,0.00011866284942480057,0.00011866284942480057,1.0928202756499208e-09,0.16487774498066154
3.6187500000000004,9762.34073277534,1.6287646803164564e-05,0.00011905182918800501,0.00011905182918800501,1.0982189188549625e-09,0.16287646803164565
3.625,9765.322980950263,1.6083262578980018e-05,0.00011943110646911864,0.00011943110646911864,1.1035498176205252e-09,0.16083262578980018
3.63125,9768.367341371893,1.5874621578494266e-05,0.00011980074459047761,0.00011980074459047761,1.1088115610112706e-09,0.15874621578494266
3.6375,9771.473802339628,1.566172460359297e-05,0.00012016080624134531,0.00012016080624134531,1.1140027383576504e-09,0.1566172460359297
3.6437500000000003,9774.642335618815,1.544457358928892e-05,0.00012051135347980374,0.00012051135347980374,1.1191219396314883e-09,0.1544457358928892
3.6500000000000004,9777.872895146525,1.5223171692458227e-05,0.00012085244773503175,0.00012085244773503175,1.1241677558509748e-09,0.15223171692458226
3.65625,9781.165415670004,1.499752338509688e-05,0.00012118414980988937,0.00012118414980988937,1.1291387795165713e-09,0.1499752338509688
3.6625,9784.519811320837,1.4767634552077102e-05,0.0001215065198837416,0.0001215065198837416,1.1340336050793174e-09,0.14767634552077102
3.66875,9787.935974123531,1.4533512593352146e-05,0.00012181961751546573,0.00012181961751546573,1.138850829443014e-09,0.14533512593352146
3.6750000000000003,9791.413772440435,1.4295166530525106e-05,0.00012212350164659676,0.00012212350164659676,1.143589052501729e-09,0.14295166530525105
3.6812500000000004,9794.953049354819,1.4052607117661627e-05,0.00012241823060457266,0.00012241823060457266,1.1482468777140332e-09,0.14052607117661628
3.6875,9798.55362099446,1.3805846956188699e-05,0.00012270386210604898,0.00012270386210604898,1.1528229127153197e-09,0.138058469561887
3.69375,9802.215274798411,1.3554900613681357e-05,0.000122980453260257,0.000122980453260257,1.1573157699694965e-09,0.13554900613681356
3.7,9805.937767730205,1.3299784746297308e-05,0.00012324806057238493,0.00012324806057238493,1.1617240674612598e-09,0.13299784746297308
3.7062500000000003,9809.720824442595,1.3040518224575606e-05,0.0001235067399469651,0.0001235067399469651,1.1660464294300648e-09,0.13040518224575606
3.7125000000000004,9813.56413539783,1.2777122262270037e-05,0.00012375654669125312,0.00012375654669125312,1.1702814871467995e-09,0.12777122262270038
3.71875,9817.467354948254,1.2509620547841565e-05,0.00012399753551858787,0.00012399753551858787,1.1744278797340415e-09,0.12509620547841566
3.725,9821.430099385872,1.2238039378186542e-05,0.00012422976055172246,0.00012422976055172246,1.17848425503064e-09,0.12238039378186542
3.73125,9825.451944965214,1.1962407794129738e-05,0.00012445327532611852,0.00012445327532611852,1.1824492705012095e-09,0.11962407794129738
3.7375000000000003,9829.53242590726,1.168275771716284e-05,0.00012466813279319723,0.00012466813279319723,1.1863215941909432e-09,0.11682757717162841
3.7437500000000004,9833.67103239545,1.1399124086861944e-05,0.000124874385323541,0.000124874385323541,1.1900999057259777e-09,0.11399124086861945
3.75,9837.867208569227,1.1111544998370209e-05,0.000125072084710041,0.000125072084710041,1.1937828973593248e-09,0.11111544998370208
3.75625,9842.120350526005,1.0820061839286594e-05,0.00012526128217098595,0.00012526128217098595,1.1973692750621766e-09,0.10820061839286593
3.7625,9846.429804343892,1.0524719425257951e-05,0.00012544202835308786,0.00012544202835308786,1.2008577596601544e-09,0.10524719425257952
3.7687500000000003,9850.79486413179,1.0225566133530232e-05,0.00012561437333444148,0.00012561437333444148,1.2042470880138218e-09,0.10225566133530233
3.7750000000000004,9855.214770122842,9.922654033676361e-06,0.0001257783666274127,0.0001257783666274127,1.2075360142425316e-09,0.09922654033676362
3.78125,9859.688706819397,9.616039014683417e-06,0.0001259340571814535,0.0001259340571814535,1.2107233109903926e-09,0.09616039014683417
3.7875,9864.21580120474,9.305780907550855e-06,0.00012608149338583924,0.00012608149338583924,1.2138077707328764e-09,0.09305780907550855
3.79375,9868.795121031728,8.991943602525322e-06,0.0001262207230723251,0.0001262207230723251,1.2167882071222792e-09,0.08991943602525322
3.8000000000000003,9873.425673204163,8.674595160076572e-06,0.0001263517935177185,0.0001263517935177185,1.219663456369969e-09,0.08674595160076572
3.8062500000000004,9878.106402261725,8.35380791470347e-06,0.0001264747514463639,0.0001264747514463639,1.2224323786630393e-09,0.0835380791470347
3.8125,9882.836188983667,8.029658570649875e-06,0.0001265896430325372,0.0001265896430325372,1.225093859612689e-09,0.08029658570649875
3.81875,9887.613849123121,7.702228288607477e-06,0.00012669651390274572,0.00012669651390274572,1.2276468117313395e-09,0.07702228288607477
3.825,9892.438132287773,7.37160276248707e-06,0.00012679540913793227,0.00012679540913793227,1.2300901759351995e-09,0.0737160276248707
3.8312500000000003,9897.307720976984,7.037872285351441e-06,0.0001268863732755784,0.0001268863732755784,1.2324229230686824e-09,0.0703787228535144
3.8375000000000004,9902.22122979143,6.701131803622418e-06,0.0001269694503117058,0.0001269694503117058,1.2346440554467916e-09,0.06701131803622418
3.84375,9907.177204825288,6.361480958702024e-06,0.00012704468370277236,0.00012704468370277236,1.2367526084113013e-09,0.06361480958702025
3.85,9912.174123255012,6.019024115183003e-06,0.00012711211636746053,0.00012711211636746053,1.238747651896288e-09,0.060190241151830026
3.85625,9917.210393134588,5.6738703748675255e-06,0.00012717179068835656,0.00012717179068835656,1.2406282919983078e-09,0.056738703748675255
3.8625000000000003,9922.284353408671,5.32613357586457e-06,0.00012722374851351792,0.00012722374851351792,1.2423936725462763e-09,0.0532613357586457
3.8687500000000004,9927.394274153627,4.975932276096243e-06,0.00012726803115792833,0.00012726803115792833,1.244042976665879e-09,0.049759322760962434
3.875,9932.538357053732,4.623389720610853e-06,0.0001273046794048385,0.0001273046794048385,1.2455754283331503e-09,0.04623389720610853
3.88125,9937.714736122794,4.268633792175922e-06,0.0001273337335069925,0.0001273337335069925,1.2469902939116735e-09,0.042686337921759215
3.8875,9942.921478675176,3.911796944706696e-06,0.00012735523318773909,0.00012735523318773909,1.2482868836677174e-09,0.03911796944706696
3.8937500000000003,9948.156586553027,3.5530161191750587e-06,0.00012736921764202805,0.00012736921764202805,1.2494645532574988e-09,0.035530161191750585
3.9000000000000004,9953.41799761247,3.1924326417392152e-06,0.00012737572553729275,0.00012737572553729275,1.250522705180681e-09,0.03192432641739215
3.90625,9958.703587471664,2.8301921039357028e-06,0.00012737479501421915,0.00012737479501421915,1.251460790194159e-09,0.02830192103935703
3.9125,9964.011171522143,2.466444224881292e-06,0.0001273664636874034,0.0001273664636874034,1.252278308680174e-09,0.024664442248812923
3.91875,9969.33850720014,2.101342695542285e-06,0.0001273507686459001,0.0001273507686459001,1.252974811962806e-09,0.02101342695542285
3.9250000000000003,9974.683296519064,1.735045005242288e-06,0.00012732774645366333,0.00012732774645366333,1.253549903566964e-09,0.017350450052422882
3.9312500000000004,9980.0431888552,1.367712250694773e-06,0.00012729743314988403,0.00012729743314988403,1.2540032404140787e-09,0.01367712250694773
3.9375,9985.415783983763,9.99508927963881e-07,0.00012725986424922658,0.00012725986424922658,1.2543345339488379e-09,0.009995089279638809
3.94375,9990.79863535586,6.30602707873835e-07,0.00012721507474196963,0.00012721507474196963,1.254543551191481e-09,0.00630602707873835
3.95,9996.189253607577,2.6116419550368784e-07,0.00012716309909405446,0.00012716309909405446,1.2546301157103765e-09,0.002611641955036878
3.9562500000000003,10001.585110290964,-1.0863332548146157e-07,0.0001271039712470466,0.0001271039712470466,1.2545941085098559e-09,-0.0010863332548146157
3.9625000000000004,10006.983641812949,-4.786141628003934e-07,0.00012703772461801577,0.00012703772461801577,1.2544354688285645e-09,-0.004786141628003934
3.96875,10012.382253569122,-8.486004988570396e-07,0.0001269643920993396,0.0001269643920993396,1.2541541948439115e-09,-0.008486004988570396
3.975,10017.778324256284,-1.2184126863012495e-06,0.00012688400605843757,0.00012688400605843757,1.2537503442785518e-09,-0.012184126863012495
3.98125,10023.169210347594,-1.5878695546812465e-06,0.0001267965983374412,0.0001267965983374412,1.2532240349052293e-09,-0.015878695546812465
3.9875000000000003,10028.552250709581,-1.9567887269313864e-06,0.00012670220025280725,0.00012670220025280725,1.2525754449467156e-09,-0.019567887269313865
3.9937500000000004,10033.924771344748,-2.324986944358111e-06,0.00012660084259488068,0.00012660084259488068,1.2518048133680316e-09,-0.02324986944358111
4.0,10039.28409023689,-2.692280398715509e-06,0.00012649255562741457,0.00012649255562741457,1.2509124400586e-09,-0.02692280398715509
4.0062500000000005,10044.627522278304,-3.058485069900197e-06,0.00012637736908705397,0.00012637736908705397,1.249898685902467e-09,-0.030584850699001968
4.0125,10049.95238425763,-3.423417067743849e-06,0.00012625531218279126,0.00012625531218279126,1.2487639727352334e-09,-0.03423417067743849
4.01875,10055.255999883451,-3.7868929763416758e-06,0.0001261264135954001,0.0001261264135954001,1.247508783186859e-09,-0.037868929763416756
4.025,10060.535704822329,-4.148730199326422e-06,0.0001259907014768556,0.0001259907014768556,1.2461336604100197e-09,-0.04148730199326422
4.03125,10065.788851727659,-4.5087473044808e-06,0.00012584820344974787,0.00012584820344974787,1.244639207694244e-09,-0.045087473044808
4.0375000000000005,10071.012815234635,-4.866764366076797e-06,0.00012569894660669663,0.00012569894660669663,1.2430260879665768e-09,-0.04866764366076797
4.04375,10076.204996898601,-5.222603303338021e-06,0.00012554295750977362,0.00012554295750977362,1.2412950231800593e-09,-0.052226033033380206
4.05,10081.36283005435,-5.576088213441279e-06,0.00012538026218994065,0.00012538026218994065,1.2394467935918317e-09,-0.05576088213441279
4.05625,10086.483784572752,-5.9270456975057e-06,0.00012521088614650974,0.00012521088614650974,1.237482236933187e-09,-0.059270456975057
4.0625,10091.56537149278,-6.275305178061774e-06,0.00012503485434663252,0.00012503485434663252,1.235402247474395e-09,-0.06275305178061774
4.0687500000000005,10096.605147508762,-6.620699206547981e-06,0.00012485219122482572,0.00012485219122482572,1.2332077749876076e-09,-0.06620699206547981
4.075,10101.600719290813,-6.96306375944917e-06,0.00012466292068253896,0.00012466292068253896,1.2308998236116041e-09,-0.0696306375944917
4.08125,10106.549747621826,-7.3022385217672505e-06,0.0001244670660877718,0.0001244670660877718,1.2284794506225807e-09,-0.0730223852176725
4.0875,10111.449951330413,-7.638067156601217e-06,0.00012426465027474555,0.00012426465027474555,1.225947765115585e-09,-0.07638067156601216
4.09375,10116.299111005468,-7.970397559708071e-06,0.0001240556955436371,0.0001240556955436371,1.2233059266015746e-09,-0.07970397559708071
4.1000000000000005,10121.095072476599,-8.299082098019065e-06,0.00012384022366037923,0.00012384022366037923,1.2205551435254184e-09,-0.08299082098019064
4.10625,10125.835750046877,-8.62397783119493e-06,0.0001236182558565347,0.0001236182558565347,1.217696671710462e-09,-0.0862397783119493
4.1125,10130.519129466176,-8.944946715419017e-06,0.00012338981282924907,0.00012338981282924907,1.214731812735544e-09,-0.08944946715419017
4.11875,10135.143270636163,-9.261855788746781e-06,0.00012315491474128846,0.00012315491474128846,1.2116619122505777e-09,-0.09261855788746781
4.125,10139.706310037127,-9.574577337453349e-06,0.00012291358122116784,0.00012291358122116784,1.2084883582369956e-09,-0.0957457733745335
4.1312500000000005,10144.206462871805,-9.882989042946224e-06,0.00012266583136337584,0.00012266583136337584,1.205212579219499e-09,-0.09882989042946223
4.1375,10148.642024921035,-1.018697410893677e-05,0.0001224116837287022,0.0001224116837287022,1.2018360424356548e-09,-0.1018697410893677
4.14375,10153.011374108548,-1.0486421368690493e-05,0.0001221511563446741,0.0001221511563446741,1.1983602519699452e-09,-0.10486421368690493
4.15,10157.31297177459,-1.0781225372301442e-05,0.0001218842667061077,0.0001218842667061077,1.1947867468588883e-09,-0.10781225372301442
4.15625,10161.545363658752,-1.1071286454058934e-05,0.00012161103177578243,0.00012161103177578243,1.1911170991738302e-09,-0.11071286454058933
4.1625000000000005,10165.70718059519,-1.1356510780094411e-05,0.00012133146798524486,0.00012133146798524486,1.1873529120879445e-09,-0.11356510780094412
4.16875,10169.797138924821,-1.1636810376611192e-05,0.00012104559123575059,0.00012104559123575059,1.183495817933874e-09,-0.11636810376611191
4.175,10173.81404062942,-1.1912103139110002e-05,0.000120753416899353,0.000120753416899353,1.1795474762583154e-09,-0.11912103139110002
4.18125,10177.75677319716,-1.2182312823126514e-05,0.00012045495982014812,0.00012045495982014812,1.1755095718796738e-09,-0.12182312823126515
4.1875,10181.624309225663,-1.2447369017094049e-05,0.00012015023431568668,0.00012015023431568668,1.171383812954712e-09,-0.12447369017094048
4.1937500000000005,10185.415705776688,-1.2707207098033498e-05,0.00011983925417856474,0.00011983925417856474,1.1671719290598864e-09,-0.127072070980335
4.2,10189.130103489384,-1.29617681708537e-05,0.0001195220326782061,0.0001195220326782061,1.1628756692928027e-09,-0.129617681708537
4.20625,10192.766725468438,-1.321099899211744e-05,0.00011919858256285103,0.00011919858256285103,1.1584968003989396e-09,-0.1321099899211744
4.2125,10196.32487595839,-1.3454851879191737e-05,0.0001188689160617674,0.0001188689160617674,1.1540371049284848e-09,-0.13454851879191737
4.21875,10199.80393881889,-1.3693284605754951e-05,0.00011853304488770228,0.00011853304488770228,1.1494983794278065e-09,-0.13693284605754952
4.2250000000000005,10203.203375815812,-1.3926260284677887e-05,0.00011819098023959398,0.00011819098023959398,1.144882432669745e-09,-0.13926260284677885
4.23125,10206.52272474329,-1.4153747239331095e-05,0.00011784273280556715,0.00011784273280556715,1.1401910839265584e-09,-0.14153747239331096
4.2375,10209.761597392851,-1.4375718864396423e-05,0.0001174883127662354,0.0001174883127662354,1.1354261612890054e-09,-0.14375718864396422
4.24375,10212.919677385731,-1.4592153477277147e-05,0.00011712772979833969,0.00011712772979833969,1.1305895000346785e-09,-0.14592153477277148
4.25,10215.996717882825,-1.4803034161208852e-05,0.00011676099307875261,0.00011676099307875261,1.1256829410483377e-09,-0.14803034161208853
4.2562500000000005,10218.992539190973,-1.5008348601171664e-05,0.00011638811128888352,0.00011638811128888352,1.1207083292966346e-09,-0.15008348601171664
4.2625,10221.90702627948,-1.5208088913695309e-05,0.00011600909261952145,0.00011600909261952145,1.1156675123592463e-09,-0.15208088913695308
4.26875,10224.74012622326,-1.540225147163108e-05,0.00011562394477615835,0.00011562394477615835,1.1105623390180911e-09,-0.15402251471631082
4.275,10227.491845587832,-1.55908367249405e-05,0.00011523267498483851,0.00011523267498483851,1.1053946579059453e-09,-0.155908367249405
4.28125,10230.162247771146,-1.5773849018519164e-05,0.00011483528999858528,0.00011483528999858528,1.1001663162154416e-09,-0.15773849018519165
4.2875000000000005,10232.751450316742,-1.5951296408037336e-05,0.00011443179610446083,0.00011443179610446083,1.0948791584691104e-09,-0.15951296408037335
4.29375,10235.25962221082,-1.6123190474736062e-05,0.00011402219913132113,0.00011402219913132113,1.0895350253508065e-09,-0.16123190474736063
4.3,10237.686981178049,-1.6289546140070575e-05,0.00011360650445833338,0.00011360650445833338,1.0841357525985745e-09,-0.16289546140070577
4.30625,10240.033790986758,-1.645038148104143e-05,0.0001131847170243298,0.0001131847170243298,1.078683169958723e-09,-0.16450381481041432
4.3125,10242.300358776154,-1.660571754699918e-05,0.00011275684133807887,0.00011275684133807887,1.0731791002006206e-09,-0.1660571754699918
4.3187500000000005,10244.487032415122,-1.675557817865136e-05,0.00011232288148956226,0.00011232288148956226,1.0676253581914835e-09,-0.1675557817865136
4.325,10246.594197903183,-1.6899989829941412e-05,0.00011188284116235332,0.00011188284116235332,1.0620237500302014e-09,-0.16899989829941411
4.33125,10248.622276822296,-1.7038981393408524e-05,0.00011143672364720141,0.00011143672364720141,1.0563760722390496e-09,-0.17038981393408523
4.3375,10250.571723847688,-1.7172584029576624e-05,0.0001109845318569357,0.0001109845318569357,1.0506841110119515e-09,-0.17172584029576624
4.34375,10252.443024323913,-1.7300831000859363e-05,0.00011052626834281023,0.00011052626834281023,1.0449496415177935e-09,-0.17300831000859362
4.3500000000000005,10254.236691913475,-1.7423757510407336e-05,0.00011006193531242318,0.00011006193531242318,1.0391744272571565e-09,-0.17423757510407337
4.35625,10255.953266323246,-1.7541400546264126e-05,0.00010959153464935223,0.00010959153464935223,1.0333602194707006e-09,-0.17541400546264124
4.3625,10257.593311111628,-1.765379873113958e-05,0.00010911506793466,0.00010911506793466,1.0275087565973454e-09,-0.1765379873113958
4.36875,10259.15741158316,-1.7760992178052373e-05,0.00010863253647043341,0.00010863253647043341,1.0216217637802975e-09,-0.17760992178052373
4.375,10260.646172769888,-1.7863022352040047e-05,0.00010814394130553341,0.00010814394130553341,1.0157009524189158e-09,-0.17863022352040048
4.3812500000000005,10262.060217504866,-1.7959931938083025e-05,0.00010764928326374293,0.00010764928326374293,1.009748019764353e-09,-0.17959931938083024
4.3875,10263.400184586266,-1.8051764715340856e-05,0.00010714856297451355,0.00010714856297451355,1.0037646485568836e-09,-0.18051764715340857
4.39375,10264.666727036109,-1.81385654377532e-05,0.00010664178090652339,0.00010664178090652339,9.977525067028066e-10,-0.181385654377532
4.4,10265.860510450284,-1.8220379721015826e-05,0.0001061289374042722,0.0001061289374042722,9.91713246988811e-10,-0.18220379721015825
4.40625,10266.982211442373,-1.8297253935903325e-05,0.00010561003272795174,0.00010561003272795174,9.856485068317003e-10,-0.18297253935903326
4.4125000000000005,10268.032516178933,-1.8369235107874365e-05,0.00010508506709684292,0.00010508506709684292,9.795599080613936e-10,-0.18369235107874365
4.41875,10269.012119004397,-1.843637082286375e-05,0.00010455404073650372,0.00010455404073650372,9.734490567351513e-10,-0.18436370822863749
4.425,10269.921721155304,-1.8498709139136974e-05,0.00010401695393002453,0.00010401695393002453,9.673175429810195e-10,-0.18498709139136973
4.43125,10270.762029560228,-1.85562985050578e-05,0.00010347380707363949,0.00010347380707363949,9.611669408685282e-10,-0.185562985050578
4.4375,10271.53375572361,-1.860918768259799e-05,0.00010292460073699473,0.00010292460073699473,9.549988083047446e-10,-0.18609187682597989
4.4437500000000005,10272.237614691036,-1.865742567639964e-05,0.00010236933572838479,0.00010236933572838479,9.488146869538385e-10,-0.18657425676399642
4.45,10272.874324091554,-1.870106166818556e-05,0.00010180801316527934,0.00010180801316527934,9.426161021783876e-10,-0.1870106166818556
4.45625,10273.444603256281,-1.8740144956300584e-05,0.00010124063455047109,0.00010124063455047109,9.364045630007224e-10,-0.18740144956300583
4.4625,10273.949172407203,-1.8774724900157526e-05,0.00010066720185418379,0.00010066720185418379,9.301815620826849e-10,-0.18774724900157527
4.46875,10274.388751914947,-1.8804850869354278e-05,0.00010008771760248646,0.00010008771760248646,9.239485757222526e-10,-0.18804850869354278
4.4750000000000005,10274.764061620936,-1.8830572197224424e-05,9.95021849723637e-05,9.95021849723637e-05,9.177070638655587e-10,-0.18830572197224424
4.48125,10275.075820221102,-1.8851938138581514e-05,9.8910607893796e-05,9.8910607893796e-05,9.114584701329179e-10,-0.18851938138581514
4.4875,10275.324744706415,-1.8868997831416818e-05,9.831299115920403e-05,9.831299115920403e-05,9.05204221857548e-10,-0.18868997831416817
4.49375,10275.511549858984,-1.8881800262312256e-05,9.770934054060987e-05,9.770934054060987e-05,8.989457301357554e-10,-0.18881800262312257
4.5,10275.636947797326,-1.8890394235333506e-05,9.709966291486332e-05,9.709966291486332e-05,8.926843898874312e-10,-0.18890394235333507
4.5062500000000005,10275.701647570795,-1.8894828344172737e-05,9.648396639727463e-05,9.648396639727463e-05,8.86421579925781e-10,-0.18894828344172737
4.5125,10275.706354796393,-1.889515094731689e-05,9.586226048398402e-05,9.586226048398402e-05,8.801586630352852e-10,-0.18895150947316888
4.51875,10275.65177133779,-1.8891410146023853e-05,9.523455620338499e-05,9.523455620338499e-05,8.738969860569587e-10,-0.18891410146023851
4.525,10275.538595022177,-1.8883653764897147e-05,9.460086627690037e-05,9.460086627690037e-05,8.676378799800505e-10,-0.18883653764897146
4.53125,10275.367519391317,-1.8871929334858156e-05,9.396120528938796e-05,9.396120528938796e-05,8.613826600393856e-10,-0.18871929334858156
4.5375000000000005,10275.13923348555,-1.8856284078324023e-05,9.331558986942727e-05,9.331558986942727e-05,8.551326258176217e-10,-0.18856284078324023
4.54375,10274.854421656875,-1.8836764896408816e-05,9.266403887970793e-05,9.266403887970793e-05,8.488890613517464e-10,-0.18836764896408817
4.55,10274.51376340936,-1.8813418357975478e-05,9.20065736177048e-05,9.20065736177048e-05,8.426532352432039e-10,-0.18813418357975478
4.55625,10274.117933263864,-1.8786290690375656e-05,9.134321802678525e-05,9.134321802678525e-05,8.364264007710916e-10,-0.18786290690375657
4.5625,10273.667600645556,-1.875542777172485e-05,9.067399891784826e-05,9.067399891784826e-05,8.30209796007916e-10,-0.1875542777172485
4.5687500000000005,10273.163429791271,-1.872087512456984e-05,8.999894620154447e-05,8.999894620154447e-05,8.240046439374489e-10,-0.18720875124569838
4.575,10272.606079675523,-1.8682677910815257e-05,8.931809313107098e-05,8.931809313107098e-05,8.178121525742638e-10,-0.18682677910815257
4.58125,10271.996203953246,-1.864088092778571e-05,8.86314765554728e-05,8.86314765554728e-05,8.116335150845787e-10,-0.18640880927785708
4.5875,10271.33445091685,-1.859552860530896e-05,8.793913718331646e-05,8.793913718331646e-05,8.05469909908065e-10,-0.18595528605308959
4.59375,10270.621463467567,-1.8546665003714687e-05,8.724111985652962e-05,8.724111985652962e-05,7.993225008803204e-10,-0.18546665003714688
4.6000000000000005,10269.85787909766,-1.849433381265197e-05,8.65374738341226e-05,8.65374738341226e-05,7.931924373557326e-10,-0.1849433381265197
4.60625,10269.044329884222,-1.8438578350636532e-05,8.582825308542593e-05,8.582825308542593e-05,7.870808543304946e-10,-0.1843857835063653
4.6125,10268.181442491545,-1.8379441565246883e-05,8.511351659239016e-05,8.511351659239016e-05,7.809888725655533e-10,-0.18379441565246882
4.61875,10267.269838183083,-1.8316966033895407e-05,8.439332866040281e-05,8.439332866040281e-05,7.749175987093044e-10,-0.18316966033895407
4.625,10266.310132839508,-1.8251193965107666e-05,8.366775923698057e-05,8.366775923698057e-05,7.688681254198612e-10,-0.18251193965107665
4.6312500000000005,10265.30293698405,-1.8182167200249322e-05,8.293688423759485e-05,8.293688423759485e-05,7.628415314867531e-10,-0.18182167200249322
4.6375,10264.248855813576,-1.810992721564619e-05,8.22007858777856e-05,8.22007858777856e-05,7.568388819519196e-10,-0.1810992721564619
4.64375,10263.1484892347,-1.803451512504841e-05,8.145955301061116e-05,8.145955301061116e-05,7.508612282298885e-10,-0.1803451512504841
4.65,10262.002431903462,-1.795597168239495e-05,8.071328146837455e-05,8.071328146837455e-05,7.449096082270377e-10,-0.1795597168239495
4.65625,10260.811273270272,-1.787433728483914e-05,7.996207440745522e-05,7.996207440745522e-05,7.389850464598539e-10,-0.1787433728483914
4.6625000000000005,10259.575597626923,-1.77896519760004e-05,7.920604265496539e-05,7.920604265496539e-05,7.33088554172114e-10,-0.177896519760004
4.66875,10258.295984156735,-1.7701955449411275e-05,7.844530505583947e-05,7.844530505583947e-05,7.27221129450923e-10,-0.17701955449411275
4.675,10256.973006987657,-1.7611287052132272e-05,7.767998881885487e-05,7.767998881885487e-05,7.213837573415547e-10,-0.1761128705213227
4.68125,10255.607235247135,-1.751768578851043e-05,7.69102298599756e-05,7.69102298599756e-05,7.155774099610464e-10,-0.17517685788510431
4.6875,10254.199233118314,-1.7421190324060363e-05,7.61361731413052e-05,7.61361731413052e-05,7.098030466105068e-10,-0.17421190324060362
4.6937500000000005,10252.749559898644,-1.732183898944913e-05,7.535797300383542e-05,7.535797300383542e-05,7.040616138861032e-10,-0.17321838989449131
4.7,10251.258770059041,-1.7219669784568732e-05,7.457579349208154e-05,7.457579349208154e-05,6.983540457886992e-10,-0.1721966978456873
4.70625,10249.72741330449,-1.7114720382681976e-05,7.378980866860706e-05,7.378980866860706e-05,6.926812638321183e-10,-0.17114720382681975
4.7125,10248.156034635307,-1.700702813462952e-05,7.300020291635908e-05,7.300020291635908e-05,6.870441771500119e-10,-0.17007028134629518
4.71875,10246.545174409339,-1.6896630073087372e-05,7.220717122666308e-05,7.220717122666308e-05,6.814436826013178e-10,-0.1689663007308737
4.7250000000000005,10244.89536840485,-1.678356291686572e-05,7.141091947066398e-05,7.141091947066398e-05,6.758806648742928e-10,-0.1678356291686572
4.73125,10243.207147883431,-1.666786307524118e-05,7.061166465194854e-05,7.061166465194854e-05,6.703559965891091e-10,-0.1666786307524118
4.7375,10241.481039653847,-1.6549566652315765e-05,6.980963513804553e-05,6.980963513804553e-05,6.648705383990069e-10,-0.16549566652315764
4.74375,10239.717566135732,-1.6428709451396816e-05,6.900507086847398e-05,6.900507086847398e-05,6.594251390899946e-10,-0.16428709451396817
4.75,10237.917245423969,-1.630532697939298e-05,6.819822353699934e-05,6.819822353699934e-05,6.540206356790918e-10,-0.1630532697939298
4.7562500000000005,10236.080591352933,-1.6179454451222183e-05,6.73893567457609e-05,6.73893567457609e-05,6.486578535111115e-10,-0.16179454451222183
4.7625,10234.208113560631,-1.6051126794228118e-05,6.65787461289548e-05,6.65787461289548e-05,6.433376063539784e-10,-0.16051126794228118
4.76875,10232.300317553996,-1.5920378652602335e-05,6.576667944379442e-05,6.576667944379442e-05,6.380606964925818e-10,-0.15920378652602335
4.775,10230.357704772363,-1.5787244391809653e-05,6.495345662652561e-05,6.495345662652561e-05,6.32827914821161e-10,-0.15787244391809652
4.78125,10228.380772652956,-1.5651758103014775e-05,6.413938981134815e-05,6.413938981134815e-05,6.276400409342235e-10,-0.15651758103014773
4.7875000000000005,10226.370014695201,-1.5513953607508688e-05,6.33248033101873e-05,6.33248033101873e-05,6.224978432159971e-10,-0.15513953607508688
4.79375,10224.325920525194,-1.537386446113346e-05,6.251003355137157e-05,6.251003355137157e-05,6.174020789284141e-10,-0.1537386446113346
4.800000000000001,10222.248975960185,-1.5231523958704583e-05,6.169542897540362e-05,6.169542897540362e-05,6.123534942976303e-10,-0.15231523958704582
4.80625,10220.139663073445,-1.5086965138429875e-05,6.088134988616163e-05,6.088134988616163e-05,6.073528245990794e-10,-0.15086965138429875
4.8125,10217.998460258053,-1.4940220786324745e-05,6.006816825603766e-05,6.006816825603766e-05,6.024007942410632e-10,-0.14940220786324745
4.8187500000000005,10215.825842291832,-1.479132344062316e-05,5.925626748370732e-05,5.925626748370732e-05,5.974981168468812e-10,-0.14791323440623158
4.825,10213.622280401501,-1.4640305396184228e-05,5.844604210343072e-05,5.844604210343072e-05,5.926454953354982e-10,-0.14640305396184228
4.831250000000001,10211.388242326595,-1.4487198708894408e-05,5.763789744500749e-05,5.763789744500749e-05,5.87843622000753e-10,-0.14487198708894408
4.8375,10209.124192383983,-1.4332035200065298e-05,5.683224924374744e-05,5.683224924374744e-05,5.830931785891106e-10,-0.143320352000653
4.84375,10206.830591532093,-1.4174846460827165e-05,5.6029523200072434e-05,5.6029523200072434e-05,5.783948363759564e-10,-0.14174846460827165
4.8500000000000005,10204.507897434412,-1.401566385651864e-05,5.5230154488632354e-05,5.5230154488632354e-05,5.737492562404365e-10,-0.1401566385651864
4.85625,10202.156564523984,-1.3854518531072743e-05,5.4434587217097146e-05,5.4434587217097146e-05,5.691570887388445e-10,-0.13854518531072743
4.862500000000001,10199.777044067085,-1.3691441411399853e-05,5.364327383507645e-05,5.364327383507645e-05,5.646189741765544e-10,-0.13691441411399854
4.86875,10197.369784227298,-1.3526463211767985e-05,5.2856674493916527e-05,5.2856674493916527e-05,5.601355426785021e-10,-0.13526463211767986
4.875,10194.935230129531,-1.3359614438181108e-05,5.2075256358427574e-05,5.2075256358427574e-05,5.557074142582167e-10,-0.13359614438181108
4.8812500000000005,10192.473823923356,-1.3190925392756114e-05,5.129949287190271e-05,5.129949287190271e-05,5.513351988853994e-10,-0.13190925392756114
4.8875,10189.986004847453,-1.3020426178099148e-05,5.0529862976100014e-05,5.0529862976100014e-05,5.470194965520528e-10,-0.13020426178099148
4.893750000000001,10187.47220929319,-1.2848146701682137e-05,4.976685028816734e-05,4.976685028816734e-05,5.427608973371595e-10,-0.12848146701682137
4.9,10184.932870868382,-1.2674116680220364e-05,4.901094223679577e-05,4.901094223679577e-05,5.385599814699094e-10,-0.12674116680220365
4.90625,10182.368420461647,-1.2498365644052006e-05,4.8262629160187395e-05,4.8262629160187395e-05,5.34417319391476e-10,-0.12498365644052006
4.9125000000000005,10179.779286305682,-1.2320922941520653e-05,4.7522403368714566e-05,4.7522403368714566e-05,5.303334718153387e-10,-0.12320922941520653
4.91875,10177.165894041884,-1.2141817743361816e-05,4.6790758175428585e-05,4.6790758175428585e-05,5.263089897861532e-10,-0.12141817743361816
4.925000000000001,10174.528666784114,-1.1961079047094536e-05,4.6068186897842546e-05,4.6068186897842546e-05,5.223444147371647e-10,-0.11961079047094536
4.93125,10171.868025182861,-1.1778735681419348e-05,4.535518183466449e-05,4.535518183466449e-05,5.184402785461636e-10,-0.11778735681419349
4.9375,10169.184387489833,-1.1594816310623687e-05,4.465223322138909e-05,4.465223322138909e-05,5.145971035899819e-10,-0.11594816310623687
4.9437500000000005,10166.478169621822,-1.1409349438996187e-05,4.395982816886833e-05,4.395982816886833e-05,5.108154027975251e-10,-0.11409349438996187
4.95,10163.749785225902,-1.1222363415251085e-05,4.3278449589169877e-05,4.3278449589169877e-05,5.070956797013389e-10,-0.11222363415251085
4.956250000000001,10160.999645743526,-1.1033886436964297e-05,4.260857511319595e-05,4.260857511319595e-05,5.034384284877047e-10,-0.11033886436964296
4.9625,10158.228160475868,-1.0843946555022505e-05,4.1950676004671874e-05,4.1950676004671874e-05,4.998441340452605e-10,-0.10843946555022504
4.96875,10155.435736648948,-1.0652571678086863e-05,4.13052160752221e-05,4.13052160752221e-05,4.963132720121429e-10,-0.10652571678086864
4.9750000000000005,10152.622779478676,-1.045978957707299e-05,4.067265060532925e-05,4.0674189650678094e-05,4.928463088216432e-10,-0.1045978957707299
4.98125,10149.789692236965,-1.0265627889648772e-05,4.005342527601929e-05,4.0089884050997624e-05,4.894437017463737e-10,-0.10265627889648772
4.987500000000001,10146.936876317,-1.0070114124751889e-05,3.9447975116130525e-05,3.9553839660997204e-05,4.861058989409356e-10,-0.10070114124751889
4.99375,10144.064731300241,-9.873275667128693e-06,3.885672347000658e-05,3.905642151402412e-05,4.828333394830836e-10,-0.09873275667128693
5.0,10141.173655022243,-9.675139781896476e-06,3.8280080990402914e-05,3.859115149183054e-05,4.796264534133774e-10,-0.09675139781896476
5.0062500000000005,10138.264043640364,-9.475733619130928e-06,3.771844466131225e-05,3.8153519366333305e-05,4.764856617733126e-10,-0.09475733619130929
5.0125,10135.336291700229,-9.275084218480912e-06,3.717219685529801e-05,3.774004049364975e-05,4.734113766419231e-10,-0.09275084218480911
5.018750000000001,10132.390792204242,-9.07321851381256e-06,3.6641704429775616e-05,3.7348632874379444e-05,4.70404001170843e-10,-0.0907321851381256
5.025,10129.427936679404,-8.870163337884904e-06,3.6127317866501426e-05,3.697671089995538e-05,4.674639296178193e-10,-0.08870163337884904
5.03125,10126.448115246087,-8.665945427059268e-06,3.562937045831822e-05,3.66227001074046e-05,4.6459154737866327e-10,-0.08665945427059268
5.0375000000000005,10123.451716687603,-8.460591426044732e-06,3.514817754696715e-05,3.628484679672985e-05,4.617872310176297e-10,-0.08460591426044732
5.04375,10120.439128519349,-8.25412789268212e-06,3.468403581550921e-05,3.596253260798394e-05,4.590513482962094e-10,-0.0825412789268212
5.050000000000001,10117.410737059825,-8.04658130276896e-06,3.4237222638608e-05,3.5654542643777156e-05,4.563842582003234e-10,-0.08046581302768961
5.05625,10114.366927501445,-7.837978054928059e-06,3.380799549361101e-05,3.5359686974170656e-05,4.537863109659026e-10,-0.07837978054928059
5.0625,10111.308083982189,-7.628344475522327e-06,3.339659143503173e-05,3.507760234752861e-05,4.512578481028391e-10,-0.07628344475522326
5.0687500000000005,10108.234589658141,-7.417706823618743e-06,3.300322663468228e-05,3.480797109124624e-05,4.4879920241729166e-10,-0.07417706823618743
5.075,10105.1468267766,-7.206091296004239e-06,3.2628095989338345e-05,3.454889687339404e-05,4.464106980323289e-10,-0.07206091296004238
5.081250000000001,10102.045176750065,-6.993524032256641e-06,3.2271372797438485e-05,3.430174912189039e-05,4.440926504068915e-10,-0.06993524032256641
5.0875,10098.930020231292,-6.78003111987373e-06,3.1933208505930994e-05,3.406485783472872e-05,4.418453663530547e-10,-0.0678003111987373
5.09375,10095.801737188656,-6.565638599463722e-06,3.161373252798651e-05,3.3837525072089976e-05,4.3966914405156987e-10,-0.06565638599463722
5.1000000000000005,10092.660706982993,-6.3503724700005875e-06,3.1313052131897096e-05,3.362016631942869e-05,4.3756427306566466e-10,-0.06350372470000587
5.10625,10089.507308445542,-6.134258694147672e-06,3.1031252401085257e-05,3.3413418139318445e-05,4.3553103435307823e-10,-0.06134258694147672
5.112500000000001,10086.341919956378,-5.9173232036534195e-06,3.0768396264752546e-05,3.32150935156689e-05,4.335697002763083e-10,-0.05917323203653419
5.11875,10083.164919524279,-5.699591904822965e-06,3.052452459831059e-05,3.3025485023664884e-05,4.3168053461104443e-10,-0.056995919048229655
5.125,10079.97668486763,-5.48109068406965e-06,3.0299656392359644e-05,3.284474282787812e-05,4.298637925527613e-10,-0.054810906840696505
5.1312500000000005,10076.777593497116,-5.261845413550588e-06,3.0093788988615284e-05,3.26725569050939e-05,4.28119720721444e-10,-0.05261845413550588
5.1375,10073.568022798707,-5.0418819568907154e-06,2.990689838083384e-05,3.250926228209035e-05,4.264485571644161e-10,-0.050418819568907154
5.143750000000001,10070.34835011859,-4.821226174999832e-06,2.973893957845587e-05,3.235485368075691e-05,4.248505313572396e-10,-0.04821226174999832
5.15,10067.118952850278,-4.599903931987309e-06,2.958984703037518e-05,3.220846255007688e-05,4.233258642026545e-10,-0.04599903931987309
5.15625,10063.880208520968,-4.377941101179597e-06,2.9459535105952e-05,3.207010330175303e-05,4.2187476802752353e-10,-0.04377941101179597
5.1625000000000005,10060.632494882231,-4.1553635712454525e-06,2.934789863012422e-05,3.1939818027940064e-05,4.20497446577747e-10,-0.041553635712454524
5.16875,10057.376190000396,-3.932197252434424e-06,2.9254813469231772e-05,3.181764876165442e-05,4.191940950111098e-10,-0.03932197252434424
5.175000000000001,10054.111672349496,-3.708468082934105e-06,2.9180137163958023e-05,3.1703637367122186e-05,4.1796489988802077e-10,-0.03708468082934105
5.18125,10050.83932090572,-3.4842020353520226e-06,2.9123709605609362e-05,3.1597825422813964e-05,4.168100391601045e-10,-0.03484202035352023
5.1875,10047.559515243958,-3.259425123328174e-06,2.9085353751800727e-05,3.150025409755254e-05,4.157296821566005e-10,-0.03259425123328174
5.1937500000000005,10044.272635636498,-3.0341634082845145e-06,2.9064876377491496e-05,3.141096402010854e-05,4.147239895685258e-10,-0.030341634082845143
5.2,10040.979063153152,-2.8084430063179643e-06,2.9062068857223106e-05,3.1329995142728e-05,4.137931134305524e-10,-0.028084430063179643
5.206250000000001,10037.679179764367,-2.5822900952436456e-06,2.90767079743467e-05,3.125738659906436e-05,4.1293719710055035e-10,-0.025822900952436455
5.2125,10034.373368446455,-2.355730921795408e-06,2.910855675299638e-05,3.1193176557015255e-05,4.1215637523674455e-10,-0.02355730921795408
5.21875,10031.062013288374,-2.128791808990925e-06,2.915736530855992e-05,3.113794901163355e-05,4.1145077377242964e-10,-0.02128791808990925
5.2250000000000005,10027.745499602484,-1.9014991636687818e-06,2.9222871712424126e-05,3.109238583146837e-05,4.108205098881871e-10,-0.01901499163668782
5.23125,10024.42421403677,-1.6738794842053694e-06,2.930480286682443e-05,3.105610872743839e-05,4.102656919815446e-10,-0.016738794842053695
5.237500000000001,10021.098544689972,-1.4459593684195183e-06,2.940287538570749e-05,3.102969016061392e-05,4.097864196340151e-10,-0.014459593684195183
5.24375,10017.768881230459,-1.217765521673005e-06,2.9516796477619433e-05,3.101244467739029e-05,4.0938278357545094e-10,-0.01217765521673005
5.25,10014.435615016431,-9.89324765175417e-07,2.9646264826759423e-05,3.1006221197182486e-05,4.0905486564564565e-10,-0.00989324765175417
5.2562500000000005,10011.099139221296,-7.606640445018201e-07,2.9790971468486605e-05,3.1011720589459865e-05,4.088027387531119e-10,-0.007606640445018201
5.2625,10007.75984896028,-5.318104383321044e-07,2.9950600655736977e-05,3.102762753191501e-05,4.086264668309633e-10,-0.005318104383321044
5.268750000000001,10004.418141421898,-3.027911674207993e-07,3.0124830712991564e-05,3.1057693288027584e-05,4.0852610478982266e-10,-0.003027911674207993
5.275,10001.07441600181,-7.36336038064561e-08,3.031333487463882e-05,3.110017339430047e-05,4.0850169846767827e-10,-0.0007363360380645609
5.28125,9997.72907444149,1.556347197303752e-07,3.0515782104787592e-05,3.115802053711668e-05,4.0855328457660456e-10,0.001556347197303752
5.2875000000000005,9994.382520969511,3.849860999513331e-07,3.073183789581233e-05,3.123248914164284e-05,4.0868089064626304e-10,0.0038498609995133307
5.29375,9991.035162447066,6.143926531774197e-07,3.0961165043145685e-05,3.1325195413365735e-05,4.0888453496409413e-10,0.006143926531774197
5.300000000000001,9987.687408518224,8.438263050300831e-07,3.120342439407389e-05,3.143982098679587e-05,4.0916422651210835e-10,0.008438263050300831
5.30625,9984.339671763373,1.0732587798870388e-06,3.14582755685348e-05,3.158122394619619e-05,4.095199649001831e-10,0.010732587798870388
5.3125,9980.992367857589,1.3026615900439505e-06,3.1725377650165e-05,3.175878518212494e-05,4.099517402957665e-10,0.013026615900439504
5.3187500000000005,9977.645915732699,1.532006024573167e-06,3.200438984608962e-05,3.200438984608962e-05,4.104595333498889e-10,0.015320060245731671
5.325,9974.300737745229,1.761263137871163e-06,3.229497211419292e-05,3.229497211419292e-05,4.110433151193776e-10,0.01761263137871163
5.331250000000001,9970.957259847615,1.9904037378864343e-06,3.259678575684961e-05,3.259678575684961e-05,4.1170304698517066e-10,0.019904037378864342
5.3375,9967.615911764638,2.219398374020218e-06,3.2909493980332516e-05,3.2909493980332516e-05,4.1243868056661943e-10,0.022193983740202178
5.34375,9964.277127175266,2.448217324692895e-06,3.3232762419341334e-05,3.3232762419341334e-05,4.132501576316704e-10,0.02448217324692895
5.3500000000000005,9960.941343898667,2.6768305845694805e-06,3.356625962631773e-05,3.356625962631773e-05,4.1413741000281254e-10,0.026768305845694805
5.35625,9957.609004086073,2.905207851438459e-06,3.3909657525422934e-05,3.3909657525422934e-05,4.151003594586759e-10,0.02905207851438459
5.362500000000001,9954.280554416973,3.1333185127389405e-06,3.426263183125391e-05,3.426263183125391e-05,4.161389176311642e-10,0.031333185127389404
5.36875,9950.9564463013,3.3611316317322184e-06,3.4624862432562444e-05,3.4624862432562444e-05,4.1725298589800407e-10,0.033611316317322185
5.375,9947.637136085808,3.588615933314772e-06,3.4996033741417e-05,3.4996033741417e-05,4.18442455270592e-10,0.03588615933314772
5.3812500000000005,9944.323085267028,3.81573978947119e-06,3.5375835008409164e-05,3.5375835008409164e-05,4.1970720627701937e-10,0.0381573978947119
5.3875,9941.014760708407,4.042471204366709e-06,3.576396060465538e-05,3.576396060465538e-05,4.210471088401564e-10,0.04042471204366709
5.393750000000001,9937.712634863072,4.268777799080718e-06,3.616011027147846e-05,3.616011027147846e-05,4.2246202215067607e-10,0.04268777799080718
5.4,9934.417186001981,4.494626795984325e-06,3.656398933877365e-05,3.656398933877365e-05,4.2395179453489945e-10,0.04494626795984325
5.40625,9931.128898446757,4.719985002766884e-06,3.6975308913169375e-05,3.6975308913169375e-05,4.2551626331734724e-10,0.04719985002766884
5.4125000000000005,9927.848262807807,4.9448187961185605e-06,3.7393786037184275e-05,3.7393786037184275e-05,4.2715525467788197e-10,0.04944818796118561
5.41875,9924.575776227708,5.16909410507827e-06,3.781914382065903e-05,3.781914382065903e-05,4.2886858350333145e-10,0.0516909410507827
5.425000000000001,9921.311942628314,5.392776394058702e-06,3.8251111545805216e-05,3.8251111545805216e-05,4.3065605323348533e-10,0.05392776394058702
5.43125,9918.057272963388,5.615830645562934e-06,3.868942474726347e-05,3.868942474726347e-05,4.325174557013632e-10,0.05615830645562934
5.4375,9914.812285474582,5.838221342609908e-06,3.913382526860016e-05,3.913382526860016e-05,4.3445257096765734e-10,0.058382213426099075
5.4437500000000005,9911.57750595235,6.059912450889219e-06,3.958406129669742e-05,3.958406129669742e-05,4.3646116714926073e-10,0.06059912450889219
5.45,9908.353467999512,6.2808674006688365e-06,4.00398873755046e-05,4.00398873755046e-05,4.385430002417981e-10,0.06280867400668837
5.456250000000001,9905.140713298946,6.501049068483044e-06,4.050106440062186e-05,4.050106440062186e-05,4.4069781393608756e-10,0.06501049068483045
5.4625,9901.939791882734,6.720419758631349e-06,4.0967359596179584e-05,4.0967359596179584e-05,4.4292533942846955e-10,0.06720419758631349
5.46875,9898.751262405212,6.938941184523371e-06,4.143854647546053e-05,4.143854647546053e-05,4.4522529522495285e-10,0.0693894118452337
5.4750000000000005,9895.57569241651,7.156574449908543e-06,4.191440478668697e-05,4.191440478668697e-05,4.475973869391388e-10,0.07156574449908543
5.48125,9892.413658637255,7.373280030033924e-06,4.239472044536223e-05,4.239472044536223e-05,4.500413070839002e-10,0.07373280030033924
5.487500000000001,9889.265747234176,7.589017752777948e-06,4.2879285454517304e-05,4.2879285454517304e-05,4.5255673485680694e-10,0.07589017752777948
5.49375,9886.132554094895,7.803746779812621e-06,4.3367897814167825e-05,4.3367897814167825e-05,4.5514333591930766e-10,0.07803746779812622
5.5,9883.014685101776,8.017425587851515e-06,4.3860361421236936e-05,4.3860361421236936e-05,4.578007621696959e-10,0.08017425587851515
5.5062500000000005,9879.912756402513,8.2300119500459e-06,4.4356485961145125e-05,4.4356485961145125e-05,4.605286515099102e-10,0.082300119500459
5.5125,9876.827394679616,8.441462917596684e-06,4.4856086792210475e-05,4.4856086792210475e-05,4.6332662760623864e-10,0.08441462917596683
5.518750000000001,9873.759237413647,8.651734801654889e-06,4.535898482394248e-05,4.535898482394248e-05,4.661942996440251e-10,0.08651734801654888
5.525,9870.708933142529,8.860783155588922e-06,4.586500639025007e-05,4.586500639025007e-05,4.691312620764973e-10,0.08860783155588922
5.53125,9867.677141713124,9.068562757702185e-06,4.637398311852107e-05,4.637398311852107e-05,4.721370943678662e-10,0.09068562757702185
5.5375000000000005,9864.664534526119,9.275027594490285e-06,4.688575179546556e-05,4.688575179546556e-05,4.75211360730877e-10,0.09275027594490284
5.54375,9861.671794770684,9.480130844532272e-06,4.7400154230551704e-05,4.7400154230551704e-05,4.783536098590197e-10,0.09480130844532272
5.550000000000001,9858.6996176489,9.683824863116122e-06,4.7917037117797905e-05,4.7917037117797905e-05,4.815633746536443e-10,0.09683824863116122
5.55625,9855.748710588128,9.886061167703777e-06,4.8436251896622574e-05,4.8436251896622574e-05,4.848401719462575e-10,0.09886061167703777
5.5625,9852.819793438803,1.0086790424346633e-05,4.895765461239037e-05,4.895765461239037e-05,4.881835022163183e-10,0.10086790424346632
5.5687500000000005,9849.913598657186,1.0285962435167212e-05,4.948110577723393e-05,4.948110577723393e-05,4.915928493048824e-10,0.10285962435167212
5.575,9847.030871470983,1.0483526127028057e-05,5.000647023167162e-05,5.000647023167162e-05,4.950676801244924e-10,0.10483526127028057
5.581250000000001,9844.172370025331,1.0679429541513302e-05,5.053361700748587e-05,5.053361700748587e-05,4.986074443657461e-10,0.10679429541513302
5.5875,9841.338865507738,1.0873619826352998e-05,5.1062419192273267e-05,5.1062419192273267e-05,5.022115742010236e-10,0.10873619826352998
5.59375,9838.531142250493,1.1066043228424316e-05,5.159275379602655e-05,5.159275379602655e-05,5.058794839858934e-10,0.11066043228424316
5.6000000000000005,9835.749997807952,1.1256645088467519e-05,5.212450162006055e-05,5.212450162006055e-05,5.09610569958768e-10,0.11256645088467519
5.60625,9832.996243005833,1.1445369837657662e-05,5.2657547128549024e-05,5.2657547128549024e-05,5.134042099394222e-10,0.11445369837657662
5.612500000000001,9830.27070196261,1.1632160996176107e-05,5.319177832289709e-05,5.319177832289709e-05,5.172597630270393e-10,0.11632160996176107
5.61875,9827.574212079338,1.1816961173927864e-05,5.372708661913452e-05,5.372708661913452e-05,5.211765692984936e-10,0.11816961173927863
5.625,9824.907623994852,1.1999712073552386e-05,5.426336672847906e-05,5.426336672847906e-05,5.251539495076319e-10,0.11999712073552386
5.6312500000000005,9822.271801506911,1.2180354495876667e-05,5.4800516541185175e-05,5.4800516541185175e-05,5.291912047863618e-10,0.12180354495876668
5.6375,9819.667621454537,1.235882834795937e-05,5.5338437013763824e-05,5.5338437013763824e-05,5.332876163484067e-10,0.1235882834795937
5.643750000000001,9817.095973560601,1.2535072653874427e-05,5.587703205963041e-05,5.587703205963041e-05,5.374424451966352e-10,0.12535072653874427
5.65,9814.557760232987,1.2709025568381059e-05,5.641620844321368e-05,5.641620844321368e-05,5.416549318349206e-10,0.1270902556838106
5.65625,9812.053896319538,1.2880624393624929e-05,5.695587567753571e-05,5.695587567753571e-05,5.459242959855373e-10,0.1288062439362493
5.6625000000000005,9809.585308819693,1.304980559901209e-05,5.749594592525322e-05,5.749594592525322e-05,5.50249736313144e-10,0.1304980559901209
5.66875,9807.152936544977,1.321650484439312e-05,5.80363339031332e-05,5.80363339031332e-05,5.546304301564512e-10,0.1321650484439312
5.675000000000001,9804.757729731098,1.3380657006689893e-05,5.8576956789920604e-05,5.8576956789920604e-05,5.590655332687145e-10,0.13380657006689892
5.68125,9802.400649597124,1.3542196210091113e-05,5.911773413754205e-05,5.911773413754205e-05,5.635541795682367e-10,0.13542196210091112
5.6875,9800.082667851213,1.3701055859935714e-05,5.965858778557918e-05,5.965858778557918e-05,5.680954809001006e-10,0.13701055859935715
5.6937500000000005,9797.80476614049,1.385716868039483e-05,6.019944177893511e-05,6.019944177893511e-05,5.72688526810391e-10,0.1385716868039483
5.7,9795.56793544494,1.4010466756053751e-05,6.074022228861003e-05,6.074022228861003e-05,5.773323843342009e-10,0.14010466756053752
5.706250000000001,9793.373175411583,1.4160881577484653e-05,6.128085753549554e-05,6.128085753549554e-05,5.820260977987411e-10,0.14160881577484652
5.7125,9791.221493630688,1.4308344090889546e-05,6.182127771709246e-05,6.182127771709246e-05,5.86768688642906e-10,0.14308344090889547
5.71875,9789.11390485105,1.4452784751880018e-05,6.236141493705324e-05,6.236141493705324e-05,5.91559155254664e-10,0.14452784751880018
5.7250000000000005,9787.05143013397,1.4594133583446602e-05,6.290120313744728e-05,6.290120313744728e-05,5.963964728276629e-10,0.14594133583446603
5.73125,9785.035095945512,1.4732320238155923e-05,6.344057803364622e-05,6.344057803364622e-05,6.012795932384497e-10,0.14732320238155924
5.737500000000001,9783.06593318745,1.4867274064597756e-05,6.397947705172543e-05,6.397947705172543e-05,6.062074449457165e-10,0.14867274064597757
5.74375,9781.144976165195,1.4998924178087498e-05,6.451783926827757e-05,6.451783926827757e-05,6.111789329129799e-10,0.14998924178087497
5.75,9779.273261494536,1.5127199535611608e-05,6.505560535253567e-05,6.505560535253567e-05,6.161929385561015e-10,0.15127199535611607
5.7562500000000005,9777.451826946313,1.5252029014985168e-05,6.559271751070321e-05,6.559271751070321e-05,6.212483197170468e-10,0.1525202901498517
5.7625,9775.681710230965,1.537334149817113e-05,6.612911943239181e-05,6.612911943239181e-05,6.263439106652594e-10,0.1537334149817113
5.768750000000001,9773.963947722981,1.549106595869084e-05,6.666475623906784e-05,6.666475623906784e-05,6.314785221280086e-10,0.1549106595869084
5.775,9772.29957312697,1.5605131553034552e-05,6.719957443441302e-05,6.719957443441302e-05,6.366509413510362e-10,0.1560513155303455
5.78125,9770.689616087395,1.5715467715959608e-05,6.773352185650547e-05,6.773352185650547e-05,6.418599321907893e-10,0.15715467715959608
5.7875000000000005,9769.135100742926,1.58220042595419e-05,6.826654763173193e-05,6.826654763173193e-05,6.471042352394851e-10,0.158220042595419
5.79375,9767.63704422901,1.592467147582472e-05,6.879860213034332e-05,6.879860213034332e-05,6.523825679841994e-10,0.1592467147582472
5.800000000000001,9766.196455129939,1.6023400242886538e-05,6.932963692357073e-05,6.932963692357073e-05,6.576936250011108e-10,0.16023400242886537
5.80625,9764.81433188443,1.611812213412734e-05,6.98596047422202e-05,6.98596047422202e-05,6.630360781859707e-10,0.16118122134127338
5.8125,9763.4916611468,1.620876953055078e-05,7.038845943666957e-05,7.038845943666957e-05,6.684085770217874e-10,0.16208769530550782
5.8187500000000005,9762.229416109325,1.6295275735797902e-05,7.091615593819242e-05,7.091615593819242e-05,6.738097488846408e-10,0.162952757357979
5.825,9761.028554786633,1.6377575093666193e-05,7.14426502215384e-05,7.14426502215384e-05,6.792381993884486e-10,0.16377575093666194
5.831250000000001,9759.890018269158,1.64556031078272e-05,7.196789926870144e-05,7.196789926870144e-05,6.846925127694138e-10,0.164556031078272
5.8375,9758.814728948957,1.6529296563435424e-05,7.249186103381095e-05,7.249186103381095e-05,6.901712523107803e-10,0.16529296563435425
5.84375,9757.80358872194,1.6598593650301768e-05,7.301449440908366e-05,7.301449440908366e-05,6.956729608084155e-10,0.16598593650301768
5.8500000000000005,9756.857477173306,1.666343408728643e-05,7.353575919177689e-05,7.353575919177689e-05,7.011961610776226e-10,0.1666343408728643
5.85625,9755.977249749654,1.6723759247548644e-05,7.405561605208616e-05,7.405561605208616e-05,7.067393565014693e-10,0.16723759247548645
5.862500000000001,9755.16373592449,1.677951228427478e-05,7.457402650193341e-05,7.457402650193341e-05,7.123010316207882e-10,0.1677951228427478
5.86875,9754.417737362472,1.683063825649162e-05,7.5090952864594e-05,7.5090952864594e-05,7.178796527658802e-10,0.1683063825649162
5.875,9753.74002608838,1.6877084254558457e-05,7.560635824511303e-05,7.560635824511303e-05,7.234736687298123e-10,0.16877084254558458
5.8812500000000005,9753.131342666755,1.691879952492059e-05,7.612020650146417e-05,7.612020650146417e-05,7.290815114830656e-10,0.1691879952492059
5.8875,9752.592394398433,1.695573559369688e-05,7.663246221640582e-05,7.663246221640582e-05,7.347015969291481e-10,0.16955735593696877
5.893750000000001,9752.123853540808,1.6987846388666786e-05,7.714309066999152e-05,7.714309066999152e-05,7.403323257006394e-10,0.16987846388666786
5.9,9751.726355557383,1.70150883592165e-05,7.765205781269374e-05,7.765205781269374e-05,7.459720839949942e-10,0.17015088359216501
5.90625,9751.400497404231,1.703742059380054e-05,7.815933023910126e-05,7.815933023910126e-05,7.516192444492772e-10,0.1703742059380054
5.9125000000000005,9751.146835858364,1.7054804934473838e-05,7.866487516215287e-05,7.866487516215287e-05,7.572721670528617e-10,0.17054804934473838
5.91875,9750.965885896285,1.706720608805058e-05,7.91686603878707e-05,7.91686603878707e-05,7.629292000969722e-10,0.1706720608805058
5.925000000000001,9750.85811912714,1.7074591733449298e-05,7.967065429055879e-05,7.967065429055879e-05,7.685886811598067e-10,0.17074591733449299
5.93125,9750.823962288714,1.7076932624789666e-05,8.017082578843342e-05,8.017082578843342e-05,7.742489381258323e-10,0.17076932624789665
5.9375,9750.863795811174,1.707420268981456e-05,8.066914431965288e-05,8.066914431965288e-05,7.799082902377017e-10,0.1707420268981456
5.9437500000000005,9750.977952455656,1.7066379123221504e-05,8.116557981871598e-05,8.116557981871598e-05,7.855650491791066e-10,0.17066379123221503
5.95,9751.166716031574,1.7053442474500532e-05,8.166010269319912e-05,8.166010269319912e-05,7.912175201867444e-10,0.17053442474500533
5.956250000000001,9751.430320202078,1.7035376729890937e-05,8.215268380080345e-05,8.215268380080345e-05,7.968640031894507e-10,0.1703537672989094
5.9625,9751.768947378534,1.7012169388086866e-05,8.264329442668385e-05,8.264329442668385e-05,8.025027939724243e-10,0.17012169388086865
5.96875,9752.182727712268,1.6983811529341455e-05,8.313190626103295e-05,8.313190626103295e-05,8.08132185364358e-10,0.16983811529341455
5.9750000000000005,9752.671738187548,1.695029787764145e-05,8.361849137689388e-05,8.361849137689388e-05,8.137504684451761e-10,0.1695029787764145
5.98125,9753.236001820129,1.6911626855648082e-05,8.410302220817629e-05,8.410302220817629e-05,8.193559337719849e-10,0.16911626855648082
5.987500000000001,9753.875486964529,1.6867800632125863e-05,8.458547152785095e-05,8.458547152785095e-05,8.249468726207407e-10,0.16867800632125862
5.99375,9754.590106735872,1.6818825161609066e-05,8.50658124262987e-05,8.50658124262987e-05,8.305215782410679e-10,0.16818825161609066
6.0,9755.37971854753,1.6764710216084613e-05,8.554401828979038e-05,8.554401828979038e-05,8.360783471215777e-10,0.16764710216084613
6.0062500000000005,9756.244123767592,1.6705469408501412e-05,8.602006277907451e-05,8.602006277907451e-05,8.416154802629789e-10,0.1670546940850141
6.0125,9757.183067498061,1.6641120207948154e-05,8.649391980805049e-05,8.649391980805049e-05,8.471312844562198e-10,0.16641120207948154
6.018750000000001,9758.196238476325,1.657168394637502e-05,8.696556352250502e-05,8.696556352250502e-05,8.526240735628583e-10,0.1657168394637502
6.025,9759.28326910177,1.649718581676907e-05,8.743496827889018e-05,8.743496827889018e-05,8.580921697948265e-10,0.16497185816769072
6.03125,9760.443735588293,1.6417654862728157e-05,8.790210862312188e-05,8.790210862312188e-05,8.6353390499074e-10,0.16417654862728157
6.0375000000000005,9761.677158241868,1.6333123959413624e-05,8.836695926937756e-05,8.836695926937756e-05,8.68947621885894e-10,0.16333123959413623
6.04375,9762.983001864042,1.6243629785898033e-05,8.882949507887243e-05,8.882949507887243e-05,8.743316753730934e-10,0.16243629785898034
6.050000000000001,9764.360676280541,1.6149212788960234e-05,8.928969103859381e-05,8.928969103859381e-05,8.796844337514833e-10,0.16149212788960232
6.05625,9765.809536992772,1.6049917138415572e-05,8.974752223997325e-05,8.974752223997325e-05,8.850042799605719e-10,0.1604991713841557
6.0625,9767.328885951249,1.594579067410497e-05,9.020296385747597e-05,9.020296385747597e-05,8.902896127966848e-10,0.1594579067410497
6.0687500000000005,9768.91797244882,1.583688484470112e-05,9.065599112708799e-05,9.065599112708799e-05,8.955388481091341e-10,0.1583688484470112
6.075,9770.575994130055,1.572325463852447e-05,9.110657932468057e-05,9.110657932468057e-05,9.007504199734577e-10,0.1572325463852447
6.081250000000001,9772.302098113638,1.5604958506594548e-05,9.155470374423233e-05,9.155470374423233e-05,9.059227818391519e-10,0.1560495850659455
6.0875,9774.095382225254,1.548205827817436e-05,9.200033967588878e-05,9.200033967588878e-05,9.110544076494124e-10,0.15482058278174357
6.09375,9775.95489633508,1.5354619069095946e-05,9.244346238383964e-05,9.244346238383964e-05,9.161437929304877e-10,0.15354619069095946
6.1000000000000005,9777.879643795764,1.5222709183184164e-05,9.288404708399363e-05,9.288404708399363e-05,9.211894558483597e-10,0.15222709183184163
6.10625,9779.868582977157,1.508640000712318e-05,9.332206892143091e-05,9.332206892143091e-05,9.261899382305767e-10,0.1508640000712318
6.112500000000001,9781.920628889946,1.4945765899135115e-05,9.375750294761283e-05,9.375750294761283e-05,9.311438065511885e-10,0.14945765899135116
6.11875,9784.034654895057,1.4800884071863873e-05,9.419032409732883e-05,9.419032409732883e-05,9.360496528768624e-10,0.14800884071863873
6.125,9786.209494490799,1.4651834469878077e-05,9.462050716535977e-05,9.462050716535977e-05,9.40906095772397e-10,0.14651834469878078
6.1312500000000005,9788.443943172391,1.4498699642225784e-05,9.504802678283757e-05,9.504802678283757e-05,9.45711781163993e-10,0.14498699642225785
6.1375,9790.736760357651,1.434156461049023e-05,9.547285739328001e-05,9.547285739328001e-05,9.50465383158791e-10,0.1434156461049023
6.143750000000001,9793.086671370664,1.4180516732809492e-05,9.589497322828004e-05,9.589497322828004e-05,9.551656048193374e-10,0.14180516732809492
6.15,9795.492369477952,1.4015645564334617e-05,9.631434828282853e-05,9.631434828282853e-05,9.598111788917975e-10,0.14015645564334617
6.15625,9797.952517969705,1.384704271460937e-05,9.673095629024918e-05,9.673095629024918e-05,9.644008684868975e-10,0.1384704271460937
6.1625000000000005,9800.465752278678,1.3674801702361152e-05,9.714477069672445e-05,9.714477069672445e-05,9.689334677127354e-10,0.13674801702361153
6.16875,9803.030682129041,1.3499017808196131e-05,9.755576463539098e-05,9.755576463539098e-05,9.734078022587668e-10,0.13499017808196132
6.175000000000001,9805.645893709667,1.3319787925692779e-05,9.796391089998314e-05,9.796391089998314e-05,9.778227299304343e-10,0.1331978792569278
6.18125,9808.309951862824,1.3137210411386456e-05,9.836918191800307e-05,9.836918191800307e-05,9.821771411340746e-10,0.13137210411386457
6.1875,9811.021402282277,1.2951384934133791e-05,9.877154972339592e-05,9.877154972339592e-05,9.86469959311895e-10,0.12951384934133792
6.1937500000000005,9813.778773713084,1.276241232433905e-05,9.917098592870879e-05,9.917098592870879e-05,9.907001413269757e-10,0.1276241232433905
6.2,9816.58058014684,1.2570394423516051e-05,9.956746169671225e-05,9.956746169671225e-05,9.94866677798409e-10,0.12570394423516051
6.206250000000001,9819.425323005147,1.2375433934648123e-05,9.996094771146341e-05,9.996094771146341e-05,9.989685933868383e-10,0.12375433934648124
6.2125,9822.311493304922,1.2177634273795567e-05,0.00010035141414879001,0.00010035141414879001,1.0030049470308121e-09,0.12177634273795566
6.21875,9825.237573798799,1.19770994233847e-05,0.0001007388306461753,0.0001007388306461753,1.0069748321345093e-09,0.119770994233847
6.2250000000000005,9828.20204108559,1.1773933787595933e-05,0.0001011231662720243,0.0001011231662720243,1.010877376707533e-09,0.11773933787595933
6.23125,9831.203367683804,1.1568242050249236e-05,0.00010150438949429239,0.00010150438949429239,1.014711743457598e-09,0.11568242050249236
6.237500000000001,9834.240024063167,1.1360129035565317e-05,0.0001018824681484587,0.0001018824681484587,1.018477129837068e-09,0.11360129035565317
6.24375,9837.310480629565,1.114969957215901e-05,0.00010225736940482695,0.00010225736940482695,1.0221727680444116e-09,0.11149699572159011
6.25,9840.413209656725,1.0937058360598484e-05,0.00010262905973513869,0.00010262905973513869,1.025797924981761e-09,0.10937058360598484
6.2562500000000005,9843.546687163282,1.072230984483996e-05,0.00010299750487848439,0.00010299750487848439,1.029351902169856e-09,0.10722309844839961
6.2625,9846.709394727251,1.0505558087822665e-05,0.0001033626698065,0.0001033626698065,1.0328340356217537e-09,0.10505558087822664
6.268750000000001,9849.8998212368,1.028690665148319e-05,0.00010372451868783912,0.00010372451868783912,1.036243695676768e-09,0.10286906651483191
6.275,9853.116464573335,1.0066458481422501e-05,0.00010408301485191148,0.00010408301485191148,1.0395802867961805e-09,0.10066458481422501
6.28125,9856.35783322361,9.844315796432105e-06,0.00010443812075188301,0.00010443812075188301,1.0428432473223362e-09,0.09844315796432104
6.2875000000000005,9859.622447817774,9.620579983059537e-06,0.00010478979792693395,0.00010478979792693395,1.0460320492027904e-09,0.09620579983059536
6.29375,9862.908842592364,9.395351495366488e-06,0.00010513800696377531,0.00010513800696377531,1.0491461976812302e-09,0.09395351495366489
6.300000000000001,9866.215566775025,9.168729760006541e-06,0.00010548270745742752,0.00010548270745742752,1.0521852309569337e-09,0.09168729760006541
6.30625,9869.541185890932,8.940813086723234e-06,0.00010582385797126874,0.00010582385797126874,1.0551487198145634e-09,0.08940813086723234
6.3125,9872.884282988034,8.711698584343429e-06,0.00010616141599636428,0.00010616141599636428,1.0580362672261145e-09,0.08711698584343429
6.3187500000000005,9876.243459782418,8.481482082315942e-06,0.0001064953379100939,0.0001064953379100939,1.0608475079268573e-09,0.08481482082315941
6.325,9879.617337721329,8.250258057820823e-06,0.00010682557893409806,0.00010682557893409806,1.0635821079671185e-09,0.08250258057820824
6.331250000000001,9883.004558966108,8.018119568451277e-06,0.00010715209309157042,0.00010715209309157042,1.0662397642417512e-09,0.08018119568451278
6.3375,9886.403787292766,7.785158190447479e-06,0.00010747483316392873,0.00010747483316392873,1.0688202039991303e-09,0.07785158190447479
6.34375,9889.813708913409,7.551463962440058e-06,0.00010779375064690376,0.00010779375064690376,1.0713231843315024e-09,0.07551463962440058
6.3500000000000005,9893.233033217195,7.317125334640592e-06,0.00010810879570609234,0.00010810879570609234,1.0737484916484945e-09,0.07317125334640592
6.35625,9896.6604934337,7.082229123397208e-06,0.00010841991713202749,0.00010841991713202749,1.076095941135559e-09,0.07082229123397209
6.362500000000001,9900.094847219125,6.846860471015551e-06,0.000108727062294827,0.000108727062294827,1.0783653761991028e-09,0.0684686047101555
6.36875,9903.534877167167,6.611102810728626e-06,0.0001090301770984901,0.0001090301770984901,1.0805566679000032e-09,0.06611102810728627
6.375,9906.979391247509,6.3750378366839685e-06,0.00010932920593492009,0.00010932920593492009,1.082669714377178e-09,0.06375037836683968
6.3812500000000005,9910.427223172132,6.138745478802613e-06,0.00010962409163776086,0.00010962409163776086,1.0847044402628217e-09,0.06138745478802613
6.3875,9913.877232693818,5.902303882351959e-06,0.00010991477543614454,0.00010991477543614454,1.0866607960908692e-09,0.059023038823519586
6.393750000000001,9917.328305837078,5.6657893920635525e-06,0.00011020119690845761,0.00011020119690845761,1.0885387577001987e-09,0.05665789392063553
6.4,9920.779355067405,5.42927654061739e-06,0.0001104832939362441,0.0001104832939362441,1.0903383256340148e-09,0.0542927654061739
6.40625,9924.229319397453,5.192838041305868e-06,0.00011076100265837513,0.00011076100265837513,1.092059524536801e-09,0.05192838041305868
6.4125000000000005,9927.67716443588,4.9565447846838365e-06,0.00011103425742562564,0.00011103425742562564,1.0937024025501627e-09,0.04956544784683836
6.41875,9931.121882381707,4.720465839005809e-06,0.00011130299075581159,0.00011130299075581159,1.0952670307088128e-09,0.047204658390058093
6.425000000000001,9934.562491964782,4.484668454246921e-06,0.00011156713328965249,0.00011156713328965249,1.096753502337893e-09,0.044846684542469206
6.43125,9937.998038338186,4.249218069501571e-06,0.00011182661374753742,0.00011182661374753742,1.0981619324527454e-09,0.04249218069501571
6.4375,9941.427592924381,4.014178323551872e-06,0.00011208135888738507,0.00011208135888738507,1.099492457162187e-09,0.04014178323551872
6.4437500000000005,9944.850253217046,3.7796110683973018e-06,0.00011233129346380174,0.00011233129346380174,1.1007452330762704e-09,0.03779611068397302
6.45,9948.265142544355,3.545576385537732e-06,0.0001125763401887544,0.0001125763401887544,1.1019204367194401e-09,0.03545576385537732
6.456250000000001,9951.671409793276,3.3121326048031974e-06,0.00011281641969398928,0.00011281641969398928,1.1030182639499302e-09,0.033121326048031974
6.4625,9955.068229101418,3.0793363255265697e-06,0.00011305145049543994,0.00011305145049543994,1.1040389293861805e-09,0.030793363255265698
6.46875,9958.454799516689,2.8472424398583115e-06,0.00011328134895988179,0.00011328134895988179,1.1049826658409803e-09,0.028472424398583114
6.4750000000000005,9961.830344627919,2.615904158026787e-06,0.0001135060292741037,0.0001135060292741037,1.1058497237639841e-09,0.02615904158026787
6.48125,9965.194112172117,2.3853730353524946e-06,0.00011372540341688011,0.00011372540341688011,1.1066403706931827e-09,0.023853730353524946
6.487500000000001,9968.545373616178,2.155699000829863e-06,0.00011393938113403931,0.00011393938113403931,1.107354890715847e-09,0.021556990008298627
6.49375,9971.883423720155,1.926930387096534e-06,0.00011414786991693656,0.00011414786991693656,1.1079935839394051e-09,0.019269303870965343
6.5,9975.207580082037,1.6991139616165052e-06,0.00011435077498465208,0.00011435077498465208,1.1085567659726555e-09,0.016991139616165052
6.5062500000000005,9978.517182667887,1.4722949589104984e-06,0.00011454799927024453,0.00011454799927024453,1.1090447674176644e-09,0.014722949589104984
6.5125,9981.811593327855,1.2465171136742067e-06,0.00011473944341140175,0.00011473944341140175,1.1094579333726382e-09,0.012465171136742066
6.518750000000001,9985.090195303104,1.0218226946328103e-06,0.00011492500574583956,0.00011492500574583956,1.1097966229460187e-09,0.010218226946328103
6.525,9988.352392722114,7.982525389877915e-07,0.00011510458231180747,0.00011510458231180747,1.1100612087819958e-09,0.007982525389877915
6.53125,9991.597610092604,5.758460873202913e-07,0.00011527806685406848,0.00011527806685406848,1.1102520765975883e-09,0.005758460873202913
6.5375000000000005,9994.82529178641,3.5464141882305303e-07,0.00011544535083572468,0.00011544535083572468,1.1103696247314038e-09,0.0035464141882305305
6.54375,9998.034901523068,1.346752867413899e-07,0.00011560632345626663,0.00011560632345626663,1.1104142637041442e-09,0.001346752867413899
6.550000000000001,10001.225921850473,-8.40168460885404e-08,0.00011576087167622618,0.00011576087167622618,1.1103864157908928e-09,-0.0008401684608854039
6.55625,10004.397853627665,-3.0140077170755074e-07,0.00011590888024881479,0.00011590888024881479,1.110286514605176e-09,-0.0030140077170755075
6.5625,10007.550215506339,-5.174435016031326e-07,0.00011605023175892842,0.00011605023175892842,1.1101150046947706e-09,-0.005174435016031326
6.5687500000000005,10010.68254341798,-7.321132314687157e-07,0.00011618480666989805,0.00011618480666989805,1.109872341149192e-09,-0.007321132314687158
6.575,10013.794390062556,-9.453793062328266e-07,0.00011631248337836043,0.00011631248337836043,1.1095589892187714e-09,-0.009453793062328266
6.581250000000001,10016.885324403904,-1.1572121854308672e-06,0.00011643313827761728,0.00011643313827761728,1.1091754239452137e-09,-0.011572121854308672
6.5875,10019.954931170389,-1.3675834089852065e-06,0.00011654664582984183,0.00011654664582984183,1.1087221298034956e-09,-0.013675834089852065
6.59375,10023.00281036168,-1.576465563452403e-06,0.00011665287864748095,0.00011665287864748095,1.108199600354953e-09,-0.01576465563452403
6.6000000000000005,10026.028576764955,-1.7838322487895851e-06,0.00011675170758418728,0.00011675170758418728,1.1076083379113819e-09,-0.017838322487895852
6.60625,10029.031859477167,-1.98965804568594e-06,0.00011684300183559857,0.00011684300183559857,1.1069488532099693e-09,-0.019896580456859398
6.612500000000001,10032.012301437893,-2.193918483499076e-06,0.00011692662905026394,0.00011692662905026394,1.1062216650988508e-09,-0.02193918483499076
6.61875,10034.969558970548,-2.3965900088304017e-06,0.0001170024554509936,0.0001170024554509936,1.1054273002330846e-09,-0.023965900088304015
6.625,10037.903301333572,-2.597649954768336e-06,0.00011707034596688455,0.00011707034596688455,1.1045662927808194e-09,-0.02597649954768336
6.6312500000000005,10040.813210281764,-2.797076510823138e-06,0.00011713016437624802,0.00011713016437624802,1.1036391841394285e-09,-0.02797076510823138
6.6375,10043.698979638002,-2.9948486935723453e-06,0.00011718177346063304,0.00011718177346063304,1.1026465226613725e-09,-0.029948486935723453
6.643750000000001,10046.560314875544,-3.1909463180316192e-06,0.00011722503517010822,0.00011722503517010822,1.1015888633895527e-09,-0.03190946318031619
6.65,10049.396932710803,-3.3853499697616164e-06,0.00011725981079992778,0.00011725981079992778,1.1004667678019083e-09,-0.03385349969761616
6.65625,10052.208560707513,-3.5780409777178504e-06,0.00011728596117866914,0.00011728596117866914,1.099280803565014e-09,-0.0357804097771785
6.6625000000000005,10054.994936891137,-3.7690013878471036e-06,0.00011730334686788785,0.00011730334686788785,1.0980315442964289e-09,-0.03769001387847103
6.66875,10057.755809374885,-3.958213937430812e-06,0.00011731182837329151,0.00011731182837329151,1.0967195693355486e-09,-0.039582139374308115
6.675000000000001,10060.490935995933,-4.145662030173082e-06,0.00011731126636738827,0.00011731126636738827,1.095345463522716e-09,-0.04145662030173082
6.68125,10063.200083962496,-4.331329712028486e-06,0.00011730152192351529,0.00011730152192351529,1.0939098169863424e-09,-0.043313297120284866
6.6875,10065.88302951244,-4.515201647762395e-06,0.00011728245676110239,0.00011728245676110239,1.0924132249377999e-09,-0.04515201647762395
6.6937500000000005,10068.539557581347,-4.697263098234804e-06,0.00011725393350197198,0.00011725393350197198,1.090856287473841e-09,-0.04697263098234804
6.7,10071.169461481688,-4.877499898396722e-06,0.00011721581593742088,0.00011721581593742088,1.089239609386313e-09,-0.04877499898396722
6.706250000000001,10073.7725425916,-5.055898435986708e-06,0.00011716796930577348,0.00011716796930577348,1.0875637999789332e-09,-0.05055898435986708
6.7125,10076.348610054463,-5.232445630913776e-06,0.00011711026058003559,0.00011711026058003559,1.0858294728908977e-09,-0.05232445630913776
6.71875,10078.897480487987,-5.4071289153118515e-06,0.00011704255876522075,0.00011704255876522075,1.0840372459271007e-09,-0.05407128915311851
6.7250000000000005,10081.418977701944,-5.57993621425006e-06,0.00011696473520485803,0.00011696473520485803,1.0821877408947485e-09,-0.0557993621425006
6.73125,10083.912932427096,-5.750855927082198e-06,0.00011687666389613076,0.00011687666389613076,1.0802815834461547e-09,-0.05750855927082198
6.737500000000001,10086.379182051302,-5.919876909418393e-06,0.0001167782218130336,0.0001167782218130336,1.0783194029275112e-09,-0.05919876909418392
6.74375,10088.817570365818,-6.086988455701289e-06,0.00011666928923687373,0.00011666928923687373,1.0763018322334344e-09,-0.060869884557012886
6.75,10091.227947319085,-6.252180282368965e-06,0.0001165497500933819,0.0001165497500933819,1.074229507667092e-09,-0.06252180282368966
6.7562500000000005,10093.610168779911,-6.415442511586429e-06,0.00011641949229563802,0.00011641949229563802,1.0721030688057223e-09,-0.06415442511586429
6.7625,10095.96409630784,-6.576765655527547e-06,0.00011627840809195778,0.00011627840809195778,1.0699231583713637e-09,-0.06576765655527547
6.768750000000001,10098.289596931627,-6.736140601189278e-06,0.0001161263944178291,0.0001161263944178291,1.0676904221066167e-09,-0.06736140601189278
6.775,10100.586542934943,-6.893558595720139e-06,0.00011596335325093266,0.00011596335325093266,1.0654055086552696e-09,-0.0689355859572014
6.78125,10102.854811650042,-7.049011232244949e-06,0.00011578919196822666,0.00011578919196822666,1.0630690694476226e-09,-0.07049011232244949
6.7875000000000005,10105.094285257237,-7.202490436168298e-06,0.00011560382370402756,0.00011560382370402756,1.0606817585903511e-09,-0.07202490436168299
6.79375,10107.30485059242,-7.353988451939262e-06,0.00011540716770797004,0.00011540716770797004,1.0582442327607572e-09,-0.07353988451939263
6.800000000000001,10109.486398959923,-7.503497830260402e-06,0.00011519914970168786,0.00011519914970168786,1.055757151105259e-09,-0.07503497830260401
6.80625,10111.638825952678,-7.651011415724392e-06,0.00011497970223301686,0.00011497970223301686,1.0532211751419806e-09,-0.07651011415724393
6.8125,10113.762031277107,-7.79652233486203e-06,0.00011474876502648765,0.00011474876502648765,1.0506369686672993e-09,-0.0779652233486203
6.8187500000000005,10115.855918585248,-7.940023984585799e-06,0.00011450628532884487,0.00011450628532884487,1.0480051976662285e-09,-0.07940023984585799
6.825,10117.92039531083,-8.0815100210138e-06,0.00011425221824830532,0.00011425221824830532,1.0453265302265007e-09,-0.08081510021013799
6.831250000000001,10119.955372512468,-8.220974348658961e-06,0.00011398652708624846,0.00011398652708624846,1.0426016364562362e-09,-0.08220974348658962
6.8375,10121.960764720301,-8.358411109969423e-06,0.0001137091836600179,0.0001137091836600179,1.039831188405078e-09,-0.08358411109969423
6.84375,10123.93648978869,-8.493814675206056e-06,0.00011342016861550652,0.00011342016861550652,1.037015859988681e-09,-0.08493814675206056
6.8500000000000005,10125.8824687531,-8.62717963264385e-06,0.00011311947172819543,0.00011311947172819543,1.0341563269164513e-09,-0.0862717963264385
6.85625,10127.798625691585,-8.758500779084287e-06,0.00011280709219132252,0.00011280709219132252,1.0312532666224272e-09,-0.08758500779084287
6.862500000000001,10129.684887591102,-8.887773110666333e-06,0.00011248303888986897,0.00011248303888986897,1.0283073581992085e-09,-0.08887773110666333
6.86875,10131.541184216916,-9.014991813964245e-06,0.00011214733065906951,0.00011214733065906951,1.0253192823348358e-09,-0.09014991813964246
6.875,10133.3674479874,-9.140152257360742e-06,0.00011179999652617917,0.00011179999652617917,1.0222897212525276e-09,-0.09140152257360742
6.8812500000000005,10135.163613851775,-9.263249982684707e-06,0.00011144107593426103,0.00011144107593426103,1.0192193586531921e-09,-0.09263249982684707
6.8875,10136.929619171491,-9.38428069710302e-06,0.0001110706189467994,0.0001110706189467994,1.0161088796606236e-09,-0.09384280697103019
6.893750000000001,10138.665403606043,-9.503240265256467e-06,0.00011068868643198944,0.00011068868643198944,1.0129589707693075e-09,-0.09503240265256467
6.9,10140.370909001284,-9.620124701630316e-06,0.00011029535022560722,0.00011029535022560722,1.009770319794753e-09,-0.09620124701630316
6.90625,10142.046079281492,-9.734930163150407e-06,0.00010989069327142506,0.00010989069327142506,1.0065436158262806e-09,-0.09734930163150407
6.9125000000000005,10143.690860344359,-9.847652941996162e-06,0.00010947480973820265,0.00010947480973820265,1.0032795491821913e-09,-0.09847652941996161
6.91875,10145.305199959275,-9.958289458622195e-06,0.00010904780511235848,0.00010904780511235848,9.999788113672489e-10,-0.09958289458622195
6.925000000000001,10146.889047668845,-1.0066836254980678e-05,0.00010860979626550403,0.00010860979626550403,9.96642095032409e-10,-0.10066836254980678
6.93125,10148.442354691852,-1.0173289987937111e-05,0.00010816091149610877,0.00010816091149610877,9.932700939367306e-10,-0.10173289987937112
6.9375,10149.965073830863,-1.027764742287215e-05,0.0001077012905446537,0.0001077012905446537,9.89863502911407e-10,-0.1027764742287215
6.9437500000000005,10151.457159380883,-1.0379905427462985e-05,0.00010723108458172604,0.00010723108458172604,9.864230178258598e-10,-0.10379905427462985
6.95,10152.918567041479,-1.0480060965637718e-05,0.00010675045616860757,0.00010675045616860757,9.829493355558358e-10,-0.10480060965637718
6.956250000000001,10154.349253830824,-1.0578111091696703e-05,0.0001062595791900122,0.0001062595791900122,9.79443153953453e-10,-0.10578111091696703
6.9625,10155.7491780023,-1.0674052944595102e-05,0.00010575863875873579,0.00010575863875873579,9.759051718191401e-10,-0.10674052944595103
6.96875,10157.118298963438,-1.076788374238118e-05,0.00010524783109209066,0.00010524783109209066,9.723360888754216e-10,-0.1076788374238118
6.9750000000000005,10158.45657719668,-1.0859600776785247e-05,0.00010472736336011007,0.00010472736336011007,9.687366057424949e-10,-0.10859600776785247
6.98125,10159.7639741831,-1.0949201407954296e-05,0.00010419745350562138,0.00010419745350562138,9.651074239155534e-10,-0.10949201407954295
6.987500000000001,10161.040452327172,-1.1036683059327828e-05,0.00010365833003640205,0.00010365833003640205,9.614492457438077e-10,-0.11036683059327829
6.99375,10162.28597488392,-1.1122043212650585e-05,0.00010311023178974786,0.00010311023178974786,9.5776277441116e-10,-0.11122043212650586
7.0,10163.500505888382,-1.120527940311802e-05,0.00010255340766989867,0.00010255340766989867,9.540487139184874e-10,-0.1120527940311802
7.0062500000000005,10164.68401008684,-1.1286389214650847e-05,0.00010198811635888062,0.00010198811635888062,9.50307769067492e-10,-0.11286389214650847
7.0125,10165.836452868945,-1.1365370275295074e-05,0.00010141462600143716,0.00010141462600143716,9.465406454460745e-10,-0.11365370275295074
7.018750000000001,10166.957800203438,-1.144222025274425e-05,0.00010083321386483235,0.00010083321386483235,9.427480494151937e-10,-0.11442220252744251
7.025,10168.048018573487,-1.1516936849980893e-05,0.0001002441659744166,0.0001002441659744166,9.389306880971694e-10,-0.11516936849980892
7.03125,10169.10707491545,-1.158951780103427e-05,9.964777672595047e-05,9.964777672595047e-05,9.350892693653911e-10,-0.1158951780103427
7.0375000000000005,10170.13493655836,-1.1659960866851982e-05,9.904434847578215e-05,9.904434847578215e-05,9.31224501835397e-10,-0.11659960866851983
7.04375,10171.13157116573,-1.1728263831283027e-05,9.843419111006885e-05,9.843419111006885e-05,9.273370948572821e-10,-0.11728263831283027
7.050000000000001,10172.096946677808,-1.179442449717021e-05,9.781762159432403e-05,9.781762159432403e-05,9.234277585094031e-10,-0.11794424497170211
7.05625,10173.03103125693,-1.1858440682550097e-05,9.719496350465528e-05,9.719496350465528e-05,9.194972035933424e-10,-0.11858440682550096
7.0625,10173.933793232756,-1.1920310216958854e-05,9.656654654213677e-05,9.656654654213677e-05,9.155461416300961e-10,-0.11920310216958854
7.0687500000000005,10174.805201051013,-1.1980030937842507e-05,9.593270603183027e-05,9.593270603183027e-05,9.115752848574524e-10,-0.11980030937842506
7.075,10175.645223221252,-1.203760068707064e-05,9.529378240803381e-05,9.529378240803381e-05,9.075853462285258e-10,-0.12037600687070639
7.081250000000001,10176.45382826863,-1.209301730755245e-05,9.465012068739231e-05,9.465012068739231e-05,9.035770394114117e-10,-0.12093017307552449
7.0875,10177.23098468564,-1.2146278639954551e-05,9.400206993155322e-05,9.400206993155322e-05,8.995510787899305e-10,-0.12146278639954551
7.09375,10177.976660885337,-1.2197382519520155e-05,9.334998270109048e-05,9.334998270109048e-05,8.955081794654248e-10,-0.12197382519520156
7.1000000000000005,10178.69082515678,-1.2246326772989426e-05,9.269421450245131e-05,9.269421450245131e-05,8.914490572595777e-10,-0.12246326772989426
7.10625,10179.373445621899,-1.2293109215621023e-05,9.203512322970377e-05,9.203512322970377e-05,8.873744287182188e-10,-0.12293109215621023
7.112500000000001,10180.02449019243,-1.233772764831545e-05,9.137306860287674e-05,9.137306860287674e-05,8.832850111160829e-10,-0.1233772764831545
7.11875,10180.64392653079,-1.2380179854840492e-05,9.070841160469026e-05,9.070841160469026e-05,8.791815224624891e-10,-0.12380179854840492
7.125,10181.2317220098,-1.2420463599160058e-05,9.004151391746993e-05,9.004151391746993e-05,8.750646815079047e-10,-0.12420463599160057
7.1312500000000005,10181.787843676491,-1.2458576622867291e-05,8.9372737362028e-05,8.9372737362028e-05,8.709352077513601e-10,-0.12458576622867291
7.1375,10182.312258215114,-1.2494516642723775e-05,8.870244334027249e-05,8.870244334027249e-05,8.667938214486798e-10,-0.12494516642723774
7.143750000000001,10182.804931913412,-1.2528281348306497e-05,8.803099228327718e-05,8.803099228327718e-05,8.62641243621492e-10,-0.12528281348306497
7.15,10183.265830629725,-1.2559868399764771e-05,8.735874310650801e-05,8.735874310650801e-05,8.584781960669837e-10,-0.1255986839976477
7.15625,10183.694919761909,-1.2589275425689735e-05,8.668605267385595e-05,8.668605267385595e-05,8.543054013683601e-10,-0.12589275425689736
7.1625000000000005,10184.092164218,-1.2616500021099091e-05,8.601327527207482e-05,8.601327527207482e-05,8.501235829059729e-10,-0.12616500021099092
7.16875,10184.457528388471,-1.2641539745540547e-05,8.534076209716159e-05,8.534076209716159e-05,8.459334648690772e-10,-0.12641539745540548
7.175000000000001,10184.790976120157,-1.2664392121317381e-05,8.466886075415091e-05,8.466886075415091e-05,8.417357722681761e-10,-0.1266439212131738
7.18125,10185.092470692653,-1.268505463184022e-05,8.399791477172257e-05,8.399791477172257e-05,8.375312309479123e-10,-0.1268505463184022
7.1875,10185.361974795782,-1.2703524720109443e-05,8.332826313294183e-05,8.332826313294183e-05,8.333205676004621e-10,-0.12703524720109444
7.1937500000000005,10185.59945050954,-1.2719799787333037e-05,8.266023982336886e-05,8.266023982336886e-05,8.291045097793878e-10,-0.12719799787333036
7.2,10185.804859286189,-1.2733877191685137e-05,8.199417339768465e-05,8.199417339768465e-05,8.248837859139016e-10,-0.12733877191685136
7.206250000000001,10185.978161933655,-1.2745754247211082e-05,8.133038656588841e-05,8.133038656588841e-05,8.206591253234921e-10,-0.12745754247211083
7.2125,10186.119318602718,-1.2755428222885104e-05,8.06691958000246e-05,8.06691958000246e-05,8.164312582328638e-10,-0.12755428222885104
7.21875,10186.228288774852,-1.2762896341827363e-05,8.001091096229906e-05,8.001091096229906e-05,8.122009157871355e-10,-0.12762896341827362
7.2250000000000005,10186.3050312534,-1.2768155780687563e-05,7.935583495534205e-05,7.935583495534205e-05,8.079688300672432e-10,-0.12768155780687562
7.23125,10186.34950415736,-1.277120366920281e-05,7.87042633952724e-05,7.87042633952724e-05,8.037357341054896e-10,-0.1277120366920281
7.237500000000001,10186.361664917113,-1.2772037089938018e-05,7.805648430811327e-05,7.805648430811327e-05,7.995023619011796e-10,-0.12772037089938018
7.24375,10186.3414702743,-1.2770653078217553e-05,7.741277785000493e-05,7.741277785000493e-05,7.952694484362787e-10,-0.12770653078217553
7.25,10186.288876282459,-1.2767048622257648e-05,7.677341605155558e-05,7.677341605155558e-05,7.910377296910271e-10,-0.12767048622257648
7.2562500000000005,10186.20383831337,-1.2761220663509324e-05,7.613866258656716e-05,7.613866258656716e-05,7.868079426594402e-10,-0.12761220663509323
7.2625,10186.086311064313,-1.2753166097222503e-05,7.550877256527098e-05,7.550877256527098e-05,7.825808253646225e-10,-0.12753166097222504
7.268750000000001,10185.936248570313,-1.274288177324228e-05,7.488399235210711e-05,7.488399235210711e-05,7.783571168738172e-10,-0.12742881773242282
7.275,10185.753604218788,-1.2730364497049232e-05,7.426455940798332e-05,7.426455940798332e-05,7.74137557313111e-10,-0.12730364497049232
7.28125,10185.538330769034,-1.2715611031055966e-05,7.36507021568541e-05,7.36507021568541e-05,7.699228878817094e-10,-0.12715611031055965
7.2875000000000005,10185.290380374367,-1.269861809617293e-05,7.304263987636824e-05,7.304263987636824e-05,7.657138508656928e-10,-0.1269861809617293
7.29375,10185.00970460993,-1.2679382373657031e-05,7.244058261224532e-05,7.244058261224532e-05,7.6151118965116e-10,-0.1267938237365703
7.300000000000001,10184.696254503267,-1.2657900507257286e-05,7.184473111595773e-05,7.184473111595773e-05,7.573156487366602e-10,-0.12657900507257286
7.30625,10184.34998057069,-1.2634169105672295e-05,7.125527680521484e-05,7.125527680521484e-05,7.531279737448108e-10,-0.12634169105672297
7.3125,10183.970832857602,-1.2608184745334989e-05,7.0672401746672e-05,7.0672401746672e-05,7.489489114329925e-10,-0.12608184745334988
7.3187500000000005,10183.558760984242,-1.2579943973540685e-05,7.009627866021731e-05,7.009627866021731e-05,7.447792097030062e-10,-0.12579943973540686
7.325,10183.113714196632,-1.2549443311935085e-05,6.952707094412482e-05,6.952707094412482e-05,7.406196176095755e-10,-0.12549443311935085
7.331250000000001,10182.635641423054,-1.2516679260379442e-05,6.89649327203048e-05,6.89649327203048e-05,7.364708853675671e-10,-0.12516679260379443
7.3375,10182.12449133563,-1.2481648301210676e-05,6.841000889882851e-05,6.841000889882851e-05,7.323337643577991e-10,-0.12481648301210677
7.34375,10181.580212419442,-1.2444346903914752e-05,6.786243526085787e-05,6.786243526085787e-05,7.28209007131301e-10,-0.12444346903914752
7.3500000000000005,10181.002753046616,-1.2404771530232072e-05,6.732233855906952e-05,6.732233855906952e-05,7.240973674118806e-10,-0.12404771530232071
7.35625,10180.392061556739,-1.2362918639714434e-05,6.678983663462735e-05,6.678983663462735e-05,7.199996000968495e-10,-0.12362918639714435
7.362500000000001,10179.748086346044,-1.2318784695752898e-05,6.626503854972807e-05,6.626503854972807e-05,7.159164612557507e-10,-0.12318784695752898
7.36875,10179.070775961656,-1.2272366172097066e-05,6.574804473472094e-05,6.574804473472094e-05,7.118487081269253e-10,-0.12272366172097066
7.375,10178.36007920437,-1.2223659559886068e-05,6.523894714878487e-05,6.523894714878487e-05,7.077970991117482e-10,-0.12223659559886069
7.3812500000000005,10177.615945239037,-1.2172661375212019e-05,6.473782945313397e-05,6.473782945313397e-05,7.037623937663576e-10,-0.12172661375212018
7.3875,10176.838323713508,-1.2119368167236981e-05,6.424476719571549e-05,6.424476719571549e-05,6.997453527906937e-10,-0.12119368167236981
7.393750000000001,10176.027164884405,-1.2063776526884643e-05,6.375982800636277e-05,6.375982800636277e-05,6.957467380146566e-10,-0.12063776526884643
7.4,10175.18241975343,-1.2005883096127826e-05,6.328307180136932e-05,6.328307180136932e-05,6.917673123811855e-10,-0.12005883096127826
7.40625,10174.304040211951,-1.1945684577893122e-05,6.281455099645828e-05,6.281455099645828e-05,6.878078399260556e-10,-0.11945684577893122
7.4125000000000005,10173.391979194144,-1.188317774660391e-05,6.23543107271344e-05,6.23543107271344e-05,6.838690857541796e-10,-0.11883177746603911
7.41875,10172.4461908411,-1.1818359459382557e-05,6.190238907542297e-05,6.190238907542297e-05,6.799518160121971e-10,-0.11818359459382557
7.425000000000001,10171.46663067416,-1.1751226667932648e-05,6.145881730202073e-05,6.145881730202073e-05,6.760567978571243e-10,-0.11751226667932649
7.43125,10170.453255777904,-1.168177643112151e-05,6.102362008290937e-05,6.102362008290937e-05,6.721847994208346e-10,-0.1168177643112151
7.4375,10169.406024995005,-1.1610005928282834e-05,6.0596815749509426e-05,6.0596815749509426e-05,6.683365897701293e-10,-0.11610005928282834
7.4437500000000005,10168.324899130725,-1.1535912473258575e-05,6.017841653148435e-05,6.017841653148435e-05,6.645129388621532e-10,-0.11535912473258575
7.45,10167.209841168888,-1.1459493529198603e-05,5.9768428801337964e-05,5.9768428801337964e-05,6.607146174949065e-10,-0.11459493529198603
7.456250000000001,10166.060816499166,-1.1380746724135578e-05,5.9366853319984985e-05,5.9366853319984985e-05,6.569423972525926e-10,-0.11380746724135578
7.4625,10164.877793156098,-1.12996698673516e-05,5.897368548251261e-05,5.897368548251261e-05,6.531970504455425e-10,-0.112996698673516
7.46875,10163.660742069264,-1.1216260966551976e-05,5.858891556339126e-05,5.858891556339126e-05,6.494793500444456e-10,-0.11216260966551976
7.4750000000000005,10162.4096373261,-1.1130518245860065e-05,5.821252896043401e-05,5.821252896043401e-05,6.457900696086167e-10,-0.11130518245860065
7.48125,10161.124456446836,-1.1042440164645665e-05,5.7844506436847134e-05,5.7844506436847134e-05,6.421299832080225e-10,-0.11042440164645666
7.487500000000001,10159.805180671134,-1.0952025437197932e-05,5.748482436075718e-05,5.748482436075718e-05,6.384998653387864e-10,-0.10952025437197932
7.49375,10158.451795257637,-1.0859273053251715e-05,5.713345494164449e-05,5.713345494164449e-05,6.349004908318908e-10,-0.10859273053251715
7.5,10157.064289796637,-1.0764182299374344e-05,5.679036646315672e-05,5.679036646315672e-05,6.313326347547897e-10,-0.10764182299374345
7.5062500000000005,10155.642658533916,-1.0666752781217874e-05,5.645552351182067e-05,5.645552351182067e-05,6.277970723056461e-10,-0.10666752781217874
7.5125,10154.186900708723,-1.0566984446639157e-05,5.612888720121414e-05,5.612888720121414e-05,6.242945786999064e-10,-0.10566984446639156
7.518750000000001,10152.697020903306,-1.0464877609687796e-05,5.581041539120324e-05,5.581041539120324e-05,6.208259290489232e-10,-0.10464877609687796
7.525,10151.173029406194,-1.0360432975459297e-05,5.550006290189327e-05,5.550006290189327e-05,6.173918982303407e-10,-0.10360432975459298
7.53125,10149.614942586604,-1.0253651665807823e-05,5.519778172198291e-05,5.519778172198291e-05,6.139932607499575e-10,-0.10253651665807823
7.5375000000000005,10148.022783282771,-1.0144535245909931e-05,5.4903521211252305e-05,5.4903521211252305e-05,6.106307905947846e-10,-0.1014453524590993
7.54375,10146.396581201274,-1.0033085751667422e-05,5.4617228296954884e-05,5.4617228296954884e-05,6.073052610770205e-10,-0.10033085751667421
7.550000000000001,10144.736373329133,-9.919305717934064e-06,5.4338847663921064e-05,5.4338847663921064e-05,6.040174446686704e-10,-0.09919305717934064
7.55625,10143.042204357294,-9.803198207547412e-06,5.406832193821828e-05,5.406832193821828e-05,6.007681128265426e-10,-0.09803198207547412
7.5625,10141.314127115886,-9.684766841143096e-06,5.380559186424653e-05,5.380559186424653e-05,5.975580358073631e-10,-0.09684766841143097
7.5687500000000005,10139.552203020066,-9.56401582772531e-06,5.3550596475182235e-05,5.3550596475182235e-05,5.943879824727568e-10,-0.0956401582772531
7.575,10137.756502526932,-9.440949995962958e-06,5.330327325671407e-05,5.330327325671407e-05,5.912587200838559e-10,-0.09440949995962958
7.581250000000001,10135.927105601793,-9.315574826177041e-06,5.306355830404425e-05,5.306355830404425e-05,5.881710140853057e-10,-0.09315574826177041
7.5875,10134.064102194856,-9.18789648298036e-06,5.283138647215621e-05,5.283138647215621e-05,5.851256278784515e-10,-0.0918789648298036
7.59375,10132.167592726328,-9.057921848526323e-06,5.260669151937543e-05,5.260669151937543e-05,5.821233225835059e-10,-0.09057921848526324
7.6000000000000005,10130.237688579493,-8.925658556319356e-06,5.238940624427378e-05,5.238940624427378e-05,5.791648567905078e-10,-0.08925658556319356
7.60625,10128.274512601862,-8.79111502553448e-06,5.217946261598965e-05,5.217946261598965e-05,5.76250986298908e-10,-0.0879111502553448
7.612500000000001,10126.278199612167,-8.654300495789458e-06,5.197679189805633e-05,5.197679189805633e-05,5.733824638456272e-10,-0.08654300495789458
7.61875,10124.248896913663,-8.515225062307914e-06,5.1781324765848604e-05,5.1781324765848604e-05,5.705600388214612e-10,-0.08515225062307914
7.625,10122.186764811817,-8.37389971140734e-06,5.1592991417774194e-05,5.1592991417774194e-05,5.677844569757211e-10,-0.0837389971140734
7.6312500000000005,10120.091977136124,-8.230336356241168e-06,5.1411721680350936e-05,5.1411721680350936e-05,5.650564601090285e-10,-0.08230336356241168
7.6375,10117.964721763836,-8.08454787271947e-06,5.1237445107323155e-05,5.1237445107323155e-05,5.623767857542032e-10,-0.08084547872719469
7.643750000000001,10115.805201145808,-7.936548135528172e-06,5.107009107298172e-05,5.107009107298172e-05,5.597461668452132e-10,-0.07936548135528172
7.65,10113.613632832199,-7.786352054162191e-06,5.090958885986159e-05,5.090958885986159e-05,5.571653313741802e-10,-0.0778635205416219
7.65625,10111.39024999699,-7.633975608883412e-06,5.0755867740998594e-05,5.0755867740998594e-05,5.546350020364673e-10,-0.07633975608883412
7.6625000000000005,10109.13530196063,-7.479435886510073e-06,5.06088570569331e-05,5.06088570569331e-05,5.521558958639042e-10,-0.07479435886510073
7.66875,10106.84905470769,-7.3227511159400315e-06,5.046848628765378e-05,5.046848628765378e-05,5.497287238462374e-10,-0.07322751115940032
7.675000000000001,10104.531791400686,-7.163940703306184e-06,5.033468511967785e-05,5.033468511967785e-05,5.473541905409283e-10,-0.07163940703306183
7.68125,10102.183812885354,-7.00302526665873e-06,5.0207383508466685e-05,5.0207383508466685e-05,5.450329936714555e-10,-0.0700302526665873
7.6875,10099.805438188707,-6.840026670065186e-06,5.0086511736377064e-05,5.0086511736377064e-05,5.427658237143149e-10,-0.06840026670065186
7.6937500000000005,10097.397005006094,-6.674968057015845e-06,4.9972000466348614e-05,4.9972000466348614e-05,5.405533634749464e-10,-0.06674968057015845
7.7,10094.958870177277,-6.5078738830192355e-06,4.9863780791527014e-05,4.9863780791527014e-05,5.383962876528575e-10,-0.06507873883019236
7.706250000000001,10092.491410148208,-6.338769947269526e-06,4.9761784281021325e-05,4.9761784281021325e-05,5.362952623962501e-10,-0.06338769947269525
7.7125,10089.99502141759,-6.167683423265329e-06,4.966594302199102e-05,4.966594302199102e-05,5.342509448464988e-10,-0.061676834232653285
7.71875,10087.470120967131,-5.99464288825734e-06,4.957618965825552e-05,4.957618965825552e-05,5.322639826728683e-10,-0.059946428882573406
7.7250000000000005,10084.917146671787,-5.8196783514007155e-06,4.9492457425615106e-05,4.9492457425615106e-05,5.303350135978996e-10,-0.05819678351400716
7.73125,10082.336557690114,-5.6428212804867565e-06,4.941468018406795e-05,4.941468018406795e-05,5.284646649139358e-10,-0.05642821280486757
7.737500000000001,10079.72883483166,-5.464104627127814e-06,4.9342792447103044e-05,4.9342792447103044e-05,5.266535529913007e-10,-0.05464104627127814
7.74375,10077.094480900143,-5.283562850268937e-06,4.92767294082439e-05,4.92767294082439e-05,5.249022827786832e-10,-0.052835628502689365
7.75,10074.434021009845,-5.101231937900117e-06,4.9216426965012165e-05,4.9216426965012165e-05,5.232114472963264e-10,-0.05101231937900117
7.7562500000000005,10071.748002875087,-4.9171494268434824e-06,4.9161821740474486e-05,4.9161821740474486e-05,5.215816271226568e-10,-0.049171494268434826
7.7625,10069.036997068157,-4.731354420491233e-06,4.911285110253011e-05,4.911285110253011e-05,5.200133898750351e-10,-0.04731354420491233
7.768750000000001,10066.301597247246,-4.543887604371723e-06,4.906945318109033e-05,4.906945318109033e-05,5.185072896853472e-10,-0.045438876043717234
7.775,10063.542420349611,-4.354791259423505e-06,4.903156688329462e-05,4.903156688329462e-05,5.170638666711955e-10,-0.04354791259423505
7.78125,10060.760106750471,-4.16410927285999e-06,4.8999131906901854e-05,4.8999131906901854e-05,5.156836464034887e-10,-0.0416410927285999
7.7875000000000005,10057.95532038409,-3.971887146510883e-06,4.89720887519888e-05,4.89720887519888e-05,5.143671393712674e-10,-0.03971887146510883
7.79375,10055.128748828032,-3.7781720025304954e-06,4.8950378731081175e-05,4.8950378731081175e-05,5.131148404446368e-10,-0.03778172002530496
7.800000000000001,10052.281103345644,-3.58301258636783e-06,4.893394397783667e-05,4.893394397783667e-05,5.119272283367162e-10,-0.0358301258636783
7.80625,10049.413118888451,-3.3864592668982843e-06,4.892272745439274e-05,4.892272745439274e-05,5.108047650655432e-10,-0.03386459266898284
7.8125,10046.525554055024,-3.1885640336228493e-06,4.8916672957485836e-05,4.8916672957485836e-05,5.097478954169078e-10,-0.031885640336228496
7.8187500000000005,10043.619191006232,-2.989380490846786e-06,4.891572512344249e-05,4.891572512344249e-05,5.08757046409115e-10,-0.02989380490846786
7.825,10040.694835335087,-2.7889638487567943e-06,4.891982943213697e-05,4.891982943213697e-05,5.078326267607055e-10,-0.027889638487567942
7.831250000000001,10037.7533158899,-2.587370911323111e-06,4.892893221000427e-05,4.892893221000427e-05,5.069750263621862e-10,-0.02587370911323111
7.8375,10034.795484550663,-2.3846600609608443e-06,4.894298063219138e-05,4.894298063219138e-05,5.061846157528439e-10,-0.023846600609608443
7.84375,10031.822215957392,-2.180891239893377e-06,4.896192272392482e-05,4.896192272392482e-05,5.054617456037382e-10,-0.021808912398933768
7.8500000000000005,10028.834407188784,-1.976125928169641e-06,4.898570736116666e-05,4.898570736116666e-05,5.048067462079785e-10,-0.01976125928169641
7.85625,10025.832977392685,-1.7704271182963272e-06,4.901428427062647e-05,4.901428427062647e-05,5.042199269794111e-10,-0.017704271182963274
7.862500000000001,10022.818867365573,-1.5638592864560738e-06,4.9047604029191776e-05,4.9047604029191776e-05,5.037015759608448e-10,-0.01563859286456074
7.86875,10019.793039082788,-1.3564883602926873e-06,4.908561806283491e-05,4.908561806283491e-05,5.032519593429557e-10,-0.013564883602926873
7.875,10016.756475178416,-1.1483816832550912e-06,4.912827864504973e-05,4.912827864504973e-05,5.028713209950088e-10,-0.011483816832550913
7.8812500000000005,10013.710178374435,-9.396079755025689e-07,4.91755388948674e-05,4.91755388948674e-05,5.025598820085393e-10,-0.00939607975502569
7.8875,10010.655170860675,-7.302372913848545e-07,4.92273527744966e-05,4.92273527744966e-05,5.023178402551268e-10,-0.007302372913848545
7.893750000000001,10007.592493624372,-5.203409735220868e-07,4.92836750866295e-05,4.92836750866295e-05,5.021453699593893e-10,-0.005203409735220868
7.9,10004.523205731479,-3.0999160352101254e-07,4.934446147145137e-05,4.934446147145137e-05,5.02042621288314e-10,-0.0030999160352101255
7.90625,10001.44838355906,-9.92629493755385e-08,4.9409668403388214e-05,4.9409668403388214e-05,5.020097199580215e-10,-0.000992629493755385
7.9125000000000005,9998.36911997984,1.1177009038859432e-07,4.947925318762368e-05,4.947925318762368e-05,5.020467668590439e-10,0.0011177009038859432
7.91875,9995.286523501525,3.230315457536571e-07,4.955317395641323e-05,4.955317395641323e-05,5.021538377011718e-10,0.003230315457536571
7.925000000000001,9992.201717359414,5.344444373510745e-07,4.963138966522113e-05,4.963138966522113e-05,5.023309826788992e-10,0.005344444373510744
7.93125,9989.115838566022,7.459308416092609e-07,4.97138600887025e-05,4.97138600887025e-05,5.025782261584607e-10,0.00745930841609261
7.9375,9986.030036918231,9.57411958802048e-07,4.9800545816550707e-05,4.9800545816550707e-05,5.028955663874255e-10,0.00957411958802048
7.9437500000000005,9982.945473963584,1.1688081838803623e-06,4.9891408249227596e-05,4.9891408249227596e-05,5.032829752277668e-10,0.011688081838803623
7.95,9979.863321928344,1.380039179958966e-06,4.9986409593592034e-05,4.9986409593592034e-05,5.037403979132913e-10,0.01380039179958966
7.956250000000001,9976.784762608113,1.5910239543193271e-06,5.0085512858439973e-05,5.0085512858439973e-05,5.042677528322582e-10,0.01591023954319327
7.9625,9973.710986224516,1.8016809367795152e-06,5.0188681849967365e-05,5.0188681849967365e-05,5.04864931335976e-10,0.018016809367795154
7.96875,9970.643190249528,2.011928060272188e-06,5.029588116716525e-05,5.029588116716525e-05,5.055317975741063e-10,0.02011928060272188
7.9750000000000005,9967.582578199566,2.22168284346233e-06,5.040707619715475e-05,5.040707619715475e-05,5.062681883573522e-10,0.0222168284346233
7.98125,9964.53035840349,2.4308624752276924e-06,5.052223311046789e-05,5.052223311046789e-05,5.070739130481485e-10,0.024308624752276926
7.987500000000001,9961.487742744814,2.63938390081653e-06,5.064131885627858e-05,5.064131885627858e-05,5.079487534799088e-10,0.0263938390081653
7.99375,9958.455945383199,2.84716390948973e-06,5.076430115758673e-05,5.076430115758673e-05,5.088924639053228e-10,0.028471639094897302
8.0,9955.436181456642,3.0541192234474113e-06,5.089114850635706e-05,5.089114850635706e-05,5.099047709741284e-10,0.030541192234474112
8.00625,9952.429665768734,3.260166587833938e-06,5.102183015861236e-05,5.102183015861236e-05,5.109853737407168e-10,0.03260166587833938
8.012500000000001,9949.437611461817,3.46522286160964e-06,5.115631612948063e-05,5.115631612948063e-05,5.121339437018575e-10,0.034652228616096396
8.01875,9946.461228682545,3.6692051090730563e-06,5.1294577188193135e-05,5.1294577188193135e-05,5.13350124864759e-10,0.036692051090730565
8.025,9943.501723239495,3.8720306918134015e-06,5.1436584853030114e-05,5.1436584853030114e-05,5.146335338456076e-10,0.038720306918134016
8.03125,9940.560295258643,4.073617360870026e-06,5.158231138620933e-05,5.158231138620933e-05,5.15983759998653e-10,0.040736173608700264
8.0375,9937.638137838656,4.273883348873351e-06,5.1731729788711494e-05,5.1731729788711494e-05,5.174003655758352e-10,0.04273883348873351
8.043750000000001,9934.736435710562,4.472747461940536e-06,5.188481379503587e-05,5.188481379503587e-05,5.188828859168695e-10,0.04472747461940536
8.05,9931.856363903382,4.670129171098492e-06,5.2041537867877785e-05,5.2041537867877785e-05,5.204308296696355e-10,0.046701291710984916
8.05625,9928.999086420436,4.865948703007435e-06,5.220187719271914e-05,5.220187719271914e-05,5.220436790406367e-10,0.04865948703007435
8.0625,9926.165754928807,5.060127129759392e-06,5.236580767232179e-05,5.236580767232179e-05,5.237208900752237e-10,0.05060127129759392
8.06875,9923.357507465988,5.252586457528362e-06,5.25333059211126e-05,5.25333059211126e-05,5.254618929672019e-10,0.05252586457528362
8.075000000000001,9920.575467166826,5.443249713851877e-06,5.2704349259448194e-05,5.2704349259448194e-05,5.27266092397369e-10,0.05443249713851877
8.08125,9917.820741012303,5.632041033327589e-06,5.2878915707746044e-05,5.2878915707746044e-05,5.291328679004566e-10,0.05632041033327589
8.0875,9915.094418605546,5.818885741513419e-06,5.3056983980467745e-05,5.3056983980467745e-05,5.310615742598818e-10,0.05818885741513419
8.09375,9912.397570977153,6.003710436825426e-06,5.3238533479939214e-05,5.3238533479939214e-05,5.330515419296442e-10,0.06003710436825426
8.1,9909.731249422,6.186443070233869e-06,5.3423544289991455e-05,5.3423544289991455e-05,5.35102077482638e-10,0.061864430702338685
8.106250000000001,9907.096484371372,6.367013022565317e-06,5.361199716940464e-05,5.361199716940464e-05,5.372124640845876e-10,0.06367013022565317
8.1125,9904.494284302567,6.545351179226427e-06,5.380387354513682e-05,5.380387354513682e-05,5.393819619927493e-10,0.06545351179226427
8.11875,9901.92563468912,6.721390002173838e-06,5.399915550531782e-05,5.399915550531782e-05,5.416098090784697e-10,0.06721390002173838
8.125,9899.391496992697,6.895063598963723e-06,5.41978257919876e-05,5.41978257919876e-05,5.438952213726289e-10,0.06895063598963723
8.13125,9896.892807700926,7.066307788724683e-06,5.439986779355708e-05,5.439986779355708e-05,5.462373936329533e-10,0.07066307788724682
8.137500000000001,9894.430477411497,7.235060164907911e-06,5.460526553696863e-05,5.460526553696863e-05,5.486354999321248e-10,0.07235060164907911
8.14375,9892.00538996587,7.4012601546797785e-06,5.481400367953173e-05,5.481400367953173e-05,5.510886942655779e-10,0.07401260154679778
8.15,9889.618401632908,7.56484907483318e-06,5.502606750040849e-05,5.502606750040849e-05,5.535961111778281e-10,0.0756484907483318
8.15625,9887.270340346098,7.725770184106112e-06,5.524144289172223e-05,5.524144289172223e-05,5.561568664061423e-10,0.07725770184106112
8.1625,9884.962004993778,7.883968731807881e-06,5.546011634926116e-05,5.546011634926116e-05,5.587700575403254e-10,0.0788396873180788
8.168750000000001,9882.694164764342,8.03939200266597e-06,5.568207496274793e-05,5.568207496274793e-05,5.614347646973732e-10,0.0803939200266597
8.175,9880.467558548979,8.191989357819303e-06,5.590730640564431e-05,5.590730640564431e-05,5.641500512097117e-10,0.08191989357819303
8.18125,9878.282894399708,8.341712271896356e-06,5.613579892445915e-05,5.613579892445915e-05,5.669149643257266e-10,0.08341712271896357
8.1875,9876.14084904688,8.488514366129751e-06,5.636754132752634e-05,5.636754132752634e-05,5.697285359212686e-10,0.08488514366129751
8.19375,9874.042067474027,8.632351437471748e-06,5.660252297321811e-05,5.660252297321811e-05,5.7258978322081e-10,0.08632351437471748
8.200000000000001,9871.987162551817,8.773181483688216e-06,5.684073375755754e-05,5.684073375755754e-05,5.754977095269176e-10,0.08773181483688217
8.20625,9869.976714730596,8.910964724421445e-06,5.708216410119309e-05,5.708216410119309e-05,5.784513049567079e-10,0.08910964724421445
8.2125,9868.011271791798,9.045663618225017e-06,5.732680493569608e-05,5.732680493569608e-05,5.814495471839482e-10,0.09045663618225017
8.21875,9866.091348658421,9.17724287558648e-06,5.757464768914125e-05,5.757464768914125e-05,5.844914021854747e-10,0.09177242875586479
8.225,9864.217427262225,9.305669467965828e-06,5.782568427092878e-05,5.782568427092878e-05,5.875758249906056e-10,0.09305669467965828
8.231250000000001,9862.389956470406,9.430912632890014e-06,5.807990705580482e-05,5.807990705580482e-05,5.907017604322436e-10,0.09430912632890014
8.2375,9860.609352067237,9.552943875155074e-06,5.833730886703659e-05,5.833730886703659e-05,5.938681438983763e-10,0.09552943875155073
8.24375,9858.87599679281,9.671736964199028e-06,5.859788295869653e-05,5.859788295869653e-05,5.970739020827065e-10,0.09671736964199028
8.25,9857.190240436157,9.787267927719281e-06,5.886162299700875e-05,5.886162299700875e-05,6.003179537331658e-10,0.09787267927719281
8.25625,9855.552399982067,9.899515041618723e-06,5.912852304071022e-05,5.912852304071022e-05,6.035992103970971e-10,0.09899515041618723
8.262500000000001,9853.962759809318,1.0008458816374433e-05,5.939857752037753e-05,5.939857752037753e-05,6.069165771619181e-10,0.10008458816374433
8.26875,9852.421571941146,1.0114081979932217e-05,5.9671781216669423e-05,5.9671781216669423e-05,6.102689533901149e-10,0.10114081979932217
8.275,9850.929056343486,1.0216369457238793e-05,5.994812923743416e-05,5.994812923743416e-05,6.136552334474527e-10,0.10216369457238793
8.28125,9849.485401270795,1.031530834653147e-05,6.022761699363007e-05,6.022761699363007e-05,6.170743074233258e-10,0.1031530834653147
8.2875,9848.09076365775,1.0410887892512547e-05,6.05102401740067e-05,6.05102401740067e-05,6.205250618422173e-10,0.10410887892512546
8.293750000000001,9846.74526955407,1.0503099456542446e-05,6.079599471849384e-05,6.079599471849384e-05,6.240063803652788e-10,0.10503099456542446
8.3,9845.449014600776,1.0591936483991512e-05,6.108487679024453e-05,6.108487679024453e-05,6.275171444810886e-10,0.10591936483991511
8.30625,9844.20206454607,1.0677394468895912e-05,6.137688274627877e-05,6.137688274627877e-05,6.310562341846949e-10,0.10677394468895912
8.3125,9843.004455798415,1.0759470916067614e-05,6.167200910667368e-05,6.167200910667368e-05,6.346225286440999e-10,0.10759470916067614
8.31875,9841.856196013607,1.0838165300812443e-05,6.197025252224649e-05,6.197025252224649e-05,6.38214906853393e-10,0.10838165300812443
8.325000000000001,9840.757264715867,1.091347902641347e-05,6.227160974067698e-05,6.227160974067698e-05,6.418322482717903e-10,0.1091347902641347
8.33125,9839.707613948181,1.0985415379539573e-05,6.257607757101613e-05,6.257607757101613e-05,6.45473433447895e-10,0.10985415379539573
8.3375,9838.707168950865,1.1053979483740867e-05,6.288365284652905e-05,6.288365284652905e-05,6.491373446285435e-10,0.11053979483740867
8.34375,9837.755828865656,1.1119178251193904e-05,6.319433238582057e-05,6.319433238582057e-05,6.528228663516566e-10,0.11119178251193904
8.35,9836.853467463192,1.1181020332860175e-05,6.350811295219408e-05,6.350811295219408e-05,6.565288860225707e-10,0.11181020332860175
8.356250000000001,9835.999933890665,1.1239516067221234e-05,6.382499121119485e-05,6.382499121119485e-05,6.602542944733773e-10,0.11239516067221235
8.3625,9835.195053438458,1.1294677427753135e-05,6.414496368629148e-05,6.414496368629148e-05,6.639979865048517e-10,0.11294677427753134
8.36875,9834.438628322834,1.1346517969301556e-05,6.446802671265155e-05,6.446802671265155e-05,6.677588614106086e-10,0.11346517969301556
8.375,9833.730438481516,1.1395052773517048e-05,6.479417638896918e-05,6.479417638896918e-05,6.715358234831707e-10,0.11395052773517048
8.38125,9833.07024238185,1.1440298393507459e-05,6.512340852730639e-05,6.512340852730639e-05,6.753277825016926e-10,0.11440298393507459
8.387500000000001,9832.457777837286,1.1482272797861631e-05,6.545571860091253e-05,6.545571860091253e-05,6.791336542011309e-10,0.11482272797861631
8.39375,9831.892762831258,1.152099531419504e-05,6.57911016899898e-05,6.57911016899898e-05,6.829523607227024e-10,0.1152099531419504
8.4,9831.374896345591,1.1556486572364122e-05,6.612955242537772e-05,6.612955242537772e-05,6.867828310455196e-10,0.11556486572364122
8.40625,9830.903859192122,1.15887684474918e-05,6.647106493013293e-05,6.647106493013293e-05,6.906240013993424e-10,0.115887684474918
8.4125,9830.47931484431,1.1617864002942028e-05,6.68156327589864e-05,6.68156327589864e-05,6.944748156584285e-10,0.11617864002942027
8.418750000000001,9830.100910268997,1.1643797433376119e-05,6.716324883566494e-05,6.716324883566494e-05,6.983342257165079e-10,0.11643797433376118
8.425,9829.768276752913,1.1666594008018235e-05,6.751390538807032e-05,6.751390538807032e-05,7.022011918429548e-10,0.11666594008018236
8.43125,9829.481030726882,1.1686280014252006e-05,6.786759388131498e-05,6.786759388131498e-05,7.060746830202622e-10,0.11686280014252005
8.4375,9829.238774582027,1.1702882701664187e-05,6.82243049486205e-05,6.82243049486205e-05,7.099536772629705e-10,0.11702882701664187
8.44375,9829.041097477417,1.171643022664532e-05,6.858402832009187e-05,6.858402832009187e-05,7.138371619182329e-10,0.11716430226645319
8.450000000000001,9828.887576139845,1.1726951597651161e-05,6.894675274938865e-05,6.894675274938865e-05,7.177241339482387e-10,0.11726951597651161
8.45625,9828.777775650567,1.1734476621222288e-05,6.931246593832162e-05,6.931246593832162e-05,7.216136001947425e-10,0.11734476621222288
8.4625,9828.711250221193,1.1739035848852875e-05,6.968115445941277e-05,6.968115445941277e-05,7.255045776259843e-10,0.11739035848852875
8.46875,9828.687543954866,1.1740660524793113e-05,7.005280367646506e-05,7.005280367646506e-05,7.293960935663079e-10,0.11740660524793113
8.475,9828.706191593355,1.1739382534863299e-05,7.042739766319784e-05,7.042739766319784e-05,7.332871859088132e-10,0.11739382534863299
8.481250000000001,9828.766719248337,1.1735234356351015e-05,7.0804919120014e-05,7.0804919120014e-05,7.371769033114019e-10,0.11735234356351015
8.4875,9828.868645115199,1.1728249009056427e-05,7.118534928897473e-05,7.118534928897473e-05,7.410643053765964e-10,0.11728249009056427
8.49375,9829.011480170175,1.1718460007544201e-05,7.15686678670691e-05,7.15686678670691e-05,7.449484628155329e-10,0.11718460007544201
8.5,9829.194728848477,1.1705901314654356e-05,7.195485291787601e-05,7.195485291787601e-05,7.488284575965451e-10,0.11705901314654356
8.50625,9829.417889703684,1.1690607296317982e-05,7.23438807817277e-05,7.23438807817277e-05,7.527033830787711e-10,0.11690607296317981
8.512500000000001,9829.680456047472,1.1672612677717797e-05,7.273572598449607e-05,7.273572598449607e-05,7.565723441312297e-10,0.11672612677717797
8.51875,9829.981916569102,1.165195250082746e-05,7.313036114513441e-05,7.313036114513441e-05,7.604344572378228e-10,0.11651952500827459
8.525,9830.321755934223,1.1628662083357914e-05,7.352775688211963e-05,7.352775688211963e-05,7.642888505887303e-10,0.11628662083357914
8.53125,9830.699455363529,1.1602776979133398e-05,7.392788171895257e-05,7.392788171895257e-05,7.681346641586711e-10,0.11602776979133399
8.5375,9831.114493189454,1.1574332939914436e-05,7.43307019888862e-05,7.43307019888862e-05,7.719710497725106e-10,0.11574332939914436
8.543750000000001,9831.566345391882,1.1543365878679843e-05,7.473618173906459e-05,7.473618173906459e-05,7.757971711586975e-10,0.11543365878679843
8.55,9832.054486112942,1.1509911834375193e-05,7.514428263426781e-05,7.514428263426781e-05,7.796122039910159e-10,0.11509911834375193
8.55625,9832.578388149617,1.1474006938130098e-05,7.555496386047082e-05,7.555496386047082e-05,7.834153359191408e-10,0.11474006938130098
8.5625,9833.13752342498,1.1435687380942554e-05,7.596818202843714e-05,7.596818202843714e-05,7.872057665884817e-10,0.11435687380942554
8.56875,9833.73136343931,1.1394989382824362e-05,7.638389107758038e-05,7.638389107758038e-05,7.909827076497991e-10,0.11394989382824362
8.575000000000001,9834.359379698088,1.1351949163397607e-05,7.68020421803392e-05,7.68020421803392e-05,7.947453827590757e-10,0.11351949163397607
8.58125,9835.021044120824,1.1306602913928667e-05,7.722258364732337e-05,7.722258364732337e-05,7.984930275681175e-10,0.11306602913928666
8.5875,9835.715829428089,1.1258986770782889e-05,7.764546083350006e-05,7.764546083350006e-05,8.022248897063567e-10,0.11258986770782889
8.59375,9836.443209508157,1.1209136790279643e-05,7.807061604570149e-05,7.807061604570149e-05,8.059402287543197e-10,0.11209136790279643
8.6,9837.20265976471,1.1157088924925137e-05,7.849798845174511e-05,7.849798845174511e-05,8.096383162092178e-10,0.11157088924925138
8.606250000000001,9837.993657442443,1.110287900099715e-05,7.892751399146865e-05,7.892751399146865e-05,8.133184354431078e-10,0.1110287900099715
8.6125,9838.815681936168,1.1046542697454086e-05,7.93591252899914e-05,7.93591252899914e-05,8.169798816540625e-10,0.11046542697454086
8.61875,9839.668215079226,1.098811552613827e-05,7.979275157352286e-05,7.979275157352286e-05,8.206219618107782e-10,0.10988115526138269
8.625,9840.550741413437,1.092763281324165e-05,8.02283185880475e-05,8.02283185880475e-05,8.242439945910406e-10,0.1092763281324165
8.63125,9841.46274844241,1.0865129682000608e-05,8.066574852122193e-05,8.066574852122193e-05,8.278453103144533e-10,0.10865129682000609
8.637500000000001,9842.403726866092,1.0800641036584957e-05,8.110495992782786e-05,8.110495992782786e-05,8.314252508698272e-10,0.10800641036584957
8.64375,9843.373170798977,1.0734201547145222e-05,8.154586765912874e-05,8.154586765912874e-05,8.349831696376129e-10,0.10734201547145222
8.65,9844.370577972366,1.066584563598129e-05,8.198838279648311e-05,8.198838279648311e-05,8.385184314077495e-10,0.1066584563598129
8.65625,9845.395449919648,1.0595607464794681e-05,8.243241258957066e-05,8.243241258957066e-05,8.420304122932872e-10,0.1059560746479468
8.6625,9846.447292147639,1.0523520922986281e-05,8.287786039958894e-05,8.287786039958894e-05,8.45518499640132e-10,0.10523520922986282
8.668750000000001,9847.525614292637,1.0449619616960917e-05,8.332462564777961e-05,8.332462564777961e-05,8.489820919332443e-10,0.10449619616960917
8.675,9848.629930261843,1.037393686039982e-05,8.377260376964234e-05,8.377260376964234e-05,8.524205986996146e-10,0.1037393686039982
8.68125,9849.759758362343,1.0296505665462234e-05,8.42216861751924e-05,8.42216861751924e-05,8.558334404083212e-10,0.10296505665462234
8.6875,9850.914621416177,1.0217358734877298e-05,8.467176021561447e-05,8.467176021561447e-05,8.592200483679684e-10,0.10217358734877298
8.69375,9852.094046863198,1.0136528454887649e-05,8.512270915666055e-05,8.512270915666055e-05,8.625798646217846e-10,0.10136528454887649
8.700000000000001,9853.297566852529,1.0054046889006547e-05,8.557441215913244e-05,8.557441215913244e-05,8.659123418406522e-10,0.10054046889006546
8.70625,9854.524718322025,9.969945772550774e-06,8.60267442667819e-05,8.60267442667819e-05,8.692169432143238e-10,0.09969945772550774
8.7125,9855.775043067493,9.884256507912201e-06,8.647957640195122e-05,8.647957640195122e-05,8.724931423410732e-10,0.09884256507912201
8.71875,9857.048087801222,9.79701016053149e-06,8.693277536926563e-05,8.693277536926563e-05,8.757404231160101e-10,0.0979701016053149
8.725,9858.343404201021,9.708237455538196e-06,8.738620386767591e-05,8.738620386767591e-05,8.789582796182821e-10,0.09708237455538196
8.731250000000001,9859.66054895026,9.617968775022506e-06,8.78397205111343e-05,8.78397205111343e-05,8.821462159973722e-10,0.09617968775022506
8.7375,9860.999083768897,9.526234155904483e-06,8.829317985817094e-05,8.829317985817094e-05,8.853037463586898e-10,0.09526234155904482
8.74375,9862.358575435932,9.433063288367854e-06,8.874643245061909e-05,8.874643245061909e-05,8.88430394648643e-10,0.09433063288367854
8.75,9863.738595805245,9.338485514826357e-06,8.919932486171804e-05,8.919932486171804e-05,8.915256945393678e-10,0.09338485514826357
8.75625,9865.138721812562,9.242529829391578e-06,8.965169975380105e-05,8.965169975380105e-05,8.945891893132811e-10,0.09242529829391578
8.762500000000001,9866.558535476846,9.145224877812465e-06,9.010339594575223e-05,9.010339594575223e-05,8.976204317476142e-10,0.09145224877812465
8.76875,9867.997623894538,9.046598957857691e-06,9.055424849039208e-05,9.055424849039208e-05,9.006189839990718e-10,0.09046598957857692
8.775,9869.455579227964,8.946680020113182e-06,9.10040887619249e-05,9.10040887619249e-05,9.035844174887569e-10,0.08946680020113182
8.78125,9870.93199868814,8.845495669168309e-06,9.145274455355404e-05,9.145274455355404e-05,9.065163127874875e-10,0.08845495669168309
8.7875,9872.426484511896,8.743073165165308e-06,9.19000401853416e-05,9.19000401853416e-05,9.094142595016274e-10,0.08743073165165308
8.793750000000001,9873.938643934383,8.639439425687686e-06,9.234579662235976e-05,9.234579662235976e-05,9.122778561595435e-10,0.08639439425687685
8.8,9875.468089157212,8.534621027964507e-06,9.278983160314864e-05,9.278983160314864e-05,9.151067100987923e-10,0.08534621027964506
8.80625,9877.01443731168,8.428644211368594e-06,9.323195977846386e-05,9.323195977846386e-05,9.179004373541365e-10,0.08428644211368594
8.8125,9878.577310418537,8.321534880187685e-06,9.367199286026355e-05,9.367199286026355e-05,9.206586625464776e-10,0.08321534880187685
8.81875,9880.156335343545,8.213318606648862e-06,9.410973978085003e-05,9.410973978085003e-05,9.233810187727935e-10,0.08213318606648862
8.825000000000001,9881.751143750225,8.104020634177515e-06,9.454500686204675e-05,9.454500686204675e-05,9.26067147497154e-10,0.08104020634177515
8.83125,9883.361372049087,7.99366588087325e-06,9.497759799425554e-05,9.497759799425554e-05,9.287166984428908e-10,0.0799366588087325
8.8375,9884.986661344039,7.882278943186078e-06,9.540731482520355e-05,9.540731482520355e-05,9.313293294859834e-10,0.07882278943186079
8.84375,9886.626657375858,7.769884099777333e-06,9.583395695815248e-05,9.583395695815248e-05,9.339047065497268e-10,0.07769884099777333
8.85,9888.281010463534,7.656505315550702e-06,9.625732215930754e-05,9.625732215930754e-05,9.364425035007347e-10,0.07656505315550702
8.856250000000001,9889.9493754428,7.5421662458396526e-06,9.667720657412613e-05,9.667720657412613e-05,9.389424020463299e-10,0.07542166245839653
8.8625,9891.631411603856,7.426890240738628e-06,9.709340495219112e-05,9.709340495219112e-05,9.41404091633371e-10,0.07426890240738628
8.86875,9893.326782625189,7.310700349565951e-06,9.750571088027783e-05,9.750571088027783e-05,9.43827269348559e-10,0.0731070034956595
8.875,9895.035156507176,7.193619325447571e-06,9.791391702320818e-05,9.791391702320818e-05,9.462116398202614e-10,0.07193619325447571
8.88125,9896.756205503774,7.075669630011424e-06,9.831781537205204e-05,9.831781537205204e-05,9.485569151218943e-10,0.07075669630011423
8.887500000000001,9898.489606052108,6.956873438182913e-06,9.87171974992017e-05,9.87171974992017e-05,9.508628146768923e-10,0.06956873438182913
8.89375,9900.23503870137,6.837252643072921e-06,9.911185481981332e-05,9.911185481981332e-05,9.531290651652997e-10,0.0683725264307292
8.9,9901.99218804042,6.7168288609504e-06,9.950157885907774e-05,9.950157885907774e-05,9.553554004320094e-10,0.067168288609504
8.90625,9903.760742624017,6.595623436292213e-06,9.988616152475413e-05,9.988616152475413e-05,9.57541561396676e-10,0.06595623436292213
8.9125,9905.54039489759,6.47365744690365e-06,0.00010026539538437043,0.00010026539538437043,9.596872959653248e-10,0.0647365744690365
8.918750000000001,9907.330841122472,6.350951709103655e-06,0.00010063907394646978,0.00010063907394646978,9.61792358943682e-10,0.06350951709103654
8.925,9909.131781298562,6.22752678296928e-06,0.00010100699194525616,0.00010100699194525616,9.638565119522407e-10,0.0622752678296928
8.93125,9910.94291908765,6.103402977634581e-06,0.0001013689456279708,0.0001013689456279708,9.658795233430843e-10,0.06103402977634581
8.9375,9912.763961735081,5.978600356639613e-06,0.0001017247330443102,0.0001017247330443102,9.67861168118483e-10,0.05978600356639613
8.94375,9914.594619990727,5.853138743325645e-06,0.00010207415433717893,0.00010207415433717893,9.69801227851279e-10,0.05853138743325645
8.950000000000001,9916.434608030155,5.7270377262733505e-06,0.00010241701203405418,0.00010241701203405418,9.716994906070723e-10,0.057270377262733506
8.95625,9918.28364337454,5.6003166647809625e-06,0.00010275311133822696,0.00010275311133822696,9.735557508682247e-10,0.056003166647809625
8.9625,9920.141446810076,5.47299469437996e-06,0.00010308226041917273,0.00010308226041917273,9.753698094596907e-10,0.054729946943799596
8.96875,9922.007742306956,5.345090732386142e-06,0.00010340427070129866,0.00010340427070129866,9.77141473476688e-10,0.053450907323861416
8.975,9923.882256937937,5.2166234834844045e-06,0.00010371895715030797,0.00010371895715030797,9.788705562142203e-10,0.05216623483484405
8.981250000000001,9925.764720796467,5.087611445345819e-06,0.00010402613855642047,0.00010402613855642047,9.805568770984609e-10,0.05087611445345819
8.9875,9927.654866914198,4.95807291427594e-06,0.0001043256378136894,0.0001043256378136894,9.822002616200085e-10,0.049580729142759405
8.99375,9929.552431178014,4.82802599089361e-06,0.00010461728219465805,0.00010461728219465805,9.838005412690268e-10,0.048280259908936106
9.0,9931.457152247083,4.697488585839776e-06,0.00010490090361960636,0.00010490090361960636,9.853575534722739e-10,0.046974885858397764
9.00625,9933.368771468573,4.566478425516106e-06,0.00010517633891964751,0.00010517633891964751,9.868711415320353e-10,0.04566478425516106
9.012500000000001,9935.287032793944,4.435013057853455e-06,0.00010544343009294716,0.00010544343009294716,9.883411545669693e-10,0.044350130578534555
9.01875,9937.211682694315,4.303109858110487e-06,0.00010570202455335306,0.00010570202455335306,9.897674474548728e-10,0.043031098581104876
9.025,9939.142470074896,4.17078603470281e-06,0.0001059519753707414,0.0001059519753707414,9.911498807773805e-10,0.0417078603470281
9.03125,9941.07914619021,4.0380586350634744e-06,0.0001061931415024078,0.0001061931415024078,9.924883207666065e-10,0.040380586350634746
9.0375,9943.021464557749,3.904944551535561e-06,0.00010642538801485379,0.00010642538801485379,9.937826392537386e-10,0.039049445515355614
9.043750000000001,9944.969180871214,3.771460527297907e-06,0.00010664858629534707,0.00010664858629534707,9.950327136195963e-10,0.03771460527297907
9.05,9946.92205291414,3.637623162325196e-06,0.00010686261425266233,0.00010686261425266233,9.962384267471657e-10,0.03637623162325196
9.05625,9948.879840471995,3.5034489193836956e-06,0.00010706735650644144,0.00010706735650644144,9.973996669761206e-10,0.035034489193836955
9.0625,9950.84230524436,3.3689541300640595e-06,0.00010726270456464505,0.00010726270456464505,9.98516328059343e-10,0.03368954130064059
9.06875,9952.809210756144,3.234155000852772e-06,0.00010744855698860379,0.00010744855698860379,9.995883091214579e-10,0.032341550008527724
9.075000000000001,9954.780322268587,3.099067619243906e-06,0.00010762481954521579,0.00010762481954521579,1.0006155146193906e-09,0.030990676192439063
9.08125,9956.755406689466,2.963707959892873e-06,0.00010779140534587591,0.00010779140534587591,1.0015978543049673e-09,0.02963707959892873
9.0875,9958.734232482477,2.8280918908140343e-06,0.00010794823497176452,0.00010794823497176452,1.0025352431895673e-09,0.028280918908140343
9.09375,9960.716569576289,2.6922351796240274e-06,0.00010809523658516605,0.00010809523658516605,1.003427601510846e-09,0.026922351796240276
9.1,9962.702189272843,2.5561534998327314e-06,0.00010823234602653214,0.00010823234602653214,1.0042748547015424e-09,0.025561534998327314
9.106250000000001,9964.690864154478,2.4198624371838234e-06,0.00010835950689704899,0.00010835950689704899,1.0050769333603883e-09,0.024198624371838236
9.1125,9966.682367991109,2.283377496046953e-06,0.00010847667062651519,0.00010847667062651519,1.005833773225137e-09,0.022833774960469528
9.11875,9968.676475645836,2.146714105863506e-06,0.00010858379652638288,0.00010858379652638288,1.0065453151477267e-09,0.02146714105863506
9.125,9970.672962980143,2.00988762764795e-06,0.00010868085182786276,0.00010868085182786276,1.0072115050716014e-09,0.020098876276479497
9.13125,9972.671606758582,1.8729133605468164e-06,0.00010876781170504049,0.00010876781170504049,1.0078322940112034e-09,0.018729133605468164
9.137500000000001,9974.672184551553,1.7358065484571964e-06,0.00010884465928300014,0.00010884465928300014,1.0084076380336606e-09,0.017358065484571965
9.14375,9976.67447463811,1.5985823867067366e-06,0.0001089113856309977,0.0001089113856309977,1.0089374982426884e-09,0.015985823867067366
9.15,9978.67825590787,1.4612560287970076e-06,0.00010896798974077435,0.00010896798974077435,1.0094218407647253e-09,0.014612560287970077
9.15625,9980.683307761088,1.3238425932120237e-06,0.00010901447849014632,0.00010901447849014632,1.0098606367373271e-09,0.013238425932120237
9.1625,9982.689410009014,1.1863571702936676e-06,0.00010905086659205286,0.00010905086659205286,1.0102538622998383e-09,0.011863571702936676
9.168750000000001,9984.696342771935,1.0488148291855929e-06,0.00010907717652928988,0.00010907717652928988,1.0106014985863662e-09,0.01048814829185593
9.175,9986.703886377303,9.112306248471879e-07,0.00010909343847519849,0.00010909343847519849,1.0109035317210792e-09,0.009112306248471879
9.18125,9988.711821255743,7.736196051388945e-07,0.00010909969020062156,0.00010909969020062156,1.011159952815854e-09,0.007736196051388945
9.1875,9990.7199278378,6.359968179802367e-07,0.00010909597696748067,0.00010909597696748067,1.0113707579702947e-09,0.006359968179802367
9.19375,9992.727986446711,4.983773185814284e-07,0.00010908235140936491,0.00010908235140936491,1.0115359482741503e-09,0.004983773185814284
9.200000000000001,9994.735777193433,3.607761767496572e-07,0.00010905887339956071,0.00010905887339956071,1.011655529812152e-09,0.003607761767496572
9.20625,9996.743079867918,2.2320848427055212e-07,0.00010902560990698527,0.00010902560990698527,1.0117295136712985e-09,0.0022320848427055213
9.2125,9998.749673830625,8.568936236534414e-08,0.00010898263484052036,0.00010898263484052036,1.0117579159506129e-09,0.0008568936236534415
9.21875,10000.755337902563,-5.17660307760733e-08,0.00010893002888227293,0.00010893002888227293,1.0117407577733956e-09,-0.000517660307760733
9.225,10002.759850254568,-1.8914249238626092e-07,0.00010886787931031697,0.00010886787931031697,1.0116780653020003e-09,-0.001891424923862609
9.231250000000001,10004.762988294406,-3.264247674359287e-07,0.00010879627981149707,0.00010879627981149707,1.0115698697551559e-09,-0.003264247674359287
9.2375,10006.764528554506,-4.6359754087478547e-07,0.00010871533028489713,0.00010871533028489713,1.011416207427862e-09,-0.004635975408747855
9.24375,10008.764246577026,-6.006454297986571e-07,0.00010862513663659743,0.00010862513663659743,1.0112171197138778e-09,-0.006006454297986571
9.25,10010.76191679867,-7.375529755441887e-07,0.00010852581056636184,0.00010852581056636184,1.0109726531308349e-09,-0.0073755297554418875
9.25625,10012.757312434447,-8.74304635712878e-07,0.00010841746934691119,0.00010841746934691119,1.0106828593479902e-09,-0.00874304635712878
9.262500000000001,10014.750205360033,-1.0108847761266566e-06,0.00010830023559645172,0.00010830023559645172,1.0103477952166476e-09,-0.010108847761266566
9.26875,10016.740365993628,-1.1472776627175935e-06,0.00010817423704513647,0.00010817423704513647,1.0099675228032672e-09,-0.011472776627175935
9.275,10018.727563176679,-1.2834674533547694e-06,0.00010803960629614465,0.00010803960629614465,1.009542109425283e-09,-0.012834674533547695
9.28125,10020.71156405391,-1.4194381896119327e-06,0.00010789648058206787,0.00010789648058206787,1.0090716276896504e-09,-0.014194381896119327
9.2875,10022.692133951608,-1.5551737884800302e-06,0.00010774500151729336,0.00010774500151729336,1.0085561555341389e-09,-0.015551737884800302
9.293750000000001,10024.669036257137,-1.6906580340291138e-06,0.00010758531484707346,0.00010758531484707346,1.0079957762713906e-09,-0.016906580340291136
9.3,10026.642032295953,-1.825874569024976e-06,0.00010741757019396621,0.00010741757019396621,1.0073905786357561e-09,-0.01825874569024976
9.30625,10028.610881208662,-1.960806886506208e-06,0.0001072419208023259,0.0001072419208023259,1.0067406568329221e-09,-0.01960806886506208
9.3125,10030.575339827608,-2.095438321328157e-06,0.00010705852328151366,0.00010705852328151366,1.0060461105923427e-09,-0.02095438321328157
9.31875,10032.5351625536,-2.2297520416807843e-06,0.00010686753734848645,0.00010686753734848645,1.0053070452224815e-09,-0.022297520416807843
9.325000000000001,10034.490101231297,-2.363731040588265e-06,0.00010666912557041044,0.00010666912557041044,1.0045235716688716e-09,-0.023637310405882652
9.33125,10036.439905025312,-2.497358127398725e-06,0.0001064634531079284,0.0001064634531079284,1.0036958065749957e-09,-0.024973581273987248
9.3375,10038.38432029615,-2.630615919273304e-06,0.00010625068745969358,0.00010625068745969358,1.0028238723459886e-09,-0.02630615919273304
9.34375,10040.323090475622,-2.7634868326845487e-06,0.00010603099820876319,0.00010603099820876319,1.0019078972151553e-09,-0.027634868326845488
9.35,10042.255955943947,-2.8959530749347217e-06,0.00010580455677142378,0.00010580455677142378,1.0009480153133032e-09,-0.028959530749347217
9.356250000000001,10044.18265390554,-3.0279966357057286e-06,0.0001055715361489974,0.0001055715361489974,9.99944366740873e-10,-0.030279966357057285
9.3625,10046.102918266997,-3.1595992786527955e-06,0.00010533211068315414,0.00010533211068315414,9.98897097642857e-10,-0.03159599278652796
9.36875,10048.016479514994,-3.2907425330552356e-06,0.00010508645581523075,0.00010508645581523075,9.97806360286484e-10,-0.03290742533055235
9.375,10049.9230645954,-3.4214076855382337e-06,0.00010483474785002832,0.00010483474785002832,9.966723131416491e-10,-0.03421407685538234
9.38125,10051.822396794345,-3.5515757718805554e-06,0.00010457716372453484,0.00010457716372453484,9.954951209640578e-10,-0.03551575771880555
9.387500000000001,10053.71419561898,-3.6812275689240406e-06,0.00010431388078198976,0.00010431388078198976,9.942749548810528e-10,-0.036812275689240406
9.39375,10055.59817668269,-3.8103435866014003e-06,0.00010404507655167843,0.00010404507655167843,9.930119924800825e-10,-0.038103435866014
9.4,10057.474051589215,-3.9389040601000604e-06,0.00010377092853481485,0.00010377092853481485,9.91706417899767e-10,-0.039389040601000604
9.40625,10059.34152782196,-4.0668889421803756e-06,0.00010349161399684073,0.00010349161399684073,9.9035842192351e-10,-0.04066888942180376
9.4125,10061.200308633242,-4.194277895667717e-06,0.0001032073097664392,0.0001032073097664392,9.889682020756003e-10,-0.04194277895667717
9.418750000000001,10063.050092938378,-4.321050286138605e-06,0.00010291819204153017,0.00010291819204153017,9.875359627197362e-10,-0.04321050286138605
9.425,10064.890575211779,-4.447185174822178e-06,0.00010262443620248437,0.00010262443620248437,9.860619151599039e-10,-0.044471851748221776
9.43125,10066.721445386762,-4.572661311738986e-06,0.00010232621663276316,0.00010232621663276316,9.845462777435289e-10,-0.045726613117389854
9.4375,10068.542388759726,-4.697457129100072e-06,0.00010202370654716063,0.00010202370654716063,9.829892759668165e-10,-0.04697457129100072
9.44375,10070.353085897324,-4.8215507349902086e-06,0.00010171707782779518,0.00010171707782779518,9.813911425821853e-10,-0.048215507349902084
9.450000000000001,10072.15321254901,-4.944919907359868e-06,0.00010140650086796906,0.00010140650086796906,9.797521177076923e-10,-0.04944919907359868
9.45625,10073.942439564486,-5.067542088351377e-06,0.00010109214442398539,0.00010109214442398539,9.780724489383384e-10,-0.05067542088351377
9.4625,10075.720432816235,-5.189394378985519e-06,0.00010077417547498507,0.00010077417547498507,9.763523914591358e-10,-0.05189394378985519
9.46875,10077.486853127022,-5.310453534235567e-06,0.00010045275909083898,0.00010045275909083898,9.745922081598072e-10,-0.05310453534235567
9.475,10079.241356204735,-5.430695958516381e-06,0.00010012805830810463,0.00010012805830810463,9.72792169750981e-10,-0.054306959585163815
9.481250000000001,10080.983592582577,-5.5500977016169445e-06,9.98002340140324e-05,9.98002340140324e-05,9.709525548817336e-10,-0.05550097701616945
9.4875,10082.713207567123,-5.668634455105213e-06,9.946944483858163e-05,9.946944483858163e-05,9.690736502583245e-10,-0.05668634455105213
9.49375,10084.429841192568,-5.786281549234836e-06,9.913584705438504e-05,9.913584705438504e-05,9.671557507639564e-10,-0.05786281549234836
9.5,10086.133128183814,-5.903013950383657e-06,9.879959448457779e-05,9.879959448457779e-05,9.651991595793837e-10,-0.05903013950383657
9.50625,10087.822697927213,-6.018806259054351e-06,9.846083841838758e-05,9.846083841838758e-05,9.632041883041844e-10,-0.06018806259054351
9.512500000000001,10089.49817444977,-6.133632708468017e-06,9.811972753436313e-05,9.811972753436313e-05,9.611711570784974e-10,-0.06133632708468017
9.51875,10091.159176408,-6.2474671637815695e-06,9.777640783110051e-05,9.777640783110051e-05,9.591003947050207e-10,-0.06247467163781569
9.525,10092.805317086033,-6.360283121960177e-06,9.743102256531048e-05,9.743102256531048e-05,9.5699223877105e-10,-0.06360283121960177
9.53125,10094.436204403682,-6.472053712335959e-06,9.708371219705492e-05,9.708371219705492e-05,9.54847035770333e-10,-0.06472053712335958
9.5375,10096.051440935176,-6.582751697884139e-06,9.67346143419666e-05,9.67346143419666e-05,9.526651412245011e-10,-0.06582751697884139
9.543750000000001,10097.650623938662,-6.692349477247832e-06,9.638386373025435e-05,9.638386373025435e-05,9.504469198038299e-10,-0.06692349477247832
9.55,10099.233345396839,-6.800819087542301e-06,9.60315921722842e-05,9.60315921722842e-05,9.481927454470685e-10,-0.06800819087542301
9.55625,10100.799192070272,-6.908132207969268e-06,9.567792853051768e-05,9.567792853051768e-05,9.45903001480074e-10,-0.06908132207969268
9.5625,10102.347745561898,-7.014260164271394e-06,9.532299869757979e-05,9.532299869757979e-05,9.435780807329663e-10,-0.07014260164271394
9.56875,10103.878582394842,-7.1191739340565005e-06,9.496692558022192e-05,9.496692558022192e-05,9.412183856555205e-10,-0.07119173934056501
9.575000000000001,10105.391274103455,-7.222844153020316e-06,9.460982908893894e-05,9.460982908893894e-05,9.38824328430495e-10,-0.07222844153020316
9.58125,10106.885387337334,-7.325241122095875e-06,9.425182613299512e-05,9.425182613299512e-05,9.363963310845915e-10,-0.07325241122095875
9.5875,10108.360483979503,-7.426334815556581e-06,9.38930306206098e-05,9.38930306206098e-05,9.339348255967283e-10,-0.07426334815556582
9.59375,10109.816121279455,-7.526094890098909e-06,9.353355346405086e-05,9.353355346405086e-05,9.314402540033022e-10,-0.07526094890098908
9.600000000000001,10111.251851999621,-7.624490694929578e-06,9.317350258938333e-05,9.317350258938333e-05,9.289130685001091e-10,-0.07624490694929578
9.606250000000001,10112.66722457801,-7.721491282880514e-06,9.281298295061922e-05,9.281298295061922e-05,9.26353731540579e-10,-0.07721491282880515
9.6125,10114.061783305873,-7.81706542257349e-06,9.245209654801576e-05,9.245209654801576e-05,9.237627159299787e-10,-0.0781706542257349
9.61875,10115.435068520223,-7.9111816116547e-06,9.209094245027053e-05,9.209094245027053e-05,9.21140504915229e-10,-0.079111816116547
9.625,10116.786616813335,-8.003808091117682e-06,9.172961682036406e-05,9.172961682036406e-05,9.184875922699736e-10,-0.08003808091117681
9.631250000000001,10118.115961257487,-8.094912860731065e-06,9.136821294480378e-05,9.136821294480378e-05,9.158044823745343e-10,-0.08094912860731064
9.637500000000001,10119.422631646863,-8.18446369558551e-06,9.10068212660271e-05,9.10068212660271e-05,9.130916902903827e-10,-0.08184463695585509
9.64375,10120.706154755224,-8.272428163772098e-06,9.064552941772554e-05,9.064552941772554e-05,9.103497418287506e-10,-0.08272428163772098
9.65,10121.966054610164,-8.358773645201928e-06,9.028442226285742e-05,9.028442226285742e-05,9.075791736130042e-10,-0.08358773645201928
9.65625,10123.201852785227,-8.443467351574231e-06,8.992358193412185e-05,8.992358193412185e-05,9.047805331343985e-10,-0.08443467351574231
9.662500000000001,10124.413068707465,-8.526476347497679e-06,8.956308787667371e-05,8.956308787667371e-05,9.019543788008318e-10,-0.08526476347497679
9.668750000000001,10125.59921998292,-8.607767572766829e-06,8.92030168928647e-05,8.92030168928647e-05,8.991012799782156e-10,-0.08607767572766829
9.675,10126.759822738153,-8.687307865792689e-06,8.884344318880415e-05,8.884344318880415e-05,8.962218170240794e-10,-0.08687307865792689
9.68125,10127.894391979045,-8.765063988183486e-06,8.848443842253915e-05,8.848443842253915e-05,8.933165813130269e-10,-0.08765063988183486
9.6875,10129.002441966284,-8.84100265046844e-06,8.812607175366249e-05,8.812607175366249e-05,8.90386175253667e-10,-0.0884100265046844
9.693750000000001,10130.083486607018,-8.915090538954357e-06,8.776840989416386e-05,8.776840989416386e-05,8.874312122966421e-10,-0.08915090538954357
9.700000000000001,10131.137039863419,-8.987294343701289e-06,8.741151716034847e-05,8.741151716034847e-05,8.84452316933384e-10,-0.0898729434370129
9.70625,10132.162616176303,-9.057580787600353e-06,8.705545552565504e-05,8.705545552565504e-05,8.814501246852322e-10,-0.09057580787600353
9.7125,10133.159730905723,-9.125916656533058e-06,8.670028467421379e-05,8.670028467421379e-05,8.784252820825551e-10,-0.09125916656533058
9.71875,10134.127900786643,-9.192268830588144e-06,8.634606205499319e-05,8.634606205499319e-05,8.753784466335245e-10,-0.09192268830588143
9.725000000000001,10135.066644398705,-9.256604316308328e-06,8.599284293639271e-05,8.599284293639271e-05,8.723102867822016e-10,-0.09256604316308328
9.731250000000001,10135.975482652242,-9.31889027993548e-06,8.56406804611471e-05,8.56406804611471e-05,8.692214818556035e-10,-0.09318890279935481
9.7375,10136.853939286535,-9.379094081619388e-06,8.52896257014163e-05,8.52896257014163e-05,8.661127219994318e-10,-0.09379094081619388
9.74375,10137.70154138337,-9.437183310551276e-06,8.493972771394281e-05,8.493972771394281e-05,8.629847081021546e-10,-0.09437183310551275
9.75,10138.517819891536,-9.49312582097978e-06,8.459103359516694e-05,8.459103359516694e-05,8.598381517071521e-10,-0.0949312582097978
9.756250000000001,10139.302310165633,-9.546889769063156e-06,8.424358853619803e-05,8.424358853619803e-05,8.566737749126467e-10,-0.09546889769063156
9.762500000000001,10140.054552514423,-9.598443650507999e-06,8.389743587754757e-05,8.389743587754757e-05,8.534923102591571e-10,-0.09598443650507998
9.76875,10140.774092761101,-9.647756338941026e-06,8.355261716353774e-05,8.355261716353774e-05,8.502945006042349e-10,-0.09647756338941026
9.775,10141.460482812872,-9.694797124956866e-06,8.320917219630635e-05,8.320917219630635e-05,8.470810989842576e-10,-0.09694797124956867
9.78125,10142.113281240288,-9.739535755781296e-06,8.28671390893362e-05,8.28671390893362e-05,8.438528684630756e-10,-0.09739535755781296
9.787500000000001,10142.732053863034,-9.781942475486021e-06,8.252655432044393e-05,8.252655432044393e-05,8.406105819673289e-10,-0.0978194247548602
9.793750000000001,10143.316374344538,-9.821988065687524e-06,8.218745278416967e-05,8.218745278416967e-05,8.373550221082753e-10,-0.09821988065687524
9.8,10143.865824791677,-9.859643886659528e-06,8.184986784351615e-05,8.184986784351615e-05,8.340869809899902e-10,-0.09859643886659528
9.80625,10144.379996359545,-9.894881918785351e-06,8.15138313809909e-05,8.15138313809909e-05,8.308072600038277e-10,-0.0989488191878535
9.8125,10144.858489860158,-9.927674804273532e-06,8.117937384891178e-05,8.117937384891178e-05,8.275166696090543e-10,-0.09927674804273531
9.818750000000001,10145.300916373866,-9.957995889057355e-06,8.084652431894147e-05,8.084652431894147e-05,8.242160290995948e-10,-0.09957995889057356
9.825000000000001,10145.706897862154,-9.985819264796193e-06,8.051531053082182e-05,8.051531053082182e-05,8.20906166356857e-10,-0.09985819264796193
9.83125,10146.0760677808,-1.001111981089421e-05,8.018575894028383e-05,8.018575894028383e-05,8.175879175886284e-10,-0.1001111981089421
9.8375,10146.408071692093,-1.00338732364498e-05,7.985789476611404e-05,7.985789476611404e-05,8.142621270540691e-10,-0.100338732364498
9.84375,10146.702567874407,-1.0054056122046975e-05,7.953174203636254e-05,7.953174203636254e-05,8.109296467748521e-10,-0.10054056122046975
9.850000000000001,10146.959227928322,-1.0071645961298376e-05,7.920732363368133e-05,7.920732363368133e-05,8.075913362325344e-10,-0.10071645961298377
9.856250000000001,10147.17773737819,-1.0086621202047797e-05,7.888466133978694e-05,7.888466133978694e-05,8.042480620522713e-10,-0.10086621202047796
9.8625,10147.357796266719,-1.0098961287139054e-05,7.856377587904335e-05,7.856377587904335e-05,8.009006976730168e-10,-0.10098961287139054
9.86875,10147.499119742293,-1.0108646694656888e-05,7.82446869611659e-05,7.82446869611659e-05,7.975501230043867e-10,-0.10108646694656888
9.875,10147.601438636611,-1.0115658977545016e-05,7.792741332304917e-05,7.792741332304917e-05,7.941972240703902e-10,-0.10115658977545015
9.881250000000001,10147.664500033132,-1.0119980802505763e-05,7.761197276972503e-05,7.761197276972503e-05,7.90842892640267e-10,-0.10119980802505764
9.887500000000001,10147.688067821977,-1.0121595988085891e-05,7.729838221445966e-05,7.729838221445966e-05,7.874880258467017e-10,-0.10121595988085891
9.89375,10147.671923242982,-1.0120489541853055e-05,7.69866577180007e-05,7.69866577180007e-05,7.841335257917149e-10,-0.10120489541853055
9.9,10147.61586541304,-1.0116647696568126e-05,7.667681452698782e-05,7.667681452698782e-05,7.807802991405655e-10,-0.10116647696568126
9.90625,10147.519711838071,-1.0110057945259061e-05,7.636886711154195e-05,7.636886711154195e-05,7.774292567040273e-10,-0.10110057945259061
9.912500000000001,10147.383298907649,-1.0100709075103385e-05,7.606282920205061e-05,7.606282920205061e-05,7.740813130094345e-10,-0.10100709075103385
9.918750000000001,10147.206482370142,-1.0088591200027573e-05,7.57587138251674e-05,7.57587138251674e-05,7.707373858609227e-10,-0.10088591200027573
9.925,10146.989137789007,-1.007369579193342e-05,7.545653333904622e-05,7.545653333904622e-05,7.673983958893196e-10,-0.1007369579193342
9.93125,10146.731160976442,-1.005601571046355e-05,7.51562994678312e-05,7.51562994678312e-05,7.640652660921693e-10,-0.10056015710463549
9.9375,10146.432468405608,-1.003554523122053e-05,7.485802333542475e-05,7.485802333542475e-05,7.607389213644036e-10,-0.1003554523122053
9.943750000000001,10146.09299759839,-1.0012280072356732e-05,7.45617154985567e-05,7.45617154985567e-05,7.574202880201994e-10,-0.10012280072356732
9.950000000000001,10145.712707488601,-9.986217419455141e-06,7.4267385979179e-05,7.4267385979179e-05,7.5411029330659e-10,-0.09986217419455141
9.95625,10145.291578758888,-9.95735594862442e-06,7.397504429620982e-05,7.397504429620982e-05,7.508098649094211e-10,-0.09957355948624419
9.9625,10144.829614150478,-9.925695847735348e-06,7.368469949665286e-05,7.368469949665286e-05,7.475199304522669e-10,-0.09925695847735348
9.96875,10144.326838745059,-9.891238835729349e-06,7.339636018611665e-05,7.339636018611665e-05,7.442414169889481e-10,-0.09891238835729349
9.975000000000001,10143.783300217574,-9.85398817993411e-06,7.311003455876001e-05,7.311003455876001e-05,7.40975250490309e-10,-0.09853988179934109
9.981250000000001,10143.199069058543,-9.813948711325693e-06,7.282573042668895e-05,7.282573042668895e-05,7.377223553259362e-10,-0.09813948711325693
9.9875,10142.574238766307,-9.771126837680975e-06,7.254345524883146e-05,7.254345524883146e-05,7.344836537415184e-10,-0.09771126837680975
9.99375,10141.908926007281,-9.725530554569417e-06,7.226321615931564e-05,7.226321615931564e-05,7.312600653325623e-10,-0.09725530554569417
10.0,10141.203270744165,-9.677169454137914e-06,7.198501999537693e-05,7.198501999537693e-05,7.280525065151972e-10,-0.09677169454137914
10.006250000000001,10140.457436331239,-9.62605473164804e-06,7.170887332482004e-05,7.170887332482004e-05,7.248618899948122e-10,-0.0962605473164804
10.012500000000001,10139.671609576571,-9.572199189730276e-06,7.143478247306061e-05,7.143478247306061e-05,7.216891242332841e-10,-0.09572199189730277
10.01875,10138.846000770312,-9.515617240325479e-06,7.116275354977184e-05,7.116275354977184e-05,7.185351129155607e-10,-0.09515617240325479
10.025,10137.980843678908,-9.45632490428969e-06,7.089279247516004e-05,7.089279247516004e-05,7.154007544163764e-10,-0.0945632490428969
10.03125,10137.076395504868,-9.394339808644151e-06,7.062490500589365e-05,7.062490500589365e-05,7.122869412678781e-10,-0.09394339808644152
10.037500000000001,10136.132936812417,-9.32968118145846e-06,7.035909676070875e-05,7.035909676070875e-05,7.091945596289478e-10,-0.0932968118145846
10.043750000000001,10135.150771417755,-9.262369844360875e-06,7.00953732457143e-05,7.00953732457143e-05,7.061244887570078e-10,-0.09262369844360875
10.05,10134.130226245514,-9.192428202675833e-06,6.983373987941912e-05,6.983373987941912e-05,7.03077600483094e-10,-0.09192428202675833
10.05625,10133.071651150298,-9.119880233194976e-06,6.957420201750262e-05,6.957420201750262e-05,7.000547586909841e-10,-0.09119880233194977
10.0625,10131.975418703634,-9.044751469594134e-06,6.931676497734948e-05,6.931676497734948e-05,6.970568188011574e-10,-0.09044751469594134
10.068750000000001,10130.841923947446,-8.967068985514857e-06,6.906143406236943e-05,6.906143406236943e-05,6.940846272603644e-10,-0.08967068985514857
10.075000000000001,10129.671584113084,-8.886861375335247e-06,6.880821458612041e-05,6.880821458612041e-05,6.911390210375686e-10,-0.08886861375335246
10.08125,10128.46483830797,-8.804158732660819e-06,6.855711189625436e-05,6.855711189625436e-05,6.882208271270183e-10,-0.08804158732660819
10.0875,10127.222147168428,-8.71899262657229e-06,6.830813139830302e-05,6.830813139830302e-05,6.85330862059191e-10,-0.08718992626572289
10.09375,10125.94399248158,-8.63139607567284e-06,6.806127857932043e-05,6.806127857932043e-05,6.824699314203402e-10,-0.0863139607567284
10.100000000000001,10124.630876775034,-8.541403519983356e-06,6.781655903139789e-05,6.781655903139789e-05,6.796388293813569e-10,-0.08541403519983357
10.106250000000001,10123.283322875852,-8.44905079073968e-06,6.757397847506615e-05,6.757397847506615e-05,6.768383382366436e-10,-0.0844905079073968
10.1125,10121.901873440522,-8.35437507815128e-06,6.733354278259871e-05,6.733354278259871e-05,6.740692279536734e-10,-0.0835437507815128
10.11875,10120.487090455827,-8.257414897186139e-06,6.709525800122861e-05,6.709525800122861e-05,6.713322557338901e-10,-0.08257414897186138
10.125,10119.039554711295,-8.15821005145159e-06,6.685913037629058e-05,6.685913037629058e-05,6.686281655855811e-10,-0.08158210051451589
10.131250000000001,10117.559865245732,-8.056801595245734e-06,6.662516637429861e-05,6.662516637429861e-05,6.659576879093282e-10,-0.08056801595245734
10.137500000000001,10116.048638768229,-7.953231793858484e-06,6.639337270596848e-05,6.639337270596848e-05,6.633215390966161e-10,-0.07953231793858484
10.14375,10114.506509054305,-7.847544082205845e-06,6.616375634919296e-05,6.616375634919296e-05,6.607204211421529e-10,-0.07847544082205844
10.15,10112.93412631903,-7.739783021884814e-06,6.593632457197647e-05,6.593632457197647e-05,6.581550212704245e-10,-0.07739783021884813
10.15625,10111.332156569255,-7.629994256740198e-06,6.571108495533459e-05,6.571108495533459e-05,6.556260115769767e-10,-0.07629994256740198
10.162500000000001,10109.701280934512,-7.518224467037961e-06,6.548804541616232e-05,6.548804541616232e-05,6.531340486848868e-10,-0.07518224467037961
10.168750000000001,10108.042194979558,-7.40452132234298e-06,6.526721423007373e-05,6.526721423007373e-05,6.506797734168544e-10,-0.0740452132234298
10.175,10106.355607999523,-7.288933433201708e-06,6.504860005421402e-05,6.504860005421402e-05,6.482638104833071e-10,-0.07288933433201708
10.18125,10104.642242298709,-7.1715103017328655e-06,6.483221195004366e-05,6.483221195004366e-05,6.458867681868831e-10,-0.07171510301732865
10.1875,10102.902832455191,-7.0523022712313074e-06,6.46180594060925e-05,6.46180594060925e-05,6.435492381436183e-10,-0.07052302271231307
10.193750000000001,10101.1381245731,-6.931360474891988e-06,6.440615236068027e-05,6.440615236068027e-05,6.412517950211286e-10,-0.06931360474891989
10.200000000000001,10099.348875522503,-6.8087367837624565e-06,6.419650122459833e-05,6.419650122459833e-05,6.389949962940446e-10,-0.06808736783762456
10.20625,10097.535852170939,-6.684483754033266e-06,6.398911690374523e-05,6.398911690374523e-05,6.367793820169157e-10,-0.06684483754033266
10.2125,10095.699830605794,-6.558654573776514e-06,6.378401082170774e-05,6.378401082170774e-05,6.346054746147699e-10,-0.06558654573776514
10.21875,10093.841595351032,-6.4313030092429925e-06,6.358119494227643e-05,6.358119494227643e-05,6.324737786914725e-10,-0.06431303009242993
10.225000000000001,10091.961938578432,-6.302483350828565e-06,6.338068179188313e-05,6.338068179188313e-05,6.303847808559947e-10,-0.06302483350828565
10.231250000000001,10090.061659316309,-6.172250358819905e-06,6.318248448194619e-05,6.318248448194619e-05,6.283389495666653e-10,-0.06172250358819905
10.2375,10088.141562655945,-6.040659209029194e-06,6.29866167311065e-05,6.29866167311065e-05,6.263367349934427e-10,-0.06040659209029194
10.24375,10086.202458958263,-5.907765438426332e-06,6.279309288733611e-05,6.279309288733611e-05,6.243785688982064e-10,-0.059077654384263316
10.25,10084.245163062726,-5.7736248908757376e-06,6.260192794989866e-05,6.260192794989866e-05,6.224648645330349e-10,-0.05773624890875738
10.256250000000001,10082.270493497555,-5.638293663083494e-06,6.241313759113862e-05,6.241313759113862e-05,6.205960165564001e-10,-0.05638293663083494
10.262500000000001,10080.27927169648,-5.5018280508582226e-06,6.222673817807453e-05,6.222673817807453e-05,6.187724009671731e-10,-0.05501828050858223
10.26875,10078.272321220149,-5.364284495787154e-06,6.204274679376878e-05,6.204274679376878e-05,6.169943750563052e-10,-0.05364284495787154
10.275,10076.25046698583,-5.225719532426134e-06,6.18611812584445e-05,6.18611812584445e-05,6.152622773760126e-10,-0.05225719532426134
10.28125,10074.214534505762,-5.086189736099548e-06,6.16820601503174e-05,6.16820601503174e-05,6.135764277262638e-10,-0.05086189736099548
10.287500000000001,10072.16534913534,-4.9457516714031545e-06,6.150540282610844e-05,6.150540282610844e-05,6.119371271583355e-10,-0.04945751671403154
10.293750000000001,10070.103735334082,-4.8044618414993305e-06,6.133122944120055e-05,6.133122944120055e-05,6.103446579951747e-10,-0.04804461841499331
10.3,10068.030515937404,-4.6623766382910115e-06,6.115956096940033e-05,6.115956096940033e-05,6.087992838682773e-10,-0.04662376638291012
10.30625,10065.946511444765,-4.519552293556534e-06,6.0990419222262926e-05,6.0990419222262926e-05,6.073012497707611e-10,-0.04519552293556534
10.3125,10063.852539321268,-4.376044831123935e-06,6.082382686793644e-05,6.082382686793644e-05,6.058507821262936e-10,-0.043760448311239354
10.318750000000001,10061.74941331601,-4.231910020159108e-06,6.065980744947884e-05,6.065980744947884e-05,6.044480888735002e-10,-0.04231910020159108
10.325000000000001,10059.637942798057,-4.0872033296378956e-06,6.0498385402598814e-05,6.0498385402598814e-05,6.03093359565465e-10,-0.04087203329637896
10.33125,10057.518932109993,-3.941979884067978e-06,6.033958607276884e-05,6.033958607276884e-05,6.017867654839061e-10,-0.039419798840679775
10.3375,10055.393179941491,-3.796294420521761e-06,6.0183435731656624e-05,6.0183435731656624e-05,6.005284597675945e-10,-0.03796294420521761
10.34375,10053.261478721764,-3.6502012470371197e-06,6.002996159281859e-05,6.002996159281859e-05,5.99318577554559e-10,-0.036502012470371194
10.350000000000001,10051.124614033582,-3.5037542024379786e-06,5.9879191826596695e-05,5.9879191826596695e-05,5.981572361376115e-10,-0.03503754202437979
10.356250000000001,10048.983364048514,-3.3570066176221245e-06,5.9731155574157304e-05,5.9731155574157304e-05,5.970445351327011e-10,-0.03357006617622124
10.3625,10046.838498983807,-3.210011278358935e-06,5.958588296060911e-05,5.958588296060911e-05,5.959805566596013e-10,-0.03210011278358935
10.36875,10044.690780582228,-3.0628203896348523e-06,5.944340510713406e-05,5.944340510713406e-05,5.949653655344136e-10,-0.030628203896348523
10.375,10042.54096161516,-2.915485541579699e-06,5.930375414206395e-05,5.930375414206395e-05,5.939990094733656e-10,-0.02915485541579699
10.381250000000001,10040.389785408617,-2.7680576770022657e-06,5.916696321083239e-05,5.916696321083239e-05,5.930815193073701e-10,-0.02768057677002266
10.387500000000001,10038.237985393247,-2.6205870605587826e-06,5.903306648473096e-05,5.903306648473096e-05,5.922129092068025e-10,-0.026205870605587826
10.39375,10036.086284678871,-2.473123249573264e-06,5.8902099168395405e-05,5.8902099168395405e-05,5.913931769159508e-10,-0.024731232495732638
10.4,10033.935395652998,-2.3257150665241404e-06,5.877409750594689e-05,5.877409750594689e-05,5.90622303996585e-10,-0.023257150665241404
10.40625,10031.786019603516,-2.178410573207086e-06,5.864909878571132e-05,5.864909878571132e-05,5.899002560800898e-10,-0.02178410573207086
10.412500000000001,10029.638846366624,-2.0312570465794567e-06,5.852714134343841e-05,5.852714134343841e-05,5.892269831276043e-10,-0.020312570465794568
10.418750000000001,10027.49455399856,-1.8843009562875645e-06,5.840826456394106e-05,5.840826456394106e-05,5.886024196976102e-10,-0.018843009562875646
10.425,10025.353808472642,-1.7375879438736845e-06,5.829250888107448e-05,5.829250888107448e-05,5.880264852204129e-10,-0.017375879438736846
10.43125,10023.217263399585,-1.5911628036558241e-06,5.817991577597347e-05,5.817991577597347e-05,5.874990842789581e-10,-0.01591162803655824
10.4375,10021.085559773683,-1.4450694652691136e-06,5.807052777346619e-05,5.807052777346619e-05,5.870201068954374e-10,-0.014450694652691136
10.443750000000001,10018.959325741282,-1.2993509778542399e-06,5.796438843658164e-05,5.796438843658164e-05,5.865894288231333e-10,-0.0129935097785424
10.450000000000001,10016.839176394233,-1.1540494958744747e-06,5.7861542359068566e-05,5.7861542359068566e-05,5.862069118429656e-10,-0.011540494958744747
10.45625,10014.72571358635,-1.0092062665395842e-06,5.7762035155843155e-05,5.7762035155843155e-05,5.858724040642065e-10,-0.010092062665395841
10.4625,10012.619525772963,-8.648616188116333e-07,5.766591345128364e-05,5.766591345128364e-05,5.855857402288394e-10,-0.008648616188116333
10.46875,10010.521187872868,-7.21054953964651e-07,5.7573224865290355e-05,5.7573224865290355e-05,5.853467420190473e-10,-0.00721054953964651
10.475000000000001,10008.431261153459,-5.778247376671517e-07,5.748401799703102e-05,5.748401799703102e-05,5.851552183673245e-10,-0.005778247376671517
10.481250000000001,10006.350293136327,-4.3520849355404375e-07,5.739834240629205e-05,5.739834240629205e-05,5.850109657687204e-10,-0.004352084935540438
10.4875,10004.278817525194,-2.9324279825173426e-07,5.7316248592358766e-05,5.7316248592358766e-05,5.849137685947308e-10,-0.0029324279825173427
10.49375,10002.217354153194,-1.5196327781820158e-07,5.7237787970348754e-05,5.7237787970348754e-05,5.8486339940837e-10,-0.0015196327781820157
10.5,10000.166408951849,-1.1404605557462967e-08,5.716301284492575e-05,5.716301284492575e-05,5.848596192799669e-10,-0.00011404605557462967
10.506250000000001,9998.126473938179,1.283994988337686e-07,5.709197638132334e-05,5.709197638132334e-05,5.849021781032449e-10,0.0012839949883376859
10.512500000000001,9996.098027220902,2.674162688312769e-07,5.702473257361158e-05,5.702473257361158e-05,5.849908149112559e-10,0.0026741626883127687
10.51875,9994.081533025328,4.0561388940588333e-07,5.6961336210142516e-05,5.6961336210142516e-05,5.851252581917601e-10,0.004056138894058833
10.525,9992.077441734966,5.429614941500842e-07,5.690184283611478e-05,5.690184283611478e-05,5.853052262016524e-10,0.005429614941500842
10.53125,9990.086189950285,6.794291612566582e-07,5.68463087132018e-05,5.68463087132018e-05,5.855304272800557e-10,0.006794291612566582
10.537500000000001,9988.108200563498,8.149879083980474e-07,5.679479077619231e-05,5.679479077619231e-05,5.858005601597182e-10,0.008149879083980474
10.543750000000001,9986.14388284866,9.496096865559886e-07,5.674734658659763e-05,5.674734658659763e-05,5.861153142763639e-10,0.009496096865559885
10.55,9984.19363256586,1.0832673728514376e-06,5.670403428318507e-05,5.670403428318507e-05,5.864743700756678e-10,0.010832673728514377
10.55625,9982.257832080239,1.2159347624252615e-06,5.66649125294029e-05,5.66649125294029e-05,5.868773993175387e-10,0.012159347624252616
10.5625,9980.336850493255,1.3475865594202654e-06,5.663004045766876e-05,5.663004045766876e-05,5.873240653774146e-10,0.013475865594202654
10.568750000000001,9978.43104378693,1.4781983671152615e-06,5.659947761049982e-05,5.659947761049982e-05,5.878140235442862e-10,0.014781983671152615
10.575000000000001,9976.540754978976,1.6077466772616933e-06,5.657328387847025e-05,5.657328387847025e-05,5.883469213151871e-10,0.016077466772616934
10.58125,9974.66631428976,1.7362088586731597e-06,5.655151943498892e-05,5.655151943498892e-05,5.889223986859014e-10,0.0173620885867316
10.5875,9972.80803931846,1.8635631451176834e-06,5.653424466789818e-05,5.653424466789818e-05,5.895400884376586e-10,0.018635631451176835
10.59375,9970.966235229964,1.9897886225621745e-06,5.652152010790274e-05,5.652152010790274e-05,5.901996164196e-10,0.019897886225621744
10.600000000000001,9969.141194948852,2.1148652158176714e-06,5.6513406353846065e-05,5.6513406353846065e-05,5.909006018268189e-10,0.021148652158176715
10.606250000000001,9967.33319936287,2.2387736746334236e-06,5.6509963994861106e-05,5.6509963994861106e-05,5.916426574737916e-10,0.022387736746334236
10.6125,9965.542517533175,2.3614955592868158e-06,5.6511253529430605e-05,5.6511253529430605e-05,5.924253900630324e-10,0.023614955592868157
10.61875,9963.76940691084,2.4830132257152005e-06,5.651733528140248e-05,5.651733528140248e-05,5.932484004488195e-10,0.024830132257152006
10.625,9962.01411356052,2.6033098102347305e-06,5.6528269313015124e-05,5.6528269313015124e-05,5.941112838958569e-10,0.026033098102347305
10.631250000000001,9960.276872388044,2.7223692138899525e-06,5.654411533499763e-05,5.654411533499763e-05,5.950136303327484e-10,0.027223692138899525
10.637500000000001,9958.557907374192,2.8401760864769094e-06,5.656493261382021e-05,5.656493261382021e-05,5.959550246001758e-10,0.028401760864769095
10.64375,9956.857431811535,2.9567158102810036e-06,5.659077987618043e-05,5.659077987618043e-05,5.969350466936873e-10,0.029567158102810034
10.65,9955.1756485456,3.0719744835697028e-06,5.662171521082162e-05,5.662171521082162e-05,5.979532720010143e-10,0.03071974483569703
10.65625,9953.512750218522,3.185938903878627e-06,5.6657795967790536e-05,5.6657795967790536e-05,5.99009271533848e-10,0.03185938903878627
10.662500000000001,9951.868919515626,3.2985965511282217e-06,5.669907865525197e-05,5.669907865525197e-05,6.001026121540205e-10,0.03298596551128222
10.668750000000001,9950.244329413492,3.4099355706066503e-06,5.674561883398927e-05,5.674561883398927e-05,6.012328567940447e-10,0.0340993557060665
10.675,9948.639143429855,3.5199447558531373e-06,5.6797471009730295e-05,5.6797471009730295e-05,6.023995646719818e-10,0.035199447558531376
10.68125,9947.053515874535,3.6286135314743845e-06,5.685468852344936e-05,5.685468852344936e-05,6.036022915006119e-10,0.036286135314743846
10.6875,9945.487592099897,3.7359319359251273e-06,5.691732343980656e-05,5.691732343980656e-05,6.048405896908981e-10,0.03735931935925127
10.693750000000001,9943.941508753238,3.8418906042825116e-06,5.6985426433896594e-05,5.6985426433896594e-05,6.061140085497411e-10,0.038418906042825114
10.700000000000001,9942.415394027264,3.946480751042202e-06,5.705904667648956e-05,5.705904667648956e-05,6.074220944720306e-10,0.03946480751042202
10.70625,9940.909367910383,4.049694152962723e-06,5.713823171795699e-05,5.713823171795699e-05,6.087643911270109e-10,0.040496941529627226
10.7125,9939.42354243608,4.15152313198296e-06,5.722302737108606e-05,5.722302737108606e-05,6.10140439638985e-10,0.0415152313198296
10.71875,9937.958021930812,4.251960538236279e-06,5.7313477592995023e-05,5.7313477592995023e-05,6.115497787623871e-10,0.04251960538236279
10.725000000000001,9936.512903260102,4.350999733183091e-06,5.74096243663723e-05,5.74096243663723e-05,6.129919450512658e-10,0.04350999733183091
10.731250000000001,9935.08827607245,4.448634572882354e-06,5.7511507580271005e-05,5.7511507580271005e-05,6.144664730232217e-10,0.04448634572882354
10.7375,9933.684223041317,4.544859391420961e-06,5.7619164910698905e-05,5.7619164910698905e-05,6.159728953178529e-10,0.04544859391420961
10.74375,9932.300820104498,4.639668984518613e-06,5.773263170125267e-05,5.773263170125267e-05,6.175107428497657e-10,0.04639668984518613
10.75,9930.938136700142,4.733058593324238e-06,5.7851940844052256e-05,5.7851940844052256e-05,6.190795449562155e-10,0.04733058593324238
10.756250000000001,9929.596236000372,4.82502388841891e-06,5.797712266123908e-05,5.797712266123908e-05,6.206788295394443e-10,0.0482502388841891
10.762500000000001,9928.275175141649,4.915560954038704e-06,5.8108204787307615e-05,5.8108204787307615e-05,6.223081232037895e-10,0.04915560954038704
10.76875,9926.975005451437,5.004666272529724e-06,5.824521205254616e-05,5.824521205254616e-05,6.239669513876402e-10,0.050046662725297245
10.775,9925.695772671426,5.092336709046347e-06,5.83881663678676e-05,5.83881663678676e-05,6.256548384903207e-10,0.05092336709046347
10.78125,9924.437517177239,5.17856949650252e-06,5.853708661131553e-05,5.853708661131553e-05,6.273713079939876e-10,0.051785694965025206
10.787500000000001,9923.20027419408,5.263362220784825e-06,5.86919885165344e-05,5.86919885165344e-05,6.291158825806242e-10,0.05263362220784825
10.793750000000001,9921.984074008684,5.346712806234914e-06,5.885288456349562e-05,5.885288456349562e-05,6.308880842442237e-10,0.053467128062349135
10.8,9920.788942177189,5.428619501407955e-06,5.901978387177315e-05,5.901978387177315e-05,6.32687434398252e-10,0.05428619501407955
10.80625,9919.614899728324,5.509080865112658e-06,5.919269209666344e-05,5.919269209666344e-05,6.34513453978483e-10,0.055090808651126574
10.8125,9918.46196336373,5.5880957527376e-06,5.937161132844456e-05,5.937161132844456e-05,6.36365663541302e-10,0.055880957527376006
10.818750000000001,9917.330145652682,5.665663302867632e-06,5.9556539995068826e-05,5.9556539995068826e-05,6.382435833575727e-10,0.056656633028676316
10.825000000000001,9916.219455222948,5.7417829241932905e-06,5.974747276858126e-05,5.974747276858126e-05,6.401467335021656e-10,0.05741782924193291
10.83125,9915.129896948314,5.81645428271553e-06,5.994440047555391e-05,5.994440047555391e-05,6.420746339392451e-10,0.0581645428271553
10.8375,9914.061472129932,5.889677289247038e-06,6.014731001182189e-05,6.014731001182189e-05,6.44026804603414e-10,0.058896772892470375
10.84375,9913.014178675221,5.961452087211083e-06,6.035618426180284e-05,6.035618426180284e-05,6.460027654768135e-10,0.05961452087211083
10.850000000000001,9911.98801127103,6.031779040737904e-06,6.0571002022675416e-05,6.0571002022675416e-05,6.480020366622782e-10,0.06031779040737904
10.856250000000001,9910.98296155303,6.1006587230582235e-06,6.0791737933685946e-05,6.0791737933685946e-05,6.500241384526435e-10,0.061006587230582235
10.8625,9909.999018270915,6.168091905192919e-06,6.1018362410844774e-05,6.1018362410844774e-05,6.520685913963047e-10,0.06168091905192919
10.86875,9909.036167449158,6.234079544937301e-06,6.12508415872648e-05,6.12508415872648e-05,6.541349163591241e-10,0.06234079544937301
10.875,9908.094392543511,6.298622776138104e-06,6.148913725938538e-05,6.148913725938538e-05,6.56222634582785e-10,0.06298622776138105
10.881250000000001,9907.173674592907,6.361722898260775e-06,6.173320683931399e-05,6.173320683931399e-05,6.583312677396865e-10,0.06361722898260774
10.887500000000001,9906.273992367656,6.423381366244347e-06,6.198300331350604e-05,6.198300331350604e-05,6.604603379844765e-10,0.06423381366244346
10.89375,9905.395322513603,6.4835997806409e-06,6.223847520799165e-05,6.223847520799165e-05,6.626093680023159e-10,0.064835997806409
10.9,9904.537639691644,6.542379878036156e-06,6.24995665603434e-05,6.24995665603434e-05,6.64777881053968e-10,0.06542379878036156
10.90625,9903.700916713147,6.5997235217476546e-06,6.276621689856607e-05,6.276621689856607e-05,6.669654010178043e-10,0.06599723521747655
10.912500000000001,9902.885124672604,6.655632692796738e-06,6.303836122707323e-05,6.303836122707323e-05,6.691714524288184e-10,0.06655632692796738
10.918750000000001,9902.090233074157,6.710109481150185e-06,6.331593001989997e-05,6.331593001989997e-05,6.713955605147366e-10,0.06710109481150185
10.925,9901.31620995691,6.763156077227545e-06,6.359884922128465e-05,6.359884922128465e-05,6.736372512293134e-10,0.06763156077227545
10.93125,9900.563022013668,6.814774763669628e-06,6.388704025373438e-05,6.388704025373438e-05,6.758960512828992e-10,0.06814774763669629
10.9375,9899.830634708544,6.864967907364037e-06,6.418042003367174e-05,6.418042003367174e-05,6.781714881703641e-10,0.06864967907364038
10.943750000000001,9899.119012388486,6.913737951723057e-06,6.447890099474091e-05,6.447890099474091e-05,6.804630901964627e-10,0.06913737951723056
10.950000000000001,9898.428118393505,6.961087409209625e-06,6.478239111883277e-05,6.478239111883277e-05,6.827703864987211e-10,0.06961087409209625
10.95625,9897.757915160912,7.007018854106671e-06,6.509079397486837e-05,6.509079397486837e-05,6.850929070679277e-10,0.07007018854106671
10.9625,9897.108364328775,7.051534915525561e-06,6.540400876536057e-05,6.540400876536057e-05,6.874301827663067e-10,0.0705153491552556
10.96875,9896.479426832875,7.094638270648945e-06,6.572193038075321e-05,6.572193038075321e-05,6.897817453434511e-10,0.07094638270648945
10.975000000000001,9895.871063003477,7.136331638203805e-06,6.604444946151612e-05,6.604444946151612e-05,6.921471274500933e-10,0.07136331638203805
10.981250000000001,9895.283232656197,7.176617772160218e-06,6.637145246795411e-05,6.637145246795411e-05,6.945258626497863e-10,0.07176617772160218
10.9875,9894.71589518152,7.215499455651668e-06,6.670282175766689e-05,6.670282175766689e-05,6.969174854285702e-10,0.07215499455651668
10.99375,9894.169009629386,7.25297949511265e-06,6.70384356705755e-05,6.70384356705755e-05,6.993215312026957e-10,0.0725297949511265
11.0,9893.64253479271,7.289060714629685e-06,6.737816862141087e-05,6.737816862141087e-05,7.017375363244746e-10,0.07289060714629685
11.006250000000001,9893.136429285853,7.3237459505016924e-06,6.772189119953839e-05,6.772189119953839e-05,7.041650380863281e-10,0.07323745950501692
11.012500000000001,9892.650651621492,7.3570380460060565e-06,6.806947027597229e-05,6.806947027597229e-05,7.066035747230991e-10,0.07357038046006056
11.01875,9892.185160283896,7.388939846366805e-06,6.842076911741332e-05,6.842076911741332e-05,7.090526854126986e-10,0.07388939846366804
11.025,9891.739913799396,7.419454193921396e-06,6.877564750712309e-05,6.877564750712309e-05,7.115119102751478e-10,0.07419454193921396
11.03125,9891.314870804146,7.4485839234829675e-06,6.913396187242899e-05,6.913396187242899e-05,7.139807903700846e-10,0.07448583923482968
11.037500000000001,9890.909990108987,7.476331857894936e-06,6.94955654186347e-05,6.94955654186347e-05,7.164588676927964e-10,0.07476331857894936
11.043750000000001,9890.52523076165,7.50270080377513e-06,6.98603082690927e-05,6.98603082690927e-05,7.189456851688416e-10,0.0750270080377513
11.05,9890.160552105497,7.527693547446728e-06,7.02280376111777e-05,7.02280376111777e-05,7.214407866473231e-10,0.07527693547446727
11.05625,9889.815913837314,7.551312851053743e-06,7.059859784788232e-05,7.059859784788232e-05,7.239437168928737e-10,0.07551312851053743
11.0625,9889.49127606024,7.57356144885862e-06,7.097183075474094e-05,7.097183075474094e-05,7.264540215764148e-10,0.0757356144885862
11.068750000000001,9889.186599336013,7.594442043720142e-06,7.134757564177157e-05,7.134757564177157e-05,7.289712472647473e-10,0.07594442043720143
11.075000000000001,9888.901844733049,7.613957303749766e-06,7.17256695201111e-05,7.17256695201111e-05,7.314949414090347e-10,0.07613957303749766
11.08125,9888.636973873216,7.632109859144918e-06,7.210594727300648e-05,7.210594727300648e-05,7.340246523322357e-10,0.07632109859144917
11.0875,9888.39194897513,7.648902299197947e-06,7.24882418308111e-05,7.24882418308111e-05,7.365599292155465e-10,0.07648902299197947
11.09375,9888.166732895366,7.664337169479683e-06,7.287238434962482e-05,7.287238434962482e-05,7.391003220839086e-10,0.07664337169479683
11.100000000000001,9887.961289167239,7.678416969196802e-06,7.325820439320543e-05,7.325820439320543e-05,7.416453817906415e-10,0.07678416969196802
11.106250000000001,9887.775582036076,7.691144148722362e-06,7.36455301177706e-05,7.36455301177706e-05,7.441946600012562e-10,0.07691144148722362
11.1125,9887.609576493856,7.702521107299363e-06,7.403418845930116e-05,7.403418845930116e-05,7.467477091765081e-10,0.07702521107299362
11.11875,9887.463238309267,7.712550190917042e-06,7.442400532294981e-05,7.442400532294981e-05,7.493040825547451e-10,0.07712550190917042
11.125,9887.336534056793,7.721233690360241e-06,7.481480577415455e-05,7.481480577415455e-05,7.518633341336106e-10,0.07721233690360241
11.131250000000001,9887.229431141834,7.72857383943213e-06,7.520641423105104e-05,7.520641423105104e-05,7.54425018651156e-10,0.07728573839432129
11.137500000000001,9887.14189782519,7.7345728133511e-06,7.559865465777588e-05,7.559865465777588e-05,7.569886915664224e-10,0.077345728133511
11.14375,9887.073903242956,7.739232727322538e-06,7.599135075825119e-05,7.599135075825119e-05,7.595539090395492e-10,0.07739232727322537
11.15,9887.02541742537,7.74255563528683e-06,7.638432617004009e-05,7.638432617004009e-05,7.621202279114673e-10,0.0774255563528683
11.15625,9886.996411312204,7.744543528844766e-06,7.677740465786433e-05,7.677740465786433e-05,7.646872056832363e-10,0.07744543528844766
11.162500000000001,9886.986856765936,7.745198336362131e-06,7.717041030637723e-05,7.717041030637723e-05,7.672544004950846e-10,0.07745198336362132
11.168750000000001,9886.996726582158,7.744521922255191e-06,7.756316771178859e-05,7.756316771178859e-05,7.698213711052133e-10,0.07744521922255192
11.175,9887.025994497326,7.74251608645925e-06,7.795550217194352e-05,7.795550217194352e-05,7.723876768684233e-10,0.0774251608645925
11.18125,9887.074635193927,7.73918256408249e-06,7.834723987446269e-05,7.834723987446269e-05,7.749528777146281e-10,0.0773918256408249
11.1875,9887.142624302372,7.734523025247604e-06,7.87382080825591e-05,7.87382080825591e-05,7.775165341273137e-10,0.07734523025247604
11.193750000000001,9887.229938401186,7.72853907512399e-06,7.912823531815463e-05,7.912823531815463e-05,7.8007820712201e-10,0.0772853907512399
11.200000000000001,9887.336555013026,7.721232254153348e-06,7.951715154192952e-05,7.951715154192952e-05,7.826374582248356e-10,0.07721232254153348
11.20625,9887.462452599137,7.712604038471842e-06,7.990478832994818e-05,7.990478832994818e-05,7.851938494511841e-10,0.07712604038471842
11.2125,9887.60761054993,7.702655840532081e-06,8.029097904651678e-05,8.029097904651678e-05,7.877469432846152e-10,0.07702655840532081
11.21875,9887.772009172944,7.691389009928384e-06,8.067555901294067e-05,8.067555901294067e-05,7.902963026560202e-10,0.07691389009928384
11.225000000000001,9887.955629677588,7.678804834429e-06,8.105836567186289e-05,8.105836567186289e-05,7.928414909231293e-10,0.07678804834429
11.231250000000001,9888.158454157967,7.664904541219075e-06,8.143923874688013e-05,8.143923874688013e-05,7.95382071850431e-10,0.07664904541219075
11.2375,9888.380465570235,7.649689298358227e-06,8.18180203971473e-05,8.18180203971473e-05,7.979176095895744e-10,0.07649689298358227
11.24375,9888.621647709007,7.633160216456853e-06,8.21945553666983e-05,8.21945553666983e-05,8.004476686603275e-10,0.07633160216456852
11.25,9888.881985179652,7.615318350575403e-06,8.256869112822666e-05,8.256869112822666e-05,8.029718139321647e-10,0.07615318350575402
11.256250000000001,9889.161463366863,7.5961647023507685e-06,8.294027802108802e-05,8.294027802108802e-05,8.054896106065594e-10,0.07596164702350769
11.262500000000001,9889.460068400327,7.575700222354284e-06,8.330916938330346e-05,8.330916938330346e-05,8.080006242000578e-10,0.07575700222354284
11.26875,9889.777787117417,7.5539258126857806e-06,8.367522167736101e-05,8.367522167736101e-05,8.105044205282126e-10,0.0755392581268578
11.275,9890.114607021005,7.530842329808099e-06,8.403829460963245e-05,8.403829460963245e-05,8.130005656904567e-10,0.07530842329808099
11.28125,9890.470516235137,7.506450587626756e-06,8.439825124324001e-05,8.439825124324001e-05,8.15488626055997e-10,0.07506450587626756
11.287500000000001,9890.845503456085,7.4807513608192e-06,8.475495810422817e-05,8.475495810422817e-05,8.179681682508122e-10,0.074807513608192
11.293750000000001,9891.239557900511,7.453745388418325e-06,8.510828528091448e-05,8.510828528091448e-05,8.204387591458381e-10,0.07453745388418326
11.3,9891.652669248802,7.425433377654692e-06,8.54581065163133e-05,8.54581065163133e-05,8.228999658464265e-10,0.07425433377654692
11.30625,9892.084827585717,7.395816008062041e-06,8.580429929354552e-05,8.580429929354552e-05,8.253513556831649e-10,0.07395816008062041
11.3125,9892.536023336164,7.3648939358505e-06,8.614674491416734e-05,8.614674491416734e-05,8.27792496204146e-10,0.073648939358505
11.318750000000001,9893.00624719778,7.332667798551824e-06,8.64853285693701e-05,8.64853285693701e-05,8.302229551687761e-10,0.07332667798551824
11.325000000000001,9893.495490068715,7.29913821994092e-06,8.681993940402296e-05,8.681993940402296e-05,8.326423005432158e-10,0.07299138219940919
11.33125,9894.003742972238,7.264305815237773e-06,8.715047057354858e-05,8.715047057354858e-05,8.350501004975442e-10,0.07264305815237773
11.3375,9894.530996975951,7.228171196593621e-06,8.74768192936409e-05,8.74768192936409e-05,8.37445923404742e-10,0.0722817119659362
11.34375,9895.077243108373,7.190734978865253e-06,8.779888688285264e-05,8.779888688285264e-05,8.398293378415878e-10,0.07190734978865253
11.350000000000001,9895.642472269983,7.151997785680829e-06,8.811657879809727e-05,8.811657879809727e-05,8.421999125915657e-10,0.07151997785680829
11.356250000000001,9896.226675140271,7.111960255800507e-06,8.84298046631284e-05,8.84298046631284e-05,8.445572166498809e-10,0.07111960255800508
11.3625,9896.829842080995,7.070623049774938e-06,8.873847829007549e-05,8.873847829007549e-05,8.469008192306824e-10,0.07070623049774938
11.36875,9897.451963034171,7.027986856904197e-06,8.904251769413132e-05,8.904251769413132e-05,8.492302897765919e-10,0.07027986856904196
11.375,9898.093027416655,6.98405240249958e-06,8.934184510150249e-05,8.934184510150249e-05,8.515451979706401e-10,0.0698405240249958
11.381250000000001,9898.753024009204,6.9388204554501384e-06,8.96363869507483e-05,8.96363869507483e-05,8.53845113750711e-10,0.06938820455450138
11.387500000000001,9899.431940841941,6.892291836095584e-06,8.992607388764815e-05,8.992607388764815e-05,8.561296073265953e-10,0.06892291836095583
11.39375,9900.129765074933,6.84446742440661e-06,9.021084075375044e-05,9.021084075375044e-05,8.583982491997555e-10,0.0684446742440661
11.4,9900.846482874265,6.795348168473318e-06,9.049062656876894e-05,9.049062656876894e-05,8.606506101859044e-10,0.06795348168473318
11.40625,9901.582079283487,6.744935093301833e-06,9.076537450700396e-05,9.076537450700396e-05,8.628862614404999e-10,0.06744935093301833
11.412500000000001,9902.336538091358,6.6932293099187725e-06,9.103503186797653e-05,9.103503186797653e-05,8.651047744872562e-10,0.06693229309918773
11.418750000000001,9903.109841693982,6.6402320247825344e-06,9.129955004147417e-05,9.129955004147417e-05,8.673057212497761e-10,0.06640232024782534
11.425,9903.901970953055,6.585944549499807e-06,9.155888446721555e-05,9.155888446721555e-05,8.694886740864025e-10,0.06585944549499807
11.43125,9904.712905050215,6.53036831084518e-06,9.181299458934984e-05,9.181299458934984e-05,8.716532058283921e-10,0.0653036831084518
11.4375,9905.542621335551,6.473504861080785e-06,9.206184380601367e-05,9.206184380601367e-05,8.737988898215082e-10,0.06473504861080785
11.443750000000001,9906.391095173612,6.41535588857254e-06,9.230539941417577e-05,9.230539941417577e-05,8.759252999711338e-10,0.0641535588857254
11.450000000000001,9907.258299783713,6.355923228698539e-06,9.254363255000363e-05,9.254363255000363e-05,8.780320107909997e-10,0.06355923228698539
11.45625,9908.144206076573,6.295208875044511e-06,9.277651812499273e-05,9.277651812499273e-05,8.80118597455623e-10,0.06295208875044511
11.4625,9909.048782487203,6.233214990880433e-06,9.300403475810153e-05,9.300403475810153e-05,8.821846358565504e-10,0.062332149908804334
11.46875,9909.971994803082,6.169943920911566e-06,9.322616470413883e-05,9.322616470413883e-05,8.84229702662496e-10,0.06169943920911566
11.475000000000001,9910.913805989001,6.105398203296312e-06,9.344289377865253e-05,9.344289377865253e-05,8.862533753834625e-10,0.06105398203296312
11.481250000000001,9911.874176007776,6.0395805819223676e-06,9.36542112795691e-05,9.36542112795691e-05,8.882552324389312e-10,0.06039580581922368
11.4875,9912.853061637688,5.972494018931855e-06,9.386010990583473e-05,9.386010990583473e-05,8.902348532302044e-10,0.05972494018931855
11.49375,9913.850416286225,5.904141707485046e-06,9.406058567330776e-05,9.406058567330776e-05,8.921918182169774e-10,0.059041417074850465
11.5,9914.866189800125,5.834527084751387e-06,9.425563782815158e-05,9.425563782815158e-05,8.941257089982169e-10,0.05834527084751387
11.506250000000001,9915.900328273365,5.763653845115635e-06,9.444526875797512e-05,9.444526875797512e-05,8.960361083974168e-10,0.05763653845115635
11.512500000000001,9916.952773850977,5.691525953585776e-06,9.462948390096536e-05,9.462948390096536e-05,8.97922600552298e-10,0.05691525953585776
11.51875,9918.023464530837,5.6181476593885e-06,9.480829165325349e-05,9.480829165325349e-05,8.997847710090141e-10,0.056181476593885
11.525,9919.11233396293,5.543523509736977e-06,9.49817032747521e-05,9.49817032747521e-05,9.016222068209213e-10,0.05543523509736977
11.53125,9920.219311245803,5.4676583637545505e-06,9.514973279369685e-05,9.514973279369685e-05,9.034344966519629e-10,0.0546765836375455
11.537500000000001,9921.344320721679,5.390557406537085e-06,9.531239691012052e-05,9.531239691012052e-05,9.05221230884715e-10,0.05390557406537085
11.543750000000001,9922.487281769776,5.312226163335541e-06,9.546971489848248e-05,9.546971489848248e-05,9.069820017331327e-10,0.05312226163335541
11.55,9923.648108597072,5.2326705138392944e-06,9.562170850967017e-05,9.562170850967017e-05,9.087164033600315e-10,0.052326705138392944
11.55625,9924.826710029572,5.1518967065398356e-06,9.576840187258279e-05,9.576840187258279e-05,9.104240319993284e-10,0.05151896706539835
11.5625,9926.022989301287,5.069911373153235e-06,9.590982139550111e-05,9.590982139550111e-05,9.12104486083065e-10,0.05069911373153235
11.568750000000001,9927.236843843644,4.986721543078926e-06,9.604599566743948e-05,9.604599566743948e-05,9.137573663732214e-10,0.04986721543078926
11.575000000000001,9928.468165074064,4.902334657871212e-06,9.617695535966896e-05,9.617695535966896e-05,9.153822760983275e-10,0.049023346578712115
11.58125,9929.716838184995,4.816758585699001e-06,9.630273312759277e-05,9.630273312759277e-05,9.169788210948679e-10,0.048167585856990006
11.5875,9930.982741933856,4.730001635768249e-06,9.642336351314704e-05,9.642336351314704e-05,9.185466099534657e-10,0.047300016357682495
11.59375,9932.265748432763,4.642072572680649e-06,9.65388828478919e-05,9.65388828478919e-05,9.200852541698263e-10,0.046420725726806486
11.600000000000001,9933.565722941292,4.552980630701236e-06,9.664932915694911e-05,9.664932915694911e-05,9.215943683004106e-10,0.04552980630701236
11.606250000000001,9934.882523659018,4.462735527906621e-06,9.675474206393468e-05,9.675474206393468e-05,9.230735701227972e-10,0.044627355279066215
11.6125,9936.21600152214,4.371347480184804e-06,9.685516269702539e-05,9.685516269702539e-05,9.245224808006854e-10,0.04371347480184804
11.61875,9937.566000001385,4.2788272150566485e-06,9.695063359629042e-05,9.695063359629042e-05,9.259407250534786e-10,0.042788272150566485
11.625,9938.932354903196,4.185185985288352e-06,9.704119862240976e-05,9.704119862240976e-05,9.273279313303807e-10,0.04185185985288352
11.631250000000001,9940.314894175137,4.090435582263635e-06,9.712690286689312e-05,9.712690286689312e-05,9.286837319889238e-10,0.04090435582263635
11.637500000000001,9941.713437714183,3.994588349083544e-06,9.720779256390404e-05,9.720779256390404e-05,9.30007763477839e-10,0.03994588349083544
11.64375,9943.127797180558,3.897657193361424e-06,9.728391500378534e-05,9.728391500378534e-05,9.312996665241671e-10,0.038976571933614236
11.65,9944.557775815478,3.799655599679799e-06,9.735531844837393e-05,9.735531844837393e-05,9.325590863244984e-10,0.03799655599679799
11.65625,9946.003168265128,3.700597641675738e-06,9.742205204818425e-05,9.742205204818425e-05,9.337856727402197e-10,0.03700597641675738
11.662500000000001,9947.463760410206,3.6004979937206737e-06,9.748416576153173e-05,9.748416576153173e-05,9.3497908049663e-10,0.036004979937206735
11.668750000000001,9948.939329201714,3.4993719421604615e-06,9.754171027565962e-05,9.754171027565962e-05,9.361389693857843e-10,0.03499371942160461
11.675,9950.429642504292,3.397235396081223e-06,9.759473692992454e-05,9.759473692992454e-05,9.372650044729044e-10,0.03397235396081223
11.68125,9951.934458945963,3.294104897566282e-06,9.764329764108862e-05,9.764329764108862e-05,9.383568563061897e-10,0.03294104897566282
11.6875,9953.45352777694,3.189997631409642e-06,9.768744483075895e-05,9.768744483075895e-05,9.394142011298485e-10,0.03189997631409642
11.693750000000001,9954.986588735863,3.084931434251248e-06,9.772723135500753e-05,9.772723135500753e-05,9.404367211001554e-10,0.03084931434251248
11.700000000000001,9956.533371925943,2.978924803099644e-06,9.776271043619814e-05,9.776271043619814e-05,9.41424104504335e-10,0.02978924803099644
11.70625,9958.0935976996,2.8719969032076633e-06,9.779393559704036e-05,9.779393559704036e-05,9.42376045982056e-10,0.028719969032076634
11.7125,9959.666976553703,2.7641675752672532e-06,9.782096059688399e-05,9.782096059688399e-05,9.432922467493095e-10,0.027641675752672533
11.71875,9961.253209035167,2.655457341889925e-06,9.784383937026171e-05,9.784383937026171e-05,9.441724148244354e-10,0.02655457341889925
11.725000000000001,9962.851985656693,2.5458874133397636e-06,9.786262596768156e-05,9.786262596768156e-05,9.450162652560495e-10,0.025458874133397636
11.731250000000001,9964.462986825352,2.435479692486773e-06,9.787737449866575e-05,9.787737449866575e-05,9.45823520352612e-10,0.024354796924867732
11.7375,9966.085882781306,2.324256778948834e-06,9.788813907702718e-05,9.788813907702718e-05,9.465939099133683e-10,0.02324256778948834
11.74375,9967.72033355048,2.2122419723916053e-06,9.789497376836986e-05,9.789497376836986e-05,9.473271714603856e-10,0.022122419723916053
11.75,9969.36598890829,2.0994592749564893e-06,9.789793253979525e-05,9.789793253979525e-05,9.48023050471392e-10,0.020994592749564892
11.756250000000001,9971.022488358103,1.9859333927880476e-06,9.78970692117925e-05,9.78970692117925e-05,9.486813006131225e-10,0.019859333927880477
11.762500000000001,9972.689461121876,1.8716897366331877e-06,9.789243741228592e-05,9.789243741228592e-05,9.49301683974865e-10,0.018716897366331878
11.76875,9974.366526145932,1.7567544214859786e-06,9.788409053281052e-05,9.788409053281052e-05,9.498839713018863e-10,0.017567544214859787
11.775,9976.053292119726,1.6411542652531153e-06,9.787208168678192e-05,9.787208168678192e-05,9.504279422284177e-10,0.016411542652531152
11.78125,9977.749357510802,1.5249167864167543e-06,9.785646366982513e-05,9.785646366982513e-05,9.509333855098649e-10,0.015249167864167542
11.787500000000001,9979.454310613037,1.4080702006728428e-06,9.783728892212316e-05,9.783728892212316e-05,9.514000992539034e-10,0.014080702006728427
11.793750000000001,9981.167729611598,1.2906434165249573e-06,9.781460949274434e-05,9.781460949274434e-05,9.518278911501154e-10,0.012906434165249572
11.8,9982.889182662091,1.1726660298153007e-06,9.778847700590506e-05,9.778847700590506e-05,9.522165786978104e-10,0.011726660298153007
11.80625,9984.618227986624,1.0541683171765314e-06,9.775894262912273e-05,9.775894262912273e-05,9.525659894316796e-10,0.010541683171765313
11.8125,9986.354413985253,9.35181228390028e-07,9.772605704321202e-05,9.772605704321202e-05,9.528759611449138e-10,0.00935181228390028
11.818750000000001,9988.097279363392,8.157363776382349e-07,9.768987041407651e-05,9.768987041407651e-05,9.53146342109424e-10,0.008157363776382348
11.825000000000001,9989.846353275649,6.958660336409567e-07,9.765043236624605e-05,9.765043236624605e-05,9.53376991292792e-10,0.006958660336409567
11.83125,9991.601155486742,5.756031086677293e-07,9.760779195811e-05,9.760779195811e-05,9.535677785715785e-10,0.005756031086677293
11.8375,9993.361196547652,4.549811464205661e-07,9.756199765879524e-05,9.756199765879524e-05,9.537185849406158e-10,0.004549811464205661
11.84375,9995.125977989319,3.340343087839456e-07,9.751309732663774e-05,9.751309732663774e-05,9.53829302717908e-10,0.003340343087839456
11.850000000000001,9996.894992532378,2.1279736144118345e-07,9.74611381891961e-05,9.74611381891961e-05,9.538998357447644e-10,0.0021279736144118344
11.856250000000001,9998.667724313467,9.130565835894877e-08,9.740616682475537e-05,9.740616682475537e-05,9.539300995807893e-10,0.0009130565835894877
11.8625,10000.443649128669,-3.0404874855796786e-08,9.734822914526979e-05,9.734822914526979e-05,9.539200216933556e-10,-0.00030404874855796785
11.86875,10002.222234691613,-1.5229775871972366e-07,9.728737038069277e-05,9.728737038069277e-05,9.538695416411914e-10,-0.0015229775871972366
11.875,10004.002940910044,-2.7433597874824426e-07,9.722363506464387e-05,9.722363506464387e-05,9.537786112517087e-10,-0.0027433597874824424
11.881250000000001,10005.785220176438,-3.964820054299166e-07,9.715706702136204e-05,9.715706702136204e-05,9.536471947917127e-10,-0.003964820054299166
11.887500000000001,10007.568517675736,-5.18697815285177e-07,9.708770935389592e-05,9.708770935389592e-05,9.534752691311309e-10,-0.0051869781528517695
11.89375,10009.352271708061,-6.40944912992058e-07,9.701560443348229e-05,9.701560443348229e-05,9.532628238994072e-10,-0.00640944912992058
11.9,10011.135914026603,-7.631843545587223e-07,9.694079389006517e-05,9.694079389006517e-05,9.53009861634218e-10,-0.007631843545587222
11.90625,10012.91887019132,-8.853767715199449e-07,9.686331860390877e-05,9.686331860390877e-05,9.527163979221648e-10,-0.008853767715199449
11.912500000000001,10014.700559935729,-1.007482396132189e-06,9.678321869825886e-05,9.678321869825886e-05,9.52382461531119e-10,-0.01007482396132189
11.918750000000001,10016.4803975493,-1.1294610875390348e-06,9.670053353300835e-05,9.670053353300835e-05,9.520080945338916e-10,-0.011294610875390347
11.925,10018.257792272836,-1.2512723588763535e-06,9.66153016993241e-05,9.66153016993241e-05,9.5159335242292e-10,-0.012512723588763534
11.93125,10020.03214870689,-1.3728754052839145e-06,9.652756101519354e-05,9.652756101519354e-05,9.511383042156697e-10,-0.013728754052839146
11.9375,10021.802867233822,-1.4942291327876107e-06,9.643734852185092e-05,9.643734852185092e-05,9.506430325504631e-10,-0.014942291327876106
11.943750000000001,10023.569344450676,-1.6152921880141366e-06,9.634470048104484e-05,9.634470048104484e-05,9.501076337724589e-10,-0.016152921880141367
11.950000000000001,10025.330973614697,-1.7360229886974301e-06,9.62496523731098e-05,9.62496523731098e-05,9.495322180095196e-10,-0.0173602298869743
11.95625,10027.087145099376,-1.8563797549339779e-06,9.615223889580651e-05,9.615223889580651e-05,9.489169092377206e-10,-0.01856379754933978
11.9625,10028.8372468609,-1.9763205411417797e-06,9.605249396389735e-05,9.605249396389735e-05,9.482618453362645e-10,-0.019763205411417798
11.96875,10030.580664913621,-2.095803268675758e-06,9.595045070942454e-05,9.595045070942454e-05,9.475671781315863e-10,-0.020958032686757583
11.975000000000001,10032.316783814962,-2.2147857590502075e-06,9.584614148266055e-05,9.584614148266055e-05,9.468330734304458e-10,-0.022147857590502074
11.981250000000001,10034.044987158939,-2.333225767717027e-06,9.573959785370246e-05,9.573959785370246e-05,9.460597110418246e-10,-0.02333225767717027
11.9875,10035.764658075355,-2.4510810183467483e-06,9.563085061468236e-05,9.563085061468236e-05,9.452472847874603e-10,-0.02451081018346748
11.99375,10037.475179737083,-2.568309237557534e-06,9.551992978256917e-05,9.551992978256917e-05,9.443960025008693e-10,-0.02568309237557534
12.0,10039.175935872614,-2.684868190035854e-06,9.540686460253737e-05,9.540686460253737e-05,9.435060860147287e-10,-0.02684868190035854
