t_adimensional,p_outlet_Pa,q_outlet_m3s,w_centro_m,w_max_m,volume_acumulado_m3,potencia_W
0.0,4960.63971722272,7.021819420147368e-07,2.4191634076655746e-08,2.4191634076655762e-08,4.654852620237746e-13,0.0035109097100736843
0.0125,4922.248434331986,1.3870770615319752e-06,7.235747703287786e-08,7.235747703287789e-08,1.3849961334964962e-12,0.0069353853076598755
0.025,4885.000704276103,2.051571358348055e-06,1.4428595189686814e-07,1.4428595189686822e-07,2.745008651849002e-12,0.010257856791740277
0.037500000000000006,4848.99507061091,2.6939068292045765e-06,2.3977180318995943e-07,2.397718031899596e-07,4.530833451988352e-12,0.013469534146022883
0.05,4814.271132545509,3.3133770297480448e-06,3.586162821487347e-07,3.5861628214873483e-07,6.727312857953274e-12,0.016566885148740225
0.0625,4780.828789178024,3.909983760050968e-06,5.006271381097169e-07,5.006271381097171e-07,9.319290387073257e-12,0.01954991880025484
0.07500000000000001,4748.645387289329,4.4841311503777145e-06,6.656184999235556e-07,6.656184999235558e-07,1.2291877459725053e-11,0.022420655751888573
0.08750000000000001,4717.68857262226,5.0363963961531e-06,8.534107102080458e-07,8.534107102080462e-07,1.563056812640944e-11,0.0251819819807655
0.1,4687.924404383127,5.5673849963905115e-06,1.0638301520709843e-06,1.0638301520709847e-06,1.9321257830556918e-11,0.027836924981952556
0.1125,4659.321434358238,6.0776579828259474e-06,1.2967090882049578e-06,1.2967090882049578e-06,2.33502139306089e-11,0.030388289914129736
0.125,4631.851955919383,6.567709637832642e-06,1.5518855184296627e-06,1.551885518429663e-06,2.7704031451023624e-11,0.03283854818916321
0.1375,4605.491645698584,7.037973886896273e-06,1.8292030539112784e-06,1.8292030539112787e-06,3.236959307093444e-11,0.035189869434481366
0.15000000000000002,4580.218561113234,7.4888421826211285e-06,2.128510803149282e-06,2.1285108031492827e-06,3.7334040968341254e-11,0.037444210913105645
0.1625,4556.01210655355,7.920681947807842e-06,2.4496632646744103e-06,2.4496632646744108e-06,4.258476089045075e-11,0.03960340973903921
0.17500000000000002,4532.852264323261,8.333850295358339e-06,2.7925202226988986e-06,2.792520222698899e-06,4.8109375319114555e-11,0.041669251476791694
0.1875,4510.719161524808,8.72870175498689e-06,3.1569466436031384e-06,3.1569466436031384e-06,5.389574175840157e-11,0.04364350877493445
0.2,4489.592918744768,9.105590972650555e-06,3.5428125725197873e-06,3.5428125725197873e-06,5.993195281165678e-11,0.04552795486325277
0.21250000000000002,4469.453680133715,9.464872173926135e-06,3.949993030161898e-06,3.949993030161898e-06,6.620633590282587e-11,0.047324360869630676
0.225,4450.281727689242,9.806897125220417e-06,4.3783679104520904e-06,4.3783679104520904e-06,7.270745164624045e-11,0.04903448562610208
0.23750000000000002,4432.057608691822,1.01320128603304e-05,4.827821879573203e-06,4.827821879573203e-06,7.942409070931132e-11,0.05066006430165201
0.25,4414.762235981508,1.044055989152077e-05,5.2982442769276676e-06,5.2982442769276676e-06,8.634526948932254e-11,0.05220279945760385
0.2625,4398.376946271015,1.0732871169227358e-05,5.789529018287472e-06,5.789529018287472e-06,9.346022510059965e-11,0.05366435584613679
0.275,4382.88351854493,1.1009271753818283e-05,6.301574501221541e-06,6.301574501221541e-06,1.0075841014408443e-10,0.05504635876909141
0.28750000000000003,4368.264163152739,1.1270079010170487e-05,6.834283512744005e-06,6.834283512744005e-06,1.0822948760589667e-10,0.05635039505085244
0.30000000000000004,4354.501494489767,1.1515603095042537e-05,7.387563139046311e-06,7.387563139046311e-06,1.1586332607898171e-10,0.057578015475212685
0.3125,4341.578498538424,1.17461475361284e-05,7.961324677149987e-06,7.961324677149987e-06,1.2364999536861987e-10,0.058730737680642006
0.325,4329.478503074387,1.1962009763579636e-05,8.555483548327568e-06,8.555483548327568e-06,1.315797624502888e-10,0.05981004881789818
0.3375,4318.185154535888,1.2163481522651598e-05,9.169959213166796e-06,9.169959213166796e-06,1.39643087701074e-10,0.06081740761325799
0.35000000000000003,4307.682402371014,1.235084915294641e-05,9.804675088180107e-06,9.804675088180107e-06,1.4783062131619326e-10,0.06175424576473205
0.36250000000000004,4297.954489570296,1.2524393757310526e-05,1.0459558463873156e-05,1.0459558463873156e-05,1.5613319983748521e-10,0.06262196878655263
0.375,4288.985947129238,1.268439130062092e-05,1.1134540424171544e-05,1.1134540424171544e-05,1.6454184274738462e-10,0.0634219565031046
0.3875,4280.761590162332,1.2831112679113015e-05,1.1829555767052e-05,1.1829555767052e-05,1.7304774910885604e-10,0.06415556339556508
0.4,4273.266513959789,1.2964823790724836e-05,1.2544542926117625e-05,1.2544542926117625e-05,1.8164229425195937e-10,0.06482411895362418
0.41250000000000003,4266.486089078407,1.3085785622678451e-05,1.3279443892670113e-05,1.3279443892670113e-05,1.903170265184744e-10,0.06542892811339225
0.42500000000000004,4260.405955289437,1.3194254359447092e-05,1.4034204137523015e-05,1.4034204137523015e-05,1.9906366407809803e-10,0.06597127179723546
0.4375,4255.01201469929,1.329048150548072e-05,1.4808772531301938e-05,1.4808772531301938e-05,2.0787409182599787e-10,0.0664524075274036
0.45,4250.29042456011,1.3374714013466363e-05,1.560310126118972e-05,1.560310126118972e-05,2.1674035836539112e-10,0.06687357006733181
0.4625,4246.227590245698,1.3447194409635304e-05,1.641714574085296e-05,1.641714574085296e-05,2.256546730731914e-10,0.06723597204817652
0.47500000000000003,4242.810158683897,1.3508160910927517e-05,1.72508645084307e-05,1.72508645084307e-05,2.3460940324332503e-10,0.06754080455463758
0.48750000000000004,4240.025012314229,1.3557847532787864e-05,1.8104219104710935e-05,1.8104219104710935e-05,2.4359707130150717e-10,0.06778923766393932
0.5,4237.859263460775,1.359648418955326e-05,1.8977173919622798e-05,1.8977173919622798e-05,2.526103520865654e-10,0.0679824209477663
0.5125000000000001,4236.300248916814,1.3624296791061061e-05,1.9869695989507223e-05,1.9869695989507223e-05,2.616420701958067e-10,0.0681214839553053
0.525,4235.335524531679,1.3641507339219579e-05,2.0781754719794506e-05,2.0781754719794506e-05,2.706851973944019e-10,0.0682075366960979
0.5375,4234.952859647283,1.3648334027259042e-05,2.1713321497148592e-05,2.1713321497148592e-05,2.79732850090565e-10,0.06824167013629522
0.55,4235.14023131794,1.3644991342850009e-05,2.2664369141245446e-05,2.2664369141245446e-05,2.887782868790909e-10,0.06822495671425004
0.5625,4235.885818328767,1.363169017481289e-05,2.3634871128580933e-05,2.3634871128580933e-05,2.978149061556324e-10,0.06815845087406446
0.5750000000000001,4237.177995085321,1.3608637922127202e-05,2.462480049862121e-05,2.462480049862121e-05,3.068362438032404e-10,0.068043189610636
0.5875,4239.005325470833,1.3576038603517904e-05,2.5634128326027812e-05,2.5634128326027812e-05,3.158359709515509e-10,0.06788019301758952
0.6000000000000001,4241.356556762854,1.3534092965980017e-05,2.6662821611817257e-05,2.6662821611817257e-05,3.2480789180791365e-10,0.06767046482990008
0.6125,4244.220613678491,1.3482998591011144e-05,2.7710840411920276e-05,2.7710840411920276e-05,3.3374594155894425e-10,0.06741499295505572
0.625,4247.586592588434,1.3422949997835007e-05,2.8778133985199513e-05,2.8778133985199513e-05,3.4264418434050404e-10,0.06711474998917503
0.6375000000000001,4251.44375591473,1.335413874334053e-05,2.9864635706979117e-05,2.9864635706979117e-05,3.51496811273931e-10,0.06677069371670265
0.65,4255.781526713179,1.3276753518733952e-05,3.097025646196606e-05,3.097025646196606e-05,3.6029813856634274e-10,0.06638376759366976
0.6625000000000001,4260.589483434739,1.3190980242992526e-05,3.2094876206586285e-05,3.2094876206586285e-05,3.6904260567289067e-10,0.06595490121496263
0.675,4265.857354863769,1.309700215316827e-05,3.323833338067675e-05,3.323833338067675e-05,3.7772477351887825e-10,0.06548501076584136
0.6875,4271.575015234888,1.2994999891498928e-05,3.4400411858363694e-05,3.4400411858363694e-05,3.8633932277962573e-10,0.06497499945749464
0.7000000000000001,4277.73247953522,1.2885151589218957e-05,3.558082516434396e-05,3.558082516434396e-05,3.948810522158945e-10,0.06442575794609479
0.7125,4284.319898996428,1.2767632946978326e-05,3.677919775092796e-05,3.677919775092796e-05,4.0334487706262183e-10,0.06383816473489162
0.7250000000000001,4291.32755677608,1.26426173118879e-05,3.7995043238326986e-05,3.7995043238326986e-05,4.117258274687303e-10,0.0632130865594395
0.7375,4298.745863816255,1.2510275751399471e-05,3.922773966907671e-05,3.922773966907671e-05,4.20019046985913e-10,0.06255137875699736
0.75,4306.565354855515,1.2370777124455256e-05,4.04765020176197e-05,4.04765020176197e-05,4.282197911045846e-10,0.06185388562227628
0.7625000000000001,4314.77668455708,1.2224288150555734e-05,4.174035242460648e-05,4.174035242460648e-05,4.363234258356187e-10,0.061121440752778665
0.775,4323.370623709045,1.2070973477551614e-05,4.301808888463711e-05,4.301808888463711e-05,4.4432542633702465e-10,0.06035486738775807
0.7875000000000001,4332.338055446671,1.1910995749035018e-05,4.430825339331957e-05,4.430825339331957e-05,4.5222137558529976e-10,0.05955497874517509
0.8,4341.669971449815,1.1744515672177544e-05,4.5609100837231614e-05,4.5609100837231614e-05,4.600069630917514e-10,0.05872257836088772
0.8125,4351.357468074315,1.1571692086746822e-05,4.6918570166999044e-05,4.6918570166999044e-05,4.676779836645715e-10,0.05785846043373411
0.8250000000000001,4361.391742386288,1.139268203585265e-05,4.823425960460138e-05,4.823425960460138e-05,4.752303362178092e-10,0.056963410179263256
0.8375,4371.764088080686,1.1207640838759662e-05,4.9553407775316726e-05,4.9553407775316726e-05,4.826600226286125e-10,0.056038204193798305
0.8500000000000001,4382.465891277266,1.1016722165887082e-05,5.087288269760979e-05,5.087288269760979e-05,4.899631466441877e-10,0.05508361082943541
0.8625,4393.488626197948,1.0820078115924322e-05,5.218918048959639e-05,5.218918048959639e-05,4.971359128398799e-10,0.05410039057962161
0.875,4404.823850737888,1.0617859294841271e-05,5.349843544366616e-05,5.349843544366616e-05,5.041746256296301e-10,0.053089296474206356
0.8875000000000001,4416.4632019484225,1.0410214896472514e-05,5.4796442775402126e-05,5.4796442775402126e-05,5.110756883298535e-10,0.05205107448236257
0.9,4428.398391452637,1.01972927843041e-05,5.607869487382456e-05,5.607869487382456e-05,5.178356022775342e-10,0.0509864639215205
0.9125000000000001,4440.621200814665,9.979239574082837e-06,5.734043128377705e-05,5.734043128377705e-05,5.244509660030833e-10,0.04989619787041419
0.925,4453.12347688307,9.756200716890541e-06,5.8576701966412274e-05,5.8576701966412274e-05,5.30918474458268e-10,0.048781003584452705
0.9375,4465.897127125758,9.528320582367826e-06,5.9782442649384965e-05,5.9782442649384965e-05,5.372349182993102e-10,0.04764160291183913
0.9500000000000001,4478.934114971407,9.295742541824116e-06,6.095256034200566e-05,6.095256034200566e-05,5.433971832250803e-10,0.04647871270912058
0.9625,4492.2264551687185,9.058609051025715e-06,6.208202640458791e-05,6.208202640458791e-05,5.494022493701723e-10,0.045293045255128575
0.9750000000000001,4505.766209172602,8.817061732508039e-06,6.316597397844294e-05,6.316597397844294e-05,5.552471907525443e-10,0.04408530866254019
0.9875,4519.545480562423,8.57124145731047e-06,6.419979615221414e-05,6.419979615221414e-05,5.609291747753426e-10,0.04285620728655235
1.0,4533.5564104957575,8.321288426083404e-06,6.517924100149759e-05,6.517924100149759e-05,5.66445461782492e-10,0.04160644213041702
1.0125,4547.791173197092,8.06734224956784e-06,6.610049961909452e-05,6.610049961909452e-05,5.717934046676378e-10,0.040336711247839205
1.0250000000000001,4562.241971478875,7.809542028499655e-06,6.696028346398565e-05,6.696028346398565e-05,5.769704485360566e-10,0.039047710142498276
1.0375,4576.901032288934,7.5480264330430835e-06,6.775588779179535e-05,6.775588779179535e-05,5.819741304192255e-10,0.03774013216521542
1.05,4591.760602275481,7.282933781909995e-06,6.848523856407502e-05,6.848523856407502e-05,5.86802079041839e-10,0.036414668909549974
1.0625,4606.8129433581935,7.014402121371198e-06,6.914692102812255e-05,6.914692102812255e-05,5.914520146412055e-10,0.03507201060685599
1.075,4622.050328291359,6.742569304410548e-06,6.97401890604071e-05,6.97401890604071e-05,5.959217488391139e-10,0.03371284652205274
1.0875000000000001,4637.465036202675,6.467573070310087e-06,7.026495531376103e-05,7.026495531376103e-05,6.0020918456646e-10,0.032337865351550435
1.1,4653.049348090321,6.18955112498307e-06,7.07217631369842e-05,7.07217631369842e-05,6.043123160411253e-10,0.03094775562491535
1.1125,4668.795542259157,5.908641222391329e-06,7.111174208341035e-05,7.111174208341035e-05,6.082292287998296e-10,0.029543206111956644
1.125,4684.695889676634,5.624981247395282e-06,7.143654953791937e-05,7.143654953791937e-05,6.11958099784905e-10,0.02812490623697641
1.1375,4700.742649228447,5.338709300391375e-06,7.169830152741267e-05,7.169830152741267e-05,6.154971974871772e-10,0.026693546501956874
1.1500000000000001,4716.928062854015,5.04996378409643e-06,7.18994961105715e-05,7.18994961105715e-05,6.188448821463782e-10,0.025249818920482153
1.1625,4733.244350540836,4.758883492845126e-06,7.204293285819447e-05,7.204293285819447e-05,6.21999606010754e-10,0.023794417464225632
1.175,4749.683705157018,4.4656077047796134e-06,7.213163184171284e-05,7.213163184171284e-05,6.249599136577871e-10,0.02232803852389807
1.1875,4766.238287098934,4.170276277332033e-06,7.216875526600342e-05,7.216875526600342e-05,6.277244423782148e-10,0.020851381386660164
1.2000000000000002,4782.900218730247,3.873029746433552e-06,7.215753444718351e-05,7.215753444718351e-05,6.302919226258151e-10,0.019365148732167763
1.2125000000000001,4799.661578585053,3.5740094299282285e-06,7.21012042891924e-05,7.21012042891924e-05,6.326611785357466e-10,0.017870047149641143
1.225,4816.514395305543,3.273357535725553e-06,7.200294680161163e-05,7.200294680161163e-05,6.348311285145838e-10,0.016366787678627766
1.2375,4833.450641280274,2.971217275290457e-06,7.186584457249121e-05,7.186584457249121e-05,6.368007859055868e-10,0.014856086376452285
1.25,4850.46222594601,2.6677329831409452e-06,7.169284450734787e-05,7.169284450734787e-05,6.385692597331874e-10,0.013338664915704726
1.2625000000000002,4867.540988710654,2.3630502430984107e-06,7.148673160550408e-05,7.148673160550408e-05,6.401357555311681e-10,0.011815251215492054
1.2750000000000001,4884.678691452012,2.057316022111416e-06,7.125011209494334e-05,7.125011209494334e-05,6.414995762595544e-10,0.01028658011055708
1.2875,4901.867010541626,1.7506788125478112e-06,7.098540490402124e-05,7.098540490402124e-05,6.426601233158346e-10,0.008753394062739056
1.3,4919.097528339914,1.4432887839212016e-06,7.069484021950484e-05,7.069484021950484e-05,6.436168976467607e-10,0.007216443919606008
1.3125,4936.3617241044085,1.1352979450855e-06,7.038046376284642e-05,7.038046376284642e-05,6.443695009676705e-10,0.0056764897254275
1.3250000000000002,4953.6509642498095,8.268603179959576e-07,7.004414539977495e-05,7.004414539977495e-05,6.449176370969977e-10,0.004134301589979788
1.3375000000000001,4970.956491894408,5.1813212419773e-07,6.968759076581989e-05,6.968759076581989e-05,6.452611134144078e-10,0.00259066062098865
1.35,4988.269415624701,2.0927198526476314e-07,6.931235472234558e-05,6.931235472234558e-05,6.453998424518076e-10,0.0010463599263238158
1.3625,5005.58069740594,-9.955886152677861e-08,6.891985563283387e-05,6.891985563283387e-05,6.453338436273268e-10,-0.000497794307633893
1.375,5022.8811395634275,-4.081963309456808e-07,6.851138964695998e-05,6.851138964695998e-05,6.450632451332639e-10,-0.0020409816547284037
1.3875000000000002,5040.161370755701,-7.164732395711489e-07,6.808814438218124e-05,6.808814438218124e-05,6.445882859899144e-10,-0.0035823661978557444
1.4000000000000001,5057.411830858663,-1.024219036125028e-06,6.765121158418302e-05,6.765121158418302e-05,6.439093182781666e-10,-0.005121095180625141
1.4125,5074.622754676828,-1.3312595108861944e-06,6.720159851763916e-05,6.720159851763916e-05,6.43026809564729e-10,-0.006656297554430972
1.425,5091.784154398989,-1.6374164826972073e-06,6.674023798044862e-05,6.674023798044862e-05,6.41941345534846e-10,-0.008187082413486037
1.4375,5108.8858007158115,-1.9425074621113266e-06,6.626799694480394e-05,6.626799694480394e-05,6.406536328483169e-10,-0.009712537310556633
1.4500000000000002,5125.917202524889,-2.246345289327864e-06,6.578568390724245e-05,6.578568390724245e-05,6.391645022355324e-10,-0.011231726446639318
1.4625000000000001,5142.86758515671,-2.5487377457486648e-06,6.529405507982133e-05,6.529405507982133e-05,6.374749118510153e-10,-0.012743688728743324
1.475,5159.725867073123,-2.849487138282966e-06,6.479381958000189e-05,6.479381958000189e-05,6.355859509025305e-10,-0.01424743569141483
1.4875,5176.48063501368,-3.14838985595934e-06,6.428564378287105e-05,6.428564378287105e-05,6.334988435741232e-10,-0.0157419492797967
1.5,5193.120117598105,-3.445235898999661e-06,6.377015499132672e-05,6.377015499132672e-05,6.312149532613388e-10,-0.017226179494998307
1.5125000000000002,5209.632157438125,-3.739808381297611e-06,6.324794456283235e-05,6.324794456283235e-05,6.287357871362571e-10,-0.018699041906488054
1.5250000000000001,5226.004181867723,-4.031883008247376e-06,6.27195706096415e-05,6.27195706096415e-05,6.260630010586798e-10,-0.02015941504123688
1.5375,5242.223172469637,-4.321227533106135e-06,6.218556036643483e-05,6.218556036643483e-05,6.231984048477022e-10,-0.021606137665530673
1.55,5258.275633660785,-4.6076011965585905e-06,6.164641229756753e-05,6.164641229756753e-05,6.201439679248055e-10,-0.02303800598279295
1.5625,5274.147560694772,-4.8907541558864035e-06,6.110259799714804e-05,6.110259799714804e-05,6.169018253353583e-10,-0.02445377077943202
1.5750000000000002,5289.824407551257,-5.170426912120967e-06,6.0554563919723495e-05,6.0554563919723495e-05,6.134742841498675e-10,-0.025852134560604836
1.5875000000000001,5305.29105530517,-5.4463497457519384e-06,6.0002732967586784e-05,6.0002732967586784e-05,6.098638302393037e-10,-0.02723174872875969
1.6,5320.531781700948,-5.718242173938739e-06,5.944750595236075e-05,5.944750595236075e-05,6.060731354102484e-10,-0.028591210869693694
1.6125,5335.530232798308,-5.9858124446723106e-06,5.888926294302436e-05,5.888926294302436e-05,6.021050648753684e-10,-0.029929062223361554
1.625,5350.269397697916,-6.248757085887867e-06,5.832836450927186e-05,5.832836450927186e-05,5.979626850227883e-10,-0.031243785429439334
1.6375000000000002,5364.73158749775,-6.506760530045579e-06,5.776515286739579e-05,5.776515286739579e-05,5.936492714343331e-10,-0.03253380265022789
1.6500000000000001,5378.898419762459,-6.759494837068445e-06,5.719995293518679e-05,5.719995293518679e-05,5.891683170874395e-10,-0.03379747418534223
1.6625,5392.750809907303,-7.006619540633509e-06,5.6633073302193096e-05,5.6633073302193096e-05,5.845235406589619e-10,-0.035033097703167544
1.675,5406.268970993619,-7.247781644520869e-06,5.606480712175388e-05,5.606480712175388e-05,5.797188948313993e-10,-0.036238908222604345
1.6875,5419.432423497929,-7.482615796894597e-06,5.5495432931306544e-05,5.5495432931306544e-05,5.747585744835889e-10,-0.037413078984472985
1.7000000000000002,5432.220016644767,-7.710744670878029e-06,5.4925215407460004e-05,5.4925215407460004e-05,5.696470246291115e-10,-0.03855372335439014
1.7125000000000001,5444.609962874657,-7.931779579455637e-06,5.43544060621896e-05,5.43544060621896e-05,5.643889479470708e-10,-0.03965889789727819
1.725,5456.579886946754,-8.145321351458856e-06,5.378324388625452e-05,5.378324388625452e-05,5.589893117321707e-10,-0.04072660675729428
1.7375,5468.10689104593,-8.35096149306754e-06,5.3211955945601035e-05,5.3211955945601035e-05,5.534533540748184e-10,-0.0417548074653377
1.75,5479.167637070162,-8.548283655803598e-06,5.264075793613485e-05,5.264075793613485e-05,5.477865890680763e-10,-0.04274141827901799
1.7625000000000002,5489.738447014327,-8.736865427366259e-06,5.2069854701859146e-05,5.2069854701859146e-05,5.419948108274467e-10,-0.04368432713683129
1.7750000000000001,5499.795422042175,-8.916280455858228e-06,5.149944072100734e-05,5.149944072100734e-05,5.360840961024794e-10,-0.04458140227929114
1.7875,5509.314580449471,-9.086100911028222e-06,5.092970056446333e-05,5.092970056446333e-05,5.300608052567919e-10,-0.04543050455514111
1.8,5518.272014275983,-9.245900278208543e-06,5.036080933045988e-05,5.036080933045988e-05,5.23931581395952e-10,-0.04622950139104272
1.8125,5526.64406383041,-9.395256471813753e-06,4.979293305927305e-05,4.979293305927305e-05,5.177033474313837e-10,-0.04697628235906876
1.8250000000000002,5534.407508860997,-9.533755245799246e-06,4.922622913137826e-05,4.922622913137826e-05,5.11383300883436e-10,-0.04766877622899623
1.8375000000000001,5541.539774552693,-9.660993868619647e-06,4.8660846652291995e-05,4.8660846652291995e-05,5.049789062482773e-10,-0.048304969343098234
1.85,5548.019149973527,-9.776585020284599e-06,4.809692682708532e-05,4.809692682708532e-05,4.984978847813804e-10,-0.048882925101422996
1.8625,5553.825016051205,-9.880160859427766e-06,4.753460332731659e-05,4.753460332731659e-05,4.919482015848973e-10,-0.049400804297138834
1.875,5558.938079652692,-9.9713771992516e-06,4.6974002652889045e-05,4.6974002652889045e-05,4.853380499267476e-10,-0.049856885996258
1.8875000000000002,5563.340609888292,-1.0049917723163237e-05,4.641524449109812e-05,4.641524449109812e-05,4.786758327651079e-10,-0.05024958861581619
1.9000000000000001,5567.016672388861,-1.0115498164245333e-05,4.585844207489526e-05,4.585844207489526e-05,4.719701415022786e-10,-0.050577490821226666
1.9125,5569.952357026247,-1.0167870367756194e-05,4.530370254216684e-05,4.530370254216684e-05,4.6522973204546653e-10,-0.05083935183878097
1.925,5572.135994383542,-1.0206826152929066e-05,4.4751127297613144e-05,4.4751127297613144e-05,4.5846349830753373e-10,-0.05103413076464533
1.9375,5573.558356245011,-1.023220088968567e-05,4.420081237861775e-05,4.420081237861775e-05,4.5168044333669644e-10,-0.05116100444842835
1.9500000000000002,5574.212835475752,-1.0243876707663701e-05,4.365284882632623e-05,4.365284882632623e-05,4.4488964831892027e-10,-0.0512193835383185
1.9625000000000001,5574.095600902422,-1.0241785259265321e-05,4.3107323063006325e-05,4.3107323063006325e-05,4.38100239748655e-10,-0.051208926296326604
1.975,5573.205723188163,-1.022590996525116e-05,4.256431727664036e-05,4.256431727664036e-05,4.3132135511093733e-10,-0.051129549826255796
1.9875,5571.545268212214,-1.0196287680618556e-05,4.202390981360403e-05,4.202390981360403e-05,4.245621074591615e-10,-0.05098143840309278
2.0,5569.119355102936,-1.0153009729900975e-05,4.148617558021147e-05,4.148617558021147e-05,4.1783154930653714e-10,-0.050765048649504874
2.0125,5565.936176816885,-1.0096222274299043e-05,4.095118645385345e-05,4.095118645385345e-05,4.1113863627417134e-10,-0.05048111137149522
2.025,5562.006981984674,-1.0026125987809102e-05,4.041901170441997e-05,4.041901170441997e-05,4.04492190953849e-10,-0.05013062993904551
2.0375,5557.346017626971,-9.942975035289103e-06,3.988971842667932e-05,3.988971842667932e-05,3.9790086744826634e-10,-0.04971487517644552
2.0500000000000003,5551.9704332582105,-9.84707536167857e-06,3.9363371984279705e-05,3.9363371984279705e-05,3.913731170453621e-10,-0.04923537680839285
2.0625,5545.900147803922,-9.738782317823702e-06,3.8840036466046295e-05,3.8840036466046295e-05,3.8491715546651885e-10,-0.04869391158911851
2.075,5539.157681635286,-9.618497663999056e-06,3.831977515526492e-05,3.831977515526492e-05,3.785409321011682e-10,-0.048092488319995276
2.0875,5531.767956838038,-9.486666006729142e-06,3.780265101267276e-05,3.780265101267276e-05,3.7225210160347124e-10,-0.04743333003364571
2.1,5523.7580695545275,-9.34377073740495e-06,3.7288727173917326e-05,3.7288727173917326e-05,3.6605799818134174e-10,-0.046718853687024754
2.1125000000000003,5515.157038846511,-9.190329552032185e-06,3.677806746229714e-05,3.677806746229714e-05,3.599656128554845e-10,-0.045951647760160926
2.125,5505.99553699937,-9.026889639893506e-06,3.627073691766196e-05,3.627073691766196e-05,3.5398157390793014e-10,-0.04513444819946753
2.1375,5496.305606512899,-8.854022634705852e-06,3.576680234242676e-05,3.576680234242676e-05,3.4811213067751167e-10,-0.04427011317352926
2.15,5486.120369193383,-8.67231942486209e-06,3.5266332865741905e-05,3.5266332865741905e-05,3.4236314079569685e-10,-0.04336159712431045
2.1625,5475.473732771132,-8.482384919531547e-06,3.476940052696141e-05,3.476940052696141e-05,3.367400608920388e-10,-0.04241192459765774
2.1750000000000003,5464.400100325179,-8.284832864833118e-06,3.427608087965909e-05,3.427608087965909e-05,3.3124794073605063e-10,-0.04142416432416559
2.1875,5452.934087507987,-8.0802807991689e-06,3.3786453617557347e-05,3.3786453617557347e-05,3.2589142072325335e-10,-0.040401403995844506
2.2,5441.110252149294,-7.869345229388702e-06,3.3300603223849164e-05,3.3300603223849164e-05,3.2067473255900453e-10,-0.039346726146943505
2.2125,5428.962840291217,-7.652637100097036e-06,3.281861964550698e-05,3.281861964550698e-05,3.1560170294578103e-10,-0.03826318550048518
2.225,5416.525552098643,-7.430757617523344e-06,3.234059899427381e-05,3.234059899427381e-05,3.106757600388707e-10,-0.03715378808761672
2.2375000000000003,5403.831330415608,-7.204294477400674e-06,3.186664427611457e-05,3.186664427611457e-05,3.0589994240265056e-10,-0.036021472387003366
2.25,5390.912174034005,-6.973818533702203e-06,3.1396866150958216e-05,3.1396866150958216e-05,3.0127691017520187e-10,-0.034869092668511015
2.2625,5377.798977024434,-6.739880932328749e-06,3.0931383724572556e-05,3.0931383724572556e-05,2.9680895813303976e-10,-0.03369940466164374
2.275,5364.52139478073,-6.503010721359826e-06,3.0470325374369613e-05,3.0470325374369613e-05,2.9249803034003755e-10,-0.03251505360679913
2.2875,5351.1077367666385,-6.263712937670786e-06,3.0013829610825467e-05,3.0013829610825467e-05,2.8834573606475667e-10,-0.03131856468835393
2.3000000000000003,5337.584885348456,-6.022467158918561e-06,2.956204597599806e-05,2.956204597599806e-05,2.843533666576836e-10,-0.030112335794592802
2.3125,5323.97823956372,-5.77972650038168e-06,2.91151359803223e-05,2.91151359803223e-05,2.805219130934741e-10,-0.028898632501908397
2.325,5310.311682225546,-5.53591702810796e-06,2.8673274078434815e-05,2.8673274078434815e-05,2.768520839022292e-10,-0.027679585140539798
2.3375,5296.607568402875,-5.291437553401007e-06,2.8236648684212145e-05,2.8236648684212145e-05,2.7334432323700886e-10,-0.026457187767005032
2.35,5282.886733049111,-5.0466597689168675e-06,2.78054632244766e-05,2.78054632244766e-05,2.699988288511253e-10,-0.025233298844584338
2.3625000000000003,5269.168515378108,-4.801928683527785e-06,2.7379937229913798e-05,2.7379937229913798e-05,2.6681556978715963e-10,-0.024009643417638924
2.375,5255.470797499187,-4.55756331156276e-06,2.6960307460637624e-05,2.6960307460637624e-05,2.637943036090724e-10,-0.0227878165578138
2.3875,5241.810054816205,-4.313857571924581e-06,2.6546829062515183e-05,2.6546829062515183e-05,2.609345930382779e-10,-0.021569287859622907
2.4000000000000004,5228.2014157620115,-4.071081353739611e-06,2.6139776748812868e-05,2.6139776748812868e-05,2.5823582188328596e-10,-0.020355406768698053
2.4125,5214.658728562496,-3.8294817074215015e-06,2.573944599993545e-05,2.573944599993545e-05,2.556972101797726e-10,-0.01914740853710751
2.4250000000000003,5201.194632898395,-3.5892841231077983e-06,2.5346154271998866e-05,2.5346154271998866e-05,2.533178284831588e-10,-0.017946420615538992
2.4375,5187.820634540395,-3.350693862139117e-06,2.4960242202705884e-05,2.4960242202705884e-05,2.51096611278535e-10,-0.016753469310695584
2.45,5174.547181264564,-3.11389731137954e-06,2.458207480049341e-05,2.458207480049341e-05,2.490323694927897e-10,-0.015569486556897699
2.4625000000000004,5161.38373859875,-2.879063334523055e-06,2.4212042600209782e-05,2.4212042600209782e-05,2.4712380211093953e-10,-0.014395316672615274
2.475,5148.338864196623,-2.646344598914247e-06,2.385056276569151e-05,2.385056276569151e-05,2.453695069128939e-10,-0.013231722994571234
2.4875000000000003,5135.420279874544,-2.4158788606776797e-06,2.349808011658504e-05,2.349808011658504e-05,2.437679903582904e-10,-0.012079394303388398
2.5,5122.634940572687,-2.1877901949737705e-06,2.3155068053656146e-05,2.3155068053656146e-05,2.423176766557785e-10,-0.010938950974868853
2.5125,5109.989099707828,-1.9621901618834963e-06,2.2822029353719067e-05,2.2822029353719067e-05,2.410169160594235e-10,-0.009810950809417482
2.5250000000000004,5097.4883705693055,-1.7391789017035149e-06,2.2499496802284e-05,2.2499496802284e-05,2.3986399243902556e-10,-0.008695894508517574
2.5375,5085.137783568365,-1.5188461562679967e-06,2.218803362916444e-05,2.218803362916444e-05,2.388571301733916e-10,-0.007594230781339984
2.5500000000000003,5072.941839284708,-1.3012722152891142e-06,2.1888233709717673e-05,2.1888233709717673e-05,2.379945004162661e-10,-0.006506361076445571
2.5625,5060.904557361082,-1.086528788631207e-06,2.160072149223568e-05,2.160072149223568e-05,2.372742267840203e-10,-0.005432643943156035
2.575,5049.029521381194,-8.74679806927167e-07,2.1326151610393702e-05,2.1326151610393702e-05,2.3669439051260295e-10,-0.004373399034635835
2.5875000000000004,5037.319919927711,-6.657821540457317e-07,2.10652081387375e-05,2.10652081387375e-05,2.3625303512892914e-10,-0.0033289107702286587
2.6,5025.778584058844,-4.598863356697065e-07,2.081860344908912e-05,2.081860344908912e-05,2.3594817067906e-10,-0.0022994316783485325
2.6125000000000003,5014.408021467907,-2.57037088697158e-07,2.0587076626612138e-05,2.0587076626612138e-05,2.357777775524029e-10,-0.0012851854434857899
2.625,5003.210447601282,-5.727393638168524e-08,2.0371391406229824e-05,2.0371391406229824e-05,2.357398099379022e-10,-0.00028636968190842623
2.6375,4992.187814010713,1.3936830586591151e-07,2.0172333593248165e-05,2.0172333593248165e-05,2.3583219894492744e-10,0.0006968415293295575
2.6500000000000004,4981.341834207905,3.328590692367671e-07,1.9990707936494396e-05,1.9990707936494396e-05,2.360528554183994e-10,0.0016642953461838354
2.6625,4970.674007274814,5.231716103188906e-07,1.9827334428106798e-05,1.9827334428106798e-05,2.363996724746939e-10,0.002615858051594453
2.6750000000000003,4960.185639465195,7.102826257272501e-07,1.968304401133725e-05,1.968304401133725e-05,2.3687052778207893e-10,0.0035514131286362503
2.6875,4949.87786401261,8.941718987333716e-07,1.955867368634795e-05,1.955867368634795e-05,2.3746328560689846e-10,0.004470859493666858
2.7,4939.751659338284,1.0748219744397826e-06,1.9455061013948155e-05,1.9455061013948155e-05,2.3817579864442474e-10,0.005374109872198913
2.7125000000000004,4929.807865831296,1.2522178604226547e-06,1.9373038028427997e-05,1.9373038028427997e-05,2.3900590965126325e-10,0.006261089302113274
2.725,4920.047201353473,1.4263467501273812e-06,1.9313424582954796e-05,1.9313424582954796e-05,2.399514528943931e-10,0.007131733750636906
2.7375000000000003,4910.47027560222,1.5971977666373517e-06,1.9277021164203296e-05,1.9277021164203296e-05,2.4101025543034803e-10,0.007985988833186759
2.75,4901.077603447755,1.7647617247405915e-06,1.9264601226742922e-05,1.926470842278812e-05,2.4218013822666915e-10,0.008823808623702958
2.7625,4891.869617345606,1.9290309094898106e-06,1.927690311190379e-05,1.9298336027015363e-05,2.434589171365617e-10,0.009645154547449053
2.7750000000000004,4882.846678912761,2.0899988696888863e-06,1.9314621630047698e-05,1.9375250800946766e-05,2.448444037366516e-10,0.010449994348444432
2.7875,4874.009089743169,2.247660224944124e-06,1.937839939900287e-05,1.9484534609449336e-05,2.4633440603683403e-10,0.01123830112472062
2.8000000000000003,4865.357101529459,2.402010485094857e-06,1.9468818044480185e-05,1.961933225109669e-05,2.4792672907042007e-10,0.012010052425474285
2.8125,4856.890925548628,2.5530458809878064e-06,1.9586389380155484e-05,1.977762780026053e-05,2.496191753721015e-10,0.012765229404939031
2.825,4848.610741563115,2.700763205686941e-06,1.9731546695358743e-05,1.9955701157420713e-05,2.5140954535065184e-10,0.013503816028434706
2.8375000000000004,4840.516706181424,2.8451596653182455e-06,1.9904636286548777e-05,2.0153309920071213e-05,2.532956375627503e-10,0.014225798326591228
2.85,4832.608960718606,2.9862327388403218e-06,2.010590937459189e-05,2.0370163777771086e-05,2.5527524889384586e-10,0.014931163694201608
2.8625000000000003,4824.887638591889,3.123980046109687e-06,2.0335514552966026e-05,2.0605926108201554e-05,2.573461746515605e-10,0.015619900230548434
2.875,4817.352872282647,3.258399223676242e-06,2.059349091209735e-05,2.0860215837134847e-05,2.595062085767553e-10,0.01629199611838121
2.8875,4810.004799893894,3.3894878078020456e-06,2.087976198189156e-05,2.1132609521415355e-05,2.6175314277704837e-10,0.016947439039010227
2.9000000000000004,4802.843571328167,3.5172431242463393e-06,2.1194130628019053e-05,2.1423671320703727e-05,2.6408476758726996e-10,0.017586215621231697
2.9125,4795.869354109502,3.641662184403638e-06,2.1536275027612804e-05,2.1737673437523363e-05,2.66498871361066e-10,0.01820831092201819
2.9250000000000003,4789.082338870279,3.7627415874201273e-06,2.1905745836801537e-05,2.2072102376850173e-05,2.6899324019761353e-10,0.018813707937100636
2.9375,4782.482744521789,3.880477427947875e-06,2.2301964646091588e-05,2.2429922273127316e-05,2.7156565760718536e-10,0.019402387139739373
2.95,4776.0708231265435,3.994865209227078e-06,2.2724223800294226e-05,2.2812422730658768e-05,2.7421390411909535e-10,0.019974326046135388
2.9625000000000004,4769.846864487456,4.105899761214201e-06,2.317168763783458e-05,2.322327291734425e-05,2.7693575683537046e-10,0.020529498806071005
2.975,4763.811200468702,4.213575163499159e-06,2.364339518033001e-05,2.3665069790780754e-05,2.7972898893332307e-10,0.021067875817495793
2.9875000000000003,4757.964209061098,4.317884672778168e-06,2.4138264277824042e-05,2.4141413396187706e-05,2.8259136912004455e-10,0.02158942336389084
3.0,4752.306318204112,4.4188206546709514e-06,2.465509718860894e-05,2.465509718860894e-05,2.8552066104169926e-10,0.022094103273354756
3.0125,4746.838009374931,4.516374519692199e-06,2.5192587545813656e-05,2.5192587545813656e-05,2.8851462265037346e-10,0.022581872598460995
3.0250000000000004,4741.559820954095,4.610536663208182e-06,2.5749328636552772e-05,2.5749328636552772e-05,2.9157100553112066e-10,0.02305268331604091
3.0375,4736.472351376173,4.701296409230539e-06,2.6323822894109728e-05,2.6323822894109728e-05,2.946875541917471e-10,0.023506482046152695
3.0500000000000003,4731.576262072149,4.7886419579211905e-06,2.691449248003346e-05,2.691449248003346e-05,2.9786200531779755e-10,0.023943209789605954
3.0625,4726.8722802100565,4.872560336705666e-06,2.751969081179272e-05,2.751969081179272e-05,3.0109208699513366e-10,0.02436280168352833
3.075,4722.361201237056,4.953037354917108e-06,2.8137714873329202e-05,2.8137714873329202e-05,3.0437551790244506e-10,0.02476518677458554
3.0875000000000004,4718.04389122693,5.030057561920895e-06,2.8766818130972974e-05,2.8766818130972974e-05,3.077100064760009e-10,0.025150287809604474
3.1,4713.921289033234,5.103604208700102e-06,2.9405223866129973e-05,2.9405223866129973e-05,3.1109325004893596e-10,0.02551802104350051
3.1125000000000003,4709.994408247965,5.173659212916021e-06,3.0051138729210547e-05,3.0051138729210547e-05,3.1452293396737457e-10,0.025868296064580108
3.125,4706.264338962208,5.240203127495468e-06,3.070276631661049e-05,3.070276631661049e-05,3.179967306857311e-10,0.02620101563747734
3.1375,4702.732249324119,5.303215112838814e-06,3.1358320574227225e-05,3.1358320574227225e-05,3.2151229884358674e-10,0.02651607556419407
3.1500000000000004,4699.399386885912,5.362672912789057e-06,3.201603883691401e-05,3.201603883691401e-05,3.250672823266354e-10,0.026813364563945286
3.1625,4696.267079729294,5.418552834553976e-06,3.267419432324165e-05,3.267419432324165e-05,3.2865930931432043e-10,0.027092764172769884
3.1750000000000003,4693.336737355456,5.470829732829947e-06,3.3331107918633966e-05,3.3331107918633966e-05,3.322859913169464e-10,0.027354148664149733
3.1875,4690.609851321951,5.519476998437977e-06,3.3985159096951766e-05,3.3985159096951766e-05,3.3594492220525765e-10,0.027597384992189885
3.2,4688.087995605758,5.564466551849712e-06,3.463479585041237e-05,3.463479585041237e-05,3.3963367723572514e-10,0.02782233275924856
3.2125000000000004,4685.772826666633,5.605768842053481e-06,3.5278543519775414e-05,3.5278543519775414e-05,3.4334981207508166e-10,0.028028844210267405
3.225,4683.666083182044,5.6433528512877805e-06,3.591501244037402e-05,3.591501244037402e-05,3.470908618279948e-10,0.028216764256438903
3.2375000000000003,4681.769585418507,5.677186106251371e-06,3.654290434417522e-05,3.654290434417522e-05,3.5085434007217144e-10,0.028385930531256855
3.25,4680.085234201417,5.707234696484976e-06,3.71610174829566e-05,3.71610174829566e-05,3.546377379056474e-10,0.02853617348242488
3.2625,4678.615009438717,5.733463300708579e-06,3.776825046224882e-05,3.776825046224882e-05,3.584385230115367e-10,0.028667316503542897
3.2750000000000004,4677.360968149425,5.75583522198953e-06,3.836360479931086e-05,3.836360479931086e-05,3.622541387460941e-10,0.02877917610994765
3.2875,4676.325241943255,5.774312432709174e-06,3.894618624052873e-05,3.894618624052873e-05,3.6608200325658635e-10,0.02887156216354587
3.3000000000000003,4675.510033891242,5.788855630387615e-06,3.9515204893776266e-05,3.9515204893776266e-05,3.6991950863617106e-10,0.028944278151938074
3.3125,4674.917614723552,5.799424305516468e-06,4.006997424905229e-05,4.006997424905229e-05,3.737640201237418e-10,0.02899712152758234
3.325,4674.550318284743,5.805976822635559e-06,4.060990917580195e-05,4.060990917580195e-05,3.7761287535752074e-10,0.029029884113177796
3.3375000000000004,4674.410536172844,5.808470515969789e-06,4.113452299752862e-05,4.113452299752862e-05,3.8146338369204984e-10,0.029042352579848944
3.35,4674.500711484642,5.806861801014041e-06,4.164342375349001e-05,4.164342375349001e-05,3.853128255891531e-10,0.029034309005070206
3.3625000000000003,4674.823331585704,5.801106303514629e-06,4.213630976342459e-05,4.213630976342459e-05,3.8915845209440234e-10,0.029005531517573145
3.375,4675.380919821436,5.791159007342198e-06,4.261296461443953e-05,4.261296461443953e-05,3.9299748441160973e-10,0.028955795036710988
3.3875,4676.17602608381,5.776974422780464e-06,4.307325168955394e-05,4.307325168955394e-05,3.9682711358888094e-10,0.02888487211390232
3.4000000000000004,4677.211216147717,5.758506776763952e-06,4.351710835514995e-05,4.351710835514995e-05,4.006445003307795e-10,0.02879253388381976
3.4125,4678.489059691931,5.73571022658288e-06,4.394453992001137e-05,4.394453992001137e-05,4.044467749521587e-10,0.028678551132914402
3.4250000000000003,4680.012116921824,5.708539098531015e-06,4.435561347204448e-05,4.435561347204448e-05,4.0823103749019606e-10,0.028542695492655076
3.4375,4681.782923715428,5.676948152898949e-06,4.475045169052675e-05,4.475045169052675e-05,4.119943579920954e-10,0.028384740764494747
3.45,4683.803975220028,5.640892876607748e-06,4.512922672218098e-05,4.512922672218098e-05,4.1573377699677934e-10,0.02820446438303874
3.4625000000000004,4686.077707835052,5.600329804632825e-06,4.5492154198893486e-05,4.5492154198893486e-05,4.1944630622965776e-10,0.028001649023164123
3.475,4688.606479526895,5.555216871182295e-06,4.5839487463843656e-05,4.5839487463843656e-05,4.2312892953019673e-10,0.027776084355911473
3.4875000000000003,4691.392548434995,5.505513791365554e-06,4.6171512061528774e-05,4.6171512061528774e-05,4.2677860403250044e-10,0.02752756895682777
3.5,4694.438049742431,5.451182473814076e-06,4.648854053596106e-05,4.648854053596106e-05,4.3039226161942467e-10,0.02725591236907038
3.5125,4697.744970803998,5.3921874643964166e-06,4.679090757046015e-05,4.679090757046015e-05,4.339668106708345e-10,0.026960937321982084
3.5250000000000004,4701.315124543669,5.328496420802235e-06,4.707896549219563e-05,4.707896549219563e-05,4.3749913812646966e-10,0.026642482104011177
3.5375,4705.150121157653,5.260080617356337e-06,4.735308015514143e-05,4.735308015514143e-05,4.409861118834577e-10,0.026300403086781683
3.5500000000000003,4709.251338184469,5.186915478964461e-06,4.761362720653112e-05,4.761362720653112e-05,4.4442458354778637e-10,0.025934577394822307
3.5625,4713.619889031718,5.108981142590527e-06,4.78609887343515e-05,4.78609887343515e-05,4.478113915579863e-10,0.025544905712952634
3.575,4718.25659007969,5.026263044123832e-06,4.809555028693778e-05,4.809555028693778e-05,4.511433646978557e-10,0.02513131522061916
3.5875000000000004,4723.1619265140835,4.938752527919511e-06,4.831769825035831e-05,4.831769825035831e-05,4.544173260132564e-10,0.024693762639597557
3.6,4728.336017073796,4.846447475692759e-06,4.852781756498255e-05,4.852781756498255e-05,4.5763009714581276e-10,0.024232237378463795
3.6125000000000003,4733.778577934755,4.749352950824832e-06,4.87262897593705e-05,4.87262897593705e-05,4.607785030937283e-10,0.02374676475412416
3.625,4739.48888598647,4.647481853505922e-06,4.891349127733366e-05,4.891349127733366e-05,4.6385937740690533e-10,0.02323740926752961
3.6375,4745.465741792921,4.540855581507025e-06,4.908979207261255e-05,4.908979207261255e-05,4.668695678200982e-10,0.022704277907535125
3.6500000000000004,4751.70743256468,4.429504690751889e-06,4.925555444499139e-05,4.925555444499139e-05,4.698059423239684e-10,0.022147523453759442
3.6625,4758.211695502458,4.313469549263783e-06,4.941113209172162e-05,4.941113209172162e-05,4.726653956696492e-10,0.021567347746318914
3.6750000000000003,4764.975681903367,4.192800977503743e-06,4.955686934873963e-05,4.955686934873963e-05,4.754448562977978e-10,0.020964004887518713
3.6875,4771.99592244986,4.067560867611846e-06,4.9693100597233634e-05,4.9693100597233634e-05,4.781412936781516e-10,0.02033780433805923
3.7,4779.268294125484,3.9378227736251494e-06,4.982014981253283e-05,4.982014981253283e-05,4.807517260403465e-10,0.019689113868125746
3.7125000000000004,4786.787989221776,3.8036724643904222e-06,4.9938330233963725e-05,4.9938330233963725e-05,4.83273228471268e-10,0.01901836232195211
3.725,4794.549486915037,3.665208430630743e-06,5.004794413615412e-05,5.004794413615412e-05,4.85702941348544e-10,0.018326042153153716
3.7375000000000003,4802.546527900052,3.5225423374762937e-06,5.014928268418865e-05,5.014928268418865e-05,4.880380790740248e-10,0.017612711687381467
3.75,4810.772092569276,3.37579941374373e-06,5.0242625856964064e-05,5.0242625856964064e-05,4.902759390653221e-10,0.01687899706871865
3.7625,4819.218383220178,3.2251187693565395e-06,5.032824242500486e-05,5.032824242500486e-05,4.924139109577696e-10,0.016125593846782697
3.7750000000000004,4827.876810758839,3.0706536325496393e-06,5.040638997083542e-05,5.040638997083542e-05,4.944494859636298e-10,0.015353268162748197
3.7875,4836.737986345991,2.9125714989022506e-06,5.047731494173384e-05,5.047731494173384e-05,4.963802663300964e-10,0.014562857494511253
3.8000000000000003,4845.791718400472,2.7510541847977005e-06,5.0541252726289856e-05,5.0541252726289856e-05,4.982039748327359e-10,0.013755270923988502
3.8125,4855.027015334923,2.5862977786184792e-06,5.059842774764347e-05,5.059842774764347e-05,4.999184642365754e-10,0.012931488893092397
3.825,4864.432094350514,2.4185124838475707e-06,5.064905356758317e-05,5.064905356758317e-05,5.015217266531813e-10,0.012092562419237854
3.8375000000000004,4873.994396561165,2.24792234925728e-06,5.069333299683402e-05,5.069333299683402e-05,5.030119027188757e-10,0.0112396117462864
3.85,4883.700608652467,2.0747648825153974e-06,5.073145820787044e-05,5.073145820787044e-05,5.043872905168078e-10,0.010373824412576987
3.8625000000000003,4893.5366912099435,1.8992905448132524e-06,5.0763610847453635e-05,5.0763610847453635e-05,5.056463541640088e-10,0.009496452724066263
3.875,4903.487913773237,1.721762125504779e-06,5.078996214683075e-05,5.078996214683075e-05,5.067877319838849e-10,0.008608810627523895
3.8875,4913.538896589984,1.542453997221038e-06,5.081067302815401e-05,5.081067302815401e-05,5.078102441849193e-10,0.0077122699861051905
3.9000000000000004,4923.673658957278,1.361651253468548e-06,5.082589420619625e-05,5.082589420619625e-05,5.087128999676744e-10,0.00680825626734274
3.9125,4933.8756739485225,1.1796487323070592e-06,5.083576628486746e-05,5.083576628486746e-05,5.094949039845798e-10,0.005898243661535296
3.9250000000000003,4944.12792923476,9.967499313064767e-07,5.0840419848389996e-05,5.0840419848389996e-05,5.101556620804304e-10,0.004983749656532384
3.9375,4954.412993619564,8.13265820574493e-07,5.083997554727725e-05,5.083997554727725e-05,5.106947862460261e-10,0.004066329102872465
3.95,4964.7130888197735,6.295135621966244e-07,5.083454417949666e-05,5.083454417949666e-05,5.111120987229119e-10,0.0031475678109831222
3.9625000000000004,4975.010165941978,4.4581514590883715e-07,5.082422676739064e-05,5.082422676739064e-05,5.11407635203688e-10,0.0022290757295441855
3.975,4985.285986026582,2.6249595219999375e-07,5.080911463108918e-05,5.080911463108918e-05,5.115816470797829e-10,0.0013124797609999688
3.9875000000000003,4995.522203962417,7.988325528864849e-08,5.0789289459282184e-05,5.0789289459282184e-05,5.116346026968309e-10,0.0003994162764432424
4.0,5005.700455012829,-1.0169532049059057e-07,5.076482337833618e-05,5.076482337833618e-05,5.11567187586768e-10,-0.0005084766024529529
4.0125,5015.802443143604,-2.819133764460272e-07,5.0735779020843596e-05,5.0735779020843596e-05,5.113803036553378e-10,-0.001409566882230136
4.025,5025.810030303583,-4.6044733227990684e-07,5.070220959478839e-05,5.070220959478839e-05,5.110750673137431e-10,-0.002302236661399534
4.0375000000000005,5035.705325780664,-6.369780201893802e-07,5.066415895460354e-05,5.066415895460354e-05,5.106528065535468e-10,-0.0031848901009469007
4.05,5045.470774742425,-8.111922644185292e-07,5.062166167548722e-05,5.062166167548722e-05,5.101150569744689e-10,-0.004055961322092646
4.0625,5055.089245069144,-9.827844303465885e-07,5.0574743132435675e-05,5.0574743132435675e-05,5.094635567852727e-10,-0.0049139221517329424
4.075,5064.544111599802,-1.1514579274258414e-06,5.052341958554802e-05,5.052341958554802e-05,5.087002408083348e-10,-0.0057572896371292075
4.0875,5073.819336938419,-1.3169266507536937e-06,5.046769827325671e-05,5.046769827325671e-05,5.078272335285786e-10,-0.006584633253768468
4.1000000000000005,5082.899548007187,-1.4789163467707641e-06,5.040757751524442e-05,5.040757751524442e-05,5.0684684123707e-10,-0.0073945817338538205
4.1125,5091.7701075855075,-1.6371658895087257e-06,5.034304682691826e-05,5.034304682691826e-05,5.057615433285709e-10,-0.008185829447543628
4.125,5100.417180138103,-1.7914284549518831e-06,5.0274087047429865e-05,5.0274087047429865e-05,5.045739828205956e-10,-0.008957142274759416
4.1375,5108.827791309034,-1.9414725824045356e-06,5.0200670483351274e-05,5.0200670483351274e-05,5.032869561688713e-10,-0.009707362912022678
4.15,5116.989880543074,-2.0870831132472446e-06,5.012276107024321e-05,5.012276107024321e-05,5.019034024604865e-10,-0.010435415566236223
4.1625000000000005,5124.89234638614,-2.2280619990917182e-06,5.00403145544806e-05,5.00403145544806e-05,5.004263920713035e-10,-0.011140309995458592
4.175,5132.52508411432,-2.364228973075355e-06,4.995327869783111e-05,4.995327869783111e-05,4.988591148783605e-10,-0.011821144865376776
4.1875,5139.879015441327,-2.4954220798405345e-06,4.986159350741041e-05,4.986159350741041e-05,4.972048681209437e-10,-0.012477110399202672
4.2,5146.946110158504,-2.6214980615867646e-06,4.9765191493763794e-05,4.9765191493763794e-05,4.954670440057418e-10,-0.013107490307933824
4.2125,5153.719399664007,-2.7423325994323186e-06,4.966399795994105e-05,4.966399795994105e-05,4.936491171519973e-10,-0.013711662997161592
4.2250000000000005,5160.19298244107,-2.8578204111424667e-06,4.9557931324539705e-05,4.9557931324539705e-05,4.917546319718734e-10,-0.014289102055712334
4.2375,5166.362021642621,-2.9678752080421105e-06,4.9446903481783854e-05,4.9446903481783854e-05,4.89787190079384e-10,-0.014839376040210553
4.25,5172.222735034442,-3.0724295156012676e-06,4.933082020177974e-05,4.933082020177974e-05,4.877504378182596e-10,-0.015362147578006339
4.2625,5177.772377635118,-3.171434363735223e-06,4.9209581574138615e-05,4.9209581574138615e-05,4.856480539951172e-10,-0.015857171818676116
4.275,5183.009217470814,-3.264858854272996e-06,4.9083082498176683e-05,4.9083082498176683e-05,4.83483737899361e-10,-0.01632429427136498
4.2875000000000005,5187.932504932682,-3.3526896142975084e-06,4.895121322288711e-05,4.895121322288711e-05,4.812611976854702e-10,-0.016763448071487542
4.3,5192.542436284769,-3.4349301451321968e-06,4.881385993982185e-05,4.881385993982185e-05,4.789841391868529e-10,-0.017174650725660982
4.3125,5196.8401119198115,-3.5116000776293147e-06,4.8670905431917315e-05,4.8670905431917315e-05,4.766562552233777e-10,-0.017558000388146575
4.325,5200.827489998247,-3.5827343450973863e-06,4.852222978114028e-05,4.852222978114028e-05,4.742812154571824e-10,-0.01791367172548693
4.3375,5204.507336133067,-3.6483822856854827e-06,4.8367711137613456e-05,4.8367711137613456e-05,4.718626568435239e-10,-0.018241911428427415
4.3500000000000005,5207.883169798481,-3.708606686321456e-06,4.820722655259742e-05,4.820722655259742e-05,4.694041747154129e-10,-0.01854303343160728
4.3625,5210.959208145211,-3.7634827803847993e-06,4.8040652877352035e-05,4.8040652877352035e-05,4.669093145327045e-10,-0.018817413901923995
4.375,5213.740307899436,-3.8130972111912403e-06,4.7867867729470737e-05,4.7867867729470737e-05,4.643815643183075e-10,-0.0190654860559562
4.3875,5216.231906006594,-3.8575469730878525e-06,4.76887505277711e-05,4.76887505277711e-05,4.618243477963549e-10,-0.019287734865439263
4.4,5218.439959657145,-3.896938341519179e-06,4.750318359623119e-05,4.750318359623119e-05,4.59241018239648e-10,-0.019484691707595894
4.4125000000000005,5220.370886298197,-3.931385802844397e-06,4.731105333678162e-05,4.731105333678162e-05,4.566348530265369e-10,-0.019656929014221985
4.425,5222.031504196108,-3.961010993982048e-06,4.7112251469996274e-05,4.7112251469996274e-05,4.5400904890072517e-10,-0.019805054969910238
4.4375,5223.428974069588,-3.985941661152985e-06,4.6906676341872015e-05,4.6906676341872015e-05,4.513667179213359e-10,-0.019929708305764925
4.45,5224.570742263326,-4.006310646105352e-06,4.66942342939498e-05,4.66942342939498e-05,4.487108840850225e-10,-0.02003155323052676
4.4625,5225.464485878939,-4.022254907259047e-06,4.647484109301322e-05,4.647484109301322e-05,4.4604448059697526e-10,-0.020111274536295236
4.4750000000000005,5226.11806022512,-4.033914582222487e-06,4.62484234155088e-05,4.62484234155088e-05,4.43370347763397e-10,-0.020169572911112436
4.4875,5226.539448892229,-4.041432097131986e-06,4.601492038067603e-05,4.601492038067603e-05,4.4069123147440917e-10,-0.02020716048565993
4.5,5226.736716701054,-4.044951327262759e-06,4.5774285125163604e-05,4.5774285125163604e-05,4.3800978224339946e-10,-0.020224756636313797
4.5125,5226.717965719794,-4.0446168123782305e-06,4.5526486410654794e-05,4.5526486410654794e-05,4.3532855476652404e-10,-0.02022308406189115
4.525,5226.491294490456,-4.040573029336636e-06,4.527151025474416e-05,4.527151025474416e-05,4.3265000796440834e-10,-0.02020286514668318
4.5375000000000005,5226.064760555855,-4.032963723574464e-06,4.5009361574018e-05,4.5009361574018e-05,4.2997650546701567e-10,-0.020164818617872317
4.55,5225.446346330284,-4.021931300246866e-06,4.4740065827011284e-05,4.4740065827011284e-05,4.2731031650213663e-10,-0.020109656501234332
4.5625,5224.6439283149575,-4.007616275034681e-06,4.446367064346556e-05,4.446367064346556e-05,4.2465361714794543e-10,-0.020038081375173405
4.575,5223.665249619634,-3.990156783933247e-06,4.41802474251197e-05,4.41802474251197e-05,4.220084919105235e-10,-0.019950783919666235
4.5875,5222.517895717542,-3.969688150724566e-06,4.388989290215279e-05,4.388989290215279e-05,4.193769355881111e-10,-0.019848440753622833
4.6000000000000005,5221.209273331262,-3.94634251030389e-06,4.359273062839133e-05,4.359273062839133e-05,4.167608553850605e-10,-0.01973171255151945
4.6125,5219.746592321888,-3.920248485585425e-06,4.328891239751926e-05,4.328891239751926e-05,4.141620732399726e-10,-0.019601242427927126
4.625,5218.136850433677,-3.891530915348125e-06,4.2978619561814796e-05,4.2978619561814796e-05,4.115823283342478e-10,-0.019457654576740625
4.6375,5216.386820730202,-3.860310630098932e-06,4.2662064234409776e-05,4.2662064234409776e-05,4.0902327974922017e-10,-0.019301553150494657
4.65,5214.503041546591,-3.826704272823166e-06,4.233949035575046e-05,4.233949035575046e-05,4.0648650924211817e-10,-0.01913352136411583
4.6625000000000005,5212.491808774916,-3.790824161354909e-06,4.201117460485835e-05,4.201117460485835e-05,4.0397352411326206e-10,-0.018954120806774544
4.675,5210.359170295187,-3.7527781890282416e-06,4.167742713616626e-05,4.167742713616626e-05,4.0148576013912067e-10,-0.018763890945141207
4.6875,5208.11092236438,-3.712669760256343e-06,4.13385921231591e-05,4.13385921231591e-05,3.9902458454807363e-10,-0.018563348801281715
4.7,5205.7526077771945,-3.670597757722868e-06,4.099504809079469e-05,4.099504809079469e-05,3.96591299017923e-10,-0.01835298878861434
4.7125,5203.289515617928,-3.6266565379513723e-06,4.0647208019730855e-05,4.0647208019730855e-05,3.9418714267634183e-10,-0.01813328268975686
4.7250000000000005,5200.726682427978,-3.5809359521369443e-06,4.029551920674551e-05,4.029551920674551e-05,3.9181329508751303e-10,-0.017904679760684723
4.7375,5198.068894623385,-3.5335213892722784e-06,3.994046286741087e-05,3.994046286741087e-05,3.8947087921017977e-10,-0.01766760694636139
4.75,5195.320692005121,-3.484493838772029e-06,3.9582553469064736e-05,3.9582553469064736e-05,3.8716096431418124e-10,-0.017422469193860146
4.7625,5192.486372216252,-3.4339299699877014e-06,3.922233778440314e-05,3.922233778440314e-05,3.8488456884427685e-10,-0.017169649849938507
4.775,5189.56999601089,-3.381902226205266e-06,3.8860393658582515e-05,3.8860393658582515e-05,3.826426632216585e-10,-0.01690951113102633
4.7875000000000005,5186.575393211636,-3.3284789309238343e-06,3.849732848554331e-05,3.849732848554331e-05,3.80436172575009e-10,-0.016642394654619173
4.800000000000001,5183.506169243468,-3.2737244044216006e-06,3.813377739232318e-05,3.813377739232318e-05,3.7826597939428796e-10,-0.016368622022108002
4.8125,5180.365712144332,-3.2176990888211152e-06,3.7770401133380445e-05,3.7770401133380445e-05,3.7613292610160996e-10,-0.016088495444105576
4.825,5177.157199962867,-3.1604596800664408e-06,3.74078837003581e-05,3.74078837003581e-05,3.740378175346334e-10,-0.015802298400332204
4.8375,5173.883608465659,-3.102059265417283e-06,3.7046929656238876e-05,3.7046929656238876e-05,3.71981423338803e-10,-0.015510296327086415
4.8500000000000005,5170.5477190856245,-3.0425474652478755e-06,3.6688261206423046e-05,3.6688261206423046e-05,3.699644802655917e-10,-0.015212737326239378
4.862500000000001,5167.152127053337,-2.981970578109484e-06,3.6332615022847825e-05,3.6332615022847825e-05,3.6798769437457924e-10,-0.01490985289054742
4.875,5163.699249662011,-2.9203717281740356e-06,3.598073884080426e-05,3.598073884080426e-05,3.66051743137788e-10,-0.014601858640870179
4.8875,5160.191334624313,-2.8577910143220303e-06,3.563338785153457e-05,3.563338785153457e-05,3.6415727744518696e-10,-0.01428895507161015
4.9,5156.630468487802,-2.7942656602700015e-06,3.5291320916950686e-05,3.5291320916950686e-05,3.623049235106742e-10,-0.013971328301350007
4.9125000000000005,5153.01858508121,-2.7298301652518845e-06,3.495529663584396e-05,3.495529663584396e-05,3.6049528467817053e-10,-0.013649150826259423
4.925000000000001,5149.357473970483,-2.664516454874695e-06,3.462606929369828e-05,3.462606929369828e-05,3.587289431277096e-10,-0.013322582274373477
4.9375,5145.648788908793,-2.5983540318624966e-06,3.430438473062058e-05,3.430438473062058e-05,3.5700646148159705e-10,-0.012991770159312483
4.95,5141.894056268403,-2.531370126484682e-06,3.399097616391174e-05,3.399097616391174e-05,3.553283843108498e-10,-0.01265685063242341
4.9625,5138.094683447958,-2.4635898465352785e-06,3.368656000337316e-05,3.368656000337316e-05,3.536952395422116e-10,-0.012317949232676392
4.9750000000000005,5134.251967250009,-2.3950363267908855e-06,3.339183169854047e-05,3.339183169854047e-05,3.52107539766091e-10,-0.011975181633954427
4.987500000000001,5130.367102228471,-2.3257308779260058e-06,3.310746165762427e-05,3.310746165762427e-05,3.5056578344578186e-10,-0.011628654389630028
5.0,5126.441189006643,-2.2556931349073863e-06,3.283409127799627e-05,3.283409127799627e-05,3.4907045602831095e-10,-0.011278465674536931
5.0125,5122.4752425695315,-2.1849412049238694e-06,3.257232912757265e-05,3.257232912757265e-05,3.4762203095722135e-10,-0.010924706024619348
5.025,5118.470200534312,-2.1134918149362966e-06,3.232274731541194e-05,3.232274731541194e-05,3.4622097058754287e-10,-0.010567459074681483
5.0375000000000005,5114.426931406065,-2.0413604589533525e-06,3.208587808826626e-05,3.208587808826626e-05,3.448677270031316e-10,-0.010206802294766762
5.050000000000001,5110.346242824514,-1.968561545155091e-06,3.186221068771904e-05,3.186221068771904e-05,3.4356274273647953e-10,-0.009842807725775456
5.0625,5106.228889809867,-1.8951085429961719e-06,3.1652188499934216e-05,3.1652188499934216e-05,3.423064513910072e-10,-0.00947554271498086
5.075,5102.075583015102,-1.8210141304263634e-06,3.14562065269663e-05,3.14562065269663e-05,3.4109927816576255e-10,-0.009105070652131817
5.0875,5097.886996992647,-1.7462903413667635e-06,3.1274609205081935e-05,3.1274609205081935e-05,3.3994164028235534e-10,-0.008731451706833817
5.1000000000000005,5093.6637784829845,-1.670948713576806e-06,3.110768859167287e-05,3.110768859167287e-05,3.3883394731386933e-10,-0.008354743567884031
5.112500000000001,5089.406554732209,-1.5950004370396297e-06,3.0955682938157575e-05,3.0955682938157575e-05,3.3777660141540725e-10,-0.007975002185198149
5.125,5085.115941845274,-1.5184565029818015e-06,3.0818775661839014e-05,3.0818775661839014e-05,3.367699974558492e-10,-0.0075922825149090075
5.1375,5080.792553180463,-1.4413278536280025e-06,3.069709472507915e-05,3.069709472507915e-05,3.3581452305033664e-10,-0.007206639268140013
5.15,5076.437007789269,-1.3636255327718906e-06,3.059071242543986e-05,3.059071242543986e-05,3.3491055849294087e-10,-0.006818127663859453
5.1625000000000005,5072.049938905825,-1.2853608372209362e-06,3.049964559570081e-05,3.049964559570081e-05,3.3405847658893725e-10,-0.006426804186104681
5.175000000000001,5067.632002486538,-1.20654546914587e-06,3.042385620797153e-05,3.042385620797153e-05,3.332586423860845e-10,-0.0060327273457293495
5.1875,5063.183885800636,-1.1271916893339175e-06,3.0363252371543416e-05,3.0363252371543416e-05,3.3251141280431097e-10,-0.0056359584466695875
5.2,5058.706316069346,-1.0473124713095649e-06,3.031768970974725e-05,3.031768970974725e-05,3.31817136163232e-10,-0.005236562356547824
5.2125,5054.20006914929,-9.669216562470736e-07,3.0286973096961558e-05,3.0286973096961558e-05,3.3117615160697407e-10,-0.004834608281235368
5.2250000000000005,5049.66597825378,-8.86034108555091e-07,3.0270858733118017e-05,3.0270858733118017e-05,3.305887884258598e-10,-0.0044301705427754546
5.237500000000001,5045.104942702224,-8.04665871965854e-07,3.02690565296271e-05,3.02690565296271e-05,3.300553652746194e-10,-0.00402332935982927
5.25,5040.517936685499,-7.228343259093804e-07,3.02812327776477e-05,3.02812327776477e-05,3.2957618928693976e-10,-0.003614171629546902
5.2625,5035.906018032084,-6.405583418969375e-07,3.030701306708768e-05,3.030701306708768e-05,3.2915155508634514e-10,-0.0032027917094846876
5.275,5031.270336955554,-5.578584395782114e-07,3.0345985422676894e-05,3.0345985422676894e-05,3.287817436936252e-10,-0.002789292197891057
5.2875000000000005,5026.612144761664,-4.747569420729705e-07,3.0397703621921646e-05,3.0397703621921646e-05,3.2846702133129226e-10,-0.0023737847103648523
5.300000000000001,5021.93280248854,-3.9127813011118365e-07,3.0461690658738763e-05,3.0461690658738763e-05,3.2820763812585635e-10,-0.0019563906505559183
5.3125,5017.233789450095,-3.074483944457794e-07,3.0537442316079734e-05,3.0537442316079734e-05,3.2800382670906494e-10,-0.0015372419722288972
5.325,5012.516711648418,-2.2329638593008785e-07,3.0624430810882164e-05,3.0624430810882164e-05,3.2785580071965344e-10,-0.0011164819296504392
5.3375,5007.783310017228,-1.3885316257798303e-07,3.072210847520817e-05,3.072210847520817e-05,3.277637532076084e-10,-0.0006942658128899151
5.3500000000000005,5003.035468453582,-5.4152332849712557e-08,3.0829911438422306e-05,3.0829911438422306e-05,3.2772785494344424e-10,-0.0002707616642485628
5.362500000000001,4998.275221591476,3.076980566902402e-08,3.094726327669084e-05,3.094726327669084e-05,3.2774825263554833e-10,0.0001538490283451201
5.375,4993.504762266244,1.1587413310195325e-07,3.107357859790901e-05,3.107357859790901e-05,3.278250670592488e-10,0.0005793706655097663
5.3875,4988.7264486150825,2.011185806114891e-07,3.120826653233878e-05,3.120826653233878e-05,3.2795839110191096e-10,0.0010055929030574455
5.4,4983.942810754468,2.864580112732509e-07,3.135073410171496e-05,3.135073410171496e-05,3.2814828772906396e-10,0.0014322900563662545
5.4125000000000005,4979.1565569720915,3.718441096133334e-07,3.1500389442300145e-05,3.1500389442300145e-05,3.283947878773001e-10,0.0018592205480666669
5.425000000000001,4974.3705793671415,4.5722528098724115e-07,3.1656644860283116e-05,3.1656644860283116e-05,3.2869788828047134e-10,0.0022861264049362055
5.4375,4969.58795886959,5.425465620343035e-07,3.181891970096559e-05,3.181891970096559e-05,3.29057549236525e-10,0.0027127328101715174
5.45,4964.811969567105,6.277495434884826e-07,3.198664301631233e-05,3.198664301631233e-05,3.294736923231695e-10,0.003138747717442413
5.4625,4960.046082265205,7.127723066641363e-07,3.215925601859673e-05,3.215925601859673e-05,3.2994619807143596e-10,0.0035638615333206817
5.4750000000000005,4955.293967205632,7.97549374962326e-07,3.233621431100611e-05,3.233621431100611e-05,3.304749036070925e-10,0.003987746874811631
5.487500000000001,4950.559495866308,8.820116817579923e-07,3.251698988912985e-05,3.251698988912985e-05,3.3105960027077077e-10,0.004410058408789962
5.5,4945.846741766931,9.66086556029541e-07,3.2701072910196764e-05,3.2701072910196764e-05,3.3170003122856606e-10,0.004830432780147705
5.5125,4941.159980204311,1.0496977270786142e-06,3.2887973229715315e-05,3.2887973229715315e-05,3.3239588908576613e-10,0.0052484886353930706
5.525,4936.503686844027,1.1327653496579082e-06,3.307722170776894e-05,3.307722170776894e-05,3.331468135172376e-10,0.005663826748289541
5.5375000000000005,4931.882535096547,1.2152060507775643e-06,3.3268371289601e-05,3.3268371289601e-05,3.3395238892884114e-10,0.006076030253887822
5.550000000000001,4927.30139221093,1.2969329993950852e-06,3.346099786726673e-05,3.346099786726673e-05,3.3481214216504447e-10,0.006484664996975426
5.5625,4922.76531402282,1.377856000108921e-06,3.365470093101796e-05,3.365470093101796e-05,3.3572554027864657e-10,0.006889280000544605
5.575,4918.279538300201,1.4578816118713118e-06,3.384910402070936e-05,3.384910402070936e-05,3.366919883791979e-10,0.007289408059356559
5.5875,4913.849476636531,1.5369132926111739e-06,3.404385498886748e-05,3.404385498886748e-05,3.3771082757729267e-10,0.007684566463055869
5.6000000000000005,4909.480704849916,1.614851570512847e-06,3.423862608814687e-05,3.423862608814687e-05,3.387813330424046e-10,0.008074257852564234
5.612500000000001,4905.17895185548,1.6915942425312598e-06,3.443311389671568e-05,3.443311389671568e-05,3.399027121923202e-10,0.008457971212656299
5.625,4900.950086988888,1.7670366005392436e-06,3.462703909567649e-05,3.462703909567649e-05,3.4107410303248844e-10,0.008835183002696218
5.6375,4896.8001057700685,1.8410716852988954e-06,3.482014611294927e-05,3.482014611294927e-05,3.42294572663731e-10,0.009205358426494477
5.65,4892.73511410919,1.9135905682274367e-06,3.501220264813948e-05,3.501220264813948e-05,3.435631159767387e-10,0.009567952841137184
5.6625000000000005,4888.761310969258,1.9844826606900845e-06,3.520299909280407e-05,3.520299909280407e-05,3.4487865455160225e-10,0.009922413303450422
5.675000000000001,4884.884969515326,2.0536360503002438e-06,3.539234786023247e-05,3.539234786023247e-05,3.462400357802802e-10,0.01026818025150122
5.6875,4881.11241679335,2.1209378634425808e-06,3.5580082638401244e-05,3.5580082638401244e-05,3.476460322293885e-10,0.010604689317212904
5.7,4877.450011998715,2.186274652960153e-06,3.5766057579162815e-05,3.5766057579162815e-05,3.490953412599926e-10,0.010931373264800766
5.7125,4873.904123409343,2.2495328096653047e-06,3.595014643601403e-05,3.595014643601403e-05,3.505865849201951e-10,0.011247664048326524
5.7250000000000005,4870.481104074418,2.3105989960486092e-06,3.613224166198215e-05,3.613224166198215e-05,3.5211831012523456e-10,0.011552994980243047
5.737500000000001,4867.187266366052,2.3693606002742938e-06,3.631225347828739e-05,3.631225347828739e-05,3.536889891385441e-10,0.011846803001371468
5.75,4864.02885551674,2.425706208267661e-06,3.649010892351253e-05,3.649010892351253e-05,3.5529702036576196e-10,0.012128531041338306
5.7625,4861.012022281214,2.479526091424034e-06,3.666575089205219e-05,3.666575089205219e-05,3.5694072947205095e-10,0.01239763045712017
5.775,4858.142794876035,2.530712707203366e-06,3.68391371696456e-05,3.68391371696456e-05,3.5861837083126826e-10,0.01265356353601683
5.7875000000000005,4855.427050364109,2.5791612096240354e-06,3.701023947283232e-05,3.701023947283232e-05,3.6032812931354807e-10,0.012895806048120177
5.800000000000001,4852.870485665076,2.624769966437361e-06,3.7179042498226785e-05,3.7179042498226785e-05,3.6206812241572553e-10,0.013123849832186806
5.8125,4850.478588382875,2.6674410795548867e-06,3.734554298659561e-05,3.734554298659561e-05,3.638364027367588e-10,0.013337205397774434
5.825,4848.256607653916,2.70708090511755e-06,3.7509748805852634e-05,3.7509748805852634e-05,3.656309607979112e-10,0.01353540452558775
5.8375,4846.209525225928,2.7436005694426956e-06,3.767167805626925e-05,3.767167805626925e-05,3.6744972820496135e-10,0.013718002847213478
5.8500000000000005,4844.342026985662,2.7769164769652454e-06,3.7831358200437936e-05,3.7831358200437936e-05,3.6929058114713394e-10,0.013884582384826228
5.862500000000001,4842.6584751578575,2.8069508062059917e-06,3.798882521982967e-05,3.798882521982967e-05,3.711513442248139e-10,0.014034754031029958
5.875,4841.162881400057,2.8336319897556357e-06,3.814412279915511e-05,3.814412279915511e-05,3.7302979459544827e-10,0.014168159948778179
5.8875,4839.8588810183965,2.856895174260034e-06,3.829730153917534e-05,3.829730153917534e-05,3.74923666424378e-10,0.014284475871300169
5.9,4838.749708527428,2.8766826564318747e-06,3.844841819811192e-05,3.844841819811192e-05,3.7683065562470743e-10,0.014383413282159373
5.9125000000000005,4837.838174771723,2.892944291197664e-06,3.859753496137672e-05,3.859753496137672e-05,3.7874842486773943e-10,0.014464721455988322
5.925000000000001,4837.12664582028,2.9056378682171465e-06,3.874471873897744e-05,3.874471873897744e-05,3.8067460884301017e-10,0.014528189341085733
5.9375,4836.617023835127,2.914729453184895e-06,3.8890040489652614e-05,3.8890040489652614e-05,3.826068197445769e-10,0.014573647265924474
5.95,4836.310730103275,2.9201936905401747e-06,3.903357457054651e-05,3.903357457054651e-05,3.8454265295797607e-10,0.014600968452700874
5.9625,4836.208690406217,2.9220140644696814e-06,3.9175398111046574e-05,3.9175398111046574e-05,3.864796929202032e-10,0.014610070322348408
5.9750000000000005,4836.311322885587,2.920183115386649e-06,3.931559040926915e-05,3.931559040926915e-05,3.884155191231998e-10,0.014600915576933243
5.987500000000001,4836.618528543045,2.914702609406084e-06,3.9454232349589715e-05,3.9454232349589715e-05,3.9034771222968714e-10,0.01457351304703042
6.0,4837.129684493784,2.9055836587065576e-06,3.9591405839566733e-05,3.9591405839566733e-05,3.9227386026878987e-10,0.014527918293532787
6.0125,4837.843640068357,2.8928467910698142e-06,3.972719326460012e-05,3.972719326460012e-05,3.9419156487775786e-10,0.01446423395534907
6.025,4838.75871583543,2.8765219673164236e-06,3.986167695869151e-05,3.986167695869151e-05,3.960984475552468e-10,0.014382609836582119
6.0375000000000005,4839.872705591767,2.8566485458036434e-06,3.9994938689730224e-05,3.9994938689730224e-05,3.979921558910635e-10,0.014283242729018217
6.050000000000001,4841.182881340418,2.8332751936154687e-06,4.012705915781285e-05,4.012705915781285e-05,3.998703697370383e-10,0.014166375968077344
6.0625,4842.6860012512225,2.806459744548941e-06,4.0258117505211886e-05,4.0258117505211886e-05,4.017308072837548e-10,0.014032298722744705
6.075,4844.378320570857,2.776269004479264e-06,4.038819083673689e-05,4.038819083673689e-05,4.0357123100825353e-10,0.01388134502239632
6.0875,4846.255605423333,2.7427785051633343e-06,4.051735374937737e-05,4.051735374937737e-05,4.0538945345852885e-10,0.013713892525816672
6.1000000000000005,4848.31314941467,2.706072208010757e-06,4.064567787027817e-05,4.064567787027817e-05,4.0718334284165215e-10,0.013530361040053786
6.112500000000001,4850.545792931226,2.666242159807643e-06,4.077323140227203e-05,4.077323140227203e-05,4.0895082838366974e-10,0.013331210799038215
6.125,4852.947944995279,2.623388102815265e-06,4.090007867637952e-05,4.090007867637952e-05,4.106899054310305e-10,0.013116940514076325
6.1375,4855.513607519227,2.5776170420778613e-06,4.102627971088132e-05,4.102627971088132e-05,4.1239864026517604e-10,0.012888085210389307
6.15,4858.236401778166,2.529042773156078e-06,4.115188977677021e-05,4.115188977677021e-05,4.1407517460405996e-10,0.01264521386578039
6.1625000000000005,4861.109596900924,2.477785373849905e-06,4.1276958969599255e-05,4.1276958969599255e-05,4.157177297667232e-10,0.012388926869249525
6.175000000000001,4864.126140162744,2.4239706637834915e-06,4.1401531787956246e-05,4.1401531787956246e-05,4.1732461047962183e-10,0.012119853318917458
6.1875,4867.278688847323,2.3677296359897646e-06,4.152564671901234e-05,4.152564671901234e-05,4.18894208306145e-10,0.011838648179948823
6.2,4870.559643434081,2.3091978648526544e-06,4.164933583181311e-05,4.164933583181311e-05,4.2042500468365015e-10,0.011545989324263272
6.2125,4873.961181857002,2.248514894936308e-06,4.177262437920143e-05,4.177262437920143e-05,4.2191557355534557e-10,0.011242574474681539
6.2250000000000005,4877.475294573968,2.1858236153522316e-06,4.1895530409483334e-05,4.1895530409483334e-05,4.23364583587433e-10,0.010929118076761158
6.237500000000001,4881.09382018218,2.121269624385998e-06,4.2018064389167904e-05,4.2018064389167904e-05,4.2477079996505334e-10,0.010606348121929988
6.25,4884.808481313687,2.0550005891246067e-06,4.214022883832964e-05,4.214022883832964e-05,4.2613308576372117e-10,0.010275002945623033
6.2625,4888.610920547209,1.9871656047944495e-06,4.226201798035419e-05,4.226201798035419e-05,4.2745040289605634e-10,0.009935828023972247
6.275,4892.492736076823,1.9179145584391997e-06,4.238341740803519e-05,4.238341740803519e-05,4.2872181263668953e-10,0.009589572792195999
6.2875000000000005,4896.44551688484,1.8473975014387006e-06,4.2504403768188e-05,4.2504403768188e-05,4.29946475731203e-10,0.009236987507193503
6.300000000000001,4900.46087717659,1.7757640351968035e-06,4.262494446713443e-05,4.262494446713443e-05,4.311236520978357e-10,0.008878820175984018
6.3125,4904.530489846663,1.7031627141110387e-06,4.274499739958845e-05,4.274499739958845e-05,4.3225270013340946e-10,0.008515813570555194
6.325,4908.64611875969,1.6297404696836729e-06,4.286451070363339e-05,4.286451070363339e-05,4.333330756374915e-10,0.008148702348418364
6.3375,4912.799649646323,1.5556420593464835e-06,4.298342254462516e-05,4.298342254462516e-05,4.343643303711755e-10,0.007778210296732417
6.3500000000000005,4916.983119430939,1.4810095432544793e-06,4.310166093097947e-05,4.310166093097947e-05,4.3534611026902286e-10,0.007405047716272396
6.362500000000001,4921.188743828664,1.4059817919622174e-06,4.321914356490181e-05,4.321914356490181e-05,4.362781533246366e-10,0.007029908959811087
6.375,4925.408943067895,1.3306940275346784e-06,4.333577773119493e-05,4.333577773119493e-05,4.3716028717203117e-10,0.006653470137673392
6.3875,4929.636365617034,1.2552774002685694e-06,4.345146022732493e-05,4.345146022732493e-05,4.379924263864063e-10,0.006276387001342847
6.4,4933.863909814437,1.1798586028140777e-06,4.356607733794397e-05,4.356607733794397e-05,4.3877456952911675e-10,0.005899293014070389
6.4125000000000005,4938.084743323775,1.1045595230970784e-06,4.367950485704904e-05,4.367950485704904e-05,4.3950679596256e-10,0.005522797615485392
6.425000000000001,4942.29232035746,1.0294969370521006e-06,4.3791608160902797e-05,4.3791608160902797e-05,4.401892624613728e-10,0.005147484685260503
6.4375,4946.4803966337795,9.547822417923072e-07,4.390224233474868e-05,4.390224233474868e-05,4.4082219964674266e-10,0.004773911208961536
6.45,4950.6430420529705,8.805212294682572e-07,4.401125235621884e-05,4.401125235621884e-05,4.4140590827080737e-10,0.004402606147341286
6.4625,4954.774651098738,8.068139017070181e-07,4.411847333815613e-05,4.411847333815613e-05,4.419407553780442e-10,0.00403406950853509
6.4750000000000005,4958.86995099031,7.337543241806595e-07,4.4223730833349655e-05,4.4223730833349655e-05,4.4242717037025023e-10,0.0036687716209032975
6.487500000000001,4962.924007628301,6.614305205318594e-07,4.432684120341617e-05,4.432684120341617e-05,4.4286564100120505e-10,0.003307152602659297
6.5,4966.932229394562,5.899244045871511e-07,4.4427612053745746e-05,4.4427612053745746e-05,4.4325670932639664e-10,0.0029496220229357556
6.5125,4970.890368880732,5.193117495175296e-07,4.4525842736070135e-05,4.4525842736070135e-05,4.436009676323032e-10,0.002596558747587648
6.525,4974.794522634657,4.496621923637985e-07,4.462132491980591e-05,4.462132491980591e-05,4.438990543686754e-10,0.0022483109618189924
6.5375000000000005,4978.641129024958,3.810392721314369e-07,4.471384323287326e-05,4.471384323287326e-05,4.441516501060715e-10,0.0019051963606571845
6.550000000000001,4982.426964334857,3.1350049947783993e-07,4.480317597219684e-05,4.480317597219684e-05,4.4435947353958977e-10,0.0015675024973891996
6.5625,4986.149137204154,2.47097455863948e-07,4.488909588356016e-05,4.488909588356016e-05,4.4452327755832916e-10,0.00123548727931974
6.575,4989.805081545912,1.8187591992255113e-07,4.497137100991157e-05,4.497137100991157e-05,4.4464384539862143e-10,0.0009093795996127556
6.5875,4993.39254806824,1.1787601870623019e-07,4.5049765606613875e-05,4.5049765606613875e-05,4.4472198689752745e-10,0.000589380093531151
6.6000000000000005,4996.909594536002,5.5132401418419386e-08,4.512404112149355e-05,4.512404112149355e-05,4.447585348615019e-10,0.0002756620070920969
6.612500000000001,5000.354574908233,-6.325566800198812e-09,4.519395723688611e-05,4.519395723688611e-05,4.447543415635213e-10,-3.162783400099406e-05
6.625,5003.726127487749,-6.647359346200504e-08,4.525927297019707e-05,4.525927297019707e-05,4.447102753803587e-10,-0.0003323679673100252
6.6375,5007.023162217971,-1.2529223211093456e-07,4.531974782880981e-05,4.531974782880981e-05,4.446272175800878e-10,-0.0006264611605546728
6.65,5010.244847260045,-1.8276664285695563e-07,4.5375143014479625e-05,4.5375143014479625e-05,4.445060592683326e-10,-0.0009138332142847781
6.6625000000000005,5013.390594978712,-2.388863423702246e-07,4.542522267166585e-05,4.542522267166585e-05,4.443476985002487e-10,-0.001194431711851123
6.675000000000001,5016.460047462309,-2.936449455559016e-07,4.546975517357852e-05,4.546975517357852e-05,4.441530375637515e-10,-0.001468224727779508
6.6875,5019.45306169502,-3.470399010323349e-07,4.550851443906231e-05,4.550851443906231e-05,4.4392298043809935e-10,-0.0017351995051616744
6.7,5022.369694494802,-3.9907222242343373e-07,4.554128127281664e-05,4.554128127281664e-05,4.4365843043060674e-10,-0.0019953611121171686
6.7125,5025.210187322285,-4.4974621735342603e-07,4.556784472086605e-05,4.556784472086605e-05,4.433602879930096e-10,-0.0022487310867671303
6.7250000000000005,5027.974951059532,-4.990692159010154e-07,4.558800343265915e-05,4.558800343265915e-05,4.430294487178424e-10,-0.002495346079505077
6.737500000000001,5030.664550849226,-5.470513001326982e-07,4.560156702069513e-05,4.560156702069513e-05,4.426668015141104e-10,-0.002735256500663491
6.75,5033.279691077255,-5.937050361938517e-07,4.5608357408164385e-05,4.5608357408164385e-05,4.4227322696056297e-10,-0.0029685251809692587
6.7625,5035.821200573483,-6.390452102933049e-07,4.560821015475107e-05,4.560821015475107e-05,4.41849595833985e-10,-0.0031952260514665244
6.775,5038.29001809768,-6.830885697743243e-07,4.560097575048957e-05,4.560097575048957e-05,4.4139676780913644e-10,-0.0034154428488716213
6.7875000000000005,5040.687178169552,-7.258535703241656e-07,4.55865208673995e-05,4.55865208673995e-05,4.4091559032626957e-10,-0.003629267851620828
6.800000000000001,5043.013797294169,-7.673601302370045e-07,4.556472955855264e-05,4.556472955855264e-05,4.404068976215482e-10,-0.0038368006511850226
6.8125,5045.271060626591,-8.076293925127233e-07,4.553550439425436e-05,4.553550439425436e-05,4.398715099151751e-10,-0.004038146962563617
6.825,5047.4602091123825,-8.466834954477222e-07,4.549876752515642e-05,4.549876752515642e-05,4.393102327515972e-10,-0.004233417477238611
6.8375,5049.582527134542,-8.845453522546508e-07,4.545446166235988e-05,4.545446166235988e-05,4.3872385648580376e-10,-0.004422726761273254
6.8500000000000005,5051.639330690118,-9.212384401367293e-07,4.5402550964918854e-05,4.5402550964918854e-05,4.381131559094503e-10,-0.004606192200683646
6.862500000000001,5053.631956114982,-9.567865991394325e-07,4.534302182561665e-05,4.534302182561665e-05,4.374788900103254e-10,-0.004783932995697162
6.875,5055.561749369559,-9.912138410083853e-07,4.527588354645631e-05,4.527588354645631e-05,4.3682180185852884e-10,-0.004956069205041927
6.8875,5057.43005589345,-1.0245441681976505e-06,4.5201168895982896e-05,4.5201168895982896e-05,4.36142618612631e-10,-0.005122720840988253
6.9,5059.238211032825,-1.0568014030971378e-06,4.511893454133258e-05,4.511893454133258e-05,4.3544205163903965e-10,-0.005284007015485689
6.9125000000000005,5060.98753104104,-1.088009027481654e-06,4.502926134877676e-05,4.502926134877676e-05,4.3472079673779795e-10,-0.005440045137408271
6.925000000000001,5062.67930464879,-1.1181900321272148e-06,4.4932254547491534e-05,4.4932254547491534e-05,4.339795344680739e-10,-0.005590950160636074
6.9375,5064.314785198752,-1.1473667764919267e-06,4.482804375232517e-05,4.482804375232517e-05,4.3321893056666863e-10,-0.005736833882459633
6.95,5065.895183336267,-1.1755608583191198e-06,4.471678284244851e-05,4.471678284244851e-05,4.3243963645296713e-10,-0.005877804291595599
6.9625,5067.421660246407,-1.2027929929888419e-06,4.4598649693944886e-05,4.4598649693944886e-05,4.316422898138677e-10,-0.00601396496494421
6.9750000000000005,5068.8953214266,-1.229082902419674e-06,4.4473845765614396e-05,4.4473845765614396e-05,4.308275152623601e-10,-0.00614541451209837
6.987500000000001,5070.317210982205,-1.2544492133059186e-06,4.43425955385195e-05,4.43425955385195e-05,4.299959250635638e-10,-0.006272246066529593
7.0,5071.68830643307,-1.2789093644645015e-06,4.420514581107059e-05,4.420514581107059e-05,4.2914811992218646e-10,-0.006394546822322507
7.0125,5073.009514017523,-1.302479523061217e-06,4.406176485272722e-05,4.406176485272722e-05,4.2828468982551783e-10,-0.006512397615306084
7.025,5074.28166448148,-1.325174509486307e-06,4.391274142065837e-05,4.391274142065837e-05,4.274062149362241e-10,-0.0066258725474315355
7.0375000000000005,5075.505509339461,-1.3470077306543756e-06,4.375838364494762e-05,4.375838364494762e-05,4.265132665293587e-10,-0.006735038653271878
7.050000000000001,5076.681717595987,-1.3679911215124686e-06,4.3599017789132554e-05,4.3599017789132554e-05,4.2560640796814826e-10,-0.006839955607562343
7.0625,5077.810872915515,-1.3881350945523656e-06,4.343498689401689e-05,4.343498689401689e-05,4.246861957132473e-10,-0.006940675472761828
7.075,5078.893471230374,-1.407448497138051e-06,4.326664931377451e-05,4.326664931377451e-05,4.2375318036028127e-10,-0.007037242485690255
7.0875,5079.92991877732,-1.4259385764762228e-06,4.309437715436355e-05,4.309437715436355e-05,4.228079077006108e-10,-0.007129692882381114
7.1000000000000005,5080.920530553779,-1.4436109520763022e-06,4.291855462517393e-05,4.291855462517393e-05,4.21850919800353e-10,-0.007218054760381511
7.112500000000001,5081.8655291862715,-1.460469595565912e-06,4.273957631563077e-05,4.273957631563077e-05,4.208827560927829e-10,-0.00730234797782956
7.125,5082.765044205215,-1.47651681774771e-06,4.255784540916056e-05,4.255784540916056e-05,4.1990395447931535e-10,-0.00738258408873855
7.1375,5083.619111719656,-1.4917532628036072e-06,4.237377184748675e-05,4.237377184748675e-05,4.1891505243432886e-10,-0.007458766314018036
7.15,5084.427674489187,-1.506177909571743e-06,4.218777045865097e-05,4.218777045865097e-05,4.1791658810914303e-10,-0.007530889547858716
7.1625000000000005,5085.190582388665,-1.5197880798403898e-06,4.200025906244907e-05,4.200025906244907e-05,4.1690910143049775e-10,-0.007598940399201949
7.175000000000001,5085.9075932642545,-1.532579453620184e-06,4.181165656712546e-05,4.181165656712546e-05,4.1589313518890836e-10,-0.00766289726810092
7.1875,5086.578374179575,-1.5445460913717818e-06,4.1622381071181916e-05,4.1622381071181916e-05,4.148692361122857e-10,-0.007722730456858909
7.2,5087.202503050873,-1.5556804631797177e-06,4.143284798402998e-05,4.143284798402998e-05,4.1383795592021654e-10,-0.007778402315898589
7.2125,5087.779470671768,-1.565973484874567e-06,4.12434681789501e-05,4.12434681789501e-05,4.1279985235429795e-10,-0.007829867424372836
7.2250000000000005,5088.3086831283645,-1.5754145611141582e-06,4.105464619142106e-05,4.105464619142106e-05,4.117554901799131e-10,-0.007877072805570791
7.237500000000001,5088.789464604916,-1.5839916354405296e-06,4.0866778475354856e-05,4.0866778475354856e-05,4.10705442154823e-10,-0.007919958177202648
7.25,5089.221060581932,-1.5916912473319391e-06,4.0680251729123085e-05,4.0680251729123085e-05,4.096502899599383e-10,-0.007958456236659696
7.2625,5089.602641427417,-1.5984985962686632e-06,4.049544130250019e-05,4.049544130250019e-05,4.085906250876207e-10,-0.007992492981343316
7.275,5089.933306381831,-1.6043976128272667e-06,4.031270969478593e-05,4.031270969478593e-05,4.0752704968285536e-10,-0.008021988064136334
7.2875000000000005,5090.212087937746,-1.6093710368101804e-06,4.013240515341745e-05,4.013240515341745e-05,4.0646017733263e-10,-0.008046855184050902
7.300000000000001,5090.437956613386,-1.6134005024060079e-06,3.995486038135147e-05,3.995486038135147e-05,4.0539063379886025e-10,-0.00806700251203004
7.3125,5090.609826119138,-1.6164666303605842e-06,3.97803913604035e-05,3.97803913604035e-05,4.0431905769021364e-10,-0.008082333151802922
7.325,5090.726558915016,-1.6185491271195118e-06,3.9609296296587464e-05,3.9609296296587464e-05,4.0324610106821073e-10,-0.008092745635597559
7.3375,5090.786972155286,-1.6196268908797937e-06,3.944185469232052e-05,3.944185469232052e-05,4.0217242998302335e-10,-0.008098134454398968
7.3500000000000005,5090.789844015316,-1.619678124461093e-06,3.927832654915776e-05,3.927832654915776e-05,4.0109872493444904e-10,-0.008098390622305465
7.362500000000001,5090.733920394049,-1.6186804548762146e-06,3.9118951703515515e-05,3.9118951703515515e-05,4.000256812536205e-10,-0.008093402274381073
7.375,5090.617921983326,-1.6166110594458406e-06,3.896394929664378e-05,3.896394929664378e-05,3.989540094011124e-10,-0.008083055297229204
7.3875,5090.440551693045,-1.6134467982643283e-06,3.8813517378931394e-05,3.8813517378931394e-05,3.978844351772345e-10,-0.008067233991321641
7.4,5090.2005024193795,-1.609164352781772e-06,3.866783264748588e-05,3.866783264748588e-05,3.968176998404573e-10,-0.00804582176390886
7.4125000000000005,5089.896465139982,-1.6037403702228553e-06,3.8527050314834546e-05,3.8527050314834546e-05,3.9575456013010057e-10,-0.008018701851114276
7.425000000000001,5089.527137318161,-1.5971516135153658e-06,3.839130410555677e-05,3.839130410555677e-05,3.9469578818963205e-10,-0.007985758067576829
7.4375,5089.091231594758,-1.589375116351177e-06,3.826070637668852e-05,3.826070637668852e-05,3.936421713871748e-10,-0.007946875581755886
7.45,5088.587484743486,-1.5803883429502577e-06,3.813534835684857e-05,3.813534835684857e-05,3.925945120301045e-10,-0.007901941714751289
7.4625,5088.014666862986,-1.5701693520442605e-06,3.8015300498228854e-05,3.8015300498228854e-05,3.9155362697094033e-10,-0.007850846760221302
7.4750000000000005,5087.371590775097,-1.558696964541124e-06,3.790061293487478e-05,3.790061293487478e-05,3.9052034710208855e-10,-0.0077934848227056205
7.487500000000001,5086.657121596251,-1.5459509342761584e-06,3.779131604006035e-05,3.779131604006035e-05,3.8949551673739323e-10,-0.007729754671380791
7.5,5085.870186445264,-1.5319121211991467e-06,3.768742107503998e-05,3.768742107503998e-05,3.8847999287887907e-10,-0.007659560605995734
7.5125,5085.0097842482055,-1.5165626662913536e-06,3.758892092103644e-05,3.758892092103644e-05,3.8747464436753943e-10,-0.007582813331456768
7.525,5084.074995597614,-1.499886167451936e-06,3.749579088600251e-05,3.749579088600251e-05,3.864803509175271e-10,-0.0074994308372596805
7.5375000000000005,5083.064992620384,-1.4818678555405662e-06,3.74079895774712e-05,3.74079895774712e-05,3.8549800203364416e-10,-0.007409339277702831
7.550000000000001,5081.979048806106,-1.4624947697128938e-06,3.7325459832684265e-05,3.7325459832684265e-05,3.8452849581259993e-10,-0.007312473848564469
7.5625,5080.816548744622,-1.441755931138463e-06,3.724812969715735e-05,3.724812969715735e-05,3.835727376291087e-10,-0.007208779655692315
7.575,5079.576997719685,-1.4196425141475944e-06,3.717591344289752e-05,3.717591344289752e-05,3.8263163870853265e-10,-0.007098212570737972
7.5875,5078.260031102575,-1.3961480138153423e-06,3.710871261763068e-05,3.710871261763068e-05,3.817061145884305e-10,-0.006980740069076711
7.6000000000000005,5076.865423488802,-1.3712684089574588e-06,3.704641711661508e-05,3.704641711661508e-05,3.8079708347205483e-10,-0.006856342044787294
7.612500000000001,5075.393097518618,-1.3450023194863103e-06,3.698890626890613e-05,3.698890626890613e-05,3.799054644775357e-10,-0.006725011597431552
7.625,5073.843132321129,-1.3173511570543868e-06,3.693604993029012e-05,3.693604993029012e-05,3.790321757872009e-10,-0.006586755785271934
7.6375,5072.2157715214735,-1.288319267900082e-06,3.688770957551123e-05,3.688770957551123e-05,3.7817813270220206e-10,-0.0064415963395004095
7.65,5070.511430749717,-1.2579140668055252e-06,3.684373938286978e-05,3.684373938286978e-05,3.773442456083382e-10,-0.006289570334027626
7.6625000000000005,5068.7307045906155,-1.2261461610797884e-06,3.680398730476192e-05,3.680398730476192e-05,3.765314178596894e-10,-0.006130730805398942
7.675000000000001,5066.87437291411,-1.193029463493382e-06,3.676829611825293e-05,3.676829611825293e-05,3.757405435873849e-10,-0.00596514731746691
7.6875,5064.943406527452,-1.1585812931119274e-06,3.673650445032016e-05,3.673650445032016e-05,3.7497250544152677e-10,-0.005792906465559637
7.7,5062.938972091834,-1.1228224630085929e-06,3.670844777295985e-05,3.670844777295985e-05,3.742281722749687e-10,-0.005614112315042964
7.7125,5060.862436248778,-1.085777353876499e-06,3.6683959363915764e-05,3.6683959363915764e-05,3.735083967782954e-10,-0.005428886769382495
7.7250000000000005,5058.715368903985,-1.04747397261405e-06,3.6662871229351536e-05,3.6662871229351536e-05,3.7281401307596557e-10,-0.005237369863070249
7.737500000000001,5056.499545620513,-1.0079439950179168e-06,3.6645014985344135e-05,3.6645014985344135e-05,3.72145834294153e-10,-0.005039719975089584
7.75,5054.216949076596,-9.672227917902064e-07,3.663022269561827e-05,3.663022269561827e-05,3.7150465011134703e-10,-0.004836113958951032
7.7625,5051.869769548162,-9.253494371479281e-07,3.6618327663465094e-05,3.6618327663465094e-05,3.70891224303246e-10,-0.00462674718573964
7.775,5049.460404381523,-8.823666994138643e-07,3.660916517628769e-05,3.660916517628769e-05,3.703062922938878e-10,-0.004411833497069322
7.7875000000000005,5046.9914564266655,-8.383210130680149e-07,3.660257320168794e-05,3.660257320168794e-05,3.697505587253082e-10,-0.004191605065340075
7.800000000000001,5044.4657314083215,-7.932624318471779e-07,3.659839303444916e-05,3.659839303444916e-05,3.692246950582898e-10,-0.00396631215923589
7.8125,5041.886234218035,-7.472445625964125e-07,3.659646989417526e-05,3.659646989417526e-05,3.687293372169616e-10,-0.0037362228129820627
7.825,5039.256164117622,-7.003244796991564e-07,3.6596653473717256e-05,3.6596653473717256e-05,3.6826508329012455e-10,-0.003501622398495782
7.8375,5036.5789088514675,-6.525626200418677e-07,3.659879843885037e-05,3.659879843885037e-05,3.6783249130220535e-10,-0.0032628131002093385
7.8500000000000005,5033.8580376728,-6.040226586030023e-07,3.660276487995897e-05,3.660276487995897e-05,3.674320770666849e-10,-0.0030201132930150116
7.862500000000001,5031.09729329657,-5.547713648940421e-07,3.66084187167424e-05,3.66084187167424e-05,3.67064312134693e-10,-0.0027738568244702103
7.875,5028.300582799685,-5.048784406207123e-07,3.6615632057172084e-05,3.6615632057172084e-05,3.667296218512201e-10,-0.002524392203103561
7.8875,5025.471967497094,-4.5441633907438635e-07,3.662428351210996e-05,3.662428351210996e-05,3.664283835310562e-10,-0.002272081695371932
7.9,5022.615651830439,-4.03460066905477e-07,3.6634258467142764e-05,3.6634258467142764e-05,3.661609247661373e-10,-0.002017300334527385
7.9125000000000005,5019.735971313337,-3.520869690711416e-07,3.664544931329545e-05,3.664544931329545e-05,3.6592752187545204e-10,-0.001760434845355708
7.925000000000001,5016.837379585832,-3.0037649788728866e-07,3.6657755638364446e-05,3.6657755638364446e-05,3.657283985080472e-10,-0.0015018824894364434
7.9375,5013.924434637397,-2.484099672484101e-07,3.6671084380657574e-05,3.6671084380657574e-05,3.6556372440896376e-10,-0.0012420498362420505
7.95,5011.001784265209,-1.9627029320668967e-07,3.668534994694683e-05,3.668534994694683e-05,3.654336143571463e-10,-0.0009813514660334483
7.9625,5008.074150841509,-1.4404172222274432e-07,3.67004742964334e-05,3.67004742964334e-05,3.653381272834987e-10,-0.0007202086111137215
7.9750000000000005,5005.146315469719,-9.180954851296412e-08,3.6716386992495685e-05,3.6716386992495685e-05,3.652772655763132e-10,-0.0004590477425648206
7.987500000000001,5002.223101614993,-3.9659822021397735e-08,3.673302522394304e-05,3.673302522394304e-05,3.6525097458028944e-10,-0.00019829911010698866
8.0,4999.309358300087,1.2320951363706524e-08,3.6750333797432104e-05,3.6750333797432104e-05,3.652591422942831e-10,6.160475681853262e-05
8.012500000000001,4996.4099429618445,6.404611564839259e-08,3.676826510262429e-05,3.676826510262429e-05,3.65301599271799e-10,0.00032023057824196295
8.025,4993.529704067255,1.1542917485886452e-07,3.678677905157218e-05,3.678677905157218e-05,3.653781187270704e-10,0.0005771458742943226
8.0375,4990.673463591441,1.6638410563364833e-07,3.68058429937242e-05,3.68058429937242e-05,3.6548841684835965e-10,0.0008319205281682417
8.05,4987.845999461454,2.168256704219345e-07,3.682543160783228e-05,3.682543160783228e-05,3.6563215331888216e-10,0.0010841283521096725
8.0625,4985.052028071839,2.6666972940423987e-07,3.684552677193945e-05,3.684552677193945e-05,3.6580893204450617e-10,0.0013333486470211995
8.075000000000001,4982.296186977875,3.1583354924320137e-07,3.686611741251516e-05,3.686611741251516e-05,3.660183020861275e-10,0.0015791677462160068
8.0875,4979.58301787201,3.642361067798566e-07,3.6887199333698644e-05,3.6887199333698644e-05,3.662597587933685e-10,0.001821180533899283
8.1,4976.916949948182,4.117983858142126e-07,3.69087750275059e-05,3.69087750275059e-05,3.665327451350162e-10,0.0020589919290710627
8.1125,4974.302283755657,4.584436651480798e-07,3.693085346575609e-05,3.693085346575609e-05,3.6683665322040827e-10,0.002292218325740399
8.125,4971.743175641968,5.040977961229865e-07,3.6953449874380624e-05,3.6953449874380624e-05,3.6717082600480177e-10,0.002520488980614932
8.137500000000001,4969.243622879625,5.486894679557463e-07,3.697658549069302e-05,3.697658549069302e-05,3.675345591706366e-10,0.0027434473397787316
8.15,4966.807449567408,5.921504592586775e-07,3.700028730412244e-05,3.700028730412244e-05,3.679271031755346e-10,0.0029607522962933875
8.1625,4964.438293390962,6.344158742294675e-07,3.702458778084898e-05,3.702458778084898e-05,3.6834766545687213e-10,0.003172079371147337
8.175,4962.1395933212025,6.754243621064854e-07,3.704952457272541e-05,3.704952457272541e-05,3.687954127818322e-10,0.003377121810532427
8.1875,4959.914578323028,7.151183186079565e-07,3.707514021082898e-05,3.707514021082898e-05,3.692694737309932e-10,0.0035755915930397826
8.200000000000001,4957.76625713793,7.534440682063631e-07,3.710148178395856e-05,3.710148178395856e-05,3.6976894130274964e-10,0.0037672203410318156
8.2125,4955.697409197431,7.903520262317167e-07,3.712860060237755e-05,3.712860060237755e-05,3.7029287562519304e-10,0.0039517601311585835
8.225,4953.710576715207,8.257968399473744e-07,3.715655184710116e-05,3.715655184710116e-05,3.708403067615142e-10,0.0041289841997368725
8.2375,4951.808057997125,8.597375078983332e-07,3.71853942050392e-05,3.71853942050392e-05,3.7141023759452233e-10,0.004298687539491666
8.25,4949.991901999346,8.921374769929817e-07,3.721518949033069e-05,3.721518949033069e-05,3.7200164677552147e-10,0.0044606873849649085
8.262500000000001,4948.263904155649,9.22964716943477e-07,3.724600225224613e-05,3.724600225224613e-05,3.7261349172253394e-10,0.004614823584717385
8.275,4946.625603485643,9.521917718555597e-07,3.727789937008499e-05,3.727789937008499e-05,3.732447116527237e-10,0.004760958859277798
8.2875,4945.07828098618,9.797957889242348e-07,3.7310949635560895e-05,3.7310949635560895e-05,3.7389423063384215e-10,0.004898978944621174
8.3,4943.6229592994505,1.0057585243556148e-06,3.734522332324328e-05,3.734522332324328e-05,3.7456096063959966e-10,0.005028792621778074
8.3125,4942.260403641881,1.030066326795864e-06,3.73807917497127e-05,3.73807917497127e-05,3.752438045940521e-10,0.00515033163397932
8.325000000000001,4940.991123969316,1.052710098704049e-06,3.74177268221843e-05,3.74177268221843e-05,3.759416593903807e-10,0.005263550493520245
8.3375,4939.815378345716,1.0736852362553675e-06,3.7456100577462464e-05,3.7456100577462464e-05,3.7665341886983323e-10,0.005368426181276837
8.35,4938.733177474399,1.0929915485034336e-06,3.749598471220473e-05,3.749598471220473e-05,3.773779767470767e-10,0.005464957742517168
8.3625,4937.744290343773,1.1106331566637039e-06,3.753745010559625e-05,3.753745010559625e-05,3.7811422946878376e-10,0.005553165783318519
8.375,4936.848250931786,1.1266183745036732e-06,3.7580566335664755e-05,3.7580566335664755e-05,3.7886107899292836e-10,0.005633091872518366
8.387500000000001,4936.04436590819,1.140959570938292e-06,3.7625401190598666e-05,3.7625401190598666e-05,3.7961743547699414e-10,0.005704797854691459
8.4,4935.331723266828,1.1536730160300862e-06,3.767202017656676e-05,3.767202017656676e-05,3.803822198640943e-10,0.005768365080150431
8.4125,4934.709201815983,1.1647787116822592e-06,3.772048602367476e-05,3.772048602367476e-05,3.8115436635685577e-10,0.0058238935584112965
8.425,4934.175481450341,1.1743002083889292e-06,3.77708581918304e-05,3.77708581918304e-05,3.8193282476982507e-10,0.005871501041944646
8.4375,4933.729054124496,1.1822644094693211e-06,3.782319237842268e-05,3.782319237842268e-05,3.827165627520981e-10,0.005911322047346606
8.450000000000001,4933.368235445331,1.1887013642618738e-06,3.7877540029851346e-05,3.7877540029851346e-05,3.835045678728562e-10,0.005943506821309369
8.4625,4933.091176798385,1.1936440517899039e-06,3.793394785906627e-05,3.793394785906627e-05,3.8429584956349087e-10,0.00596822025894952
8.475,4932.895877922458,1.1971281564326708e-06,3.7992457371393476e-05,3.7992457371393476e-05,3.8508944091101857e-10,0.005985640782163354
8.4875,4932.780199845984,1.19919183714472e-06,3.805310440103082e-05,3.805310440103082e-05,3.858844002985079e-10,0.0059959591857236
8.5,4932.74187809849,1.1998754917624585e-06,3.8115918660692016e-05,3.8115918660692016e-05,3.8667981288926235e-10,0.005999377458812292
8.512500000000001,4932.778536112306,1.199221517920825e-06,3.818092330695945e-05,3.818092330695945e-05,3.874747919525123e-10,0.005996107589604126
8.525,4932.887698730418,1.197274072074952e-06,3.824813452397314e-05,3.824813452397314e-05,3.882684800293589e-10,0.00598637036037476
8.5375,4933.066805738948,1.1940788280827979e-06,3.831756112813333e-05,3.831756112813333e-05,3.890600499386795e-10,0.00597039414041399
8.55,4933.313225345314,1.1896827367556123e-06,3.838920419652534e-05,3.838920419652534e-05,3.898487056236362e-10,0.005948413683778062
8.5625,4933.624267526703,1.184133787724666e-06,3.8463056721787275e-05,3.8463056721787275e-05,3.9063368284032267e-10,0.00592066893862333
8.575000000000001,4933.997197176699,1.1774807749058878e-06,3.8539103296130857e-05,3.8539103296130857e-05,3.914142496909346e-10,0.00588740387452944
8.5875,4934.429246982649,1.1697730667699211e-06,3.861731982719313e-05,3.861731982719313e-05,3.9218970700464936e-10,0.005848865333849606
8.6,4934.917629970487,1.1610603825446801e-06,3.8697673288340905e-05,3.8697673288340905e-05,3.929593885701472e-10,0.005805301912723401
8.6125,4935.459551658585,1.1513925753917997e-06,3.878012150596824e-05,3.878012150596824e-05,3.937226612243979e-10,0.0057569628769589985
8.625,4936.052221767384,1.140819423508488e-06,3.886461298622206e-05,3.886461298622206e-05,3.9447892480296556e-10,0.00570409711754244
8.637500000000001,4936.692865436658,1.1293904300133437e-06,3.895108678345856e-05,3.895108678345856e-05,3.9522761195765583e-10,0.005646952150066719
8.65,4937.378733907553,1.1171546323795913e-06,3.903947241257622e-05,3.903947241257622e-05,3.9596818784783355e-10,0.0055857731618979565
8.6625,4938.107114632156,1.1041604220830947e-06,3.912968980718804e-05,3.912968980718804e-05,3.96700149712183e-10,0.005520802110415474
8.675,4938.8753407783515,1.0904553750362244e-06,3.922164932538714e-05,3.922164932538714e-05,3.974230263280606e-10,0.005452276875181122
8.6875,4939.680800103423,1.0760860932832245e-06,3.9315251804627515e-05,3.9315251804627515e-05,3.9813637736590536e-10,0.005380430466416123
8.700000000000001,4940.520943175141,1.0610980583389797e-06,3.9410388666984946e-05,3.9410388666984946e-05,3.98839792646426e-10,0.005305490291694899
8.7125,4941.393290923743,1.045535496461675e-06,3.950694207578489e-05,3.950694207578489e-05,3.9953289130847536e-10,0.0052276774823083755
8.725,4942.2954415136655,1.0294412560616936e-06,3.960478514428479e-05,3.960478514428479e-05,4.0021532089565765e-10,0.005147206280308468
8.7375,4943.225076528442,1.012856697364663e-06,3.9703782196780074e-05,3.9703782196780074e-05,4.0088675636979214e-10,0.0050642834868233145
8.75,4944.179966466549,9.958215943664597e-07,3.9803789082168935e-05,3.9803789082168935e-05,4.0154689905938136e-10,0.004979107971832299
8.762500000000001,4945.157975550252,9.78374049042682e-07,3.990465353966186e-05,3.990465353966186e-05,4.0219547555120795e-10,0.00489187024521341
8.775,4946.1570658537585,9.605504177049834e-07,4.000621561596172e-05,4.000621561596172e-05,4.0283223653311177e-10,0.004802752088524917
8.7875,4947.175300759936,9.423852493319298e-07,4.0108308132871685e-05,4.0108308132871685e-05,4.0345695559588623e-10,0.004711926246659649
8.8,4948.210847758967,9.239112356431254e-07,4.021075720391368e-05,4.021075720391368e-05,4.040694280020778e-10,0.004619556178215627
8.8125,4949.261980604431,9.051591726320592e-07,4.031338279816419e-05,4.031338279816419e-05,4.046694694292853e-10,0.004525795863160296
8.825000000000001,4950.327080846117,8.861579332259423e-07,4.0415999349139023e-05,4.0415999349139023e-05,4.0525691469533497e-10,0.004430789666129711
8.8375,4951.404638759444,8.66934450699141e-07,4.051841640618895e-05,4.051841640618895e-05,4.058316164724602e-10,0.004334672253495705
8.85,4952.4932536955685,8.47513712431317e-07,4.0620439325506564e-05,4.0620439325506564e-05,4.0639344399734343e-10,0.004237568562156585
8.8625,4953.591633875947,8.279187635711584e-07,4.0721869997495674e-05,4.0721869997495674e-05,4.0694228178358665e-10,0.004139593817855792
8.875,4954.6985956577055,8.081707201420087e-07,4.082250760692143e-05,4.082250760692143e-05,4.0747802834286993e-10,0.004040853600710044
8.887500000000001,4955.813062296886,7.882887911062469e-07,4.092214942194572e-05,4.092214942194572e-05,4.080005949207367e-10,0.003941443955531234
8.9,4956.934062237222,7.682903088906777e-07,4.102059160786181e-05,4.102059160786181e-05,4.0850990425261467e-10,0.0038414515444533887
8.9125,4958.060726953453,7.481907678652829e-07,4.111763006107821e-05,4.111763006107821e-05,4.090058893453447e-10,0.0037409538393264143
8.925,4959.192288377247,7.280038702618505e-07,4.121306125866706e-05,4.121306125866706e-05,4.094884922891499e-10,0.0036400193513092525
8.9375,4960.328075935094,7.077415790171635e-07,4.130668311859075e-05,4.130668311859075e-05,4.0995766310463494e-10,0.0035387078950858174
8.950000000000001,4961.467513227024,6.874141770269899e-07,4.1398295865553464e-05,4.1398295865553464e-05,4.1041335862906576e-10,0.0034370708851349497
8.9625,4962.610114374208,6.670303323017279e-07,4.148770289729568e-05,4.148770289729568e-05,4.108555414458417e-10,0.0033351516615086397
8.975,4963.755480064027,6.465971685218978e-07,4.1574711646060174e-05,4.1574711646060174e-05,4.112841788607397e-10,0.0032329858426094894
8.9875,4964.903293320172,6.261203405012703e-07,4.1659134429910104e-05,4.1659134429910104e-05,4.11699241928184e-10,0.0031306017025063515
9.0,4966.053315024301,6.056041140768297e-07,4.174078928857413e-05,4.174078928857413e-05,4.121007045304761e-10,0.0030280205703841485
9.012500000000001,4967.205379216139,5.850514499578043e-07,4.1819500798531795e-05,4.1819500798531795e-05,4.124885425126088e-10,0.0029252572497890216
9.025,4968.359388196672,5.644640910800085e-07,4.189510086213356e-05,4.189510086213356e-05,4.128627328749891e-10,0.002822320455400043
9.0375,4969.5153074598775,5.438426530267418e-07,4.196742946567569e-05,4.196742946567569e-05,4.132232530261019e-10,0.002719213265133709
9.05,4970.673160475917,5.231867170927354e-07,4.203633540151819e-05,4.203633540151819e-05,4.1357008009686724e-10,0.002615933585463677
9.0625,4971.833023349406,5.024949255832791e-07,4.21016769495446e-05,4.21016769495446e-05,4.13903190318172e-10,0.0025124746279163957
9.075000000000001,4972.995019374007,4.817650789559896e-07,4.216332251351367e-05,4.216332251351367e-05,4.1422255846279885e-10,0.002408825394779948
9.0875,4974.159313505233,4.609942344278722e-07,4.222115120814228e-05,4.222115120814228e-05,4.145281573527225e-10,0.0023049711721393608
9.1,4975.326106771231,4.401788056848083e-07,4.22750533930855e-05,4.22750533930855e-05,4.148199574325047e-10,0.0022008940284240414
9.1125,4976.49563064143,4.1931466334443614e-07,4.232493115033867e-05,4.232493115033867e-05,4.150979264092876e-10,0.0020965733167221806
9.125,4977.668141371787,3.983972358363318e-07,4.2370698701976805e-05,4.2370698701976805e-05,4.1536202895966187e-10,0.001991986179181659
9.137500000000001,4978.843914344821,3.7742161037530835e-07,4.24122827655632e-05,4.24122827655632e-05,4.1561222650347067e-10,0.0018871080518765417
9.15,4980.0232384219025,3.563826337145049e-07,4.244962284499917e-05,4.244962284499917e-05,4.15848477044405e-10,0.0017819131685725244
9.1625,4981.206410325043,3.352750123746465e-07,4.248267145504558e-05,4.248267145504558e-05,4.1607073507704175e-10,0.0016763750618732326
9.175,4982.393729064504,3.14093412054366e-07,4.251139427822114e-05,4.251139427822114e-05,4.162789515597821e-10,0.00157046706027183
9.1875,4983.585490428489,2.928325559338423e-07,4.2535770253265865e-05,4.2535770253265865e-05,4.1647307395295675e-10,0.0014641627796692115
9.200000000000001,4984.781981550577,2.7148732159020655e-07,4.255579159484854e-05,4.255579159484854e-05,4.1665304632117796e-10,0.0013574366079510327
9.2125,4985.983475570493,2.500528362482886e-07,4.2571463744687883e-05,4.2571463744687883e-05,4.168188094988337e-10,0.0012502641812414431
9.225,4987.190226403604,2.285245700943849e-07,4.2582805254744903e-05,4.2582805254744903e-05,4.169703013174413e-10,0.0011426228504719245
9.2375,4988.402463633758,2.068984273838602e-07,4.258984760362358e-05,4.258984760362358e-05,4.171074568933975e-10,0.0010344921369193011
9.25,4989.620387545115,1.8517083507580796e-07,4.2592634947784585e-05,4.2592634947784585e-05,4.1723020897448507e-10,0.0009258541753790398
9.262500000000001,4990.844164307167,1.633388287296689e-07,4.2591223809627053e-05,4.2591223809627053e-05,4.1733848834332176e-10,0.0008166941436483445
9.275,4992.07392132816,1.4140013539987679e-07,4.258568270492368e-05,4.258568270492368e-05,4.174322242757611e-10,0.0007070006769993839
9.2875,4993.309742791587,1.1935325326545564e-07,4.257609171249939e-05,4.257609171249939e-05,4.1751134505208046e-10,0.0005967662663272782
9.3,4994.551665390183,9.719752773206837e-08,4.2562541989421154e-05,4.2562541989421154e-05,4.175757785186185e-10,0.00048598763866034185
9.3125,4995.799674272694,7.49332237447243e-08,4.2545135235312335e-05,4.2545135235312335e-05,4.176254526973492e-10,0.0003746661187236215
9.325000000000001,4997.053699217331,5.256159405010851e-08,4.25239831097164e-05,4.25239831097164e-05,4.176602964407081e-10,0.00026280797025054255
9.3375,4998.313611047032,3.008494314873904e-08,4.249920660671049e-05,4.249920660671049e-05,4.1768024012881315e-10,0.00015042471574369518
9.35,4999.579218300786,7.506686678937798e-09,4.2470935391205124e-05,4.2470935391205124e-05,4.176852164060521e-10,3.753343339468899e-05
9.3625,5000.850264175166,-1.5168594022901476e-08,4.243930710156371e-05,4.243930710156371e-05,4.1767516095383835e-10,-7.584297011450739e-05
9.375,5002.126423750662,-3.793510243767371e-08,4.240446662332973e-05,4.240446662332973e-05,4.1765001329617086e-10,-0.00018967551218836856
9.387500000000001,5003.40730151614,-6.078578270191864e-08,4.236656533896376e-05,4.236656533896376e-05,4.176097176344694e-10,-0.00030392891350959324
9.4,5004.692429205293,-8.37122810105153e-08,4.232576035856313e-05,4.232576035856313e-05,4.1755422370799643e-10,-0.00041856140505257646
9.4125,5005.98126395817,-1.0670491281760325e-07,4.228221373656684e-05,4.228221373656684e-05,4.1748348767602214e-10,-0.0005335245640880163
9.425,5007.273186820221,-1.297526360605528e-07,4.2236091679436687e-05,4.2236091679436687e-05,4.173974730177391e-10,-0.000648763180302764
9.4375,5008.567501590996,-1.5284303062089256e-07,4.2187563749253864e-05,4.2187563749253864e-05,4.17296151445793e-10,-0.0007642151531044628
9.450000000000001,5009.863434033778,-1.7596228422332574e-07,4.2136802068080454e-05,4.2136802068080454e-05,4.1717950382916107e-10,-0.0008798114211166286
9.4625,5011.160131456368,-1.9909518495919877e-07,4.2083980527808196e-05,4.2083980527808196e-05,4.1704752112098647e-10,-0.000995475924795994
9.475,5012.456662673006,-2.2222512060382168e-07,4.2029274010056256e-05,4.2029274010056256e-05,4.169002052868656e-10,-0.0011111256030191083
9.4875,5013.752018355186,-2.453340848780855e-07,4.19728576204865e-05,4.19728576204865e-05,4.167375702289842e-10,-0.0012266704243904275
9.5,5015.045111779245,-2.68402690783502e-07,4.191490594168293e-05,4.191490594168293e-05,4.1655964270141384e-10,-0.0013420134539175099
9.512500000000001,5016.334779976184,-2.914101911163551e-07,4.185559230849369e-05,4.185559230849369e-05,4.163664632118089e-10,-0.0014570509555817755
9.525,5017.619785288605,-3.1433450624099265e-07,4.1795088109463304e-05,4.1795088109463304e-05,4.1615808690469274e-10,-0.0015716725312049633
9.5375,5018.898817337214,-3.37152259174481e-07,4.1733562117691703e-05,4.1733562117691703e-05,4.1593458442148527e-10,-0.0016857612958724052
9.55,5020.170495398662,-3.5983881800489805e-07,4.1671179854150475e-05,4.1671179854150475e-05,4.1569604273241146e-10,-0.0017991940900244903
9.5625,5021.433371193707,-3.823683456336625e-07,4.160810298616639e-05,4.160810298616639e-05,4.154425659354346e-10,-0.0019118417281683126
9.575000000000001,5022.685932083717,-4.0471385679845385e-07,4.154448876345418e-05,4.154448876345418e-05,4.151742760173886e-10,-0.002023569283992269
9.5875,5023.926604670628,-4.268472822978221e-07,4.148048949374524e-05,4.148048949374524e-05,4.14891313572535e-10,-0.0021342364114891104
9.600000000000001,5025.153758794203,-4.487395403014695e-07,4.141625205972197e-05,4.141625205972197e-05,4.145938384738472e-10,-0.0022436977015073477
9.6125,5026.36571191786,-4.703606145917831e-07,4.135191747863074e-05,4.135191747863074e-05,4.142820304924276e-10,-0.0023518030729589154
9.625,5027.560733892062,-4.916796395427223e-07,4.128762050561393e-05,4.128762050561393e-05,4.139560898605913e-10,-0.0024583981977136116
9.637500000000001,5028.73705208225,-5.126649916017601e-07,4.122348928147491e-05,4.122348928147491e-05,4.136162377743052e-10,-0.0025633249580088004
9.65,5029.892856845936,-5.332843869996577e-07,4.115964502527353e-05,4.115964502527353e-05,4.1326271683085357e-10,-0.002666421934998289
9.662500000000001,5031.026307341046,-5.535049853716506e-07,4.109620177184467e-05,4.109620177184467e-05,4.1289579139781276e-10,-0.002767524926858253
9.675,5032.13553764574,-5.732934989324593e-07,4.103326615404126e-05,4.103326615404126e-05,4.1251574790965155e-10,-0.0028664674946622965
9.6875,5033.218663167003,-5.926163068068014e-07,4.097093722922885e-05,4.097093722922885e-05,4.121228950885408e-10,-0.0029630815340340073
9.700000000000001,5034.273787313915,-6.114395740770068e-07,4.090930634930125e-05,4.090930634930125e-05,4.1171756408624487e-10,-0.003057197870385034
9.7125,5035.299008408276,-6.297293750704829e-07,4.084845707324909e-05,4.084845707324909e-05,4.113001085442842e-10,-0.0031486468753524144
9.725000000000001,5036.292426804325,-6.474518203722199e-07,4.078846512109497e-05,4.078846512109497e-05,4.1087090456989974e-10,-0.0032372591018610996
9.7375,5037.252152186234,-6.645731870119839e-07,4.072939836781266e-05,4.072939836781266e-05,4.1043035062571447e-10,-0.0033228659350599196
9.75,5038.1763110108595,-6.810600512423552e-07,4.067131687567214e-05,4.067131687567214e-05,4.0997886733137503e-10,-0.003405300256211776
9.762500000000001,5039.063054061374,-6.96879423292927e-07,4.0614272963299656e-05,4.0614272963299656e-05,4.095168971758627e-10,-0.003484397116464635
9.775,5039.910564075395,-7.119988834580626e-07,4.055831130961009e-05,4.055831130961009e-05,4.090449041395904e-10,-0.003559994417290313
9.787500000000001,5040.717063410844,-7.263867188508643e-07,4.050346909066015e-05,4.050346909066015e-05,4.0856337322584356e-10,-0.0036319335942543215
9.8,5041.480821710202,-7.400120601350052e-07,4.0449776147382074e-05,4.0449776147382074e-05,4.0807280990157985e-10,-0.003700060300675026
9.8125,5042.200163524136,-7.528450175288154e-07,4.0397255182090234e-05,4.0397255182090234e-05,4.0757373944807e-10,-0.0037642250876440773
9.825000000000001,5042.8734758540795,-7.64856815363005e-07,4.034592198160535e-05,4.034592198160535e-05,4.0706670622233883e-10,-0.003824284076815025
9.8375,5043.499215572856,-7.760199244648449e-07,4.029578566481183e-05,4.029578566481183e-05,4.0655227283084665e-10,-0.003880099622324225
9.850000000000001,5044.075916682587,-7.863081916376069e-07,4.0246848952452676e-05,4.0246848952452676e-05,4.0603101921733777e-10,-0.003931540958188034
9.8625,5044.602197368899,-7.956969655049711e-07,4.019910845697128e-05,4.019910845697128e-05,4.055035416672645e-10,-0.003978484827524856
9.875,5045.076766810457,-8.041632179959722e-07,4.015255499022975e-05,4.015255499022975e-05,4.049704517316779e-10,-0.004020816089979861
9.887500000000001,5045.498431704584,-8.116856607568743e-07,4.010717388696678e-05,4.010717388696678e-05,4.044323750739469e-10,-0.004058428303784371
9.9,5045.866102468999,-8.182448557925014e-07,4.0062945341904214e-05,4.0062945341904214e-05,4.0388995024313265e-10,-0.004091224278962507
9.912500000000001,5046.178799082496,-8.238233196606504e-07,4.001984475846727e-05,4.001984475846727e-05,4.0334382737829047e-10,-0.004119116598303252
9.925,5046.43565652749,-8.284056205695644e-07,3.997784310714919e-05,3.997784310714919e-05,4.0279466684840504e-10,-0.004142028102847822
9.9375,5046.635929800424,-8.319784677596758e-07,3.9936907291623516e-05,3.9936907291623516e-05,4.0224313783307313e-10,-0.004159892338798378
9.950000000000001,5046.77899845675,-8.345307925871211e-07,3.989700052078622e-05,3.989700052078622e-05,4.01689916849435e-10,-0.0041726539629356055
9.9625,5046.864370660536,-8.360538207673994e-07,3.9858082684993384e-05,3.9858082684993384e-05,4.011356862312148e-10,-0.004180269103836997
9.975000000000001,5046.891686710685,-8.365411352829799e-07,3.98201107348464e-05,3.98201107348464e-05,4.0058113256605844e-10,-0.0041827056764149
9.9875,5046.8607220187505,-8.359887295083069e-07,3.978303906096546e-05,3.978303906096546e-05,4.000269450976545e-10,-0.0041799436475415345
10.0,5046.771389516642,-8.343950501591485e-07,3.9746819873281233e-05,3.9746819873281233e-05,3.9947381409938323e-10,-0.004171975250795742
10.012500000000001,5046.623741474564,-8.317610297304092e-07,3.9711403578462844e-05,3.9711403578462844e-05,3.9892242922646223e-10,-0.004158805148652046
10.025,5046.417970714953,-8.280901081466077e-07,3.9676739154188375e-05,3.9676739154188375e-05,3.983734778537398e-10,-0.004140450540733039
10.037500000000001,5046.154411209294,-8.233882434123218e-07,3.964277451904815e-05,3.964277451904815e-05,3.978276434064278e-10,-0.004116941217061609
10.05,5045.833538050287,-8.176639111149828e-07,3.960945689695334e-05,3.960945689695334e-05,3.972856036911644e-10,-0.004088319555574914
10.0625,5045.455966794598,-8.109280926994025e-07,3.9576733175000334e-05,3.9576733175000334e-05,3.967480292348496e-10,-0.0040546404634970125
10.075000000000001,5045.022452175485,-8.031942525015784e-07,3.954455025381468e-05,3.954455025381468e-05,3.962155816387053e-10,-0.004015971262507892
10.0875,5044.533886188553,-7.944783035982406e-07,3.951285538946776e-05,3.951285538946776e-05,3.9568891195497413e-10,-0.0039723915179912025
10.100000000000001,5043.991295557565,-7.847985625976525e-07,3.948159652612273e-05,3.948159652612273e-05,3.9516865909358827e-10,-0.003923992812988263
10.1125,5043.395838591242,-7.741756935658598e-07,3.945072261862531e-05,3.945072261862531e-05,3.9465544826600993e-10,-0.003870878467829299
10.125,5042.748801445844,-7.626326413502854e-07,3.942018394430784e-05,3.942018394430784e-05,3.9414988947327274e-10,-0.0038131632067514272
10.137500000000001,5042.051593811669,-7.501945546288416e-07,3.938993240332361e-05,3.938993240332361e-05,3.936525760450347e-10,-0.003750972773144208
10.15,5041.305744045717,-7.368886990768985e-07,3.935992180687076e-05,3.935992180687076e-05,3.9316408323619375e-10,-0.0036844434953844925
10.162500000000001,5040.51289377584,-7.227443611061005e-07,3.933010815270348e-05,3.933010815270348e-05,3.9268496688731645e-10,-0.0036137218055305024
10.175,5039.674792005195,-7.077927426875992e-07,3.930044988736129e-05,3.930044988736129e-05,3.9221576215478926e-10,-0.0035389637134379958
10.1875,5038.793288748584,-6.92066847827343e-07,3.9270908154576295e-05,3.9270908154576295e-05,3.91756982316227e-10,-0.0034603342391367146
10.200000000000001,5037.870328235754,-6.756013613120628e-07,3.924144702934384e-05,3.924144702934384e-05,3.9130911765626203e-10,-0.003378006806560314
10.2125,5036.907941718579,-6.584325203913024e-07,3.9212033737163674e-05,3.9212033737163674e-05,3.9087263443739726e-10,-0.003292162601956512
10.225000000000001,5035.908239922011,-6.405979801027115e-07,3.91826388579782e-05,3.91826388579782e-05,3.904479739601363e-10,-0.0032029899005135572
10.2375,5034.873405180326,-6.221366729846246e-07,3.915323651435154e-05,3.915323651435154e-05,3.9003555171611233e-10,-0.0031106833649231233
10.25,5033.805683302208,-6.03088663951387e-07,3.912380454344854e-05,3.912380454344854e-05,3.896357566374216e-10,-0.0030154433197569354
10.262500000000001,5032.707375209937,-5.834950011326361e-07,3.909432465238783e-05,3.909432465238783e-05,3.892489504448379e-10,-0.0029174750056631805
10.275,5031.580828397701,-5.633975634979484e-07,3.906478255655733e-05,3.906478255655733e-05,3.8887546709703786e-10,-0.0028169878174897417
10.287500000000001,5030.428428257216,-5.428389061021999e-07,3.903516810049546e-05,3.903516810049546e-05,3.885156123424159e-10,-0.0027141945305109998
10.3,5029.252589316988,-5.218621037952663e-07,3.900547536095733e-05,3.900547536095733e-05,3.881696633745054e-10,-0.0026093105189763316
10.3125,5028.055746442729,-5.005105942418659e-07,3.897570273180284e-05,3.897570273180284e-05,3.8783786859146403e-10,-0.0025025529712093294
10.325000000000001,5026.840346046652,-4.788280210934576e-07,3.89458529903633e-05,3.89458529903633e-05,3.875204474595228e-10,-0.002394140105467288
10.3375,5025.608837351649,-4.568580781445759e-07,3.8915933344965885e-05,3.8915933344965885e-05,3.872175904797454e-10,-0.0022842903907228794
10.350000000000001,5024.363663756663,-4.346443552905308e-07,3.888595546332165e-05,3.888595546332165e-05,3.869294592569044e-10,-0.0021732217764526543
10.3625,5023.107254347546,-4.122301870825735e-07,3.885593548151222e-05,3.885593548151222e-05,3.86656186668752e-10,-0.0020611509354128677
10.375,5021.842015596557,-3.8965850465047613e-07,3.882589399334482e-05,3.882589399334482e-05,3.863978771334532e-10,-0.0019482925232523806
10.387500000000001,5020.570323292354,-3.669716917312404e-07,3.879585601988377e-05,3.879585601988377e-05,3.8615460697245947e-10,-0.0018348584586562022
10.4,5019.2945147392475,-3.4421144550693644e-07,3.876585095901062e-05,3.876585095901062e-05,3.8592642486563446e-10,-0.0017210572275346823
10.412500000000001,5018.016881263324,-3.21418642914489e-07,3.8735912514913615e-05,3.8735912514913615e-05,3.8571335239500514e-10,-0.0016070932145724449
10.425,5016.739661059912,-2.986332130462264e-07,3.8706078607461515e-05,3.8706078607461515e-05,3.8551538467309967e-10,-0.001493166065231132
10.4375,5015.4650324146205,-2.758940162124795e-07,3.86763912614763e-05,3.86763912614763e-05,3.8533249105145655e-10,-0.0013794700810623975
10.450000000000001,5014.1951073268565,-2.5323873018700937e-07,3.8646896475984113e-05,3.8646896475984113e-05,3.851646159045431e-10,-0.0012661936509350468
10.4625,5012.931925562182,-2.3070374410290884e-07,3.86176440735942e-05,3.86176440735942e-05,3.850116794840116e-10,-0.0011535187205145442
10.475000000000001,5011.677449156776,-2.0832406041139015e-07,3.8588687530230804e-05,3.8588687530230804e-05,3.8487357883794794e-10,-0.0010416203020569507
10.4875,5010.433557393685,-1.861332052590819e-07,3.856008378552328e-05,3.856008378552328e-05,3.847501887895329e-10,-0.0009306660262954096
10.5,5009.202042267672,-1.6416314758149412e-07,3.8531893034244495e-05,3.8531893034244495e-05,3.8464136296933685e-10,-0.0008208157379074706
10.512500000000001,5007.984604451958,-1.4244422715173727e-07,3.850417849927664e-05,3.850417849927664e-05,3.8454693489531194e-10,-0.0007122211357586864
10.525,5006.782849777228,-1.210050917647842e-07,3.847700618667609e-05,3.847700618667609e-05,3.84466719094426e-10,-0.0006050254588239209
10.537500000000001,5005.598286229447,-9.987264367913409e-08,3.845044462350475e-05,3.845044462350475e-05,3.844005122598005e-10,-0.0004993632183956704
10.55,5004.432321470178,-7.907199538004747e-08,3.842456457919374e-05,3.842456457919374e-05,3.8434809443717376e-10,-0.0003953599769002374
10.5625,5003.286260879817,-5.862643467194107e-08,3.839943877130485e-05,3.839943877130485e-05,3.84309230234505e-10,-0.0002931321733597054
10.575000000000001,5002.161306121268,-3.855739905256908e-08,3.837514155665656e-05,3.837514155665656e-05,3.8428367004856595e-10,-0.00019278699526284538
10.5875,5001.0585542180825,-1.8884459268646286e-08,3.835174860888274e-05,3.835174860888274e-05,3.842711513024335e-10,-9.442229634323143e-05
10.600000000000001,4999.978997138858,3.7468809820526756e-10,3.832933658359207e-05,3.832933658359207e-05,3.8427139968789766e-10,1.8734404910263378e-06
10.6125,4998.923521876751,1.9204219214385083e-08,3.830798277239587e-05,3.830798277239587e-05,3.842841304069294e-10,9.60210960719254e-05
10.625,4997.892911010198,3.7590172990572404e-08,3.8287764747168106e-05,3.8287764747168106e-05,3.843090494065178e-10,0.000187950864952862
10.637500000000001,4996.887843728813,5.55204327778385e-08,3.826875999599424e-05,3.826875999599424e-05,3.843458546013725e-10,0.0002776021638891925
10.65,4995.908897306642,7.298470008900238e-08,3.8251045552354454e-05,3.8251045552354454e-05,3.8439423707920605e-10,0.0003649235004450119
10.662500000000001,4994.956549001756,8.997446070581128e-08,3.8234697619169294e-05,3.8234697619169294e-05,3.844538822835486e-10,0.0004498723035290564
10.675,4994.031178361125,1.0648294356432069e-07,3.821979118941308e-05,3.821979118941308e-05,3.8452447116930643e-10,0.0005324147178216034
10.6875,4993.133069906324,1.2250507283872662e-07,3.8206399665069174e-05,3.8206399665069174e-05,3.8460568132655706e-10,0.0006125253641936331
10.700000000000001,4992.262416175936,1.3803741366821788e-07,3.8194594476262495e-05,3.8194594476262495e-05,3.846971880683654e-10,0.0006901870683410894
10.7125,4991.419321097918,1.5307811199179278e-07,3.8184444702456444e-05,3.8184444702456444e-05,3.84798665478716e-10,0.0007653905599589639
10.725000000000001,4990.603803665548,1.6762682897277243e-07,3.817601669764301e-05,3.817601669764301e-05,3.8490978741697423e-10,0.0008381341448638622
10.7375,4989.815801888616,1.8168467050766226e-07,3.8169373721486036e-05,3.8169373721486036e-05,3.850302284756182e-10,0.0009084233525383113
10.75,4989.055176992077,1.952541123234852e-07,3.816457557839687e-05,3.816457557839687e-05,3.851596648883168e-10,0.0009762705616174261
10.762500000000001,4988.321717833409,2.0833892117355716e-07,3.8161678266529065e-05,3.8161678266529065e-05,3.85297775385767e-10,0.0010416946058677858
10.775,4987.615145509836,2.209440726441969e-07,3.8160733638673155e-05,3.8160733638673155e-05,3.8544424199704487e-10,0.0011047203632209845
10.787500000000001,4986.93511812697,2.3307566608418922e-07,3.816178907701417e-05,3.816178907701417e-05,3.855987507945615e-10,0.0011653783304209461
10.8,4986.281235700046,2.44740837165067e-07,3.816488718368242e-05,3.816488718368242e-05,3.8576099258105465e-10,0.001223704185825335
10.8125,4985.653045160147,2.559476685737878e-07,3.817006548898224e-05,3.817006548898224e-05,3.8593066351737723e-10,0.001279738342868939
10.825000000000001,4985.050045437147,2.667050993300948e-07,3.817735617912379e-05,3.817735617912379e-05,3.8610746569017097e-10,0.0013335254966504741
10.8375,4984.471692593241,2.770228332093963e-07,3.818678584520967e-05,3.818678584520967e-05,3.862911076188327e-10,0.0013851141660469815
10.850000000000001,4983.917404979996,2.869112467380965e-07,3.819837525514087e-05,3.819837525514087e-05,3.8648130470148945e-10,0.0014345562336904826
10.8625,4983.38656839436,2.963812972127068e-07,3.8212139150006126e-05,3.8212139150006126e-05,3.866777795999982e-10,0.001481906486063534
10.875,4982.878541208929,3.0544443117660006e-07,3.82280860664053e-05,3.82280860664053e-05,3.868802625642738e-10,0.0015272221558830003
10.887500000000001,4982.392659453283,3.141124937693784e-07,3.824621818603111e-05,3.824621818603111e-05,3.8708849169652355e-10,0.0015705624688468918
10.9,4981.92824182424,3.22397639343693e-07,3.8266531213696155e-05,3.8266531213696155e-05,3.8730221315622836e-10,0.0016119881967184648
10.912500000000001,4981.484594604337,3.3031224372322837e-07,3.828901428484287e-05,3.828901428484287e-05,3.8752118130695866e-10,0.0016515612186161419
10.925,4981.061016468223,3.3786881845352393e-07,3.831364990341528e-05,3.831364990341528e-05,3.8774515880634614e-10,0.0016893440922676197
10.9375,4980.656803159261,3.450799273748602e-07,3.834041391080314e-05,3.834041391080314e-05,3.879739166407506e-10,0.001725399636874301
10.950000000000001,4980.271252018567,3.5195810582340834e-07,3.836927548639295e-05,3.836927548639295e-05,3.8820723410636435e-10,0.0017597905291170416
10.9625,4979.903666350951,3.5851578274373094e-07,3.8400197180077345e-05,3.8400197180077345e-05,3.884448987386836e-10,0.0017925789137186547
10.975000000000001,4979.553359613096,3.6476520597251513e-07,3.843313497688584e-05,3.843313497688584e-05,3.886867061924499e-10,0.0018238260298625757
10.9875,4979.219659410735,3.707183709303272e-07,3.846803839370745e-05,3.846803839370745e-05,3.889324600743205e-10,0.001853591854651636
11.0,4978.901911292598,3.7638695293532926e-07,3.8504850607880385e-05,3.8504850607880385e-05,3.8918197173066805e-10,0.0018819347646766463
11.012500000000001,4978.59948233093,3.8178224333051374e-07,3.8543508617227484e-05,3.8543508617227484e-05,3.8943505999303893e-10,0.0019089112166525686
11.025,4978.3117644785,3.869150895939565e-07,3.858394343092033e-05,3.858394343092033e-05,3.896915508839095e-10,0.0019345754479697824
11.037500000000001,4978.038177694047,3.917958395802418e-07,3.862608029036024e-05,3.862608029036024e-05,3.899512772854794e-10,0.001958979197901209
11.05,4977.778172829133,3.964342900204652e-07,3.8669838919074235e-05,3.8669838919074235e-05,3.902140785743247e-10,0.001982171450102326
11.0625,4977.531234270228,4.008396393881684e-07,3.8715133800437666e-05,3.8715133800437666e-05,3.9047980022480574e-10,0.002004198196940842
11.075000000000001,4977.29688233108,4.050204452192754e-07,3.8761874481856675e-05,3.8761874481856675e-05,3.907482933841811e-10,0.0020251022260963773
11.0875,4977.074675391525,4.089845859555871e-07,3.8809965903871745e-05,3.8809965903871745e-05,3.9101941442242795e-10,0.0020449229297779354
11.100000000000001,4976.864211779866,4.1273922736367913e-07,3.88593087524823e-05,3.88593087524823e-05,3.912930244598003e-10,0.002063696136818396
11.1125,4976.6651313969005,4.1629079356415067e-07,3.8909799832841055e-05,3.8909799832841055e-05,3.915689888751829e-10,0.0020814539678207533
11.125,4976.477117080122,4.196449426899619e-07,3.89613324623278e-05,3.89613324623278e-05,3.9184717679830795e-10,0.0020982247134498097
11.137500000000001,4976.299895708836,4.2280654717738816e-07,3.901379688088669e-05,3.901379688088669e-05,3.921274605889072e-10,0.002114032735886941
11.15,4976.133239049644,4.257796786783041e-07,3.906708067639949e-05,3.906708067639949e-05,3.9240971530586173e-10,0.0021288983933915205
11.162500000000001,4975.976964344576,4.285675975687452e-07,3.912106922277087e-05,3.912106922277087e-05,3.9269381816939706e-10,0.002142837987843726
11.175,4975.8309346437745,4.311727470153716e-07,3.9175646128321945e-05,3.9175646128321945e-05,3.9297964801934463e-10,0.002155863735076858
11.1875,4975.695058885418,4.3359675154882027e-07,3.9230693692024317e-05,3.9230693692024317e-05,3.9326708477245773e-10,0.0021679837577441015
11.200000000000001,4975.5692917265005,4.358404200808285e-07,3.928609336506069e-05,3.928609336506069e-05,3.9355600888172744e-10,0.0021792021004041423
11.2125,4975.45363312902,4.379037532905255e-07,3.9341726215169477e-05,3.9341726215169477e-05,3.9384630080059503e-10,0.0021895187664526276
11.225000000000001,4975.348127705617,4.3978595529403244e-07,3.939747339121976e-05,3.939747339121976e-05,3.9413784045490037e-10,0.002198929776470162
11.2375,4975.252863830881,4.41485449500938e-07,3.94532165854699e-05,3.94532165854699e-05,3.9443050672534157e-10,0.00220742724750469
11.25,4975.167972523821,4.429998985507403e-07,3.950883849098787e-05,3.950883849098787e-05,3.947241769431511e-10,0.002214999492753701
11.262500000000001,4975.093626108165,4.4432622821234945e-07,3.956422325175338e-05,3.956422325175338e-05,3.9501872640161485e-10,0.0022216311410617473
11.275,4975.0300366576275,4.454606551198777e-07,3.961925690302114e-05,3.961925690302114e-05,3.9531402788597773e-10,0.0022273032755993883
11.287500000000001,4974.977454233878,4.4639871820838983e-07,3.967382779960066e-05,3.967382779960066e-05,3.9560995122418846e-10,0.002231993591041949
11.3,4974.936164925128,4.471353137038243e-07,3.972782702979899e-05,3.972782702979899e-05,3.9590636286083966e-10,0.0022356765685191213
11.3125,4974.906488694356,4.476647335120434e-07,3.978114881287983e-05,3.978114881287983e-05,3.9620312545655634e-10,0.002238323667560217
11.325000000000001,4974.8887770459905,4.4798070684278665e-07,3.983369087801277e-05,3.983369087801277e-05,3.9650009751497755e-10,0.002239903534213933
11.3375,4974.883410521164,4.480764448953107e-07,3.9885354822819796e-05,3.9885354822819796e-05,3.9679713303936075e-10,0.0022403822244765536
11.350000000000001,4974.890796031511,4.4794468842351593e-07,3.993604644977142e-05,3.993604644977142e-05,3.9709408122071773e-10,0.00223972344211758
11.3625,4974.911364042108,4.4757775798955207e-07,3.998567607884049e-05,3.998567607884049e-05,3.97390786159264e-10,0.0022378887899477604
11.375,4974.945565615252,4.469676067061947e-07,4.0034158834986216e-05,4.0034158834986216e-05,3.976870866208321e-10,0.0022348380335309734
11.387500000000001,4974.993869326007,4.46105875259661e-07,4.008141490921371e-05,4.008141490921371e-05,3.9798281582976016e-10,0.002230529376298305
11.4,4975.0567580622965,4.449839489961562e-07,4.0127369792132364e-05,4.0127369792132364e-05,3.982778012996236e-10,0.002224919744980781
11.412500000000001,4975.134725721997,4.435930168472306e-07,4.0171954479120434e-05,4.0171954479120434e-05,3.9857186470302953e-10,0.002217965084236153
11.425,4975.228273819803,4.4192413186097985e-07,4.02151056463891e-05,4.02151056463891e-05,3.9886482178153784e-10,0.002209620659304899
11.4375,4975.337908017658,4.3996827309849127e-07,4.02567657974279e-05,4.02567657974279e-05,3.9915648229661427e-10,0.0021998413654924563
11.450000000000001,4975.464134592641,4.3771640864757694e-07,4.029688337950172e-05,4.029688337950172e-05,3.994466500223561e-10,0.0021885820432378847
11.4625,4975.607456856413,4.3515955949887914e-07,4.033541287005669e-05,4.033541287005669e-05,3.997351227805622e-10,0.0021757977974943958
11.475000000000001,4975.768371540977,4.3228886402298474e-07,4.0372314833076946e-05,4.0372314833076946e-05,4.0002169251854536e-10,0.0021614443201149235
11.4875,4975.947365165721,4.2909564278127224e-07,4.040755594561423e-05,4.040755594561423e-05,4.003061454299093e-10,0.002145478213906361
11.5,4976.144910401215,4.2557146339798376e-07,4.044110899488789e-05,4.044110899488789e-05,4.005882621183295e-10,0.0021278573169899186
11.512500000000001,4976.3614624447455,4.2170820521634056e-07,4.047295284652061e-05,4.047295284652061e-05,4.0086781780419555e-10,0.002108541026081703
11.525,4976.597455424065,4.1749812345788075e-07,4.050307238463637e-05,4.050307238463637e-05,4.011445825737859e-10,0.0020874906172894036
11.537500000000001,4976.853298844716,4.129339126011879e-07,4.0531458424698676e-05,4.0531458424698676e-05,4.014183216704567e-10,0.0020646695630059395
11.55,4977.12937409716,4.080087686942884e-07,4.055810760010943e-05,4.055810760010943e-05,4.016887958271386e-10,0.002040043843471442
11.5625,4977.4260310396485,4.02716450314064e-07,4.0583022223720356e-05,4.0583022223720356e-05,4.01955761639244e-10,0.00201358225157032
11.575000000000001,4977.743584673237,3.9705133788627117e-07,4.060621012552928e-05,4.060621012552928e-05,4.022189719768989e-10,0.0019852566894313557
11.5875,4978.082311924386,3.9100849108111726e-07,4.0627684467942315e-05,4.0627684467942315e-05,4.024781764352223e-10,0.0019550424554055862
11.600000000000001,4978.44244855149,3.8458370400202887e-07,4.0647463540078885e-05,4.0647463540078885e-05,4.0273312182119136e-10,0.0019229185200101443
11.6125,4978.824186190567,3.7777355788922875e-07,4.0665570532680755e-05,4.0665570532680755e-05,4.029835526754443e-10,0.0018888677894461437
11.625,4979.2276695556375,3.705754710651052e-07,4.0682033295256595e-05,4.0682033295256595e-05,4.032292118271926e-10,0.001852877355325526
11.637500000000001,4979.65299380855,3.629877458551227e-07,4.069688407715182e-05,4.069688407715182e-05,4.0346984098023804e-10,0.0018149387292756135
11.65,4980.1002021129325,3.550096122263396e-07,4.071015925427859e-05,4.071015925427859e-05,4.0370518132791773e-10,0.001775048061131698
11.662500000000001,4980.569283385945,3.466412678952839e-07,4.072189904327278e-05,4.072189904327278e-05,4.039349741946376e-10,0.0017332063394764194
11.675,4981.060170261221,3.3788391466825e-07,4.073214720486505e-05,4.073214720486505e-05,4.0415896170149615e-10,0.0016894195733412499
11.6875,4981.572737275641,3.2873979078985727e-07,4.074095073826032e-05,4.074095073826032e-05,4.0437688745335244e-10,0.0016436989539492864
11.700000000000001,4982.106799291554,3.1921219908999513e-07,4.0748359568316294e-05,4.0748359568316294e-05,4.0458849724455305e-10,0.0015960609954499755
11.7125,4982.662110165401,3.0930553073507144e-07,4.0754426227295906e-05,4.0754426227295906e-05,4.0479353978040423e-10,0.0015465276536753571
11.725000000000001,4983.23836167271,2.990252844067571e-07,4.07592055329434e-05,4.07592055329434e-05,4.049917674113576e-10,0.0014951264220337856
11.7375,4983.835182698224,2.8837808075004494e-07,4.076275426459711e-05,4.076275426459711e-05,4.051829368767738e-10,0.0014418904037502246
11.75,4984.4521386988135,2.773716719524609e-07,4.076513083900768e-05,4.076513083900768e-05,4.053668100550363e-10,0.0013868583597623045
11.762500000000001,4985.08873144617,2.660149463376261e-07,4.076639498747666e-05,4.076639498747666e-05,4.055431547167103e-10,0.0013300747316881305
11.775,4985.744399054009,2.543179278787602e-07,4.076660743586924e-05,4.076660743586924e-05,4.057117452773794e-10,0.0012715896393938012
11.787500000000001,4986.418516294002,2.4229177056135726e-07,4.0765829588987214e-05,4.0765829588987214e-05,4.058723635467447e-10,0.0012114588528067862
11.8,4987.11039520319,2.299487475488187e-07,4.076412322071406e-05,4.076412322071406e-05,4.06024799470542e-10,0.0011497437377440934
11.8125,4987.819285983708,2.173022351302144e-07,4.076155017126525e-05,4.076155017126525e-05,4.0616885186181786e-10,0.001086511175651072
11.825000000000001,4988.544378194772,2.0436669145548422e-07,4.075817205279333e-05,4.075817205279333e-05,4.0630432911810867e-10,0.0010218334572774212
11.8375,4989.284802235118,1.9115763009008204e-07,4.075404996451094e-05,4.075404996451094e-05,4.064310499210889e-10,0.0009557881504504102
11.850000000000001,4990.039631112358,1.7769158844814813e-07,4.074924421840511e-05,4.074924421840511e-05,4.0654884391529343e-10,0.0008884579422407407
11.8625,4990.807882494776,1.6398609119065588e-07,4.0743814076525564e-05,4.0743814076525564e-05,4.066575523625758e-10,0.0008199304559532793
11.875,4991.588521038761,1.5005960870235502e-07,4.073781750073692e-05,4.073781750073692e-05,4.067570287690405e-10,0.0007502980435117751
11.887500000000001,4992.380460984378,1.3593151078867373e-07,4.073131091573263e-05,4.073131091573263e-05,4.0684713948128013e-10,0.0006796575539433687
11.9,4993.182569009368,1.21622015760706e-07,4.072434898601582e-05,4.072434898601582e-05,4.0692776424886074e-10,0.00060811007880353
11.912500000000001,4993.993667330691,1.0715213510292973e-07,4.0716984407461174e-05,4.0716984407461174e-05,4.0699879675012625e-10,0.0005357606755146486
11.925,4994.812537041451,9.254361394417976e-08,4.070926771398191e-05,4.070926771398191e-05,4.070601450785407e-10,0.0004627180697208988
11.9375,4995.637921669197,7.781886757734384e-08,4.070124709973828e-05,4.070124709973828e-05,4.071117321869484e-10,0.0003890943378867192
11.950000000000001,4996.468530940642,6.300091429722242e-08,4.069296825723869e-05,4.069296825723869e-05,4.071534962873114e-10,0.0003150045714861121
11.9625,4997.303044736416,4.811330484870117e-08,4.068447423160199e-05,4.068447423160199e-05,4.0718539120367746e-10,0.00024056652424350587
11.975000000000001,4998.140117218283,3.318004879869731e-08,4.067580529117028e-05,4.067580529117028e-05,4.07207386676339e-10,0.00016590024399348654
11.9875,4998.978381109888,1.8225538165031885e-08,4.06669988145858e-05,4.06669988145858e-05,4.0721946861536457e-10,9.112769082515943e-05
12.0,4999.816452111965,3.2744686534940686e-09,4.065808919437338e-05,4.065808919437338e-05,4.072216393019174e-10,1.637234326747034e-05
