t_adimensional,p_outlet_Pa,q_outlet_m3s,w_centro_m,w_max_m,volume_acumulado_m3,potencia_W
0.0,4904.735858645411,6.961147754315014e-07,2.3919006801290434e-08,2.3919006801290454e-08,4.6146326080478e-13,0.0034805738771575066
0.0125,4813.406837810033,1.363474811699226e-06,7.128177321980203e-08,7.128177321980211e-08,1.3653279033012554e-12,0.00681737405849613
0.025,4726.173387535766,2.000907667173084e-06,1.4163361832575815e-07,1.4163361832575826e-07,2.6917548220383587e-12,0.01000453833586542
0.037500000000000006,4642.976260417558,2.608846274891405e-06,2.3454011283514766e-07,2.3454011283514785e-07,4.421191908334274e-12,0.013044231374457026
0.05,4563.679999589796,3.1882804461746222e-06,3.4958639324202557e-07,3.4958639324202583e-07,6.534743211910412e-12,0.015941402230873113
0.0625,4488.138729587125,3.740276123207315e-06,4.8637642599852e-07,4.863764259985203e-07,9.014219409001059e-12,0.018701380616036576
0.07500000000000001,4416.215880085654,4.2658312535783775e-06,6.445323179920032e-07,6.445323179920036e-07,1.1842092727878666e-11,0.021329156267891888
0.08750000000000001,4347.785173282684,4.765868575298178e-06,8.236936780767999e-07,8.236936780768003e-07,1.500144709147605e-11,0.02382934287649089
0.1,4282.727457461608,5.24125875459434e-06,1.0235170141548858e-06,1.0235170141548862e-06,1.847594359834513e-11,0.026206293772971703
0.1125,4220.928399529226,5.692837247014261e-06,1.243675154508356e-06,1.2436751545083565e-06,2.2249797181053073e-11,0.028464186235071305
0.125,4162.277570790826,6.121410977860722e-06,1.4838566888949698e-06,1.4838566888949705e-06,2.6307757693123472e-11,0.030607054889303608
0.1375,4106.668264835779,6.527759672936138e-06,1.7437654284939785e-06,1.7437654284939791e-06,3.063509187814462e-11,0.03263879836468069
0.15000000000000002,4053.997497233128,6.912635860767996e-06,2.0231198846772167e-06,2.023119884677217e-06,3.521756534035308e-11,0.03456317930383998
0.1625,4004.165965509191,7.276765165061378e-06,2.3216527663867804e-06,2.3216527663867808e-06,4.004142470908771e-11,0.03638382582530689
0.17500000000000002,3957.0779446079096,7.620847068590328e-06,2.639110495586251e-06,2.6391104955862513e-06,4.5093380309636944e-11,0.03810423534295164
0.1875,3912.6411514774177,7.945555902692577e-06,2.975252740102524e-06,2.9752527401025247e-06,5.03605894900345e-11,0.03972777951346289
0.2,3870.766606681338,8.25154185850549e-06,3.329851963161659e-06,3.32985196316166e-06,5.583064061821626e-11,0.04125770929252745
0.21250000000000002,3831.368503657383,8.53943194231936e-06,3.702692988960311e-06,3.7026929889603114e-06,6.149153771249285e-11,0.042697159711596794
0.225,3794.3640862946404,8.809830870145399e-06,4.093572583655704e-06,4.093572583655704e-06,6.733168566504259e-11,0.044049154350726996
0.23750000000000002,3759.6735331144364,9.063321914029355e-06,4.502299051190088e-06,4.502299051190088e-06,7.333987602643645e-11,0.04531660957014677
0.25,3727.2198470495996,9.300467707459797e-06,4.928691843393635e-06,4.928691843393635e-06,7.950527332407832e-11,0.04650233853729898
0.2625,3696.9287505965967,9.521811011511004e-06,5.372581183836637e-06,5.372581183836637e-06,8.581740188853098e-11,0.04760905505755502
0.275,3668.728586185543,9.727875442860308e-06,5.833807704927966e-06,5.833807704927966e-06,9.226613316245405e-11,0.04863937721430154
0.28750000000000003,3642.55022130858,9.919166167034543e-06,6.312222097780575e-06,6.312222097780575e-06,9.884167346910371e-11,0.049595830835172716
0.30000000000000004,3618.3269577226015,1.0096170561884736e-05,6.807684774385266e-06,6.807684774385266e-06,1.055345522206581e-10,0.05048085280942368
0.3125,3595.994444061882,1.0259358856144969e-05,7.32006554165105e-06,7.32006554165105e-06,1.1233561054985158e-10,0.051296794280724846
0.325,3575.490591388142,1.0409184746522432e-05,7.849243286885106e-06,7.849243286885106e-06,1.1923599035068557e-10,0.05204592373261216
0.3375,3556.7554914325997,1.0546085995122692e-05,8.395105674298496e-06,8.395105674298496e-06,1.2622712371518032e-10,0.05273042997561346
0.35000000000000003,3539.731337441828,1.0670485007843955e-05,8.957548852135824e-06,8.957548852135824e-06,1.3330072275355144e-10,0.053352425039219775
0.36250000000000004,3524.3623476107186,1.078278939386766e-05,9.53647717003753e-06,9.53647717003753e-06,1.4044876978527975e-10,0.0539139469693383
0.375,3510.594691085041,1.0883392506374903e-05,1.013180290625077e-05,1.013180290625077e-05,1.4766350788862902e-10,0.054416962531874516
0.3875,3498.376416481534,1.0972673964863748e-05,1.074344600430557e-05,1.074344600430557e-05,1.5493743179641423e-10,0.05486336982431874
0.4,3487.657382837968,1.105100015971062e-05,1.137133381876074e-05,1.137133381876074e-05,1.6226327912625018e-10,0.0552550007985531
0.41250000000000003,3478.3891928831194,1.1118724739782064e-05,1.2015400869587178e-05,1.2015400869587178e-05,1.696340219340438e-10,0.05559362369891032
0.42500000000000004,3470.5251285128675,1.1176189083923125e-05,1.2675588604674654e-05,1.2675588604674654e-05,1.7704285858004233e-10,0.05588094541961562
0.4375,3464.020088373844,1.1223722757046692e-05,1.3351845169785592e-05,1.3351845169785592e-05,1.8448320589722872e-10,0.05611861378523346
0.45,3458.8305274789273,1.1261643951376356e-05,1.4044125184977113e-05,1.4044125184977113e-05,1.919486916522225e-10,0.05630821975688178
0.4625,3454.9143988037185,1.1290259913212321e-05,1.4752389525973323e-05,1.4752389525973323e-05,1.9943314728908912e-10,0.056451299566061604
0.47500000000000003,3452.231096833561,1.1309867355443674e-05,1.547660510804269e-05,1.547660510804269e-05,2.0693060094660904e-10,0.05654933677721837
0.48750000000000004,3450.741403042367,1.1320752855950036e-05,1.621674466839134e-05,1.621674466839134e-05,2.144352707396521e-10,0.05660376427975018
0.5,3450.407433282764,1.1323193242027386e-05,1.6972786540589108e-05,1.6972786540589108e-05,2.2194155829539265e-10,0.056615966210136925
0.5125000000000001,3451.19258706411,1.1317455961026789e-05,1.7744714410634432e-05,1.7744714410634432e-05,2.2944404253522593e-10,0.05658727980513394
0.525,3453.061498678442,1.1303799437489189e-05,1.85325170383117e-05,1.85325170383117e-05,2.369374736934334e-10,0.05651899718744595
0.5375,3455.9799901196634,1.1282473417170017e-05,1.9336187918698546e-05,1.9336187918698546e-05,2.444167675639064e-10,0.05641236708585008
0.55,3459.915025729653,1.1253719298453391e-05,2.0155724846074258e-05,2.0155724846074258e-05,2.518769999665686e-10,0.056268596492266953
0.5625,3464.8346684893,1.121777045174015e-05,2.0991129324969292e-05,2.0991129324969292e-05,2.593134014255244e-10,0.05608885225870075
0.5750000000000001,3470.708037868408,1.1174852527447942e-05,2.1842405749558323e-05,2.1842405749558323e-05,2.6672135205138507e-10,0.05587426263723971
0.5875,3477.5052691442615,1.1125183753280837e-05,2.270956024204668e-05,2.270956024204668e-05,2.7409637662065816e-10,0.05562591876640419
0.6000000000000001,3485.197474100058,1.1068975221410821e-05,2.3592599002518994e-05,2.3592599002518994e-05,2.814341398455133e-10,0.0553448761070541
0.6125,3493.756703022844,1.1006431166168955e-05,2.449152597699161e-05,2.449152597699161e-05,2.88730441827633e-10,0.055032155830844774
0.625,3503.1559079271956,1.093774923277598e-05,2.5406339598293226e-05,2.5406339598293226e-05,2.959812136902085e-10,0.0546887461638799
0.6375000000000001,3513.368906944254,1.0863120737560875e-05,2.633702829853167e-05,2.633702829853167e-05,3.031825133824374e-10,0.05431560368780437
0.65,3524.370349825409,1.0782730920030655e-05,2.7283564436778813e-05,2.7283564436778813e-05,3.10330521651122e-10,0.05391365460015327
0.6625000000000001,3536.135684522624,1.0696759187076237e-05,2.8245896237812973e-05,2.8245896237812973e-05,3.1742153817415427e-10,0.05348379593538119
0.675,3548.6411248144314,1.0605379349535784e-05,2.9223937306020137e-05,2.9223937306020137e-05,3.2445197785082226e-10,0.053026896747678916
0.6875,3561.863618953195,1.0508759851294451e-05,3.0217553273430484e-05,3.0217553273430484e-05,3.3141836724398904e-10,0.052543799256472255
0.7000000000000001,3575.780819312255,1.0407063991080381e-05,3.122654517404777e-05,3.122654517404777e-05,3.3831734116930336e-10,0.05203531995540191
0.7125,3590.371053010061,1.0300450137119524e-05,3.225062921979132e-05,3.225062921979132e-05,3.4514563942670754e-10,0.05150225068559762
0.7250000000000001,3605.613293486791,1.018907193483178e-05,3.32894127965868e-05,3.32894127965868e-05,3.519001036696298e-10,0.0509453596741589
0.7375,3621.4871330039105,1.0073078507781337e-05,3.434236670897294e-05,3.434236670897294e-05,3.5857767440738915e-10,0.050365392538906685
0.75,3637.972756033513,9.952614652127337e-06,3.5408793979049354e-05,3.5408793979049354e-05,3.65175388136504e-10,0.049763073260636684
0.7625000000000001,3655.0509134993176,9.82782102484984e-06,3.648779584424996e-05,3.648779584424996e-05,3.716903745967781e-10,0.0491391051242492
0.775,3672.7028978292033,9.698834326045735e-06,3.7578235983041286e-05,3.7578235983041286e-05,3.781198541482329e-10,0.04849417163022868
0.7875000000000001,3690.9105187779624,9.565787475596594e-06,3.867870440359721e-05,3.867870440359721e-05,3.844611352651551e-10,0.04782893737798297
0.8,3709.6560799800054,9.428809784505492e-06,3.97874828244152e-05,3.97874828244152e-05,3.9071161214372564e-10,0.04714404892252746
0.8125,3728.922356192244,9.28802712118435e-06,4.0902513717526034e-05,4.0902513717526034e-05,3.9686876241988256e-10,0.04644013560592175
0.8250000000000001,3748.6925711931435,9.143562072951523e-06,4.2021375430720694e-05,4.2021375430720694e-05,4.029301449942427e-10,0.04571781036475762
0.8375,3768.950376305103,8.995534102974744e-06,4.314126591235956e-05,4.314126591235956e-05,4.08893397961063e-10,0.044977670514873724
0.8500000000000001,3789.6798295106414,8.84405970287171e-06,4.425899749431999e-05,4.425899749431999e-05,4.147562366383623e-10,0.044220298514358554
0.8625,3810.865375136435,8.68925254116267e-06,4.5371004920514256e-05,4.5371004920514256e-05,4.205164516964547e-10,0.04344626270581335
0.875,3832.491824080335,8.531223607757922e-06,4.647336833152587e-05,4.647336833152587e-05,4.2617190738226506e-10,0.04265611803878961
0.8875000000000001,3854.544334555922,8.370081354658481e-06,4.7561852241361725e-05,4.7561852241361725e-05,4.31720539836917e-10,0.04185040677329241
0.9,3877.0083933314518,8.205931833049625e-06,4.86319607023522e-05,4.86319607023522e-05,4.3716035550420194e-10,0.041029659165248124
0.9125000000000001,3899.869797436498,8.038878826972019e-06,4.967900790123175e-05,4.967900790123175e-05,4.4248942962766024e-10,0.0401943941348601
0.925,3923.1146363113035,7.869023983761854e-06,5.069820243232357e-05,5.069820243232357e-05,4.4770590483413297e-10,0.03934511991880927
0.9375,3946.729274370897,7.696466941457185e-06,5.168474253206593e-05,5.168474253206593e-05,4.528079898017728e-10,0.038482334707285924
0.9500000000000001,3970.7003339574158,7.521305453370853e-06,5.2633918715320144e-05,5.2633918715320144e-05,4.577939580106358e-10,0.03760652726685426
0.9625,3995.0146786519995,7.343635510029967e-06,5.3541219604828376e-05,5.3541219604828376e-05,4.6266214657410876e-10,0.03671817755014983
0.9750000000000001,4019.659396921312,7.163551458678081e-06,5.44024363536758e-05,5.44024363536758e-05,4.674109551495557e-10,0.0358177572933904
0.9875,4044.6217860710517,6.981146120529259e-06,5.5213760968354466e-05,5.5213760968354466e-05,4.720388449266936e-10,0.0349057306026463
1.0,4069.889336482221,6.796510905954988e-06,5.597187406265145e-05,5.597187406265145e-05,4.765443376923271e-10,0.033982554529774944
1.0125,4095.449716107237,6.609735927776974e-06,5.6674018097565465e-05,5.6674018097565465e-05,4.809260149701866e-10,0.03304867963888487
1.0250000000000001,4121.290755201726,6.4209101128325775e-06,5.7318052950173206e-05,5.7318052950173206e-05,4.85182517234724e-10,0.032104550564162886
1.0375,4147.400431271,6.230121311976918e-06,5.790249164217605e-05,5.790249164217605e-05,4.893125431978306e-10,0.031150606559884587
1.05,4173.766854207024,6.037456408686745e-06,5.8426515167636854e-05,5.8426515167636854e-05,4.933148491675499e-10,0.030187282043433725
1.0625,4200.378251594194,5.843001426437064e-06,5.888996650175337e-05,5.888996650175337e-05,4.971882484779714e-10,0.02921500713218532
1.075,4227.222954157707,5.646841635031157e-06,5.929332496149086e-05,5.929332496149086e-05,5.009316109896124e-10,0.028234208175155782
1.0875000000000001,4254.289381328923,5.449061656078121e-06,5.9637663046435266e-05,5.9637663046435266e-05,5.045438626597215e-10,0.027245308280390606
1.1,4281.566026898591,5.249745567827886e-06,5.992458865201431e-05,5.992458865201431e-05,5.080239851820794e-10,0.02624872783913943
1.1125,4309.041444726773,5.048977009591176e-06,6.0156176075536555e-05,6.0156176075536555e-05,5.113710156960203e-10,0.02524488504795588
1.125,4336.704234476071,4.8468392859900545e-06,6.0334889509471656e-05,6.0334889509471656e-05,5.145840465645624e-10,0.024234196429950273
1.1375,4364.5430273320035,4.643415471303261e-06,6.046350273981481e-05,6.046350273981481e-05,5.176622252217109e-10,0.023217077356516305
1.1500000000000001,4392.546471671174,4.4387885141887175e-06,6.0545018564086755e-05,6.0545018564086755e-05,5.206047540891819e-10,0.02219394257094359
1.1625,4420.703218637423,4.233041343084795e-06,6.058259105310219e-05,6.058259105310219e-05,5.234108905629991e-10,0.021165206715423976
1.175,4449.001907580524,4.026256972611304e-06,6.057945325298998e-05,6.057945325298998e-05,5.260799470706238e-10,0.020131284863056518
1.1875,4477.431151311441,3.81851861131317e-06,6.0538852313504965e-05,6.0538852313504965e-05,5.286112911995112e-10,0.01909259305656585
1.2000000000000002,4505.979521123177,3.609909771114548e-06,6.0463993388930794e-05,6.0463993388930794e-05,5.310043458982237e-10,0.01804954885557274
1.2125000000000001,4534.635531523681,3.4005143788806853e-06,6.0357993036804904e-05,6.0357993036804904e-05,5.332585897515008e-10,0.017002571894403427
1.225,4563.387624620614,3.190416890519771e-06,6.022384227636067e-05,6.022384227636067e-05,5.353735573309683e-10,0.015952084452598853
1.2375,4592.224154094152,2.9797024080996194e-06,6.006437899117454e-05,6.006437899117454e-05,5.373488396234856e-10,0.014898512040498097
1.25,4621.1333686844655,2.7684568005041606e-06,5.988226898575738e-05,5.988226898575738e-05,5.391840845394779e-10,0.013842284002520803
1.2625000000000002,4650.103395115756,2.5567668282147624e-06,5.967999473962581e-05,5.967999473962581e-05,5.408789975039875e-10,0.012783834141073811
1.2750000000000001,4679.122220365421,2.344720272871108e-06,5.94598507412897e-05,5.94598507412897e-05,5.424333421336119e-10,0.01172360136435554
1.2875,4708.17767317878,2.1324060723472222e-06,5.9223944217957184e-05,5.9223944217957184e-05,5.438469410029871e-10,0.010662030361736111
1.3,4737.257404715784,1.919914462170654e-06,5.8974200089102284e-05,5.8974200089102284e-05,5.451196765050174e-10,0.009599572310853271
1.3125,4766.348868201755,1.7073371242169422e-06,5.8712369045360124e-05,5.8712369045360124e-05,5.462514918096786e-10,0.008536685621084712
1.3250000000000002,4795.439297439684,1.4947673437278083e-06,5.8440037770041126e-05,5.8440037770041126e-05,5.472423919269093e-10,0.007473836718639042
1.3375000000000001,4824.5156840216905,1.2823001758287403e-06,5.815864046158178e-05,5.815864046158178e-05,5.480924448798892e-10,0.006411500879143702
1.35,4853.564753061309,1.0700326228590956e-06,5.786947096648045e-05,5.786947096648045e-05,5.488017829958716e-10,0.005350163114295478
1.3625,4882.572937246698,8.580638239722603e-07,5.757369498167696e-05,5.757369498167696e-05,5.493706043227044e-10,0.004290319119861301
1.375,4911.526348994416,6.46495258610415e-07,5.727236192409846e-05,5.727236192409846e-05,5.497991741802372e-10,0.003232476293052075
1.3875000000000002,4940.410750466169,4.354309656021781e-07,5.6966416187465245e-05,5.6966416187465245e-05,5.500878268569709e-10,0.0021771548280108905
1.4000000000000001,4969.211521189613,2.2497777976126942e-07,5.6656707609400295e-05,5.6656707609400295e-05,5.50236967463551e-10,0.0011248888988063472
1.4125,4997.913623013266,1.5245587969536722e-08,5.634400105460192e-05,5.634400105460192e-05,5.502470739560227e-10,7.62279398476836e-05
1.425,5026.5015621147195,-1.936523932092622e-07,5.6028985083156715e-05,5.6028985083156715e-05,5.501186993431184e-10,-0.000968261966046311
1.4375,5054.959347781901,-4.0159931633637044e-07,5.5712279718935946e-05,5.5712279718935946e-05,5.498524740932109e-10,-0.002007996581681852
1.4500000000000002,5083.270447698653,-6.084743763600926e-07,5.539444336400339e-05,5.539444336400339e-05,5.494491087578648e-10,-0.0030423718818004633
1.4625000000000001,5111.417739492261,-8.141524565628118e-07,5.507597892386933e-05,5.507597892386933e-05,5.489093968300943e-10,-0.004070762282814059
1.475,5139.383458346694,-1.0185037457610799e-06,5.475733921800236e-05,5.475733921800236e-05,5.482342178563835e-10,-0.0050925187288054
1.4875,5167.149140556274,-1.2213933258407263e-06,5.4438931752751346e-05,5.4438931752751346e-05,5.474245408221354e-10,-0.006106966629203631
1.5,5194.69556299304,-1.4226807294317063e-06,5.412112293186818e-05,5.412112293186818e-05,5.464814278303436e-10,-0.0071134036471585315
1.5125000000000002,5222.002678592909,-1.6222194684916819e-06,5.380424177488604e-05,5.380424177488604e-05,5.454060380927718e-10,-0.00811109734245841
1.5250000000000001,5249.049548134485,-1.8198565358016484e-06,5.3488583207029064e-05,5.3488583207029064e-05,5.44199632251598e-10,-0.009099282679008242
1.5375,5275.814268794512,-2.0154318829036584e-06,5.317441097707625e-05,5.317441097707625e-05,5.42863577047141e-10,-0.010077159414518292
1.55,5302.27390021281,-2.2087778798433046e-06,5.286196025234133e-05,5.286196025234133e-05,5.413993503437297e-10,-0.011043889399216522
1.5625,5328.404389093811,-2.399718764217319e-06,5.255143993308019e-05,5.255143993308019e-05,5.39808546520806e-10,-0.011998593821086595
1.5750000000000002,5354.180493703049,-2.5880700894534443e-06,5.224303472243511e-05,5.224303472243511e-05,5.380928822297698e-10,-0.012940350447267221
1.5875000000000001,5379.575709983672,-2.7736381849289656e-06,5.19369069825724e-05,5.19369069825724e-05,5.362542025087187e-10,-0.013868190924644828
1.6,5404.562201411541,-2.9562196434070294e-06,5.1633198402983006e-05,5.1633198402983006e-05,5.342944872369719e-10,-0.014781098217035146
1.6125,5429.110735115216,-3.1356008542523608e-06,5.133203150295212e-05,5.133203150295212e-05,5.322158578990317e-10,-0.015678004271261804
1.625,5453.190627195521,-3.311557603870913e-06,5.103351098689609e-05,5.103351098689609e-05,5.300205846134188e-10,-0.016557788019354567
1.6375000000000002,5476.769700569728,-3.483854767666804e-06,5.073772496853036e-05,5.073772496853036e-05,5.277110933657129e-10,-0.01741927383833402
1.6500000000000001,5499.814259014279,-3.652246120367609e-06,5.044474607758807e-05,5.044474607758807e-05,5.252899733673309e-10,-0.018261230601838045
1.6625,5522.289081366908,-3.816474293659829e-06,5.01546324609787e-05,5.01546324609787e-05,5.227599844423894e-10,-0.019082371468299143
1.675,5544.157440046107,-3.9762709115122385e-06,4.986742868879184e-05,4.986742868879184e-05,5.201240643248596e-10,-0.019881354557561192
1.6875,5565.381148124875,-4.131356934154474e-06,4.9583166574352954e-05,4.9583166574352954e-05,5.173853357276946e-10,-0.02065678467077237
1.7000000000000002,5585.9206391367,-4.281443241236087e-06,4.930186591657854e-05,4.930186591657854e-05,5.145471130253727e-10,-0.021407216206180437
1.7125000000000001,5605.735083566615,-4.426231483050385e-06,4.90235351721147e-05,4.90235351721147e-05,5.116129083721542e-10,-0.022131157415251925
1.725,5624.782545572758,-4.565415225731181e-06,4.8748172064142294e-05,4.8748172064142294e-05,5.085864370611728e-10,-0.022827076128655904
1.7375,5643.020182881302,-4.698681411925996e-06,4.847576413426496e-05,4.847576413426496e-05,5.054716219152278e-10,-0.02349340705962998
1.75,5660.404491993737,-4.825712152578358e-06,4.820628924353766e-05,4.820628924353766e-05,5.022725964897817e-10,-0.024128560762891788
1.7625000000000002,5676.891599846634,-4.9461868581431e-06,4.793971602842271e-05,4.793971602842271e-05,4.989937068631484e-10,-0.0247309342907155
1.7750000000000001,5692.437601878615,-5.059784708913651e-06,4.767600431725669e-05,4.767600431725669e-05,4.956395117890701e-10,-0.025298923544568253
1.7875,5706.99894512041,-5.166187454339666e-06,4.7415105512659386e-05,4.7415105512659386e-05,4.922147809935909e-10,-0.025830937271698332
1.8,5720.532853458408,-5.265082520515433e-06,4.715696294519675e-05,4.715696294519675e-05,4.887244914119379e-10,-0.026325412602577165
1.8125,5732.997790681215,-5.3561663937575295e-06,4.690151220351096e-05,4.690151220351096e-05,4.851738211823854e-10,-0.02678083196878765
1.8250000000000002,5744.353955355161,-5.439148236761204e-06,4.6648681446036675e-05,4.6648681446036675e-05,4.815681412429235e-10,-0.02719574118380602
1.8375000000000001,5754.563800048045,-5.513753682677566e-06,4.639839169932192e-05,4.639839169932192e-05,4.779130044127857e-10,-0.02756876841338783
1.85,5763.592566000597,-5.579728742066668e-06,4.615055714785353e-05,4.615055714785353e-05,4.742141318840075e-10,-0.027898643710333338
1.8625,5771.40882309299,-5.636843748544836e-06,4.5905085420140994e-05,4.5905085420140994e-05,4.704773970973652e-10,-0.02818421874272418
1.875,5777.985003940213,-5.6848972615306345e-06,4.5661877875631545e-05,4.5661877875631545e-05,4.667088070311367e-10,-0.028424486307653173
1.8875000000000002,5783.297920230335,-5.723719839235253e-06,4.542082989680821e-05,4.542082989680821e-05,4.6291448098869746e-10,-0.028618599196176264
1.9000000000000001,5787.32924904472,-5.7531775923040165e-06,4.518183119055659e-05,4.518183119055659e-05,4.5910062703036433e-10,-0.028765887961520083
1.9125,5790.065976906531,-5.773175428571399e-06,4.494476610257546e-05,4.494476610257546e-05,4.552735162542496e-10,-0.028865877142857
1.925,5791.500789717152,-5.783659902406092e-06,4.470951394825146e-05,4.470951394825146e-05,4.5143945518824826e-10,-0.02891829951203046
1.9375,5791.632397561982,-5.784621588136638e-06,4.447594936302214e-05,4.447594936302214e-05,4.4760475660865187e-10,-0.02892310794068319
1.9500000000000002,5790.465784590018,-5.776096905969109e-06,4.424394267482086e-05,4.424394267482086e-05,4.4377570914833806e-10,-0.028880484529845544
1.9625000000000001,5788.012375756237,-5.758169340412317e-06,4.401336030073804e-05,4.401336030073804e-05,4.399585460972512e-10,-0.028790846702061588
1.975,5784.290114127035,-5.730970005160961e-06,4.378406516955603e-05,4.378406516955603e-05,4.361594138284143e-10,-0.028654850025804805
1.9875,5779.323444607412,-5.694677524189982e-06,4.355591717132939e-05,4.355591717132939e-05,4.3238434030276553e-10,-0.02847338762094991
2.0,5773.143202294258,-5.649517215927496e-06,4.3328773634700575e-05,4.3328773634700575e-05,4.2863920411481635e-10,-0.028247586079637482
2.0125,5765.786406094302,-5.595759585177881e-06,4.310248983217457e-05,4.310248983217457e-05,4.24929704538033e-10,-0.027978797925889407
2.025,5757.295960686846,-5.533718145302161e-06,4.287691951313725e-05,4.287691951313725e-05,4.212613330139222e-10,-0.027668590726510806
2.0375,5747.720272265837,-5.4637466103675e-06,4.265191546400308e-05,4.265191546400308e-05,4.1763934650247607e-10,-0.0273187330518375
2.0500000000000003,5737.112785677889,-5.3862355129167855e-06,4.242733009452836e-05,4.242733009452836e-05,4.1406874307474053e-10,-0.02693117756458393
2.0625,5725.531452500405,-5.301608317107219e-06,4.220301604903743e-05,4.220301604903743e-05,4.1055424008203286e-10,-0.026508041585536095
2.075,5713.038141216167,-5.2103171087325096e-06,4.197882684108801e-05,4.197882684108801e-05,4.071002551822981e-10,-0.026051585543662548
2.0875,5699.698001877548,-5.1128379526941605e-06,4.175461750995556e-05,4.175461750995556e-05,4.037108904440563e-10,-0.0255641897634708
2.1,5685.578798486341,-5.009666014562654e-06,4.153024529724791e-05,4.153024529724791e-05,4.003899196843278e-10,-0.02504833007281327
2.1125000000000003,5670.750222721099,-4.901310545841365e-06,4.1305570341975123e-05,4.1305570341975123e-05,3.9714077913089136e-10,-0.024506552729206824
2.125,5655.283202627011,-4.788289832419181e-06,4.108045639249161e-05,4.108045639249161e-05,3.9396656143327556e-10,-0.023941449162095906
2.1375,5639.249219459,-4.6711262026047595e-06,4.085477153389938e-05,4.085477153389938e-05,3.908700129829881e-10,-0.0233556310130238
2.15,5622.719645075821,-4.550341185323475e-06,4.062838892974544e-05,4.062838892974544e-05,3.8785353444343684e-10,-0.022751705926617377
2.1625,5605.765111158803,-4.426450900874295e-06,4.040118757715719e-05,4.040118757715719e-05,3.8491918433537665e-10,-0.022132254504371472
2.1750000000000003,5588.454920147373,-4.299961756508892e-06,4.017305307492803e-05,4.017305307492803e-05,3.8206868547581077e-10,-0.021499808782544462
2.1875,5570.856506189191,-4.171366507485616e-06,3.994387840448062e-05,3.994387840448062e-05,3.793034340280693e-10,-0.02085683253742808
2.2,5553.034952684751,-4.041140731666844e-06,3.971356472408436e-05,3.971356472408436e-05,3.766245108889217e-10,-0.020205703658334222
2.2125,5535.052571217437,-3.9097397526744375e-06,3.94820221771727e-05,3.94820221771727e-05,3.740326951153679e-10,-0.019548698763372188
2.225,5516.968544876685,-3.777596033577448e-06,3.924917071607824e-05,3.924917071607824e-05,3.715284790791873e-10,-0.01888798016788724
2.2375000000000003,5498.838637258433,-3.645117050501213e-06,3.901494094296179e-05,3.901494094296179e-05,3.6911208503109844e-10,-0.018225585252506064
2.25,5480.714966822134,-3.512683643802748e-06,3.8779274970135795e-05,3.8779274970135795e-05,3.6678348275794594e-10,-0.01756341821901374
2.2625,5462.645844831015,-3.3806488338705448e-06,3.8542127302351696e-05,3.8542127302351696e-05,3.645424080249082e-10,-0.016903244169352724
2.275,5444.675673848812,-3.2493370794168515e-06,3.830346574391137e-05,3.830346574391137e-05,3.6238838150939265e-10,-0.016246685397084258
2.2875,5426.84490271839,-3.119043948499041e-06,3.806327233365071e-05,3.806327233365071e-05,3.6032072795301527e-10,-0.015595219742495206
2.3000000000000003,5409.190033130269,-2.9900361665165748e-06,3.782154431090113e-05,3.782154431090113e-05,3.5833859528176193e-10,-0.014950180832582875
2.3125,5391.743672294376,-2.8625520010927664e-06,3.75782951154352e-05,3.75782951154352e-05,3.564409734710071e-10,-0.014312760005463832
2.325,5374.53462585317,-2.7368019410125674e-06,3.733355542411585e-05,3.733355542411585e-05,3.54626712960456e-10,-0.013684009705062837
2.3375,5357.588025005487,-2.6129696251410696e-06,3.708737422646496e-05,3.708737422646496e-05,3.5289454245329503e-10,-0.013064848125705348
2.35,5340.925481821499,-2.4912129773427836e-06,3.683981994061677e-05,3.683981994061677e-05,3.512430859629897e-10,-0.012456064886713919
2.3625000000000003,5324.565266902234,-2.371665504677658e-06,3.65909815700949e-05,3.65909815700949e-05,3.496708789994924e-10,-0.01185832752338829
2.375,5308.522503840892,-2.2544377183673427e-06,3.634096990052248e-05,3.634096990052248e-05,3.481763838134734e-10,-0.011272188591836714
2.3875,5292.809375348279,-2.1396186399976754e-06,3.608991873371934e-05,3.608991873371934e-05,3.467580036420714e-10,-0.010698093199988377
2.4000000000000004,5277.435336388429,-2.0272773589459654e-06,3.583798615464009e-05,3.583798615464009e-05,3.454140959222058e-10,-0.010136386794729828
2.4125,5262.407330201143,-1.9174646109009818e-06,3.5585355824252427e-05,3.5585355824252427e-05,3.4414298445746834e-10,-0.00958732305450491
2.4250000000000003,5247.730003642787,-1.810214351402985e-06,3.533223828874326e-05,3.533223828874326e-05,3.4294297054189497e-10,-0.009051071757014926
2.4375,5233.405918836562,-1.7055453024157134e-06,3.507887229238376e-05,3.507887229238376e-05,3.418123430584959e-10,-0.008527726512078566
2.45,5219.435758667553,-1.6034624539218705e-06,3.482552607800553e-05,3.482552607800553e-05,3.4074938758235886e-10,-0.008017312269609353
2.4625000000000004,5205.818524174425,-1.5039585063038934e-06,3.457249865538079e-05,3.457249865538079e-05,3.397523945275801e-10,-0.007519792531519466
2.475,5192.551722365154,-1.407015242754266e-06,3.43201210139174e-05,3.43201210139174e-05,3.3881966638440725e-10,-0.00703507621377133
2.4875000000000003,5179.631543415557,-1.31260482409946e-06,3.406875725205327e-05,3.406875725205327e-05,3.37949524098027e-10,-0.006563024120497299
2.5,5167.053026585655,-1.220691001187299e-06,3.3818805591662443e-05,3.3818805591662443e-05,3.3714031264364615e-10,-0.006103455005936495
2.5125,5154.8102145166,-1.131230242365325e-06,3.3570699241786033e-05,3.3570699241786033e-05,3.3639040585415255e-10,-0.005656151211826625
2.5250000000000004,5142.896295842146,-1.0441727755714302e-06,3.332490707221432e-05,3.332490707221432e-05,3.3569821055696167e-10,-0.005220863877857151
2.5375,5131.303736271131,-9.594635461833322e-07,3.308193405402835e-05,3.308193405402835e-05,3.350621700758921e-10,-0.004797317730916661
2.5500000000000003,5120.024398474612,-8.770430930557063e-07,3.28423214213333e-05,3.28423214213333e-05,3.3448076715230536e-10,-0.0043852154652785314
2.5625,5109.049651241686,-7.968483461458834e-07,3.260664650626381e-05,3.260664650626381e-05,3.3395252633748937e-10,-0.003984241730729417
2.575,5098.370468465592,-7.188133498264302e-07,3.2375522198103383e-05,3.2375522198103383e-05,3.3347601590554905e-10,-0.0035940667491321508
2.5875000000000004,5087.977518584309,-6.428699164438524e-07,3.214959597722337e-05,3.214959597722337e-05,3.3304984933304443e-10,-0.003214349582219262
2.6,5077.861245134461,-5.68948214945103e-07,3.192954847569131e-05,3.192954847569131e-05,3.32672686388421e-10,-0.002844741074725515
2.6125000000000003,5068.011939093295,-4.969772994928356e-07,3.171609151898727e-05,3.171609151898727e-05,3.323432338710143e-10,-0.0024848864974641783
2.625,5058.419803676626,-4.268855829608528e-07,3.15099656074358e-05,3.15099656074358e-05,3.320602460361683e-10,-0.002134427914804264
2.6375,5049.075012246284,-3.586012600720244e-07,3.131193680181386e-05,3.131193680181386e-05,3.3182252473985054e-10,-0.001793006300360122
2.6500000000000004,5039.967759949479,-2.9205268473948403e-07,3.112279298518876e-05,3.112279298518876e-05,3.316289193331227e-10,-0.00146026342369742
2.6625,5031.088309680545,-2.2716870591978342e-07,3.094333948238076e-05,3.094333948238076e-05,3.314783263339703e-10,-0.0011358435295989171
2.6750000000000003,5022.427032916258,-1.6387896600309058e-07,3.077439402947987e-05,3.077439402947987e-05,3.3136968890132535e-10,-0.0008193948300154528
2.6875,5013.974445933791,-1.0211416546567263e-07,3.061678109845699e-05,3.061678109845699e-05,3.3130199613364785e-10,-0.0005105708273283632
2.7,5005.721241879714,-4.18062972054546e-08,3.0471325595909294e-05,3.0471325595909294e-05,3.312742822121632e-10,-0.000209031486027273
2.7125000000000004,4997.65831911728,1.711114631838132e-08,3.0338845970114276e-05,3.0338845970114276e-05,3.3128562540678406e-10,8.555573159190659e-05
2.725,4989.776806239693,7.470299030952665e-08,3.0220146776512604e-05,3.0220146776512604e-05,3.3133514696086793e-10,0.00037351495154763325
2.7375000000000003,4982.068084099156,1.3103221666304013e-07,3.0116010768113246e-05,3.0116010768113246e-05,3.314220098692645e-10,0.0006551610833152007
2.75,4974.523805167424,1.8615982249346875e-07,3.002719059367644e-05,3.002719059367644e-05,3.315454175625798e-10,0.0009307991124673438
2.7625,4967.135910511247,2.4014469609231057e-07,2.9954400202400097e-05,2.9954400202400097e-05,3.317046125092106e-10,0.0012007234804615528
2.7750000000000004,4959.89664463642,2.9304350845868507e-07,2.989830606870393e-05,2.989830606870393e-05,3.3189887474547354e-10,0.0014652175422934254
2.7875,4952.798568428387,3.449106187409714e-07,2.985951836405137e-05,2.985951836405137e-05,3.321275203430501e-10,0.001724553093704857
2.8000000000000003,4945.83457039227,3.957979921018029e-07,2.983858221405794e-05,2.983858221405794e-05,3.323898998219831e-10,0.0019789899605090143
2.8125,4938.997876375449,4.4575512867540787e-07,2.983596918791769e-05,2.983596918791769e-05,3.3268539651657845e-10,0.0022287756433770393
2.825,4932.282057934637,4.948290024258904e-07,2.9852069172995028e-05,2.9852069172995028e-05,3.330134249007751e-10,0.0024741450121294516
2.8375000000000004,4925.681039494279,5.430640088397319e-07,2.9887182789902718e-05,2.9887182789902718e-05,3.3337342887883974e-10,0.0027153200441986593
2.85,4919.1891044268,5.905019204965809e-07,2.994151450222696e-05,2.994151450222696e-05,3.3376488004660865e-10,0.0029525096024829046
2.8625000000000003,4912.800900171869,6.371818496608928e-07,3.001516657007762e-05,3.001516657007762e-05,3.3418727592793134e-10,0.003185909248304464
2.875,4906.511442500469,6.831402171248415e-07,3.010813398775928e-05,3.010813398775928e-05,3.346401381904597e-10,0.0034157010856242075
2.8875,4900.316119017802,7.284107266110145e-07,3.0220300533122858e-05,3.0220300533122858e-05,3.351230108444681e-10,0.0036420536330550725
2.9000000000000004,4894.210691990428,7.730243441132829e-07,3.035143603974102e-05,3.035143603974102e-05,3.3563545842797885e-10,0.0038651217205664143
2.9125,4888.191300574418,8.170092816169225e-07,3.050119498325283e-05,3.050119498325283e-05,3.361770641810948e-10,0.004085046408084613
2.9250000000000003,4882.254462512502,8.603909846952237e-07,3.0669116450464445e-05,3.0669116450464445e-05,3.367474282121102e-10,0.004301954923476119
2.9375,4876.397075363062,9.031921235309763e-07,3.0854625534603065e-05,3.0854625534603065e-05,3.373461656576693e-10,0.0045159606176548815
2.95,4870.61641731531,9.454325869573049e-07,3.105703617312591e-05,3.105703617312591e-05,3.3797290483897455e-10,0.004727162934786524
2.9625000000000004,4864.91014764176,9.871294791550495e-07,3.127555541638522e-05,3.127555541638522e-05,3.386272854158055e-10,0.004935647395775247
2.975,4859.2763068304075,1.0282971186828749e-06,3.150928908699518e-05,3.150928908699518e-05,3.3930895653989477e-10,0.005141485593414374
2.9875000000000003,4853.713316437937,1.0689470395531099e-06,3.1757248761715966e-05,3.1757248761715966e-05,3.4001757500901723e-10,0.005344735197765549
3.0,4848.219978696652,1.1090879941007196e-06,3.201835998084076e-05,3.201835998084076e-05,3.4075280342298086e-10,0.005545439970503598
3.0125,4842.795475907051,1.1487259574260626e-06,3.229147156519183e-05,3.229147156519183e-05,3.41514308342563e-10,0.005743629787130313
3.0250000000000004,4837.439369639584,1.1878641332238927e-06,3.2575365898595194e-05,3.2575365898595194e-05,3.423017584523107e-10,0.005939320666119464
3.0375,4832.151599768903,1.2265029608428733e-06,3.286877001472392e-05,3.286877001472392e-05,3.4311482272802076e-10,0.0061325148042143665
3.0500000000000003,4826.932483356191,1.2646401234513075e-06,3.317036731198944e-05,3.317036731198944e-05,3.4395316860963294e-10,0.006323200617256538
3.0625,4821.782713392994,1.3022705572169396e-06,3.347880970911307e-05,3.347880970911307e-05,3.448164601802089e-10,0.006511352786084698
3.075,4816.703357414107,1.3393864614418104e-06,3.379273004738675e-05,3.379273004738675e-05,3.4570435635162917e-10,0.0066969323072090525
3.0875000000000004,4811.695855983458,1.3759773096278138e-06,3.4110754543557135e-05,3.4110754543557135e-05,3.46616509057626e-10,0.006879886548139069
3.1,4806.762021050559,1.4120298614852959e-06,3.443151509972063e-05,3.443151509972063e-05,3.475525614547768e-10,0.007060149307426479
3.1125000000000003,4801.904034171009,1.447528175936324e-06,3.475366128344315e-05,3.475366128344315e-05,3.4851214613211724e-10,0.007237640879681619
3.125,4797.124444578066,1.482453625206618e-06,3.5075871802229913e-05,3.5075871802229913e-05,3.4949488333009677e-10,0.00741226812603309
3.1375,4792.426167085932,1.5167849101460475e-06,3.5396865311066606e-05,3.5396865311066606e-05,3.505003791696896e-10,0.007583924550730237
3.1500000000000004,4787.812479799075,1.5504980769676138e-06,3.571541040953042e-05,3.571541040953042e-05,3.515282238926026e-10,0.007752490384838069
3.1625,4783.287021593942,1.5835665356492544e-06,3.603033470534917e-05,3.603033470534917e-05,3.5257799011368163e-10,0.007917832678246271
3.1750000000000003,4778.853789331306,1.6159610803021372e-06,3.6340532843632154e-05,3.6340532843632154e-05,3.5364923108682087e-10,0.008079805401510686
3.1875,4774.517134749751,1.6476499118737202e-06,3.664497342463939e-05,3.664497342463939e-05,3.547414789859215e-10,0.008238249559368601
3.2,4770.281760978799,1.678598663623506e-06,3.694270475722021e-05,3.694270475722021e-05,3.5585424320273914e-10,0.00839299331811753
3.2125000000000004,4766.152718603184,1.7087704298849763e-06,3.723285941927674e-05,3.723285941927674e-05,3.569870086637979e-10,0.008543852149424882
3.225,4762.135401195589,1.7381257987076993e-06,3.751465762016592e-05,3.751465762016592e-05,3.581392341689431e-10,0.008690628993538497
3.2375000000000003,4758.235540225415,1.7666228890594967e-06,3.7787409382277666e-05,3.7787409382277666e-05,3.593103507545556e-10,0.008833114445297484
3.25,4754.459199238332,1.7942173933589476e-06,3.8050515579614534e-05,3.8050515579614534e-05,3.604997600849621e-10,0.008971086966794738
3.2625,4750.812767187697,1.8208626262027877e-06,3.830346788963523e-05,3.830346788963523e-05,3.6170683287614693e-10,0.009104313131013939
3.2750000000000004,4747.302950786874,1.846509580249944e-06,3.854584773058402e-05,3.854584773058402e-05,3.6293090735651003e-10,0.00923254790124972
3.2875,4743.936765736916,1.871106990322603e-06,3.877732426978071e-05,3.877732426978071e-05,3.6417128777011877e-10,0.009355534951613015
3.3000000000000003,4740.721526671068,1.894601406883201e-06,3.899765159875664e-05,3.899765159875664e-05,3.6542724292866817e-10,0.009473007034416005
3.3125,4737.664835644619,1.9169372801425467e-06,3.920666517865021e-05,3.920666517865021e-05,3.6669800481919764e-10,0.009584686400712734
3.325,4734.774568985202,1.9380570561458195e-06,3.940427766396546e-05,3.940427766396546e-05,3.6798276727550435e-10,0.009690285280729098
3.3375000000000004,4732.05886230855,1.9579012862674898e-06,3.959047421477239e-05,3.959047421477239e-05,3.692806847221421e-10,0.009789506431337448
3.35,4729.526093492798,1.9764087516195257e-06,3.976530740687811e-05,3.976530740687811e-05,3.7059087100089206e-10,0.009882043758097628
3.3625000000000003,4727.184863398377,1.9935166039366993e-06,3.992889184666879e-05,3.992889184666879e-05,3.7191239829062796e-10,0.009967583019683496
3.375,4725.04397411308,2.0091605245438275e-06,4.0081398592499404e-05,4.0081398592499404e-05,3.7324429613256287e-10,0.010045802622719138
3.3875,4723.112404500457,2.0232749030288397e-06,4.0223049478008067e-05,4.0223049478008067e-05,3.745855505739406e-10,0.010116374515144199
3.4000000000000004,4721.399282830175,2.035793037237846e-06,4.0354111424882904e-05,4.0354111424882904e-05,3.7593510344430613e-10,0.01017896518618923
3.4125,4719.913856274792,2.0466473561697944e-06,4.047489082374776e-05,4.047489082374776e-05,3.77291851779536e-10,0.010233236780848972
3.4250000000000003,4718.665457066523,2.0557696672740203e-06,4.058572805228294e-05,4.058572805228294e-05,3.786546474098051e-10,0.010278848336370102
3.4375,4717.6634651247905,2.063091429540238e-06,4.0686992189769116e-05,4.0686992189769116e-05,3.800222967285886e-10,0.01031545714770119
3.45,4716.917266985176,2.068544053612618e-06,4.077907597721929e-05,4.077907597721929e-05,3.813935606606129e-10,0.01034272026806309
3.4625000000000004,4716.4362108896485,2.0720592299544726e-06,4.086239106239979e-05,4.086239106239979e-05,3.827671548473513e-10,0.010360296149772363
3.475,4716.229557932594,2.073569285834554e-06,4.093736355955337e-05,4.093736355955337e-05,3.8414175006917046e-10,0.010367846429172769
3.4875000000000003,4716.306429199092,2.0730075715977574e-06,4.100442994470695e-05,4.100442994470695e-05,3.855159729235403e-10,0.010365037857988786
3.5,4716.6757488822295,2.070308876321275e-06,4.106403329921502e-05,4.106403329921502e-05,3.8688840677878793e-10,0.010351544381606374
3.5125,4717.346183421317,2.0654098725413353e-06,4.111661990676187e-05,4.111661990676187e-05,3.882575930226663e-10,0.010327049362706677
3.5250000000000004,4718.326076769345,2.058249589267668e-06,4.116263620248926e-05,4.116263620248926e-05,3.896220326244903e-10,0.010291247946338341
3.5375,4719.623381967468,2.048769911984824e-06,4.120252606726741e-05,4.120252606726741e-05,3.909801880287298e-10,0.01024384955992412
3.5500000000000003,4721.245589280972,2.0369161077761037e-06,4.123672845539046e-05,4.123672845539046e-05,3.923304853967141e-10,0.010184580538880519
3.5625,4723.199651234872,2.0226373731033963e-06,4.1265675340135125e-05,4.1265675340135125e-05,3.9367131721146666e-10,0.010113186865516982
3.575,4725.491904973636,2.0058874011421657e-06,4.1289789958629886e-05,4.1289789958629886e-05,3.9500104525863315e-10,0.010029437005710828
3.5875000000000004,4728.127992458556,1.9866249649148757e-06,4.130948533528747e-05,4.130948533528747e-05,3.963180039939761e-10,0.009933124824574379
3.6,4731.11277910849,1.964814511799749e-06,4.132516306158246e-05,4.132516306158246e-05,3.9762050430497673e-10,0.009824072558998745
3.6125000000000003,4734.450271580301,1.9404267643275063e-06,4.133721230913328e-05,4.133721230913328e-05,3.9890683767071286e-10,0.009702133821637532
3.625,4738.1435354732,1.913439321530999e-06,4.1346009052789185e-05,4.1346009052789185e-05,4.001752807203787e-10,0.009567196607654996
3.6375,4742.194613826634,1.8838372544970854e-06,4.135191548064475e-05,4.135191548064475e-05,4.0142410018660374e-10,0.009419186272485428
3.6500000000000004,4746.604447359042,1.8516136892028407e-06,4.135527956852423e-05,4.135527956852423e-05,4.0265155824514106e-10,0.009258068446014203
3.6625,4751.3727974611675,1.8167703692158556e-06,4.1356434797416124e-05,4.1356434797416124e-05,4.038559182275767e-10,0.009083851846079278
3.6750000000000003,4756.498173018249,1.7793181904186341e-06,4.135569999352163e-05,4.135569999352163e-05,4.0503545068851446e-10,0.008896590952093171
3.6875,4761.977762178352,1.7392776995960964e-06,4.135337927194134e-05,4.135337927194134e-05,4.0618843980328094e-10,0.008696388497980483
3.7,4767.807370209884,1.6966795485183347e-06,4.134976206650366e-05,4.134976206650366e-05,4.0731319006664765e-10,0.008483397742591674
3.7125000000000004,4773.981364606458,1.651564895073861e-06,4.1345123229782835e-05,4.1345123229782835e-05,4.0840803325746926e-10,0.008257824475369305
3.725,4780.492628584362,1.6039857430726855e-06,4.1339723188921784e-05,4.1339723188921784e-05,4.0947133562858167e-10,0.008019928715363427
3.7375000000000003,4787.332524090418,1.5540052125552103e-06,4.13338081444271e-05,4.13338081444271e-05,4.1050150527589137e-10,0.007770026062776052
3.75,4794.490865386063,1.501697732819029e-06,4.132761030061295e-05,4.132761030061295e-05,4.1149699963542464e-10,0.007508488664095145
3.7625,4801.955904199373,1.4471491509157814e-06,4.132134811781373e-05,4.132134811781373e-05,4.1245633305230047e-10,0.007235745754578907
3.7750000000000004,4809.714327340634,1.3904567490750052e-06,4.13152265778466e-05,4.13152265778466e-05,4.133780843612544e-10,0.006952283745375026
3.7875,4817.751267558135,1.33172916537825e-06,4.130943745547283e-05,4.130943745547283e-05,4.1426090441457587e-10,0.00665864582689125
3.8000000000000003,4826.050328271658,1.2710862130276642e-06,4.13041595897752e-05,4.13041595897752e-05,4.1510352349023644e-10,0.006355431065138321
3.8125,4834.593622660749,1.2086585947173294e-06,4.129955915043415e-05,4.129955915043415e-05,4.159047585106715e-10,0.0060432929735866475
3.825,4843.3618274099945,1.1445875099082333e-06,4.129578989484838e-05,4.129578989484838e-05,4.1666352000121916e-10,0.005722937549541167
3.8375000000000004,4852.334251219208,1.0790241542089674e-06,4.1292993412909344e-05,4.1292993412909344e-05,4.1737881871669284e-10,0.005395120771044837
3.85,4861.488917984587,1.01212911155232e-06,4.129129935700677e-05,4.129129935700677e-05,4.180497718650194e-10,0.0050606455577616
3.8625000000000003,4870.802664345113,9.440716414067222e-07,4.1290825655521064e-05,4.1290825655521064e-05,4.1867560885836123e-10,0.004720358207033611
3.875,4880.251251069983,8.750288648422866e-07,4.1291678708653645e-05,4.1291678708653645e-05,4.1925567652467117e-10,0.004375144324211433
3.8875,4889.809487549141,8.051848548545588e-07,4.129395356596536e-05,4.129395356596536e-05,4.197894437162115e-10,0.004025924274272794
3.9000000000000004,4899.4513684339845,7.347296379023214e-07,4.129773408544371e-05,4.129773408544371e-05,4.2027650525617976e-10,0.003673648189511607
3.9125,4909.150221272396,6.638581151074975e-07,4.130309307430812e-05,4.130309307430812e-05,4.2071658517018435e-10,0.0033192905755374874
3.9250000000000003,4918.878863790567,5.927689129632293e-07,4.1310092412096234e-05,4.1310092412096234e-05,4.211095391558402e-10,0.0029638445648161463
3.9375,4928.6097693006095,5.216631746700153e-07,4.1318783156860346e-05,4.1318783156860346e-05,4.214553562511256e-10,0.0026083158733500767
3.95,4938.3152385570675,4.5074330434015773e-07,4.1329205635546944e-05,4.1329205635546944e-05,4.217541596702569e-10,0.0022537165217007887
3.9625000000000004,4947.967576260519,3.802116772528042e-07,4.134138951984049e-05,4.134138951984049e-05,4.2200620678457416e-10,0.0019010583862640212
3.975,4957.539270301035,3.10269330081695e-07,4.1355353888930306e-05,4.1355353888930306e-05,4.222118882351632e-10,0.001551346650408475
3.9875000000000003,4967.003171767026,2.4111464553838026e-07,4.137110728081182e-05,4.137110728081182e-05,4.223717261735103e-10,0.0012055732276919013
4.0,4976.33267370097,1.7294204616009401e-07,4.138864773386447e-05,4.138864773386447e-05,4.224863716362529e-10,0.0008647102308004701
4.0125,4985.501886583768,1.0594071201667753e-07,4.140796282056366e-05,4.140796282056366e-05,4.225566010698817e-10,0.0005297035600833876
4.025,4994.485808549567,4.0293336909757514e-08,4.1429029675285727e-05,4.1429029675285727e-05,4.225833120309119e-10,0.00020146668454878758
4.0375000000000005,5003.260488400522,-2.3825062805957967e-08,4.145181501825765e-05,4.145181501825765e-05,4.225675180964066e-10,-0.00011912531402978984
4.05,5011.803179578666,-8.624827332904828e-08,4.147627517778945e-05,4.147627517778945e-05,4.2251034302865356e-10,-0.0004312413666452414
4.0625,5020.092483378829,-1.4681992989683578e-07,4.15023561130102e-05,4.15023561130102e-05,4.224130142461129e-10,-0.0007340996494841789
4.075,5028.108479836181,-2.053944732081275e-07,4.15299934394104e-05,4.15299934394104e-05,4.222768556603407e-10,-0.0010269723660406374
4.0875,5035.832844899247,-2.6183800563043e-07,4.155911245957696e-05,4.155911245957696e-05,4.2210327994532166e-10,-0.0013091900281521499
4.1000000000000005,5043.248952696581,-3.160290384843179e-07,4.158962820159276e-05,4.158962820159276e-05,4.218937803114178e-10,-0.0015801451924215893
4.1125,5050.341961921057,-3.6785912326994496e-07,4.162144546766327e-05,4.162144546766327e-05,4.2164992186086887e-10,-0.0018392956163497249
4.125,5057.098885582918,-4.172333613685244e-07,4.165445889562822e-05,4.165445889562822e-05,4.213733326054055e-10,-0.0020861668068426218
4.1375,5063.508643620834,-4.6407078848119015e-07,4.168855303611694e-05,4.168855303611694e-05,4.210656942290127e-10,-0.002320353942405951
4.15,5069.562098099477,-5.083046318253784e-07,4.17236024482127e-05,4.17236024482127e-05,4.2072873268019493e-10,-0.0025415231591268917
4.1625000000000005,5075.252070962684,-5.498824398606611e-07,4.175947181660193e-05,4.175947181660193e-05,4.203642086782441e-10,-0.0027494121993033058
4.175,5080.573344545239,-5.88766086028911e-07,4.179601609329848e-05,4.179601609329848e-05,4.199739082170281e-10,-0.002943830430144555
4.1875,5085.522645271617,-6.249316496366435e-07,4.183308066714803e-05,4.183308066714803e-05,4.195596331477442e-10,-0.0031246582481832172
4.2,5090.098611180596,-6.583691785516591e-07,4.187050156443137e-05,4.187050156443137e-05,4.191231919189835e-10,-0.0032918458927582955
4.2125,5094.30174410987,-6.890823398059522e-07,4.190810568399327e-05,4.190810568399327e-05,4.1866639054841533e-10,-0.003445411699029761
4.2250000000000005,5098.134347548479,-7.170879654703236e-07,4.1945711070421923e-05,4.1945711070421923e-05,4.181910238955172e-10,-0.003585439827351618
4.2375,5101.600451316802,-7.424155022749972e-07,4.1983127228888e-05,4.1983127228888e-05,4.1769886729915784e-10,-0.003712077511374986
4.25,5104.705724360985,-7.651063743812074e-07,4.202015548531489e-05,4.202015548531489e-05,4.171916686376072e-10,-0.003825531871906037
4.2625,5107.457377050691,-7.852132694514574e-07,4.205658939558798e-05,4.205658939558798e-05,4.166711408618196e-10,-0.003926066347257287
4.275,5109.864054444595,-8.027993587161415e-07,4.209221520751211e-05,4.209221520751211e-05,4.1613895504574425e-10,-0.004013996793580708
4.2875000000000005,5111.935722035351,-8.179374620909588e-07,4.2126812379186134e-05,4.2126812379186134e-05,4.1559673399009015e-10,-0.0040896873104547945
4.3,5113.683545511001,-8.307091695659249e-07,4.216015415737282e-05,4.216015415737282e-05,4.1504604640853337e-10,-0.004153545847829625
4.3125,5115.119766064719,-8.412039300708493e-07,4.219200821929404e-05,4.219200821929404e-05,4.1448840171792663e-10,-0.004206019650354246
4.325,5116.2575727619505,-8.49518118833647e-07,4.222213738106564e-05,4.222213738106564e-05,4.1392524544676904e-10,-0.004247590594168235
4.3375,5117.110973424181,-8.557540939012678e-07,4.2250300375696494e-05,4.2250300375696494e-05,4.133579552691199e-10,-0.004278770469506339
4.3500000000000005,5117.6946654225785,-8.60019252003899e-07,4.227625270320421e-05,4.227625270320421e-05,4.1278783766439213e-10,-0.004300096260019495
4.3625,5118.023907691532,-8.624250933294404e-07,4.2299747554938277e-05,4.2299747554938277e-05,4.1221612519711833e-10,-0.004312125466647202
4.375,5118.114395172032,-8.630863040568102e-07,4.232053681364478e-05,4.232053681364478e-05,4.116439744049173e-10,-0.004315431520284051
4.3875,5117.982136786746,-8.621198646929925e-07,4.2338372130149626e-05,4.2338372130149626e-05,4.1107246427755475e-10,-0.004310599323464962
4.4,5117.643337928154,-8.596441913908661e-07,4.235300607677792e-05,4.235300607677792e-05,4.105025953052359e-10,-0.00429822095695433
4.4125000000000005,5117.114288317566,-8.557783165125419e-07,4.236419337676225e-05,4.236419337676225e-05,4.099352890701124e-10,-0.00427889158256271
4.425,5116.411255964401,-8.506411137659322e-07,4.237169220792497e-05,4.237169220792497e-05,4.0937138835145617e-10,-0.004253205568829661
4.4375,5115.550387825068,-8.443505722991637e-07,4.237526557785194e-05,4.237526557785194e-05,4.088116577120454e-10,-0.004221752861495819
4.45,5114.54761763418,-8.370231232050505e-07,4.237468276661259e-05,4.237468276661259e-05,4.0825678453101893e-10,-0.004185115616025252
4.4625,5113.418581256666,-8.287730209816177e-07,4.2369720831833954e-05,4.2369720831833954e-05,4.077073804467684e-10,-0.004143865104908088
4.4750000000000005,5112.1785397906715,-8.197117816283331e-07,4.236016616961557e-05,4.236016616961557e-05,4.071639831723235e-10,-0.004098558908141666
4.4875,5110.842310539466,-8.099476782424369e-07,4.234581612339226e-05,4.234581612339226e-05,4.066270586451127e-10,-0.004049738391212185
4.5,5109.424205866758,-7.99585294225352e-07,4.2326480631431865e-05,4.2326480631431865e-05,4.0609700347290917e-10,-0.00399792647112676
4.5125,5107.9379798579685,-7.887251335222667e-07,4.230198390221508e-05,4.230198390221508e-05,4.055741476381537e-10,-0.0039436256676113335
4.525,5106.396782622991,-7.77463286704743e-07,4.227216610550855e-05,4.227216610550855e-05,4.050587574236357e-10,-0.0038873164335237152
4.5375000000000005,5104.813122004956,-7.658911511689994e-07,4.2236885065537156e-05,4.2236885065537156e-05,4.045510385236585e-10,-0.003829455755844997
4.55,5103.198832395923,-7.540952032632342e-07,4.219601794131487e-05,4.219601794131487e-05,4.0405113930626376e-10,-0.003770476016316171
4.5625,5101.565050306774,-7.421568197759214e-07,4.2149462877935904e-05,4.2149462877935904e-05,4.035591541937943e-10,-0.0037107840988796067
4.575,5099.92219629999,-7.301521459108387e-07,4.209714061149195e-05,4.209714061149195e-05,4.0307512713097733e-10,-0.003650760729554194
4.5875,5098.27996285814,-7.181520066418655e-07,4.2038996009297316e-05,4.2038996009297316e-05,4.0259905511177186e-10,-0.0035907600332093273
4.6000000000000005,5096.647307741561,-7.062218581760938e-07,4.197499952630528e-05,4.197499952630528e-05,4.0213089173839204e-10,-0.003531109290880469
4.6125,5095.032452373609,-6.94421776153135e-07,4.190514855801699e-05,4.190514855801699e-05,4.0167055078815313e-10,-0.0034721088807656746
4.625,5093.442884785581,-6.82806477166182e-07,4.182946866984753e-05,4.182946866984753e-05,4.0121790976605097e-10,-0.0034140323858309098
4.6375,5091.885366656257,-6.714253701997897e-07,4.174801468285072e-05,4.174801468285072e-05,4.0077281342324256e-10,-0.0033571268509989486
4.65,5090.365943986872,-6.603226346347487e-07,4.16608715959377e-05,4.16608715959377e-05,4.0033507722381647e-10,-0.0033016131731737437
4.6625000000000005,5088.889960966453,-6.49537321565178e-07,4.1568155325274424e-05,4.1568155325274424e-05,3.9990449074439853e-10,-0.00324768660782589
4.675,5087.462076599557,-6.391034753005854e-07,4.1470013242425204e-05,4.1470013242425204e-05,3.9948082099321265e-10,-0.0031955173765029266
4.6875,5086.086283689459,-6.290502720803216e-07,4.136662449403133e-05,4.136662449403133e-05,3.9906381563718586e-10,-0.003145251360401608
4.7,5084.765929794383,-6.194021732035127e-07,4.125820008738001e-05,4.125820008738001e-05,3.986532061275416e-10,-0.0030970108660175635
4.7125,5083.503739799246,-6.101790899688989e-07,4.114498272812458e-05,4.114498272812458e-05,3.982487107160523e-10,-0.0030508954498444946
4.7250000000000005,5082.301839775672,-6.01396558020656e-07,4.1027246398651806e-05,4.1027246398651806e-05,3.9785003735571606e-10,-0.00300698279010328
4.7375,5081.161781827864,-5.930659189044654e-07,4.090529566813726e-05,4.090529566813726e-05,3.9745688648107735e-10,-0.002965329594522327
4.75,5080.084569653564,-5.851945068480254e-07,4.077946472816063e-05,4.077946472816063e-05,3.9706895366472856e-10,-0.0029259725342401267
4.7625,5079.070684577288,-5.777858389887594e-07,4.065011615083511e-05,4.065011615083511e-05,3.966859321477075e-10,-0.0028889291949437974
4.775,5078.1201118394965,-5.708398074760466e-07,4.051763936970036e-05,4.051763936970036e-05,3.963075152425473e-10,-0.002854199037380233
4.7875000000000005,5077.232366954593,-5.643528720727497e-07,4.038244888708904e-05,4.038244888708904e-05,3.9593339860864907e-10,-0.002821764360363749
4.800000000000001,5076.406521974367,-5.583182520699456e-07,4.0244982215252494e-05,4.0244982215252494e-05,3.9556328240043136e-10,-0.002791591260349728
4.8125,5075.641231520068,-5.527261165074196e-07,4.010569756216299e-05,4.010569756216299e-05,3.9519687328938013e-10,-0.002763630582537098
4.825,5074.934758467736,-5.475637718600862e-07,3.996507127653929e-05,3.996507127653929e-05,3.948338863616792e-10,-0.002737818859300431
4.8375,5074.284999192375,-5.42815846506216e-07,3.982359507020417e-05,3.982359507020417e-05,3.9447404689355416e-10,-0.00271407923253108
4.8500000000000005,5073.68950829865,-5.384644714362616e-07,3.968177303931432e-05,3.968177303931432e-05,3.9411709200682236e-10,-0.0026923223571813076
4.862500000000001,5073.145522780306,-5.344894567920852e-07,3.954011850923809e-05,3.954011850923809e-05,3.937627722074126e-10,-0.002672447283960426
4.875,5072.649985569104,-5.308684639445695e-07,3.939915073083428e-05,3.939915073083428e-05,3.9341085280981265e-10,-0.0026543423197228472
4.8875,5072.199568448092,-5.275771729238078e-07,3.9259391458543394e-05,3.9259391458543394e-05,3.9306111525052487e-10,-0.002637885864619039
4.9,5071.790694315905,-5.245894451107748e-07,3.912136144298772e-05,3.912136144298772e-05,3.927133582936717e-10,-0.0026229472255538742
4.9125000000000005,5071.419558801958,-5.218774811827416e-07,3.898557687263706e-05,3.898557687263706e-05,3.923673991318971e-10,-0.002609387405913708
4.925000000000001,5071.082151240628,-5.194119743777929e-07,3.885254580049087e-05,3.885254580049087e-05,3.920230743856671e-10,-0.0025970598718889643
4.9375,5070.774275023055,-5.171622592069312e-07,3.8722764592620275e-05,3.8722764592620275e-05,3.9168024100398677e-10,-0.002585811296034656
4.95,5070.491567350301,-5.150964557964966e-07,3.8596714435778e-05,3.8596714435778e-05,3.913387770694316e-10,-0.002575482278982483
4.9625,5070.229518420211,-5.131816100891801e-07,3.847485794110707e-05,3.847485794110707e-05,3.9099858251023697e-10,-0.0025659080504459005
4.9750000000000005,5069.983490083527,-5.113838301700085e-07,3.835763588025213e-05,3.835763588025213e-05,3.90659579722016e-10,-0.0025569191508500425
4.987500000000001,5069.748734010843,-5.096684190143612e-07,3.824546408890731e-05,3.824546408890731e-05,3.903217141014769e-10,-0.0025483420950718058
5.0,5069.520409413638,-5.080000039795033e-07,3.81387305710364e-05,3.81387305710364e-05,3.8998495449429877e-10,-0.002540000019897517
5.0125,5069.293600366104,-5.063426633794512e-07,3.80377928347012e-05,3.80377928347012e-05,3.896492935590991e-10,-0.002531713316897256
5.025,5069.063332776261,-5.046600504956887e-07,3.794297548766762e-05,3.794297548766762e-05,3.8931474804919336e-10,-0.0025233002524784436
5.0375000000000005,5068.824591055264,-5.029155153839859e-07,3.785456811777229e-05,3.785456811777229e-05,3.8898135901360717e-10,-0.0025145775769199294
5.050000000000001,5068.572334535073,-5.010722248403939e-07,3.7772823479477835e-05,3.7772823479477835e-05,3.886491919185614e-10,-0.0025053611242019697
5.0625,5068.301513683302,-4.990932808878528e-07,3.769795600418317e-05,3.769795600418317e-05,3.88318336690411e-10,-0.002495466404439264
5.075,5068.0070861644535,-4.969418381388364e-07,3.76301406477522e-05,3.76301406477522e-05,3.879889076807829e-10,-0.002484709190694182
5.0875,5067.684032794694,-4.945812203792098e-07,3.756951208445088e-05,3.756951208445088e-05,3.8766104355442887e-10,-0.0024729061018960493
5.1000000000000005,5067.327373435122,-4.919750367042689e-07,3.7516164252111666e-05,3.7516164252111666e-05,3.8733490710009e-10,-0.0024598751835213446
5.112500000000001,5066.93218286655,-4.890872975195264e-07,3.747015024895056e-05,3.747015024895056e-05,3.8701068496446354e-10,-0.002445436487597632
5.125,5066.493606685713,-4.85882530696319e-07,3.743148257811894e-05,3.743148257811894e-05,3.866885873091678e-10,-0.002429412653481595
5.1375,5066.00687725829,-4.823258981458862e-07,3.7400133731852626e-05,3.7400133731852626e-05,3.863688473904295e-10,-0.0024116294907294313
5.15,5065.467329761732,-4.783833130446767e-07,3.737603710305186e-05,3.737603710305186e-05,3.860517210610604e-10,-0.0023919165652233837
5.1625000000000005,5064.870418343597,-4.7402155790894363e-07,3.735908820835262e-05,3.735908820835262e-05,3.8573748619416096e-10,-0.002370107789544718
5.175000000000001,5064.211732418155,-4.692084036772087e-07,3.7349146203288446e-05,3.7349146203288446e-05,3.8542644202788295e-10,-0.0023460420183860436
5.1875,5063.487013116684,-4.639127299156325e-07,3.734603566704344e-05,3.734603566704344e-05,3.8511890843050597e-10,-0.0023195636495781623
5.2,5062.692169900701,-4.5810464621326037e-07,3.7349548631603395e-05,3.7349548631603395e-05,3.848152250850399e-10,-0.002290523231066302
5.2125,5061.8232973395625,-4.5175561478170345e-07,3.7359446827856066e-05,3.7359446827856066e-05,3.8451575059255437e-10,-0.0022587780739085172
5.2250000000000005,5060.876692047762,-4.448385742167496e-07,3.737546411939779e-05,3.737546411939779e-05,3.84220861493465e-10,-0.002224192871083748
5.237500000000001,5059.848869766343,-4.3732806431844154e-07,3.7397309093486925e-05,3.7397309093486925e-05,3.839309512060749e-10,-0.002186640321592208
5.25,5058.736582566727,-4.2920035180056674e-07,3.74246677777491e-05,3.74246677777491e-05,3.836464288817819e-10,-0.0021460017590028335
5.2625,5057.536836143016,-4.204335566514539e-07,3.745720645088251e-05,3.745720645088251e-05,3.8336771817651944e-10,-0.002102167783257269
5.275,5056.246907151449,-4.1100777883489143e-07,3.7494574515719345e-05,3.7494574515719345e-05,3.830952559382058e-10,-0.002055038894174457
5.2875000000000005,5054.864360542968,-4.0090522494410985e-07,3.7536407403552315e-05,3.7536407403552315e-05,3.828294908102329e-10,-0.0020045261247205494
5.300000000000001,5053.3870668258305,-3.9011033434295394e-07,3.7582329479603574e-05,3.7582329479603574e-05,3.825708817513346e-10,-0.0019505516717147698
5.3125,5051.813219183334,-3.786099042476395e-07,3.763195692086374e-05,3.763195692086374e-05,3.8231989647253656e-10,-0.0018930495212381975
5.325,5050.141350360113,-3.6639321312064835e-07,3.768490053922038e-05,3.768490053922038e-05,3.8207700979230685e-10,-0.0018319660656032418
5.3375,5048.370349220838,-3.5345214166567003e-07,3.7740768524783506e-05,3.7740768524783506e-05,3.8184270191149743e-10,-0.00176726070832835
5.3500000000000005,5046.499476871397,-3.397812906309996e-07,3.779916908655401e-05,3.779916908655401e-05,3.8161745661019227e-10,-0.001698906453154998
5.362500000000001,5044.528382224393,-3.2537809454848495e-07,3.7859712970018315e-05,3.7859712970018315e-05,3.8140175936915653e-10,-0.0016268904727424248
5.375,5042.457116878207,-3.1024293045803507e-07,3.792201583383951e-05,3.792201583383951e-05,3.8119609541921086e-10,-0.0015512146522901754
5.3875,5040.286149169762,-2.943792205947258e-07,3.798570047050094e-05,3.798570047050094e-05,3.810009477225331e-10,-0.001471896102973629
5.4,5038.016377252096,-2.7779352794816237e-07,3.805039885849344e-05,3.805039885849344e-05,3.808167948906126e-10,-0.0013889676397408118
5.4125000000000005,5035.649141038732,-2.604956435435166e-07,3.811575403637556e-05,3.811575403637556e-05,3.806441090443446e-10,-0.001302478217717583
5.425000000000001,5033.186232850817,-2.4249866424199613e-07,3.818142179173265e-05,3.818142179173265e-05,3.8048335362255e-10,-0.0012124933212099807
5.4375,5030.6299065966095,-2.2381905981694713e-07,3.824707216067542e-05,3.824707216067542e-05,3.8033498114602935e-10,-0.0011190952990847356
5.45,5027.982885308883,-2.044767280320981e-07,3.8312390736015234e-05,3.8312390736015234e-05,3.8019943094510465e-10,-0.0010223836401604906
5.4625,5025.248366864069,-1.8449503643175197e-07,3.837707978460091e-05,3.837707978460091e-05,3.8007712685945824e-10,-0.0009224751821587598
5.4750000000000005,5022.430027706027,-1.6390084955095725e-07,3.84408591764723e-05,3.84408591764723e-05,3.799684749199335e-10,-0.0008195042477547863
5.487500000000001,5019.532024399515,-1.4272454026793378e-07,3.850346713046004e-05,3.850346713046004e-05,3.7987386102280984e-10,-0.0007136227013396689
5.5,5016.558992843241,-1.209999840525086e-07,3.856466078261999e-05,3.856466078261999e-05,3.7979364860789077e-10,-0.0006049999202625431
5.5125,5013.516044978155,-9.876453491446475e-08,3.862421658542588e-05,3.862421658542588e-05,3.7972817635253566e-10,-0.0004938226745723238
5.525,5010.408762837511,-7.605898192498347e-08,3.868193054694671e-05,3.868193054694671e-05,3.7967775589451446e-10,-0.00038029490962491737
5.5375000000000005,5007.243189796273,-5.2927485273800654e-08,3.8737618320305966e-05,3.8737618320305966e-05,3.7964266959725046e-10,-0.0002646374263690033
5.550000000000001,5004.02581889278,-2.9417490934640816e-08,3.879111515455938e-05,3.879111515455938e-05,3.796231683716329e-10,-0.00014708745467320407
5.5625,5000.763578114199,-5.579623141805981e-09,3.884227571874404e-05,3.884227571874404e-05,3.7961946956910786e-10,-2.7898115709029905e-05
5.575,4997.4638125566435,1.8532445968296017e-08,3.889097381125342e-05,3.889097381125342e-05,3.796317549611855e-10,9.266222984148008e-05
5.5875,4994.134263395678,4.2862150026304944e-08,3.8937101966893076e-05,3.8937101966893076e-05,3.796601688208166e-10,0.0002143107501315247
5.6000000000000005,4990.783043626909,6.735020569569571e-08,3.8980570973985814e-05,3.8980570973985814e-05,3.7970481612128074e-10,0.0003367510284784785
5.612500000000001,4987.418610567095,9.193481361395498e-08,3.902130931373948e-05,3.902130931373948e-05,3.7976576086828095e-10,0.0004596740680697749
5.625,4984.049735135038,1.1655188286464437e-07,3.905926253378362e-05,3.905926253378362e-05,3.7984302458084374e-10,0.0005827594143232219
5.6375,4980.685467964171,1.411352785984411e-07,3.909439256734237e-05,3.909439256734237e-05,3.7993658493637024e-10,0.0007056763929922054
5.65,4977.335102433612,1.6561709217249848e-07,3.912667700895906e-05,3.912667700895906e-05,3.800463745947661e-10,0.0008280854608624924
5.6625000000000005,4974.008134739283,1.8992793291970464e-07,3.9156108357043216e-05,3.9156108357043216e-05,3.8017228021598887e-10,0.0009496396645985232
5.675000000000001,4970.71422116262,2.139972403958168e-07,3.9182693232791536e-05,3.9182693232791536e-05,3.80314141684588e-10,0.001069986201979084
5.6875,4967.46313273064,2.3775361568650576e-07,3.920645158425932e-05,3.920645158425932e-05,3.8047175155387255e-10,0.0011887680784325287
5.7,4964.264707498073,2.611251700914469e-07,3.922741588354591e-05,3.922741588354591e-05,3.806448547212258e-10,0.0013056258504572345
5.7125,4961.128800717506,2.840398892427127e-07,3.9245630324221496e-05,3.9245630324221496e-05,3.808331483447986e-10,0.0014201994462135635
5.7250000000000005,4958.0652331973,3.064260104636059e-07,3.926115002527979e-05,3.926115002527979e-05,3.810362820103587e-10,0.0015321300523180295
5.737500000000001,4955.083738180341,3.282124109357863e-07,3.9274040247063566e-05,3.9274040247063566e-05,3.8125385815546083e-10,0.0016410620546789315
5.75,4952.193907107028,3.49329004021308e-07,3.928437562378953e-05,3.928437562378953e-05,3.814854327563439e-10,0.0017466450201065401
5.7625,4949.405134652695,3.6970714088549e-07,3.929223941650676e-05,3.929223941650676e-05,3.817305162810688e-10,0.0018485357044274499
5.775,4946.726563454233,3.8928001439061316e-07,3.929772278956563e-05,3.929772278956563e-05,3.8198857491040254e-10,0.0019464000719530657
5.7875000000000005,4944.1670289608255,4.079830620826759e-07,3.9300924112960586e-05,3.9300924112960586e-05,3.8225903202584747e-10,0.0020399153104133792
5.800000000000001,4941.735004859751,4.2575436497714855e-07,3.930194829224357e-05,3.930194829224357e-05,3.8254126996203037e-10,0.002128771824885743
5.8125,4939.438549538825,4.4253503876783636e-07,3.9300906127091844e-05,3.9300906127091844e-05,3.8283463201842917e-10,0.002212675193839182
5.825,4937.285254054208,4.582696140380638e-07,3.929791369905451e-05,3.929791369905451e-05,3.831384247231461e-10,0.002291348070190319
5.8375,4935.282192071993,4.729064020475108e-07,3.929309178849975e-05,3.929309178849975e-05,3.834519203391658e-10,0.002364532010237554
5.8500000000000005,4933.435872248019,4.863978427025622e-07,3.928656532033906e-05,3.928656532033906e-05,3.837743596012872e-10,0.002431989213512811
5.862500000000001,4931.7521934997185,4.987008313940078e-07,3.927846283771516e-05,3.927846283771516e-05,3.8410495466972037e-10,0.002493504156970039
5.875,4930.236403607764,5.097770215034666e-07,3.926891600250679e-05,3.926891600250679e-05,3.8444289228421865e-10,0.002548885107517333
5.8875,4928.893061563471,5.195930995387781e-07,3.925805912122207e-05,3.925805912122207e-05,3.847873371006014e-10,0.0025979654976938907
5.9,4927.7260040507035,5.281210300575997e-07,3.924602869462316e-05,3.924602869462316e-05,3.851374351896398e-10,0.002640605150287999
5.9125000000000005,4926.73831641863,5.353382677761137e-07,3.923296298924304e-05,3.923296298924304e-05,3.8549231767655215e-10,0.0026766913388805687
5.925000000000001,4925.932308463723,5.412279345334458e-07,3.9219001628819656e-05,3.9219001628819656e-05,3.858511044978111e-10,0.002706139672667229
5.9375,4925.3094952985675,5.457789590894727e-07,3.920428520357844e-05,3.920428520357844e-05,3.862129082506246e-10,0.0027288947954473633
5.95,4924.870583537003,5.489861780702801e-07,3.9188954895239626e-05,3.9188954895239626e-05,3.865768381093351e-10,0.0027449308903514007
5.9625,4924.615462977917,5.50850396737925e-07,3.91731521156074e-05,3.91731521156074e-05,3.8694200378210326e-10,0.002754251983689625
5.9750000000000005,4924.543203915673,5.513784086444581e-07,3.915701815661131e-05,3.915701815661131e-05,3.873075194806211e-10,0.0027568920432222903
5.987500000000001,4924.652060150866,5.505829736295802e-07,3.9140693849713085e-05,3.9140693849713085e-05,3.8767250787523923e-10,0.002752914868147901
6.0,4924.939477720061,5.484827540317656e-07,3.9124319232661356e-05,3.9124319232661356e-05,3.880361040078077e-10,0.0027424137701588277
6.0125,4925.402109304942,5.451022093983983e-07,3.9108033221670036e-05,3.9108033221670036e-05,3.88397459134719e-10,0.0027255110469919914
6.025,4926.0358342246445,5.404714503959588e-07,3.909197328721044e-05,3.909197328721044e-05,3.8875574447310593e-10,0.002702357251979794
6.0375000000000005,4926.835783860069,5.34626053031118e-07,3.907627513174092e-05,3.907627513174092e-05,3.8911015482388465e-10,0.00267313026515559
6.050000000000001,4927.796372302795,5.276068346917379e-07,3.906107236784835e-05,3.906107236784835e-05,3.8945991204633237e-10,0.0026380341734586893
6.0625,4928.911331970368,5.194595938982703e-07,3.90464961954413e-05,3.90464961954413e-05,3.8980426836014285e-10,0.0025972979694913515
6.075,4930.173753880104,5.10234816015452e-07,3.903267507681392e-05,3.903267507681392e-05,3.901425094523947e-10,0.0025511740800772597
6.0875,4931.576132227739,4.999873475067069e-07,3.9019734408590725e-05,3.9019734408590725e-05,3.904739573685786e-10,0.0024999367375335346
6.1000000000000005,4933.110412876429,4.887760416150081e-07,3.9007796189763954e-05,3.9007796189763954e-05,3.9079797316874187e-10,0.0024438802080750405
6.112500000000001,4934.768045325065,4.7666337862016137e-07,3.89969786852465e-05,3.89969786852465e-05,3.9111395933189715e-10,0.0023833168931008068
6.125,4936.540037693347,4.637150640500974e-07,3.898739608458291e-05,3.898739608458291e-05,3.914213618940798e-10,0.002318575320250487
6.1375,4938.417014236498,4.499996084104005e-07,3.897915815568731e-05,3.897915815568731e-05,3.917196723078032e-10,0.0022499980420520025
6.15,4940.389274881463,4.35587892139444e-07,3.8972369893710576e-05,3.8972369893710576e-05,3.920084290131168e-10,0.00217793946069722
6.1625000000000005,4942.446856264739,4.205527195952877e-07,3.896713116537674e-05,3.896713116537674e-05,3.922872187129971e-10,0.0021027635979764384
6.175000000000001,4944.579593742121,4.0496836593358357e-07,3.8963536349371125e-05,3.8963536349371125e-05,3.9255567734835744e-10,0.002024841829667918
6.1875,4946.777183843066,3.889101207440861e-07,3.896167397360765e-05,3.896167397360765e-05,3.9281349077052954e-10,0.0019445506037204306
6.2,4949.029246643776,3.7245383227653853e-07,3.8961626350449746e-05,3.8961626350449746e-05,3.930603951116061e-10,0.0018622691613826927
6.2125,4951.32538754619,3.5567545600704927e-07,3.896346921120618e-05,3.896346921120618e-05,3.9329617685552255e-10,0.0017783772800352463
6.2250000000000005,4953.65525796675,3.3865061117515146e-07,3.8967271341469e-05,3.8967271341469e-05,3.9352067261516153e-10,0.0016932530558757572
6.237500000000001,4956.008614459036,3.2145414876193755e-07,3.897309421910329e-05,3.897309421910329e-05,3.9373376862306475e-10,0.0016072707438096877
6.25,4958.375375822379,3.0415973418443865e-07,3.898099165693611e-05,3.898099165693611e-05,3.939353999455076e-10,0.0015207986709221933
6.2625,4960.745677779784,2.868394477542233e-07,3.8991009452422575e-05,3.8991009452422575e-05,3.9412554943171274e-10,0.0014341972387711165
6.275,4963.109924842315,2.69563405692598e-07,3.9003185046787917e-05,3.9003185046787917e-05,3.943042464118299e-10,0.0013478170284629898
6.2875000000000005,4965.45883901657,2.523994042154984e-07,3.901754719635306e-05,3.901754719635306e-05,3.9447156515897515e-10,0.001261997021077492
6.300000000000001,4967.783505051886,2.3541258890227202e-07,3.9034115658945846e-05,3.9034115658945846e-05,3.946276231320903e-10,0.0011770629445113602
6.3125,4970.0754119676385,2.186651512487911e-07,3.905290089847603e-05,3.905290089847603e-05,3.947725790176439e-10,0.0010933257562439555
6.325,4972.326490643978,2.0221605398112729e-07,3.907390381090804e-05,3.907390381090804e-05,3.949066305892391e-10,0.0010110802699056364
6.3375,4974.529147306838,1.8612078637643822e-07,3.909711547499731e-05,3.909711547499731e-05,3.950300124050202e-10,0.0009306039318821911
6.3500000000000005,4976.676292780632,1.7043115050660187e-07,3.9122516931260623e-05,3.9122516931260623e-05,3.9514299336337833e-10,0.0008521557525330094
6.362500000000001,4978.761367428744,1.5519507899242165e-07,3.915007899272527e-05,3.915007899272527e-05,3.95245874137843e-10,0.0007759753949621083
6.375,4980.778361745259,1.4045648453572595e-07,3.917976209104247e-05,3.917976209104247e-05,3.9533898451222755e-10,0.0007022824226786298
6.3875,4982.721832603632,1.2625514118728338e-07,3.9211516161554905e-05,3.9211516161554905e-05,3.954226806370649e-10,0.0006312757059364169
6.4,4984.586915208451,1.1262659701358911e-07,3.924528057087216e-05,3.924528057087216e-05,3.9549734222814955e-10,0.0005631329850679456
6.4125000000000005,4986.36933083392,9.960211754836666e-08,3.928098409043052e-05,3.928098409043052e-05,3.9556336972759236e-10,0.0004980105877418333
6.425000000000001,4988.0653904689725,8.720865915790048e-08,3.931854491939048e-05,3.931854491939048e-05,3.956211814472193e-10,0.00043604329578950243
6.4375,4989.671994519841,7.546887121504084e-08,3.9357870760055975e-05,3.9357870760055975e-05,3.956712107134111e-10,0.0003773443560752042
6.45,4991.186628749793,6.440112576678113e-08,3.9398858948781396e-05,3.9398858948781396e-05,3.9571390303161025e-10,0.0003220056288339056
6.4625,4992.607356661969,5.4019573196420855e-08,3.944139664506487e-05,3.944139664506487e-05,3.957497132877265e-10,0.0002700978659821043
6.4750000000000005,4993.9328085510815,4.4334222223633086e-08,3.948536108120884e-05,3.948536108120884e-05,3.9577910300257616e-10,0.00022167111111816542
6.487500000000001,4995.162167469264,3.535104245552077e-08,3.9530619874561656e-05,3.9530619874561656e-05,3.958025376543033e-10,0.00017675521227760384
6.5,4996.295152364319,2.7072087598444765e-08,3.95770314039371e-05,3.95770314039371e-05,3.958204840824799e-10,0.00013536043799222382
6.5125,4997.331998659704,1.9495637363900483e-08,3.962444525134553e-05,3.962444525134553e-05,3.95833407986277e-10,9.747818681950242e-05
6.525,4998.273436552574,1.2616356051387824e-08,3.967270270966073e-05,3.967270270966073e-05,3.9584177152776245e-10,6.308178025693912e-05
6.5375000000000005,4999.120667308348,6.425465765610094e-09,3.972163735629641e-05,3.972163735629641e-05,3.9584603105002667e-10,3.2127328828050475e-05
6.550000000000001,4999.875337833084,9.109322238292797e-10,3.977107569237753e-05,3.977107569237753e-05,3.958466349184823e-10,4.5546611191463985e-06
6.5625,5000.539513799291,-3.942338870645688e-09,3.982083784627019e-05,3.982083784627019e-05,3.9584402149234246e-10,-1.971169435322844e-05
6.575,5001.115651597714,-8.152296872061099e-09,3.9870738339685347e-05,3.9870738339685347e-05,3.95838617231967e-10,-4.07614843603055e-05
6.5875,5001.606569377117,-1.173953457725276e-08,3.9920586913902065e-05,3.9920586913902065e-05,3.958308349464912e-10,-5.86976728862638e-05
6.6000000000000005,5002.015417426984,-1.4727071800931597e-08,3.997018941297285e-05,3.997018941297285e-05,3.9582107218492484e-10,-7.363535900465799e-05
6.612500000000001,5002.345648141233,-1.7140135900922715e-08,4.001934872008481e-05,4.001934872008481e-05,3.9580970977274423e-10,-8.570067950461357e-05
6.625,5002.600985793218,-1.9005940911162565e-08,4.0067865742564105e-05,4.0067865742564105e-05,3.9579711049489944e-10,-9.502970455581282e-05
6.6375,5002.785396330221,-2.035346682952661e-08,4.011554044033593e-05,4.011554044033593e-05,3.9578361792513463e-10,-0.00010176733414763304
6.65,5002.903057385936,-2.1213240488272486e-08,4.016217289199839e-05,4.016217289199839e-05,3.9576955540057193e-10,-0.00010606620244136243
6.6625000000000005,5002.958328686842,-2.16171193108023e-08,4.0207564392044056e-05,4.0207564392044056e-05,3.9575522513964594e-10,-0.0001080855965540115
6.675000000000001,5002.955723015305,-2.159807913022631e-08,4.025151857217851e-05,4.025151857217851e-05,3.957409075006957e-10,-0.00010799039565113156
6.6875,5002.899877871046,-2.119000711573245e-08,4.0293842539149446e-05,4.0293842539149446e-05,3.9572686037782856e-10,-0.00010595003557866225
6.7,5002.795527957249,-2.0427500723045203e-08,4.033434802102245e-05,4.033434802102245e-05,3.9571331873006236e-10,-0.00010213750361522602
6.7125,5002.647478599323,-1.9345673457303336e-08,4.0372852513429275e-05,4.0372852513429275e-05,3.957004942392296e-10,-9.672836728651668e-05
6.7250000000000005,5002.460580185959,-1.79799681120046e-08,4.040918041697919e-05,4.040918041697919e-05,3.956885750916882e-10,-8.9899840560023e-05
6.737500000000001,5002.239703708328,-1.6365978026961382e-08,4.0443164156772e-05,4.0443164156772e-05,3.956777258785223e-10,-8.18298901348069e-05
6.75,5001.98971745507,-1.453927679331906e-08,4.047464527478864e-05,4.047464527478864e-05,3.9566808760863404e-10,-7.26963839665953e-05
6.7625,5001.715464906808,-1.2535256725094566e-08,4.0503475485867966e-05,4.0503475485867966e-05,3.9565977782891446e-10,-6.267628362547283e-05
6.775,5001.421743860285,-1.0388976315163685e-08,4.052951768801086e-05,4.052951768801086e-05,3.9565289084553753e-10,-5.1944881575818425e-05
6.7875000000000005,5001.113286799063,-8.135016799964744e-09,4.0552646917888576e-05,4.0552646917888576e-05,3.9564749804033975e-10,-4.067508399982372e-05
6.800000000000001,5000.79474251642,-5.8073478716039165e-09,4.057275124267253e-05,4.057275124267253e-05,3.9564364827622035e-10,-2.9036739358019583e-05
6.8125,5000.470658983862,-3.439202499252096e-09,4.0589732579649206e-05,4.0589732579649206e-05,3.9564136838552433e-10,-1.719601249626048e-05
6.825,5000.145467452785,-1.0629607530701868e-09,4.060350743553416e-05,4.060350743553416e-05,3.9564066373544e-10,-5.314803765350934e-06
6.8375,4999.8234677648625,1.2899575355649359e-09,4.061400755795133e-05,4.061400755795133e-05,3.956415188645533e-10,6.4497876778246795e-06
6.8500000000000005,4999.50881484175,3.5891914948227156e-09,4.062118049219417e-05,4.062118049219417e-05,3.9564389818484545e-10,1.7945957474113576e-05
6.862500000000001,4999.20550631922,5.805529574252487e-09,4.0624990037127044e-05,4.0624990037127044e-05,3.956477467435926e-10,2.9027647871262435e-05
6.875,4998.917371284348,7.910991842021112e-09,4.062541659491211e-05,4.062541659491211e-05,3.9565299103982146e-10,3.955495921010556e-05
6.8875,4998.648060073068,9.878904538770671e-09,4.062245741015081e-05,4.062245741015081e-05,3.9565953989018715e-10,4.939452269385336e-05
6.9,4998.401035080538,1.1683967228371476e-08,4.061612669499848e-05,4.061612669499848e-05,3.9566728533936687e-10,5.841983614185738e-05
6.9125000000000005,4998.179562535968,1.3302312898095267e-08,4.0606455637836547e-05,4.0606455637836547e-05,3.956761036102941e-10,6.651156449047634e-05
6.925000000000001,4997.986705193971,1.4711561366674192e-08,4.059349229415573e-05,4.059349229415573e-05,3.9568585608979805e-10,7.355780683337096e-05
6.9375,4997.825315892342,1.589086635837405e-08,4.057730135940378e-05,4.057730135940378e-05,3.956963903454489e-10,7.945433179187024e-05
6.95,4997.6980319286595,1.6820956595728537e-08,4.055796382466837e-05,4.055796382466837e-05,3.957075411696441e-10,8.410478297864269e-05
6.9625,4997.607270207904,1.7484171252928443e-08,4.0535576517186655e-05,4.0535576517186655e-05,3.9571913164719697e-10,8.742085626464221e-05
6.9750000000000005,4997.5552231182,1.786449009744195e-08,4.051025152878254e-05,4.051025152878254e-05,3.9573097424290665e-10,8.932245048720975e-05
6.987500000000001,4997.543855090137,1.794755862847826e-08,4.048211553641839e-05,4.048211553641839e-05,3.9574287190579284e-10,8.973779314239131e-05
7.0,4997.57489980219,1.7720708499518318e-08,4.045130902009337e-05,4.045130902009337e-05,3.9575461918686854e-10,8.860354249759159e-05
7.0125,4997.6498579950685,1.7172973487501312e-08,4.041798538431541e-05,4.041798538431541e-05,3.957660033674993e-10,8.586486743750655e-05
7.025,4997.769995863651,1.6295101244816735e-08,4.03823099903023e-05,4.03823099903023e-05,3.9577680559555276e-10,8.147550622408368e-05
7.0375000000000005,4997.936343997313,1.5079561041961578e-08,4.034445910691958e-05,4.034445910691958e-05,3.9578680202668096e-10,7.539780520980788e-05
7.050000000000001,4998.14969684461,1.3520547679350423e-08,4.0304618789127264e-05,4.0304618789127264e-05,3.9579576496819607e-10,6.760273839675212e-05
7.0625,4998.410612681708,1.161398171670337e-08,4.026298369337406e-05,4.026298369337406e-05,3.9580346402309773e-10,5.806990858351685e-05
7.075,4998.7194140691445,9.357506138168573e-09,4.021975583993917e-05,4.021975583993917e-05,3.958096672318902e-10,4.6787530690842865e-05
7.0875,4999.076188783622,6.750479540999345e-09,4.017514333267033e-05,4.017514333267033e-05,3.9581414220988367e-10,3.375239770499673e-05
7.1000000000000005,4999.480791218154,3.793965906261215e-09,4.012935904689854e-05,4.012935904689854e-05,3.9581665727771484e-10,1.8969829531306077e-05
7.112500000000001,4999.932844245282,4.907209811821991e-10,4.008261929652018e-05,4.008261929652018e-05,3.9581698258283995e-10,2.453604905910996e-06
7.125,5000.431741544478,-3.154824724279813e-09,4.003514249132596e-05,4.003514249132596e-05,3.958148912097562e-10,-1.5774123621399066e-05
7.1375,5000.976650395355,-7.136586349944999e-09,3.998714779562142e-05,3.998714779562142e-05,3.958101602766913e-10,-3.5682931749725e-05
7.15,5001.566514944002,-1.144684855382273e-08,3.993885379902964e-05,3.993885379902964e-05,3.958025720164704e-10,-5.723424276911365e-05
7.1625000000000005,5002.200059952158,-1.607629290451652e-08,3.989047721009468e-05,3.989047721009468e-05,3.9579191483922435e-10,-8.038146452258259e-05
7.175000000000001,5002.875795039199,-2.1014028884766668e-08,3.9842231582921265e-05,3.9842231582921265e-05,3.957779843745452e-10,-0.00010507014442383333
7.1875,5003.592019434232,-2.6247628608787668e-08,3.979432608659692e-05,3.979432608659692e-05,3.9576058449062705e-10,-0.00013123814304393834
7.2,5004.346827250593,-3.176316536931912e-08,3.974696432655703e-05,3.974696432655703e-05,3.95739528287854e-10,-0.0001588158268465956
7.2125,5005.138113302703,-3.7545256139550126e-08,3.9700343226378935e-05,3.9700343226378935e-05,3.9571463906421245e-10,-0.00018772628069775062
7.2250000000000005,5005.963579481428,-4.357710816125918e-08,3.965465197773904e-05,3.965465197773904e-05,3.9568575124981996e-10,-0.0002178855408062959
7.237500000000001,5006.820741707395,-4.9840569752788516e-08,3.961007106544825e-05,3.961007106544825e-05,3.956527113077727e-10,-0.00024920284876394256
7.25,5007.706937479555,-5.631618546896718e-08,3.9566771373607344e-05,3.9566771373607344e-05,3.9561537859842674e-10,-0.0002815809273448359
7.2625,5008.619334037023,-6.298325573970285e-08,3.952491337800706e-05,3.952491337800706e-05,3.9557362620414417e-10,-0.00031491627869851424
7.275,5009.554937149314,-6.98199011044521e-08,3.948464642895188e-05,3.948464642895188e-05,3.9552734171145723e-10,-0.0003490995055222605
7.2875000000000005,5010.51060055033,-7.68031311460908e-08,3.9446108127721655e-05,3.9446108127721655e-05,3.954764279475356e-10,-0.000384015655730454
7.300000000000001,5011.483036026781,-8.390891821012667e-08,3.940942379891665e-05,3.940942379891665e-05,3.95420803667784e-10,-0.00041954459105063334
7.3125,5012.468824170314,-9.111227597321221e-08,3.937470605996942e-05,3.937470605996942e-05,3.9536040419135585e-10,-0.0004555613798660611
7.325,5013.46442579876,-9.838734289907603e-08,3.9342054488163815e-05,3.9342054488163815e-05,3.9529518198134314e-10,-0.0004919367144953802
7.3375,5014.466194046904,-1.0570747059016242e-07,3.931155538458787e-05,3.931155538458787e-05,3.952251071663965e-10,-0.0005285373529508121
7.3500000000000005,5015.470387124244,-1.1304531700948103e-07,3.928328163357439e-05,3.928328163357439e-05,3.9515016800054766e-10,-0.0005652265850474051
7.362500000000001,5016.473181730287,-1.2037294451002336e-07,3.925729265535836e-05,3.925729265535836e-05,3.9507037125804664e-10,-0.0006018647225501168
7.375,5017.470687113878,-1.2766192256830088e-07,3.923363444891419e-05,3.923363444891419e-05,3.94985742560096e-10,-0.0006383096128415044
7.3875,5018.458959755818,-1.3488343507488033e-07,3.921233972123322e-05,3.921233972123322e-05,3.9489632663046053e-10,-0.0006744171753744016
7.4,5019.434018649139,-1.4200839198821415e-07,3.919342809867082e-05,3.919342809867082e-05,3.9480218747706026e-10,-0.0007100419599410708
7.4125000000000005,5020.39186114263,-1.4900754510929538e-07,3.9176906415435567e-05,3.9176906415435567e-05,3.9470340849681517e-10,-0.0007450377255464769
7.425000000000001,5021.328479308982,-1.5585160768375397e-07,3.916276907381502e-05,3.916276907381502e-05,3.946000925012039e-10,-0.0007792580384187698
7.4375,5022.239876788606,-1.6251137748601518e-07,3.9150998470335745e-05,3.9150998470335745e-05,3.944923616602286e-10,-0.0008125568874300759
7.45,5023.122086055887,-1.689578629868728e-07,3.9141565481739346e-05,3.9141565481739346e-05,3.943803573627416e-10,-0.0008447893149343639
7.4625,5023.971186045731,-1.7516241215254267e-07,3.913443000442249e-05,3.913443000442249e-05,3.942642399913897e-10,-0.0008758120607627133
7.4750000000000005,5024.783320070648,-1.8109684337023838e-07,3.912954154083489e-05,3.912954154083489e-05,3.9414418861076603e-10,-0.0009054842168511919
7.487500000000001,5025.554713952944,-1.8673357794308472e-07,3.912683982625299e-05,3.912683982625299e-05,3.9402040056772965e-10,-0.0009336678897154236
7.5,5026.281694288261,-1.920457735468463e-07,3.9126255489346e-05,3.9126255489346e-05,3.938930910032548e-10,-0.0009602288677342315
7.5125,5026.960706751561,-1.970074579926377e-07,3.912771074001897e-05,3.912771074001897e-05,3.93762492275607e-10,-0.0009850372899631885
7.525,5027.588334348257,-2.015936625949125e-07,3.913112007815242e-05,3.913112007815242e-05,3.936288532951085e-10,-0.0010079683129745624
7.5375000000000005,5028.161315510348,-2.0578055440245797e-07,3.913639101705197e-05,3.913639101705197e-05,3.934924387712451e-10,-0.0010289027720122898
7.550000000000001,5028.676561930338,-2.0954556651332132e-07,3.914342481566951e-05,3.914342481566951e-05,3.933535283733865e-10,-0.0010477278325666066
7.5625,5029.1311760215385,-2.1286752566291842e-07,3.9152117213953625e-05,3.9152117213953625e-05,3.932124158069265e-10,-0.001064337628314592
7.575,5029.522467891155,-2.1572677624849519e-07,3.916235916602346e-05,3.916235916602346e-05,3.9306940780720574e-10,-0.001078633881242476
7.5875,5029.847971708265,-2.181052999337304e-07,3.917403756623126e-05,3.917403756623126e-05,3.929248230541471e-10,-0.001090526499668652
7.6000000000000005,5030.10546134816,-2.1998682996477832e-07,3.918703596357748e-05,3.918703596357748e-05,3.9277899101110976e-10,-0.0010999341498238917
7.612500000000001,5030.292965193149,-2.213569593241275e-07,3.9201235260361125e-05,3.9201235260361125e-05,3.926322506920464e-10,-0.0011067847966206375
7.625,5030.408779971416,-2.2220324185173517e-07,3.921651439138133e-05,3.921651439138133e-05,3.924849493616261e-10,-0.0011110162092586758
7.6375,5030.4514835152,-2.2251528547449053e-07,3.923275098044709e-05,3.923275098044709e-05,3.923374411735542e-10,-0.0011125764273724526
7.65,5030.419946324871,-2.22284836705126e-07,3.92498219713947e-05,3.92498219713947e-05,3.9219008575287687e-10,-0.00111142418352563
7.6625000000000005,5030.313341827139,-2.2150585560089944e-07,3.926760423125134e-05,3.926760423125134e-05,3.9204324672859443e-10,-0.0011075292780044971
7.675000000000001,5030.1311552217185,-2.201745804105385e-07,3.9285975123613076e-05,3.9285975123613076e-05,3.9189729022341956e-10,-0.0011008729020526924
7.6875,5029.873190818369,-2.1828958118487092e-07,3.930481305072177e-05,3.930481305072177e-05,3.9175258330799627e-10,-0.0010914479059243546
7.7,5029.539577771692,-2.1585180168280206e-07,3.93239979631237e-05,3.93239979631237e-05,3.9160949242733887e-10,-0.0010792590084140103
7.7125,5029.130774131418,-2.128645889688688e-07,3.934341183616965e-05,3.934341183616965e-05,3.9146838180765037e-10,-0.001064322944844344
7.7250000000000005,5028.6475691360565,-2.0933371017162332e-07,3.936293911296868e-05,3.936293911296868e-05,3.9132961185203165e-10,-0.0010466685508581167
7.737500000000001,5028.091083687457,-2.0526735595302565e-07,3.9382467113733195e-05,3.9382467113733195e-05,3.9119353753389043e-10,-0.0010263367797651282
7.75,5027.462768957634,-2.0067613032707953e-07,3.9401886411749636e-05,3.9401886411749636e-05,3.910605067970999e-10,-0.0010033806516353977
7.7625,5026.764403090869,-1.955730265607566e-07,3.9421091176475035e-05,3.9421091176475035e-05,3.909308589721327e-10,-0.000977865132803783
7.775,5025.998085977948,-1.8997338899087016e-07,3.94399794844948e-05,3.94399794844948e-05,3.908049232175073e-10,-0.0009498669449543508
7.7875000000000005,5025.166232095241,-1.8389486069580407e-07,3.9458453599280174e-05,3.9458453599280174e-05,3.906830169959229e-10,-0.0009194743034790203
7.800000000000001,5024.271561414524,-1.77357317070524e-07,3.9476420220855345e-05,3.9476420220855345e-05,3.905654445944289e-10,-0.00088678658535262
7.8125,5023.317088404931,-1.7038278546558358e-07,3.949379070662432e-05,3.949379070662432e-05,3.9045249569786626e-10,-0.000851913927327918
7.825,5022.3061091665595,-1.6299535116453812e-07,3.9510481264717666e-05,3.9510481264717666e-05,3.903444440246378e-10,-0.0008149767558226906
7.8375,5021.2421867463845,-1.5522105008895734e-07,3.952641312129942e-05,3.952641312129942e-05,3.902415460336058e-10,-0.0007761052504447867
7.8500000000000005,5020.12913470768,-1.4708774873383378e-07,3.954151266332692e-05,3.954151266332692e-05,3.901440397105816e-10,-0.0007354387436691689
7.862500000000001,5018.9709990354195,-1.386250119481548e-07,3.955571155828268e-05,3.955571155828268e-05,3.9005214344246544e-10,-0.000693125059740774
7.875,5017.772038477679,-1.2986395928402062e-07,3.956894685239904e-05,3.956894685239904e-05,3.8996605498661405e-10,-0.0006493197964201031
7.8875,5016.536703435496,-1.2083711074206467e-07,3.958116104887563e-05,3.958116104887563e-05,3.898859505424659e-10,-0.0006041855537103234
7.9,5015.269613528674,-1.1157822283939629e-07,3.9592302167548954e-05,3.9592302167548954e-05,3.898119839318386e-10,-0.0005578911141969814
7.9125000000000005,5013.975533976472,-1.0212211601813753e-07,3.960232378741414e-05,3.960232378741414e-05,3.8974428589363966e-10,-0.0005106105800906877
7.925000000000001,5012.659350943927,-9.25044944964909e-08,3.9611185073324386e-05,3.9611185073324386e-05,3.8968296349800024e-10,-0.0004625224724824545
7.9375,5011.326046015036,-8.276175973908136e-08,3.9618850788105324e-05,3.9618850788105324e-05,3.896280996840617e-10,-0.0004138087986954068
7.95,5009.9806699629535,-7.293081878826284e-08,3.9625291291222094e-05,3.9625291291222094e-05,3.895797529248217e-10,-0.0003646540939413142
7.9625,5008.628315993459,-6.304888875242624e-08,3.963048252502859e-05,3.963048252502859e-05,3.8953795702158756e-10,-0.0003152444437621312
7.9750000000000005,5007.274092646603,-5.315329878983318e-08,3.9634405989513425e-05,3.9634405989513425e-05,3.895027210296969e-10,-0.0002657664939491659
7.987500000000001,5005.923096542517,-4.3281290957370095e-08,3.9637048706337344e-05,3.9637048706337344e-05,3.894740293162583e-10,-0.00021640645478685047
8.0,5004.580385161888,-3.346982131171736e-08,3.963840317283491e-05,3.963840317283491e-05,3.894518417497446e-10,-0.0001673491065585868
8.012500000000001,5003.250949851406,-2.3755362655853915e-08,3.963846730653033e-05,3.963846730653033e-05,3.894360940203476e-10,-0.00011877681327926957
8.025,5001.939689244565,-1.4173710316126922e-08,3.9637244380596014e-05,3.9637244380596014e-05,3.894266980890859e-10,-7.086855158063461e-05
8.0375,5000.651383282931,-4.759792314861825e-09,3.963474295056387e-05,3.963474295056387e-05,3.8942354276275195e-10,-2.3798961574309125e-05
8.05,4999.390668022302,4.452514730056005e-09,3.963097677248548e-05,3.963097677248548e-05,3.8942649439090097e-10,2.2262573650280023e-05
8.0625,4998.16201139786,1.3430562692705e-08,3.962596471262962e-05,3.962596471262962e-05,3.8943539768023394e-10,6.7152813463525e-05
8.075000000000001,4996.9696901173465,2.214310078556255e-08,3.9619730648704945e-05,3.9619730648704945e-05,3.8945007662091077e-10,0.00011071550392781274
8.0875,4995.817767840598,3.0560435005722224e-08,3.9612303362504035e-05,3.9612303362504035e-05,3.8947033551856257e-10,0.00015280217502861113
8.1,4994.710074793484,3.8654577101412454e-08,3.960371642378301e-05,3.960371642378301e-05,3.894959601250554e-10,0.00019327288550706226
8.1125,4993.650188951085,4.6399382068633445e-08,3.959400806511947e-05,3.959400806511947e-05,3.895267188604025e-10,0.00023199691034316721
8.125,4992.641418913058,5.377067328593435e-08,3.958322104743161e-05,3.958322104743161e-05,3.895623641176301e-10,0.00026885336642967176
8.137500000000001,4991.686788578004,6.07463545010369e-08,3.9571402515793934e-05,3.9571402515793934e-05,3.8960263364188015e-10,0.0003037317725051845
8.15,4990.789023709573,6.730650799527236e-08,3.955860384515e-05,3.955860384515e-05,3.8964725197458775e-10,0.0003365325399763618
8.1625,4989.950540470274,7.343347836926563e-08,3.95448804755011e-05,3.95448804755011e-05,3.8969593195320124e-10,0.0003671673918463282
8.175,4989.173435982859,7.911194151472309e-08,3.953029173614191e-05,3.953029173614191e-05,3.8974837625662427e-10,0.00039555970757361545
8.1875,4988.459480960901,8.432895846106926e-08,3.9514900658519785e-05,3.9514900658519785e-05,3.8980427898635383e-10,0.0004216447923053463
8.200000000000001,4987.8101144352495,8.907401391114305e-08,3.94987737773141e-05,3.94987737773141e-05,3.898633272731639e-10,0.00044537006955571525
8.2125,4987.226440584507,9.333903940537926e-08,3.948198091936581e-05,3.948198091936581e-05,3.899252028991448e-10,0.0004666951970268963
8.225,4986.709227659147,9.711842117745761e-08,3.946459498013409e-05,3.946459498013409e-05,3.8998958392495045e-10,0.00048559210588728806
8.2375,4986.258908976871,1.0040899288604361e-07,3.9446691687418016e-05,3.9446691687418016e-05,3.9005614631222716e-10,0.0005020449644302181
8.25,4985.875585945336,1.0321001352414239e-07,3.942834935215445e-05,3.942834935215445e-05,3.9012456553139836e-10,0.000516050067620712
8.262500000000001,4985.559033057269,1.0552313092010802e-07,3.940964860618936e-05,3.940964860618936e-05,3.9019451814525365e-10,0.0005276156546005401
8.275,4985.3087047860445,1.0735233135040222e-07,3.93906721270176e-05,3.93906721270176e-05,3.9026568335913557e-10,0.0005367616567520111
8.2875,4985.12374429675,1.0870387588323958e-07,3.937150434959487e-05,3.937150434959487e-05,3.9033774452892773e-10,0.0005435193794161979
8.3,4985.002993877058,1.0958622416358956e-07,3.9352231165444255e-05,3.9352231165444255e-05,3.90410390618519e-10,0.0005479311208179478
8.3125,4984.945006976764,1.100099464320612e-07,3.933293960940772e-05,3.933293960940772e-05,3.9048331759894406e-10,0.0005500497321603061
8.325000000000001,4984.948061740269,1.0998762464368395e-07,3.931371753452861e-05,3.931371753452861e-05,3.905562297819742e-10,0.0005499381232184198
8.3375,4985.010175902982,1.0953374361555406e-07,3.929465327569334e-05,3.929465327569334e-05,3.9062884108154855e-10,0.0005476687180777703
8.35,4985.129122918061,1.0866457318548758e-07,3.927583530280824e-05,3.927583530280824e-05,3.9070087619708686e-10,0.0005433228659274379
8.3625,4985.302449173244,1.0739804240636588e-07,3.925735186443855e-05,3.925735186443855e-05,3.907720717134041e-10,0.0005369902120318294
8.375,4985.52749215241,1.0575360683282884e-07,3.923929062299012e-05,3.923929062299012e-05,3.908421771126476e-10,0.0005287680341641442
8.387500000000001,4985.801399395842,1.0375210997856978e-07,3.922173828266817e-05,3.922173828266817e-05,3.9091095569439286e-10,0.0005187605498928489
8.4,4986.121148108237,1.0141564003332228e-07,3.920478021160003e-05,3.920478021160003e-05,3.909781854007547e-10,0.0005070782001666114
8.4125,4986.483565266981,9.876738292973784e-08,3.918850005965839e-05,3.918850005965839e-05,3.91043659544095e-10,0.0004938369146486891
8.425,4986.885348081432,9.583147284131087e-08,3.9172979373666086e-05,3.9172979373666086e-05,3.911071874356236e-10,0.0004791573642065543
8.4375,4987.323084658807,9.263284117437534e-08,3.9158297211801e-05,3.9158297211801e-05,3.911685949138939e-10,0.0004631642058718767
8.450000000000001,4987.793274733892,8.919706509014617e-08,3.9144529759149054e-05,3.9144529759149054e-05,3.912277247728819e-10,0.00044598532545073085
8.4625,4988.292350326561,8.555021655775265e-08,3.913174994647093e-05,3.913174994647093e-05,3.912844370900006e-10,0.00042775108278876324
8.475,4988.816696194898,8.171871289657326e-08,3.912002707435453e-05,3.912002707435453e-05,3.913386094550372e-10,0.00040859356448286633
8.4875,4989.362669960742,7.77291697170771e-08,3.910942644501617e-05,3.910942644501617e-05,3.913901371016025e-10,0.0003886458485853855
8.5,4989.926621789559,7.360825711427946e-08,3.9100009004089224e-05,3.9100009004089224e-05,3.9143893294324953e-10,0.0003680412855713973
8.512500000000001,4990.504913517038,6.938255990787069e-08,3.909183099479615e-05,3.909183099479615e-05,3.9148492751694356e-10,0.00034691279953935345
8.525,4991.0939371213335,6.507844265874988e-08,3.9084943626938524e-05,3.9084943626938524e-05,3.9152806883704954e-10,0.0003253922132937494
8.5375,4991.690132451766,6.072192012434546e-08,3.907939276315716e-05,3.907939276315716e-05,3.915683221634432e-10,0.0003036096006217273
8.55,4992.2900041315415,5.633853374492112e-08,3.907521862491034e-05,3.907521862491034e-05,3.9160566968774304e-10,0.0002816926687246056
8.5625,4992.89013756436,5.195323468166794e-08,3.9072455520591185e-05,3.9072455520591185e-05,3.916401101420068e-10,0.0002597661734083397
8.575000000000001,4993.487213982792,4.759027385491689e-08,3.9071131598154485e-05,3.9071131598154485e-05,3.9167165833453305e-10,0.00023795136927458443
8.5875,4994.078024486995,4.327309935847743e-08,3.907126862454835e-05,3.907126862454835e-05,3.917003446176574e-10,0.00021636549679238714
8.6,4994.659483032957,3.902426155463798e-08,3.9072881794146674e-05,3.9072881794146674e-05,3.91726214292635e-10,0.0001951213077731899
8.6125,4995.228638336884,3.4865326084009356e-08,3.9075979568254346e-05,3.9075979568254346e-05,3.9174932695685586e-10,0.00017432663042004677
8.625,4995.782684674084,3.08167949565094e-08,3.908056354760873e-05,3.908056354760873e-05,3.91769755798751e-10,0.000154083974782547
8.637500000000001,4996.318971558199,2.6898035824287705e-08,3.9086628379628806e-05,3.9086628379628806e-05,3.917875868458122e-10,0.00013449017912143852
8.65,4996.835012295141,2.3127219475134764e-08,3.909416170196807e-05,3.909416170196807e-05,3.9180291817117554e-10,0.00011563609737567382
8.6625,4997.328491415003,1.952126552627128e-08,3.910314412371034e-05,3.910314412371034e-05,3.918158590642046e-10,9.76063276313564e-05
8.675,4997.797270991881,1.6095796243827114e-08,3.911354924531003e-05,3.911354924531003e-05,3.9182652917046014e-10,8.047898121913558e-05
8.6875,4998.239395869162,1.2865098362898547e-08,3.912534371812213e-05,3.912534371812213e-05,3.918350576063599e-10,6.432549181449274e-05
8.700000000000001,4998.653097812301,9.842092737115213e-09,3.913848734409421e-05,3.913848734409421e-05,3.9184158205371815e-10,4.9210463685576065e-05
8.7125,4999.036798620609,7.038311605798064e-09,3.915293321590509e-05,3.915293321590509e-05,3.918462478392162e-10,3.519155802899032e-05
8.725,4999.389112229439,4.463883230094753e-09,3.916862789753516e-05,3.916862789753516e-05,3.918492070036872e-10,2.2319416150473765e-05
8.7375,4999.708845842586,2.1275236180968445e-09,3.918551164494458e-05,3.918551164494458e-05,3.918506173659161e-10,1.0637618090484222e-05
8.75,4999.995000136737,3.653503228303389e-11,3.920351866622008e-05,3.920351866622008e-05,3.918506415854496e-10,1.8267516141516943e-07
8.762500000000001,5000.24676858238,-1.8031890495151696e-09,3.922257742023244e-05,3.922257742023244e-05,3.918494462286952e-10,-9.015945247575848e-06
8.775,5000.463535929122,-3.3871528656845346e-09,3.9242610952527875e-05,3.9242610952527875e-05,3.918472008423575e-10,-1.6935764328422673e-05
8.7875,5000.644875904317,-4.71224155399644e-09,3.9263537266860775e-05,3.9263537266860775e-05,3.918440770380224e-10,-2.35612077699822e-05
8.8,5000.790548175296,-5.776698954169989e-09,3.928526973046615e-05,3.928526973046615e-05,3.9184024759145674e-10,-2.8883494770849946e-05
8.8125,5000.900494626439,-6.580100402339064e-09,3.930771751087046e-05,3.930771751087046e-05,3.918358855599423e-10,-3.290050201169532e-05
8.825000000000001,5000.974835001448,-7.12332089114562e-09,3.9330786041753515e-05,3.9330786041753515e-05,3.918311634207173e-10,-3.56166044557281e-05
8.8375,5001.013861962837,-7.408498966660538e-09,3.935437751510384e-05,3.935437751510384e-05,3.9182625223335066e-10,-3.704249483330269e-05
8.85,5001.018035617998,-7.43899672805798e-09,3.9378391396660024e-05,3.9378391396660024e-05,3.918213208286335e-10,-3.7194983640289897e-05
8.8625,5000.98797756054,-7.2193562879215015e-09,3.940272496140205e-05,3.940272496140205e-05,3.9181653502633316e-10,-3.609678143960751e-05
8.875,5000.924464474908,-6.755253040465478e-09,3.942727384565451e-05,3.942727384565451e-05,3.918120568839267e-10,-3.3776265202327394e-05
8.887500000000001,5000.82842135016,-6.053446072455235e-09,3.945193261218828e-05,3.945193261218828e-05,3.918080439782073e-10,-3.0267230362276177e-05
8.9,5000.700914346636,-5.121726037349789e-09,3.947659532456234e-05,3.947659532456234e-05,3.918046487214457e-10,-2.5608630186748948e-05
8.9125,5000.543143356784,-3.968860797807615e-09,3.950115612683473e-05,3.950115612683473e-05,3.9180201771358597e-10,-1.9844303989038076e-05
8.925,5000.356434300639,-2.6045391248832157e-09,3.952550982469183e-05,3.952550982469183e-05,3.918002911317637e-10,-1.3022695624416078e-05
8.9375,5000.142231191828,-1.0393127252568597e-09,3.95495524640006e-05,3.95495524640006e-05,3.917996021582551e-10,-5.1965636262842985e-06
8.950000000000001,4999.902088010122,7.154631499746414e-10,3.957318190277941e-05,3.957318190277941e-05,3.918000764477973e-10,3.577315749873207e-06
8.9625,4999.637660411616,2.6476902789488627e-09,3.9596298372609584e-05,3.9596298372609584e-05,3.9180183163506363e-10,1.3238451394744314e-05
8.975,4999.350697307441,4.744589006736741e-09,3.961880502557343e-05,3.961880502557343e-05,3.9180497688293296e-10,2.3722945033683704e-05
8.9875,4999.0430323377905,6.992760545658184e-09,3.964060846290249e-05,3.964060846290249e-05,3.918096124720589e-10,3.496380272829092e-05
9.0,4998.716575266891,9.378249853162031e-09,3.966161924165375e-05,3.966161924165375e-05,3.9181582943212157e-10,4.689124926581016e-05
9.012500000000001,4998.373303322432,1.1886608917771369e-08,3.968175235589837e-05,3.968175235589837e-05,3.9182370921503195e-10,5.943304458885684e-05
9.025,4998.015252500248,1.450296029798394e-08,3.9700927689107203e-05,3.9700927689107203e-05,3.9183332341025756e-10,7.25148014899197e-05
9.0375,4997.644508853332,1.721206077214471e-08,3.9719070434646204e-05,3.9719070434646204e-05,3.918447335023421e-10,8.606030386072356e-05
9.05,4997.263199784359,1.9998364969468196e-08,3.97361114815523e-05,3.97361114815523e-05,3.9185799067060703e-10,9.999182484734098e-05
9.0625,4996.873485356431,2.2846088862543814e-08,3.975198776304252e-05,3.975198776304252e-05,3.9187313563094294e-10,0.00011423044431271907
9.075000000000001,4996.477549638043,2.573927301077477e-08,3.9766642565513464e-05,3.9766642565513464e-05,3.9189019851952614e-10,0.00012869636505387385
9.0875,4996.077592096704,2.866184545161137e-08,3.9780025796111946e-05,3.9780025796111946e-05,3.919091988182263e-10,0.00014330922725805685
9.1,4995.675819053078,3.159768414207633e-08,3.979209420729657e-05,3.979209420729657e-05,3.919301453214075e-10,0.00015798842071038165
9.1125,4995.274435210849,3.45306788576302e-08,3.980281157716136e-05,3.980281157716136e-05,3.9195303614376306e-10,0.000172653394288151
9.125,4994.875635271971,3.7444792457734926e-08,3.981214884465227e-05,3.981214884465227e-05,3.919778587687634e-10,0.00018722396228867464
9.137500000000001,4994.481595651167,4.032412142889083e-08,3.982008419917164e-05,3.982008419917164e-05,3.920045901372394e-10,0.00020162060714445416
9.15,4994.094466302183,4.315295561567604e-08,3.9826603124431075e-05,3.9826603124431075e-05,3.92033196775562e-10,0.0002157647780783802
9.1625,4993.716362666674,4.591583704846298e-08,3.983169839677574e-05,3.983169839677574e-05,3.92063634962819e-10,0.0002295791852423149
9.175,4993.349357760103,4.8597617773864286e-08,3.983537003855905e-05,3.983537003855905e-05,3.920958509363291e-10,0.00024298808886932143
9.1875,4992.995474407796,5.118351658990136e-08,3.983762522749278e-05,3.983762522749278e-05,3.921297811347657e-10,0.0002559175829495068
9.200000000000001,4992.656677644234,5.365917458278546e-08,3.9838478163230345e-05,3.9838478163230345e-05,3.9216535247809727e-10,0.00026829587291392733
9.2125,4992.334867291978,5.6010709356573753e-08,3.983794989275701e-05,3.983794989275701e-05,3.9220248268347703e-10,0.00028005354678286876
9.225,4992.031870734823,5.8224767840367554e-08,3.9836068096457485e-05,3.9836068096457485e-05,3.9224108061613916e-10,0.00029112383920183775
9.2375,4991.749435902312,6.028857755072831e-08,3.983286683700553e-05,3.983286683700553e-05,3.922810466742775e-10,0.00030144288775364156
9.25,4991.489224483949,6.218999617980297e-08,3.9828386273470416e-05,3.9828386273470416e-05,3.9232227320679687e-10,0.0003109499808990148
9.262500000000001,4991.252805390514,6.391755937205159e-08,3.982267234325802e-05,3.982267234325802e-05,3.9236464496273643e-10,0.00031958779686025793
9.275,4991.041648483475,6.546052654524421e-08,3.981577641469959e-05,3.981577641469959e-05,3.9240803957106787e-10,0.00032730263272622104
9.2875,4990.857118593014,6.680892460430093e-08,3.98077549132665e-05,3.98077549132665e-05,3.924523280494724e-10,0.00033404462302150464
9.3,4990.700469845113,6.795358938968719e-08,3.979866892452411e-05,3.979866892452411e-05,3.9249737534059434e-10,0.00033976794694843594
9.3125,4990.572840322604,6.888620469649556e-08,3.978858377704169e-05,3.978858377704169e-05,3.92543040874161e-10,0.0003444310234824778
9.325000000000001,4990.475247080243,6.95993386946628e-08,3.9777568608547286e-05,3.9777568608547286e-05,3.9258917915324576e-10,0.00034799669347331403
9.3375,4990.4085815402905,7.00864775771164e-08,3.976569591865782e-05,3.976569591865782e-05,3.9263564036283726e-10,0.000350432387885582
9.35,4990.373605291288,7.034205625945307e-08,3.97530411115246e-05,3.97530411115246e-05,3.9268227099875944e-10,0.00035171028129726535
9.3625,4990.370946314443,7.036148595321703e-08,3.9739682031714966e-05,3.9739682031714966e-05,3.927289145148706e-10,0.0003518074297660851
9.375,4990.401095662344,7.014117843488103e-08,3.9725698496602175e-05,3.9725698496602175e-05,3.927754119863503e-10,0.00035070589217440514
9.387500000000001,4990.464404614383,6.967856683429546e-08,3.9711171828459975e-05,3.9711171828459975e-05,3.928216027867677e-10,0.00034839283417147733
9.4,4990.561082331343,6.897212276959257e-08,3.969618438935653e-05,3.969618438935653e-05,3.928673252765082e-10,0.00034486061384796286
9.4125,4990.691194033769,6.802136966113854e-08,3.968081912181748e-05,3.968081912181748e-05,3.9291241750002663e-10,0.00034010684830569274
9.425,4990.854659724532,6.682689206419101e-08,3.966515909808094e-05,3.966515909808094e-05,3.929567178892868e-10,0.00033413446032095506
9.4375,4991.0512534773825,6.539034086945989e-08,3.9649287080601234e-05,3.9649287080601234e-05,3.930000659706489e-10,0.0003269517043472994
9.450000000000001,4991.280603309353,6.371443423205482e-08,3.963328509627523e-05,3.963328509627523e-05,3.930423030723723e-10,0.00031857217116027414
9.4625,4991.542191656022,6.180295410314613e-08,3.9617234026667955e-05,3.9617234026667955e-05,3.930832730298195e-10,0.0003090147705157307
9.475,4991.835356462575,5.96607382540679e-08,3.96012132163052e-05,3.96012132163052e-05,3.931228228853727e-10,0.0002983036912703395
9.4875,4992.159292904907,5.72936677006244e-08,3.958530010088296e-05,3.958530010088296e-05,3.9316080358001346e-10,0.000286468338503122
9.5,4992.513055750088,5.470864945508002e-08,3.9569569857018785e-05,3.9569569857018785e-05,3.93197070633469e-10,0.0002735432472754001
9.512500000000001,4992.895562363176,5.191359455515055e-08,3.955409507494212e-05,3.955409507494212e-05,3.932314848097931e-10,0.00025956797277575274
9.525,4993.305596363915,4.8917391342876366e-08,3.95389454552907e-05,3.95389454552907e-05,3.932639127652336e-10,0.00024458695671438185
9.5375,4993.741811933859,4.572987399165848e-08,3.95241875309513e-05,3.95241875309513e-05,3.932942276752358e-10,0.0002286493699582924
9.55,4994.202738770436,4.2361786306652036e-08,3.9509884414658036e-05,3.9509884414658036e-05,3.9332230983744887e-10,0.00021180893153326019
9.5625,4994.686787680274,3.8824740851893284e-08,3.949609557284103e-05,3.949609557284103e-05,3.9334804724763715e-10,0.00019412370425946643
9.575000000000001,4995.1922568011005,3.513117348706582e-08,3.9482876626005895e-05,3.9482876626005895e-05,3.9337133614545315e-10,0.0001756558674353291
9.5875,4995.717338436068,3.129429342710626e-08,3.947027917572107e-05,3.947027917572107e-05,3.933920815271045e-10,0.00015647146713553128
9.600000000000001,4996.260126481005,2.732802896884583e-08,3.945835065809743e-05,3.945835065809743e-05,3.934101976220423e-10,0.00013664014484422916
9.6125,4996.818624420824,2.3246969060469768e-08,3.944713422346401e-05,3.944713422346401e-05,3.9342560833091547e-10,0.00011623484530234884
9.625,4997.390753866549,1.9066300921056304e-08,3.943666864177687e-05,3.943666864177687e-05,3.934382476221718e-10,9.533150460528152e-05
9.637500000000001,4997.974363599506,1.4801743948785913e-08,3.9426988233144736e-05,3.9426988233144736e-05,3.9344805988484644e-10,7.400871974392956e-05
9.65,4998.567239087699,1.0469480187617371e-08,3.9418122822717804e-05,3.9418122822717804e-05,3.9345500023525535e-10,5.2347400938086854e-05
9.662500000000001,4999.167112431081,6.0860816520546995e-09,3.941009771906313e-05,3.941009771906313e-05,3.934590347755119e-10,3.0430408260273497e-05
9.675,4999.7716726922945,1.6684348388717032e-09,3.940293371504391e-05,3.940293371504391e-05,3.934601408020012e-10,8.342174194358517e-06
9.6875,5000.37857656362,-2.7663372177660497e-09,3.9396647110128984e-05,3.9396647110128984e-05,3.934583069621833e-10,-1.3831686088830248e-05
9.700000000000001,5000.985459317548,-7.200954965496883e-09,3.939124975298432e-05,3.939124975298432e-05,3.934535333583516e-10,-3.6004774827484416e-05
9.7125,5001.589945985958,-1.1618064021087829e-08,3.938674910313851e-05,3.938674910313851e-05,3.934458315972389e-10,-5.8090320105439146e-05
9.725000000000001,5002.189662708832,-1.6000318098258664e-08,3.938314831047053e-05,3.938314831047053e-05,3.9343522478464975e-10,-8.000159049129332e-05
9.7375,5002.782248191513,-2.0330462729461984e-08,3.9380446311237986e-05,3.9380446311237986e-05,3.934217474645929e-10,-0.00010165231364730991
9.75,5003.36536520787,-2.4591419318964956e-08,3.9378637939347894e-05,3.9378637939347894e-05,3.9340544550269344e-10,-0.00012295709659482479
9.762500000000001,5003.936712082735,-2.8766369051902982e-08,3.9377714051569527e-05,3.9377714051569527e-05,3.933863759139809e-10,-0.00014383184525951491
9.775,5004.494034089503,-3.28388361740538e-08,3.9377661665396944e-05,3.9377661665396944e-05,3.9336460663547004e-10,-0.00016419418087026898
9.787500000000001,5005.035134693346,-3.6792770151389e-08,3.9378464108289256e-05,3.9378464108289256e-05,3.933402162442769e-10,-0.000183963850756945
9.8,5005.557886574074,-4.0612626215748504e-08,3.93801011770457e-05,3.93801011770457e-05,3.933132936223404e-10,-0.00020306313107874252
9.8125,5006.060242360811,-4.428344380450981e-08,3.9382549306111214e-05,3.9382549306111214e-05,3.93283937569145e-10,-0.00022141721902254905
9.825000000000001,5006.540245011496,-4.779092240736394e-08,3.9385781743653646e-05,3.9385781743653646e-05,3.9325225636416365e-10,-0.0002389546120368197
9.8375,5006.996037772702,-5.1121494342352364e-08,3.9389768734305757e-05,3.9389768734305757e-05,3.932183672810569e-10,-0.0002556074717117618
9.850000000000001,5007.425873654971,-5.4262393996536264e-08,3.939447770752219e-05,3.939447770752219e-05,3.931823960559709e-10,-0.0002713119699826813
9.8625,5007.8281243634865,-5.720172308349275e-08,3.939987347056266e-05,3.939987347056266e-05,3.93144476312576e-10,-0.00028600861541746376
9.875,5008.201288625191,-5.99285114905694e-08,3.940591840517604e-05,3.940591840517604e-05,3.9310474894676843e-10,-0.000299642557452847
9.887500000000001,5008.543999857174,-6.243277331338686e-08,3.941257266712568e-05,3.941257266712568e-05,3.9306336147422637e-10,-0.0003121638665669343
9.9,5008.855033124965,-6.470555770296155e-08,3.9419794387761914e-05,3.9419794387761914e-05,3.9302046734425866e-10,-0.00032352778851480775
9.912500000000001,5009.133311344358,-6.673899418209499e-08,3.9427539876913506e-05,3.9427539876913506e-05,3.9297622522361267e-10,-0.00033369497091047495
9.925,5009.377910683684,-6.852633212221799e-08,3.943576382643382e-05,3.943576382643382e-05,3.9293079825411254e-10,-0.00034263166061108995
9.9375,5009.588065130116,-7.006197410900607e-08,3.944441951379963e-05,3.944441951379963e-05,3.92884353288179e-10,-0.00035030987054503036
9.950000000000001,5009.763170187666,-7.134150296499112e-08,3.94534590052197e-05,3.94534590052197e-05,3.9283706010643534e-10,-0.0003567075148249556
9.9625,5009.902785681157,-7.236170223940821e-08,3.94628333577657e-05,3.94628333577657e-05,3.9278909062173064e-10,-0.00036180851119704105
9.975000000000001,5010.006637646377,-7.312057001932765e-08,3.9472492820089564e-05,3.9472492820089564e-05,3.927406180740073e-10,-0.00036560285009663824
9.9875,5010.0746192924635,-7.3617325961574e-08,3.948238703133828e-05,3.948238703133828e-05,3.9269181622050705e-10,-0.00036808662980787
10.0,5010.1067910289885,-7.385241149139358e-08,3.94924652179187e-05,3.94924652179187e-05,3.9264285852584526e-10,-0.00036926205745696787
10.012500000000001,5010.1033795570775,-7.382748316094921e-08,3.950267638780172e-05,3.950267638780172e-05,3.9259391735648806e-10,-0.00036913741580474606
10.025,5010.064776030056,-7.354539920814963e-08,3.951296952208607e-05,3.951296952208607e-05,3.925451631841395e-10,-0.00036772699604074817
10.037500000000001,5009.99153329529,-7.301019940361551e-08,3.9523293763567495e-05,3.9523293763567495e-05,3.9249676380248877e-10,-0.00036505099701807754
10.05,5009.884362236434,-7.222707832016098e-08,3.953359860207912e-05,3.953359860207912e-05,3.924488835616774e-10,-0.0003611353916008049
10.0625,5009.744127239364,-7.120235220503036e-08,3.954383405638275e-05,3.954383405638275e-05,3.924016826247268e-10,-0.0003560117610251518
10.075000000000001,5009.571840814297,-6.994341967915569e-08,3.9553950852400464e-05,3.9553950852400464e-05,3.9235531625001946e-10,-0.0003497170983957785
10.0875,5009.368657408901,-6.845871653040786e-08,3.956390059757932e-05,3.956390059757932e-05,3.923099341037476e-10,-0.00034229358265203927
10.100000000000001,5009.135866455503,-6.67576649079414e-08,3.9573635951181204e-05,3.9573635951181204e-05,3.9226567960604207e-10,-0.000333788324539707
10.1125,5008.874884699556,-6.485061726248847e-08,3.9583110790284516e-05,3.9583110790284516e-05,3.9222268931426356e-10,-0.00032425308631244237
10.125,5008.587247860218,-6.274879541255056e-08,3.9592280371275014e-05,3.9592280371275014e-05,3.9218109234668775e-10,-0.0003137439770627528
10.137500000000001,5008.274601681277,-6.046422514779607e-08,3.960110148659013e-05,3.960110148659013e-05,3.921410098495429e-10,-0.00030232112573898035
10.15,5007.93869243078,-5.800966680965265e-08,3.9609532616465126e-05,3.9609532616465126e-05,3.9210255451006586e-10,-0.0002900483340482632
10.162500000000001,5007.581356913886,-5.5398542313498254e-08,3.9617534075411016e-05,3.9617534075411016e-05,3.9206583011793673e-10,-0.0002769927115674913
10.175,5007.20451206532,-5.264485909770898e-08,3.9625068153134104e-05,3.9625068153134104e-05,3.9203093117712805e-10,-0.00026322429548854493
10.1875,5006.8101441898725,-4.9763131501660424e-08,3.963209924958499e-05,3.963209924958499e-05,3.919979425698738e-10,-0.00024881565750830214
10.200000000000001,5006.40029792135,-4.6768300087480996e-08,3.9638594003803206e-05,3.9638594003803206e-05,3.919669392741209e-10,-0.000233841500437405
10.2125,5005.977064971956,-4.36756494288251e-08,3.964452141620122e-05,3.964452141620122e-05,3.919379861354798e-10,-0.00021837824714412548
10.225000000000001,5005.542572744095,-4.050072489430439e-08,3.9649852963910026e-05,3.9649852963910026e-05,3.9191113769434003e-10,-0.00020250362447152195
10.2375,5005.09897287654,-3.725924895340584e-08,3.96545627087886e-05,3.96545627087886e-05,3.9188643806846796e-10,-0.0001862962447670292
10.25,5004.648429797102,-3.396703752866685e-08,3.965862739768078e-05,3.965862739768078e-05,3.9186392089105547e-10,-0.00016983518764333426
10.262500000000001,5004.193109352645,-3.063991690989234e-08,3.9662026554487864e-05,3.9662026554487864e-05,3.9184360930384735e-10,-0.0001531995845494617
10.275,5003.735167584193,-2.729364173441134e-08,3.9664742563612235e-05,3.9664742563612235e-05,3.918255160046408e-10,-0.0001364682086720567
10.287500000000001,5003.276739715123,-2.394381452170092e-08,3.9666760744318224e-05,3.9666760744318224e-05,3.91809643348126e-10,-0.0001197190726085046
10.3,5002.819929416656,-2.0605807231523106e-08,3.9668069415551995e-05,3.9668069415551995e-05,3.9179598349872735e-10,-0.00010302903615761554
10.3125,5002.36679841076,-1.729468529256625e-08,3.966865995076152e-05,3.966865995076152e-05,3.917845186338065e-10,-8.647342646283126e-05
10.325000000000001,5001.919356469146,-1.4025134522989822e-08,3.9668526822262715e-05,3.9668526822262715e-05,3.9177522119531127e-10,-7.012567261494911e-05
10.3375,5001.479551862207,-1.0811391336266398e-08,3.9667667634707947e-05,3.9667667634707947e-05,3.917680541876913e-10,-5.405695668133199e-05
10.350000000000001,5001.0492623063465,-7.667176595333103e-09,3.9666083147229014e-05,3.9666083147229014e-05,3.917629715196634e-10,-3.8335882976665516e-05
10.3625,5000.630286456813,-4.605633445237291e-09,3.966377728384827e-05,3.966377728384827e-05,3.9175991838718765e-10,-2.3028167226186454e-05
10.375,5000.224335984688,-1.6392694204355732e-09,3.966075713177963e-05,3.966075713177963e-05,3.91758831694822e-10,-8.196347102177866e-06
10.387500000000001,4999.833028274786,1.2200969129966494e-09,3.965703292727504e-05,3.965703292727504e-05,3.9175964051244785e-10,6.100484564983247e-06
10.4,4999.457879775138,3.961384556726896e-09,3.965261802871231e-05,3.965261802871231e-05,3.917622665642131e-10,1.9806922783634478e-05
10.412500000000001,4999.100300022417,6.574293734878077e-09,3.964752887666635e-05,3.964752887666635e-05,3.917666247464145e-10,3.2871468674390385e-05
10.425,4998.761586364703,9.049344455813444e-09,3.964178494075849e-05,3.964178494075849e-05,3.917726236709426e-10,4.524672227906722e-05
10.4375,4998.442919396813,1.1377909870535035e-08,3.96354086531365e-05,3.96354086531365e-05,3.917801662308412e-10,5.688954935267517e-05
10.450000000000001,4998.145359116622,1.3552244354464837e-08,3.9628425328501545e-05,3.9628425328501545e-05,3.9178915018448184e-10,6.776122177232418e-05
10.4625,4997.869841809539,1.5565506276558103e-08,3.9620863070667265e-05,3.9620863070667265e-05,3.9179946875483256e-10,7.782753138279051e-05
10.475000000000001,4997.617177659568,1.741177545535002e-08,3.961275266570968e-05,3.961275266570968e-05,3.9181101124029846e-10,8.705887727675011e-05
10.4875,4997.388049082612,1.9086065336244297e-08,3.960412746184425e-05,3.960412746184425e-05,3.918236636336348e-10,9.543032668122149e-05
10.5,4997.183009773401,2.058432995772502e-08,3.959502323624788e-05,3.959502323624788e-05,3.918373092454779e-10,0.0001029216497886251
10.512500000000001,4997.002484451595,2.190346580548111e-08,3.958547804912813e-05,3.958547804912813e-05,3.918518293291053e-10,0.00010951732902740556
10.525,4996.84676929001,2.3041308683153496e-08,3.957553208542825e-05,3.957553208542825e-05,3.918671037031215e-10,0.00011520654341576748
10.537500000000001,4996.716033003566,2.3996625755930387e-08,3.956522748464558e-05,3.956522748464558e-05,3.9188301136886926e-10,0.00011998312877965193
10.55,4996.610318573926,2.476910294844013e-08,3.955460815932913e-05,3.955460815932913e-05,3.9189943111948686e-10,0.00012384551474220064
10.5625,4996.529545581677,2.535932790130185e-08,3.9543719602911714e-05,3.9543719602911714e-05,3.9191624213766686e-10,0.00012679663950650925
10.575000000000001,4996.473513116102,2.5768768711250217e-08,3.9532608687619825e-05,3.9532608687619825e-05,3.919333245793218e-10,0.0001288438435562511
10.5875,4996.441903228168,2.5999748697576998e-08,3.952132345329084e-05,3.952132345329084e-05,3.9195056014052164e-10,0.00012999874348788498
10.600000000000001,4996.434284892252,2.6055417453067347e-08,3.950991288801065e-05,3.950991288801065e-05,3.9196783260524137e-10,0.00013027708726533673
10.6125,4996.450118439393,2.5939718450475572e-08,3.949842670156495e-05,3.949842670156495e-05,3.919850283716336e-10,0.00012969859225237787
10.625,4996.488760423259,2.5657353485801158e-08,3.948691509277283e-05,3.948691509277283e-05,3.920020369547309e-10,0.00012828676742900579
10.637500000000001,4996.549468879273,2.5213744247351965e-08,3.947542851184174e-05,3.947542851184174e-05,3.9201875146367125e-10,0.00012606872123675984
10.65,4996.63140893704,2.4614991305013315e-08,3.9464017418946656e-05,3.9464017418946656e-05,3.9203506905173745e-10,0.00012307495652506657
10.662500000000001,4996.7336587453065,2.3867830817057974e-08,3.9452732040293564e-05,3.9452732040293564e-05,3.9205089133769647e-10,0.00011933915408528987
10.675,4996.855215668047,2.2979589252486588e-08,3.944162212297649e-05,3.944162212297649e-05,3.9206612479712395e-10,0.00011489794626243293
10.6875,4996.995002711698,2.1958136425504044e-08,3.943073668997822e-05,3.943073668997822e-05,3.920806811225946e-10,0.00010979068212752022
10.700000000000001,4997.151875143452,2.0811837135377877e-08,3.942012379669654e-05,3.942012379669654e-05,3.92094477551814e-10,0.00010405918567688938
10.7125,4997.3246272608685,1.9549501699597224e-08,3.940983029039989e-05,3.940983029039989e-05,3.921074371629583e-10,9.774750849798612e-05
10.725000000000001,4997.511999274216,1.8180335661251284e-08,3.939990157402824e-05,3.939990157402824e-05,3.921194891366742e-10,9.090167830625642e-05
10.7375,4997.712684265182,1.6713888943263938e-08,3.93903813757564e-05,3.93903813757564e-05,3.921305689843728e-10,8.356944471631969e-05
10.75,4997.925335184644,1.5160004712079316e-08,3.9381311525727525e-05,3.9381311525727525e-05,3.921406187426241e-10,7.580002356039658e-05
10.762500000000001,4998.148571856091,1.3528768202573771e-08,3.937273174134405e-05,3.937273174134405e-05,3.9214958713362765e-10,6.764384101286886e-05
10.775,4998.3809879515875,1.1830455743964683e-08,3.936467942247176e-05,3.936467942247176e-05,3.921574296918912e-10,5.915227871982342e-05
10.787500000000001,4998.621157908998,1.0075484213601848e-08,3.935718945787001e-05,3.935718945787001e-05,3.921641088574017e-10,5.0377421068009245e-05
10.8,4998.867643761448,8.274361132246114e-09,3.935029404410737e-05,3.935029404410737e-05,3.921695940357141e-10,4.137180566123057e-05
10.8125,4999.11900185187,6.4376356004051e-09,3.934402251815784e-05,3.934402251815784e-05,3.921738616255152e-10,3.21881780020255e-05
10.825000000000001,4999.373789407032,4.575850261173045e-09,3.933840120479768e-05,3.933840120479768e-05,3.9217689501434275e-10,2.2879251305865222e-05
10.8375,4999.630570947273,2.699494460503726e-09,3.933345327983879e-05,3.933345327983879e-05,3.921786845432541e-10,1.349747230251863e-05
10.850000000000001,4999.887924511626,8.189587616600192e-10,3.9329198650140156e-05,3.9329198650140156e-05,3.921792274413421e-10,4.094793808300096e-06
10.8625,5000.144447677488,-1.0555090439162464e-09,3.9325653851236474e-05,3.9325653851236474e-05,3.921785277310897e-10,-5.277545219581232e-06
10.875,5000.398763358409,-2.9138463009300396e-09,3.932283196331298e-05,3.932283196331298e-05,3.921765961056409e-10,-1.4569231504650198e-05
10.887500000000001,5000.649525363708,-4.746216115133025e-09,3.932074254613717e-05,3.932074254613717e-05,3.9217344977914093e-10,-2.373108057566512e-05
10.9,5000.89542370585,-6.543046137456687e-09,3.9319391593435556e-05,3.9319391593435556e-05,3.9216911231136583e-10,-3.271523068728344e-05
10.912500000000001,5001.135189644411,-8.295065418597085e-09,3.931878150707414e-05,3.931878150707414e-05,3.9216361340792097e-10,-4.147532709298543e-05
10.925,5001.367600454732,-9.99333925756697e-09,3.931891109126924e-05,3.931891109126924e-05,3.9215698869733746e-10,-4.996669628783485e-05
10.9375,5001.591483913963,-1.1629301978952904e-08,3.931977556691945e-05,3.931977556691945e-05,3.921492794864408e-10,-5.8146509894764515e-05
10.950000000000001,5001.805722495401,-1.3194787584617771e-08,3.932136660601267e-05,3.932136660601267e-05,3.9214053249539953e-10,-6.597393792308886e-05
10.9625,5002.009257266542,-1.4682058235323233e-08,3.932367238592404e-05,3.932367238592404e-05,3.921307995738933e-10,-7.341029117661616e-05
10.975000000000001,5002.201091484821,-1.608383052729778e-08,3.932667766328399e-05,3.932667766328399e-05,3.9212013739986206e-10,-8.041915263648891e-05
10.9875,5002.380293888306,-1.7393299537022884e-08,3.93303638669602e-05,3.93303638669602e-05,3.9210860716231536e-10,-8.696649768511441e-05
11.0,5002.546001678197,-1.8604160615490612e-08,3.933470920956546e-05,3.933470920956546e-05,3.9209627422969397e-10,-9.302080307745306e-05
11.012500000000001,5002.697423191833,-1.9710628920096567e-08,3.9339688816775324e-05,3.9339688816775324e-05,3.920832078052838e-10,-9.855314460048284e-05
11.025,5002.833840265337,-2.070745667870859e-08,3.9345274873617435e-05,3.9345274873617435e-05,3.9206948057118505e-10,-0.00010353728339354295
11.037500000000001,5002.954610285876,-2.158994818616785e-08,3.935143678677802e-05,3.935143678677802e-05,3.9205516832234013e-10,-0.00010794974093083924
11.05,5003.059167934177,-2.235397253847782e-08,3.9358141361862894e-05,3.9358141361862894e-05,3.9204034959211975e-10,-0.0001117698626923891
11.0625,5003.147026619385,-2.2995974114392952e-08,3.936535299444998e-05,3.936535299444998e-05,3.9202510527096074e-10,-0.00011497987057196476
11.075000000000001,5003.217779606437,-2.3512980818271848e-08,3.937303387367987e-05,3.937303387367987e-05,3.9200951821953965e-10,-0.00011756490409135925
11.0875,5003.271100840839,-2.3902610101253707e-08,3.938114419704977e-05,3.938114419704977e-05,3.9199367287795467e-10,-0.00011951305050626854
11.100000000000001,5003.306745470788,-2.416307278135838e-08,3.9389642395006505e-05,3.9389642395006505e-05,3.919776548723753e-10,-0.0001208153639067919
11.1125,5003.3245500723115,-2.429317468556829e-08,3.939848536387529e-05,3.939848536387529e-05,3.919615506206034e-10,-0.00012146587342784146
11.125,5003.324432579297,-2.429231613975304e-08,3.9407628705614e-05,3.9407628705614e-05,3.9194544693797235e-10,-0.00012146158069876519
11.137500000000001,5003.30639192296,-2.416048933460792e-08,3.941702697284749e-05,3.941702697284749e-05,3.919294306449924e-10,-0.0001208024466730396
11.15,5003.270507385175,-2.3898273598002277e-08,3.9426633917614024e-05,3.9426633917614024e-05,3.9191358817813006e-10,-0.00011949136799001139
11.162500000000001,5003.216937668915,-2.3506828606537663e-08,3.943640274224523e-05,3.943640274224523e-05,3.9189800520508766e-10,-0.00011753414303268832
11.175,5003.145919692548,-2.2987885571121504e-08,3.944628635080303e-05,3.944628635080303e-05,3.9188276624592597e-10,-0.00011493942785560752
11.1875,5003.057767111018,-2.2343736433935247e-08,3.945623759951105e-05,3.945623759951105e-05,3.918679543013483e-10,-0.00011171868216967623
11.200000000000001,5002.9528685710875,-2.157722111642526e-08,3.946620954464387e-05,3.946620954464387e-05,3.918536504894384e-10,-0.0001078861055821263
11.2125,5002.831685705007,-2.0691712860779063e-08,3.947615568637507e-05,3.947615568637507e-05,3.9183993369211504e-10,-0.00010345856430389532
11.225000000000001,5002.694750869711,-1.9691101710080372e-08,3.948603020713361e-05,3.948603020713361e-05,3.9182688021253857e-10,-9.845550855040185e-05
11.2375,5002.542664638346,-1.8579776175440167e-08,3.949578820307661e-05,3.949578820307661e-05,3.918145634446699e-10,-9.289888087720083e-05
11.25,5002.376093049841,-1.736260314201431e-08,3.950538590735593e-05,3.950538590735593e-05,3.9180305355615044e-10,-8.681301571007155e-05
11.262500000000001,5002.195764626084,-1.6044906069276087e-08,3.9514780903933004e-05,3.9514780903933004e-05,3.917924171856332e-10,-8.022453034638044e-05
11.275,5002.002467163056,-1.4632441545219208e-08,3.9523932330782626e-05,3.9523932330782626e-05,3.9178271715565637e-10,-7.316220772609604e-05
11.287500000000001,5001.797044305743,-1.3131374258390122e-08,3.953280107141945e-05,3.953280107141945e-05,3.917740122021085e-10,-6.565687129195061e-05
11.3,5001.580391915979,-1.1548250456428601e-08,3.954134993378009e-05,3.954134993378009e-05,3.9176635672128797e-10,-5.7741252282143006e-05
11.3125,5001.353454243136,-9.889969964848159e-09,3.9549543815598784e-05,3.9549543815598784e-05,3.9175980053551186e-10,-4.94498498242408e-05
11.325000000000001,5001.1172199087105,-8.16375684505853e-09,3.95573498555232e-05,3.95573498555232e-05,3.917543886781758e-10,-4.081878422529265e-05
11.3375,5000.872717716123,-6.377128776331252e-09,3.956473756932959e-05,3.956473756932959e-05,3.917501611991112e-10,-3.188564388165626e-05
11.350000000000001,5000.621012298363,-4.5378652521720554e-09,3.957167897071037e-05,3.957167897071037e-05,3.9174715299102506e-10,-2.2689326260860277e-05
11.3625,5000.363199616686,-2.653974687632448e-09,3.9578148676223276e-05,3.9578148676223276e-05,3.91745393637745e-10,-1.326987343816224e-05
11.375,5000.100402324002,-7.336605402914604e-10,3.958412399410655e-05,3.958412399410655e-05,3.9174490728492335e-10,-3.6683027014573017e-06
11.387500000000001,4999.833765008699,1.214713446154592e-09,3.958958499677938e-05,3.958958499677938e-05,3.917457125337811e-10,6.07356723077296e-06
11.4,4999.564449333727,3.1826587604065466e-09,3.959451457695998e-05,3.959451457695998e-05,3.9174782235839835e-10,1.5913293802032733e-05
11.412500000000001,4999.293629088243,5.161598282672557e-09,3.9598898487443527e-05,3.9598898487443527e-05,3.9175124404697407e-10,2.5807991413362784e-05
11.425,4999.022485168866,7.142902956725966e-09,3.960272536468876e-05,3.960272536468876e-05,3.9175597916739725e-10,3.571451478362983e-05
11.4375,4998.752200509383,9.117928841375301e-09,3.96059867364643e-05,3.96059867364643e-05,3.9176202355737925e-10,4.55896442068765e-05
11.450000000000001,4998.483954977066,1.1078054402040583e-08,3.96086770139021e-05,3.96086770139021e-05,3.917693673393074e-10,5.539027201020291e-05
11.4625,4998.218920256475,1.3014717897942402e-08,3.961079346839725e-05,3.961079346839725e-05,3.917779949598832e-10,6.507358948971201e-05
11.475000000000001,4997.958254740037,1.491945471538587e-08,3.961233619387729e-05,3.961233619387729e-05,3.9178788525450904e-10,7.459727357692936e-05
11.4875,4997.703098447701,1.6783934493417122e-08,3.961330805504236e-05,3.961330805504236e-05,3.9179901153628586e-10,8.39196724670856e-05
11.5,4997.454567995996,1.8599997884189924e-08,3.961371462224793e-05,3.961371462224793e-05,3.918113417093802e-10,9.299998942094961e-05
11.512500000000001,4997.213751639429,2.035969278740528e-08,3.961356409376449e-05,3.961356409376449e-05,3.91824838406411e-10,0.00010179846393702641
11.525,4996.981704405841,2.2055309895716243e-08,3.961286720620386e-05,3.961286720620386e-05,3.918394591494002e-10,0.00011027654947858122
11.537500000000001,4996.759443349092,2.3679417386633933e-08,3.9611637133948415e-05,3.9611637133948415e-05,3.9185515653372076e-10,0.00011839708693316966
11.55,4996.547942940695,2.522489459559689e-08,3.9609889378458785e-05,3.9609889378458785e-05,3.9187187843436756e-10,0.00012612447297798444
11.5625,4996.348130623608,2.6684964505333426e-08,3.960764164836633e-05,3.960764164836633e-05,3.9188956823376516e-10,0.00013342482252666713
11.575000000000001,4996.160882550278,2.8053224887808463e-08,3.9604913731279505e-05,3.9604913731279505e-05,3.9190816507022044e-10,0.00014026612443904232
11.5875,4995.987019527715,2.9323677937575076e-08,3.960172735824865e-05,3.960172735824865e-05,3.919276041060195e-10,0.0001466183896878754
11.600000000000001,4995.827303189724,3.0490758238434375e-08,3.9598106061841414e-05,3.9598106061841414e-05,3.9194781681406376e-10,0.00015245379119217188
11.6125,4995.682432419003,3.1549358910181757e-08,3.9594075028781156e-05,3.9594075028781156e-05,3.9196873128183953e-10,0.0001577467945509088
11.625,4995.553040038088,3.249485578759092e-08,3.9589660948094815e-05,3.9589660948094815e-05,3.919902725314155e-10,0.0001624742789379546
11.637500000000001,4995.439689789072,3.332312949067267e-08,3.9584891855703464e-05,3.9584891855703464e-05,3.9201236285407166e-10,0.00016661564745336336
11.65,4995.342873620071,3.4030585253110556e-08,3.957979697637028e-05,3.957979697637028e-05,3.9203492215807186e-10,0.00017015292626555278
11.662500000000001,4995.26300929536,3.46141703847367e-08,3.9574406563896296e-05,3.9574406563896296e-05,3.920578683280133e-10,0.0001730708519236835
11.675,4995.200438345087,3.507138925406503e-08,3.956875174042525e-05,3.956875174042525e-05,3.9208111759410753e-10,0.00017535694627032514
11.6875,4995.155424368322,3.540031568793457e-08,3.956286433568502e-05,3.956286433568502e-05,3.9210458490968167e-10,0.00017700157843967282
11.700000000000001,4995.128151702259,3.55996026975278e-08,3.955677672695603e-05,3.955677672695603e-05,3.9212818433512696e-10,0.000177998013487639
11.7125,4995.118724467191,3.566848945292353e-08,3.955052168051612e-05,3.955052168051612e-05,3.921518294264709e-10,0.00017834244726461766
11.725000000000001,4995.127165997969,3.5606805442531546e-08,3.954413219526805e-05,3.954413219526805e-05,3.9217543362670665e-10,0.00017803402721265773
11.7375,4995.15341866623,3.5414971768112595e-08,3.953764134921029e-05,3.953764134921029e-05,3.9219891065798113e-10,0.00017707485884056298
11.75,4995.197344100112,3.509399954178102e-08,3.953108214936474e-05,3.953108214936474e-05,3.9222217491272013e-10,0.00017546999770890509
11.762500000000001,4995.258723802472,3.464548536716729e-08,3.952448738572688e-05,3.952448738572688e-05,3.922451418417582e-10,0.00017322742683583645
11.775,4995.337260168609,3.407160390347423e-08,3.95178894897549e-05,3.95178894897549e-05,3.9226772833753887e-10,0.00017035801951737116
11.787500000000001,4995.432577900911,3.337509752794043e-08,3.951132039786617e-05,3.951132039786617e-05,3.922898531104621e-10,0.00016687548763970214
11.8,4995.54422581619,3.255926312932731e-08,3.950481142036068e-05,3.950481142036068e-05,3.92311437056477e-10,0.00016279631564663653
11.8125,4995.6716790388255,3.162793608222523e-08,3.949839311614351e-05,3.949839311614351e-05,3.9233240361405076e-10,0.00015813968041112616
11.825000000000001,4995.8143415705745,3.058547146912716e-08,3.949209517357256e-05,3.949209517357256e-05,3.9235267910868977e-10,0.0001529273573456358
11.8375,4995.9715492255245,2.9436722634269817e-08,3.948594629771231e-05,3.948594629771231e-05,3.9237219308324345e-10,0.0001471836131713491
11.850000000000001,4996.142572916111,2.8187017169923142e-08,3.947997410423187e-05,3.947997410423187e-05,3.9239087861228936e-10,0.0001409350858496157
11.8625,4996.326622275351,2.6842130452287425e-08,3.947420502014454e-05,3.947420502014454e-05,3.9240867259897467e-10,0.0001342106522614371
11.875,4996.522849595117,2.5408256859653315e-08,3.946866419154718e-05,3.946866419154718e-05,3.9242551605277803e-10,0.0001270412842982666
11.887500000000001,4996.7303540620815,2.389197882081766e-08,3.9463375398481755e-05,3.9463375398481755e-05,3.9244135434675317e-10,0.0001194598941040883
11.9,4996.948186268328,2.230023385587951e-08,3.945836097700757e-05,3.945836097700757e-05,3.9245613745292336e-10,0.00011150116927939755
11.912500000000001,4997.175352972495,2.0640279784879732e-08,3.945364174854158e-05,3.945364174854158e-05,3.924698201546122e-10,0.00010320139892439866
11.925,4997.410822086037,1.891965829204173e-08,3.9449236956495686e-05,3.9449236956495686e-05,3.92482362234621e-10,9.459829146020865e-05
11.9375,4997.653527857429,1.7146157044462864e-08,3.9445164210214165e-05,3.9445164210214165e-05,3.924937286382936e-10,8.573078522231432e-05
11.950000000000001,4997.902376225367,1.5327770573962247e-08,3.9441439436191046e-05,3.9441439436191046e-05,3.9250388961064986e-10,7.663885286981123e-05
11.9625,4998.15625031182,1.3472660139292297e-08,3.9438076836526525e-05,3.9438076836526525e-05,3.925128208069109e-10,6.736330069646149e-05
11.975000000000001,4998.414016023723,1.1589112792986734e-08,3.943508885456312e-05,3.943508885456312e-05,3.925205033758895e-10,5.7945563964933674e-05
11.9875,4998.674527732087,9.685499882660672e-09,3.943248614762618e-05,3.943248614762618e-05,3.9252692401587033e-10,4.8427499413303364e-05
12.0,4998.936633996634,7.770235220665576e-09,3.943027756677937e-05,3.943027756677937e-05,3.925320750027603e-10,3.8851176103327875e-05
