t_adimensional,p_outlet_Pa,q_outlet_m3s,w_centro_m,w_max_m,volume_acumulado_m3,potencia_W
0.0,9921.27943444544,1.4043638840294737e-06,4.838326815331149e-08,4.8383268153311524e-08,9.309705240475491e-13,0.014043638840294737
0.0125,9844.496868663971,2.7741541230639503e-06,1.4471495406575572e-07,1.4471495406575578e-07,2.7699922669929923e-12,0.027741541230639502
0.025,9770.001408552205,4.10314271669611e-06,2.885719037937363e-07,2.8857190379373643e-07,5.490017303698004e-12,0.04103142716696111
0.037500000000000006,9697.99014122182,5.387813658409153e-06,4.795436063799189e-07,4.795436063799192e-07,9.061666903976705e-12,0.05387813658409153
0.05,9628.542265091019,6.6267540594960895e-06,7.172325642974693e-07,7.172325642974697e-07,1.3454625715906548e-11,0.0662675405949609
0.0625,9561.657578356047,7.819967520101936e-06,1.0012542762194338e-06,1.0012542762194343e-06,1.8638580774146513e-11,0.07819967520101936
0.07500000000000001,9497.290774578658,8.968262300755429e-06,1.3312369998471112e-06,1.3312369998471116e-06,2.4583754919450105e-11,0.0896826230075543
0.08750000000000001,9435.37714524452,1.00727927923062e-05,1.7068214204160917e-06,1.7068214204160923e-06,3.126113625281888e-11,0.100727927923062
0.1,9375.848808766254,1.1134769992781023e-05,2.1276603041419686e-06,2.1276603041419695e-06,3.8642515661113835e-11,0.11134769992781023
0.1125,9318.642868716475,1.2155315965651895e-05,2.5934181764099156e-06,2.5934181764099156e-06,4.67004278612178e-11,0.12155315965651894
0.125,9263.703911838766,1.3135419275665284e-05,3.1037710368593253e-06,3.103771036859326e-06,5.540806290204725e-11,0.13135419275665283
0.1375,9210.983291397168,1.4075947773792546e-05,3.658406107822557e-06,3.6584061078225573e-06,6.473918614186888e-11,0.14075947773792546
0.15000000000000002,9160.437122226467,1.4977684365242257e-05,4.257021606298564e-06,4.2570216062985654e-06,7.466808193668251e-11,0.14977684365242258
0.1625,9112.0242131071,1.5841363895615683e-05,4.899326529348821e-06,4.8993265293488215e-06,8.51695217809015e-11,0.15841363895615684
0.17500000000000002,9065.704528646522,1.6667700590716677e-05,5.585040445397797e-06,5.585040445397798e-06,9.621875063822911e-11,0.16667700590716678
0.1875,9021.438323049617,1.745740350997378e-05,6.313893287206277e-06,6.313893287206277e-06,1.0779148351680314e-10,0.1745740350997378
0.2,8979.185837489536,1.821118194530111e-05,7.085625145039575e-06,7.085625145039575e-06,1.1986390562331356e-10,0.18211181945301108
0.21250000000000002,8938.90736026743,1.892974434785227e-05,7.899986060323797e-06,7.899986060323797e-06,1.3241267180565175e-10,0.1892974434785227
0.225,8900.563455378484,1.9613794250440834e-05,8.756735820904181e-06,8.756735820904181e-06,1.454149032924809e-10,0.19613794250440833
0.23750000000000002,8864.115217383644,2.02640257206608e-05,9.655643759146407e-06,9.655643759146407e-06,1.5884818141862264e-10,0.20264025720660803
0.25,8829.524471963015,2.088111978304154e-05,1.0596488553855335e-05,1.0596488553855335e-05,1.7269053897864507e-10,0.2088111978304154
0.2625,8796.75389254203,2.1465742338454716e-05,1.1579058036574944e-05,1.1579058036574944e-05,1.869204502011993e-10,0.21465742338454716
0.275,8765.76703708986,2.2018543507636566e-05,1.2603149002443082e-05,1.2603149002443082e-05,2.0151682028816886e-10,0.22018543507636565
0.28750000000000003,8736.528326305477,2.2540158020340974e-05,1.366856702548801e-05,1.366856702548801e-05,2.1645897521179334e-10,0.22540158020340975
0.30000000000000004,8709.002988979533,2.3031206190085073e-05,1.4775126278092622e-05,1.4775126278092622e-05,2.3172665215796342e-10,0.23031206190085074
0.3125,8683.156997076849,2.34922950722568e-05,1.5922649354299973e-05,1.5922649354299973e-05,2.4729999073723974e-10,0.23492295072256802
0.325,8658.957006148774,2.392401952715927e-05,1.7110967096655135e-05,1.7110967096655135e-05,2.631595249005776e-10,0.2392401952715927
0.3375,8636.370309071775,2.4326963045303196e-05,1.8339918426333593e-05,1.8339918426333593e-05,2.79286175402148e-10,0.24326963045303196
0.35000000000000003,8615.364804742028,2.470169830589282e-05,1.9609350176360214e-05,1.9609350176360214e-05,2.9566124263238653e-10,0.2470169830589282
0.36250000000000004,8595.908979140591,2.504878751462105e-05,2.091911692774631e-05,2.091911692774631e-05,3.1226639967497043e-10,0.2504878751462105
0.375,8577.971894258477,2.536878260124184e-05,2.226908084834309e-05,2.226908084834309e-05,3.2908368549476923e-10,0.2536878260124184
0.3875,8561.523180324664,2.566222535822603e-05,2.3659111534104e-05,2.3659111534104e-05,3.460954982177121e-10,0.2566222535822603
0.4,8546.533027919579,2.592964758144967e-05,2.508908585223525e-05,2.508908585223525e-05,3.6328458850391874e-10,0.2592964758144967
0.41250000000000003,8532.972178156813,2.6171571245356902e-05,2.6558887785340226e-05,2.6558887785340226e-05,3.806340530369488e-10,0.261715712453569
0.42500000000000004,8520.811910578874,2.6388508718894184e-05,2.806840827504603e-05,2.806840827504603e-05,3.9812732815619606e-10,0.2638850871889418
0.4375,8510.02402939858,2.658096301096144e-05,2.9617545062603875e-05,2.9617545062603875e-05,4.1574818365199573e-10,0.2658096301096144
0.45,8500.58084912022,2.6749428026932725e-05,3.120620252237944e-05,3.120620252237944e-05,4.3348071673078224e-10,0.26749428026932726
0.4625,8492.455180491395,2.6894388819270607e-05,3.283429148170592e-05,3.283429148170592e-05,4.513093461463828e-10,0.2689438881927061
0.47500000000000003,8485.620317367793,2.7016321821855033e-05,3.45017290168614e-05,3.45017290168614e-05,4.692188064866501e-10,0.2701632182185503
0.48750000000000004,8480.050024628457,2.7115695065575727e-05,3.620843820942187e-05,3.620843820942187e-05,4.871941426030143e-10,0.2711569506557573
0.5,8475.71852692155,2.719296837910652e-05,3.7954347839245596e-05,3.7954347839245596e-05,5.052207041731308e-10,0.2719296837910652
0.5125000000000001,8472.600497833628,2.7248593582122122e-05,3.9739391979014446e-05,3.9739391979014446e-05,5.232841403916134e-10,0.2724859358212212
0.525,8470.671049063358,2.7283014678439158e-05,4.156350943958901e-05,4.156350943958901e-05,5.413703947888038e-10,0.2728301467843916
0.5375,8469.905719294566,2.7296668054518085e-05,4.3426642994297184e-05,4.3426642994297184e-05,5.5946570018113e-10,0.27296668054518086
0.55,8470.28046263588,2.7289982685700017e-05,4.532873828249089e-05,4.532873828249089e-05,5.775565737581818e-10,0.27289982685700015
0.5625,8471.771636657533,2.726338034962578e-05,4.7269742257161867e-05,4.7269742257161867e-05,5.956298123112648e-10,0.2726338034962578
0.5750000000000001,8474.355990170641,2.7217275844254404e-05,4.924960099724242e-05,4.924960099724242e-05,6.136724876064808e-10,0.272172758442544
0.5875,8478.010650941666,2.715207720703581e-05,5.1268256652055624e-05,5.1268256652055624e-05,6.316719419031018e-10,0.2715207720703581
0.6000000000000001,8482.713113525708,2.7068185931960033e-05,5.3325643223634514e-05,5.3325643223634514e-05,6.496157836158273e-10,0.2706818593196003
0.6125,8488.441227356981,2.696599718202229e-05,5.542168082384055e-05,5.542168082384055e-05,6.674918831178885e-10,0.2696599718202229
0.625,8495.173185176867,2.6845899995670015e-05,5.7556267970399027e-05,5.7556267970399027e-05,6.852883686810081e-10,0.26845899995670014
0.6375000000000001,8502.88751182946,2.670827748668106e-05,5.9729271413958234e-05,5.9729271413958234e-05,7.02993622547862e-10,0.2670827748668106
0.65,8511.563053426358,2.6553507037467904e-05,6.194051292393212e-05,6.194051292393212e-05,7.205962771326855e-10,0.26553507037467905
0.6625000000000001,8521.178966869478,2.638196048598505e-05,6.418975241317257e-05,6.418975241317257e-05,7.380852113457813e-10,0.2638196048598505
0.675,8531.714709727537,2.619400430633654e-05,6.64766667613535e-05,6.64766667613535e-05,7.554495470377565e-10,0.26194004306336544
0.6875,8543.150030469777,2.5989999782997857e-05,6.880082371672739e-05,6.880082371672739e-05,7.726786455592515e-10,0.2598999978299786
0.7000000000000001,8555.46495907044,2.5770303178437913e-05,7.116165032868792e-05,7.116165032868792e-05,7.89762104431789e-10,0.25770303178437914
0.7125,8568.639797992855,2.553526589395665e-05,7.355839550185592e-05,7.355839550185592e-05,8.066897541252437e-10,0.2553526589395665
0.7250000000000001,8582.65511355216,2.52852346237758e-05,7.599008647665397e-05,7.599008647665397e-05,8.234516549374606e-10,0.252852346237758
0.7375,8597.49172763251,2.5020551502798942e-05,7.845547933815342e-05,7.845547933815342e-05,8.40038093971826e-10,0.25020551502798943
0.75,8613.13070971103,2.4741554248910513e-05,8.09530040352394e-05,8.09530040352394e-05,8.564395822091692e-10,0.24741554248910513
0.7625000000000001,8629.55336911416,2.4448576301111467e-05,8.348070484921297e-05,8.348070484921297e-05,8.726468516712374e-10,0.24448576301111466
0.775,8646.74124741809,2.4141946955103227e-05,8.603617776927422e-05,8.603617776927422e-05,8.886508526740493e-10,0.24141946955103227
0.7875000000000001,8664.676110893342,2.3821991498070035e-05,8.861650678663914e-05,8.861650678663914e-05,9.044427511705995e-10,0.23821991498070036
0.8,8683.33994289963,2.3489031344355088e-05,9.121820167446323e-05,9.121820167446323e-05,9.200139261835028e-10,0.23489031344355088
0.8125,8702.71493614863,2.3143384173493644e-05,9.383714033399809e-05,9.383714033399809e-05,9.35355967329143e-10,0.23143384173493645
0.8250000000000001,8722.783484772575,2.27853640717053e-05,9.646851920920276e-05,9.646851920920276e-05,9.504606724356184e-10,0.22785364071705302
0.8375,8743.528176161371,2.2415281677519323e-05,9.910681555063345e-05,9.910681555063345e-05,9.65320045257225e-10,0.22415281677519322
0.8500000000000001,8764.931782554531,2.2033444331774164e-05,0.00010174576539521958,0.00010174576539521958,9.799262932883754e-10,0.22033444331774163
0.8625,8786.977252395896,2.1640156231848645e-05,0.00010437836097919278,0.00010437836097919278,9.942718256797597e-10,0.21640156231848645
0.875,8809.647701475777,2.1235718589682542e-05,0.00010699687088733232,0.00010699687088733232,1.0083492512592602e-09,0.21235718589682542
0.8875000000000001,8832.926403896845,2.082042979294503e-05,0.00010959288555080425,0.00010959288555080425,1.022151376659707e-09,0.20820429792945028
0.9,8856.796782905274,2.03945855686082e-05,0.00011215738974764912,0.00011215738974764912,1.0356712045550683e-09,0.203945855686082
0.9125000000000001,8881.24240162933,1.9958479148165674e-05,0.0001146808625675541,0.0001146808625675541,1.0489019320061666e-09,0.19958479148165675
0.925,8906.24695376614,1.9512401433781082e-05,0.00011715340393282455,0.00011715340393282455,1.061836948916536e-09,0.19512401433781082
0.9375,8931.794254251516,1.9056641164735652e-05,0.00011956488529876993,0.00011956488529876993,1.0744698365986203e-09,0.19056641164735652
0.9500000000000001,8957.868229942815,1.8591485083648233e-05,0.00012190512068401132,0.00012190512068401132,1.0867943664501606e-09,0.18591485083648232
0.9625,8984.452910337437,1.811721810205143e-05,0.00012416405280917583,0.00012416405280917583,1.0988044987403445e-09,0.1811721810205143
0.9750000000000001,9011.532418345205,1.7634123465016078e-05,0.00012633194795688587,0.00012633194795688587,1.1104943815050887e-09,0.17634123465016077
0.9875,9039.090961124846,1.714248291462094e-05,0.00012839959230442828,0.00012839959230442828,1.1218583495506852e-09,0.1714248291462094
1.0,9067.112820991515,1.6642576852166807e-05,0.00013035848200299518,0.00013035848200299518,1.132890923564984e-09,0.16642576852166807
1.0125,9095.582346394183,1.613468449913568e-05,0.00013220099923818903,0.00013220099923818903,1.1435868093352756e-09,0.16134684499135682
1.0250000000000001,9124.48394295775,1.561908405699931e-05,0.0001339205669279713,0.0001339205669279713,1.1539408970721133e-09,0.1561908405699931
1.0375,9153.802064577869,1.5096052866086167e-05,0.0001355117755835907,0.0001355117755835907,1.163948260838451e-09,0.15096052866086168
1.05,9183.521204550962,1.456586756381999e-05,0.00013697047712815004,0.00013697047712815004,1.173604158083678e-09,0.1456586756381999
1.0625,9213.625886716387,1.4028804242742397e-05,0.0001382938420562451,0.0001382938420562451,1.182904029282411e-09,0.14028804242742396
1.075,9244.100656582717,1.3485138608821095e-05,0.0001394803781208142,0.0001394803781208142,1.1918434976782279e-09,0.13485138608821096
1.0875000000000001,9274.93007240535,1.2935146140620175e-05,0.00014052991062752206,0.00014052991062752206,1.20041836913292e-09,0.12935146140620174
1.1,9306.098696180641,1.237910224996614e-05,0.0001414435262739684,0.0001414435262739684,1.2086246320822506e-09,0.1237910224996614
1.1125,9337.591084518313,1.1817282444782657e-05,0.0001422234841668207,0.0001422234841668207,1.2164584575996593e-09,0.11817282444782658
1.125,9369.391779353267,1.1249962494790564e-05,0.00014287309907583875,0.00014287309907583875,1.22391619956981e-09,0.11249962494790564
1.1375,9401.485298456893,1.067741860078275e-05,0.00014339660305482535,0.00014339660305482535,1.2309943949743544e-09,0.1067741860078275
1.1500000000000001,9433.85612570803,1.009992756819286e-05,0.000143798992221143,0.000143798992221143,1.2376897642927564e-09,0.10099927568192861
1.1625,9466.488701081673,9.517766985690253e-06,0.00014408586571638894,0.00014408586571638894,1.243999212021508e-09,0.09517766985690253
1.175,9499.367410314037,8.931215409559227e-06,0.00014426326368342568,0.00014426326368342568,1.2499198273155742e-09,0.08931215409559227
1.1875,9532.476574197868,8.340552554664065e-06,0.00014433751053200683,0.00014433751053200683,1.2554488847564296e-09,0.08340552554664066
1.2000000000000002,9565.800437460493,7.746059492867105e-06,0.00014431506889436702,0.00014431506889436702,1.2605838452516303e-09,0.07746059492867105
1.2125000000000001,9599.323157170105,7.148018859856457e-06,0.0001442024085783848,0.0001442024085783848,1.2653223570714933e-09,0.07148018859856457
1.225,9633.028790611086,6.546715071451106e-06,0.00014400589360322327,0.00014400589360322327,1.2696622570291677e-09,0.06546715071451106
1.2375,9666.901282560548,5.942434550580914e-06,0.00014373168914498242,0.00014373168914498242,1.2736015718111736e-09,0.05942434550580914
1.25,9700.92445189202,5.3354659662818904e-06,0.00014338568901469575,0.00014338568901469575,1.2771385194663748e-09,0.0533546596628189
1.2625000000000002,9735.081977421309,4.7261004861968215e-06,0.00014297346321100817,0.00014297346321100817,1.2802715110623361e-09,0.047261004861968214
1.2750000000000001,9769.357382904023,4.114632044222832e-06,0.00014250022418988667,0.00014250022418988667,1.2829991525191088e-09,0.04114632044222832
1.2875,9803.734021083252,3.5013576250956224e-06,0.00014197080980804248,0.00014197080980804248,1.2853202466316692e-09,0.035013576250956226
1.3,9838.195056679828,2.886577567842403e-06,0.00014138968043900967,0.00014138968043900967,1.2872337952935215e-09,0.028865775678424032
1.3125,9872.723448208817,2.270595890171e-06,0.00014076092752569283,0.00014076092752569283,1.288739001935341e-09,0.02270595890171
1.3250000000000002,9907.301928499619,1.6537206359919151e-06,0.0001400882907995499,0.0001400882907995499,1.2898352741939953e-09,0.016537206359919152
1.3375000000000001,9941.912983788816,1.03626424839546e-06,0.00013937518153163978,0.00013937518153163978,1.2905222268288156e-09,0.0103626424839546
1.35,9976.538831249401,4.185439705295263e-07,0.00013862470944469115,0.00013862470944469115,1.2907996849036151e-09,0.004185439705295263
1.3625,10011.16139481188,-1.9911772305355723e-07,0.00013783971126566773,0.00013783971126566773,1.2906676872546536e-09,-0.001991177230535572
1.375,10045.762279126855,-8.163926618913616e-07,0.00013702277929391997,0.00013702277929391997,1.2901264902665278e-09,-0.008163926618913615
1.3875000000000002,10080.322741511402,-1.4329464791422977e-06,0.00013617628876436247,0.00013617628876436247,1.2891765719798288e-09,-0.014329464791422978
1.4000000000000001,10114.823661717326,-2.048438072250056e-06,0.00013530242316836603,0.00013530242316836603,1.2878186365563331e-09,-0.020484380722500563
1.4125,10149.245509353656,-2.662519021772389e-06,0.00013440319703527832,0.00013440319703527832,1.286053619129458e-09,-0.026625190217723887
1.425,10183.568308797978,-3.2748329653944146e-06,0.00013348047596089724,0.00013348047596089724,1.283882691069692e-09,-0.03274832965394415
1.4375,10217.771601431623,-3.885014924222653e-06,0.00013253599388960788,0.00013253599388960788,1.2813072656966338e-09,-0.03885014924222653
1.4500000000000002,10251.834405049778,-4.492690578655728e-06,0.0001315713678144849,0.0001315713678144849,1.2783290044710648e-09,-0.044926905786557274
1.4625000000000001,10285.73517031342,-5.0974754914973295e-06,0.00013058811015964267,0.00013058811015964267,1.2749498237020305e-09,-0.050974754914973296
1.475,10319.451734146245,-5.698974276565932e-06,0.00012958763916000378,0.00012958763916000378,1.271171901805061e-09,-0.05698974276565932
1.4875,10352.96127002736,-6.29677971191868e-06,0.0001285712875657421,0.0001285712875657421,1.2669976871482464e-09,-0.0629677971191868
1.5,10386.24023519621,-6.890471797999322e-06,0.00012754030998265344,0.00012754030998265344,1.2624299065226776e-09,-0.06890471797999323
1.5125000000000002,10419.26431487625,-7.479616762595222e-06,0.0001264958891256647,0.0001264958891256647,1.2574715742725142e-09,-0.07479616762595222
1.5250000000000001,10452.008363735446,-8.063766016494751e-06,0.000125439141219283,0.000125439141219283,1.2521260021173595e-09,-0.08063766016494751
1.5375,10484.446344939273,-8.64245506621227e-06,0.00012437112073286966,0.00012437112073286966,1.2463968096954044e-09,-0.08642455066212269
1.55,10516.55126732157,-9.215202393117181e-06,0.00012329282459513506,0.00012329282459513506,1.240287935849611e-09,-0.0921520239311718
1.5625,10548.295121389545,-9.781508311772807e-06,0.00012220519599429608,0.00012220519599429608,1.2338036506707167e-09,-0.09781508311772807
1.5750000000000002,10579.648815102513,-1.0340853824241934e-05,0.00012110912783944699,0.00012110912783944699,1.226948568299735e-09,-0.10340853824241934
1.5875000000000001,10610.58211061034,-1.0892699491503877e-05,0.00012000546593517357,0.00012000546593517357,1.2197276604786073e-09,-0.10892699491503877
1.6,10641.063563401896,-1.1436484347877478e-05,0.0001188950119047215,0.0001188950119047215,1.2121462708204967e-09,-0.11436484347877478
1.6125,10671.060465596616,-1.1971624889344621e-05,0.00011777852588604872,0.00011777852588604872,1.2042101297507369e-09,-0.11971624889344622
1.625,10700.538795395832,-1.2497514171775734e-05,0.00011665672901854372,0.00011665672901854372,1.1959253700455767e-09,-0.12497514171775734
1.6375000000000002,10729.4631749955,-1.3013521060091157e-05,0.00011553030573479158,0.00011553030573479158,1.1872985428686662e-09,-0.13013521060091157
1.6500000000000001,10757.796839524917,-1.351898967413689e-05,0.00011439990587037359,0.00011439990587037359,1.178336634174879e-09,-0.13518989674136891
1.6625,10785.501619814606,-1.4013239081267018e-05,0.00011326614660438619,0.00011326614660438619,1.1690470813179237e-09,-0.14013239081267018
1.675,10812.537941987239,-1.4495563289041737e-05,0.00011212961424350777,0.00011212961424350777,1.1594377896627985e-09,-0.14495563289041738
1.6875,10838.864846995859,-1.4965231593789193e-05,0.00011099086586261309,0.00011099086586261309,1.1495171489671778e-09,-0.14965231593789194
1.7000000000000002,10864.440033289535,-1.5421489341756057e-05,0.00010985043081492001,0.00010985043081492001,1.139294049258223e-09,-0.15421489341756056
1.7125000000000001,10889.219925749314,-1.5863559158911275e-05,0.0001087088121243792,0.0001087088121243792,1.1287778958941416e-09,-0.15863559158911275
1.725,10913.159773893509,-1.6290642702917712e-05,0.00010756648777250904,0.00010756648777250904,1.1179786234643413e-09,-0.16290642702917713
1.7375,10936.21378209186,-1.670192298613508e-05,0.00010642391189120207,0.00010642391189120207,1.1069067081496368e-09,-0.1670192298613508
1.75,10958.335274140323,-1.7096567311607197e-05,0.0001052815158722697,0.0001052815158722697,1.0955731781361527e-09,-0.17096567311607197
1.7625000000000002,10979.476894028654,-1.7473730854732518e-05,0.00010413970940371829,0.00010413970940371829,1.0839896216548934e-09,-0.17473730854732517
1.7750000000000001,10999.59084408435,-1.7832560911716456e-05,0.00010299888144201468,0.00010299888144201468,1.0721681922049587e-09,-0.17832560911716455
1.7875,11018.629160898941,-1.8172201822056444e-05,0.00010185940112892667,0.00010185940112892667,1.0601216105135838e-09,-0.18172201822056444
1.8,11036.544028551965,-1.8491800556417086e-05,0.00010072161866091976,0.00010072161866091976,1.047863162791904e-09,-0.18491800556417087
1.8125,11053.28812766082,-1.8790512943627506e-05,9.95858661185461e-05,9.95858661185461e-05,1.0354066948627673e-09,-0.18790512943627505
1.8250000000000002,11068.815017721994,-1.9067510491598492e-05,9.845245826275652e-05,9.845245826275652e-05,1.022766601766872e-09,-0.1906751049159849
1.8375000000000001,11083.079549105387,-1.9321987737239293e-05,9.732169330458399e-05,9.732169330458399e-05,1.0099578124965546e-09,-0.19321987737239293
1.85,11096.038299947055,-1.9553170040569198e-05,9.619385365417065e-05,9.619385365417065e-05,9.969957695627608e-10,-0.19553170040569198
1.8625,11107.65003210241,-1.9760321718855533e-05,9.506920665463318e-05,9.506920665463318e-05,9.838964031697945e-10,-0.19760321718855534
1.875,11117.876159305384,-1.99427543985032e-05,9.394800530577809e-05,9.394800530577809e-05,9.706760998534951e-10,-0.199427543985032
1.8875000000000002,11126.681219776585,-2.0099835446326474e-05,9.283048898219624e-05,9.283048898219624e-05,9.573516655302158e-10,-0.20099835446326475
1.9000000000000001,11134.033344777721,-2.0230996328490665e-05,9.171688414979052e-05,9.171688414979052e-05,9.439402830045571e-10,-0.20230996328490666
1.9125,11139.904714052494,-2.0335740735512388e-05,9.060740508433368e-05,9.060740508433368e-05,9.304594640909331e-10,-0.2033574073551239
1.925,11144.271988767085,-2.041365230585813e-05,8.950225459522629e-05,8.950225459522629e-05,9.169269966150675e-10,-0.20413652305858132
1.9375,11147.116712490022,-2.046440177937134e-05,8.84016247572355e-05,8.84016247572355e-05,9.033608866733929e-10,-0.2046440177937134
1.9500000000000002,11148.425670951505,-2.0487753415327402e-05,8.730569765265246e-05,8.730569765265246e-05,8.897792966378405e-10,-0.204877534153274
1.9625000000000001,11148.191201804844,-2.0483570518530642e-05,8.621464612601265e-05,8.621464612601265e-05,8.7620047949731e-10,-0.20483570518530642
1.975,11146.411446376325,-2.045181993050232e-05,8.512863455328072e-05,8.512863455328072e-05,8.626427102218747e-10,-0.20451819930502319
1.9875,11143.090536424428,-2.0392575361237113e-05,8.404781962720805e-05,8.404781962720805e-05,8.49124214918323e-10,-0.2039257536123711
2.0,11138.238710205873,-2.030601945980195e-05,8.297235116042294e-05,8.297235116042294e-05,8.356630986130743e-10,-0.2030601945980195
2.0125,11131.87235363377,-2.0192444548598087e-05,8.19023729077069e-05,8.19023729077069e-05,8.222772725483427e-10,-0.20192444548598087
2.025,11124.013963969348,-2.0052251975618204e-05,8.083802340883994e-05,8.083802340883994e-05,8.08984381907698e-10,-0.20052251975618204
2.0375,11114.692035253942,-1.9885950070578206e-05,7.977943685335865e-05,7.977943685335865e-05,7.958017348965327e-10,-0.19885950070578207
2.0500000000000003,11103.940866516421,-1.969415072335714e-05,7.872674396855941e-05,7.872674396855941e-05,7.827462340907242e-10,-0.1969415072335714
2.0625,11091.800295607844,-1.9477564635647404e-05,7.768007293209259e-05,7.768007293209259e-05,7.698343109330377e-10,-0.19477564635647404
2.075,11078.315363270573,-1.9236995327998112e-05,7.663955031052983e-05,7.663955031052983e-05,7.570818642023364e-10,-0.1923699532799811
2.0875,11063.535913676076,-1.8973332013458284e-05,7.560530202534552e-05,7.560530202534552e-05,7.445042032069425e-10,-0.18973332013458283
2.1,11047.516139109055,-1.86875414748099e-05,7.457745434783465e-05,7.457745434783465e-05,7.321159963626835e-10,-0.18687541474809902
2.1125000000000003,11030.314077693021,-1.838065910406437e-05,7.355613492459428e-05,7.355613492459428e-05,7.19931225710969e-10,-0.1838065910406437
2.125,11011.99107399874,-1.8053779279787013e-05,7.254147383532392e-05,7.254147383532392e-05,7.079631478158603e-10,-0.18053779279787013
2.1375,10992.611213025799,-1.7708045269411704e-05,7.153360468485352e-05,7.153360468485352e-05,6.962242613550233e-10,-0.17708045269411704
2.15,10972.240738386767,-1.734463884972418e-05,7.053266573148381e-05,7.053266573148381e-05,6.847262815913937e-10,-0.1734463884972418
2.1625,10950.947465542264,-1.6964769839063095e-05,6.953880105392282e-05,6.953880105392282e-05,6.734801217840776e-10,-0.16964769839063096
2.1750000000000003,10928.800200650358,-1.6569665729666235e-05,6.855216175931818e-05,6.855216175931818e-05,6.624958814721013e-10,-0.16569665729666236
2.1875,10905.868175015974,-1.61605615983378e-05,6.757290723511469e-05,6.757290723511469e-05,6.517828414465067e-10,-0.16160561598337803
2.2,10882.220504298588,-1.5738690458777403e-05,6.660120644769833e-05,6.660120644769833e-05,6.413494651180091e-10,-0.15738690458777402
2.2125,10857.925680582433,-1.530527420019407e-05,6.563723929101396e-05,6.563723929101396e-05,6.312034058915621e-10,-0.15305274200194072
2.225,10833.051104197286,-1.4861515235046689e-05,6.468119798854762e-05,6.468119798854762e-05,6.213515200777414e-10,-0.14861515235046688
2.2375000000000003,10807.662660831216,-1.4408588954801347e-05,6.373328855222914e-05,6.373328855222914e-05,6.117998848053011e-10,-0.14408588954801346
2.25,10781.82434806801,-1.3947637067404407e-05,6.279373230191643e-05,6.279373230191643e-05,6.025538203504037e-10,-0.13947637067404406
2.2625,10755.597954048868,-1.3479761864657498e-05,6.186276744914511e-05,6.186276744914511e-05,5.936179162660795e-10,-0.13479761864657497
2.275,10729.04278956146,-1.3006021442719652e-05,6.0940650748739226e-05,6.0940650748739226e-05,5.849960606800751e-10,-0.1300602144271965
2.2875,10702.215473533277,-1.2527425875341572e-05,6.0027659221650934e-05,6.0027659221650934e-05,5.766914721295133e-10,-0.12527425875341572
2.3000000000000003,10675.169770696912,-1.2044934317837121e-05,5.912409195199612e-05,5.912409195199612e-05,5.687067333153672e-10,-0.12044934317837121
2.3125,10647.95647912744,-1.155945300076336e-05,5.82302719606446e-05,5.82302719606446e-05,5.610438261869482e-10,-0.11559453000763359
2.325,10620.623364451092,-1.107183405621592e-05,5.734654815686963e-05,5.734654815686963e-05,5.537041678044584e-10,-0.11071834056215919
2.3375,10593.21513680575,-1.0582875106802013e-05,5.647329736842429e-05,5.647329736842429e-05,5.466886464740177e-10,-0.10582875106802013
2.35,10565.773466098222,-1.0093319537833735e-05,5.56109264489532e-05,5.56109264489532e-05,5.399976577022506e-10,-0.10093319537833735
2.3625000000000003,10538.337030756216,-9.60385736705557e-06,5.4759874459827597e-05,5.4759874459827597e-05,5.336311395743193e-10,-0.0960385736705557
2.375,10510.941594998374,-9.11512662312552e-06,5.392061492127525e-05,5.392061492127525e-05,5.275886072181448e-10,-0.0911512662312552
2.3875,10483.62010963241,-8.627715143849162e-06,5.3093658125030365e-05,5.3093658125030365e-05,5.218691860765558e-10,-0.08627715143849163
2.4000000000000004,10456.402831524023,-8.142162707479222e-06,5.2279553497625736e-05,5.2279553497625736e-05,5.164716437665719e-10,-0.08142162707479221
2.4125,10429.317457124993,-7.658963414843003e-06,5.14788919998709e-05,5.14788919998709e-05,5.113944203595452e-10,-0.07658963414843004
2.4250000000000003,10402.38926579679,-7.1785682462155965e-06,5.069230854399773e-05,5.069230854399773e-05,5.066356569663176e-10,-0.07178568246215597
2.4375,10375.64126908079,-6.701387724278234e-06,4.992048440541177e-05,4.992048440541177e-05,5.0219322255707e-10,-0.06701387724278234
2.45,10349.094362529127,-6.22779462275908e-06,4.916414960098682e-05,4.916414960098682e-05,4.980647389855794e-10,-0.062277946227590794
2.4625000000000004,10322.7674771975,-5.75812666904611e-06,4.8424085200419564e-05,4.8424085200419564e-05,4.942476042218791e-10,-0.0575812666904611
2.475,10296.677728393246,-5.292689197828494e-06,4.770112553138302e-05,4.770112553138302e-05,4.907390138257878e-10,-0.052926891978284936
2.4875000000000003,10270.840559749087,-4.8317577213553594e-06,4.699616023317008e-05,4.699616023317008e-05,4.875359807165808e-10,-0.04831757721355359
2.5,10245.269881145374,-4.375580389947541e-06,4.631013610731229e-05,4.631013610731229e-05,4.84635353311557e-10,-0.043755803899475414
2.5125,10219.978199415656,-3.9243803237669925e-06,4.5644058707438134e-05,4.5644058707438134e-05,4.82033832118847e-10,-0.039243803237669926
2.5250000000000004,10194.976741138611,-3.4783578034070298e-06,4.4998993604568e-05,4.4998993604568e-05,4.797279848780511e-10,-0.0347835780340703
2.5375,10170.27556713673,-3.0376923125359934e-06,4.437606725832888e-05,4.437606725832888e-05,4.777142603467832e-10,-0.030376923125359934
2.5500000000000003,10145.883678569417,-2.6025444305782284e-06,4.377646741943535e-05,4.377646741943535e-05,4.759890008325322e-10,-0.026025444305782283
2.5625,10121.809114722164,-2.173057577262414e-06,4.320144298447136e-05,4.320144298447136e-05,4.745484535680406e-10,-0.02173057577262414
2.575,10098.059042762388,-1.749359613854334e-06,4.2652303220787404e-05,4.2652303220787404e-05,4.733887810252059e-10,-0.01749359613854334
2.5875000000000004,10074.639839855423,-1.3315643080914635e-06,4.2130416277475e-05,4.2130416277475e-05,4.725060702578583e-10,-0.013315643080914635
2.6,10051.557168117688,-9.19772671339413e-07,4.163720689817824e-05,4.163720689817824e-05,4.7189634135812e-10,-0.00919772671339413
2.6125000000000003,10028.816042935814,-5.14074177394316e-07,4.1174153253224275e-05,4.1174153253224275e-05,4.715555551048058e-10,-0.0051407417739431594
2.625,10006.420895202564,-1.1454787276337048e-07,4.074278281245965e-05,4.074278281245965e-05,4.714796198758044e-10,-0.001145478727633705
2.6375,9984.375628021426,2.7873661173182303e-07,4.034466718649633e-05,4.034466718649633e-05,4.716643978898549e-10,0.00278736611731823
2.6500000000000004,9962.68366841581,6.657181384735342e-07,3.998141587298879e-05,3.998141587298879e-05,4.721057108367988e-10,0.0066571813847353415
2.6625,9941.348014549629,1.0463432206377812e-06,3.9654668856213596e-05,3.9654668856213596e-05,4.727993449493878e-10,0.010463432206377812
2.6750000000000003,9920.37127893039,1.4205652514545001e-06,3.93660880226745e-05,3.93660880226745e-05,4.737410555641579e-10,0.014205652514545001
2.6875,9899.75572802522,1.7883437974667432e-06,3.91173473726959e-05,3.91173473726959e-05,4.749265712137969e-10,0.017883437974667432
2.7,9879.503318676569,2.1496439488795653e-06,3.891012202789631e-05,3.891012202789631e-05,4.763515972888495e-10,0.021496439488795652
2.7125000000000004,9859.615731662592,2.5044357208453093e-06,3.8746076056855995e-05,3.8746076056855995e-05,4.780118193025265e-10,0.025044357208453095
2.725,9840.094402706945,2.8526935002547625e-06,3.862684916590959e-05,3.862684916590959e-05,4.799029057887862e-10,0.028526935002547625
2.7375000000000003,9820.94055120444,3.1943955332747034e-06,3.855404232840659e-05,3.855404232840659e-05,4.820205108606961e-10,0.031943955332747034
2.75,9802.15520689551,3.529523449481183e-06,3.8529202453485844e-05,3.852941684557624e-05,4.843602764533383e-10,0.03529523449481183
2.7625,9783.739234691211,3.858061818979621e-06,3.855380622380758e-05,3.859667205403073e-05,4.869178342731234e-10,0.03858061818979621
2.7750000000000004,9765.693357825521,4.179997739377773e-06,3.8629243260095395e-05,3.875050160189353e-05,4.896888074733032e-10,0.04179997739377773
2.7875,9748.018179486338,4.495320449888248e-06,3.875679879800574e-05,3.896906921889867e-05,4.926688120736681e-10,0.04495320449888248
2.8000000000000003,9730.714203058918,4.804020970189714e-06,3.893763608896037e-05,3.923866450219338e-05,4.958534581408401e-10,0.04804020970189714
2.8125,9713.781851097256,5.106091761975613e-06,3.917277876031097e-05,3.955525560052106e-05,4.99238350744203e-10,0.051060917619756126
2.825,9697.22148312623,5.401526411373882e-06,3.946309339071749e-05,3.9911402314841426e-05,5.028190907013037e-10,0.054015264113738824
2.8375000000000004,9681.033412362847,5.690319330636491e-06,3.9809272573097554e-05,4.0306619840142426e-05,5.065912751255006e-10,0.05690319330636491
2.85,9665.217921437212,5.9724654776806435e-06,4.021181874918378e-05,4.074032755554217e-05,5.105504977876917e-10,0.059724654776806434
2.8625000000000003,9649.775277183779,6.247960092219374e-06,4.067102910593205e-05,4.121185221640311e-05,5.14692349303121e-10,0.062479600922193734
2.875,9634.705744565294,6.516798447352484e-06,4.11869818241947e-05,4.1720431674269694e-05,5.190124171535106e-10,0.06516798447352484
2.8875,9620.009599787789,6.778975615604091e-06,4.175952396378312e-05,4.226521904283071e-05,5.235062855540967e-10,0.06778975615604091
2.9000000000000004,9605.687142656334,7.034486248492679e-06,4.2388261256038106e-05,4.284734264140745e-05,5.281695351745399e-10,0.07034486248492679
2.9125,9591.738708219003,7.283324368807276e-06,4.307255005522561e-05,4.3475346875046725e-05,5.32997742722132e-10,0.07283324368807276
2.9250000000000003,9578.164677740559,7.5254831748402545e-06,4.3811491673603074e-05,4.4144204753700346e-05,5.379864803952271e-10,0.07525483174840254
2.9375,9564.965489043578,7.76095485589575e-06,4.4603929292183176e-05,4.485984454625463e-05,5.431313152143707e-10,0.07760954855895749
2.95,9552.141646253087,7.989730418454155e-06,4.544844760058845e-05,4.5624845461317535e-05,5.484278082381907e-10,0.07989730418454155
2.9625000000000004,9539.693728974911,8.211799522428403e-06,4.634337527566916e-05,4.64465458346885e-05,5.538715136707409e-10,0.08211799522428402
2.975,9527.622400937404,8.427150326998317e-06,4.728679036066002e-05,4.733013958156151e-05,5.594579778666461e-10,0.08427150326998317
2.9875000000000003,9515.928418122196,8.635769345556337e-06,4.8276528555648085e-05,4.828282679237541e-05,5.651827382400891e-10,0.08635769345556336
3.0,9504.612636408225,8.837641309341903e-06,4.931019437721788e-05,4.931019437721788e-05,5.710413220833985e-10,0.08837641309341902
3.0125,9493.676018749862,9.032749039384398e-06,5.038517509162731e-05,5.038517509162731e-05,5.770292453007469e-10,0.09032749039384398
3.0250000000000004,9483.11964190819,9.221073326416364e-06,5.1498657273105544e-05,5.1498657273105544e-05,5.831420110622413e-10,0.09221073326416364
3.0375,9472.944702752346,9.402592818461078e-06,5.2647645788219455e-05,5.2647645788219455e-05,5.893751083834942e-10,0.09402592818461078
3.0500000000000003,9463.152524144298,9.577283915842381e-06,5.382898496006692e-05,5.382898496006692e-05,5.957240106355951e-10,0.09577283915842381
3.0625,9453.744560420113,9.745120673411333e-06,5.503938162358544e-05,5.503938162358544e-05,6.021841739902673e-10,0.09745120673411332
3.075,9444.722402474112,9.906074709834215e-06,5.6275429746658404e-05,5.6275429746658404e-05,6.087510358048901e-10,0.09906074709834216
3.0875000000000004,9436.08778245386,1.006011512384179e-05,5.753363626194595e-05,5.753363626194595e-05,6.154200129520018e-10,0.1006011512384179
3.1,9427.842578066467,1.0207208417400204e-05,5.8810447732259946e-05,5.8810447732259946e-05,6.221865000978719e-10,0.10207208417400204
3.1125000000000003,9419.98881649593,1.0347318425832042e-05,6.0102277458421095e-05,6.0102277458421095e-05,6.290458679347491e-10,0.10347318425832043
3.125,9412.528677924416,1.0480406254990936e-05,6.140553263322098e-05,6.140553263322098e-05,6.359934613714622e-10,0.10480406254990936
3.1375,9405.464498648238,1.0606430225677629e-05,6.271664114845445e-05,6.271664114845445e-05,6.430245976871735e-10,0.10606430225677628
3.1500000000000004,9398.798773771823,1.0725345825578115e-05,6.403207767382802e-05,6.403207767382802e-05,6.501345646532708e-10,0.10725345825578114
3.1625,9392.534159458588,1.0837105669107953e-05,6.53483886464833e-05,6.53483886464833e-05,6.573186186286409e-10,0.10837105669107953
3.1750000000000003,9386.673474710911,1.0941659465659893e-05,6.666221583726793e-05,6.666221583726793e-05,6.645719826338928e-10,0.10941659465659893
3.1875,9381.219702643903,1.1038953996875954e-05,6.797031819390353e-05,6.797031819390353e-05,6.718898444105153e-10,0.11038953996875954
3.2,9376.175991211516,1.1128933103699425e-05,6.926959170082473e-05,6.926959170082473e-05,6.792673544714503e-10,0.11128933103699425
3.2125000000000004,9371.545653333265,1.1211537684106962e-05,7.055708703955083e-05,7.055708703955083e-05,6.866996241501633e-10,0.11211537684106962
3.225,9367.332166364087,1.1286705702575561e-05,7.183002488074804e-05,7.183002488074804e-05,6.941817236559896e-10,0.11286705702575561
3.2375000000000003,9363.539170837013,1.1354372212502743e-05,7.308580868835044e-05,7.308580868835044e-05,7.017086801443429e-10,0.11354372212502742
3.25,9360.170468402834,1.1414469392969952e-05,7.43220349659132e-05,7.43220349659132e-05,7.092754758112948e-10,0.11414469392969952
3.2625,9357.230018877433,1.1466926601417158e-05,7.553650092449765e-05,7.553650092449765e-05,7.168770460230734e-10,0.11466926601417159
3.2750000000000004,9354.72193629885,1.151167044397906e-05,7.672720959862172e-05,7.672720959862172e-05,7.245082774921881e-10,0.1151167044397906
3.2875,9352.65048388651,1.1548624865418348e-05,7.789237248105746e-05,7.789237248105746e-05,7.321640065131727e-10,0.11548624865418348
3.3000000000000003,9351.020067782483,1.157771126077523e-05,7.903040978755253e-05,7.903040978755253e-05,7.398390172723421e-10,0.1157771126077523
3.3125,9349.835229447104,1.1598848611032935e-05,8.013994849810457e-05,8.013994849810457e-05,7.475280402474836e-10,0.11598848611032936
3.325,9349.100636569487,1.1611953645271119e-05,8.12198183516039e-05,8.12198183516039e-05,7.552257507150415e-10,0.11611953645271118
3.3375000000000004,9348.821072345689,1.1616941031939577e-05,8.226904599505724e-05,8.226904599505724e-05,7.629267673840997e-10,0.11616941031939577
3.35,9349.001422969284,1.1613723602028083e-05,8.328684750698002e-05,8.328684750698002e-05,7.706256511783062e-10,0.11613723602028082
3.3625000000000003,9349.646663171408,1.1602212607029258e-05,8.427261952684918e-05,8.427261952684918e-05,7.783169041888047e-10,0.11602212607029258
3.375,9350.761839642872,1.1582318014684395e-05,8.522592922887906e-05,8.522592922887906e-05,7.859949688232195e-10,0.11582318014684395
3.3875,9352.35205216762,1.1553948845560929e-05,8.614650337910789e-05,8.614650337910789e-05,7.936542271777619e-10,0.11553948845560928
3.4000000000000004,9354.422432295434,1.1517013553527903e-05,8.70342167102999e-05,8.70342167102999e-05,8.01289000661559e-10,0.11517013553527904
3.4125,9356.978119383863,1.147142045316576e-05,8.788907984002273e-05,8.788907984002273e-05,8.088935499043174e-10,0.11471420453165761
3.4250000000000003,9360.024233843647,1.141707819706203e-05,8.871122694408895e-05,8.871122694408895e-05,8.164620749803921e-10,0.1141707819706203
3.4375,9363.565847430857,1.1353896305797899e-05,8.95009033810535e-05,8.95009033810535e-05,8.239887159841908e-10,0.11353896305797899
3.45,9367.607950440057,1.1281785753215497e-05,9.025845344436196e-05,9.025845344436196e-05,8.314675539935587e-10,0.11281785753215497
3.4625000000000004,9372.155415670104,1.120065960926565e-05,9.098430839778697e-05,9.098430839778697e-05,8.388926124593155e-10,0.1120065960926565
3.475,9377.21295905379,1.111043374236459e-05,9.167897492768731e-05,9.167897492768731e-05,8.462578590603935e-10,0.1111043374236459
3.4875000000000003,9382.78509686999,1.1011027582731108e-05,9.234302412305755e-05,9.234302412305755e-05,8.535572080650009e-10,0.11011027582731107
3.5,9388.876099484862,1.0902364947628151e-05,9.297708107192213e-05,9.297708107192213e-05,8.607845232388493e-10,0.10902364947628151
3.5125,9395.489941607995,1.0784374928792833e-05,9.35818151409203e-05,9.35818151409203e-05,8.67933621341669e-10,0.10784374928792834
3.5250000000000004,9402.630249087339,1.065699284160447e-05,9.415793098439126e-05,9.415793098439126e-05,8.749982762529393e-10,0.1065699284160447
3.5375,9410.300242315307,1.0520161234712673e-05,9.470616031028285e-05,9.470616031028285e-05,8.819722237669154e-10,0.10520161234712673
3.5500000000000003,9418.502676368938,1.0373830957928922e-05,9.522725441306223e-05,9.522725441306223e-05,8.888491670955727e-10,0.10373830957928923
3.5625,9427.239778063436,1.0217962285181054e-05,9.5721977468703e-05,9.5721977468703e-05,8.956227831159727e-10,0.10217962285181054
3.575,9436.51318015938,1.0052526088247664e-05,9.619110057387556e-05,9.619110057387556e-05,9.022867293957114e-10,0.10052526088247664
3.5875000000000004,9446.323853028167,9.877505055839023e-06,9.663539650071662e-05,9.663539650071662e-05,9.088346520265128e-10,0.09877505055839023
3.6,9456.672034147592,9.692894951385518e-06,9.70556351299651e-05,9.70556351299651e-05,9.152601942916255e-10,0.09692894951385518
3.6125000000000003,9467.55715586951,9.498705901649664e-06,9.7452579518741e-05,9.7452579518741e-05,9.215570061874566e-10,0.09498705901649664
3.625,9478.97777197294,9.294963707011844e-06,9.782698255466732e-05,9.782698255466732e-05,9.277187548138107e-10,0.09294963707011844
3.6375,9490.931483585842,9.08171116301405e-06,9.81795841452251e-05,9.81795841452251e-05,9.337391356401963e-10,0.0908171116301405
3.6500000000000004,9503.41486512936,8.859009381503777e-06,9.851110888998278e-05,9.851110888998278e-05,9.396118846479369e-10,0.08859009381503777
3.6625,9516.423391004915,8.626939098527566e-06,9.882226418344324e-05,9.882226418344324e-05,9.453307913392984e-10,0.08626939098527565
3.6750000000000003,9529.951363806735,8.385601955007485e-06,9.911373869747925e-05,9.911373869747925e-05,9.508897125955955e-10,0.08385601955007485
3.6875,9543.99184489972,8.135121735223692e-06,9.938620119446727e-05,9.938620119446727e-05,9.562825873563031e-10,0.08135121735223692
3.7,9558.536588250969,7.875645547250299e-06,9.964029962506566e-05,9.964029962506566e-05,9.61503452080693e-10,0.07875645547250298
3.7125000000000004,9573.575978443552,7.6073449287808444e-06,9.987666046792745e-05,9.987666046792745e-05,9.66546456942536e-10,0.07607344928780845
3.725,9589.098973830074,7.330416861261486e-06,0.00010009588827230824,0.00010009588827230824,9.71405882697088e-10,0.07330416861261486
3.7375000000000003,9605.093055800104,7.0450846749525874e-06,0.0001002985653683773,0.0001002985653683773,9.760761581480496e-10,0.07045084674952587
3.75,9621.544185138551,6.75159882748746e-06,0.00010048525171392813,0.00010048525171392813,9.805518781306442e-10,0.0675159882748746
3.7625,9638.436766440356,6.450237538713079e-06,0.00010065648485000972,0.00010065648485000972,9.848278219155392e-10,0.06450237538713079
3.7750000000000004,9655.753621517679,6.1413072650992786e-06,0.00010081277994167084,0.00010081277994167084,9.888989719272596e-10,0.06141307265099279
3.7875,9673.475972691982,5.825142997804501e-06,0.00010095462988346769,0.00010095462988346769,9.927605326601929e-10,0.05825142997804501
3.8000000000000003,9691.583436800944,5.502108369595401e-06,0.00010108250545257971,0.00010108250545257971,9.964079496654719e-10,0.05502108369595401
3.8125,9710.054030669846,5.1725955572369584e-06,0.00010119685549528694,0.00010119685549528694,9.998369284731508e-10,0.051725955572369586
3.825,9728.864188701027,4.837024967695141e-06,0.00010129810713516634,0.00010129810713516634,1.0030434533063627e-09,0.048370249676951416
3.8375000000000004,9747.98879312233,4.49584469851456e-06,0.00010138666599366805,0.00010138666599366805,1.0060238054377513e-09,0.0449584469851456
3.85,9767.401217304934,4.149529765030795e-06,0.00010146291641574088,0.00010146291641574088,1.0087745810336157e-09,0.04149529765030795
3.8625000000000003,9787.073382419887,3.798581089626505e-06,0.00010152722169490727,0.00010152722169490727,1.0112927083280176e-09,0.03798581089626505
3.875,9806.975827546474,3.443524251009558e-06,0.0001015799242936615,0.0001015799242936615,1.0135754639677699e-09,0.03443524251009558
3.8875,9827.077793179968,3.084907994442076e-06,0.00010162134605630802,0.00010162134605630802,1.0156204883698385e-09,0.030849079944420762
3.9000000000000004,9847.347317914557,2.723302506937096e-06,0.0001016517884123925,0.0001016517884123925,1.0174257999353488e-09,0.02723302506937096
3.9125,9867.751347897045,2.3592974646141185e-06,0.00010167153256973492,0.00010167153256973492,1.0189898079691595e-09,0.023592974646141185
3.9250000000000003,9888.25585846952,1.9934998626129535e-06,0.00010168083969677999,0.00010168083969677999,1.0203113241608608e-09,0.019934998626129536
3.9375,9908.825987239128,1.626531641148986e-06,0.0001016799510945545,0.0001016799510945545,1.0213895724920523e-09,0.01626531641148986
3.95,9929.426177639547,1.2590271243932489e-06,0.00010166908835899332,0.00010166908835899332,1.0222241974458238e-09,0.012590271243932489
3.9625000000000004,9950.020331883956,8.916302918176743e-07,0.00010164845353478128,0.00010164845353478128,1.022815270407376e-09,0.008916302918176742
3.975,9970.571972053163,5.249919043999875e-07,0.00010161822926217836,0.00010161822926217836,1.0231632941595658e-09,0.005249919043999875
3.9875000000000003,9991.044407924834,1.5976651057729697e-07,0.00010157857891856437,0.00010157857891856437,1.0232692053936619e-09,0.0015976651057729697
4.0,10011.400910025657,-2.0339064098118114e-07,0.00010152964675667236,0.00010152964675667236,1.023134375173536e-09,-0.0020339064098118115
4.0125,10031.604886287209,-5.638267528920544e-07,0.00010147155804168719,0.00010147155804168719,1.0227606073106757e-09,-0.005638267528920544
4.025,10051.620060607165,-9.208946645598137e-07,0.00010140441918957677,0.00010140441918957677,1.0221501346274862e-09,-0.009208946645598137
4.0375000000000005,10071.410651561328,-1.2739560403787603e-06,0.00010132831790920709,0.00010132831790920709,1.0213056131070936e-09,-0.012739560403787603
4.05,10090.94154948485,-1.6223845288370584e-06,0.00010124332335097443,0.00010124332335097443,1.0202301139489379e-09,-0.016223845288370585
4.0625,10110.178490138289,-1.965568860693177e-06,0.00010114948626487135,0.00010114948626487135,1.0189271135705454e-09,-0.01965568860693177
4.075,10129.088223199604,-2.302915854851683e-06,0.00010104683917109604,0.00010104683917109604,1.0174004816166696e-09,-0.02302915854851683
4.0875,10147.638673876838,-2.6338533015073873e-06,0.00010093539654651342,0.00010093539654651342,1.0156544670571573e-09,-0.026338533015073873
4.1000000000000005,10165.799096014374,-2.9578326935415283e-06,0.00010081515503048884,0.00010081515503048884,1.01369368247414e-09,-0.029578326935415282
4.1125,10183.540215171015,-3.2743317790174513e-06,0.00010068609365383652,0.00010068609365383652,1.0115230866571418e-09,-0.03274331779017451
4.125,10200.834360276205,-3.5828569099037663e-06,0.00010054817409485973,0.00010054817409485973,1.0091479656411912e-09,-0.035828569099037665
4.1375,10217.655582618068,-3.882945164809071e-06,0.00010040134096670255,0.00010040134096670255,1.0065739123377425e-09,-0.038829451648090714
4.15,10233.979761086148,-4.174166226494489e-06,0.00010024552214048642,0.00010024552214048642,1.003806804920973e-09,-0.04174166226494489
4.1625000000000005,10249.78469277228,-4.4561239981834364e-06,0.0001000806291089612,0.0001000806291089612,1.000852784142607e-09,-0.044561239981834366
4.175,10265.05016822864,-4.72845794615071e-06,9.990655739566222e-05,9.990655739566222e-05,9.97718229756721e-10,-0.047284579461507104
4.1875,10279.758030882655,-4.990844159681069e-06,9.972318701482082e-05,9.972318701482082e-05,9.944097362418874e-10,-0.04990844159681069
4.2,10293.892220317008,-5.242996123173529e-06,9.953038298752759e-05,9.953038298752759e-05,9.909340880114837e-10,-0.052429961231735295
4.2125,10307.438799328014,-5.484665198864637e-06,9.93279959198821e-05,9.93279959198821e-05,9.872982343039945e-10,-0.05484665198864637
4.2250000000000005,10320.38596488214,-5.7156408222849334e-06,9.911586264907941e-05,9.911586264907941e-05,9.835092639437468e-10,-0.057156408222849335
4.2375,10332.724043285241,-5.935750416084221e-06,9.889380696356771e-05,9.889380696356771e-05,9.79574380158768e-10,-0.05935750416084221
4.25,10344.445470068884,-6.144859031202535e-06,9.866164040355948e-05,9.866164040355948e-05,9.755008756365193e-10,-0.061448590312025354
4.2625,10355.544755270235,-6.342868727470446e-06,9.841916314827723e-05,9.841916314827723e-05,9.712961079902344e-10,-0.06342868727470446
4.275,10366.018434941629,-6.529717708545992e-06,9.816616499635337e-05,9.816616499635337e-05,9.66967475798722e-10,-0.06529717708545991
4.2875000000000005,10375.865009865363,-6.705379228595017e-06,9.790242644577421e-05,9.790242644577421e-05,9.625223953709404e-10,-0.06705379228595017
4.3,10385.084872569538,-6.8698602902643935e-06,9.76277198796437e-05,9.76277198796437e-05,9.579682783737058e-10,-0.06869860290264393
4.3125,10393.680223839623,-7.023200155258629e-06,9.734181086383463e-05,9.734181086383463e-05,9.533125104467554e-10,-0.0702320015525863
4.325,10401.654979996494,-7.165468690194773e-06,9.704445956228057e-05,9.704445956228057e-05,9.485624309143648e-10,-0.07165468690194772
4.3375,10409.014672266134,-7.296764571370965e-06,9.673542227522691e-05,9.673542227522691e-05,9.437253136870478e-10,-0.07296764571370966
4.3500000000000005,10415.766339596961,-7.417213372642912e-06,9.641445310519485e-05,9.641445310519485e-05,9.388083494308258e-10,-0.07417213372642913
4.3625,10421.918416290422,-7.5269655607695986e-06,9.608130575470407e-05,9.608130575470407e-05,9.33818629065409e-10,-0.07526965560769598
4.375,10427.480615798871,-7.6261944223824805e-06,9.573573545894147e-05,9.573573545894147e-05,9.28763128636615e-10,-0.0762619442238248
4.3875,10432.463812013188,-7.715093946175705e-06,9.53775010555422e-05,9.53775010555422e-05,9.236486955927098e-10,-0.07715093946175705
4.4,10436.87991931429,-7.793876683038357e-06,9.500636719246238e-05,9.500636719246238e-05,9.18482036479296e-10,-0.07793876683038357
4.4125000000000005,10440.741772596393,-7.862771605688794e-06,9.462210667356324e-05,9.462210667356324e-05,9.132697060530738e-10,-0.07862771605688794
4.425,10444.063008392215,-7.922021987964095e-06,9.422450293999255e-05,9.422450293999255e-05,9.080180978014503e-10,-0.07922021987964095
4.4375,10446.857948139175,-7.97188332230597e-06,9.381335268374403e-05,9.381335268374403e-05,9.027334358426718e-10,-0.0797188332230597
4.45,10449.141484526652,-8.012621292210704e-06,9.33884685878996e-05,9.33884685878996e-05,8.97421768170045e-10,-0.08012621292210705
4.4625,10450.928971757878,-8.044509814518094e-06,9.294968218602644e-05,9.294968218602644e-05,8.920889611939505e-10,-0.08044509814518094
4.4750000000000005,10452.23612045024,-8.067829164444974e-06,9.24968468310176e-05,9.24968468310176e-05,8.86740695526794e-10,-0.08067829164444974
4.4875,10453.078897784459,-8.082864194263972e-06,9.202984076135205e-05,9.202984076135205e-05,8.813824629488183e-10,-0.08082864194263972
4.5,10453.473433402109,-8.089902654525519e-06,9.154857025032721e-05,9.154857025032721e-05,8.760195644867989e-10,-0.08089902654525519
4.5125,10453.435931439588,-8.089233624756461e-06,9.105297282130959e-05,9.105297282130959e-05,8.706571095330481e-10,-0.0808923362475646
4.525,10452.982588980913,-8.081146058673271e-06,9.054302050948832e-05,9.054302050948832e-05,8.653000159288167e-10,-0.08081146058673272
4.5375000000000005,10452.12952111171,-8.065927447148927e-06,9.0018723148036e-05,9.0018723148036e-05,8.599530109340313e-10,-0.08065927447148927
4.55,10450.892692660567,-8.043862600493732e-06,8.948013165402257e-05,8.948013165402257e-05,8.546206330042733e-10,-0.08043862600493733
4.5625,10449.287856629915,-8.015232550069362e-06,8.892734128693111e-05,8.892734128693111e-05,8.493072342958909e-10,-0.08015232550069362
4.575,10447.330499239268,-7.980313567866495e-06,8.83604948502394e-05,8.83604948502394e-05,8.44016983821047e-10,-0.07980313567866494
4.5875,10445.035791435084,-7.939376301449133e-06,8.777978580430558e-05,8.777978580430558e-05,8.387538711762222e-10,-0.07939376301449133
4.6000000000000005,10442.418546662524,-7.89268502060778e-06,8.718546125678266e-05,8.718546125678266e-05,8.33521710770121e-10,-0.0789268502060778
4.6125,10439.493184643776,-7.84049697117085e-06,8.657782479503852e-05,8.657782479503852e-05,8.283241464799452e-10,-0.0784049697117085
4.625,10436.273700867354,-7.78306183069625e-06,8.595723912362959e-05,8.595723912362959e-05,8.231646566684956e-10,-0.0778306183069625
4.6375,10432.773641460404,-7.720621260197863e-06,8.532412846881955e-05,8.532412846881955e-05,8.180465594984403e-10,-0.07720621260197863
4.65,10429.006083093182,-7.653408545646331e-06,8.467898071150092e-05,8.467898071150092e-05,8.129730184842363e-10,-0.07653408545646331
4.6625000000000005,10424.983617549831,-7.581648322709818e-06,8.40223492097167e-05,8.40223492097167e-05,8.079470482265241e-10,-0.07581648322709818
4.675,10420.718340590374,-7.505556378056483e-06,8.335485427233252e-05,8.335485427233252e-05,8.029715202782413e-10,-0.07505556378056483
4.6875,10416.22184472876,-7.425339520512686e-06,8.26771842463182e-05,8.26771842463182e-05,7.980491690961473e-10,-0.07425339520512686
4.7,10411.505215554389,-7.341195515445736e-06,8.199009618158938e-05,8.199009618158938e-05,7.93182598035846e-10,-0.07341195515445736
4.7125,10406.579031235857,-7.253313075902745e-06,8.129441603946171e-05,8.129441603946171e-05,7.883742853526837e-10,-0.07253313075902744
4.7250000000000005,10401.453364855955,-7.161871904273889e-06,8.059103841349102e-05,8.059103841349102e-05,7.836265901750261e-10,-0.0716187190427389
4.7375,10396.13778924677,-7.067042778544557e-06,7.988092573482174e-05,7.988092573482174e-05,7.789417584203595e-10,-0.07067042778544556
4.75,10390.641384010241,-6.968987677544058e-06,7.916510693812947e-05,7.916510693812947e-05,7.743219286283625e-10,-0.06968987677544058
4.7625,10384.972744432504,-6.867859939975403e-06,7.844467556880628e-05,7.844467556880628e-05,7.697691376885537e-10,-0.06867859939975403
4.775,10379.13999202178,-6.763804452410532e-06,7.772078731716503e-05,7.772078731716503e-05,7.65285326443317e-10,-0.06763804452410532
4.7875000000000005,10373.150786423272,-6.6569578618476685e-06,7.699465697108662e-05,7.699465697108662e-05,7.60872345150018e-10,-0.06656957861847669
4.800000000000001,10367.012338486937,-6.547448808843201e-06,7.626755478464636e-05,7.626755478464636e-05,7.565319587885759e-10,-0.06547448808843201
4.8125,10360.731424288664,-6.4353981776422304e-06,7.554080226676089e-05,7.554080226676089e-05,7.522658522032199e-10,-0.0643539817764223
4.825,10354.314399925734,-6.3209193601328815e-06,7.48157674007162e-05,7.48157674007162e-05,7.480756350692668e-10,-0.06320919360132882
4.8375,10347.767216931317,-6.204118530834566e-06,7.409385931247775e-05,7.409385931247775e-05,7.43962846677606e-10,-0.06204118530834566
4.8500000000000005,10341.095438171249,-6.085094930495751e-06,7.337652241284609e-05,7.337652241284609e-05,7.399289605311834e-10,-0.06085094930495751
4.862500000000001,10334.304254106673,-5.963941156218968e-06,7.266523004569565e-05,7.266523004569565e-05,7.359753887491585e-10,-0.05963941156218968
4.875,10327.398499324023,-5.840743456348071e-06,7.196147768160853e-05,7.196147768160853e-05,7.32103486275576e-10,-0.058407434563480715
4.8875,10320.382669248625,-5.7155820286440605e-06,7.126677570306914e-05,7.126677570306914e-05,7.283145548903739e-10,-0.0571558202864406
4.9,10313.260936975605,-5.588531320540003e-06,7.058264183390137e-05,7.058264183390137e-05,7.246098470213484e-10,-0.05588531320540003
4.9125000000000005,10306.03717016242,-5.459660330503769e-06,6.991059327168792e-05,6.991059327168792e-05,7.209905693563411e-10,-0.05459660330503769
4.925000000000001,10298.714947940965,-5.32903290974939e-06,6.925213858739656e-05,6.925213858739656e-05,7.174578862554192e-10,-0.053290329097493906
4.9375,10291.297577817586,-5.196708063724993e-06,6.860876946124116e-05,6.860876946124116e-05,7.140129229631941e-10,-0.05196708063724993
4.95,10283.788112536806,-5.062740252969364e-06,6.798195232782348e-05,6.798195232782348e-05,7.106567686216996e-10,-0.05062740252969364
4.9625,10276.189366895916,-4.927179693070557e-06,6.737312000674631e-05,6.737312000674631e-05,7.073904790844232e-10,-0.04927179693070557
4.9750000000000005,10268.503934500019,-4.790072653581771e-06,6.678366339708094e-05,6.678366339708094e-05,7.04215079532182e-10,-0.04790072653581771
4.987500000000001,10260.734204456941,-4.6514617558520115e-06,6.621492331524854e-05,6.621492331524854e-05,7.011315668915637e-10,-0.04651461755852011
5.0,10252.882378013286,-4.511386269814773e-06,6.566818255599253e-05,6.566818255599253e-05,6.981409120566219e-10,-0.045113862698147725
5.0125,10244.950485139063,-4.369882409847739e-06,6.51446582551453e-05,6.51446582551453e-05,6.952440619144427e-10,-0.04369882409847739
5.025,10236.940401068625,-4.226983629872593e-06,6.464549463082388e-05,6.464549463082388e-05,6.924419411750857e-10,-0.04226983629872593
5.0375000000000005,10228.85386281213,-4.082720917906705e-06,6.417175617653252e-05,6.417175617653252e-05,6.897354540062632e-10,-0.04082720917906705
5.050000000000001,10220.692485649028,-3.937123090310182e-06,6.372442137543808e-05,6.372442137543808e-05,6.871254854729591e-10,-0.03937123090310182
5.0625,10212.457779619734,-3.7902170859923438e-06,6.330437699986843e-05,6.330437699986843e-05,6.846129027820144e-10,-0.03790217085992344
5.075,10204.151166030204,-3.6420282608527268e-06,6.29124130539326e-05,6.29124130539326e-05,6.821985563315251e-10,-0.03642028260852727
5.0875,10195.773993985295,-3.492580682733527e-06,6.254921841016387e-05,6.254921841016387e-05,6.798832805647107e-10,-0.034925806827335266
5.1000000000000005,10187.327556965969,-3.341897427153612e-06,6.221537718334574e-05,6.221537718334574e-05,6.776678946277387e-10,-0.033418974271536124
5.112500000000001,10178.813109464418,-3.1900008740792594e-06,6.191136587631515e-05,6.191136587631515e-05,6.755532028308145e-10,-0.031900008740792594
5.125,10170.231883690549,-3.036913005963603e-06,6.163755132367803e-05,6.163755132367803e-05,6.735399949116984e-10,-0.03036913005963603
5.1375,10161.585106360926,-2.882655707256005e-06,6.13941894501583e-05,6.13941894501583e-05,6.716290461006733e-10,-0.02882655707256005
5.15,10152.874015578538,-2.727251065543781e-06,6.118142485087972e-05,6.118142485087972e-05,6.698211169858817e-10,-0.02727251065543781
5.1625000000000005,10144.09987781165,-2.5707216744418724e-06,6.099929119140162e-05,6.099929119140162e-05,6.681169531778745e-10,-0.025707216744418723
5.175000000000001,10135.264004973076,-2.41309093829174e-06,6.084771241594306e-05,6.084771241594306e-05,6.66517284772169e-10,-0.024130909382917398
5.1875,10126.367771601272,-2.254383378667835e-06,6.072650474308683e-05,6.072650474308683e-05,6.650228256086219e-10,-0.02254383378667835
5.2,10117.412632138692,-2.0946249426191297e-06,6.06353794194945e-05,6.06353794194945e-05,6.63634272326464e-10,-0.020946249426191298
5.2125,10108.40013829858,-1.933843312494147e-06,6.0573946193923117e-05,6.0573946193923117e-05,6.623523032139481e-10,-0.019338433124941472
5.2250000000000005,10099.33195650756,-1.772068217110182e-06,6.0541717466236035e-05,6.0541717466236035e-05,6.611775768517196e-10,-0.017720682171101818
5.237500000000001,10090.209885404449,-1.609331743931708e-06,6.05381130592542e-05,6.05381130592542e-05,6.601107305492388e-10,-0.01609331743931708
5.25,10081.035873370998,-1.4456686518187608e-06,6.05624655552954e-05,6.05624655552954e-05,6.591523785738795e-10,-0.014456686518187607
5.2625,10071.812036064168,-1.281116683793875e-06,6.061402613417536e-05,6.061402613417536e-05,6.583031101726903e-10,-0.01281116683793875
5.275,10062.540673911108,-1.1157168791564227e-06,6.069197084535379e-05,6.069197084535379e-05,6.575634873872505e-10,-0.011157168791564228
5.2875000000000005,10053.224289523328,-9.49513884145941e-07,6.079540724384329e-05,6.079540724384329e-05,6.569340426625845e-10,-0.00949513884145941
5.300000000000001,10043.86560497708,-7.825562602223673e-07,6.0923381317477525e-05,6.0923381317477525e-05,6.564152762517127e-10,-0.007825562602223673
5.3125,10034.46757890019,-6.148967888915589e-07,6.107488463215947e-05,6.107488463215947e-05,6.560076534181299e-10,-0.006148967888915589
5.325,10025.033423296836,-4.465927718601757e-07,6.124886162176433e-05,6.124886162176433e-05,6.557116014393069e-10,-0.004465927718601757
5.3375,10015.566620034457,-2.7770632515596606e-07,6.144421695041633e-05,6.144421695041633e-05,6.555275064152168e-10,-0.0027770632515596604
5.3500000000000005,10006.070936907165,-1.0830466569942511e-07,6.165982287684461e-05,6.165982287684461e-05,6.554557098868885e-10,-0.0010830466569942512
5.362500000000001,9996.550443182952,6.153961133804804e-08,6.189452655338168e-05,6.189452655338168e-05,6.554965052710967e-10,0.0006153961133804804
5.375,9987.009524532488,2.317482662039065e-07,6.214715719581802e-05,6.214715719581802e-05,6.556501341184976e-10,0.002317482662039065
5.3875,9977.452897230165,4.022371612229782e-07,6.241653306467756e-05,6.241653306467756e-05,6.559167822038219e-10,0.004022371612229782
5.4,9967.885621508936,5.729160225465018e-07,6.270146820342992e-05,6.270146820342992e-05,6.562965754581279e-10,0.005729160225465018
5.4125000000000005,9958.313113944183,7.436882192266668e-07,6.300077888460029e-05,6.300077888460029e-05,6.567895757546002e-10,0.0074368821922666676
5.425000000000001,9948.741158734283,9.144505619744823e-07,6.331328972056623e-05,6.331328972056623e-05,6.573957765609427e-10,0.009144505619744822
5.4375,9939.17591773918,1.085093124068607e-06,6.363783940193118e-05,6.363783940193118e-05,6.5811509847305e-10,0.01085093124068607
5.45,9929.62393913421,1.2554990869769652e-06,6.397328603262466e-05,6.397328603262466e-05,6.58947384646339e-10,0.012554990869769652
5.4625,9920.09216453041,1.4255446133282726e-06,6.431851203719346e-05,6.431851203719346e-05,6.598923961428719e-10,0.014255446133282727
5.4750000000000005,9910.587934411264,1.595098749924652e-06,6.467242862201223e-05,6.467242862201223e-05,6.60949807214185e-10,0.015950987499246522
5.487500000000001,9901.118991732616,1.7640233635159846e-06,6.50339797782597e-05,6.50339797782597e-05,6.621192005415415e-10,0.017640233635159847
5.5,9891.693483533862,1.932173112059082e-06,6.540214582039353e-05,6.540214582039353e-05,6.634000624571321e-10,0.01932173112059082
5.5125,9882.319960408622,2.0993954541572284e-06,6.577594645943063e-05,6.577594645943063e-05,6.647917781715323e-10,0.020993954541572282
5.525,9873.007373688053,2.2655306993158165e-06,6.615444341553788e-05,6.615444341553788e-05,6.662936270344752e-10,0.022655306993158163
5.5375000000000005,9863.765070193094,2.4304121015551287e-06,6.6536742579202e-05,6.6536742579202e-05,6.679047778576823e-10,0.024304121015551287
5.550000000000001,9854.60278442186,2.5938659987901703e-06,6.692199573453346e-05,6.692199573453346e-05,6.696242843300889e-10,0.025938659987901704
5.5625,9845.53062804564,2.755712000217842e-06,6.730940186203592e-05,6.730940186203592e-05,6.714510805572931e-10,0.02755712000217842
5.575,9836.559076600402,2.9157632237426236e-06,6.769820804141872e-05,6.769820804141872e-05,6.733839767583958e-10,0.029157632237426238
5.5875,9827.698953273062,3.0738265852223477e-06,6.808770997773496e-05,6.808770997773496e-05,6.754216551545853e-10,0.030738265852223477
5.6000000000000005,9818.961409699832,3.229703141025694e-06,6.847725217629374e-05,6.847725217629374e-05,6.775626660848092e-10,0.032297031410256936
5.612500000000001,9810.35790371096,3.3831884850625196e-06,6.886622779343136e-05,6.886622779343136e-05,6.798054243846404e-10,0.033831884850625195
5.625,9801.900173977776,3.534073201078487e-06,6.925407819135298e-05,6.925407819135298e-05,6.821482060649769e-10,0.03534073201078487
5.6375,9793.600211540137,3.682143370597791e-06,6.964029222589854e-05,6.964029222589854e-05,6.84589145327462e-10,0.03682143370597791
5.65,9785.47022821838,3.827181136454873e-06,7.002440529627897e-05,7.002440529627897e-05,6.871262319534774e-10,0.038271811364548734
5.6625000000000005,9777.522621938517,3.968965321380169e-06,7.040599818560815e-05,7.040599818560815e-05,6.897573091032045e-10,0.03968965321380169
5.675000000000001,9769.769939030652,4.1072721006004875e-06,7.078469572046494e-05,7.078469572046494e-05,6.924800715605604e-10,0.04107272100600488
5.6875,9762.2248335867,4.2418757268851615e-06,7.116016527680249e-05,7.116016527680249e-05,6.95292064458777e-10,0.042418757268851616
5.7,9754.90002399743,4.372549305920306e-06,7.153211515832563e-05,7.153211515832563e-05,6.981906825199852e-10,0.04372549305920306
5.7125,9747.808246818686,4.499065619330609e-06,7.190029287202806e-05,7.190029287202806e-05,7.011731698403902e-10,0.0449906561933061
5.7250000000000005,9740.962208148836,4.6211979920972184e-06,7.22644833239643e-05,7.22644833239643e-05,7.042366202504691e-10,0.04621197992097219
5.737500000000001,9734.374532732105,4.7387212005485875e-06,7.262450695657478e-05,7.262450695657478e-05,7.073779782770882e-10,0.047387212005485874
5.75,9728.05771103348,4.851412416535322e-06,7.298021784702506e-05,7.298021784702506e-05,7.105940407315239e-10,0.04851412416535322
5.7625,9722.024044562428,4.959052182848068e-06,7.333150178410439e-05,7.333150178410439e-05,7.138814589441019e-10,0.04959052182848068
5.775,9716.28558975207,5.061425414406732e-06,7.36782743392912e-05,7.36782743392912e-05,7.172367416625365e-10,0.05061425414406732
5.7875000000000005,9710.854100728218,5.158322419248071e-06,7.402047894566464e-05,7.402047894566464e-05,7.206562586270961e-10,0.05158322419248071
5.800000000000001,9705.740971330151,5.249539932874722e-06,7.435808499645357e-05,7.435808499645357e-05,7.241362448314511e-10,0.05249539932874722
5.8125,9700.95717676575,5.3348821591097735e-06,7.469108597319122e-05,7.469108597319122e-05,7.276728054735176e-10,0.05334882159109774
5.825,9696.513215307832,5.4141618102351e-06,7.501949761170527e-05,7.501949761170527e-05,7.312619215958224e-10,0.054141618102351
5.8375,9692.419050451856,5.487201138885391e-06,7.53433561125385e-05,7.53433561125385e-05,7.348994564099227e-10,0.05487201138885391
5.8500000000000005,9688.684053971325,5.553832953930491e-06,7.566271640087587e-05,7.566271640087587e-05,7.385811622942679e-10,0.05553832953930491
5.862500000000001,9685.316950315715,5.613901612411983e-06,7.597765043965934e-05,7.597765043965934e-05,7.423026884496278e-10,0.05613901612411983
5.875,9682.325762800114,5.6672639795112714e-06,7.628824559831022e-05,7.628824559831022e-05,7.460595891908965e-10,0.056672639795112716
5.8875,9679.717762036793,5.713790348520068e-06,7.659460307835068e-05,7.659460307835068e-05,7.49847332848756e-10,0.057137903485200675
5.9,9677.499417054856,5.753365312863749e-06,7.689683639622384e-05,7.689683639622384e-05,7.536613112494149e-10,0.057533653128637494
5.9125000000000005,9675.676349543446,5.785888582395328e-06,7.719506992275344e-05,7.719506992275344e-05,7.574968497354789e-10,0.057858885823953286
5.925000000000001,9674.25329164056,5.811275736434293e-06,7.748943747795488e-05,7.748943747795488e-05,7.613492176860203e-10,0.05811275736434293
5.9375,9673.234047670254,5.82945890636979e-06,7.778008097930523e-05,7.778008097930523e-05,7.652136394891538e-10,0.058294589063697895
5.95,9672.62146020655,5.8403873810803494e-06,7.806714914109303e-05,7.806714914109303e-05,7.690853059159521e-10,0.058403873810803496
5.9625,9672.417380812434,5.844028128939363e-06,7.835079622209315e-05,7.835079622209315e-05,7.729593858404064e-10,0.05844028128939363
5.9750000000000005,9672.622645771175,5.840366230773298e-06,7.86311808185383e-05,7.86311808185383e-05,7.768310382463996e-10,0.05840366230773297
5.987500000000001,9673.23705708609,5.829405218812168e-06,7.890846469917943e-05,7.890846469917943e-05,7.806954244593743e-10,0.05829405218812168
6.0,9674.259368987568,5.811167317413115e-06,7.918281167913347e-05,7.918281167913347e-05,7.845477205375797e-10,0.05811167317413115
6.0125,9675.687280136714,5.7856935821396285e-06,7.945438652920024e-05,7.945438652920024e-05,7.883831297555157e-10,0.05785693582139628
6.025,9677.51743167086,5.753043934632847e-06,7.972335391738303e-05,7.972335391738303e-05,7.921968951104936e-10,0.057530439346328476
6.0375000000000005,9679.745411183534,5.713297091607287e-06,7.998987737946045e-05,7.998987737946045e-05,7.95984311782127e-10,0.05713297091607287
6.050000000000001,9682.365762680836,5.666550387230937e-06,8.02541183156257e-05,8.02541183156257e-05,7.997407394740766e-10,0.056665503872309377
6.0625,9685.372002502445,5.612919489097882e-06,8.051623501042377e-05,8.051623501042377e-05,8.034616145675096e-10,0.05612919489097882
6.075,9688.756641141714,5.552538008958528e-06,8.077638167347378e-05,8.077638167347378e-05,8.071424620165071e-10,0.05552538008958528
6.0875,9692.511210846666,5.485557010326669e-06,8.103470749875474e-05,8.103470749875474e-05,8.107789069170577e-10,0.054855570103266686
6.1000000000000005,9696.62629882934,5.412144416021514e-06,8.129135574055633e-05,8.129135574055633e-05,8.143666856833043e-10,0.054121444160215144
6.112500000000001,9701.091585862452,5.332484319615286e-06,8.154646280454406e-05,8.154646280454406e-05,8.179016567673395e-10,0.05332484319615286
6.125,9705.895889990557,5.24677620563053e-06,8.180015735275905e-05,8.180015735275905e-05,8.21379810862061e-10,0.0524677620563053
6.1375,9711.027215038454,5.1552340841557225e-06,8.205255942176264e-05,8.205255942176264e-05,8.247972805303521e-10,0.05155234084155723
6.15,9716.472803556331,5.058085546312156e-06,8.230377955354041e-05,8.230377955354041e-05,8.281503492081199e-10,0.05058085546312156
6.1625000000000005,9722.219193801848,4.95557074769981e-06,8.255391793919851e-05,8.255391793919851e-05,8.314354595334464e-10,0.0495557074769981
6.175000000000001,9728.252280325489,4.847941327566983e-06,8.280306357591249e-05,8.280306357591249e-05,8.346492209592437e-10,0.04847941327566983
6.1875,9734.557377694646,4.735459271979529e-06,8.305129343802468e-05,8.305129343802468e-05,8.3778841661229e-10,0.047354592719795294
6.2,9741.119286868163,4.618395729705309e-06,8.329867166362622e-05,8.329867166362622e-05,8.408500093673003e-10,0.04618395729705309
6.2125,9747.922363714004,4.497029789872616e-06,8.354524875840286e-05,8.354524875840286e-05,8.438311471106911e-10,0.044970297898726155
6.2250000000000005,9754.950589147937,4.371647230704463e-06,8.379106081896667e-05,8.379106081896667e-05,8.46729167174866e-10,0.04371647230704463
6.237500000000001,9762.18764036436,4.242539248771996e-06,8.403612877833581e-05,8.403612877833581e-05,8.495415999301067e-10,0.042425392487719954
6.25,9769.616962627373,4.1100011782492135e-06,8.428045767665928e-05,8.428045767665928e-05,8.522661715274423e-10,0.04110001178249213
6.2625,9777.221841094419,3.974331209588899e-06,8.452403596070838e-05,8.452403596070838e-05,8.549008057921127e-10,0.03974331209588899
6.275,9784.985472153647,3.835829116878399e-06,8.476683481607038e-05,8.476683481607038e-05,8.574436252733791e-10,0.038358291168783996
6.2875000000000005,9792.89103376968,3.6947950028774012e-06,8.5008807536376e-05,8.5008807536376e-05,8.59892951462406e-10,0.03694795002877401
6.300000000000001,9800.92175435318,3.551528070393607e-06,8.524988893426886e-05,8.524988893426886e-05,8.622473041956714e-10,0.03551528070393607
6.3125,9809.060979693326,3.4063254282220774e-06,8.54899947991769e-05,8.54899947991769e-05,8.645054002668189e-10,0.034063254282220776
6.325,9817.29223751938,3.2594809393673458e-06,8.572902140726678e-05,8.572902140726678e-05,8.66666151274983e-10,0.03259480939367346
6.3375,9825.599299292646,3.111284118692967e-06,8.596684508925032e-05,8.596684508925032e-05,8.68728660742351e-10,0.03111284118692967
6.3500000000000005,9833.966238861878,2.9620190865089586e-06,8.620332186195893e-05,8.620332186195893e-05,8.706922205380457e-10,0.029620190865089584
6.362500000000001,9842.377487657328,2.811963583924435e-06,8.643828712980362e-05,8.643828712980362e-05,8.725563066492731e-10,0.028119635839244348
6.375,9850.81788613579,2.6613880550693568e-06,8.667155546238985e-05,8.667155546238985e-05,8.743205743440623e-10,0.026613880550693567
6.3875,9859.272731234068,2.510554800537139e-06,8.690292045464987e-05,8.690292045464987e-05,8.759848527728126e-10,0.02510554800537139
6.4,9867.727819628873,2.3597172056281555e-06,8.713215467588793e-05,8.713215467588793e-05,8.775491390582335e-10,0.023597172056281555
6.4125000000000005,9876.16948664755,2.209119046194157e-06,8.735900971409808e-05,8.735900971409808e-05,8.7901359192512e-10,0.02209119046194157
6.425000000000001,9884.58464071492,2.0589938741042013e-06,8.758321632180559e-05,8.758321632180559e-05,8.803785249227456e-10,0.02058993874104201
6.4375,9892.960793267559,1.9095644835846144e-06,8.780448466949735e-05,8.780448466949735e-05,8.816443992934853e-10,0.019095644835846144
6.45,9901.286084105941,1.7610424589365144e-06,8.802250471243767e-05,8.802250471243767e-05,8.828118165416147e-10,0.017610424589365143
6.4625,9909.549302197476,1.6136278034140361e-06,8.823694667631227e-05,8.823694667631227e-05,8.838815107560884e-10,0.01613627803414036
6.4750000000000005,9917.73990198062,1.467508648361319e-06,8.844746166669931e-05,8.844746166669931e-05,8.848543407405005e-10,0.01467508648361319
6.487500000000001,9925.848015256603,1.3228610410637188e-06,8.865368240683234e-05,8.865368240683234e-05,8.857312820024101e-10,0.013228610410637187
6.5,9933.864458789123,1.1798488091743023e-06,8.885522410749149e-05,8.885522410749149e-05,8.865134186527933e-10,0.011798488091743022
6.5125,9941.780737761464,1.0386234990350592e-06,8.905168547214027e-05,8.905168547214027e-05,8.872019352646064e-10,0.010386234990350593
6.525,9949.589045269315,8.99324384727597e-07,8.924264983961182e-05,8.924264983961182e-05,8.877981087373508e-10,0.00899324384727597
6.5375000000000005,9957.282258049916,7.620785442628738e-07,8.942768646574652e-05,8.942768646574652e-05,8.88303300212143e-10,0.007620785442628738
6.550000000000001,9964.853928669714,6.270009989556799e-07,8.960635194439368e-05,8.960635194439368e-05,8.887189470791795e-10,0.0062700099895567985
6.5625,9972.298274408307,4.94194911727896e-07,8.977819176712032e-05,8.977819176712032e-05,8.890465551166583e-10,0.00494194911727896
6.575,9979.610163091824,3.6375183984510225e-07,8.994274201982314e-05,8.994274201982314e-05,8.892876907972429e-10,0.0036375183984510224
6.5875,9986.78509613648,2.3575203741246037e-07,9.009953121322775e-05,9.009953121322775e-05,8.894439737950549e-10,0.002357520374124604
6.6000000000000005,9993.819189072005,1.1026480283683877e-07,9.02480822429871e-05,9.02480822429871e-05,8.895170697230038e-10,0.0011026480283683876
6.612500000000001,10000.709149816466,-1.2651133600397624e-08,9.038791447377222e-05,9.038791447377222e-05,8.895086831270426e-10,-0.00012651133600397624
6.625,10007.452254975498,-1.3294718692401008e-07,9.051854594039415e-05,9.051854594039415e-05,8.894205507607174e-10,-0.0013294718692401007
6.6375,10014.046324435942,-2.505844642218691e-07,9.063949565761961e-05,9.063949565761961e-05,8.892544351601756e-10,-0.002505844642218691
6.65,10020.48969452009,-3.6553328571391126e-07,9.075028602895925e-05,9.075028602895925e-05,8.890121185366652e-10,-0.0036553328571391126
6.6625000000000005,10026.781189957424,-4.777726847404492e-07,9.08504453433317e-05,9.08504453433317e-05,8.886953970004974e-10,-0.004777726847404492
6.675000000000001,10032.920094924619,-5.872898911118032e-07,9.093951034715704e-05,9.093951034715704e-05,8.88306075127503e-10,-0.005872898911118032
6.6875,10038.90612339004,-6.940798020646697e-07,9.101702887812462e-05,9.101702887812462e-05,8.878459608761987e-10,-0.006940798020646698
6.7,10044.739388989605,-7.981444448468675e-07,9.108256254563328e-05,9.108256254563328e-05,8.873168608612135e-10,-0.007981444448468674
6.7125,10050.42037464457,-8.994924347068521e-07,9.11356894417321e-05,9.11356894417321e-05,8.867205759860192e-10,-0.008994924347068521
6.7250000000000005,10055.949902119064,-9.981384318020307e-07,9.11760068653183e-05,9.11760068653183e-05,8.860588974356848e-10,-0.009981384318020307
6.737500000000001,10061.329101698451,-1.0941026002653963e-06,9.120313404139027e-05,9.120313404139027e-05,8.853336030282208e-10,-0.010941026002653963
6.75,10066.55938215451,-1.1874100723877035e-06,9.121671481632877e-05,9.121671481632877e-05,8.845464539211259e-10,-0.011874100723877035
6.7625,10071.642401146966,-1.2780904205866098e-06,9.121642030950214e-05,9.121642030950214e-05,8.8369919166797e-10,-0.012780904205866098
6.775,10076.58003619536,-1.3661771395486486e-06,9.120195150097915e-05,9.120195150097915e-05,8.827935356182729e-10,-0.013661771395486485
6.7875000000000005,10081.374356339104,-1.4517071406483312e-06,9.1173041734799e-05,9.1173041734799e-05,8.818311806525391e-10,-0.014517071406483312
6.800000000000001,10086.027594588339,-1.534720260474009e-06,9.112945911710528e-05,9.112945911710528e-05,8.808137952430964e-10,-0.01534720260474009
6.8125,10090.542121253182,-1.6152587850254467e-06,9.107100878850872e-05,9.107100878850872e-05,8.797430198303502e-10,-0.016152587850254467
6.825,10094.920418224765,-1.6933669908954443e-06,9.099753505031284e-05,9.099753505031284e-05,8.786204655031944e-10,-0.016933669908954445
6.8375,10099.165054269084,-1.7690907045093015e-06,9.090892332471976e-05,9.090892332471976e-05,8.774477129716075e-10,-0.017690907045093015
6.8500000000000005,10103.278661380236,-1.8424768802734586e-06,9.080510192983771e-05,9.080510192983771e-05,8.762263118189006e-10,-0.018424768802734585
6.862500000000001,10107.263912229964,-1.913573198278865e-06,9.06860436512333e-05,9.06860436512333e-05,8.749577800206508e-10,-0.01913573198278865
6.875,10111.123498739118,-1.9824276820167705e-06,9.055176709291262e-05,9.055176709291262e-05,8.736436037170577e-10,-0.019824276820167706
6.8875,10114.8601117869,-2.049088336395301e-06,9.040233779196579e-05,9.040233779196579e-05,8.72285237225262e-10,-0.02049088336395301
6.9,10118.47642206565,-2.1136028061942757e-06,9.023786908266516e-05,9.023786908266516e-05,8.708841032780793e-10,-0.021136028061942758
6.9125000000000005,10121.97506208208,-2.176018054963308e-06,9.005852269755352e-05,9.005852269755352e-05,8.694415934755959e-10,-0.021760180549633083
6.925000000000001,10125.35860929758,-2.2363800642544296e-06,8.986450909498307e-05,8.986450909498307e-05,8.679590689361478e-10,-0.022363800642544295
6.9375,10128.629570397505,-2.2947335529838533e-06,8.965608750465035e-05,8.965608750465035e-05,8.664378611333373e-10,-0.022947335529838533
6.95,10131.790366672534,-2.3511217166382396e-06,8.943356568489702e-05,8.943356568489702e-05,8.648792729059343e-10,-0.023511217166382395
6.9625,10134.843320492813,-2.4055859859776837e-06,8.919729938788977e-05,8.919729938788977e-05,8.632845796277354e-10,-0.02405585985977684
6.9750000000000005,10137.7906428532,-2.458165804839348e-06,8.894769153122879e-05,8.894769153122879e-05,8.616550305247203e-10,-0.02458165804839348
6.987500000000001,10140.63442196441,-2.508898426611837e-06,8.8685191077039e-05,8.8685191077039e-05,8.599918501271276e-10,-0.025088984266118372
7.0,10143.37661286614,-2.557818728929003e-06,8.841029162214118e-05,8.841029162214118e-05,8.582962398443729e-10,-0.025578187289290028
7.0125,10146.019028035045,-2.604959046122434e-06,8.812352970545444e-05,8.812352970545444e-05,8.565693796510357e-10,-0.026049590461224337
7.025,10148.56332896296,-2.650349018972614e-06,8.782548284131674e-05,8.782548284131674e-05,8.548124298724482e-10,-0.026503490189726142
7.0375000000000005,10151.011018678922,-2.694015461308751e-06,8.751676728989524e-05,8.751676728989524e-05,8.530265330587174e-10,-0.026940154613087512
7.050000000000001,10153.363435191974,-2.7359822430249373e-06,8.719803557826511e-05,8.719803557826511e-05,8.512128159362965e-10,-0.027359822430249373
7.0625,10155.62174583103,-2.776270189104731e-06,8.686997378803378e-05,8.686997378803378e-05,8.493723914264946e-10,-0.027762701891047313
7.075,10157.786942460749,-2.814896994276102e-06,8.653329862754902e-05,8.653329862754902e-05,8.475063607205625e-10,-0.02814896994276102
7.0875,10159.85983755464,-2.8518771529524457e-06,8.61887543087271e-05,8.61887543087271e-05,8.456158154012216e-10,-0.028518771529524457
7.1000000000000005,10161.841061107558,-2.8872219041526043e-06,8.583710925034786e-05,8.583710925034786e-05,8.43701839600706e-10,-0.028872219041526044
7.112500000000001,10163.731058372543,-2.920939191131824e-06,8.547915263126154e-05,8.547915263126154e-05,8.417655121855658e-10,-0.02920939191131824
7.125,10165.53008841043,-2.95303363549542e-06,8.511569081832111e-05,8.511569081832111e-05,8.398079089586307e-10,-0.0295303363549542
7.1375,10167.238223439312,-2.9835065256072144e-06,8.47475436949735e-05,8.47475436949735e-05,8.378301048686577e-10,-0.029835065256072144
7.15,10168.855348978374,-3.012355819143486e-06,8.437554091730193e-05,8.437554091730193e-05,8.358331762182861e-10,-0.030123558191434863
7.1625000000000005,10170.38116477733,-3.0395761596807795e-06,8.400051812489814e-05,8.400051812489814e-05,8.338182028609955e-10,-0.030395761596807794
7.175000000000001,10171.815186528509,-3.065158907240368e-06,8.362331313425092e-05,8.362331313425092e-05,8.317862703778167e-10,-0.03065158907240368
7.1875,10173.15674835915,-3.0890921827435636e-06,8.324476214236383e-05,8.324476214236383e-05,8.297384722245714e-10,-0.030890921827435636
7.2,10174.405006101746,-3.1113609263594354e-06,8.286569596805996e-05,8.286569596805996e-05,8.276759118404331e-10,-0.031113609263594355
7.2125,10175.558941343535,-3.131946969749134e-06,8.24869363579002e-05,8.24869363579002e-05,8.255997047085959e-10,-0.031319469697491345
7.2250000000000005,10176.617366256729,-3.1508291222283164e-06,8.210929238284212e-05,8.210929238284212e-05,8.235109803598262e-10,-0.031508291222283165
7.237500000000001,10177.578929209832,-3.167983270881059e-06,8.173355695070971e-05,8.173355695070971e-05,8.21410884309646e-10,-0.03167983270881059
7.25,10178.442121163864,-3.1833824946638783e-06,8.136050345824617e-05,8.136050345824617e-05,8.193005799198765e-10,-0.031833824946638785
7.2625,10179.205282854835,-3.1969971925373264e-06,8.099088260500038e-05,8.099088260500038e-05,8.171812501752414e-10,-0.031969971925373264
7.275,10179.866612763662,-3.2087952256545333e-06,8.062541938957187e-05,8.062541938957187e-05,8.150540993657107e-10,-0.032087952256545337
7.2875000000000005,10180.424175875492,-3.218742073620361e-06,8.02648103068349e-05,8.02648103068349e-05,8.1292035466526e-10,-0.032187420736203606
7.300000000000001,10180.875913226771,-3.2268010048120158e-06,7.990972076270294e-05,7.990972076270294e-05,8.107812675977205e-10,-0.03226801004812016
7.3125,10181.219652238276,-3.2329332607211685e-06,7.9560782720807e-05,7.9560782720807e-05,8.086381153804273e-10,-0.032329332607211686
7.325,10181.453117830031,-3.2370982542390235e-06,7.921859259317493e-05,7.921859259317493e-05,8.064922021364215e-10,-0.032370982542390236
7.3375,10181.573944310572,-3.2392537817595874e-06,7.888370938464105e-05,7.888370938464105e-05,8.043448599660467e-10,-0.03239253781759587
7.3500000000000005,10181.579688030632,-3.239356248922186e-06,7.855665309831553e-05,7.855665309831553e-05,8.021974498688981e-10,-0.03239356248922186
7.362500000000001,10181.467840788098,-3.237360909752429e-06,7.823790340703103e-05,7.823790340703103e-05,8.00051362507241e-10,-0.03237360909752429
7.375,10181.235843966651,-3.233222118891681e-06,7.792789859328756e-05,7.792789859328756e-05,7.979080188022247e-10,-0.032332221188916814
7.3875,10180.88110338609,-3.2268935965286566e-06,7.762703475786279e-05,7.762703475786279e-05,7.95768870354469e-10,-0.032268935965286565
7.4,10180.401004838759,-3.218328705563544e-06,7.733566529497176e-05,7.733566529497176e-05,7.936353996809146e-10,-0.03218328705563544
7.4125000000000005,10179.792930279964,-3.2074807404457107e-06,7.705410062966909e-05,7.705410062966909e-05,7.915091202602011e-10,-0.032074807404457104
7.425000000000001,10179.054274636323,-3.1943032270307316e-06,7.678260821111354e-05,7.678260821111354e-05,7.893915763792641e-10,-0.031943032270307314
7.4375,10178.182463189516,-3.178750232702354e-06,7.652141275337704e-05,7.652141275337704e-05,7.872843427743496e-10,-0.03178750232702354
7.45,10177.174969486972,-3.1607766859005154e-06,7.627069671369714e-05,7.627069671369714e-05,7.85189024060209e-10,-0.031607766859005154
7.4625,10176.029333725972,-3.140338704088521e-06,7.603060099645771e-05,7.603060099645771e-05,7.831072539418807e-10,-0.03140338704088521
7.4750000000000005,10174.743181550193,-3.117393929082248e-06,7.580122586974955e-05,7.580122586974955e-05,7.810406942041771e-10,-0.031173939290822482
7.487500000000001,10173.314243192503,-3.0919018685523167e-06,7.55826320801207e-05,7.55826320801207e-05,7.789910334747865e-10,-0.030919018685523166
7.5,10171.740372890528,-3.0638242423982934e-06,7.537484215007996e-05,7.537484215007996e-05,7.769599857577581e-10,-0.030638242423982935
7.5125,10170.019568496411,-3.0331253325827072e-06,7.517784184207287e-05,7.517784184207287e-05,7.749492887350789e-10,-0.030331253325827073
7.525,10168.149991195229,-2.999772334903872e-06,7.499158177200502e-05,7.499158177200502e-05,7.729607018350542e-10,-0.029997723349038722
7.5375000000000005,10166.129985240768,-2.9637357110811324e-06,7.48159791549424e-05,7.48159791549424e-05,7.709960040672883e-10,-0.029637357110811325
7.550000000000001,10163.958097612212,-2.9249895394257876e-06,7.465091966536853e-05,7.465091966536853e-05,7.690569916251999e-10,-0.029249895394257874
7.5625,10161.633097489244,-2.883511862276926e-06,7.44962593943147e-05,7.44962593943147e-05,7.671454752582174e-10,-0.02883511862276926
7.575,10159.15399543937,-2.839285028295189e-06,7.435182688579504e-05,7.435182688579504e-05,7.652632774170653e-10,-0.02839285028295189
7.5875,10156.52006220515,-2.7922960276306847e-06,7.421742523526136e-05,7.421742523526136e-05,7.63412229176861e-10,-0.027922960276306846
7.6000000000000005,10153.730846977604,-2.7425368179149176e-06,7.409283423323017e-05,7.409283423323017e-05,7.615941669441097e-10,-0.027425368179149177
7.612500000000001,10150.786195037235,-2.6900046389726206e-06,7.397781253781226e-05,7.397781253781226e-05,7.598109289550714e-10,-0.026900046389726207
7.625,10147.686264642258,-2.6347023141087735e-06,7.387209986058024e-05,7.387209986058024e-05,7.580643515744018e-10,-0.026347023141087736
7.6375,10144.431543042947,-2.576638535800164e-06,7.377541915102246e-05,7.377541915102246e-05,7.563562654044041e-10,-0.025766385358001638
7.65,10141.022861499434,-2.5158281336110504e-06,7.368747876573957e-05,7.368747876573957e-05,7.546884912166764e-10,-0.025158281336110505
7.6625000000000005,10137.461409181231,-2.452292322159577e-06,7.360797460952384e-05,7.360797460952384e-05,7.530628357193788e-10,-0.024522923221595768
7.675000000000001,10133.74874582822,-2.386058926986764e-06,7.353659223650586e-05,7.353659223650586e-05,7.514810871747698e-10,-0.02386058926986764
7.6875,10129.886813054904,-2.3171625862238548e-06,7.347300890064032e-05,7.347300890064032e-05,7.499450108830535e-10,-0.02317162586223855
7.7,10125.877944183669,-2.2456449260171857e-06,7.34168955459197e-05,7.34168955459197e-05,7.484563445499374e-10,-0.022456449260171856
7.7125,10121.724872497556,-2.171554707752998e-06,7.336791872783153e-05,7.336791872783153e-05,7.470167935565908e-10,-0.02171554707752998
7.7250000000000005,10117.43073780797,-2.0949479452281e-06,7.332574245870307e-05,7.332574245870307e-05,7.456280261519311e-10,-0.020949479452280997
7.737500000000001,10112.999091241027,-2.0158879900358336e-06,7.329002997068827e-05,7.329002997068827e-05,7.44291668588306e-10,-0.020158879900358338
7.75,10108.433898153193,-1.9344455835804127e-06,7.326044539123655e-05,7.326044539123655e-05,7.430093002226941e-10,-0.019344455835804127
7.7625,10103.739539096325,-1.8506988742958562e-06,7.323665532693019e-05,7.323665532693019e-05,7.41782448606492e-10,-0.01850698874295856
7.775,10098.920808763047,-1.7647333988277287e-06,7.321833035257538e-05,7.321833035257538e-05,7.406125845877756e-10,-0.017647333988277288
7.7875000000000005,10093.982912853331,-1.6766420261360298e-06,7.320514640337587e-05,7.320514640337587e-05,7.395011174506164e-10,-0.0167664202613603
7.800000000000001,10088.931462816643,-1.5865248636943557e-06,7.319678606889832e-05,7.319678606889832e-05,7.384493901165796e-10,-0.01586524863694356
7.8125,10083.77246843607,-1.494489125192825e-06,7.319293978835052e-05,7.319293978835052e-05,7.374586744339232e-10,-0.014944891251928251
7.825,10078.512328235243,-1.4006489593983128e-06,7.319330694743451e-05,7.319330694743451e-05,7.365301665802491e-10,-0.014006489593983129
7.8375,10073.157817702935,-1.3051252400837354e-06,7.319759687770075e-05,7.319759687770075e-05,7.356649826044107e-10,-0.013051252400837354
7.8500000000000005,10067.7160753456,-1.2080453172060046e-06,7.320552975991794e-05,7.320552975991794e-05,7.348641541333698e-10,-0.012080453172060046
7.862500000000001,10062.19458659314,-1.1095427297880841e-06,7.32168374334848e-05,7.32168374334848e-05,7.34128624269386e-10,-0.011095427297880841
7.875,10056.60116559937,-1.0097568812414245e-06,7.323126411434417e-05,7.323126411434417e-05,7.334592437024401e-10,-0.010097568812414245
7.8875,10050.943934994188,-9.088326781487727e-07,7.324856702421992e-05,7.324856702421992e-05,7.328567670621124e-10,-0.009088326781487728
7.9,10045.231303660878,-8.06920133810954e-07,7.326851693428553e-05,7.326851693428553e-05,7.323218495322746e-10,-0.00806920133810954
7.9125000000000005,10039.471942626675,-7.041739381422832e-07,7.32908986265909e-05,7.32908986265909e-05,7.318550437509041e-10,-0.007041739381422832
7.925000000000001,10033.674759171665,-6.007529957745773e-07,7.331551127672889e-05,7.331551127672889e-05,7.314567970160944e-10,-0.0060075299577457735
7.9375,10027.848869274794,-4.968199344968202e-07,7.334216876131515e-05,7.334216876131515e-05,7.311274488179275e-10,-0.004968199344968202
7.95,10022.003568530417,-3.9254058641337934e-07,7.337069989389367e-05,7.337069989389367e-05,7.308672287142926e-10,-0.003925405864133793
7.9625,10016.148301683019,-2.8808344444548864e-07,7.34009485928668e-05,7.34009485928668e-05,7.306762545669974e-10,-0.002880834444454886
7.9750000000000005,10010.292630939439,-1.8361909702592824e-07,7.343277398499137e-05,7.343277398499137e-05,7.305545311526264e-10,-0.0018361909702592823
7.987500000000001,10004.446203229985,-7.931964404279547e-08,7.346605044788608e-05,7.346605044788608e-05,7.305019491605789e-10,-0.0007931964404279547
8.0,9998.618716600175,2.4641902727413047e-08,7.350066759486421e-05,7.350066759486421e-05,7.305182845885662e-10,0.0002464190272741305
8.012500000000001,9992.819885923689,1.2809223129678517e-07,7.353653020524858e-05,7.353653020524858e-05,7.30603198543598e-10,0.0012809223129678518
8.025,9987.05940813451,2.3085834971772904e-07,7.357355810314436e-05,7.357355810314436e-05,7.307562374541408e-10,0.0023085834971772906
8.0375,9981.346927182882,3.3276821126729666e-07,7.36116859874484e-05,7.36116859874484e-05,7.309768336967193e-10,0.0033276821126729667
8.05,9975.691998922908,4.33651340843869e-07,7.365086321566456e-05,7.365086321566456e-05,7.312643066377643e-10,0.00433651340843869
8.0625,9970.104056143678,5.333394588084797e-07,7.36910535438789e-05,7.36910535438789e-05,7.316178640890123e-10,0.005333394588084798
8.075000000000001,9964.59237395575,6.316670984864027e-07,7.373223482503032e-05,7.373223482503032e-05,7.32036604172255e-10,0.006316670984864027
8.0875,9959.16603574402,7.284722135597132e-07,7.377439866739729e-05,7.377439866739729e-05,7.32519517586737e-10,0.007284722135597132
8.1,9953.833899896365,8.235967716284252e-07,7.38175500550118e-05,7.38175500550118e-05,7.330654902700324e-10,0.008235967716284251
8.1125,9948.604567511315,9.168873302961596e-07,7.386170693151218e-05,7.386170693151218e-05,7.336733064408165e-10,0.009168873302961596
8.125,9943.486351283937,1.008195592245973e-06,7.390689974876125e-05,7.390689974876125e-05,7.343416520096035e-10,0.010081955922459728
8.137500000000001,9938.48724575925,1.0973789359114926e-06,7.395317098138603e-05,7.395317098138603e-05,7.350691183412732e-10,0.010973789359114926
8.15,9933.614899134816,1.184300918517355e-06,7.400057460824488e-05,7.400057460824488e-05,7.358542063510692e-10,0.01184300918517355
8.1625,9928.876586781924,1.268831748458935e-06,7.404917556169796e-05,7.404917556169796e-05,7.366953309137443e-10,0.012688317484589349
8.175,9924.279186642405,1.3508487242129707e-06,7.409904914545082e-05,7.409904914545082e-05,7.375908255636644e-10,0.013508487242129708
8.1875,9919.829156646056,1.430236637215913e-06,7.415028042165795e-05,7.415028042165795e-05,7.385389474619864e-10,0.01430236637215913
8.200000000000001,9915.53251427586,1.5068881364127262e-06,7.420296356791713e-05,7.420296356791713e-05,7.395378826054993e-10,0.015068881364127262
8.2125,9911.394818394861,1.5807040524634334e-06,7.42572012047551e-05,7.42572012047551e-05,7.405857512503861e-10,0.015807040524634334
8.225,9907.421153430414,1.6515936798947489e-06,7.431310369420232e-05,7.431310369420232e-05,7.416806135230284e-10,0.01651593679894749
8.2375,9903.61611599425,1.7194750157966664e-06,7.43707884100784e-05,7.43707884100784e-05,7.428204751890447e-10,0.017194750157966662
8.25,9899.983803998692,1.7842749539859634e-06,7.443037898066138e-05,7.443037898066138e-05,7.440032935510429e-10,0.017842749539859634
8.262500000000001,9896.527808311297,1.845929433886954e-06,7.449200450449226e-05,7.449200450449226e-05,7.452269834450679e-10,0.01845929433886954
8.275,9893.251206971287,1.9043835437111194e-06,7.455579874016999e-05,7.455579874016999e-05,7.464894233054474e-10,0.019043835437111193
8.2875,9890.15656197236,1.9595915778484696e-06,7.462189927112179e-05,7.462189927112179e-05,7.477884612676843e-10,0.019595915778484695
8.3,9887.245918598901,2.0115170487112296e-06,7.469044664648657e-05,7.469044664648657e-05,7.491219212791993e-10,0.020115170487112297
8.3125,9884.520807283761,2.060132653591728e-06,7.47615834994254e-05,7.47615834994254e-05,7.504876091881042e-10,0.02060132653591728
8.325000000000001,9881.982247938631,2.105420197408098e-06,7.48354536443686e-05,7.48354536443686e-05,7.518833187807614e-10,0.02105420197408098
8.3375,9879.630756691433,2.147370472510735e-06,7.491220115492493e-05,7.491220115492493e-05,7.533068377396665e-10,0.02147370472510735
8.35,9877.466354948798,2.1859830970068672e-06,7.499196942440945e-05,7.499196942440945e-05,7.547559534941534e-10,0.02185983097006867
8.3625,9875.488580687546,2.2212663133274078e-06,7.50749002111925e-05,7.50749002111925e-05,7.562284589375675e-10,0.022212663133274076
8.375,9873.696501863573,2.2532367490073464e-06,7.516113267132951e-05,7.516113267132951e-05,7.577221579858567e-10,0.022532367490073466
8.387500000000001,9872.08873181638,2.281919141876584e-06,7.525080238119733e-05,7.525080238119733e-05,7.592348709539883e-10,0.022819191418765837
8.4,9870.663446533656,2.3073460320601724e-06,7.534404035313352e-05,7.534404035313352e-05,7.607644397281886e-10,0.023073460320601723
8.4125,9869.418403631966,2.3295574233645184e-06,7.544097204734952e-05,7.544097204734952e-05,7.623087327137115e-10,0.023295574233645186
8.425,9868.350962900682,2.3486004167778584e-06,7.55417163836608e-05,7.55417163836608e-05,7.638656495396501e-10,0.023486004167778584
8.4375,9867.458108248991,2.3645288189386422e-06,7.564638475684536e-05,7.564638475684536e-05,7.654331255041962e-10,0.023645288189386424
8.450000000000001,9866.736470890663,2.3774027285237476e-06,7.575508005970269e-05,7.575508005970269e-05,7.670091357457124e-10,0.023774027285237476
8.4625,9866.18235359677,2.3872881035798077e-06,7.586789571813254e-05,7.586789571813254e-05,7.685916991269817e-10,0.02387288103579808
8.475,9865.791755844915,2.3942563128653416e-06,7.598491474278695e-05,7.598491474278695e-05,7.701788818220371e-10,0.023942563128653414
8.4875,9865.560399691967,2.39838367428944e-06,7.610620880206164e-05,7.610620880206164e-05,7.717688005970158e-10,0.0239838367428944
8.5,9865.48375619698,2.399750983524917e-06,7.623183732138403e-05,7.623183732138403e-05,7.733596257785247e-10,0.02399750983524917
8.512500000000001,9865.557072224612,2.39844303584165e-06,7.63618466139189e-05,7.63618466139189e-05,7.749495839050246e-10,0.023984430358416502
8.525,9865.775397460837,2.394548144149904e-06,7.649626904794628e-05,7.649626904794628e-05,7.765369600587178e-10,0.02394548144149904
8.5375,9866.133611477895,2.3881576561655958e-06,7.663512225626666e-05,7.663512225626666e-05,7.78120099877359e-10,0.02388157656165596
8.55,9866.626450690628,2.3793654735112247e-06,7.677840839305068e-05,7.677840839305068e-05,7.796974112472724e-10,0.023793654735112246
8.5625,9867.248535053406,2.368267575449332e-06,7.692611344357455e-05,7.692611344357455e-05,7.812673656806453e-10,0.02368267575449332
8.575000000000001,9867.994394353398,2.3549615498117757e-06,7.707820659226171e-05,7.707820659226171e-05,7.828284993818692e-10,0.02354961549811776
8.5875,9868.858493965297,2.3395461335398422e-06,7.723463965438626e-05,7.723463965438626e-05,7.843794140092987e-10,0.023395461335398424
8.6,9869.835259940974,2.3221207650893603e-06,7.739534657668181e-05,7.739534657668181e-05,7.859187771402944e-10,0.023221207650893604
8.6125,9870.91910331717,2.3027851507835994e-06,7.756024301193648e-05,7.756024301193648e-05,7.874453224487958e-10,0.023027851507835994
8.625,9872.104443534769,2.281638847016976e-06,7.772922597244413e-05,7.772922597244413e-05,7.889578496059311e-10,0.02281638847016976
8.637500000000001,9873.385730873317,2.2587808600266874e-06,7.790217356691712e-05,7.790217356691712e-05,7.904552239153117e-10,0.022587808600266875
8.65,9874.757467815107,2.2343092647591826e-06,7.807894482515244e-05,7.807894482515244e-05,7.919363756956671e-10,0.022343092647591826
8.6625,9876.214229264311,2.2083208441661895e-06,7.825937961437608e-05,7.825937961437608e-05,7.93400299424366e-10,0.022083208441661895
8.675,9877.750681556703,2.180910750072449e-06,7.844329865077428e-05,7.844329865077428e-05,7.948460526561212e-10,0.021809107500724487
8.6875,9879.361600206847,2.152172186566449e-06,7.863050360925503e-05,7.863050360925503e-05,7.962727547318107e-10,0.021521721865664492
8.700000000000001,9881.041886350282,2.1221961166779593e-06,7.882077733396989e-05,7.882077733396989e-05,7.97679585292852e-10,0.021221961166779595
8.7125,9882.786581847486,2.09107099292335e-06,7.901388415156979e-05,7.901388415156979e-05,7.990657826169507e-10,0.020910709929233502
8.725,9884.590883027331,2.0588825121233873e-06,7.920957028856958e-05,7.920957028856958e-05,8.004306417913153e-10,0.02058882512123387
8.7375,9886.450153056883,2.025713394729326e-06,7.940756439356015e-05,7.940756439356015e-05,8.017735127395843e-10,0.020257133947293258
8.75,9888.359932933097,1.9916431887329195e-06,7.960757816433787e-05,7.960757816433787e-05,8.030937981187627e-10,0.019916431887329195
8.762500000000001,9890.315951100503,1.956748098085364e-06,7.980930707932371e-05,7.980930707932371e-05,8.043909511024159e-10,0.01956748098085364
8.775,9892.314131707517,1.9211008354099668e-06,8.001243123192344e-05,8.001243123192344e-05,8.056644730662235e-10,0.019211008354099668
8.7875,9894.350601519873,1.8847704986638596e-06,8.021661626574337e-05,8.021661626574337e-05,8.069139111917725e-10,0.018847704986638597
8.8,9896.421695517934,1.8478224712862508e-06,8.042151440782736e-05,8.042151440782736e-05,8.081388560041556e-10,0.018478224712862507
8.8125,9898.523961208863,1.8103183452641184e-06,8.062676559632838e-05,8.062676559632838e-05,8.093389388585706e-10,0.018103183452641183
8.825000000000001,9900.654161692233,1.7723158664518846e-06,8.083199869827805e-05,8.083199869827805e-05,8.105138293906699e-10,0.017723158664518845
8.8375,9902.809277518889,1.733868901398282e-06,8.10368328123779e-05,8.10368328123779e-05,8.116632329449204e-10,0.01733868901398282
8.85,9904.986507391137,1.695027424862634e-06,8.124087865101313e-05,8.124087865101313e-05,8.127868879946869e-10,0.01695027424862634
8.8625,9907.183267751894,1.6558375271423167e-06,8.144373999499135e-05,8.144373999499135e-05,8.138845635671733e-10,0.01655837527142317
8.875,9909.397191315411,1.6163414402840174e-06,8.164501521384286e-05,8.164501521384286e-05,8.149560566857399e-10,0.016163414402840175
8.887500000000001,9911.626124593771,1.5765775822124937e-06,8.184429884389144e-05,8.184429884389144e-05,8.160011898414734e-10,0.015765775822124937
8.9,9913.868124474444,1.5365806177813554e-06,8.204118321572362e-05,8.204118321572362e-05,8.170198085052293e-10,0.015365806177813555
8.9125,9916.121453906906,1.4963815357305657e-06,8.223526012215641e-05,8.223526012215641e-05,8.180117786906894e-10,0.014963815357305657
8.925,9918.384576754494,1.456007740523701e-06,8.242612251733411e-05,8.242612251733411e-05,8.189769845782998e-10,0.01456007740523701
8.9375,9920.656151870187,1.415483158034327e-06,8.26133662371815e-05,8.26133662371815e-05,8.199153262092699e-10,0.01415483158034327
8.950000000000001,9922.935026454048,1.3748283540539798e-06,8.279659173110693e-05,8.279659173110693e-05,8.208267172581315e-10,0.013748283540539799
8.9625,9925.220228748416,1.3340606646034558e-06,8.297540579459135e-05,8.297540579459135e-05,8.217110828916834e-10,0.013340606646034559
8.975,9927.510960128055,1.2931943370437957e-06,8.314942329212035e-05,8.314942329212035e-05,8.225683577214794e-10,0.012931943370437958
8.9875,9929.806586640345,1.2522406810025406e-06,8.331826885982021e-05,8.331826885982021e-05,8.23398483856368e-10,0.012522406810025406
9.0,9932.106630048602,1.2112082281536593e-06,8.348157857714826e-05,8.348157857714826e-05,8.242014090609522e-10,0.012112082281536594
9.012500000000001,9934.410758432277,1.1701028999156086e-06,8.363900159706359e-05,8.363900159706359e-05,8.249770850252176e-10,0.011701028999156086
9.025,9936.718776393343,1.128928182160017e-06,8.379020172426711e-05,8.379020172426711e-05,8.257254657499782e-10,0.011289281821600172
9.0375,9939.030614919755,1.0876853060534836e-06,8.393485893135138e-05,8.393485893135138e-05,8.264465060522038e-10,0.010876853060534836
9.05,9941.346320951834,1.0463734341854708e-06,8.407267080303639e-05,8.407267080303639e-05,8.271401601937345e-10,0.010463734341854708
9.0625,9943.666046698812,1.0049898511665583e-06,8.42033538990892e-05,8.42033538990892e-05,8.27806380636344e-10,0.010049898511665583
9.075000000000001,9945.990038748014,9.635301579119792e-07,8.432664502702733e-05,8.432664502702733e-05,8.284451169255977e-10,0.009635301579119793
9.0875,9948.318627010465,9.219884688557444e-07,8.444230241628456e-05,8.444230241628456e-05,8.29056314705445e-10,0.009219884688557443
9.1,9950.652213542462,8.803576113696166e-07,8.4550106786171e-05,8.4550106786171e-05,8.296399148650094e-10,0.008803576113696166
9.1125,9952.99126128286,8.386293266888723e-07,8.464986230067734e-05,8.464986230067734e-05,8.301958528185752e-10,0.008386293266888722
9.125,9955.336282743574,7.967944716726636e-07,8.474139740395361e-05,8.474139740395361e-05,8.307240579193237e-10,0.007967944716726636
9.137500000000001,9957.687828689643,7.548432207506167e-07,8.48245655311264e-05,8.48245655311264e-05,8.312244530069413e-10,0.007548432207506167
9.15,9960.046476843805,7.127652674290098e-07,8.489924568999834e-05,8.489924568999834e-05,8.3169695408881e-10,0.007127652674290098
9.1625,9962.412820650086,6.70550024749293e-07,8.496534291009116e-05,8.496534291009116e-05,8.321414701540835e-10,0.00670550024749293
9.175,9964.787458129009,6.28186824108732e-07,8.502278855644228e-05,8.502278855644228e-05,8.325579031195642e-10,0.00628186824108732
9.1875,9967.170980856978,5.856651118676846e-07,8.507154050653173e-05,8.507154050653173e-05,8.329461479059135e-10,0.005856651118676846
9.200000000000001,9969.563963101155,5.429746431804131e-07,8.511158318969707e-05,8.511158318969707e-05,8.333060926423559e-10,0.005429746431804131
9.2125,9971.966951140987,5.001056724965772e-07,8.514292748937577e-05,8.514292748937577e-05,8.336376189976674e-10,0.0050010567249657726
9.225,9974.380452807209,4.570491401887698e-07,8.516561050948981e-05,8.516561050948981e-05,8.339406026348826e-10,0.004570491401887698
9.2375,9976.804927267516,4.137968547677204e-07,8.517969520724716e-05,8.517969520724716e-05,8.34214913786795e-10,0.0041379685476772045
9.25,9979.24077509023,3.703416701516159e-07,8.518526989556917e-05,8.518526989556917e-05,8.344604179489701e-10,0.003703416701516159
9.262500000000001,9981.688328614335,3.266776574593378e-07,8.518244761925411e-05,8.518244761925411e-05,8.346769766866435e-10,0.003266776574593378
9.275,9984.14784265632,2.8280027079975357e-07,8.517136540984736e-05,8.517136540984736e-05,8.348644485515222e-10,0.0028280027079975356
9.2875,9986.619485583175,2.387065065309113e-07,8.515218342499878e-05,8.515218342499878e-05,8.350226901041609e-10,0.002387065065309113
9.3,9989.103330780366,1.9439505546413674e-07,8.512508397884231e-05,8.512508397884231e-05,8.35151557037237e-10,0.0019439505546413674
9.3125,9991.599348545387,1.498664474894486e-07,8.509027047062467e-05,8.509027047062467e-05,8.352509053946984e-10,0.001498664474894486
9.325000000000001,9994.107398434662,1.0512318810021702e-07,8.50479662194328e-05,8.50479662194328e-05,8.353205928814162e-10,0.0010512318810021702
9.3375,9996.627222094065,6.016988629747808e-08,8.499841321342097e-05,8.499841321342097e-05,8.353604802576263e-10,0.0006016988629747807
9.35,9999.158436601572,1.5013373357875596e-08,8.494187078241025e-05,8.494187078241025e-05,8.353704328121042e-10,0.00015013373357875595
9.3625,10001.700528350331,-3.033718804580295e-08,8.487861420312741e-05,8.487861420312741e-05,8.353503219076767e-10,-0.00030337188045802954
9.375,10004.252847501324,-7.587020487534742e-08,8.480893324665945e-05,8.480893324665945e-05,8.353000265923417e-10,-0.0007587020487534742
9.387500000000001,10006.81460303228,-1.2157156540383729e-07,8.473313067792752e-05,8.473313067792752e-05,8.352194352689388e-10,-0.001215715654038373
9.4,10009.384858410585,-1.674245620210306e-07,8.465152071712626e-05,8.465152071712626e-05,8.351084474159929e-10,-0.0016742456202103058
9.4125,10011.96252791634,-2.134098256352065e-07,8.456442747313369e-05,8.456442747313369e-05,8.349669753520443e-10,-0.002134098256352065
9.425,10014.546373640442,-2.595052721211056e-07,8.447218335887337e-05,8.447218335887337e-05,8.347949460354782e-10,-0.002595052721211056
9.4375,10017.135003181991,-3.056860612417851e-07,8.437512749850773e-05,8.437512749850773e-05,8.34592302891586e-10,-0.003056860612417851
9.450000000000001,10019.726868067555,-3.519245684466515e-07,8.427360413616091e-05,8.427360413616091e-05,8.343590076583221e-10,-0.0035192456844665146
9.4625,10022.320262912735,-3.9819036991839755e-07,8.416796105561639e-05,8.416796105561639e-05,8.340950422419729e-10,-0.003981903699183976
9.475,10024.913325346011,-4.4445024120764336e-07,8.405854802011251e-05,8.405854802011251e-05,8.338004105737312e-10,-0.004444502412076433
9.4875,10027.504036710372,-4.90668169756171e-07,8.3945715240973e-05,8.3945715240973e-05,8.334751404579684e-10,-0.00490668169756171
9.5,10030.09022355849,-5.36805381567004e-07,8.382981188336586e-05,8.382981188336586e-05,8.331192854028277e-10,-0.0053680538156700396
9.512500000000001,10032.669559952368,-5.828203822327102e-07,8.371118461698739e-05,8.371118461698739e-05,8.327329264236178e-10,-0.005828203822327102
9.525,10035.23957057721,-6.286690124819853e-07,8.359017621892661e-05,8.359017621892661e-05,8.323161738093855e-10,-0.006286690124819853
9.5375,10037.797634674427,-6.74304518348962e-07,8.346712423538341e-05,8.346712423538341e-05,8.318691688429705e-10,-0.006743045183489621
9.55,10040.340990797324,-7.196776360097961e-07,8.334235970830095e-05,8.334235970830095e-05,8.313920854648229e-10,-0.007196776360097961
9.5625,10042.866742387414,-7.64736691267325e-07,8.321620597233277e-05,8.321620597233277e-05,8.308851318708692e-10,-0.00764736691267325
9.575000000000001,10045.371864167433,-8.094277135969077e-07,8.308897752690837e-05,8.308897752690837e-05,8.303485520347772e-10,-0.008094277135969077
9.5875,10047.853209341256,-8.536945645956442e-07,8.296097898749049e-05,8.296097898749049e-05,8.2978262714507e-10,-0.008536945645956442
9.600000000000001,10050.307517588406,-8.97479080602939e-07,8.283250411944394e-05,8.283250411944394e-05,8.291876769476944e-10,-0.00897479080602939
9.6125,10052.73142383572,-9.407212291835662e-07,8.270383495726148e-05,8.270383495726148e-05,8.285640609848552e-10,-0.009407212291835661
9.625,10055.121467784124,-9.833592790854446e-07,8.257524101122786e-05,8.257524101122786e-05,8.279121797211826e-10,-0.009833592790854447
9.637500000000001,10057.4741041645,-1.0253299832035202e-06,8.244697856294982e-05,8.244697856294982e-05,8.272324755486104e-10,-0.010253299832035202
9.65,10059.785713691872,-1.0665687739993155e-06,8.231929005054707e-05,8.231929005054707e-05,8.265254336617071e-10,-0.010665687739993155
9.662500000000001,10062.052614682092,-1.1070099707433012e-06,8.219240354368934e-05,8.219240354368934e-05,8.257915827956255e-10,-0.011070099707433011
9.675,10064.27107529148,-1.1465869978649186e-06,8.206653230808252e-05,8.206653230808252e-05,8.250314958193031e-10,-0.011465869978649186
9.6875,10066.437326334006,-1.1852326136136029e-06,8.19418744584577e-05,8.19418744584577e-05,8.242457901770816e-10,-0.01185232613613603
9.700000000000001,10068.54757462783,-1.2228791481540136e-06,8.18186126986025e-05,8.18186126986025e-05,8.234351281724897e-10,-0.012228791481540135
9.7125,10070.598016816552,-1.2594587501409658e-06,8.169691414649818e-05,8.169691414649818e-05,8.226002170885684e-10,-0.012594587501409658
9.725000000000001,10072.58485360865,-1.2949036407444398e-06,8.157693024218994e-05,8.157693024218994e-05,8.217418091397995e-10,-0.012949036407444398
9.7375,10074.504304372467,-1.3291463740239678e-06,8.145879673562532e-05,8.145879673562532e-05,8.208607012514289e-10,-0.013291463740239678
9.75,10076.352622021719,-1.3621201024847105e-06,8.134263375134429e-05,8.134263375134429e-05,8.199577346627501e-10,-0.013621201024847105
9.762500000000001,10078.126108122748,-1.393758846585854e-06,8.122854592659931e-05,8.122854592659931e-05,8.190337943517254e-10,-0.01393758846585854
9.775,10079.82112815079,-1.4239977669161252e-06,8.111662261922018e-05,8.111662261922018e-05,8.180898082791808e-10,-0.014239977669161252
9.787500000000001,10081.434126821689,-1.4527734377017287e-06,8.10069381813203e-05,8.10069381813203e-05,8.171267464516871e-10,-0.014527734377017286
9.8,10082.961643420404,-1.4800241202700104e-06,8.089955229476415e-05,8.089955229476415e-05,8.161456198031597e-10,-0.014800241202700104
9.8125,10084.400327048272,-1.5056900350576309e-06,8.079451036418047e-05,8.079451036418047e-05,8.1514747889614e-10,-0.015056900350576309
9.825000000000001,10085.746951708159,-1.52971363072601e-06,8.06918439632107e-05,8.06918439632107e-05,8.141334124446777e-10,-0.0152971363072601
9.8375,10086.998431145712,-1.5520398489296899e-06,8.059157132962365e-05,8.059157132962365e-05,8.131045456616933e-10,-0.0155203984892969
9.850000000000001,10088.151833365175,-1.5726163832752137e-06,8.049369790490535e-05,8.049369790490535e-05,8.120620384346755e-10,-0.015726163832752136
9.8625,10089.204394737799,-1.5913939310099423e-06,8.039821691394256e-05,8.039821691394256e-05,8.11007083334529e-10,-0.015913939310099424
9.875,10090.153533620914,-1.6083264359919444e-06,8.03051099804595e-05,8.03051099804595e-05,8.099409034633558e-10,-0.016083264359919445
9.887500000000001,10090.996863409167,-1.6233713215137486e-06,8.021434777393355e-05,8.021434777393355e-05,8.088647501478938e-10,-0.016233713215137485
9.9,10091.732204937998,-1.6364897115850029e-06,8.012589068380843e-05,8.012589068380843e-05,8.077799004862653e-10,-0.016364897115850027
9.912500000000001,10092.357598164992,-1.6476466393213008e-06,8.003968951693454e-05,8.003968951693454e-05,8.066876547565809e-10,-0.01647646639321301
9.925,10092.87131305498,-1.6568112411391287e-06,7.995568621429839e-05,7.995568621429839e-05,8.055893336968101e-10,-0.01656811241139129
9.9375,10093.271859600847,-1.6639569355193515e-06,7.987381458324703e-05,7.987381458324703e-05,8.044862756661463e-10,-0.016639569355193513
9.950000000000001,10093.5579969135,-1.6690615851742422e-06,7.979400104157244e-05,7.979400104157244e-05,8.0337983369887e-10,-0.016690615851742422
9.9625,10093.728741321072,-1.6721076415347987e-06,7.971616536998677e-05,7.971616536998677e-05,8.022713724624296e-10,-0.016721076415347987
9.975000000000001,10093.78337342137,-1.6730822705659599e-06,7.96402214696928e-05,7.96402214696928e-05,8.011622651321169e-10,-0.0167308227056596
9.9875,10093.721444037501,-1.6719774590166138e-06,7.956607812193092e-05,7.956607812193092e-05,8.00053890195309e-10,-0.016719774590166138
10.0,10093.542779033283,-1.668790100318297e-06,7.949363974656247e-05,7.949363974656247e-05,7.989476281987665e-10,-0.01668790100318297
10.012500000000001,10093.247482949128,-1.6635220594608184e-06,7.942280715692569e-05,7.942280715692569e-05,7.978448584529245e-10,-0.016635220594608185
10.025,10092.835941429907,-1.6561802162932154e-06,7.935347830837675e-05,7.935347830837675e-05,7.967469557074796e-10,-0.016561802162932154
10.037500000000001,10092.308822418589,-1.6467764868246436e-06,7.92855490380963e-05,7.92855490380963e-05,7.956552868128556e-10,-0.016467764868246436
10.05,10091.667076100573,-1.6353278222299656e-06,7.921891379390669e-05,7.921891379390669e-05,7.945712073823288e-10,-0.016353278222299657
10.0625,10090.911933589196,-1.621856185398805e-06,7.915346635000067e-05,7.915346635000067e-05,7.934960584696992e-10,-0.01621856185398805
10.075000000000001,10090.04490435097,-1.6063885050031568e-06,7.908910050762936e-05,7.908910050762936e-05,7.924311632774106e-10,-0.01606388505003157
10.0875,10089.067772377106,-1.5889566071964811e-06,7.902571077893552e-05,7.902571077893552e-05,7.913778239099483e-10,-0.01588956607196481
10.100000000000001,10087.98259111513,-1.569597125195305e-06,7.896319305224546e-05,7.896319305224546e-05,7.903373181871765e-10,-0.01569597125195305
10.1125,10086.791677182484,-1.5483513871317196e-06,7.890144523725061e-05,7.890144523725061e-05,7.893108965320199e-10,-0.015483513871317196
10.125,10085.497602891688,-1.5252652827005709e-06,7.884036788861569e-05,7.884036788861569e-05,7.882997789465455e-10,-0.015252652827005709
10.137500000000001,10084.103187623337,-1.5003891092576831e-06,7.877986480664722e-05,7.877986480664722e-05,7.873051520900694e-10,-0.015003891092576832
10.15,10082.611488091434,-1.473777398153797e-06,7.871984361374152e-05,7.871984361374152e-05,7.863281664723875e-10,-0.01473777398153797
10.162500000000001,10081.02578755168,-1.445488722212201e-06,7.866021630540696e-05,7.866021630540696e-05,7.853699337746329e-10,-0.01445488722212201
10.175,10079.34958401039,-1.4155854853751983e-06,7.860089977472258e-05,7.860089977472258e-05,7.844315243095785e-10,-0.014155854853751983
10.1875,10077.586577497168,-1.384133695654686e-06,7.854181630915259e-05,7.854181630915259e-05,7.83513964632454e-10,-0.013841336956546858
10.200000000000001,10075.740656471507,-1.3512027226241256e-06,7.848289405868768e-05,7.848289405868768e-05,7.826182353125241e-10,-0.013512027226241256
10.2125,10073.815883437159,-1.3168650407826047e-06,7.842406747432735e-05,7.842406747432735e-05,7.817452688747945e-10,-0.013168650407826048
10.225000000000001,10071.816479844021,-1.281195960205423e-06,7.83652777159564e-05,7.83652777159564e-05,7.808959479202726e-10,-0.012811959602054229
10.2375,10069.746810360652,-1.2442733459692493e-06,7.830647302870309e-05,7.830647302870309e-05,7.800711034322247e-10,-0.012442733459692493
10.25,10067.611366604417,-1.206177327902774e-06,7.824760908689707e-05,7.824760908689707e-05,7.792715132748432e-10,-0.012061773279027741
10.262500000000001,10065.414750419874,-1.1669900022652722e-06,7.818864930477565e-05,7.818864930477565e-05,7.784979008896758e-10,-0.011669900022652722
10.275,10063.161656795402,-1.1267951269958967e-06,7.812956511311467e-05,7.812956511311467e-05,7.777509341940757e-10,-0.011267951269958967
10.287500000000001,10060.856856514432,-1.0856778122043999e-06,7.807033620099092e-05,7.807033620099092e-05,7.770312246848318e-10,-0.010856778122043999
10.3,10058.505178633975,-1.0437242075905326e-06,7.801095072191465e-05,7.801095072191465e-05,7.763393267490108e-10,-0.010437242075905327
10.3125,10056.111492885459,-1.0010211884837319e-06,7.795140546360568e-05,7.795140546360568e-05,7.756757371829281e-10,-0.010010211884837318
10.325000000000001,10053.680692093303,-9.576560421869151e-07,7.78917059807266e-05,7.78917059807266e-05,7.750408949190456e-10,-0.009576560421869152
10.3375,10051.217674703297,-9.137161562891518e-07,7.783186668993177e-05,7.783186668993177e-05,7.744351809594908e-10,-0.009137161562891518
10.350000000000001,10048.727327513327,-8.692887105810616e-07,7.77719109266433e-05,7.77719109266433e-05,7.738589185138088e-10,-0.008692887105810617
10.3625,10046.214508695091,-8.24460374165147e-07,7.771187096302444e-05,7.771187096302444e-05,7.73312373337504e-10,-0.00824460374165147
10.375,10043.684031193114,-7.793170093009523e-07,7.765178798668964e-05,7.765178798668964e-05,7.727957542669064e-10,-0.007793170093009522
10.387500000000001,10041.140646584709,-7.339433834624808e-07,7.759171203976754e-05,7.759171203976754e-05,7.723092139449189e-10,-0.007339433834624809
10.4,10038.589029478495,-6.884228910138729e-07,7.753170191802124e-05,7.753170191802124e-05,7.718528497312689e-10,-0.006884228910138729
10.412500000000001,10036.033762526647,-6.42837285828978e-07,7.747182502982723e-05,7.747182502982723e-05,7.714267047900103e-10,-0.006428372858289779
10.425,10033.479322119823,-5.972664260924528e-07,7.741215721492303e-05,7.741215721492303e-05,7.710307693461993e-10,-0.005972664260924528
10.4375,10030.930064829241,-5.51788032424959e-07,7.73527825229526e-05,7.73527825229526e-05,7.706649821029131e-10,-0.00551788032424959
10.450000000000001,10028.390214653713,-5.064774603740187e-07,7.729379295196823e-05,7.729379295196823e-05,7.703292318090862e-10,-0.005064774603740187
10.4625,10025.863851124364,-4.6140748820581767e-07,7.72352881471884e-05,7.72352881471884e-05,7.700233589680232e-10,-0.004614074882058177
10.475000000000001,10023.354898313552,-4.166481208227803e-07,7.717737506046161e-05,7.717737506046161e-05,7.697471576758959e-10,-0.004166481208227803
10.4875,10020.86711478737,-3.722664105181638e-07,7.712016757104656e-05,7.712016757104656e-05,7.695003775790658e-10,-0.0037226641051816382
10.5,10018.404084535345,-3.2832629516298823e-07,7.706378606848899e-05,7.706378606848899e-05,7.692827259386737e-10,-0.0032832629516298824
10.512500000000001,10015.969208903916,-2.8488845430347455e-07,7.700835699855328e-05,7.700835699855328e-05,7.690938697906239e-10,-0.0028488845430347455
10.525,10013.565699554456,-2.420101835295684e-07,7.695401237335218e-05,7.695401237335218e-05,7.68933438188852e-10,-0.0024201018352956838
10.537500000000001,10011.196572458894,-1.9974528735826818e-07,7.69008892470095e-05,7.69008892470095e-05,7.68801024519601e-10,-0.0019974528735826817
10.55,10008.864642940356,-1.5814399076009495e-07,7.684912915838749e-05,7.684912915838749e-05,7.686961888743475e-10,-0.0015814399076009495
10.5625,10006.572521759634,-1.1725286934388214e-07,7.67988775426097e-05,7.67988775426097e-05,7.6861846046901e-10,-0.0011725286934388215
10.575000000000001,10004.322612242537,-7.711479810513816e-08,7.675028311331312e-05,7.675028311331312e-05,7.685673400971319e-10,-0.0007711479810513815
10.5875,10002.117108436165,-3.776891853729257e-08,7.670349721776548e-05,7.670349721776548e-05,7.68542302604867e-10,-0.00037768918537292573
10.600000000000001,9999.957994277716,7.493761964105351e-10,7.665867316718414e-05,7.665867316718414e-05,7.685427993757953e-10,7.493761964105351e-06
10.6125,9997.847043753502,3.8408438428770165e-08,7.661596554479174e-05,7.661596554479174e-05,7.685682608138588e-10,0.0003840843842877016
10.625,9995.785822020396,7.518034598114481e-08,7.657552949433621e-05,7.657552949433621e-05,7.686180988130356e-10,0.000751803459811448
10.637500000000001,9993.775687457626,1.11040865555677e-07,7.653751999198848e-05,7.653751999198848e-05,7.68691709202745e-10,0.00111040865555677
10.65,9991.817794613284,1.4596940017800476e-07,7.650209110470891e-05,7.650209110470891e-05,7.687884741584121e-10,0.0014596940017800476
10.662500000000001,9989.913098003512,1.7994892141162257e-07,7.646939523833859e-05,7.646939523833859e-05,7.689077645670972e-10,0.0017994892141162257
10.675,9988.06235672225,2.1296588712864137e-07,7.643958237882616e-05,7.643958237882616e-05,7.690489423386129e-10,0.0021296588712864137
10.6875,9986.266139812647,2.4501014567745324e-07,7.641279933013835e-05,7.641279933013835e-05,7.692113626531141e-10,0.0024501014567745324
10.700000000000001,9984.524832351872,2.7607482733643577e-07,7.638918895252499e-05,7.638918895252499e-05,7.693943761367308e-10,0.0027607482733643576
10.7125,9982.838642195837,3.0615622398358556e-07,7.636888940491289e-05,7.636888940491289e-05,7.69597330957432e-10,0.0030615622398358555
10.725000000000001,9981.207607331096,3.3525365794554486e-07,7.635203339528602e-05,7.635203339528602e-05,7.698195748339485e-10,0.0033525365794554486
10.7375,9979.631603777232,3.633693410153245e-07,7.633874744297207e-05,7.633874744297207e-05,7.700604569512364e-10,0.003633693410153245
10.75,9978.110353984153,3.905082246469704e-07,7.632915115679374e-05,7.632915115679374e-05,7.703193297766336e-10,0.0039050822464697043
10.762500000000001,9976.643435666818,4.166778423471143e-07,7.632335653305813e-05,7.632335653305813e-05,7.70595550771534e-10,0.004166778423471143
10.775,9975.230291019672,4.418881452883938e-07,7.632146727734631e-05,7.632146727734631e-05,7.708884839940897e-10,0.004418881452883938
10.787500000000001,9973.87023625394,4.6615133216837844e-07,7.632357815402834e-05,7.632357815402834e-05,7.71197501589123e-10,0.004661513321683785
10.8,9972.562471400091,4.89481674330134e-07,7.632977436736483e-05,7.632977436736483e-05,7.715219851621093e-10,0.00489481674330134
10.8125,9971.306090320293,5.118953371475756e-07,7.634013097796448e-05,7.634013097796448e-05,7.718613270347545e-10,0.005118953371475756
10.825000000000001,9970.100090874294,5.334101986601896e-07,7.635471235824758e-05,7.635471235824758e-05,7.722149313803419e-10,0.0053341019866018965
10.8375,9968.943385186481,5.540456664187926e-07,7.637357169041934e-05,7.637357169041934e-05,7.725822152376654e-10,0.005540456664187926
10.850000000000001,9967.834809959992,5.73822493476193e-07,7.639675051028173e-05,7.639675051028173e-05,7.729626094029789e-10,0.00573822493476193
10.8625,9966.77313678872,5.927625944254136e-07,7.642427830001225e-05,7.642427830001225e-05,7.733555591999964e-10,0.005927625944254136
10.875,9965.757082417858,6.108888623532001e-07,7.64561721328106e-05,7.64561721328106e-05,7.737605251285476e-10,0.006108888623532001
10.887500000000001,9964.785318906566,6.282249875387568e-07,7.649243637206222e-05,7.649243637206222e-05,7.741769833930471e-10,0.006282249875387567
10.9,9963.85648364848,6.44795278687386e-07,7.653306242739231e-05,7.653306242739231e-05,7.746044263124567e-10,0.006447952786873859
10.912500000000001,9962.969189208674,6.606244874464567e-07,7.657802856968575e-05,7.657802856968575e-05,7.750423626139173e-10,0.006606244874464567
10.925,9962.122032936446,6.757376369070479e-07,7.662729980683056e-05,7.662729980683056e-05,7.754903176126923e-10,0.006757376369070479
10.9375,9961.313606318521,6.901598547497204e-07,7.668082782160629e-05,7.668082782160629e-05,7.759478332815012e-10,0.006901598547497204
10.950000000000001,9960.542504037134,7.039162116468167e-07,7.67385509727859e-05,7.67385509727859e-05,7.764144682127287e-10,0.0070391621164681666
10.9625,9959.807332701903,7.170315654874619e-07,7.680039436015469e-05,7.680039436015469e-05,7.768897974773672e-10,0.007170315654874619
10.975000000000001,9959.106719226193,7.295304119450303e-07,7.686626995377168e-05,7.686626995377168e-05,7.773734123848998e-10,0.007295304119450303
10.9875,9958.43931882147,7.414367418606544e-07,7.69360767874149e-05,7.69360767874149e-05,7.77864920148641e-10,0.007414367418606544
11.0,9957.803822585196,7.527739058706585e-07,7.700970121576077e-05,7.700970121576077e-05,7.783639434613361e-10,0.007527739058706585
11.012500000000001,9957.19896466186,7.635644866610275e-07,7.708701723445497e-05,7.708701723445497e-05,7.788701199860779e-10,0.0076356448666102745
11.025,9956.623528957,7.73830179187913e-07,7.716788686184065e-05,7.716788686184065e-05,7.79383101767819e-10,0.0077383017918791295
11.037500000000001,9956.076355388093,7.835916791604836e-07,7.725216058072049e-05,7.725216058072049e-05,7.799025545709588e-10,0.007835916791604836
11.05,9955.556345658266,7.928685800409304e-07,7.733967783814847e-05,7.733967783814847e-05,7.804281571486494e-10,0.007928685800409304
11.0625,9955.062468540456,8.016792787763368e-07,7.743026760087533e-05,7.743026760087533e-05,7.809596004496115e-10,0.008016792787763368
11.075000000000001,9954.59376466216,8.100408904385509e-07,7.752374896371335e-05,7.752374896371335e-05,7.814965867683623e-10,0.008100408904385509
11.0875,9954.14935078305,8.179691719111742e-07,7.761993180774349e-05,7.761993180774349e-05,7.820388288448559e-10,0.008179691719111742
11.100000000000001,9953.728423559733,8.254784547273583e-07,7.77186175049646e-05,7.77186175049646e-05,7.825860489196007e-10,0.008254784547273583
11.1125,9953.330262793801,8.325815871283013e-07,7.781959966568211e-05,7.781959966568211e-05,7.831379777503658e-10,0.008325815871283013
11.125,9952.954234160245,8.392898853799238e-07,7.79226649246556e-05,7.79226649246556e-05,7.836943535966159e-10,0.008392898853799239
11.137500000000001,9952.599791417671,8.456130943547763e-07,7.802759376177338e-05,7.802759376177338e-05,7.842549211778144e-10,0.008456130943547763
11.15,9952.266478099287,8.515593573566082e-07,7.813416135279898e-05,7.813416135279898e-05,7.848194306117235e-10,0.008515593573566082
11.162500000000001,9951.953928689152,8.571351951374904e-07,7.824213844554173e-05,7.824213844554173e-05,7.853876363387941e-10,0.008571351951374904
11.175,9951.661869287549,8.623454940307432e-07,7.835129225664389e-05,7.835129225664389e-05,7.859592960386893e-10,0.008623454940307432
11.1875,9951.390117770836,8.671935030976405e-07,7.846138738404863e-05,7.846138738404863e-05,7.865341695449155e-10,0.008671935030976406
11.200000000000001,9951.138583453001,8.71680840161657e-07,7.857218673012138e-05,7.857218673012138e-05,7.871120177634549e-10,0.00871680840161657
11.2125,9950.90726625804,8.75807506581051e-07,7.868345243033895e-05,7.868345243033895e-05,7.876926016011901e-10,0.00875807506581051
11.225000000000001,9950.696255411234,8.795719105880649e-07,7.879494678243952e-05,7.879494678243952e-05,7.882756809098007e-10,0.008795719105880648
11.2375,9950.505727661763,8.82970899001876e-07,7.89064331709398e-05,7.89064331709398e-05,7.888610134506831e-10,0.00882970899001876
11.25,9950.335945047642,8.859997971014806e-07,7.901767698197575e-05,7.901767698197575e-05,7.894483538863022e-10,0.008859997971014805
11.262500000000001,9950.18725221633,8.886524564246989e-07,7.912844650350675e-05,7.912844650350675e-05,7.900374528032297e-10,0.00888652456424699
11.275,9950.060073315255,8.909213102397553e-07,7.923851380604228e-05,7.923851380604228e-05,7.906280557719555e-10,0.008909213102397553
11.287500000000001,9949.954908467756,8.927974364167797e-07,7.934765559920132e-05,7.934765559920132e-05,7.912199024483769e-10,0.008927974364167797
11.3,9949.872329850255,8.942706274076486e-07,7.945565405959798e-05,7.945565405959798e-05,7.918127257216793e-10,0.008942706274076485
11.3125,9949.812977388712,8.953294670240868e-07,7.956229762575966e-05,7.956229762575966e-05,7.924062509131127e-10,0.008953294670240869
11.325000000000001,9949.777554091981,8.959614136855733e-07,7.966738175602554e-05,7.966738175602554e-05,7.930001950299551e-10,0.008959614136855733
11.3375,9949.766821042327,8.961528897906214e-07,7.977070964563959e-05,7.977070964563959e-05,7.935942660787215e-10,0.008961528897906215
11.350000000000001,9949.781592063022,8.958893768470319e-07,7.987209289954285e-05,7.987209289954285e-05,7.941881624414355e-10,0.00895889376847032
11.3625,9949.822728084217,8.951555159791041e-07,7.997135215768098e-05,7.997135215768098e-05,7.94781572318528e-10,0.008951555159791041
11.375,9949.891131230504,8.939352134123894e-07,8.006831766997243e-05,8.006831766997243e-05,7.953741732416642e-10,0.008939352134123894
11.387500000000001,9949.987738652015,8.92211750519322e-07,8.016282981842742e-05,8.016282981842742e-05,7.959656316595203e-10,0.00892211750519322
11.4,9950.113516124593,8.899678979923124e-07,8.025473958426473e-05,8.025473958426473e-05,7.965556025992472e-10,0.008899678979923125
11.412500000000001,9950.269451443994,8.871860336944612e-07,8.034390895824087e-05,8.034390895824087e-05,7.971437294060591e-10,0.008871860336944612
11.425,9950.456547639606,8.838482637219597e-07,8.04302112927782e-05,8.04302112927782e-05,7.977296435630757e-10,0.008838482637219596
11.4375,9950.675816035317,8.799365461969825e-07,8.05135315948558e-05,8.05135315948558e-05,7.983129645932285e-10,0.008799365461969825
11.450000000000001,9950.928269185282,8.754328172951539e-07,8.059376675900344e-05,8.059376675900344e-05,7.988933000447123e-10,0.008754328172951539
11.4625,9951.214913712825,8.703191189977583e-07,8.067082574011338e-05,8.067082574011338e-05,7.994702455611244e-10,0.008703191189977583
11.475000000000001,9951.536743081953,8.645777280459695e-07,8.074462966615389e-05,8.074462966615389e-05,8.000433850370907e-10,0.008645777280459694
11.4875,9951.894730331442,8.581912855625445e-07,8.081511189122846e-05,8.081511189122846e-05,8.006122908598186e-10,0.008581912855625444
11.5,9952.28982080243,8.511429267959675e-07,8.088221798977578e-05,8.088221798977578e-05,8.01176524236659e-10,0.008511429267959674
11.512500000000001,9952.722924889491,8.434164104326811e-07,8.094590569304123e-05,8.094590569304123e-05,8.017356356083911e-10,0.008434164104326812
11.525,9953.19491084813,8.349962469157615e-07,8.100614476927274e-05,8.100614476927274e-05,8.022891651475718e-10,0.008349962469157615
11.537500000000001,9953.706597689432,8.258678252023758e-07,8.106291684939735e-05,8.106291684939735e-05,8.028366433409134e-10,0.008258678252023758
11.55,9954.25874819432,8.160175373885768e-07,8.111621520021887e-05,8.111621520021887e-05,8.033775916542772e-10,0.008160175373885768
11.5625,9954.852062079297,8.05432900628128e-07,8.116604444744071e-05,8.116604444744071e-05,8.03911523278488e-10,0.00805432900628128
11.575000000000001,9955.487169346474,7.941026757725423e-07,8.121242025105856e-05,8.121242025105856e-05,8.044379439537978e-10,0.007941026757725423
11.5875,9956.164623848772,7.820169821622345e-07,8.125536893588463e-05,8.125536893588463e-05,8.049563528704446e-10,0.007820169821622345
11.600000000000001,9956.88489710298,7.691674080040577e-07,8.129492708015777e-05,8.129492708015777e-05,8.054662436423827e-10,0.007691674080040577
11.6125,9957.648372381134,7.555471157784575e-07,8.133114106536151e-05,8.133114106536151e-05,8.059671053508886e-10,0.007555471157784575
11.625,9958.455339111275,7.411509421302104e-07,8.136406659051319e-05,8.136406659051319e-05,8.064584236543852e-10,0.007411509421302104
11.637500000000001,9959.3059876171,7.259754917102454e-07,8.139376815430365e-05,8.139376815430365e-05,8.069396819604761e-10,0.007259754917102454
11.65,9960.200404225865,7.100192244526792e-07,8.142031850855718e-05,8.142031850855718e-05,8.074103626558355e-10,0.007100192244526792
11.662500000000001,9961.13856677189,6.932825357905678e-07,8.144379808654557e-05,8.144379808654557e-05,8.078699483892752e-10,0.006932825357905677
11.675,9962.120340522442,6.757678293365e-07,8.14642944097301e-05,8.14642944097301e-05,8.083179234029923e-10,0.006757678293364999
11.6875,9963.145474551282,6.574795815797145e-07,8.148190147652064e-05,8.148190147652064e-05,8.087537749067049e-10,0.006574795815797146
11.700000000000001,9964.213598583108,6.384243981799903e-07,8.149671913663259e-05,8.149671913663259e-05,8.091769944891061e-10,0.006384243981799902
11.7125,9965.324220330802,6.186110614701429e-07,8.150885245459181e-05,8.150885245459181e-05,8.095870795608085e-10,0.0061861106147014285
11.725000000000001,9966.47672334542,5.980505688135142e-07,8.15184110658868e-05,8.15184110658868e-05,8.099835348227152e-10,0.005980505688135142
11.7375,9967.670365396449,5.767561615000899e-07,8.152550852919422e-05,8.152550852919422e-05,8.103658737535476e-10,0.005767561615000898
11.75,9968.904277397627,5.547433439049218e-07,8.153026167801536e-05,8.153026167801536e-05,8.107336201100726e-10,0.005547433439049218
11.762500000000001,9970.17746289234,5.320298926752522e-07,8.153278997495332e-05,8.153278997495332e-05,8.110863094334206e-10,0.005320298926752522
11.775,9971.488798108017,5.086358557575204e-07,8.153321487173848e-05,8.153321487173848e-05,8.114234905547588e-10,0.005086358557575205
11.787500000000001,9972.837032588004,4.845835411227145e-07,8.153165917797443e-05,8.153165917797443e-05,8.117447270934894e-10,0.004845835411227145
11.8,9974.22079040638,4.598974950976374e-07,8.152824644142812e-05,8.152824644142812e-05,8.12049598941084e-10,0.004598974950976374
11.8125,9975.638571967416,4.346044702604288e-07,8.15231003425305e-05,8.15231003425305e-05,8.123377037236357e-10,0.004346044702604288
11.825000000000001,9977.088756389545,4.0873338291096844e-07,8.151634410558666e-05,8.151634410558666e-05,8.126086582362173e-10,0.004087333829109685
11.8375,9978.569604470236,3.823152601801641e-07,8.150809992902188e-05,8.150809992902188e-05,8.128620998421778e-10,0.003823152601801641
11.850000000000001,9980.079262224715,3.5538317689629625e-07,8.149848843681021e-05,8.149848843681021e-05,8.130976878305869e-10,0.0035538317689629627
11.8625,9981.615764989552,3.2797218238131175e-07,8.148762815305113e-05,8.148762815305113e-05,8.133151047251516e-10,0.0032797218238131173
11.875,9983.177042077523,3.0011921740471005e-07,8.147563500147384e-05,8.147563500147384e-05,8.13514057538081e-10,0.0030011921740471003
11.887500000000001,9984.760921968757,2.7186302157734745e-07,8.146262183146525e-05,8.146262183146525e-05,8.136942789625603e-10,0.0027186302157734747
11.9,9986.365138018737,2.43244031521412e-07,8.144869797203164e-05,8.144869797203164e-05,8.138555284977215e-10,0.00243244031521412
11.912500000000001,9987.987334661382,2.1430427020585946e-07,8.143396881492235e-05,8.143396881492235e-05,8.139975935002525e-10,0.0021430427020585944
11.925,9989.625074082902,1.8508722788835952e-07,8.141853542796382e-05,8.141853542796382e-05,8.141202901570814e-10,0.0018508722788835952
11.9375,9991.275843338393,1.5563773515468767e-07,8.140249419947657e-05,8.140249419947657e-05,8.142234643738968e-10,0.0015563773515468767
11.950000000000001,9992.937061881285,1.2600182859444484e-07,8.138593651447738e-05,8.138593651447738e-05,8.143069925746228e-10,0.0012600182859444484
11.9625,9994.606089472833,9.622660969740234e-08,8.136894846320398e-05,8.136894846320398e-05,8.143707824073549e-10,0.0009622660969740235
11.975000000000001,9996.280234436566,6.636009759739462e-08,8.135161058234056e-05,8.135161058234056e-05,8.14414773352678e-10,0.0006636009759739462
11.9875,9997.956762219776,3.645107633006377e-08,8.13339976291716e-05,8.13339976291716e-05,8.144389372307291e-10,0.0003645107633006377
12.0,9999.63290422393,6.548937306988137e-09,8.131617838874676e-05,8.131617838874676e-05,8.144432786038348e-10,6.548937306988137e-05
