t_adimensional,p_outlet_Pa,q_outlet_m3s,w_centro_m,w_max_m,volume_acumulado_m3,potencia_W
0.0,19805.69545672855,1.4198234674923242e-06,2.4161773228559005e-08,2.416177322855902e-08,4.706094384148219e-13,0.028396469349846482
0.00625,19614.899585986965,2.814008339436038e-06,7.223746836883083e-08,7.223746836883089e-08,1.4033302411323463e-12,0.05628016678872076
0.0125,19428.025095830377,4.179538872748671e-06,1.4398417276591304e-07,1.4398417276591317e-07,2.788664746985486e-12,0.08359077745497343
0.018750000000000003,19245.298218351756,5.514761942763664e-06,2.391641853318405e-07,2.391641853318407e-07,4.616567356215652e-12,0.11029523885527329
0.025,19066.801678707365,6.819073059656974e-06,3.575451142101723e-07,3.5754511421017257e-07,6.876792107101564e-12,0.13638146119313949
0.03125,18892.522391037415,8.092567844512923e-06,4.988998574958223e-07,4.988998574958228e-07,9.559124732133106e-12,0.16185135689025848
0.037500000000000006,18722.393420464745,9.335735404321994e-06,6.630065182743266e-07,6.630065182743272e-07,1.2653513081395333e-11,0.1867147080864399
0.043750000000000004,18556.325025271482,1.0549231500364331e-05,8.496482918911849e-07,8.496482918911856e-07,1.6150122361183312e-11,0.21098463000728662
0.05,18394.223963818495,1.1733737468571471e-05,1.0586133490219197e-06,1.0586133490219203e-06,2.0039343610881543e-11,0.23467474937142943
0.05625,18236.00300209397,1.2889890745906012e-05,1.2896947261441185e-06,1.2896947261441195e-06,2.4311779152373982e-11,0.25779781491812026
0.0625,18081.583693819466,1.4018264555543305e-05,1.5426902267984026e-06,1.542690226798404e-06,2.8958221305979463e-11,0.2803652911108661
0.06875,17930.8954468198,1.5119374729098487e-05,1.8174023324926091e-06,1.8174023324926106e-06,3.3969633367657304e-11,0.30238749458196973
0.07500000000000001,17783.8731818796,1.6193696813857712e-05,2.113638120387106e-06,2.113638120387108e-06,3.933713625651251e-11,0.3238739362771542
0.08125,17640.455000936614,1.7241683111750956e-05,2.43120918491234e-06,2.4312091849123413e-06,4.5052000809975954e-11,0.3448336622350191
0.08750000000000001,17500.580509435964,1.8263774938283246e-05,2.769931561269533e-06,2.7699315612695348e-06,5.110564414228455e-11,0.3652754987656649
0.09375,17364.189911547164,1.926040923394908e-05,3.1296256497095695e-06,3.1296256497095716e-06,5.7489628194356456e-11,0.3852081846789816
0.1,17231.22372116323,2.023202067601969e-05,3.510116140237025e-06,3.510116140237027e-06,6.419565898363144e-11,0.40464041352039376
0.10625000000000001,17101.622845070422,2.117904107082444e-05,3.911231937840528e-06,3.9112319378405295e-06,7.121558565247912e-11,0.4235808214164888
0.1125,16975.328819518672,2.2101897625096005e-05,4.332806088537733e-06,4.332806088537734e-06,7.854139894363361e-11,0.4420379525019201
0.11875000000000001,16852.28405187134,2.3001011180112773e-05,4.774675706529201e-06,4.774675706529202e-06,8.61652290903236e-11,0.4600202236022555
0.125,16732.431992471404,2.3876794955924608e-05,5.236681902670139e-06,5.236681902670141e-06,9.407934329016815e-11,0.47753589911849215
0.13125,16615.717217527927,2.4729653945618475e-05,5.718669714360325e-06,5.718669714360326e-06,1.022761429782979e-10,0.4945930789123695
0.1375,16502.085436875157,2.5559984858656986e-05,6.2204880368607585e-06,6.220488036860759e-06,1.1074816108169564e-10,0.5111996971731397
0.14375000000000002,16391.483453889912,2.6368176413766857e-05,6.741989555987285e-06,6.741989555987288e-06,1.1948805937061645e-10,0.5273635282753372
0.15000000000000002,16283.859105173582,2.715460977970356e-05,7.283030682106734e-06,7.283030682106737e-06,1.284886259561022e-10,0.5430921955940712
0.15625,16179.161200865266,2.791965901133976e-05,7.843471485361923e-06,7.843471485361926e-06,1.3774277293204024e-10,0.5583931802267952
0.1625,16077.339477494186,2.8663691394257523e-05,8.423175632067284e-06,8.423175632067287e-06,1.472435341314393e-10,0.5732738278851505
0.16875,15978.344567005339,2.9387067671040976e-05,9.022010322236558e-06,9.022010322236563e-06,1.5698406295771167e-10,0.5877413534208196
0.17500000000000002,15882.127979795416,3.0090142165244686e-05,9.63984622822118e-06,9.639846228221184e-06,1.6695763025704532e-10,0.6018028433048938
0.18125000000000002,15788.642096522053,3.077326284124653e-05,1.027655743444864e-05,1.0276557434448643e-05,1.7715762221061473e-10,0.6154652568249306
0.1875,15697.840162909273,3.1436771342210314e-05,1.0932021378253834e-05,1.0932021378253839e-05,1.8757753823937464e-10,0.6287354268442062
0.19375,15609.676282955686,3.208100303970487e-05,1.160611879179441e-05,1.1606118791794413e-05,1.9821098892530037e-10,0.6416200607940974
0.2,15524.105407986022,3.2706287113716816e-05,1.2298733645036065e-05,1.229873364503607e-05,2.0905169395914883e-10,0.6541257422743363
0.20625000000000002,15441.083321039043,3.331294666671513e-05,1.3009753089788128e-05,1.3009753089788135e-05,2.20093480126027e-10,0.6662589333343025
0.21250000000000002,15360.566617648888,3.390129886411413e-05,1.3739067404765265e-05,1.3739067404765272e-05,2.3133027933751774e-10,0.6780259772822825
0.21875,15282.512684840174,3.4471655087726803e-05,1.4486569941649087e-05,1.4486569941649092e-05,2.427561267146687e-10,0.6894331017545361
0.225,15206.879680245316,3.502432108838815e-05,1.5252157072123536e-05,1.5252157072123543e-05,2.543651587215691e-10,0.7004864217677631
0.23125,15133.626512758903,3.555959712730112e-05,1.6035728135859856e-05,1.6035728135859866e-05,2.6615161134577673e-10,0.7111919425460224
0.23750000000000002,15062.712825470604,3.6077778100748445e-05,1.6837185389429728e-05,1.6837185389429738e-05,2.7810981832008113e-10,0.721555562014969
0.24375000000000002,14994.098980934174,3.657915364774628e-05,1.7656433956127995e-05,1.765643395612801e-05,2.902342093799496e-10,0.7315830729549256
0.25,14927.7460483432,3.7064008243750954e-05,1.8493381776688832e-05,1.8493381776688846e-05,3.0251930855203257e-10,0.7412801648750191
0.25625000000000003,14863.615791958802,3.753262128520135e-05,1.9347939560880594e-05,1.9347939560880608e-05,3.149597324706915e-10,0.750652425704027
0.2625,14801.670660146243,3.7985267169662685e-05,2.022002073996549e-05,2.02200207399655e-05,3.275501887210905e-10,0.7597053433932537
0.26875,14741.873774509066,3.842221537519931e-05,2.1109541420010252e-05,2.1109541420010266e-05,3.4028547420859684e-10,0.7684443075039862
0.275,14684.188918854767,3.884373054102142e-05,2.2016420336033836e-05,2.201642033603385e-05,3.531604735549121e-10,0.7768746108204284
0.28125,14628.580527901997,3.925007254998367e-05,2.2940578806977804e-05,2.2940578806977818e-05,3.661701575215484e-10,0.7850014509996734
0.28750000000000003,14575.013675800483,3.9641496612501775e-05,2.3881940691484927e-05,2.3881940691484944e-05,3.793095814611188e-10,0.7928299322500355
0.29375,14523.454064572546,4.0018253350988506e-05,2.484043234447135e-05,2.4840432344471363e-05,3.92573883796615e-10,0.8003650670197702
0.30000000000000004,14473.868012611209,4.0380588883907305e-05,2.5815982574477852e-05,2.5815982574477866e-05,4.0595828452854487e-10,0.8076117776781461
0.30625,14426.222443316288,4.0728744908812416e-05,2.6808522601785785e-05,2.6808522601785802e-05,4.194580837695941e-10,0.8145748981762483
0.3125,14380.484873908099,4.106295878409438e-05,2.7817986017283625e-05,2.781798601728364e-05,4.330686603063832e-10,0.8212591756818877
0.31875000000000003,14336.623404415855,4.138346360943216e-05,2.8844308742070196e-05,2.8844308742070203e-05,4.467854701878908e-10,0.8276692721886433
0.325,14294.606706826176,4.169048830509456e-05,2.988742898778086e-05,2.9887428987780876e-05,4.606040453401615e-10,0.8338097661018913
0.33125000000000004,14254.404014369624,4.1984257690231075e-05,3.094728721762323e-05,3.094728721762325e-05,4.745199922069643e-10,0.8396851538046215
0.3375,14215.985110937687,4.226499256019061e-05,3.202382610810891e-05,3.202382610810894e-05,4.885289904160783e-10,0.8452998512038121
0.34375,14179.320320649123,4.253290976277131e-05,3.3116990511468296e-05,3.311699051146832e-05,5.026267914708523e-10,0.8506581952554262
0.35000000000000003,14144.38049759043,4.278822227319206e-05,3.422672741873523e-05,3.422672741873525e-05,5.168092174666138e-10,0.8557644454638411
0.35625,14111.13701576499,4.3031139267524666e-05,3.5352985923489154e-05,3.535298592348917e-05,5.310721598314182e-10,0.8606227853504933
0.36250000000000004,14079.561759288708,4.32618661943473e-05,3.6495717186242044e-05,3.649571718624206e-05,5.45411578090547e-10,0.865237323886946
0.36875,14049.627112849092,4.348060484445977e-05,3.765487439945842e-05,3.765487439945842e-05,5.598234986541143e-10,0.8696120968891955
0.375,14021.305952434926,4.368755341861824e-05,3.883041275319642e-05,3.883041275319642e-05,5.743040136271242e-10,0.8737510683723648
0.38125000000000003,13994.571636327299,4.388290659336913e-05,4.0022289401358825e-05,4.0022289401358825e-05,5.888492796413494e-10,0.8776581318673825
0.3875,13969.397996326077,4.4066855585165014e-05,4.1230463428542716e-05,4.1230463428542716e-05,6.034555167084612e-10,0.8813371117033003
0.39375000000000004,13945.759329173967,4.423958821301373e-05,4.2454895817477134e-05,4.2454895817477134e-05,6.181190070939248e-10,0.8847917642602746
0.4,13923.630388149286,4.440128895993767e-05,4.369554941703799e-05,4.369554941703799e-05,6.328360942112664e-10,0.8880257791987534
0.40625,13902.98637477809,4.455213903350788e-05,4.495238891082974e-05,4.495238891082974e-05,6.476031815364035e-10,0.8910427806701576
0.41250000000000003,13883.802930648653,4.4692316425674825e-05,4.622538078632363e-05,4.622538078632363e-05,6.62416731541808e-10,0.8938463285134965
0.41875,13866.056129297567,4.482199597205559e-05,4.751449330454206e-05,4.751449330454206e-05,6.77273264650319e-10,0.8964399194411118
0.42500000000000004,13849.722468157355,4.494134941076802e-05,4.881969647027913e-05,4.881969647027913e-05,6.921693582084571e-10,0.8988269882153604
0.43125,13834.778860564453,4.50505454408355e-05,5.0140962002847036e-05,5.0140962002847036e-05,7.071016454790981e-10,0.90101090881671
0.4375,13821.20262782968,4.514974978012821e-05,5.1478263307338516e-05,5.1478263307338516e-05,7.220668146533503e-10,0.9029949956025642
0.44375000000000003,13808.97149138309,4.523912522276317e-05,5.2831575446395344e-05,5.2831575446395344e-05,7.370616078814581e-10,0.9047825044552633
0.45,13798.063565007189,4.5318831695857375e-05,5.420087511247307e-05,5.420087511247307e-05,7.520828203225171e-10,0.9063766339171475
0.45625000000000004,13788.457347174128,4.5389026315516425e-05,5.558614060059233e-05,5.558614060059233e-05,7.671272992127467e-10,0.9077805263103285
0.4625,13780.131713505525,4.544986344194426e-05,5.698735178156721e-05,5.698735178156721e-05,7.821919429520285e-10,0.9089972688388851
0.46875,13773.06590936259,4.550149473357341e-05,5.8404490075701326e-05,5.8404490075701326e-05,7.972737002083881e-10,0.9100298946714681
0.47500000000000003,13767.23954258481,4.5544069200139965e-05,5.983753842694226e-05,5.983753842694226e-05,8.12369569040067e-10,0.9108813840027993
0.48125,13762.632576376194,4.5577733254654966e-05,6.12864812774854e-05,6.12864812774854e-05,8.274765960348224e-10,0.9115546650930993
0.48750000000000004,13759.225322346274,4.560263076425411e-05,6.275130454281811e-05,6.275130454281811e-05,8.425918754660805e-10,0.9120526152850822
0.49375,13756.998433704923,4.561890309993494e-05,6.423199558719527e-05,6.423199558719527e-05,8.577125484655754e-10,0.9123780619986988
0.5,13755.932898602583,4.562668918521186e-05,6.57285431995373e-05,6.57285431995373e-05,8.728358022121165e-10,0.9125337837042372
0.50625,13756.010033614526,4.562612554373358e-05,6.724093756974158e-05,6.724093756974158e-05,8.879588691361365e-10,0.9125225108746715
0.5125000000000001,13757.211477358644,4.5617346345913416e-05,6.876917026539753e-05,6.876917026539753e-05,9.030790261396979e-10,0.9123469269182684
0.51875,13759.519184243238,4.560048345462059e-05,7.03132342088956e-05,7.03132342088956e-05,9.181935938316418e-10,0.9120096690924119
0.525,13762.915418337196,4.5575666469972096e-05,7.187312365491853e-05,7.187312365491853e-05,9.332999357775856e-10,0.911513329399442
0.53125,13767.382747358653,4.554302277325255e-05,7.344883416830232e-05,7.344883416830232e-05,9.483954577644764e-10,0.910860455465051
0.5375,13772.90403678309,4.550267756997589e-05,7.504036260225089e-05,7.504036260225089e-05,9.634776070794178e-10,0.9100535513995177
0.5437500000000001,13779.462444067283,4.545475393209077e-05,7.6647707076885e-05,7.6647707076885e-05,9.785438718024868e-10,0.9090950786418154
0.55,13787.041412990171,4.5399372839323803e-05,7.827086695809953e-05,7.827086695809953e-05,9.935917801132536e-10,0.9079874567864761
0.55625,13795.62466811553,4.533665321965209e-05,7.990984283669456e-05,7.990984283669456e-05,1.0086188996107156e-09,0.9067330643930418
0.5625,13805.196209372925,4.526671198890039e-05,8.156463650773269e-05,8.156463650773269e-05,1.0236228366463578e-09,0.9053342397780078
0.56875,13815.740306757172,4.518966408946625e-05,8.323525095005651e-05,8.323525095005651e-05,1.038601235670047e-09,0.9037932817893249
0.5750000000000001,13827.241495146609,4.5105622528190594e-05,8.492169030587358e-05,8.492169030587358e-05,1.0535517785884802e-09,0.9021124505638118
0.58125,13839.68456923302,4.5014698413406284e-05,8.662395986027922e-05,8.662395986027922e-05,1.0684721841359115e-09,0.9002939682681257
0.5875,13853.05457855657,4.491700099121263e-05,8.834206602053533e-05,8.834206602053533e-05,1.0833602072569034e-09,0.8983400198242526
0.59375,13867.33682263979,4.481263768103854e-05,9.007601629485122e-05,9.007601629485122e-05,1.098213638500865e-09,0.8962527536207707
0.6000000000000001,13882.51684620761,4.4701714110565885e-05,9.182581927031477e-05,9.182581927031477e-05,1.1130303034281666e-09,0.8940342822113176
0.6062500000000001,13898.580434485708,4.4584334150091005e-05,9.359148458948797e-05,9.359148458948797e-05,1.1278080620276431e-09,0.8916866830018201
0.6125,13915.513608563915,4.446059994640112e-05,9.537302292500202e-05,9.537302292500202e-05,1.1425448081453256e-09,0.8892119989280225
0.61875,13933.302620816514,4.4330611956236435e-05,9.717044595124837e-05,9.717044595124837e-05,1.157238468924265e-09,0.8866122391247288
0.625,13951.933950372517,4.419446897939835e-05,9.898376631194796e-05,9.898376631194796e-05,1.1718870042553296e-09,0.883889379587967
0.6312500000000001,13971.394298626072,4.4052268191549045e-05,0.0001008129975819708,0.0001008129975819708,1.186488406238873e-09,0.8810453638309809
0.6375000000000001,13991.670584786603,4.390410517673088e-05,0.00010265815422124854,0.00010265815422124854,1.2010406986571827e-09,0.8780821035346177
0.64375,14012.749941464577,4.375007395961639e-05,0.00010451925151794543,0.00010451925151794543,1.215541936457616e-09,0.8750014791923278
0.65,14034.619710297073,4.359026703748249e-05,0.00010639630551719703,0.00010639630551719703,1.2299902052463362e-09,0.8718053407496498
0.65625,14057.267437611694,4.342477541188745e-05,0.00010828933293065273,0.00010828933293065273,1.2443836207925466e-09,0.868495508237749
0.6625000000000001,14080.680870137072,4.3253688620016994e-05,0.00011019835102073173,0.00011019835102073173,1.2587203285431147e-09,0.8650737724003399
0.6687500000000001,14104.847950764955,4.307709476565717e-05,0.000112123377451876,0.000112123377451876,1.272998503147464e-09,0.8615418953131434
0.675,14129.756814367545,4.2895080549747104e-05,0.00011406443009911818,0.00011406443009911818,1.2872163479925903e-09,0.8579016109949421
0.68125,14155.395783681703,4.27077313004633e-05,0.0001160215268019329,0.0001160215268019329,1.3013720947480515e-09,0.854154626009266
0.6875,14181.75336526173,4.251513100278942e-05,0.00011799468504856938,0.00011799468504856938,1.3154640029207577e-09,0.8503026200557885
0.6937500000000001,14208.81824550869,4.231736232753078e-05,0.00011998392157284013,0.00011998392157284013,1.3294903594193788e-09,0.8463472465506156
0.7000000000000001,14236.579286781038,4.211450665973958e-05,0.00012198925184164654,0.00012198925184164654,1.343449478128173e-09,0.8422901331947915
0.70625,14265.025523587505,4.190664412652601e-05,0.000124010689407357,0.000124010689407357,1.3573396994900346e-09,0.8381328825305202
0.7125,14294.146158867792,4.169385362423968e-05,0.00012604824509453863,0.00012604824509453863,1.37115939009855e-09,0.8338770724847937
0.71875,14323.930560360366,4.147621284501596e-05,0.00012810192598553487,0.00012810192598553487,1.3849069422988534e-09,0.8295242569003192
0.7250000000000001,14354.368257055103,4.12537983026918e-05,0.00013017173416406754,0.00013017173416406754,1.3985807737970732e-09,0.825075966053836
0.7312500000000001,14385.44893573073,4.1026685358104216e-05,0.0001322576651705615,0.0001322576651705615,1.4121793272781619e-09,0.8205337071620843
0.7375,14417.162437575276,4.079494824379447e-05,0.000134359706117429,0.000134359706117429,1.4257010700319157e-09,0.8158989648758894
0.74375,14449.498754881668,4.0558660088147065e-05,0.00013647783340735178,0.00013647783340735178,1.439144493586995e-09,0.8111732017629413
0.75,14482.448027816548,4.03178929390002e-05,0.0001386120099929686,0.0001386120099929686,1.45250811335277e-09,0.806357858780004
0.7562500000000001,14516.000541257195,4.00727177867688e-05,0.00014076218211267453,0.00014076218211267453,1.4657904682688321e-09,0.801454355735376
0.7625000000000001,14550.146721685429,3.982320458712468e-05,0.00014292827543489032,0.00014292827543489032,1.4789901204620205e-09,0.7964640917424937
0.76875,14584.87713413996,3.956942228328091e-05,0.00014511019054263383,0.00014511019054263383,1.492105654910837e-09,0.7913884456656182
0.775,14620.182479214362,3.931143882792682e-05,0.00014730779769203485,0.00014730779769203485,1.5051356791171311e-09,0.7862287765585364
0.78125,14656.053590095225,3.904932120485937e-05,0.00014952093078310352,0.00014952093078310352,1.5180788227849535e-09,0.7809864240971873
0.7875000000000001,14692.481429639509,3.87831354503525e-05,0.00015174938048912316,0.00015174938048912316,1.5309337375064944e-09,0.7756627090070499
0.7937500000000001,14729.457087479954,3.8512946674302e-05,0.0001539928865029775,0.0001539928865029775,1.5436990964550295e-09,0.77025893348604
0.8,14766.971777158082,3.823881908117597e-05,0.00015625112887497183,0.00015625112887497183,1.55637359408481e-09,0.7647763816235194
0.80625,14805.01683328056,3.796081599079427e-05,0.00015852371843758266,0.00015852371843758266,1.5689559458378407e-09,0.7592163198158854
0.8125,14843.583708697372,3.7678999858951155e-05,0.00016081018633824795,0.00016081018633824795,1.5814448878574928e-09,0.7535799971790231
0.8187500000000001,14882.663971699494,3.739343229788657e-05,0.0001631099727317712,0.0001631099727317712,1.5938391767089031e-09,0.7478686459577314
0.8250000000000001,14922.24930323899,3.7104174096603e-05,0.00016542241471891628,0.00016542241471891628,1.6061375891061067e-09,0.7420834819320601
0.83125,14962.331494171283,3.681128524101638e-05,0.00016774673365681008,0.00016774673365681008,1.618338921645848e-09,0.7362257048203276
0.8375,15002.902442523227,3.651482493392237e-05,0.00017008202200905238,0.00017008202200905238,1.6304419905480119e-09,0.7302964986784474
0.84375,15043.95415078785,3.621485161475376e-05,0.000172427229947859,0.000172427229947859,1.6424456314026012e-09,0.7242970322950752
0.8500000000000001,15085.478723254933,3.591142297910126e-05,0.00017478115196574155,0.00017478115196574155,1.654348698923186e-09,0.7182284595820252
0.8562500000000001,15127.468363374097,3.560459599796759e-05,0.00017714241379846422,0.00017714241379846422,1.6661500667067346e-09,0.7120919199593518
0.8625,15169.915371161647,3.529442693672614e-05,0.00017950946000239393,0.00017950946000239393,1.6778486269997279e-09,0.7058885387345227
0.86875,15212.812140649834,3.4980971373756923e-05,0.0001818805425657484,0.0001818805425657484,1.689443290470451e-09,0.6996194274751385
0.875,15256.151157383443,3.466428421873792e-05,0.0001842537109624202,0.0001842537109624202,1.7009329859873482e-09,0.6932856843747583
0.8812500000000001,15299.924995965717,3.434441973057508e-05,0.00018662680407676747,0.00018662680407676747,1.7123166604033202e-09,0.6868883946115016
0.8875000000000001,15344.126317656628,3.402143153496198e-05,0.00018899744443586189,0.00018899744443586189,1.7235932783458414e-09,0.6804286306992395
0.89375,15388.747868019414,3.369537264156745e-05,0.00019136303518024563,0.00019136303518024563,1.7347618220127759e-09,0.673907452831349
0.9,15433.782474618809,3.336629546085782e-05,0.00019372076018368202,0.00019372076018368202,1.7458212909737664e-09,0.6673259092171564
0.90625,15479.22304476715,3.3034251820567846e-05,0.00019606758769558135,0.00019606758769558135,1.7567707019770855e-09,0.6606850364113569
0.9125000000000001,15525.06256331578,3.26992929818417e-05,0.00019840027782621388,0.00019840027782621388,1.767609088761835e-09,0.6539858596368341
0.9187500000000001,15571.294090486432,3.236146965507071e-05,0.00020071539412464125,0.00020071539412464125,1.778335501875396e-09,0.6472293931014143
0.925,15617.910759742574,3.2020832015459663e-05,0.00020300931941341058,0.00020300931941341058,1.7889490084960366e-09,0.6404166403091933
0.93125,15664.905775690007,3.1677429718355505e-05,0.00020527827594415667,0.00020527827594415667,1.7994486922606035e-09,0.6335485943671101
0.9375,15712.272412008502,3.1331311914374465e-05,0.00020751834982681876,0.00020751834982681876,1.8098336530972246e-09,0.6266262382874893
0.9437500000000001,15760.00400940264,3.0982527264362084e-05,0.00020972551956541585,0.00020972551956541585,1.820103007062972e-09,0.6196505452872417
0.9500000000000001,15808.093973574105,3.063112395421955e-05,0.00021189568840909186,0.00021189568840909186,1.830255886186438e-09,0.6126224790843909
0.95625,15856.535773206719,3.0277149709625886e-05,0.0002140247201028129,0.0002140247201028129,1.8402914383151928e-09,0.6055429941925177
0.9625,15905.322937961919,2.992065181068145e-05,0.00021610847750237668,0.00021610847750237668,1.8502088269680933e-09,0.598413036213629
0.96875,15954.449056483449,2.956167710649282e-05,0.00021814286340812684,0.00021814286340812684,1.8600072311924284e-09,0.5912335421298563
0.9750000000000001,16003.907774407062,2.9200272029713562e-05,0.00022012386287570296,0.00022012386287570296,1.8696858454258826e-09,0.5840054405942713
0.9812500000000001,16053.69279237514,2.8836482611049624e-05,0.00022204758618472715,0.00022204758618472715,1.879243879363308e-09,0.5767296522209925
0.9875,16103.797864057238,2.847035449373237e-05,0.00022391031159140176,0.00022391031159140176,1.8886805578282937e-09,0.5694070898746474
0.99375,16154.21679417256,2.8101932947956808e-05,0.00022570852696166628,0.00022570852696166628,1.89799512064952e-09,0.5620386589591362
1.0,16204.94343652111,2.7731262885278178e-05,0.00022743896937997248,0.00022743896937997248,1.9071868225418857e-09,0.5546252577055636
1.00625,16255.971692019835,2.7358388872955875e-05,0.0002290986618559298,0.0002290986618559298,1.9162549329923884e-09,0.5471677774591175
1.0125,16307.295506749586,2.6983355148230888e-05,0.00023068494630689918,0.00023068494630689918,1.925198736150738e-09,0.5396671029646177
1.01875,16358.908870011348,2.660620563252083e-05,0.000232195512077708,0.000232195512077708,1.934017530724675e-09,0.5321241126504166
1.0250000000000001,16410.805812398674,2.6226983945515796e-05,0.0002336284193664728,0.0002336284193664728,1.9427106298799615e-09,0.5245396789103159
1.03125,16462.980403883124,2.5845733419158048e-05,0.00023498211705441876,0.00023498211705441876,1.951277361145005e-09,0.5169146683831609
1.0375,16515.426751919713,2.546249711148984e-05,0.00023625545458299881,0.00023625545458299881,1.9597170663200727e-09,0.5092499422297968
1.04375,16568.138999572595,2.507731782035528e-05,0.0002374476876782563,0.0002374476876782563,1.968029101391046e-09,0.5015463564071055
1.05,16621.11132366035,2.4690238096944496e-05,0.00023855847788446197,0.00023855847788446197,1.976212836447668e-09,0.49380476193888995
1.0562500000000001,16674.33793292566,2.4301300259172055e-05,0.00023958788603060659,0.00023958788603060659,1.98426765560622e-09,0.4860260051834411
1.0625,16727.813066227238,2.3910546404884425e-05,0.00024053635990843475,0.00024053635990843475,1.9921929569365803e-09,0.4782109280976885
1.06875,16781.53099075781,2.351801842489584e-05,0.00024140471658379701,0.00024140471658379701,1.9999881523936027e-09,0.4703603684979168
1.075,16835.486000280413,2.3123758015854938e-05,0.0002421941198892189,0.0002421941198892189,2.0076526677527565e-09,0.46247516031709873
1.08125,16889.67241339229,2.2727806692949566e-05,0.00024290605375059995,0.00024290605375059995,2.0151859425499824e-09,0.4545561338589913
1.0875000000000001,16944.084571804862,2.233020580245963e-05,0.0002435422920817218,0.0002435422920817218,2.022587430025706e-09,0.4466041160491926
1.09375,16998.716838647,2.19309965341724e-05,0.00024410486603473083,0.00024410486603473083,2.0298565970729676e-09,0.438619930683448
1.1,17053.563596780456,2.1530219933676443e-05,0.0002445960294221132,0.0002445960294221132,2.0369929241896274e-09,0.43060439867352884
1.10625,17108.61924713239,2.1127916914553737e-05,0.00024501822312619445,0.00024501822312619445,2.0439959054346088e-09,0.42255833829107475
1.1125,17163.878207037957,2.0724128270490665e-05,0.00024537403928727366,0.00024537403928727366,2.0508650483881605e-09,0.4144825654098133
1.1187500000000001,17219.334908590965,2.031889468733005e-05,0.00024566618601352334,0.00024566618601352334,2.0575998741161103e-09,0.406377893746601
1.125,17274.98379699894,1.9912256755086645e-05,0.00024589745328793965,0.00024589745328793965,2.0641999171381023e-09,0.3982451351017329
1.13125,17330.819328942023,1.950425497994873e-05,0.00024607068066373125,0.00024607068066373125,2.0706647253998118e-09,0.3900850995989746
1.1375,17386.83597092759,1.9094929796286948e-05,0.00024618872724380505,0.00024618872724380505,2.076993860249141e-09,0.38189859592573894
1.14375,17443.028197644897,1.868432157869127e-05,0.00024625444433684185,0.00024625444433684185,2.083186896416405e-09,0.3736864315738254
1.1500000000000001,17499.390490310267,1.8272470654054054e-05,0.0002462706510762211,0.0002462706510762211,2.089243421998521e-09,0.3654494130810811
1.15625,17555.917335005368,1.785941731371572e-05,0.00024624011318288277,0.00024624011318288277,2.095163038447225e-09,0.3571883462743144
1.1625,17612.60322100511,1.744520182568676e-05,0.0002461655249528268,0.0002461655249528268,2.1009453605613395e-09,0.34890403651373525
1.16875,17669.44263909158,1.7029864446957002e-05,0.0002460494944575327,0.0002460494944575327,2.1065900164831196e-09,0.34059728893914004
1.175,17726.430079858535,1.661344543590079e-05,0.0002458945318636739,0.0002458945318636739,2.1120966476987123e-09,0.3322689087180158
1.1812500000000001,17783.5600319979,1.6195985064783293e-05,0.0002457030407089489,0.0002457030407089489,2.1174649090427614e-09,0.3239197012956659
1.1875,17840.826980575457,1.5777523632371385e-05,0.0002454773119147931,0.0002454773119147931,2.12269446870719e-09,0.3155504726474277
1.19375,17898.22540528912,1.5358101476649648e-05,0.0002452195202746112,0.0002452195202746112,2.127785008254201e-09,0.307162029532993
1.2000000000000002,17955.749778716432,1.4937758987640523e-05,0.00024493172312780773,0.00024493172312780773,2.132736222633525e-09,0.29875517975281046
1.20625,18013.394564544535,1.4516536620325916e-05,0.00024461586091454544,0.00024461586091454544,2.137547820203951e-09,0.29033073240651835
1.2125000000000001,18071.154215788953,1.4094474907666628e-05,0.000244273759302649,0.000244273759302649,2.1422195227591734e-09,0.28188949815333253
1.21875,18129.023172999514,1.3671614473715659e-05,0.00024390713258487493,0.00024390713258487493,2.1467510655579854e-09,0.2734322894743132
1.225,18186.99586245276,1.3247996046821325e-05,0.0002435175880601291,0.0002435175880601291,2.151142197358848e-09,0.2649599209364265
1.2312500000000002,18245.066694333822,1.2823660472917129e-05,0.0002431066311342911,0.0002431066311342911,2.1553926804588634e-09,0.25647320945834257
1.2375,18303.230060905833,1.2398648728896374e-05,0.00024267567090321474,0.00024267567090321474,2.159502290737185e-09,0.2479729745779275
1.2437500000000001,18361.48033466799,1.1973001936071465e-05,0.00024222602601044665,0.00024222602601044665,2.1634708177028827e-09,0.2394600387214293
1.25,18419.811866501535,1.1546761373720141e-05,0.00024175893060359523,0.00024175893060359523,2.167298064547305e-09,0.23093522747440282
1.25625,18478.218983803406,1.1119968492723624e-05,0.00024127554024466882,0.00024127554024466882,2.1709838482009544e-09,0.22239936985447248
1.2625000000000002,18536.695988606978,1.0692664929304725e-05,0.00024077693765989843,0.00024077693765989843,2.1745279993949233e-09,0.2138532985860945
1.26875,18595.237155685714,1.0264892518877205e-05,0.00024026413824263085,0.00024026413824263085,2.177930362726915e-09,0.2052978503775441
1.2750000000000001,18653.83673064069,9.836693310021051e-06,0.00023973809524816388,0.00023973809524816388,2.1811907967319002e-09,0.19673386620042102
1.28125,18712.488927969356,9.408109578602072e-06,0.0002391997046414551,0.0002391997046414551,2.1843091739574514e-09,0.18816219157204145
1.2875,18771.187929109667,8.979183842056934e-06,0.00023864980957728142,0.00023864980957728142,2.1872853810438133e-09,0.17958367684113868
1.2937500000000002,18829.92788045877,8.549958873868318e-06,0.00023808920450762736,0.00023808920450762736,2.190119318808772e-09,0.17099917747736634
1.3,18888.70289136393,8.1204777182575e-06,0.00023751863892299064,0.00023751863892299064,2.192810902337391e-09,0.16240955436515
1.3062500000000001,18947.507032076042,7.69078370512366e-06,0.00023693882074316035,0.00023693882074316035,2.195360061076703e-09,0.1538156741024732
1.3125,19006.334331668735,7.260920465261493e-06,0.00023635041937918941,0.00023635041937918941,2.1977667389354416e-09,0.14521840930522986
1.31875,19065.178775912398,6.8309319458894806e-06,0.00023575406849213405,0.00023575406849213405,2.200030894388924e-09,0.1366186389177896
1.3250000000000002,19124.03430510264,6.400862426522155e-06,0.00023515036847606945,0.00023515036847606945,2.2021525005891907e-09,0.1280172485304431
1.33125,19182.894811836057,5.970756535219502e-06,0.00023453988869331306,0.00023453988869331306,2.204131545480535e-09,0.11941513070439004
1.3375000000000001,19241.754138729975,5.5406592652462665e-06,0.00023392316948906325,0.00023392316948906325,2.2059680319205505e-09,0.11081318530492533
1.34375,19300.606076083503,5.110615992173065e-06,0.00023330072401112997,0.00023330072401112997,2.20766197780685e-09,0.1022123198434613
1.35,19359.44435947122,4.6806724914493275e-06,0.0002326730398583757,0.0002326730398583757,2.2092134162096082e-09,0.09361344982898655
1.3562500000000002,19418.262667271047,4.250874956477016e-06,0.0002320405805791462,0.0002320405805791462,2.210622395510093e-09,0.08501749912954033
1.3625,19477.054618117658,3.821270017211602e-06,0.0002314037870385278,0.0002314037870385278,2.2118889795453657e-09,0.07642540034423204
1.3687500000000001,19535.81376828157,3.39190475931521e-06,0.0002307630786708705,0.0002307630786708705,2.213013247759327e-09,0.0678380951863042
1.375,19594.533608969636,2.9628267438851456e-06,0.00023011885463175658,0.00023011885463175658,2.213995295360303e-09,0.05925653487770291
1.38125,19653.207563543212,2.534084027779353e-06,0.00022947149486153646,0.00022947149486153646,2.2148352334853683e-09,0.05068168055558706
1.3875000000000002,19711.828984652282,2.1057251845597243e-06,0.0002288213610707287,0.0002288213610707287,2.2155331893716108e-09,0.04211450369119449
1.39375,19770.391151281805,1.6777993260736914e-06,0.00022816879765600158,0.00022816879765600158,2.21608930653455e-09,0.033555986521473825
1.4000000000000001,19828.887265707293,1.2503561246952546e-06,0.00022751413255410813,0.00022751413255410813,2.2165037449539264e-09,0.025007122493905094
1.40625,19887.31045035971,8.234458362482193e-07,0.0002268576780400235,0.0002268576780400235,2.216776681267091e-09,0.016468916724964384
1.4125,19945.653744589355,3.9711932363650993e-07,0.0002261997314746023,0.0002261997314746023,2.216908308970224e-09,0.007942386472730198
1.4187500000000002,20003.91010133254,-2.857191878927312e-08,0.0002255405760063111,0.0002255405760063111,2.2168988386276328e-09,-0.0005714383757854624
1.425,20062.072383671595,-4.535757400955341e-07,0.00022488048123097003,0.00022488048123097003,2.2167484980893813e-09,-0.009071514801910683
1.4312500000000001,20120.13336128359,-8.778393068198126e-07,0.00022421970381292995,0.00022421970381292995,2.2164575327175166e-09,-0.017556786136396253
1.4375,20178.085706773905,-1.3013090761683667e-06,0.00022355848807069562,0.00022355848807069562,2.216026205621183e-09,-0.026026181523367335
1.44375,20235.921991880405,-1.7239307683022846e-06,0.00022289706652966421,0.00022289706652966421,2.2154547979009193e-09,-0.03447861536604569
1.4500000000000002,20293.634683550845,-2.1456493376471124e-06,0.00022223566044436206,0.00022223566044436206,2.214743608902467e-09,-0.04291298675294225
1.45625,20351.21613987055,-2.5664089431516164e-06,0.0002215744802923217,0.0002215744802923217,2.2138929564804355e-09,-0.05132817886303233
1.4625000000000001,20408.65860583699,-2.986152917409515e-06,0.00022091372624153505,0.00022091372624153505,2.212903177272204e-09,-0.059723058348190305
1.46875,20465.954208964842,-3.4048237345466453e-06,0.00022025358859323836,0.00022025358859323836,2.2117746269824652e-09,-0.06809647469093291
1.475,20523.09495470878,-3.822362976763286e-06,0.00021959424820162897,0.00021959424820162897,2.2105076806788593e-09,-0.07644725953526572
1.4812500000000002,20580.072721681998,-4.238711299409061e-06,0.00021893587687197403,0.00021893587687197403,2.2091027330991853e-09,-0.08477422598818123
1.4875,20636.879256658376,-4.653808394454403e-06,0.00021827863773844945,0.00021827863773844945,2.207560198970719e-09,-0.09307616788908805
1.4937500000000001,20693.506169333577,-5.067592952209184e-06,0.00021762268562293673,0.00021762268562293673,2.205880513342219e-09,-0.10135185904418369
1.5,20749.94492682315,-5.480002621126224e-06,0.000216968167375908,0.000216968167375908,2.2040641319292573e-09,-0.10960005242252448
1.50625,20806.186847877092,-5.890973965513265e-06,0.00021631522220044342,0.00021631522220044342,2.202111531473566e-09,-0.1178194793102653
1.5125000000000002,20862.2230967789,-6.300442420964523e-06,0.0002156639819603461,0.0002156639819603461,2.200023210117157e-09,-0.12600884841929047
1.51875,20918.044676907288,-6.708342247309063e-06,0.00021501457147325218,0.00021501457147325218,2.1977996877920354e-09,-0.13416684494618125
1.5250000000000001,20973.642423927744,-7.114606478860777e-06,0.00021436710878957075,0.00021436710878957075,2.195441506626406e-09,-0.14229212957721554
1.53125,21029.006998584096,-7.519166871742004e-06,0.00021372170545803427,0.00021372170545803427,2.1929492313683363e-09,-0.1503833374348401
1.5375,21084.128879055654,-7.92195384804082e-06,0.00021307846677859007,0.00021307846677859007,2.1903234498279318e-09,-0.15843907696081638
1.5437500000000002,21138.998352847782,-8.322896436550383e-06,0.0002124374920433187,0.0002124374920433187,2.1875647733391513e-09,-0.16645792873100768
1.55,21193.605508177818,-8.721922209828037e-06,0.00021179887476602458,0.00021179887476602458,2.184673837242487e-09,-0.17443844419656074
1.5562500000000001,21247.940224821607,-9.118957217302116e-06,0.00021116270290110557,0.00021116270290110557,2.181651301389813e-09,-0.18237914434604233
1.5625,21301.992164379037,-9.513925914146257e-06,0.00021052905905227483,0.00021052905905227483,2.1784978506728134e-09,-0.19027851828292514
1.56875,21355.75075992231,-9.906751085634249e-06,0.00020989802067167336,0.00020989802067167336,2.1752141955764793e-09,-0.198135021712685
1.5750000000000002,21409.205204985283,-1.0297353766684507e-05,0.00020926966024988213,0.00020926966024988213,2.1718010727592763e-09,-0.20594707533369014
1.58125,21462.344441855486,-1.0685653156301927e-05,0.00020864404549731096,0.00020864404549731096,2.168259245661669e-09,-0.21371306312603855
1.5875000000000001,21515.15714912544,-1.1071566526627715e-05,0.00020802123951741398,0.00020802123951741398,2.1645895051447926e-09,-0.2214313305325543
1.59375,21567.631728472115,-1.1455009126314489e-05,0.00020740130097215151,0.00020740130097215151,2.16079267016115e-09,-0.22910018252628978
1.6,21619.75629061872,-1.1835894077957622e-05,0.0002067842842400923,0.0002067842842400923,2.156869588459308e-09,-0.23671788155915244
1.6062500000000002,21671.518640450096,-1.2214132269333145e-05,0.00020617023956752162,0.00020617023956752162,2.1528211373246416e-09,-0.2442826453866629
1.6125,21722.906261252392,-1.2589632238220398e-05,0.00020555921321289638,0.00020555921321289638,2.1486482243582554e-09,-0.25179264476440794
1.6187500000000001,21773.906298045382,-1.2962300050625605e-05,0.00020495124758496082,0.00020495124758496082,2.1443517882962684e-09,-0.2592460010125121
1.625,21824.50553999764,-1.3332039172270393e-05,0.0002043463813748134,0.0002043463813748134,2.139932799871695e-09,-0.26664078344540787
1.63125,21874.690401906395,-1.3698750333270692e-05,0.00020374464968219043,0.00020374464968219043,2.1353922627211774e-09,-0.27397500666541386
1.6375000000000002,21924.446904747703,-1.4062331386006134e-05,0.00020314608413620993,0.00020314608413620993,2.130731214338832e-09,-0.28124662772012265
1.64375,21973.760655304894,-1.4422677156270993e-05,0.00020255071301079704,0.00020255071301079704,2.1259507270794273e-09,-0.2884535431254199
1.6500000000000001,22022.616824908146,-1.477967928790466e-05,0.00020195856133499245,0.00020195856133499245,2.121051909213065e-09,-0.2955935857580932
1.65625,22071.000127321975,-1.5133226081226235e-05,0.0002013696509983256,0.0002013696509983256,2.11603590603341e-09,-0.30266452162452473
1.6625,22118.894795852037,-1.5483202325742535e-05,0.00020078400085141813,0.00020078400085141813,2.110903901021371e-09,-0.3096640465148507
1.6687500000000002,22166.284559754775,-1.582948912776484e-05,0.00020020162680196588,0.00020020162680196588,2.1056571170659204e-09,-0.3165897825552968
1.675,22213.152620061657,-1.6171963733756134e-05,0.00019962254190623543,0.00019962254190623543,2.1002968177434635e-09,-0.3234392746751227
1.6812500000000001,22259.48162496046,-1.6510499350438487e-05,0.00019904675645619774,0.00019904675645619774,2.0948243086568365e-09,-0.33020998700876975
1.6875,22305.253644906134,-1.684496496291851e-05,0.00019847427806241115,0.00019847427806241115,2.0892409388345883e-09,-0.3368992992583702
1.69375,22350.450147665248,-1.7175225152337655e-05,0.00019790511173275817,0.00019790511173275817,2.0835481021907024e-09,-0.3435045030467531
1.7000000000000002,22395.051973540038,-1.750113991482089e-05,0.00019733925994713304,0.00019733925994713304,2.0777472390443284e-09,-0.3500227982964178
1.70625,22439.03931104951,-1.782256448378148e-05,0.00019677672272817173,0.00019677672272817173,2.0718398376984145e-09,-0.3564512896756296
1.7125000000000001,22482.391673393697,-1.813934915793647e-05,0.00019621749770811338,0.00019621749770811338,2.065827436075342e-09,-0.3627869831587294
1.71875,22525.087876062862,-1.8451339137695127e-05,0.00019566158019187888,0.00019566158019187888,2.0597116234067937e-09,-0.36902678275390255
1.725,22567.106016000715,-1.8758374372895727e-05,0.00019510896321645263,0.00019510896321645263,2.0534940419740855e-09,-0.37516748745791456
1.7312500000000002,22608.42345276961,-1.9060289425179912e-05,0.0001945596376066531,0.0001945596376066531,2.0471763888941218e-09,-0.38120578850359826
1.7375,22649.01679221194,-1.9356913348601678e-05,0.00019401359202738026,0.00019401359202738026,2.040760417944917e-09,-0.3871382669720336
1.7437500000000001,22688.86187313948,-1.964806959236424e-05,0.00019347081303242933,0.00019347081303242933,2.034247941423361e-09,-0.3929613918472848
1.75,22727.933757621977,-1.9933575929853698e-05,0.00019293128510996466,0.00019293128510996466,2.0276408320265036e-09,-0.39867151859707395
1.75625,22766.206725477845,-2.0213244418386603e-05,0.00019239499072475048,0.00019239499072475048,2.0209410247461806e-09,-0.40426488836773206
1.7625000000000002,22803.65427360216,-2.048688139429946e-05,0.00019186191035724023,0.00019186191035724023,2.014150518765271e-09,-0.4097376278859892
1.76875,22840.249120788398,-2.0754287508173344e-05,0.0001913320225396315,0.0001913320225396315,2.0072713793422754e-09,-0.4150857501634669
1.7750000000000001,22875.96321871134,-2.1015257805097163e-05,0.00019080530388899776,0.00019080530388899776,2.0003057396692904e-09,-0.42030515610194324
1.78125,22910.76776975258,-2.126958185491794e-05,0.00019028172913761556,0.00019028172913761556,1.9932558026868147e-09,-0.4253916370983588
1.7875,22944.633252338775,-2.1517043937398347e-05,0.0001897612711606106,0.0001897612711606106,1.986123842837179e-09,-0.43034087874796695
1.7937500000000002,22977.529454453314,-2.1757423287090402e-05,0.0001892439010010536,0.0001892439010010536,1.978912207736813e-09,-0.43514846574180804
1.8,23009.425515951752,-2.1990494402533017e-05,0.0001887295878926429,0.0001887295878926429,1.9716233197460276e-09,-0.43980988805066035
1.8062500000000001,23040.289980265952,-2.2216027424081894e-05,0.0001882182992801191,0.0001882182992801191,1.9642596774135615e-09,-0.4443205484816379
1.8125,23070.090856038973,-2.2433788584278196e-05,0.00018771000083756418,0.00018771000083756418,1.9568238567718512e-09,-0.44867577168556394
1.81875,23098.795689150284,-2.2643540734152956e-05,0.0001872046564847456,0.0001872046564847456,1.9493185124578545e-09,-0.4528708146830591
1.8250000000000002,23126.371645512878,-2.2845043948245476e-05,0.00018670222840167538,0.00018670222840167538,1.9417463786333345e-09,-0.45690087896490955
1.83125,23152.78560492394,-2.303805621038558e-05,0.00018620267704156203,0.00018620267704156203,1.9341102696778407e-09,-0.46076112420771165
1.8375000000000001,23178.004266133106,-2.322233418145414e-05,0.0001857059611423442,0.0001857059611423442,1.9264130806272066e-09,-0.4644466836290828
1.84375,23201.994263168952,-2.3397634049398285e-05,0.00018521203773700355,0.00018521203773700355,1.918657787330308e-09,-0.4679526809879657
1.85,23224.72229281706,-2.3563712460745095e-05,0.00018472086216286511,0.00018472086216286511,1.910847446297063e-09,-0.4712742492149019
1.8562500000000002,23246.155252995442,-2.3720327531740207e-05,0.00018423238807010344,0.00018423238807010344,1.902985194211285e-09,-0.47440655063480414
1.8625,23266.260391608692,-2.3867239936048728e-05,0.00018374656742968347,0.00018374656742968347,1.8950742470830103e-09,-0.4773447987209746
1.8687500000000001,23285.00546528823,-2.400421406471162e-05,0.00018326335054097434,0.00018326335054097434,1.887117899016349e-09,-0.4800842812942324
1.875,23302.358907257603,-2.413101925276838e-05,0.00018278268603928488,0.00018278268603928488,1.8791195205707666e-09,-0.4826203850553676
1.88125,23318.290003378348,-2.4247431065658093e-05,0.0001823045209035773,0.0001823045209035773,1.8710825566959788e-09,-0.48494862131316185
1.8875000000000002,23332.769075256183,-2.435323263721834e-05,0.0001818288004646246,0.0001818288004646246,1.863010524223358e-09,-0.4870646527443668
1.89375,23345.767669116525,-2.4448216049838478e-05,0.00018135546841388316,0.00018135546841388316,1.8549070088998792e-09,-0.48896432099676956
1.9000000000000001,23357.25874899293,-2.4532183746117326e-05,0.00018088446681335728,0.00018088446681335728,1.8467756619541633e-09,-0.4906436749223465
1.90625,23367.21689261174,-2.4604949960250413e-05,0.0001804157361067359,0.0001804157361067359,1.838620196188078e-09,-0.49209899920500827
1.9125,23375.618488231034,-2.4666342156355122e-05,0.00017994921513208266,0.00017994921513208266,1.8304443815915968e-09,-0.49332684312710245
1.9187500000000002,23382.4419305536,-2.471620246005973e-05,0.00017948484113636002,0.00017948484113636002,1.8222520404831493e-09,-0.4943240492011946
1.925,23387.66781375023,-2.47543890689575e-05,0.0001790225497920633,0.0001790225497920633,1.8140470421824666e-09,-0.49508778137915
1.9312500000000001,23391.279119544542,-2.478077762698381e-05,0.00017856227521623595,0.00017856227521623595,1.805833297227881e-09,-0.49561555253967615
1.9375,23393.2613982689,-2.4795262547431748e-05,0.0001781039499921261,0.0001781039499921261,1.7976147511551044e-09,-0.49590525094863497
1.94375,23393.602940783596,-2.4797758269196906e-05,0.00017764750519373446,0.00017764750519373446,1.7893953778596165e-09,-0.49595516538393813
1.9500000000000002,23392.29493916368,-2.4788200430948494e-05,0.00017719287041348728,0.00017719287041348728,1.7811791725698658e-09,-0.4957640086189699
1.95625,23389.331634106115,-2.476654694827087e-05,0.00017673997379325085,0.00017673997379325085,1.7729701444634452e-09,-0.4953309389654174
1.9625000000000001,23384.710447094683,-2.4732778979409727e-05,0.00017628874205888358,0.00017628874205888358,1.7647723089631662e-09,-0.49465557958819456
1.96875,23378.432095465356,-2.468690176609247e-05,0.00017583910055849839,0.00017583910055849839,1.7565896797544364e-09,-0.4937380353218494
1.975,23370.500688675118,-2.4628945336964398e-05,0.00017539097330458364,0.00017539097330458364,1.74842626056948e-09,-0.49257890673928795
1.9812500000000002,23360.923804236427,-2.45589650624825e-05,0.00017494428302010189,0.00017494428302010189,1.7402860367876339e-09,-0.49117930124965004
1.9875,23349.712542010006,-2.447704205161861e-05,0.00017449895118865893,0.00017449895118865893,1.7321729669041552e-09,-0.48954084103237216
1.9937500000000001,23336.881555755303,-2.4383283382425063e-05,0.00017405489810880362,0.00017405489810880362,1.7240909739226054e-09,-0.4876656676485013
2.0,23322.44906111649,-2.427782216038037e-05,0.00017361204295248837,0.00017361204295248837,1.7160439367278964e-09,-0.4855564432076074
2.00625,23306.436819480332,-2.4160817400432502e-05,0.00017317030382768913,0.00017317030382768913,1.7080356814984327e-09,-0.48321634800865004
2.0125,23288.870097433763,-2.403245373075907e-05,0.0001727295978451512,0.0001727295978451512,1.700069973216446e-09,-0.4806490746151814
2.0187500000000003,23269.777601851998,-2.389294091843023e-05,0.0001722898411891969,0.0001722898411891969,1.6921505073355501e-09,-0.4778588183686046
2.025,23249.191390936805,-2.3742513219356045e-05,0.0001718509491925001,0.0001718509491925001,1.6842809016637605e-09,-0.4748502643871209
2.03125,23227.146761834665,-2.3581428557083203e-05,0.00017141283641470417,0.00017141283641470417,1.6764646885187075e-09,-0.47162857114166407
2.0375,23203.68211574876,-2.3409967537139754e-05,0.000170975416724732,0.000170975416724732,1.6687053072095504e-09,-0.46819935074279506
2.04375,23178.83880174118,-2.322843230567118e-05,0.00017053860338661216,0.00017053860338661216,1.6610060968972038e-09,-0.4645686461134236
2.0500000000000003,23152.660940686277,-2.303714526302921e-05,0.00017010230914862103,0.00017010230914862103,1.6533702898809533e-09,-0.4607429052605842
2.05625,23125.195231073933,-2.283644764473327e-05,0.00016966644633552167,0.00016966644633552167,1.645801005355421e-09,-0.45672895289466536
2.0625,23096.490738576184,-2.26266979837909e-05,0.00016923092694366088,0.00016923092694366088,1.6383012436772028e-09,-0.452533959675818
2.06875,23066.598671475604,-2.2408270469711267e-05,0.00016879566273867312,0.00016879566273867312,1.630873881175424e-09,-0.44816540939422533
2.075,23035.572144207188,-2.2181553220652594e-05,0.00016836056535552576,0.00016836056535552576,1.6235216655349988e-09,-0.4436310644130519
2.0812500000000003,23003.465931378276,-2.1946946485991988e-05,0.00016792554640063405,0.00016792554640063405,1.616247211775663e-09,-0.4389389297198398
2.0875,22970.33621471048,-2.170486079718409e-05,0.00016749051755576648,0.00016749051755576648,1.6090529988439134e-09,-0.4340972159436818
2.09375,22936.240325391627,-2.1455715085075342e-05,0.00016705539068346013,0.00016705539068346013,1.6019413668289775e-09,-0.42911430170150683
2.1,22901.236484328885,-2.1199934781864658e-05,0.00016662007793366565,0.00016662007793366565,1.5949145148078982e-09,-0.42399869563729314
2.10625,22865.383542751326,-2.0937949925653728e-05,0.00016618449185134431,0.00016618449185134431,1.587974499318879e-09,-0.4187589985130746
2.1125000000000003,22828.740725557986,-2.0670193285020954e-05,0.00016574854548474655,0.00016574854548474655,1.5811232334562502e-09,-0.4134038657004191
2.11875,22791.367379685085,-2.03970985202998e-05,0.0001653121524941088,0.0001653121524941088,1.5743624865748906e-09,-0.407941970405996
2.125,22753.322729647134,-2.011909839726365e-05,0.00016487522726051743,0.00016487522726051743,1.5676938845867354e-09,-0.402381967945273
2.13125,22714.665642237786,-1.9836623067740984e-05,0.00016443768499470028,0.00016443768499470028,1.561118910827185e-09,-0.3967324613548197
2.1375,22675.45440219135,-1.9550098430334132e-05,0.0001639994418455216,0.0001639994418455216,1.5546389074648629e-09,-0.3910019686066826
2.1437500000000003,22635.74650040563,-1.9259944582921568e-05,0.00016356041500797277,0.00016356041500797277,1.548255077424303e-09,-0.38519889165843135
2.15,22595.59843610579,-1.896657437702104e-05,0.00016312052283046783,0.00016312052283046783,1.5419684867878011e-09,-0.3793314875404208
2.15625,22555.065534095633,-1.8670392082410886e-05,0.00016267968492127304,0.00016267968492127304,1.5357800676398866e-09,-0.3734078416482177
2.1625,22514.201778011615,-1.8371792168682675e-05,0.00016223782225391806,0.00016223782225391806,1.529690621315656e-09,-0.3674358433736535
2.16875,22473.05966025454,-1.807115820866325e-05,0.00016179485727145778,0.00016179485727145778,1.5237008220125744e-09,-0.361423164173265
2.1750000000000003,22431.690049041194,-1.7768861906927977e-05,0.0001613507139894738,0.0001613507139894738,1.5178112207242825e-09,-0.35537723813855954
2.18125,22390.14207278665,-1.7465262254960363e-05,0.00016090531809772652,0.00016090531809772652,1.5120222494544306e-09,-0.34930524509920724
2.1875,22348.46302181254,-1.7160704812921396e-05,0.00016045859706038942,0.00016045859706038942,1.5063342256685756e-09,-0.3432140962584279
2.19375,22306.698267175692,-1.6855521116498478e-05,0.00016001048021481893,0.00016001048021481893,1.5007473569426807e-09,-0.3371104223299696
2.2,22264.891196212404,-1.655002820593035e-05,0.000159560898868833,0.000159560898868833,1.4952617457677236e-09,-0.331000564118607
2.2062500000000003,22223.083164239084,-1.624452827306463e-05,0.00015910978639649425,0.00015910978639649425,1.489877394471289e-09,-0.32489056546129264
2.2125,22181.31346168852,-1.593930842121373e-05,0.00015865707833241096,0.00015865707833241096,1.484594210218759e-09,-0.3187861684242746
2.21875,22139.619295837103,-1.5634640531639793e-05,0.00015820271246459134,0.00015820271246459134,1.4794120100587573e-09,-0.31269281063279586
2.225,22098.035786176024,-1.533078122972567e-05,0.00015774662892590306,0.00015774662892590306,1.4743305259798074e-09,-0.3066156245945134
2.23125,22056.595972389914,-1.5027971943277857e-05,0.0001572887702842103,0.0001572887702842103,1.4693494099476638e-09,-0.30055943886555714
2.2375000000000003,22015.330833848846,-1.4726439044956462e-05,0.00015682908163127575,0.00015682908163127575,1.4644682388954362e-09,-0.29452878089912926
2.24375,21974.269319476436,-1.4426394070531719e-05,0.00015636751067053275,0.00015636751067053275,1.4596865196413694e-09,-0.28852788141063435
2.25,21933.438386839374,-1.4128034004517847e-05,0.00015590400780384755,0.00015590400780384755,1.4550036937119498e-09,-0.28256068009035695
2.25625,21892.863049300253,-1.3831541624723243e-05,0.00015543852621740668,0.00015543852621740668,1.4504191420508065e-09,-0.27663083249446485
2.2625,21852.56643008846,-1.3537085897369114e-05,0.00015497102196687724,0.00015497102196687724,1.4459321895966498e-09,-0.2707417179473823
2.2687500000000003,21812.56982218273,-1.3244822414651912e-05,0.00015450145406200084,0.00015450145406200084,1.4415421097161754e-09,-0.26489644829303827
2.275,21772.89275293198,-1.295489386694572e-05,0.000154029784550794,0.000154029784550794,1.4372481284804553e-09,-0.25909787733891443
2.28125,21733.553052403742,-1.266743054224178e-05,0.0001535559786035379,0.0001535559786035379,1.4330494287757856e-09,-0.2533486108448356
2.2875,21694.5669245122,-1.2382550845889631e-05,0.0001530800045967504,0.0001530800045967504,1.4289451542422626e-09,-0.24765101691779262
2.29375,21655.949020044452,-1.2100361834222597e-05,0.00015260183419734335,0.00015260183419734335,1.4249344130354862e-09,-0.24200723668445195
2.3000000000000003,21617.712510787012,-1.1820959756204219e-05,0.00015212144244717519,0.00015212144244717519,1.4210162814087307e-09,-0.23641919512408438
2.30625,21579.869164023465,-1.1544430597809506e-05,0.00015163880784821866,0.00015163880784821866,1.4171898071146767e-09,-0.23088861195619012
2.3125,21542.429416765397,-1.1270850624440821e-05,0.00015115391244856973,0.00015115391244856973,1.4134540126273566e-09,-0.22541701248881643
2.31875,21505.402449150963,-1.1000286917263427e-05,0.00015066674192953155,0.00015066674192953155,1.4098078981863278e-09,-0.22000573834526854
2.325,21468.796256525282,-1.0732797899918922e-05,0.0001501772856940155,0.0001501772856940155,1.4062504446662634e-09,-0.21465595799837844
2.3312500000000003,21432.61771979677,-1.0468433852627173e-05,0.00014968553695650672,0.00014968553695650672,1.4027806162761405e-09,-0.20936867705254344
2.3375,21396.872673729238,-1.0207237411213185e-05,0.00014919149283485167,0.00014919149283485167,1.3993973630930233e-09,-0.2041447482242637
2.34375,21361.565972901233,-9.949244049086953e-06,0.00014869515444413103,0.00014869515444413103,1.3960996234360908e-09,-0.19898488098173908
2.35,21326.70155512567,-9.694482540659085e-06,0.00014819652699289115,0.00014819652699289115,1.3928863260870622e-09,-0.19388965081318169
2.35625,21292.282502175978,-9.442975405089036e-06,0.0001476956198820167,0.0001476956198820167,1.389756392363539e-09,-0.1888595081017807
2.3625000000000003,21258.311097723687,-9.194739329634562e-06,0.00014719244680653655,0.00014719244680653655,1.386708738052026e-09,-0.18389478659269126
2.36875,21224.788882426667,-8.94978557220028e-06,0.00014668702586066723,0.00014668702586066723,1.3837422752075253e-09,-0.17899571144400558
2.375,21191.716706155752,-8.708120342969624e-06,0.0001461793796464106,0.0001461793796464106,1.3808559138266336e-09,-0.1741624068593925
2.38125,21159.094777377428,-8.469745165249968e-06,0.00014566953538603552,0.00014566953538603552,1.378048563401038e-09,-0.16939490330499934
2.3875,21126.92270973697,-8.234657215866504e-06,0.00014515752503878917,0.00014515752503878917,1.3753191343581853e-09,-0.1646931443173301
2.3937500000000003,21095.199565911553,-8.002849645609581e-06,0.00014464338542219973,0.00014464338542219973,1.3726665393957351e-09,-0.1600569929121916
2.4000000000000004,21063.92389882262,-7.774311880374593e-06,0.00014412715833834908,0.00014412715833834908,1.3700896947162013e-09,-0.15548623760749186
2.40625,21033.0937903054,-7.5490299037375885e-06,0.00014360889070551297,0.00014360889070551297,1.3675875211679298e-09,-0.15098059807475178
2.4125,21002.706887352477,-7.326986521784982e-06,0.00014308863469558616,0.00014308863469558616,1.365158945298297e-09,-0.14653973043569965
2.41875,20972.76043604565,-7.108161611067336e-06,0.00014256644787772897,0.00014256644787772897,1.3628029003247242e-09,-0.14216323222134672
2.4250000000000003,20943.251313302564,-6.892532350576781e-06,0.00014204239336869216,0.00014204239336869216,1.360518327028799e-09,-0.13785064701153563
2.4312500000000004,20914.17605656151,-6.680073438659426e-06,0.00014151653999029803,0.00014151653999029803,1.358304174578502e-09,-0.13360146877318851
2.4375,20885.53089152891,-6.47075729577066e-06,0.00014098896243457373,0.00014098896243457373,1.3561594012832278e-09,-0.1294151459154132
2.44375,20857.311758110784,-6.264554253965533e-06,0.00014045974143705165,0.00014045974143705165,1.3540829752859982e-09,-0.12529108507931067
2.45,20829.514334648473,-6.061432733990737e-06,0.00013992896395876802,0.00013992896395876802,1.3520738751969774e-09,-0.12122865467981475
2.4562500000000003,20802.134060571378,-5.86135941081171e-06,0.00013939672337750323,0.00013939672337750323,1.3501310906721228e-09,-0.11722718821623421
2.4625000000000004,20775.166157574757,-5.664299368369922e-06,0.0001388631196888187,0.0001388631196888187,1.3482536229405392e-09,-0.11328598736739844
2.46875,20748.605649428126,-5.470216244323118e-06,0.00013832825971744837,0.00013832825971744837,1.346440485283859e-09,-0.10940432488646236
2.475,20722.44738051036,-5.279072365476757e-06,0.0001377922573396039,0.0001377922573396039,1.3446907034707324e-09,-0.10558144730953514
2.48125,20696.686033158356,-5.0908288745699456e-06,0.0001372552337167438,0.0001372552337167438,1.343003316149294e-09,-0.10181657749139891
2.4875000000000003,20671.31614392059,-4.90544584903337e-06,0.00013671731754134257,0.00013671731754134257,1.3413773752002651e-09,-0.0981089169806674
2.4937500000000004,20646.332118789127,-4.722882412292631e-06,0.00013617864529516874,0.00013617864529516874,1.3398119460531658e-09,-0.09445764824585261
2.5,20621.728247483214,-4.543096838147482e-06,0.00013563936152054715,0.00013563936152054715,1.3383061079679276e-09,-0.09086193676294965
2.50625,20597.498716854014,-4.366046648716374e-06,0.00013509961910503052,0.00013509961910503052,1.3368589542840444e-09,-0.08732093297432748
2.5125,20573.63762346889,-4.191688706397177e-06,0.0001345595795798441,0.0001345595795798441,1.3354695926392399e-09,-0.08383377412794353
2.5187500000000003,20550.13898543457,-4.019979300258721e-06,0.00013401941343238924,0.00013401941343238924,1.3341371451595012e-09,-0.08039958600517441
2.5250000000000004,20526.99675350956,-3.85087422724412e-06,0.00013347930043299734,0.00013347930043299734,1.3328607486221976e-09,-0.07701748454488239
2.53125,20504.20482155542,-3.68432886853581e-06,0.00013293942997601182,0.00013293942997601182,1.331639554593887e-09,-0.0736865773707162
2.5375,20481.75703636867,-3.520298261403692e-06,0.00013240000143514271,0.00013240000143514271,1.3304727295443066e-09,-0.07040596522807384
2.54375,20459.64720693553,-3.3587371668316932e-06,0.0001318612245328832,0.0001318612245328832,1.329359454937952e-09,-0.06717474333663387
2.5500000000000003,20437.86911314659,-3.1996001331942083e-06,0.0001313233197235995,0.0001313233197235995,1.3282989273045456e-09,-0.06399200266388416
2.5562500000000004,20416.416514004446,-3.042841556232293e-06,0.00013078651858970252,0.00013078651858970252,1.3272903582896294e-09,-0.06085683112464586
2.5625,20395.283155356643,-2.8884157355599122e-06,0.0001302510642500824,0.0001302510642500824,1.326332974686426e-09,-0.05776831471119825
2.56875,20374.46277718247,-2.7362769279126676e-06,0.0001297172117797317,0.0001297172117797317,1.325426018450052e-09,-0.05472553855825335
2.575,20353.949120461573,-2.586379397335341e-06,0.00012918522863920317,0.00012918522863920317,1.324568746695094e-09,-0.051727587946706816
2.5812500000000003,20333.735933648033,-2.43867746248997e-06,0.00012865539511223805,0.00012865539511223805,1.3237604316775066e-09,-0.048773549249799396
2.5875000000000004,20313.816978773903,-2.293125541252986e-06,0.0001281280047495655,0.0001281280047495655,1.323000360761726e-09,-0.045862510825059724
2.59375,20294.186037201704,-2.149678192757882e-06,0.00012760336481651058,0.00012760336481651058,1.3222878363738504e-09,-0.04299356385515764
2.6,20274.836915050113,-2.0082901570288056e-06,0.00012708179674166052,0.00012708179674166052,1.3216221759416824e-09,-0.04016580314057611
2.60625,20255.763448304497,-1.8689163923409182e-06,0.0001265636365634238,0.0001265636365634238,1.3210027118223878e-09,-0.03737832784681836
2.6125000000000003,20236.959507637734,-1.731512110433648e-06,0.0001260492353708835,0.0001260492353708835,1.3204287912184843e-09,-0.03463024220867296
2.6187500000000004,20218.419002951454,-1.5960328096951779e-06,0.0001255389597348889,0.0001255389597348889,1.319899776082829e-09,-0.03192065619390356
2.625,20200.135887653454,-1.4624343064287375e-06,0.00012503319212485938,0.00012503319212485938,1.3194150430132434e-09,-0.02924868612857475
2.63125,20182.104162689353,-1.3306727643040174e-06,0.00012453233130628948,0.00012453233130628948,1.318973983137378e-09,-0.026613455286080348
2.6375,20164.31788033766,-1.2007047220908885e-06,0.00012403679271345478,0.00012403679271345478,1.318576001988381e-09,-0.02401409444181777
2.6437500000000003,20146.771147782998,-1.0724871197664215e-06,0.00012354700879132317,0.00012354700879132317,1.3182205193719177e-09,-0.02144974239532843
2.6500000000000004,20129.45813047675,-9.459773230809263e-07,0.00012306342930019096,0.00012306342930019096,1.317906969225043e-09,-0.018919546461618527
2.65625,20112.373055300577,-8.21133146663303e-07,0.00012258652157608524,0.00012258652157608524,1.31763479946742e-09,-0.01642266293326606
2.6625,20095.510213537666,-6.979128757416487e-07,0.00012211677073951973,0.00012211677073951973,1.317403471845335e-09,-0.013958257514832975
2.66875,20078.863963666783,-5.762752865503e-07,0.00012165467984476422,0.00012165467984476422,1.3172124617689523e-09,-0.011525505731005999
2.6750000000000003,20062.428733982786,-4.5617966549085904e-07,0.00012120076996139891,0.00012120076996139891,1.317061258143214e-09,-0.00912359330981718
2.6812500000000004,20046.199025058562,-3.375858271103984e-07,0.0001207555801795854,0.0001207555801795854,1.316949363192785e-09,-0.006751716542207968
2.6875,20030.169412050294,-2.204541309571451e-07,0.00012031966753020417,0.00012031966753020417,1.3168762922814066e-09,-0.004409082619142902
2.69375,20014.33454685992,-1.0474549737001409e-07,0.00011989360681079676,0.00011989360681079676,1.3168415737260211e-09,-0.0020949099474002818
2.7,19998.68916015602,9.578577744087332e-09,0.0001194779903081195,0.0001194779903081195,1.3168447486059947e-09,0.00019157155488174664
2.7062500000000003,19983.228063265266,1.2255600909460176e-07,0.00011907342740807638,0.00011907342740807638,1.3168853705677632e-09,0.002451120181892035
2.7125000000000004,19967.94614993797,2.3422410910509754e-07,0.00011868054408386124,0.00011868054408386124,1.3169630056252e-09,0.004684482182101951
2.71875,19952.838397994186,3.4461957587884143e-07,0.00011829998225331574,0.00011829998225331574,1.317077231955997e-09,0.006892391517576829
2.725,19937.89987085922,4.537784819889394e-07,0.00011793239899680915,0.00011793239899680915,1.317227639694327e-09,0.009075569639778788
2.73125,19923.125718989828,5.617362640518346e-07,0.00011757846562737673,0.00011757846562737673,1.3174138307200533e-09,0.011234725281036691
2.7375000000000003,19908.511181198992,6.685277130450093e-07,0.00011723886660542517,0.00011723886660542517,1.3176354184447276e-09,0.013370554260900187
2.7437500000000004,19894.05158588438,7.741869653317231e-07,0.00011691429829103144,0.00011691429829103144,1.3178920275946146e-09,0.01548373930663446
2.75,19879.742352164947,8.787474943573488e-07,0.00011660546752773202,0.00011660546752773202,1.3181832939909635e-09,0.017574949887146977
2.75625,19865.57899092993,9.822421029834547e-07,0.00011631309005272353,0.00011631309005272353,1.3185088643277384e-09,0.019644842059669095
2.7625,19851.557105804437,1.0847029164274378e-06,0.00011603788872957706,0.00011603788872957706,1.3188683959470095e-09,0.021694058328548756
2.7687500000000003,19837.672394038265,1.1861613757770116e-06,0.00011578059160090422,0.00011578059160090422,1.3192615566121939e-09,0.02372322751554023
2.7750000000000004,19823.920647317664,1.2866482320500378e-06,0.00011554192975989906,0.00011554192975989906,1.3196880242793272e-09,0.025732964641000756
2.78125,19810.297752507846,1.3861935407717288e-06,0.00011532263504131107,0.00011532263504131107,1.3201474868665381e-09,0.027723870815434575
2.7875,19796.799692328335,1.4848266570423199e-06,0.00011512343753417072,0.00011512343753417072,1.3206396420218887e-09,0.029696533140846398
2.79375,19783.422545963866,1.5825762310694738e-06,0.00011494506292047751,0.00011494506292047751,1.3211641968897328e-09,0.031651524621389475
2.8000000000000003,19770.162489615595,1.6794702041408568e-06,0.00011478822964605727,0.00011478822964605727,1.32172086787574e-09,0.03358940408281714
2.8062500000000004,19757.01579699572,1.7755358050132639e-06,0.00011465364593188121,0.00011465364593188121,1.3223093804107234e-09,0.03551071610026528
2.8125,19743.978839766864,1.8707995466956963e-06,0.00011454200663629414,0.00011454200663629414,1.3229294687133996e-09,0.03741599093391393
2.81875,19731.048087932704,1.9652872236048073e-06,0.0001144539899807982,0.0001144539899807982,1.3235808755522075e-09,0.039305744472096144
2.825,19718.220110177168,2.059023909071745e-06,0.0001143902541542568,0.00011439197887450493,1.3242633520062997e-09,0.041180478181434894
2.8312500000000003,19705.49157416263,2.152033953180762e-06,0.00011435143381259052,0.00011438215727729536,1.3249766572258173e-09,0.04304067906361524
2.8375000000000004,19692.859246780714,2.244340980920162e-06,0.00011433813649320524,0.00011441980639179847,1.3257205581915533e-09,0.04488681961840323
2.84375,19680.319994366884,2.335967890627557e-06,0.00011435093896548647,0.00011449422259849867,1.3264948294740987e-09,0.04671935781255114
2.85,19667.870782873826,2.4269368527116126e-06,0.00011439038354068437,0.0001145996338164877,1.327299252992566e-09,0.04853873705423225
2.85625,19655.508678011982,2.517269308633617e-06,0.00011445697436636324,0.00011473151227622798,1.3281336177729759e-09,0.05034538617267234
2.8625000000000003,19643.230845354738,2.606985970132628e-06,0.00011455117373226689,0.00011488840608374609,1.3289977197063848e-09,0.05213971940265256
2.8687500000000004,19631.034550414217,2.6961068186788417e-06,0.00011467339841592175,0.00011506706448669424,1.3298913613068338e-09,0.05392213637357683
2.875,19618.917158686345,2.7846511051403116e-06,0.00011482401609753263,0.00011526608411743291,1.3308143514691853e-09,0.05569302210280623
2.88125,19606.87613566859,2.8726373496488375e-06,0.0001150033418746897,0.00011548612959906477,1.3317665052269164e-09,0.05745274699297675
2.8875,19594.909046853256,2.960083341651606e-06,0.0001152116349080727,0.00011572511243821516,1.3327476435099286e-09,0.05920166683303212
2.8937500000000003,19583.013557698476,3.0470061401357947e-06,0.0001154490952296845,0.00011598283609168142,1.3337575929024318e-09,0.06094012280271589
2.9000000000000004,19571.187433572388,3.1334220740134667e-06,0.00011571586074514917,0.00011625907806176945,1.3347961854009572e-09,0.06266844148026933
2.90625,19559.428539682805,3.219346742655512e-06,0.00011601200446125329,0.00011655365045629718,1.3358632581725459e-09,0.06438693485311024
2.9125,19547.734840983565,3.304795016563169e-06,0.00011633753196917996,0.0001168682338472126,1.33695865331316e-09,0.06609590033126338
2.91875,19536.104402066074,3.389781038166787e-06,0.00011669237921277614,0.00011720144948579498,1.3380822176063593e-09,0.06779562076333574
2.9250000000000003,19524.53538703404,3.474318222741714e-06,0.00011707641056970393,0.00011755412331290079,1.3392338022822814e-09,0.06948636445483428
2.9312500000000004,19513.026059362623,3.5584192594318375e-06,0.00011748941727145746,0.0001179276894056716,1.3404132627769607e-09,0.07116838518863675
2.9375,19501.574781745858,3.6420961123718997e-06,0.00011793111618599162,0.00011832250971290284,1.341620458492019e-09,0.07284192224743799
2.94375,19490.180015930164,3.7253600219000823e-06,0.00011840114898412005,0.000118739593580574,1.3428552525547597e-09,0.07450720043800164
2.95,19478.84032253654,3.8082215058528417e-06,0.00011889908170792088,0.00011918090865403389,1.3441175115786889e-09,0.07616443011705683
2.9562500000000003,19467.554360874445,3.890690360934688e-06,0.00011942440475616741,0.00011964761202119268,1.3454071054244924e-09,0.07781380721869376
2.9625000000000004,19456.320888744445,3.972775664155677e-06,0.0001199765332983089,0.00012014137478495668,1.346723906961488e-09,0.07945551328311354
2.96875,19445.138762232353,4.054485774330022e-06,0.00012055480812480397,0.00012066508451957241,1.3480677918295754e-09,0.08108971548660043
2.975,19434.006935498248,4.135828333629758e-06,0.00012115849693769727,0.0001212206637215558,1.3494386382017002e-09,0.08271656667259515
2.98125,19422.924460555354,4.216810269187318e-06,0.00012178679608127672,0.00012181191465520656,1.35083632654685e-09,0.08433620538374635
2.9875000000000003,19411.8904870461,4.297437794741841e-06,0.00012243883270850425,0.00012244227989970346,1.352260739393595e-09,0.08594875589483682
2.9937500000000004,19400.904262011278,4.377716412323866e-06,0.00012311366737472948,0.00012311366737472948,1.3537117610941884e-09,0.08755432824647731
3.0,19389.965129653905,4.457650913973469e-06,0.00012381029704602948,0.00012381029704602948,1.355189277589235e-09,0.08915301827946939
3.00625,19379.072531102174,4.537245383487545e-06,0.00012452765850542248,0.00012452765850542248,1.3566931761729404e-09,0.0907449076697509
3.0125,19368.226004164615,4.6165031981914275e-06,0.00012526463213623494,0.00012526463213623494,1.3582233452589454e-09,0.09233006396382855
3.0187500000000003,19357.425183086267,4.695427030731132e-06,0.00012602004605811678,0.00012602004605811678,1.3597796741467563e-09,0.09390854061462263
3.0250000000000004,19346.669798301453,4.774018850882086e-06,0.000126792680587645,0.000126792680587645,1.361362052788774e-09,0.09548037701764171
3.03125,19335.959676183378,4.8522799273705e-06,0.00012758127299218873,0.00012758127299218873,1.3629703715579267e-09,0.09704559854740999
3.0375,19325.294738794073,4.930210829703913e-06,0.00012838452250276848,0.00012838452250276848,1.3646045210159094e-09,0.09860421659407827
3.04375,19314.675003633325,5.007811430007323e-06,0.00012920109554907244,0.00012920109554907244,1.366264391682032e-09,0.10015622860014646
3.0500000000000003,19304.100583387342,5.085080904861617e-06,0.00013002963117763038,0.00013002963117763038,1.3679498738026771e-09,0.10170161809723234
3.0562500000000004,19293.571685676452,5.1620177371408024e-06,0.00013086874661241815,0.00013086874661241815,1.3696608571213665e-09,0.10324035474281605
3.0625,19283.088612804895,5.238619717845106e-06,0.00013171704291589667,0.00013171704291589667,1.371397230649435e-09,0.10477239435690212
3.06875,19272.65176151071,5.3148839479266075e-06,0.00013257311070769877,0.00013257311070769877,1.3731588824373092e-09,0.10629767895853215
3.075,19262.261622718044,5.390806840104456e-06,0.00013343553589786867,0.00013343553589786867,1.3749456993463896e-09,0.10781613680208911
3.0812500000000003,19251.918781288878,5.466384120666542e-06,0.00013430290539173805,0.00013430290539173805,1.3767575668215273e-09,0.10932768241333084
3.0875000000000004,19241.623915781187,5.541610831254902e-06,0.00013517381272418498,0.00013517381272418498,1.3785943686640947e-09,0.11083221662509804
3.09375,19231.37779820448,5.616481330631661e-06,0.00013604686358214865,0.00013604686358214865,1.3804559868056404e-09,0.11232962661263321
3.1,19221.181293783644,5.690989296423034e-06,0.0001369206811758543,0.0001369206811758543,1.382342301082122e-09,0.11381978592846068
3.10625,19211.035360721868,5.765127726838389e-06,0.00013779391142120076,0.00013779391142120076,1.3842531890087099e-09,0.11530255453676778
3.1125000000000003,19200.941049970123,5.838888942361831e-06,0.0001386652278981571,0.0001386652278981571,1.3861885255551502e-09,0.11677777884723663
3.1187500000000004,19190.899504999572,5.912264587413738e-06,0.00013953333655275795,0.00013953333655275795,1.3881481829216794e-09,0.11824529174827476
3.125,19180.911961578196,5.985245631979682e-06,0.00014039698011334266,0.00014039698011334266,1.3901320303154794e-09,0.11970491263959364
3.13125,19170.979747553916,6.057822373204593e-06,0.00014125494219500314,0.00014125494219500314,1.392139933727659e-09,0.12115644746409185
3.1375,19161.104282639793,6.129984436949654e-06,0.00014210605106973928,0.00014210605106973928,1.3941717557107537e-09,0.12259968873899307
3.1437500000000003,19151.287078207424,6.201720779310099e-06,0.00014294918308351942,0.00014294918308351942,1.3962273551567267e-09,0.12403441558620198
3.1500000000000004,19141.529737084435,6.273019688091876e-06,0.0001437832657052519,0.0001437832657052519,1.398306587075461e-09,0.1254603937618375
3.15625,19131.83395335886,6.343868784245531e-06,0.00014460728019654163,0.00014460728019654163,1.4004093023737256e-09,0.12687737568491061
3.1625,19122.20151218793,6.414255023255636e-06,0.00014542026389497732,0.00014542026389497732,1.4025353476346023e-09,0.1282851004651127
3.16875,19112.63428961554,6.48416469648462e-06,0.000146221312107523,0.000146221312107523,1.4046845648973592e-09,0.1296832939296924
3.1750000000000003,19103.134252393527,6.553583432469714e-06,0.00014700957961432117,0.00014700957961432117,1.406856791437752e-09,0.1310716686493943
3.1812500000000004,19093.703457810698,6.622496198172242e-06,0.00014778428178680825,0.00014778428178680825,1.409051859548741e-09,0.13244992396344485
3.1875,19084.344053530112,6.690887300178818e-06,0.00014854469532745573,0.00014854469532745573,1.4112695963216057e-09,0.13381774600357635
3.19375,19075.058277429518,6.758740385853846e-06,0.00014929015864164423,0.00014929015864164423,1.4135098234274415e-09,0.13517480771707693
3.2,19065.84845745061,6.82603844444349e-06,0.00015002007185511884,0.00015002007185511884,1.4157723568990224e-09,0.1365207688888698
3.2062500000000003,19056.717011455432,6.892763808131497e-06,0.00015073389649313646,0.00015073389649313646,1.4180570069130133e-09,0.13785527616262994
3.2125000000000004,19047.666447087653,6.9588981530473194e-06,0.00015143115483977473,0.00015143115483977473,1.4203635775725163e-09,0.1391779630609464
3.21875,19038.699361640887,7.024422500227701e-06,0.00015211142899791482,0.00015211142899791482,1.422691866689937e-09,0.140488450004554
3.225,19029.818441934334,7.089317216533095e-06,0.00015277435967211923,0.00015277435967211923,1.4250416655701524e-09,0.1417863443306619
3.23125,19021.02646419149,7.153562015520584e-06,0.00015341964469800233,0.00015341964469800233,1.4274127587939711e-09,0.14307124031041168
3.2375000000000003,19012.326293928152,7.217135958275746e-06,0.0001540470373427286,0.0001540470373427286,1.4298049240018658e-09,0.14434271916551492
3.2437500000000004,19003.72088584264,7.280017454205999e-06,0.00015465634440198117,0.00015465634440198117,1.4322179316779716e-09,0.14560034908411998
3.25,18995.21328371283,7.3421842617987895e-06,0.00015524742411912652,0.00015524742411912652,1.4346515449343336e-09,0.1468436852359758
3.25625,18986.80662029608,7.403613489348216e-06,0.00015582018395237778,0.00015582018395237778,1.4371055192953971e-09,0.1480722697869643
3.2625,18978.5041172336,7.4642815956546295e-06,0.00015637457821554197,0.00015637457821554197,1.4395796024827284e-09,0.1492856319130926
3.2687500000000003,18970.309084958022,7.524164390702141e-06,0.00015691060561745038,0.00015691060561745038,1.4420735341999601e-09,0.15048328781404283
3.2750000000000004,18962.224922603153,7.5832370363198386e-06,0.000157428306724438,0.000157428306724438,1.4445870459179571e-09,0.15166474072639677
3.28125,18954.255117913755,7.641474046833107e-06,0.00015792776136928252,0.00015792776136928252,1.4471198606601963e-09,0.15282948093666215
3.2875,18946.403247157916,7.698849289712672e-06,0.00015840908602886487,0.00015840908602886487,1.449671692788363e-09,0.15397698579425342
3.29375,18938.672975036654,7.755335986229477e-06,0.00015887243119149907,0.00015887243119149907,1.4522422477881644e-09,0.15510671972458956
3.3000000000000003,18931.068054593066,7.810906712125093e-06,0.0001593179787334285,0.0001593179787334285,1.454831222055364e-09,0.15621813424250186
3.3062500000000004,18923.59232711532,7.865533398307914e-06,0.00015974593932242682,0.00015974593932242682,1.457438302682048e-09,0.15731066796615828
3.3125,18916.249722038505,7.919187331587474e-06,0.00016015654986480538,0.00016015654986480538,1.4600631672431351e-09,0.15838374663174948
3.31875,18909.044256835154,7.971839155459811e-06,0.0001605500710104379,0.0001605500710104379,1.462705483583145e-09,0.15943678310919623
3.325,18901.980036899586,8.023458870959174e-06,0.00016092678472870038,0.00016092678472870038,1.4653649096032512e-09,0.16046917741918348
3.3312500000000003,18895.061255420358,8.074015837592686e-06,0.0001612869919665069,0.0001612869919665069,1.4680410930486431e-09,0.1614803167518537
3.3375000000000004,18888.292193237055,8.123478774376625e-06,0.00016163101039792725,0.00016163101039792725,1.4707336712962306e-09,0.1624695754875325
3.34375,18881.677218683242,8.171815760995426e-06,0.00016195917227322,0.00016195917227322,1.473442271142734e-09,0.16343631521990853
3.35,18875.220787407503,8.2189942391066e-06,0.00016227182237352037,0.00016227182237352037,1.4761665085932053e-09,0.164379884782132
3.35625,18868.92744217033,8.264981013817505e-06,0.00016256931607590435,0.00016256931607590435,1.4789059886500406e-09,0.16529962027635012
3.3625000000000003,18862.80181261557,8.309742255363114e-06,0.0001628520175321195,0.0001628520175321195,1.4816603051025467e-09,0.1661948451072623
3.3687500000000004,18856.848615009043,8.353243501016792e-06,0.00016312029796294134,0.00016312029796294134,1.4844290403171426e-09,0.16706487002033585
3.375,18851.072651939274,8.39544965726976e-06,0.00016337453406888928,0.00016337453406888928,1.4872117650282827e-09,0.1679089931453952
3.38125,18845.478811977548,8.43632500231892e-06,0.00016361510655692153,0.00016361510655692153,1.4900080381302046e-09,0.1687265000463784
3.3875,18840.072069289927,8.475833188906838e-06,0.0001638423987817333,0.0001638423987817333,1.492817406469618e-09,0.16951666377813676
3.3937500000000003,18834.857483193,8.51393724756221e-06,0.00016405679549940017,0.00016405679549940017,1.4956394046394687e-09,0.1702787449512442
3.4000000000000004,18829.840197647933,8.550599590294128e-06,0.0001642586817303461,0.0001642586817303461,1.4984735547739257e-09,0.17101199180588256
3.40625,18825.02544068602,8.585782014799176e-06,0.00016444844172796522,0.00016444844172796522,1.5013193663447636e-09,0.17171564029598352
3.4125,18820.418523753175,8.619445709245683e-06,0.00016462645804868876,0.00016462645804868876,1.5041763359593308e-09,0.17238891418491367
3.41875,18816.02484096591,8.651551257706015e-06,0.00016479311071885338,0.00016479311071885338,1.5070439471603183e-09,0.1730310251541203
3.4250000000000003,18811.84986826987,8.682058646314556e-06,0.00016494877649339545,0.00016494877649339545,1.509921670227569e-09,0.17364117292629114
3.4312500000000004,18807.89916248527,8.710927270235867e-06,0.00016509382820115314,0.00016509382820115314,1.512808961982197e-09,0.17421854540471735
3.4375,18804.178360230788,8.738115941535356e-06,0.00016522863417140269,0.00016522863417140269,1.5157052655933162e-09,0.17476231883070711
3.44375,18800.693176707628,8.76358289805255e-06,0.00016535355773617742,0.00016535355773617742,1.5186100103877085e-09,0.175271657961051
3.45,18797.449404334853,8.787285813385828e-06,0.00016546895680290708,0.00016546895680290708,1.5215226116628036e-09,0.17574571626771654
3.4562500000000003,18794.45291121377,8.80918180810596e-06,0.00016557518349196752,0.00016557518349196752,1.524442470503374e-09,0.1761836361621192
3.4625000000000004,18791.70963940793,8.829227462325257e-06,0.00016567258383383396,0.00016567258383383396,1.5273689736023968e-09,0.17658454924650516
3.46875,18789.22560301905,8.847378829758577e-06,0.0001657614975206804,0.0001657614975206804,1.5303014930865759e-09,0.17694757659517155
3.475,18787.00688603875,8.863591453422469e-06,0.00016584225770745314,0.00016584225770745314,1.5332393863470676e-09,0.17727182906844938
3.48125,18785.059639954223,8.877820383128546e-06,0.00016591519085766207,0.00016591519085766207,1.536181995876005e-09,0.17755640766257094
3.4875000000000003,18783.390081085927,8.890020194937683e-06,0.00016598061662937216,0.00016598061662937216,1.5391286491094702e-09,0.17780040389875365
3.4937500000000004,18782.00448763295,8.900145012752014e-06,0.0001660388477971338,0.0001660388477971338,1.5420786582776236e-09,0.1780029002550403
3.5,18780.90919639936,8.90814853223186e-06,0.00016609019020585603,0.00016609019020585603,1.5450313202627602e-09,0.1781629706446372
3.50625,18780.11059917701,8.913984047235346e-06,0.00016613494275290227,0.00016613494275290227,1.54798591646613e-09,0.17827968094470692
3.5125,18779.61513875216,8.917604478988052e-06,0.00016617339739495983,0.00016617339739495983,1.550941712684426e-09,0.17835208957976104
3.5187500000000003,18779.429304512112,8.918962408200346e-06,0.0001662058391765102,0.0001662058391765102,1.5538979589969196e-09,0.1783792481640069
3.5250000000000004,18779.559627612856,8.918010110358556e-06,0.00016623254627699257,0.00016623254627699257,1.5568538896642906e-09,0.17836020220717114
3.53125,18780.012675686263,8.914699594425573e-06,0.00016625379007401296,0.00016625379007401296,1.5598087230402871e-09,0.17829399188851144
3.5375,18780.79504704085,8.908982645193193e-06,0.00016626983522019967,0.00016626983522019967,1.5627616614974228e-09,0.17817965290386387
3.54375,18781.913364333825,8.900810869536287e-06,0.00016628093973154398,0.00016628093973154398,1.5657118913680046e-09,0.17801621739072573
3.5500000000000003,18783.374267672003,8.890135746823671e-06,0.0001662873550852865,0.0001662873550852865,1.5686585829018709e-09,0.17780271493647343
3.5562500000000004,18785.18440710768,8.876908683744914e-06,0.0001662893263256211,0.0001662893263256211,1.5716008902423005e-09,0.17753817367489827
3.5625,18787.35043449701,8.861081073815081e-06,0.00016628709217568157,0.00016628709217568157,1.5745379514216466e-09,0.17722162147630163
3.56875,18789.878994679035,8.842604361819519e-06,0.0001662808851544563,0.0001662808851544563,1.5774688883783306e-09,0.17685208723639037
3.575,18792.776715945667,8.821430113459848e-06,0.0001662709316974417,0.0001662709316974417,1.58039280699692e-09,0.17642860226919696
3.5812500000000003,18796.05019976297,8.797510090458312e-06,0.0001662574522799942,0.0001662574522799942,1.5833087971731014e-09,0.17595020180916623
3.5875000000000004,18799.706009712296,8.770796331371266e-06,0.00016624066154247825,0.00016624066154247825,1.5862159329054382e-09,0.1754159266274253
3.59375,18803.75065961522,8.741241238353627e-06,0.0001662207684164288,0.0001662207684164288,1.5891132724158885e-09,0.17482482476707253
3.6,18808.190600815975,8.708797670103921e-06,0.00016619797625105768,0.00016619797625105768,1.5919998583011285e-09,0.17417595340207842
3.60625,18813.032208584493,8.673419041203919e-06,0.00016617248293952962,0.00016617248293952962,1.5948747177168041e-09,0.17346838082407837
3.6125000000000003,18818.28176762107,8.63505942804832e-06,0.0001661444810445212,0.0001661444810445212,1.5977368625968924e-09,0.1727011885609664
3.6187500000000004,18823.945456634396,8.593673681537204e-06,0.0001661141579226514,0.0001661141579226514,1.600585289910417e-09,0.17187347363074407
3.625,18830.029331973303,8.549217546677515e-06,0.0001660816958474379,0.0001660816958474379,1.6034189819578052e-09,0.1709843509335503
3.63125,18836.539310298132,8.501647789209606e-06,0.0001660472721304928,0.0001660472721304928,1.6062369067092161e-09,0.17003295578419214
3.6375,18843.481150278712,8.450922329340238e-06,0.00016601105924071976,0.00016601105924071976,1.6090380181871962e-09,0.16901844658680476
3.6437500000000003,18850.860433315607,8.397000382624824e-06,0.00016597322492131752,0.00016597322492131752,1.6118212568960306e-09,0.16794000765249648
3.6500000000000004,18858.682543280487,8.339842607998468e-06,0.00016593393230443252,0.00016593393230443252,1.6145855503001606e-09,0.16679685215996937
3.65625,18866.95264528664,8.279411262908287e-06,0.00016589334002333216,0.00016589334002333216,1.6173298133540207e-09,0.16558822525816574
3.6625,18875.675663501377,8.215670365447886e-06,0.00016585160232199847,0.00016585160232199847,1.6200529490856152e-09,0.16431340730895772
3.66875,18884.856258020154,8.148585863339071e-06,0.000165808869162062,0.000165808869162062,1.6227538492361063e-09,0.16297171726678142
3.6750000000000003,18894.498800832396,8.078125809546022e-06,0.00016576528632701495,0.00016576528632701495,1.62543139495761e-09,0.16156251619092044
3.6812500000000004,18904.607350921084,8.004260544244093e-06,0.00016572099552365638,0.00016572099552365638,1.6280844575713064e-09,0.16008521088488184
3.6875,18915.185628536063,7.92696288279754e-06,0.0001656761344807353,0.0001656761344807353,1.6307118993878564e-09,0.15853925765595078
3.69375,18926.236988704244,7.846208309330557e-06,0.00016563083704476656,0.00016563083704476656,1.6333125745919797e-09,0.15692416618661115
3.7,18937.76439404088,7.761975175402672e-06,0.0001655852332730025,0.0001655852332730025,1.635885330192884e-09,0.15523950350805346
3.7062500000000003,18949.77038693891,7.674244903223616e-06,0.00016553944952354897,0.00016553944952354897,1.6384290070420508e-09,0.15348489806447232
3.7125000000000004,18962.257061225053,7.583002192765482e-06,0.00016549360854261952,0.00016549360854261952,1.6409424409196712e-09,0.15166004385530965
3.71875,18975.22603338271,7.488235232051115e-06,0.00016544782954892528,0.00016544782954892528,1.6434244636907822e-09,0.1497647046410223
3.725,18988.678413448106,7.38993590981788e-06,0.00016540222831519958,0.00016540222831519958,1.6458739045318914e-09,0.1477987181963576
3.73125,19002.614775702143,7.288100029676689e-06,0.0001653569172468601,0.0001653569172468601,1.6482895912285869e-09,0.14576200059353378
3.7375000000000003,19017.03512928891,7.182727524807514e-06,0.0001653120054578112,0.0001653120054578112,1.6506703515443087e-09,0.14365455049615028
3.7437500000000004,19031.938888903544,7.07382267215551e-06,0.00016526759884339084,0.00016526759884339084,1.6530150146601177e-09,0.14147645344311022
3.75,19047.324845698688,6.96139430501746e-06,0.00016522380015046757,0.00016522380015046757,1.6553224126849261e-09,0.1392278861003492
3.75625,19063.191138574202,6.845456022837022e-06,0.00016518070904469255,0.00016518070904469255,1.6575913822352678e-09,0.13690912045674045
3.7625,19079.535226019183,6.7260263969607845e-06,0.0001651384221749133,0.0001651384221749133,1.6598207660832666e-09,0.13452052793921568
3.7687500000000003,19096.3538586855,6.6031291710453895e-06,0.00016509703323475513,0.00016509703323475513,1.6620094148710307e-09,0.1320625834209078
3.7750000000000004,19113.643052881725,6.476793454751249e-06,0.00016505663302137776,0.00016505663302137776,1.664156188889249e-09,0.12953586909502499
3.78125,19131.39806517618,6.347053909309957e-06,0.00016501730949141478,0.00016501730949141478,1.6662599599172942e-09,0.12694107818619912
3.7875,19149.61336831443,6.213950923513442e-06,0.00016497914781410397,0.00016497914781410397,1.6683196131216582e-09,0.12427901847026884
3.79375,19168.28262864815,6.077530778641877e-06,0.00016494223042161818,0.00016494223042161818,1.6703340490090556e-09,0.12155061557283754
3.8000000000000003,19187.398685283115,5.937845800826885e-06,0.00016490663705660724,0.00016490663705660724,1.6723021854300266e-09,0.11875691601653769
3.8062500000000004,19206.953531156087,5.794954499337294e-06,0.00016487244481696258,0.00016487244481696258,1.6742229596283777e-09,0.11589908998674589
3.8125,19226.93829624226,5.648921689276132e-06,0.00016483972819781865,0.00016483972819781865,1.6760953303312897e-09,0.11297843378552265
3.81875,19247.34323310319,5.499818597192348e-06,0.0001648085591308061,0.0001648085591308061,1.677918279874432e-09,0.10999637194384697
3.825,19268.157704972327,5.347722948137591e-06,0.0001647790070205743,0.0001647790070205743,1.6796908163559329e-09,0.10695445896275181
3.8312500000000003,19289.37017657644,5.192719032739296e-06,0.00016475113877860412,0.00016475113877860412,1.6814119758125797e-09,0.10385438065478592
3.8375000000000004,19310.968207878872,5.034897752915615e-06,0.00016472501885433292,0.00016472501885433292,1.683080824411174e-09,0.10069795505831229
3.84375,19332.938450925547,4.8743566449263205e-06,0.00016470070926361813,0.00016470070926361813,1.6846964606475252e-09,0.09748713289852641
3.85,19355.266649959405,4.711199878536323e-06,0.0001646782696145684,0.0001646782696145684,1.686258017545168e-09,0.09422399757072646
3.85625,19377.937644958012,4.5455382311652115e-06,0.00016465775713077517,0.00016465775713077517,1.6877646648455116e-09,0.09091076462330423
3.8625000000000003,19400.93537873261,4.377489036006726e-06,0.00016463922667198045,0.00016463922667198045,1.6892156111807914e-09,0.08754978072013452
3.8687500000000004,19424.242907714393,4.207176103226438e-06,0.00016462273075222193,0.00016462273075222193,1.6906101062209026e-09,0.08414352206452876
3.875,19447.842416523472,4.0347296134824e-06,0.00016460831955549888,0.00016460831955549888,1.6919474427849406e-09,0.080694592269648
3.88125,19471.715236414035,3.860285983163724e-06,0.00016459604094900843,0.00016459604094900843,1.6932269589080724e-09,0.07720571966327447
3.8875,19495.84186764588,3.6839877009019326e-06,0.00016458594049400434,0.00016458594049400434,1.6944480398542204e-09,0.07367975401803865
3.8937500000000003,19520.20200582781,3.5059831350817386e-06,0.0001645780614543366,0.0001645780614543366,1.6956101200649432e-09,0.07011966270163478
3.9000000000000004,19544.77457224121,3.326426312257869e-06,0.00016457244480273304,0.00016457244480273304,1.6967126850348722e-09,0.06652852624515738
3.90625,19569.5377481326,3.145476666572808e-06,0.0001645691292248904,0.0001645691292248904,1.69775527310409e-09,0.06290953333145616
3.9125,19594.469012934915,2.9632987604649934e-06,0.00016456815112144508,0.00016456815112144508,1.6987374771579367e-09,0.05926597520929987
3.91875,19619.54518635125,2.7800619771561593e-06,0.0001645695446078996,0.0001645695446078996,1.6996589462248895e-09,0.05560123954312319
3.9250000000000003,19644.742474205956,2.5959401856090247e-06,0.00016457334151258449,0.00016457334151258449,1.700519386963389e-09,0.051918803712180495
3.9312500000000004,19670.036517939523,2.4111113788499464e-06,0.00016457957137273977,0.00016457957137273977,1.7013185650287863e-09,0.04822222757699893
3.9375,19695.40244760104,2.225757286754496e-06,0.00016458826142880416,0.00016458826142880416,1.7020563063119455e-09,0.04451514573508992
3.94375,19720.81493815504,2.040062964593851e-06,0.00016459943661700395,0.00016459943661700395,1.7027324980414666e-09,0.04080125929187702
3.95,19746.248268901432,1.8542163588360361e-06,0.00016461311956033695,0.00016461311956033695,1.7033470897419916e-09,0.03708432717672072
3.9562500000000003,19771.676385780695,1.6684078518854804e-06,0.0001646293305580508,0.0001646293305580508,1.7039000940416103e-09,0.03336815703770961
3.9625000000000004,19797.072966301417,1.4828297876246957e-06,0.0001646480875737169,0.0001646480875737169,1.7043915873220048e-09,0.029656595752493912
3.96875,19822.41148682167,1.2976759797929316e-06,0.00016466940622200457,0.00016466940622200457,1.7048217102056428e-09,0.02595351959585863
3.975,19847.665291874306,1.1131412053941651e-06,0.00016469329975426204,0.00016469329975426204,1.7051906678750579e-09,0.022262824107883303
3.98125,19872.807665225915,9.294206854715026e-07,0.00016471977904301274,0.00016471977904301274,1.705498730220029e-09,0.01858841370943005
3.9875000000000003,19897.81190232403,7.467095557129899e-07,0.00016474885256547643,0.00016474885256547643,1.7057462318092892e-09,0.014934191114259797
3.9937500000000004,19922.65138378382,5.652023294651029e-07,0.00016478052638622584,0.00016478052638622584,1.7059335716842457e-09,0.011304046589302058
4.0,19947.29964954955,3.850923558230484e-07,0.0001648148041390905,0.0001648148041390905,1.7060612129730828e-09,0.007701847116460968
4.0062500000000005,19971.730473354935,2.0657127553959463e-07,0.00016485168700841778,0.00016485168700841778,1.7061296823245198e-09,0.0041314255107918925
4.0125,19995.91793709748,2.9828477546175226e-08,0.00016489117370980272,0.00016489117370980272,1.7061395691614316e-09,0.0005965695509235045
4.01875,20019.83650474485,-1.4494944108922967e-07,0.00016493326047039552,0.00016493326047039552,1.7060915247554675e-09,-0.0028989888217845934
4.025,20043.461095381965,-3.1757920893468985e-07,0.00016497794100889495,0.00016497794100889495,1.705986261124748e-09,-0.006351584178693797
4.03125,20066.76715501446,-4.878814048785667e-07,0.00016502520651533393,0.00016502520651533393,1.7058245497576522e-09,-0.009757628097571334
4.0375000000000005,20089.730726748523,-6.556809709430309e-07,0.00016507504563076028,0.00016507504563076028,1.7056072201666294e-09,-0.013113619418860618
4.04375,20112.32851897198,-8.208077105034682e-07,0.00016512744442691405,0.00016512744442691405,1.705335158276873e-09,-0.016416154210069363
4.05,20134.53797117777,-9.83096769271022e-07,0.00016518238638599857,0.00016518238638599857,1.7050093046555694e-09,-0.01966193538542044
4.05625,20156.33731708034,-1.1423890964978403e-06,0.00016523985238063856,0.00016523985238063856,1.7046306525882785e-09,-0.022847781929956807
4.0625,20177.70564469503,-1.2985318839869605e-06,0.00016529982065411548,0.00016529982065411548,1.7042002460097999e-09,-0.02597063767973921
4.0687500000000005,20198.622953067657,-1.4513789806309368e-06,0.00016536226680096468,0.00016536226680096468,1.7037191772976395e-09,-0.029027579612618735
4.075,20219.070205365624,-1.6007912803631488e-06,0.0001654271637480149,0.0001654271637480149,1.7031885849368853e-09,-0.032015825607262974
4.08125,20239.029378067862,-1.7466370815821256e-06,0.00016549448173594584,0.00016549448173594584,1.7026096510659515e-09,-0.03493274163164251
4.0875,20258.483506006043,-1.8887924163011389e-06,0.00016556418830143308,0.00016556418830143308,1.7019835989132233e-09,-0.03777584832602278
4.09375,20277.416723057428,-2.0271413474790024e-06,0.00016563624825994587,0.00016563624825994587,1.7013116901351486e-09,-0.04054282694958005
4.1000000000000005,20295.814298297308,-2.1615762332042665e-06,0.0001657106236892563,0.0001657106236892563,1.7005952220667655e-09,-0.04323152466408533
4.10625,20313.662667466484,-2.29199795662899e-06,0.00016578727391371336,0.00016578727391371336,1.6998355248960164e-09,-0.0458399591325798
4.1125,20330.949459630592,-2.418316120779994e-06,0.0001658661554893298,0.0001658661554893298,1.69903395877349e-09,-0.04836632241559988
4.11875,20347.66351894758,-2.5404492076111484e-06,0.00016594722218972395,0.00016594722218972395,1.6981919108694453e-09,-0.050808984152222965
4.125,20363.794921485147,-2.65832470089896e-06,0.00016603042499295224,0.00016603042499295224,1.697310792390101e-09,-0.0531664940179792
4.1312500000000005,20379.33498706968,-2.771879172822008e-06,0.00016611571206926403,0.00016611571206926403,1.6963920355652264e-09,-0.05543758345644016
4.1375,20394.276286176286,-2.8810583343012236e-06,0.00016620302876980378,0.00016620302876980378,1.695437090619049e-09,-0.057621166686024475
4.14375,20408.61264189857,-2.985817049410554e-06,0.00016629231761628097,0.00016629231761628097,1.6944474227363831e-09,-0.05971634098821108
4.15,20422.339127079984,-3.086119314392817e-06,0.00016638351829162355,0.00016638351829162355,1.6934245090357154e-09,-0.06172238628785634
4.15625,20435.452056698585,-3.1819382020339095e-06,0.00016647656763162528,0.00016647656763162528,1.6923698355607273e-09,-0.0636387640406782
4.1625000000000005,20447.948975646726,-3.2732557723552652e-06,0.00016657139961759367,0.00016657139961759367,1.6912848943014193e-09,-0.0654651154471053
4.16875,20459.828642057975,-3.36006295078052e-06,0.00016666794537000164,0.00016666794537000164,1.6901711802556175e-09,-0.0672012590156104
4.175,20471.09100636539,-3.442359375114203e-06,0.0001667661331431417,0.0001667661331431417,1.6890301885412e-09,-0.06884718750228405
4.18125,20481.737186298582,-3.5201532128378006e-06,0.00016686588832077976,0.00016686588832077976,1.6878634115688813e-09,-0.070403064256756
4.1875,20491.769438044917,-3.593460950379801e-06,0.00016696713341280168,0.00016696713341280168,1.6866723362848457e-09,-0.07186921900759602
4.1937500000000005,20501.19112382118,-3.662307156150807e-06,0.00016706978805284585,0.00016706978805284585,1.6854584414919228e-09,-0.07324614312301614
4.2,20510.006676114393,-3.7267242192516197e-06,0.00016717376899691203,0.00016717376899691203,1.6842231952573705e-09,-0.07453448438503239
4.20625,20518.221558869827,-3.786752065860429e-06,0.00016727899012293704,0.00016727899012293704,1.6829680524146633e-09,-0.07573504131720858
4.2125,20525.84222590929,-3.842437855385209e-06,0.00016738536243132848,0.00016738536243132848,1.6816944521659927e-09,-0.07684875710770418
4.21875,20532.876076872853,-3.893835658528435e-06,0.0001674927940464467,0.0001674927940464467,1.6804038157914748e-09,-0.07787671317056871
4.2250000000000005,20539.331410987095,-3.94100611945343e-06,0.0001676011902190291,0.0001676011902190291,1.6790975444703358e-09,-0.0788201223890686
4.23125,20545.217378958758,-3.984016104265645e-06,0.00016771045332955142,0.00016771045332955142,1.6777770172186097e-09,-0.07968032208531291
4.2375,20550.543933299825,-4.022938338028001e-06,0.0001678204828925243,0.0001678204828925243,1.6764435889471495e-09,-0.08045876676056002
4.24375,20555.32177738576,-4.057851032517889e-06,0.00016793117556172826,0.00016793117556172826,1.6750985886430223e-09,-0.08115702065035778
4.25,20559.562313544957,-4.088837506905293e-06,0.00016804242513639327,0.00016804242513639327,1.6737433176766304e-09,-0.08177675013810586
4.2562500000000005,20563.277590471098,-4.115985803487832e-06,0.00016815412256833707,0.00016815412256833707,1.672379048236202e-09,-0.08231971606975665
4.2625,20566.480250244782,-4.13938830055992e-06,0.00016826615597008112,0.00016826615597008112,1.6710070218905974e-09,-0.0827877660111984
4.26875,20569.183475235535,-4.1591413244217115e-06,0.00016837841062397146,0.00016837841062397146,1.6696284482807168e-09,-0.08318282648843422
4.275,20571.400935150385,-4.17534476244915e-06,0.00016849076899234081,0.00016849076899234081,1.6682445039391606e-09,-0.083506895248983
4.28125,20573.146734477425,-4.188101679051773e-06,0.00016860311072875678,0.00016860311072875678,1.6668563312371811e-09,-0.08376203358103546
4.2875000000000005,20574.43536055957,-4.197517936240564e-06,0.00016871531269041227,0.00016871531269041227,1.6654650374573993e-09,-0.08395035872481128
4.29375,20575.281632520775,-4.2037018204156055e-06,0.00016882724895172577,0.00016882724895172577,1.6640716939902263e-09,-0.08407403640831211
4.3,20575.70065124547,-4.206763676864454e-06,0.00016893879081923154,0.00016893879081923154,1.6626773356514326e-09,-0.08413527353728908
4.30625,20575.707750603116,-4.206815553337614e-06,0.00016904980684785356,0.00016904980684785356,1.6612829601178547e-09,-0.08413631106675228
4.3125,20575.318450080995,-4.203970853939919e-06,0.0001691601628586719,0.0001691601628586719,1.6598895274778243e-09,-0.08407941707879839
4.3187500000000005,20574.54840898366,-4.198344004445655e-06,0.00016926972195830612,0.00016926972195830612,1.6584979598925286e-09,-0.08396688008891309
4.325,20573.413382326933,-4.1900501300141625e-06,0.0001693783445600566,0.0001693783445600566,1.6571091413641951e-09,-0.08380100260028325
4.33125,20571.929178546463,-4.1792047461510105e-06,0.00016948588840696383,0.00016948588840696383,1.655723917606709e-09,-0.08358409492302021
4.3375,20570.1116191151,-4.16592346362987e-06,0.00016959220859696372,0.00016959220859696372,1.6543430960140355e-09,-0.0833184692725974
4.34375,20567.976500152126,-4.150321707962682e-06,0.00016969715761033723,0.00016969715761033723,1.6529674457216264e-09,-0.08300643415925363
4.3500000000000005,20565.539556088126,-4.132514453881299e-06,0.00016980058533967436,0.00016980058533967436,1.6515976977558338e-09,-0.08265028907762599
4.35625,20562.816425427507,-4.112615975174465e-06,0.00016990233912259393,0.00016990233912259393,1.6502345452662422e-09,-0.08225231950348931
4.3625,20559.822618648028,-4.09073961010868e-06,0.00017000226377748384,0.00017000226377748384,1.6488786438357533e-09,-0.08181479220217361
4.36875,20556.57348824689,-4.066997542553237e-06,0.00017010020164255054,0.00017010020164255054,1.6475306118632182e-09,-0.08133995085106474
4.375,20553.084200938094,-4.041500598827142e-06,0.00017019599261849122,0.00017019599261849122,1.6461910310134056e-09,-0.08083001197654284
4.3812500000000005,20549.369711993833,-4.0143580601899115e-06,0.00017028947421512673,0.00017028947421512673,1.6448604467291223e-09,-0.08028716120379822
4.3875,20545.444741698797,-3.985677490810633e-06,0.0001703804816023609,0.0001703804816023609,1.6435393688003528e-09,-0.07971354981621265
4.39375,20541.323753894634,-3.955564580968327e-06,0.00017046884766585657,0.00017046884766585657,1.6422282719853728e-09,-0.07911129161936654
4.4,20537.020936561006,-3.924123005164355e-06,0.0001705544030678472,0.0001705544030678472,1.6409275966788906e-09,-0.07848246010328709
4.40625,20532.550184387135,-3.891454294762109e-06,0.00017063697631352858,0.00017063697631352858,1.6396377496224045e-09,-0.07782908589524218
4.4125000000000005,20527.92508326859,-3.857657724712203e-06,0.0001707163938235028,0.0001707163938235028,1.6383591046521041e-09,-0.07715315449424406
4.41875,20523.158896667126,-3.822830213871441e-06,0.00017079248001277363,0.00017079248001277363,1.6370920034798136e-09,-0.07645660427742883
4.425,20518.264553756017,-3.7870662383820443e-06,0.00017086505737681852,0.00017086505737681852,1.6358367565026436e-09,-0.07574132476764088
4.43125,20513.254639275816,-3.750457757542688e-06,0.00017093394658528784,0.00017093394658528784,1.634593643637216e-09,-0.07500915515085375
4.4375,20508.14138501642,-3.7130941515752765e-06,0.00017099896658390732,0.00017099896658390732,1.6333629151745147e-09,-0.07426188303150554
4.4437500000000005,20502.93666284575,-3.6750621706700195e-06,0.00017105993470518244,0.00017105993470518244,1.6321447926516258e-09,-0.07350124341340039
4.45,20497.651979192095,-3.636445894677013e-06,0.00017111666678852592,0.00017111666678852592,1.6309394697368396e-09,-0.07272891789354026
4.45625,20492.298470897575,-3.5973267028032845e-06,0.00017116897731044828,0.00017116897731044828,1.6297471131247947e-09,-0.07194653405606569
4.4625,20486.88690235169,-3.5577832526710316e-06,0.0001712166795254704,0.0001712166795254704,1.6285678634385655e-09,-0.07115566505342064
4.46875,20481.42766381949,-3.517891468094162e-06,0.0001712595856184301,0.0001712595856184301,1.6274018361357994e-09,-0.07035782936188324
4.4750000000000005,20475.9307708744,-3.4777245349365495e-06,0.00017129750686886732,0.00017129750686886732,1.626249122416228e-09,-0.06955449069873099
4.48125,20470.405864851073,-3.437352904425424e-06,0.0001713302538281803,0.0001713302538281803,1.6251097901280793e-09,-0.06874705808850848
4.4875,20464.86221423592,-3.3968443033071e-06,0.00017135763651024817,0.00017135763651024817,1.6239838846711246e-09,-0.067936886066142
4.49375,20459.308716911662,-3.356263750249019e-06,0.00017137946459621576,0.00017137946459621576,1.622871429894288e-09,-0.06712527500498039
4.5,20453.753903177425,-3.315673577911887e-06,0.00017139554765412945,0.00017139554765412945,1.6217724289859398e-09,-0.06631347155823773
4.5062500000000005,20448.20593947019,-3.2751334601371135e-06,0.0001714056953741021,0.0001714056953741021,1.62068686535518e-09,-0.06550266920274227
4.5125,20442.672632711747,-3.2347004437187622e-06,0.00017140971781966764,0.00017140971781966764,1.6196147035025892e-09,-0.06469400887437525
4.51875,20437.161435216123,-3.1944289842539243e-06,0.0001714074256959614,0.0001714074256959614,1.6185558898790963e-09,-0.06388857968507848
4.525,20431.67945008745,-3.1543709855919095e-06,0.00017139863063533173,0.00017139863063533173,1.6175103537317728e-09,-0.06308741971183819
4.53125,20426.233437048755,-3.114575842429255e-06,0.00017138314550094907,0.00017138314550094907,1.6164780079355065e-09,-0.0622915168485851
4.5375000000000005,20420.829818644324,-3.075090485624971e-06,0.00017136078470893307,0.00017136078470893307,1.615458749809656e-09,-0.061501809712499425
4.54375,20415.474686758822,-3.0359594298378095e-06,0.00017133136456946204,0.00017133136456946204,1.6144524619189159e-09,-0.06071918859675619
4.55,20410.173809403066,-2.9972248231148155e-06,0.00017129470364726635,0.00017129470364726635,1.6134590128577447e-09,-0.05994449646229631
4.55625,20404.932637720114,-2.958926498087248e-06,0.00017125062314183388,0.00017125062314183388,1.6124782580178243e-09,-0.05917852996174496
4.5625,20399.756313168647,-2.9211020244564207e-06,0.0001711989472875725,0.0001711989472875725,1.6115100403381224e-09,-0.05842204048912841
4.5687500000000005,20394.649674842312,-2.8837867624778285e-06,0.00017113950377408403,0.00017113950377408403,1.6105541910372268e-09,-0.05767573524955657
4.575,20389.617266888326,-2.847013917176938e-06,0.0001710721241866006,0.0001710721241866006,1.6096105303277104e-09,-0.05694027834353876
4.58125,20384.663345995075,-2.81081459305362e-06,0.0001709966444665231,0.0001709966444665231,1.6086788681123637e-09,-0.056216291861072396
4.5875,20379.791888913947,-2.775217849055559e-06,0.0001709129053918794,0.0001709129053918794,1.6077590046622058e-09,-0.055504356981111176
4.59375,20375.0065999937,-2.7402507536222992e-06,0.00017082075307738842,0.00017082075307738842,1.6068507312762506e-09,-0.054805015072445985
4.6000000000000005,20370.310918697367,-2.7059384396225493e-06,0.00017072003949367425,0.00017072003949367425,1.6059538309230644e-09,-0.054118768792450984
4.60625,20365.70802708517,-2.6723041590264797e-06,0.00017061062300502373,0.00017061062300502373,1.6050680788642017e-09,-0.0534460831805296
4.6125,20361.20085723986,-2.6393693371731654e-06,0.00017049236892492228,0.00017049236892492228,1.6041932432596528e-09,-0.05278738674346331
4.61875,20356.79209862321,-2.607153626509813e-06,0.00017036515008843212,0.00017036515008843212,1.6033290857554808e-09,-0.05214307253019626
4.625,20352.484205340726,-2.5756749596958275e-06,0.00017022884744030372,0.00017022884744030372,1.6024753620538558e-09,-0.05151349919391655
4.6312500000000005,20348.279403310877,-2.5449496019785333e-06,0.00017008335063752638,0.00017008335063752638,1.601631822465729e-09,-0.05089899203957067
4.6375,20344.179697322143,-2.5149922027612166e-06,0.00016992855866483555,0.00016992855866483555,1.6007982124464148e-09,-0.05029984405522433
4.64375,20340.186877970096,-2.4858158462962113e-06,0.0001697643804615005,0.0001697643804615005,1.5999742731143693e-09,-0.04971631692592423
4.65,20336.302528467833,-2.457432101446902e-06,0.00016959073555751803,0.00016959073555751803,1.5991597417534762e-09,-0.04914864202893804
4.65625,20332.528031321486,-2.4298510704727032e-06,0.00016940755471713746,0.00016940755471713746,1.5983543522991617e-09,-0.048597021409454065
4.6625000000000005,20328.864574868378,-2.403081436800077e-06,0.00016921478058744082,0.00016921478058744082,1.597557835808675e-09,-0.048061628736001547
4.66875,20325.31315967158,-2.3771305117509975e-06,0.00016901236834950196,0.00016901236834950196,1.5967699209158822e-09,-0.04754261023501995
4.675,20321.874604769626,-2.352004280207585e-06,0.0001688002863694486,0.0001688002863694486,1.5959903342709223e-09,-0.047040085604151696
4.68125,20318.549553777197,-2.3277074451982095e-06,0.00016857851684655875,0.00016857851684655875,1.5952188009650857e-09,-0.04655414890396419
4.6875,20315.3384808394,-2.3042434713960613e-06,0.00016834705645533268,0.00016834705645533268,1.5944550449412752e-09,-0.04608486942792123
4.6937500000000005,20312.24169643381,-2.2816146275265247e-06,0.00016810591697830242,0.00016810591697830242,1.5936987893904103e-09,-0.045632292550530494
4.7,20309.259353025504,-2.2598220276839693e-06,0.00016785512592617022,0.00016785512592617022,1.5929497571341367e-09,-0.045196440553679385
4.70625,20306.3914505728,-2.238865671562506e-06,0.00016759472714170874,0.00016759472714170874,1.592207670994202e-09,-0.04477731343125012
4.7125,20303.63784188497,-2.2187444836088656e-06,0.00016732478138371267,0.00016732478138371267,1.591472254148852e-09,-0.044374889672177315
4.71875,20300.998237834207,-2.199456351108151e-06,0.00016704536688716314,0.00016704536688716314,1.5907432304766055e-09,-0.04398912702216302
4.7250000000000005,20298.47221242416,-2.1809981612158735e-06,0.00016675657989565857,0.00016675657989565857,1.5900203248877534e-09,-0.04361996322431747
4.73125,20296.059207715105,-2.1633658369518097e-06,0.00016645853516207695,0.00016645853516207695,1.5893032636439272e-09,-0.04326731673903619
4.7375,20293.758538610717,-2.146554372172771e-06,0.0001661513664133699,0.0001661513664133699,1.588591774666076e-09,-0.04293108744345542
4.74375,20291.569397505642,-2.130557865543163e-06,0.0001658352267753479,0.0001658352267753479,1.5878855878311841e-09,-0.04261115731086326
4.75,20289.490858801517,-2.1153695535229028e-06,0.00016551028915330352,0.00016551028915330352,1.5871844352580538e-09,-0.042307391070458056
4.7562500000000005,20287.521883288915,-2.1009818423937135e-06,0.00016517674656433355,0.00016517674656433355,1.5864880515824726e-09,-0.04201963684787427
4.7625,20285.661322401596,-2.0873863393451518e-06,0.00016483481241726623,0.00016483481241726623,1.5857961742220787e-09,-0.041747726786903035
4.76875,20283.907922345334,-2.0745738826424947e-06,0.00016448472073617588,0.00016448472073617588,1.5851085436312245e-09,-0.0414914776528499
4.775,20282.260328103355,-2.062534570898863e-06,0.00016412672632357673,0.00016412672632357673,1.5844249035461397e-09,-0.041250691417977256
4.78125,20280.717087323155,-2.0512577914743554e-06,0.00016376110485952965,0.00016376110485952965,1.5837450012206805e-09,-0.04102515582948711
4.7875000000000005,20279.276654086563,-2.04073224802493e-06,0.00016338815293307263,0.00016338815293307263,1.583068587652947e-09,-0.0408146449604986
4.79375,20277.937392566477,-2.0309459872239864e-06,0.00016300818800259715,0.00016300818800259715,1.5823954178030456e-09,-0.04061891974447973
4.800000000000001,20276.697580573895,-2.0218864246794178e-06,0.00016262154828203856,0.00016262154828203856,1.5817252508022583e-09,-0.04043772849358836
4.80625,20275.555412997193,-2.013540370068932e-06,0.00016222859255002944,0.00016222859255002944,1.5810578501538823e-09,-0.04027080740137864
4.8125,20274.5090051388,-2.0058940515160708e-06,0.0001618296998794789,0.0001618296998794789,1.5803929839259907e-09,-0.04011788103032141
4.8187500000000005,20273.556395949247,-1.9989331392294363e-06,0.00016142526928538884,0.00016142526928538884,1.579730424936356e-09,-0.039978662784588725
4.825,20272.695551165376,-1.992642768427039e-06,0.0001610157192890966,0.0001610157192890966,1.579069950929776e-09,-0.03985285536854078
4.831250000000001,20271.924366352505,-1.9870075615677e-06,0.00016060148739754343,0.00016060148739754343,1.5784113447480321e-09,-0.039740151231354
4.8375,20271.240669854556,-1.9820116499110005e-06,0.00016018302949660483,0.00016018302949660483,1.5777543944926995e-09,-0.03964023299822001
4.84375,20270.642225655247,-1.9776386944270197e-06,0.00015976081915798203,0.00015976081915798203,1.5770988936810278e-09,-0.03955277388854039
4.8500000000000005,20270.126736154758,-1.973871906076551e-06,0.0001593353468596403,0.0001593353468596403,1.5764446413950996e-09,-0.03947743812153102
4.85625,20269.69184486066,-1.970694065482593e-06,0.00015890711912028532,0.00015890711912028532,1.5757914424244682e-09,-0.03941388130965186
4.862500000000001,20269.335138999733,-1.968087542013132e-06,0.00015847665754889137,0.00015847665754889137,1.5751391074024715e-09,-0.039361750840262645
4.86875,20269.054152051955,-1.966034312295115e-06,0.00015804449781083182,0.00015804449781083182,1.5744874529364077e-09,-0.0393206862459023
4.875,20268.84636620819,-1.9645159781792315e-06,0.00015761118851270606,0.00015761118851270606,1.5738363017317577e-09,-0.03929031956358463
4.8812500000000005,20268.70921475757,-1.9635137841744976e-06,0.00015717729000850754,0.00015717729000850754,1.5731854827106282e-09,-0.03927027568348995
4.8875,20268.640084401635,-1.963008634371783e-06,0.00015674337313032773,0.00015674337313032773,1.572534831124585e-09,-0.03926017268743566
4.893750000000001,20268.63631750436,-1.9629811088745295e-06,0.0001563100178473378,0.0001563100178473378,1.5718841886620416e-09,-0.03925962217749059
4.9,20268.695214275267,-1.963411479755075e-06,0.00015587781185732712,0.00015587781185732712,1.5712334035503568e-09,-0.039268229595101505
4.90625,20268.8140348904,-1.9642797265544774e-06,0.0001554473491156037,0.0001554473491156037,1.570582330652797e-09,-0.03928559453108955
4.9125000000000005,20268.990001553804,-1.9655655513433418e-06,0.00015501922830656801,0.00015501922830656801,1.5699308315605057e-09,-0.03931131102686684
4.91875,20269.220300500983,-1.9672483933611046e-06,0.00015459405126375578,0.00015459405126375578,1.5692787746796195e-09,-0.039344967867222094
4.925000000000001,20269.502083946183,-1.9693074432507954e-06,0.00015417242134460366,0.00015417242134460366,1.5686260353136677e-09,-0.03938614886501591
4.93125,20269.832471978592,-1.9717216569059245e-06,0.00015375494176661557,0.00015375494176661557,1.5679724957413815e-09,-0.03943443313811849
4.9375,20270.208554404846,-1.9744697689462425e-06,0.00015334221391199814,0.00015334221391199814,1.5673180452900362e-09,-0.039489395378924846
4.9437500000000005,20270.62739254686,-1.9775303058382766e-06,0.00015293483560818168,0.00015293483560818168,1.5666625804044456e-09,-0.03955060611676553
4.95,20271.086020988758,-1.980881598677034e-06,0.00015253339939194885,0.00015253339939194885,1.566006004711718e-09,-0.039617631973540686
4.956250000000001,20271.5814492826,-1.9845017956443596e-06,0.0001521384907651498,0.0001521384907651498,1.565348229081885e-09,-0.039690035912887195
4.9625,20272.110663612406,-1.9883688741595254e-06,0.00015175068645018996,0.00015175068645018996,1.5646891716845015e-09,-0.03976737748319051
4.96875,20272.670628415042,-1.992460652737519e-06,0.00015137055265362887,0.00015137055265362887,1.564028758041315e-09,-0.039849213054750386
4.9750000000000005,20273.25828796636,-1.9967548025699734e-06,0.00015099864334632622,0.00015099864334632622,1.5633669210750975e-09,-0.039935096051399464
4.98125,20273.870567929815,-2.0012288588437273e-06,0.00015063549856861045,0.00015063549856861045,1.562703601154725e-09,-0.04002457717687455
4.987500000000001,20274.504376871548,-2.0058602318116947e-06,0.00015028164276892586,0.00015028164276892586,1.5620387461365875e-09,-0.040117204636233895
4.99375,20275.156607743043,-2.0106262176306944e-06,0.00014993758318433475,0.00014993758318433475,1.561372311402407e-09,-0.04021252435261389
5.0,20275.824139335677,-2.015504008980373e-06,0.0001496038082711117,0.0001496038082711117,1.5607042598935358e-09,-0.04031008017960746
5.0062500000000005,20276.503837704287,-2.0204707054777133e-06,0.00014928078619346824,0.00014928078619346824,1.560034562141802e-09,-0.040409414109554266
5.0125,20277.192557567432,-2.0255033239009625e-06,0.00014896896337818715,0.00014896896337818715,1.5593631962969679e-09,-0.04051006647801925
5.018750000000001,20277.887143682205,-2.0305788082370086e-06,0.00014866876314263133,0.00014866876314263133,1.5586901481508563e-09,-0.04061157616474017
5.025,20278.584432196287,-2.0356740395660063e-06,0.00014838058440322,0.00014838058440322,1.558015411158202e-09,-0.040713480791320124
5.03125,20279.281251982,-2.0407658457967714e-06,0.0001481048004710416,0.0001481048004710416,1.5573389864542754e-09,-0.04081531691593543
5.0375000000000005,20279.97442594747,-2.0458310112668458e-06,0.00014784175794079838,0.00014784175794079838,1.5566608828693246e-09,-0.04091662022533692
5.04375,20280.660772335854,-2.0508462862203576e-06,0.00014759177567875786,0.00014759177567875786,1.5559811169398758e-09,-0.041016925724407155
5.050000000000001,20281.337106006926,-2.0557883961772985e-06,0.00014735514391482247,0.00014735514391482247,1.555299712916928e-09,-0.04111576792354597
5.05625,20282.000239705583,-2.0606340512075754e-06,0.00014713212344322926,0.00014713212344322926,1.5546167027710753e-09,-0.04121268102415151
5.0625,20282.646985320647,-2.0653599551230386e-06,0.0001469229449357564,0.0001469229449357564,1.553932126194579e-09,-0.04130719910246077
5.0687500000000005,20283.27415513316,-2.0699428146008042e-06,0.00014672780837065135,0.00014672780837065135,1.5532460306004199e-09,-0.04139885629201608
5.075,20283.878563056758,-2.074359348251229e-06,0.00014654688257981116,0.00014654688257981116,1.552558471118342e-09,-0.04148718696502458
5.081250000000001,20284.45702587359,-2.078586295643644e-06,0.00014638030491604217,0.00014638030491604217,1.5518695105879056e-09,-0.04157172591287288
5.0875,20285.00636446573,-2.0826004263031686e-06,0.0001462281810415142,0.0001462281810415142,1.5511792195485584e-09,-0.04165200852606337
5.09375,20285.523405042914,-2.0863785486920875e-06,0.0001460905848378044,0.0001460905848378044,1.550487676226729e-09,-0.04172757097384175
5.1000000000000005,20286.004980373105,-2.0898975191888868e-06,0.0001459675584372077,0.0001459675584372077,1.5497949665199462e-09,-0.04179795038377773
5.10625,20286.447931011404,-2.0931342510786425e-06,0.00014585911237427766,0.00014585911237427766,1.549101183977975e-09,-0.04186268502157285
5.112500000000001,20286.849106535265,-2.096065723568095e-06,0.0001457652258558626,0.0001457652258558626,1.5484064297809684e-09,-0.041921314471361895
5.11875,20287.205366781465,-2.098668990839298e-06,0.0001456858471472173,0.0001456858471472173,1.5477108127146146e-09,-0.04197337981678596
5.125,20287.513583094216,-2.100921191155342e-06,0.00014562089407111196,0.00014562089407111196,1.5470144491422687e-09,-0.04201842382310684
5.1312500000000005,20287.770639578885,-2.102799556032296e-06,0.0001455702546162278,0.0001455702546162278,1.5463174629740439e-09,-0.042055991120645925
5.1375,20287.973434369324,-2.104281419491312e-06,0.00014553378765053132,0.00014553378765053132,1.5456199856328342e-09,-0.04208562838982624
5.143750000000001,20288.118880906277,-2.1053442274052625e-06,0.00014551132373475702,0.00014551132373475702,1.544922156017242e-09,-0.04210688454810525
5.15,20288.20390923121,-2.1059655469543783e-06,0.0001455026660306103,0.0001455026660306103,1.5442241204613685e-09,-0.042119310939087565
5.15625,20288.225467297896,-2.1061230762055396e-06,0.00014550759129782775,0.00014550759129782775,1.5435260326914317e-09,-0.04212246152411079
5.1625000000000005,20288.180522302402,-2.1057946538301382e-06,0.0001455258509738071,0.0001455258509738071,1.5428280537791615e-09,-0.04211589307660277
5.16875,20288.066062032616,-2.1049582689759204e-06,0.00014555717232914487,0.00014555717232914487,1.5421303520919237e-09,-0.04209916537951841
5.175000000000001,20287.8790962444,-2.10359207130795e-06,0.00014560125969209853,0.00014560125969209853,1.5414331032395148e-09,-0.042071841426159
5.18125,20287.61665805936,-2.1016743812347334e-06,0.0001456577957347253,0.0001456577957347253,1.5407364900175692e-09,-0.042033487624694665
5.1875,20287.27580539296,-2.0991837003353805e-06,0.0001457264428132387,0.0001457264428132387,1.5400407023475082e-09,-0.04198367400670761
5.1937500000000005,20286.853622410894,-2.0960987220042364e-06,0.0001458068443549719,0.0001458068443549719,1.5393459372129617e-09,-0.041921974440084726
5.2,20286.347221017273,-2.0923983423297086e-06,0.00014589862628423995,0.00014589862628423995,1.5386523985925844e-09,-0.04184796684659417
5.206250000000001,20285.75374237856,-2.0880616712241545e-06,0.0001460013984793528,0.0001460013984793528,1.537960297389182e-09,-0.04176123342448309
5.2125,20285.070358483645,-2.083068043822278e-06,0.00014611475625304584,0.00014611475625304584,1.5372698513550604e-09,-0.041661360876445556
5.21875,20284.294273741358,-2.07739703216573e-06,0.00014623828184866298,0.00014623828184866298,1.5365812850135003e-09,-0.0415479406433146
5.2250000000000005,20283.4227266231,-2.071028457191734e-06,0.00014637154594454672,0.00014637154594454672,1.535894829576261e-09,-0.04142056914383468
5.23125,20282.452991346072,-2.0639424010442382e-06,0.0001465141091592601,0.0001465141091592601,1.535210722857e-09,-0.041278848020884766
5.237500000000001,20281.382379606166,-2.056119219726054e-06,0.00014666552355047918,0.00014666552355047918,1.5345292091805017e-09,-0.041122384394521073
5.24375,20280.208242357057,-2.0475395561110877e-06,0.00014682533410065532,0.00014682533410065532,1.533850539287592e-09,-0.040950791122221754
5.25,20278.92797164458,-2.0381843533356602e-06,0.00014699308018284376,0.00014699308018284376,1.5331749702356145e-09,-0.040763687066713204
5.2562500000000005,20277.539002492074,-2.0280348685885534e-06,0.00014716829700043064,0.00014716829700043064,1.5325027652943355e-09,-0.040560697371771065
5.2625,20276.038814846706,-2.017072687319286e-06,0.00014735051699485746,0.00014735051699485746,1.5318341938371404e-09,-0.040341453746385716
5.268750000000001,20274.424935581934,-2.0052797378846854e-06,0.00014753927121583728,0.00014753927121583728,1.5311695312273745e-09,-0.04010559475769371
5.275,20272.694940566435,-1.992638306653498e-06,0.0001477340906489754,0.0001477340906489754,1.5305090586996775e-09,-0.039852766133069956
5.28125,20270.84645679523,-1.9791310535893915e-06,0.00014793450749614714,0.00014793450749614714,1.5298530632361541e-09,-0.03958262107178783
5.2875000000000005,20268.877164591428,-1.9647410283322323e-06,0.0001481400564044388,0.0001481400564044388,1.5292018374372123e-09,-0.03929482056664465
5.29375,20266.78479987723,-1.9494516867979177e-06,0.00014835027563992278,0.00014835027563992278,1.528555679386901e-09,-0.038989033735958356
5.300000000000001,20264.567156519875,-1.9332469083165687e-06,0.00014856470820301116,0.00014856470820301116,1.5279148925125673e-09,-0.038664938166331375
5.30625,20262.22208875226,-1.916111013328972e-06,0.00014878290288260584,0.00014878290288260584,1.5272797854386465e-09,-0.03832222026657944
5.3125,20259.74751367588,-1.898028781660498e-06,0.00014900441524673782,0.00014900441524673782,1.5266506718343969e-09,-0.03796057563320996
5.3187500000000005,20257.141413840956,-1.878985471391847e-06,0.0001492288085678566,0.0001492288085678566,1.5260278702553788e-09,-0.03757970942783694
5.325,20254.401839915023,-1.8589668383447876e-06,0.00014945565468139135,0.00014945565468139135,1.525411703978475e-09,-0.037179336766895756
5.331250000000001,20251.526913434445,-1.837959156201016e-06,0.00014968453477665408,0.00014968453477665408,1.5248025008302436e-09,-0.03675918312402032
5.3375,20248.514829648542,-1.815949237270853e-06,0.00014991504011958835,0.00014991504011958835,1.524200593008385e-09,-0.03631898474541706
5.34375,20245.363860451405,-1.7929244539280816e-06,0.0001501467727072832,0.0001501467727072832,1.5236063168961065e-09,-0.03585848907856163
5.3500000000000005,20242.072357409383,-1.7688727607256544e-06,0.0001503793458545686,0.0001503793458545686,1.523020012869154e-09,-0.03537745521451309
5.35625,20238.638754881602,-1.7437827172059218e-06,0.00015061238471338062,0.00015061238471338062,1.5224420250952856e-09,-0.034875654344118434
5.362500000000001,20235.06157323998,-1.7176435114172464e-06,0.0001508455267259359,0.0001508455267259359,1.5218727013259493e-09,-0.03435287022834493
5.36875,20231.339422184137,-1.6904449841475153e-06,0.00015107842201307766,0.00015107842201307766,1.5213123926799273e-09,-0.033808899682950304
5.375,20227.47100415714,-1.6621776538826938e-06,0.00015131073369945204,0.00015131073369945204,1.5207614534187098e-09,-0.03324355307765388
5.3812500000000005,20223.455117862213,-1.6328327424964662e-06,0.00015154213817744367,0.00015154213817744367,1.5202202407133523e-09,-0.03265665484992932
5.3875,20219.290661877978,-1.6024022016747142e-06,0.0001517723253120394,0.0001517723253120394,1.5196891144025746e-09,-0.03204804403349428
5.393750000000001,20214.976638375414,-1.5708787400755886e-06,0.00015200099858900108,0.00015200099858900108,1.519168436741858e-09,-0.03141757480151177
5.4,20210.512156935358,-1.5382558512230303e-06,0.00015222787520891142,0.00015222787520891142,1.5186585721432955e-09,-0.030765117024460605
5.40625,20205.89643846566,-1.504527842128193e-06,0.00015245268612981225,0.00015245268612981225,1.5181598869059582e-09,-0.030090556842563863
5.4125000000000005,20201.12881921579,-1.469689862629722e-06,0.00015267517606128102,0.00015267517606128102,1.5176727489365332e-09,-0.029393797252594438
5.41875,20196.208754889194,-1.4337379354397283e-06,0.00015289510341289062,0.00015289510341289062,1.5171975274600049e-09,-0.028674758708794566
5.425000000000001,20191.135824849072,-1.3966689868781195e-06,0.0001531122402000715,0.0001531122402000715,1.516734592720148e-09,-0.02793337973756239
5.43125,20185.909736415673,-1.358480878273308e-06,0.00015332637191044254,0.00015332637191044254,1.516284315669614e-09,-0.02716961756546616
5.4375,20180.53032925116,-1.3191724380023185e-06,0.00015353729733370134,0.00015353729733370134,1.5158470676493958e-09,-0.02638344876004637
5.4437500000000005,20174.997579826642,-1.2787434941381646e-06,0.00015374482835816633,0.00015374482835816633,1.5154232200574723e-09,-0.025574869882763293
5.45,20169.311605969433,-1.2371949076663852e-06,0.0001539487897370431,0.0001539487897370431,1.515013144006444e-09,-0.024743898153327705
5.456250000000001,20163.472671479332,-1.1945286062270793e-06,0.0001541490188274492,0.0001541490188274492,1.5146172099699825e-09,-0.023890572124541588
5.4625,20157.481190811588,-1.1507476183320706e-06,0.00015434536530517368,0.00015434536530517368,1.5142357874179402e-09,-0.02301495236664141
5.46875,20151.3377338176,-1.1058561080002856e-06,0.00015453769085807659,0.00015453769085807659,1.5138692444399792e-09,-0.02211712216000571
5.4750000000000005,20145.043030531724,-1.0598594097475068e-06,0.00015472586886094498,0.00015472586886094498,1.5135179473576025e-09,-0.021197188194950138
5.48125,20138.597976000372,-1.0127640638590899e-06,0.00015490978403452334,0.00015490978403452334,1.5131822603244946e-09,-0.0202552812771818
5.487500000000001,20132.003635134904,-9.64577851866968e-07,0.0001550893320913258,0.0001550893320913258,1.512862544915102e-09,-0.019291557037339358
5.49375,20125.26124758508,-9.153098321438912e-07,0.00015526441937071742,0.00015526441937071742,1.5125591597014165e-09,-0.018306196642877824
5.5,20118.372232611207,-8.649703755202264e-07,0.0001554349624656255,0.0001554349624656255,1.5122724598179528e-09,-0.01729940751040453
5.5062500000000005,20111.338193948435,-8.135712008197345e-07,0.00015560088784310843,0.00015560088784310843,1.5120027965149477e-09,-0.01627142401639469
5.5125,20104.160924642892,-7.611254102025383e-07,0.00015576213146087207,0.00015576213146087207,1.5117505166998442e-09,-0.015222508204050767
5.518750000000001,20096.84241184613,-7.076475241944872e-07,0.00015591863838168435,0.00015591863838168435,1.5115159624671656e-09,-0.014152950483889743
5.525,20089.384841547817,-6.531535162734576e-07,0.00015607036238749568,0.00015607036238749568,1.5112994706169252e-09,-0.013063070325469151
5.53125,20081.790603229067,-5.976608468741216e-07,0.00015621726559493116,0.00015621726559493116,1.5111013721617654e-09,-0.011953216937482431
5.5375000000000005,20074.062294417112,-5.411884966636475e-07,0.00015635931807367958,0.00015635931807367958,1.5109219918230665e-09,-0.01082376993327295
5.54375,20066.202725117335,-4.837569989321536e-07,0.00015649649746916344,0.00015649649746916344,1.5107616475163205e-09,-0.009675139978643072
5.550000000000001,20058.214922102346,-4.25388470932672e-07,0.00015662878863073872,0.00015662878863073872,1.5106206498261166e-09,-0.00850776941865344
5.55625,20050.102133033357,-3.6610664399689456e-07,0.00015675618324653915,0.00015675618324653915,1.5104993014711443e-09,-0.007322132879937891
5.5625,20041.86783038879,-3.0593689224447356e-07,0.00015687867948595066,0.00015687867948595066,1.5103978967596813e-09,-0.006118737844889471
5.5687500000000005,20033.51571517555,-2.4490625969556807e-07,0.00015699628165057888,0.00015699628165057888,1.5103167210360943e-09,-0.0048981251939113615
5.575,20025.049720392733,-1.83043485588689e-07,0.0001571089998344526,0.0001571089998344526,1.510256050118948e-09,-0.00366086971177378
5.581250000000001,20016.47401422324,-1.203790276985145e-07,0.00015721684959409476,0.00015721684959409476,1.5102161497313863e-09,-0.00240758055397029
5.5875,20007.793002922044,-5.694508344172923e-08,0.00015731985162898535,0.00015731985162898535,1.5101972749245158e-09,-0.0011389016688345846
5.59375,19999.011333372426,7.224391447154613e-09,0.00015741803147284111,0.00015741803147284111,1.5101996694946013e-09,0.00014448782894309226
5.6000000000000005,19990.133895277813,7.209366689324874e-08,0.00015751141919604326,0.00015751141919604326,1.5102235653949486e-09,0.0014418733378649747
5.60625,19981.1658229608,1.3762522534002175e-07,0.00015760004911945818,0.00015760004911945818,1.510269182143433e-09,0.0027525045068004348
5.612500000000001,19972.112496735397,2.0377975172071295e-07,0.0001576839595398154,0.0001576839595398154,1.5103367262267034e-09,0.004075595034414259
5.61875,19962.979543821133,2.705161267765009e-07,0.0001577631924667347,0.0001577631924667347,1.510426390502171e-09,0.005410322535530017
5.625,19953.772838768375,3.377914239571341e-07,0.00015783779337142658,0.00015783779337142658,1.510538353598971e-09,0.0067558284791426814
5.6312500000000005,19944.498503358554,4.0556091013979194e-07,0.00015790781094703052,0.00015790781094703052,1.5106727793191635e-09,0.008111218202795839
5.6375,19935.162905951212,4.7377805040127145e-07,0.00015797329688050076,0.00015797329688050076,1.5108298160405148e-09,0.00947556100802543
5.643750000000001,19925.77266024571,5.423945170763203e-07,0.00015803430563590126,0.00015803430563590126,1.511009596122282e-09,0.010847890341526407
5.65,19916.334623422288,6.113602033309182e-07,0.00015809089424892935,0.00015809089424892935,1.5112122353154957e-09,0.012227204066618366
5.65625,19906.855893636126,6.806232414744429e-07,0.00015814312213244944,0.00015814312213244944,1.5114378321793144e-09,0.013612464829488857
5.6625000000000005,19897.343806834473,7.501300262277908e-07,0.00015819105089278677,0.00015819105089278677,1.5116864675050882e-09,0.015002600524555815
5.66875,19887.805932863863,8.198252431557955e-07,0.00015823474415650407,0.00015823474415650407,1.5119582037498493e-09,0.016396504863115908
5.675000000000001,19878.250070846156,8.896519024626916e-07,0.0001582742674073607,0.0001582742674073607,1.5122530844810025e-09,0.01779303804925383
5.68125,19868.6842437938,9.595513783371048e-07,0.0001583096878331351,0.0001583096878331351,1.5125711338340584e-09,0.019191027566742097
5.6875,19859.116692442833,1.0294634540197139e-06,0.00015834107418197718,0.00015834107418197718,1.5129123559853025e-09,0.02058926908039428
5.6937500000000005,19849.55586827935,1.0993263727511223e-06,0.00015836849662794494,0.00015836849662794494,1.513276734641354e-09,0.021986527455022446
5.7,19840.010425744804,1.169076894740652e-06,0.0001583920266453725,0.0001583920266453725,1.5136642325476037e-09,0.02338153789481304
5.706250000000001,19830.489213598143,1.2386503602773468e-06,0.00015841173689171002,0.00015841173689171002,1.5140747910175746e-09,0.024773007205546937
5.7125,19821.00126542451,1.3079807590841154e-06,0.00015842770109847427,0.00015842770109847427,1.5145083294852668e-09,0.02615961518168231
5.71875,19811.55578928022,1.3770008059933926e-06,0.0001584399939699474,0.0001584399939699474,1.5149647450825874e-09,0.027540016119867852
5.7250000000000005,19802.16215646236,1.4456420229982257e-06,0.00015844869108926318,0.00015844869108926318,1.5154439122439765e-09,0.028912840459964513
5.73125,19792.829889404744,1.5138348277073155e-06,0.00015845386883152256,0.00015845386883152256,1.5159456823403524e-09,0.03027669655414631
5.737500000000001,19783.568648695415,1.5815086282047914e-06,0.00015845560428358636,0.00015845560428358636,1.516469883344497e-09,0.03163017256409583
5.74375,19774.388219223172,1.648591924286976e-06,0.0001584539751701968,0.0001584539751701968,1.5170163195299998e-09,0.03297183848573952
5.75,19765.29849545735,1.715012415017822e-06,0.00015844905978608856,0.00015844905978608856,1.517584771205849e-09,0.03430024830035644
5.7562500000000005,19756.309465877992,1.7806971125137385e-06,0.00015844093693375642,0.00015844093693375642,1.5181749944887386e-09,0.03561394225027477
5.7625,19747.431196566085,1.8455724618354086e-06,0.00015842968586655625,0.00015842968586655625,1.5187867211151145e-09,0.03691144923670817
5.768750000000001,19738.673813984322,1.909564466831461e-06,0.00015841538623682412,0.00015841538623682412,1.5194196582949314e-09,0.03819128933662922
5.775,19730.04748696387,1.972598821743802e-06,0.00015839811804870855,0.00015839811804870855,1.5200734886090325e-09,0.03945197643487604
5.78125,19721.56240793918,2.034601048350501e-06,0.00015837796161542075,0.00015837796161542075,1.5207478699519846e-09,0.040692020967010016
5.7875000000000005,19713.22877345575,2.0954966383861394e-06,0.00015835499752061698,0.00015835499752061698,1.5214424355221204e-09,0.041909932767722785
5.79375,19705.056763997967,2.1552112009446417e-06,0.00015832930658363844,0.00015832930658363844,1.5221567938604379e-09,0.043104224018892835
5.800000000000001,19697.056523181112,2.2136706145342724e-06,0.0001583009698283424,0.0001583009698283424,1.5228905289398992e-09,0.044273412290685446
5.80625,19689.238136354714,2.270801183419237e-06,0.00015827006845527025,0.00015827006845527025,1.5236432003065501e-09,0.045416023668384736
5.8125,19681.61160867582,2.326529797848113e-06,0.00015823668381690674,0.00015823668381690674,1.524414343273749e-09,0.04653059595696226
5.8187500000000005,19674.186842709154,2.380784097735499e-06,0.00015820089739579444,0.00015820089739579444,1.5252034691706474e-09,0.04761568195470998
5.825,19666.973615617586,2.4334926393304646e-06,0.00015816279078527783,0.00015816279078527783,1.5260100656459153e-09,0.04866985278660929
5.831250000000001,19659.98155601285,2.484585064374212e-06,0.00015812244567265963,0.00015812244567265963,1.5268335970275342e-09,0.049691701287484236
5.8375,19653.220120538474,2.533992271219407e-06,0.00015807994382456154,0.00015807994382456154,1.5276735047393092e-09,0.050679845424388144
5.84375,19646.69857025864,2.581646587355391e-06,0.00015803536707429026,0.00015803536707429026,1.5285292077745652e-09,0.05163293174710782
5.8500000000000005,19640.425946935346,2.6274819427576834e-06,0.00015798879731101795,0.00015798879731101795,1.5294001032273007e-09,0.052549638855153666
5.85625,19634.411049275364,2.6714340434562665e-06,0.0001579403164705946,0.0001579403164705946,1.530285566880873e-09,0.053428680869125326
5.862500000000001,19628.66240923335,2.713440544696037e-06,0.00015789000652781672,0.00015789000652781672,1.5311849538540766e-09,0.05426881089392074
5.86875,19623.188268458154,2.7534412230441604e-06,0.00015783794948998642,0.00015783794948998642,1.5320975993042704e-09,0.05506882446088321
5.875,19617.996554974623,2.791378146783697e-06,0.00015778422739159964,0.00015778422739159964,1.5330228191869798e-09,0.055827562935673945
5.8812500000000005,19613.09486019178,2.8271958439204843e-06,0.00015772892229001087,0.00015772892229001087,1.5339599110711885e-09,0.056543916878409685
5.8875,19608.4904163303,2.8608414671210948e-06,0.00015767211626192834,0.00015767211626192834,1.5349081550092983e-09,0.05721682934242189
5.893750000000001,19604.190074365742,2.8922649548944485e-06,0.00015761389140059903,0.00015761389140059903,1.5358668144605142e-09,0.05784529909788897
5.9,19600.200282577178,2.9214191883274488e-06,0.00015755432981355097,0.00015755432981355097,1.5368351372661806e-09,0.05842838376654898
5.90625,19596.527065802456,2.9482601426873633e-06,0.00015749351362076382,0.00015749351362076382,1.5378123566753664e-09,0.05896520285374727
5.9125000000000005,19593.176005485544,2.97274703320896e-06,0.00015743152495314677,0.00015743152495314677,1.538797692418773e-09,0.059454940664179196
5.91875,19590.152220613578,2.994842454394452e-06,0.00015736844595120718,0.00015736844595120718,1.539790351828814e-09,0.05989684908788904
5.925000000000001,19587.46034963152,3.0145125121678393e-06,0.00015730435876379857,0.00015730435876379857,1.5407895310034979e-09,0.06029025024335679
5.93125,19585.10453342227,3.0317269482429007e-06,0.00015723934554684249,0.00015723934554684249,1.5417944160115331e-09,0.060634538964858015
5.9375,19583.08839943622,3.046459256085602e-06,0.0001571734884619234,0.0001571734884619234,1.5428041841358707e-09,0.06092918512171204
5.9437500000000005,19581.41504705507,3.0586867878775614e-06,0.00015710686967466037,0.00015710686967466037,1.543818005152699e-09,0.06117373575755123
5.95,19580.087034260534,3.0683908519159985e-06,0.00015703957135276473,0.00015703957135276473,1.5448350426427242e-09,0.06136781703831997
5.956250000000001,19579.106365687327,3.075556799919238e-06,0.00015697167566369621,0.00015697167566369621,1.545854455331387e-09,0.061511135998384765
5.9625,19578.474482125002,3.0801741037433188e-06,0.0001569032647718359,0.0001569032647718359,1.5468753984545083e-09,0.06160348207486638
5.96875,19578.192251528966,3.0822364210551797e-06,0.00015683442083509757,0.00015683442083509757,1.5478970251457028e-09,0.06164472842110359
5.9750000000000005,19578.259961602194,3.081741649551662e-06,0.00015676522600090352,0.00015676522600090352,1.5489184878417635e-09,0.061634832991033235
5.98125,19578.677313991815,3.0786919693595005e-06,0.00015669576240145476,0.00015669576240145476,1.5499389397021004e-09,0.06157383938719001
5.987500000000001,19579.44342014702,3.0730938733007877e-06,0.00015662611214822976,0.00015662611214822976,1.55095753603821e-09,0.06146187746601575
5.99375,19580.556798874943,3.0649581847600196e-06,0.00015655635732564924,0.00015655635732564924,1.551973435749068e-09,0.061299163695200394
6.0,19582.01537562021,3.054300062942388e-06,0.00015648657998384814,0.00015648657998384814,1.552985802758264e-09,0.06108600125884776
6.0062500000000005,19583.816483491868,3.041138995368798e-06,0.0001564168621304999,0.0001564168621304999,1.5539938074486498e-09,0.06082277990737596
6.0125,19585.9568660517,3.0254987775102067e-06,0.00015634728572164053,0.00015634728572164053,1.5549966280902354e-09,0.06050997555020413
6.018750000000001,19588.43268186479,3.007407479522028e-06,0.00015627793265144478,0.00015627793265144478,1.555993452257061e-09,0.06014814959044056
6.025,19591.23951081659,2.9868974000988657e-06,0.0001562088847409074,0.0001562088847409074,1.5569834782287728e-09,0.05973794800197731
6.03125,19594.37236217763,2.96400500752885e-06,0.00015614022372538818,0.00015614022372538818,1.5579659163726608e-09,0.059280100150577004
6.0375000000000005,19597.82568440505,2.9387708680871524e-06,0.00015607203124098012,0.00015607203124098012,1.558939990501963e-09,0.05877541736174305
6.04375,19601.59337664566,2.911239561966881e-06,0.00015600438880966356,0.00015600438880966356,1.5599049392063029e-09,0.05822479123933762
6.050000000000001,19605.668801912165,2.8814595870046438e-06,0.00015593737782321153,0.00015593737782321153,1.5608600171502183e-09,0.05762919174009287
6.05625,19610.044801886455,2.8494832505153886e-06,0.00015587107952581402,0.00015587107952581402,1.5618044963358355e-09,0.05698966501030777
6.0625,19614.713713296635,2.8153665496068664e-06,0.00015580557499539027,0.00015580557499539027,1.562737667325876e-09,0.056307330992137326
6.0687500000000005,19619.667385816785,2.7791690403987695e-06,0.0001557409451235614,0.0001557409451235614,1.5636588404233117e-09,0.05558338080797539
6.075,19624.89720141589,2.7409536966229926e-06,0.00015567727059425608,0.00015567727059425608,1.5645673468041557e-09,0.05481907393245985
6.081250000000001,19630.394095091073,2.7007867581313253e-06,0.00015561463186092485,0.00015561463186092485,1.5654625396000371e-09,0.054015735162626505
6.0875,19636.148576901352,2.6587375698831478e-06,0.00015555310912233886,0.00015555310912233886,1.566343794927409e-09,0.05317475139766296
6.09375,19642.15075522155,2.614878412029288e-06,0.00015549278229695136,0.00015549278229695136,1.5672105128604359e-09,0.05229756824058576
6.1000000000000005,19648.390361123726,2.569284321747987e-06,0.00015543373099580007,0.00015543373099580007,1.5680621183448285e-09,0.05138568643495974
6.10625,19654.85677379396,2.5220329075254236e-06,0.00015537603449393035,0.00015537603449393035,1.5688980620501192e-09,0.05044065815050847
6.112500000000001,19661.539046881702,2.473204156605192e-06,0.00015531977170031943,0.00015531977170031943,1.5697178211581166e-09,0.04946408313210384
6.11875,19668.425935683535,2.422880236359843e-06,0.0001552650211262821,0.0001552650211262821,1.5705209000855226e-09,0.04845760472719686
6.125,19675.5059250511,2.371145290361177e-06,0.0001552118608523394,0.0001552118608523394,1.5713068311389567e-09,0.047422905807223546
6.1312500000000005,19682.767257914787,2.318085229945626e-06,0.00015516036849353126,0.00015516036849353126,1.5720751751008926e-09,0.04636170459891252
6.1375,19690.19796431456,2.2637875220861815e-06,0.0001551106211631543,0.0001551106211631543,1.5728255217452828e-09,0.045275750441723626
6.143750000000001,19697.78589082231,2.20834097439268e-06,0.00015506269543490622,0.00015506269543490622,1.5735574902819227e-09,0.0441668194878536
6.15,19705.518730245632,2.1518355180682524e-06,0.00015501666730341699,0.00015501666730341699,1.5742707297288714e-09,0.04303671036136505
6.15625,19713.384051495057,2.094361989650701e-06,0.00015497261214314766,0.00015497261214314766,1.5749649192125314e-09,0.04188723979301402
6.1625000000000005,19721.369329507936,2.0360119123648134e-06,0.00015493060466563615,0.00015493060466563615,1.5756397681952548e-09,0.040720238247296266
6.16875,19729.46197511053,1.9768772779032003e-06,0.00015489071887506942,0.00015489071887506942,1.57629501663062e-09,0.039537545558064005
6.175000000000001,19737.649364713736,1.917050329441648e-06,0.00015485302802216043,0.00015485302802216043,1.5769304350467874e-09,0.03834100658883296
6.18125,19745.918869730285,1.8566233466782224e-06,0.00015481760455630716,0.00015481760455630716,1.5775458245586056e-09,0.03713246693356445
6.1875,19754.257885610416,1.7956884336649394e-06,0.00015478452007601062,0.00015478452007601062,1.5781410168093912e-09,0.03591376867329879
6.1937500000000005,19762.65386039312,1.7343373101764455e-06,0.00015475384527752786,0.00015475384527752786,1.5787158738435587e-09,0.03468674620352891
6.2,19771.094322674802,1.6726611073320421e-06,0.00015472564990173487,0.00015472564990173487,1.5792702879115064e-09,0.03345322214664084
6.206250000000001,19779.566908905217,1.6107501681561014e-06,0.00015470000267917374,0.00015470000267917374,1.5798041812083972e-09,0.032215003363122025
6.2125,19788.0593899133,1.5486938537266922e-06,0.00015467697127325767,0.00015467697127325767,1.5803175055486872e-09,0.030973877074533845
6.21875,19796.55969658906,1.4865803555253121e-06,0.00015465662222160633,0.00015465662222160633,1.5808102419784548e-09,0.029731607110506243
6.2250000000000005,19805.055944636522,1.424496514560029e-06,0.00015463902087548486,0.00015463902087548486,1.5812824003277776e-09,0.02848993029120058
6.23125,19813.53645832707,1.3625276477919412e-06,0.00015462423133731764,0.00015462423133731764,1.5817340187055781e-09,0.027250552955838822
6.237500000000001,19821.989793188244,1.3007573823506215e-06,0.00015461231639624977,0.00015461231639624977,1.5821651629395181e-09,0.026015147647012432
6.24375,19830.404757564113,1.2392674979777783e-06,0.00015460333746172768,0.00015460333746172768,1.58257592596367e-09,0.024785349959555565
6.25,19838.770432998193,1.1781377780913568e-06,0.00015459735449507194,0.00015459735449507194,1.5829664271568235e-09,0.023562755561827135
6.2562500000000005,19847.076193389094,1.1174458698138269e-06,0.0001545944259390157,0.0001545944259390157,1.5833368116343959e-09,0.02234891739627654
6.2625,19855.311722877537,1.057267153259097e-06,0.000154594608645183,0.000154594608645183,1.5836872494970187e-09,0.02114534306518194
6.268750000000001,19863.467032435005,9.976746203237329e-07,0.0001545979577994833,0.0001545979577994833,1.5840179350389477e-09,0.019953492406474656
6.275,19871.532475123637,9.387387631783727e-07,0.0001546045268454002,0.0001546045268454002,1.584329085919513e-09,0.018774775263567453
6.28125,19879.498760008242,8.805274726064159e-07,0.00015461436740515528,0.00015461436740515528,1.5846209423008729e-09,0.017610549452128317
6.2875000000000005,19887.356964707913,8.231059462886952e-07,0.00015462752919873047,0.00015462752919873047,1.5848937659553678e-09,0.016462118925773903
6.29375,19895.098546579804,7.66536607085433e-07,0.00015464405996073682,0.00015464405996073682,1.5851478393457886e-09,0.01533073214170866
6.300000000000001,19902.71535253226,7.108790313202145e-07,0.00015466400535512115,0.00015466400535512115,1.5853834646818744e-09,0.014217580626404288
6.30625,19910.199627477377,6.561898870263223e-07,0.00015468740888770755,0.00015468740888770755,1.5856009629563412e-09,0.013123797740526445
6.3125,19917.544021428483,6.02522882072115e-07,0.00015471431181657635,0.00015471431181657635,1.585800672963716e-09,0.012050457641442299
6.3187500000000005,19924.741595266107,5.499287220413091e-07,0.00015474475306028945,0.00015474475306028945,1.5859829503052121e-09,0.010998574440826182
6.325,19931.785825187904,4.984550777043668e-07,0.00015477876910397875,0.00015477876910397875,1.586148166382819e-09,0.009969101554087336
6.331250000000001,19938.670605876367,4.4814656188071745e-07,0.00015481639390332205,0.00015481639390332205,1.5862967073857275e-09,0.008962931237614349
6.3375,19945.390252411024,3.9904471545657216e-07,0.00015485765878644044,0.00015485765878644044,1.5864289732721162e-09,0.007980894309131443
6.34375,19951.93950096686,3.511880022915315e-07,0.00015490259235376042,0.00015490259235376042,1.586545376749253e-09,0.00702376004583063
6.3500000000000005,19958.313508334508,3.046118127174851e-07,0.000154951220375896,0.000154951220375896,1.5866463422547539e-09,0.006092236254349702
6.35625,19964.50785030988,2.5934847530684793e-07,0.0001550035656896169,0.0001550035656896169,1.5867323049417443e-09,0.005186969506136958
6.362500000000001,19970.518519000383,2.154272765634565e-07,0.00015505964809198216,0.00015505964809198216,1.586803709670546e-09,0.00430854553126913
6.36875,19976.34191909434,1.7287448816802e-07,0.0001551194842327335,0.0001551194842327335,1.5868610100093951e-09,0.0034574897633604003
6.375,19981.974863153668,1.3171340139244803e-07,0.0001551830875050554,0.0001551830875050554,1.5869046672465658e-09,0.0026342680278489605
6.3812500000000005,19987.41456597653,9.19643682814103e-08,0.00015525046793482693,0.00015525046793482693,1.5869351494161468e-09,0.0018392873656282059
6.3875,19992.65863809301,5.364484918729964e-08,0.0001553216320685066,0.0001553216320685066,1.5869529303395699e-09,0.001072896983745993
6.393750000000001,19997.705078447496,1.6769466234772594e-08,0.00015539658285980854,0.00015539658285980854,1.5869584886848628e-09,0.0003353893246954519
6.4,20002.55226633046,-1.8649937715936776e-08,0.00015547531955534925,0.00015547531955534925,1.5869523070454435e-09,-0.0003729987543187355
6.40625,20007.19895261588,-5.2604235042451304e-08,0.00015555783757946123,0.00015555783757946123,1.5869348710401385e-09,-0.0010520847008490262
6.4125000000000005,20011.644250366193,-8.508694470779199e-08,0.00015564412841839376,0.00015564412841839376,1.5869066684359542e-09,-0.0017017388941558398
6.41875,20015.887624863306,-1.1609415941917849e-07,0.00015573417950413994,0.00015573417950413994,1.5868681882949941e-09,-0.00232188318838357
6.425000000000001,20019.92888312778,-1.4562446903228703e-07,0.00015582797409815333,0.00015582797409815333,1.586819920146763e-09,-0.0029124893806457405
6.43125,20023.768162980152,-1.7367888063075986e-07,0.00015592549117523973,0.00015592549117523973,1.5867623531869618e-09,-0.003473577612615197
6.4375,20027.405921706806,-2.002607357035749e-07,0.0001560267053079343,0.0001560267053079343,1.586695975503733e-09,-0.004005214714071498
6.4437500000000005,20030.84292438613,-2.253756248342877e-07,0.0001561315865516975,0.0001561315865516975,1.5866212733321856e-09,-0.004507512496685754
6.45,20034.080231927117,-2.490313003059739e-07,0.00015624010033128956,0.00015624010033128956,1.5865387303378852e-09,-0.0049806260061194775
6.456250000000001,20037.119188878656,-2.712375870134012e-07,0.00015635220732870695,0.00015635220732870695,1.5864488269298743e-09,-0.005424751740268024
6.4625,20039.961411056815,-2.920062920609632e-07,0.0001564678633730909,0.0001564678633730909,1.5863520396036562e-09,-0.005840125841219264
6.46875,20042.608773044543,-3.1135111341001266e-07,0.00015658701933304325,0.00015658701933304325,1.5862488403144583e-09,-0.006227022268200253
6.4750000000000005,20045.06339560584,-3.292875479238955e-07,0.00015670962101180952,0.00015670962101180952,1.5861396958809751e-09,-0.00658575095847791
6.48125,20047.327633065397,-3.458327991421545e-07,0.0001568356090458157,0.0001568356090458157,1.5860250674196797e-09,-0.00691665598284309
6.487500000000001,20049.404060694076,-3.6100568509811934e-07,0.00015696491880706892,0.00015696491880706892,1.585905409809689e-09,-0.007220113701962387
6.49375,20051.2954621389,-3.748265464763275e-07,0.00015709748030995696,0.00015709748030995696,1.5857811711880724e-09,-0.00749653092952655
6.5,20053.004816939145,-3.8731715538761266e-07,0.00015723321812300482,0.00015723321812300482,1.5856527924753953e-09,-0.0077463431077522535
6.5062500000000005,20054.535288162588,-3.9850062502101814e-07,0.0001573720512861693,0.0001573720512861693,1.5855207069312112e-09,-0.007970012500420363
6.5125,20055.890210193716,-4.084013204128976e-07,0.00015751389323427297,0.00015751389323427297,1.5853853397391287e-09,-0.008168026408257952
6.518750000000001,20057.073076705085,-4.1704477055453153e-07,0.00015765865172720015,0.00015765865172720015,1.5852471076210112e-09,-0.008340895411090631
6.525,20058.087528841723,-4.244575820405282e-07,0.00015780622878749432,0.00015780622878749432,1.5851064184797987e-09,-0.008489151640810565
6.53125,20058.93734363768,-4.306673544419396e-07,0.00015795652064601353,0.00015795652064601353,1.5849636710703792e-09,-0.008613347088838793
6.5375000000000005,20059.626422694808,-4.3570259756905496e-07,0.00015810941769631417,0.00015810941769631417,1.5848192546978847e-09,-0.0087140519513811
6.54375,20060.15878113765,-4.395926507712074e-07,0.00015826480445844533,0.00015826480445844533,1.5846735489427347e-09,-0.008791853015424149
6.550000000000001,20060.538536868262,-4.42367604402792e-07,0.00015842255955284543,0.00015842255955284543,1.584526923411711e-09,-0.00884735208805584
6.55625,20060.769900127416,-4.440582235682394e-07,0.00015858255568503853,0.00015858255568503853,1.584379737514308e-09,-0.008881164471364788
6.5625,20060.85716338625,-4.4469587424138996e-07,0.00015874465964183158,0.00015874465964183158,1.5842323402635696e-09,-0.008893917484827799
6.5687500000000005,20060.804691571066,-4.443124518394176e-07,0.00015890873229971336,0.00015890873229971336,1.5840850701006034e-09,-0.00888624903678835
6.575,20060.616912632653,-4.4294031231609045e-07,0.00015907462864615208,0.00015907462864615208,1.5839382547419316e-09,-0.008858806246321809
6.581250000000001,20060.298308468995,-4.406122058245873e-07,0.00015924219781448165,0.00015924219781448165,1.5837922110488322e-09,-0.008812244116491745
6.5875,20059.853406202583,-4.373612129867286e-07,0.00015941128313305426,0.00015941128313305426,1.583647244917802e-09,-0.008747224259734572
6.59375,20059.286769819515,-4.3322068379224426e-07,0.00015958172218932172,0.00015958172218932172,1.583503651191274e-09,-0.008664413675844885
6.6000000000000005,20058.602992169304,-4.28224179139962e-07,0.00015975334690948839,0.00015975334690948839,1.5833617135877093e-09,-0.00856448358279924
6.60625,20057.806687325585,-4.2240541502145156e-07,0.00015992598365435214,0.00015992598365435214,1.5832217046501914e-09,-0.008448108300429032
6.612500000000001,20056.90248330852,-4.1579820933720685e-07,0.0001600994533319223,0.0001600994533319223,1.5830838857126472e-09,-0.008315964186744138
6.61875,20055.89501516416,-4.0843643132591503e-07,0.00016027357152736808,0.00016027357152736808,1.5829485068828313e-09,-0.008168728626518301
6.625,20054.788918396935,-4.003539535786756e-07,0.00016044814865081225,0.00016044814865081225,1.582815807041214e-09,-0.008007079071573511
6.6312500000000005,20053.588822752758,-3.915846066018875e-07,0.00016062299010344034,0.00016062299010344034,1.5826860138549312e-09,-0.00783169213203775
6.6375,20052.299346341704,-3.8216213588566203e-07,0.00016079789646234678,0.00016079789646234678,1.5825593438059636e-09,-0.007643242717713241
6.643750000000001,20050.92509010129,-3.7212016142774584e-07,0.0001609726636844847,0.0001609726636844847,1.5824360022327314e-09,-0.0074424032285549165
6.65,20049.470632583878,-3.614921396577979e-07,0.00016114708333002717,0.00016114708333002717,1.5823161833843107e-09,-0.007229842793155959
6.65625,20047.940525066584,-3.503113277014717e-07,0.00016132094280538293,0.00016132094280538293,1.5822000704864931e-09,-0.007006226554029434
6.6625000000000005,20046.339286973194,-3.3861074991966174e-07,0.00016149402562604104,0.00016149402562604104,1.582087835818938e-09,-0.006772214998393235
6.66875,20044.671401595762,-3.264231666546894e-07,0.0001616661116993444,0.0001616661116993444,1.5819796408026828e-09,-0.006528463333093789
6.675000000000001,20042.94131211047,-3.1378104511205047e-07,0.0001618369776272138,0.0001618369776272138,1.5818756360973047e-09,-0.006275620902241009
6.68125,20041.153417874033,-3.007165323040291e-07,0.0001620063970287623,0.0001620063970287623,1.5817759617070515e-09,-0.006014330646080582
6.6875,20039.31207099404,-2.8726142997934446e-07,0.0001621741408826507,0.0001621741408826507,1.5816807470952803e-09,-0.0057452285995868895
6.6937500000000005,20037.421573158786,-2.734471714619313e-07,0.00016233997788894704,0.00016233997788894704,1.5815901113065754e-09,-0.005468943429238626
6.7,20035.48617271757,-2.593048003208358e-07,0.0001625036748501567,0.0001625036748501567,1.5815041630959343e-09,-0.005186096006416716
6.706250000000001,20033.510062002686,-2.4486495079254866e-07,0.00016266499707099364,0.00016266499707099364,1.5814230010644435e-09,-0.004897299015850973
6.7125,20031.4973748781,-2.3015782987741232e-07,0.0001628237087763639,0.0001628237087763639,1.581346713800889e-09,-0.004603156597548247
6.71875,20029.452184508405,-2.152132010315298e-07,0.0001629795735469296,0.0001629795735469296,1.5812753800287719e-09,-0.004304264020630596
6.7250000000000005,20027.378501334748,-2.0006036937646135e-07,0.00016313235477151986,0.00016313235477151986,1.5812090687582253e-09,-0.004001207387529227
6.73125,20025.28027124786,-1.8472816834978984e-07,0.00016328181611554817,0.00016328181611554817,1.5811478394423582e-09,-0.0036945633669957967
6.737500000000001,20023.161373946907,-1.692449477208281e-07,0.00016342772200449344,0.00016342772200449344,1.58109174213757e-09,-0.003384898954416562
6.74375,20021.025621478657,-1.5363856289674313e-07,0.00016356983812139465,0.00016356983812139465,1.5810408176674093e-09,-0.0030727712579348625
6.75,20018.87675693758,-1.379363654466209e-07,0.0001637079319172062,0.0001637079319172062,1.5809950977895752e-09,-0.002758727308932418
6.7562500000000005,20016.718453327925,-1.221651947719409e-07,0.00016384177313275746,0.00016384177313275746,1.5809546053656777e-09,-0.002443303895438818
6.7625,20014.554312570915,-1.0635137085429291e-07,0.00016397113433095994,0.00016397113433095994,1.5809193545334028e-09,-0.002127027417085858
6.768750000000001,20012.387864650187,-9.052068801305584e-08,0.00016409579143780666,0.00016409579143780666,1.5808893508807473e-09,-0.0018104137602611167
6.775,20010.222566886354,-7.469840960779315e-08,0.00016421552429061412,0.00016421552429061412,1.5808645916220077e-09,-0.001493968192155863
6.78125,20008.061803333963,-5.890926362218181e-08,0.00016433011719186759,0.00016433011719186759,1.580845065775235e-09,-0.0011781852724436362
6.7875000000000005,20005.90888428831,-4.3177439068836906e-08,0.00016443935946694308,0.00016443935946694308,1.5808307543408787e-09,-0.0008635487813767382
6.79375,20003.76704589804,-2.7526583156293525e-08,0.0001645430460239018,0.0001645430460239018,1.5808216304813727e-09,-0.0005505316631258704
6.800000000000001,20001.63944987491,-1.1979799161868373e-08,0.00016464097791347757,0.00016464097791347757,1.5808176597014236e-09,-0.00023959598323736745
6.80625,19999.529183289807,3.4403550433903173e-09,0.0001647329628873116,0.0001647329628873116,1.5808188000287896e-09,6.880710086780634e-05
6.8125,19997.439258455575,1.871186786972725e-08,0.00016481881595243044,0.00016481881595243044,1.5808250021953486e-09,0.000374237357394545
6.8187500000000005,19995.37261288127,3.3813274332794005e-08,0.00016489835991991155,0.00016489835991991155,1.5808362098182744e-09,0.0006762654866558801
6.825,19993.332109296258,4.8723655874065884e-08,0.0001649714259456397,0.0001649714259456397,1.5808523595811523e-09,0.0009744731174813176
6.831250000000001,19991.32053573889,6.34226397226683e-08,0.00016503785406102482,0.00016503785406102482,1.5808733814148845e-09,0.001268452794453366
6.8375,19989.34060570003,7.789039784122128e-08,0.0001650974936915289,0.0001650974936915289,1.5808991986782451e-09,0.0015578079568244257
6.84375,19987.394958318,9.210764549629846e-08,0.00016515020416083928,0.00016515020416083928,1.5809297283379622e-09,0.001842152909925969
6.8500000000000005,19985.48615862212,1.0605563949228227e-07,0.00016519585517852175,0.00016519585517852175,1.5809648811482128e-09,0.0021211127898456456
6.85625,19983.616697813686,1.1971617610486404e-07,0.0001652343273089996,0.0001652343273089996,1.5810045618294353e-09,0.002394323522097281
6.862500000000001,19981.78899358603,1.330715887489518e-07,0.0001652655124197246,0.0001652655124197246,1.581048669246367e-09,0.002661431774979036
6.86875,19980.00539047539,1.4610474541355253e-07,0.00016528931410643923,0.00016528931410643923,1.5810970965852321e-09,0.0029220949082710505
6.875,19978.268160239648,1.5879904589456642e-07,0.00016530564809347505,0.00016530564809347505,1.5811497315300125e-09,0.0031759809178913286
6.8812500000000005,19976.579502260665,1.711384188544716e-07,0.00016531444260708763,0.00016531444260708763,1.581206456437744e-09,0.0034227683770894322
6.8875,19974.941543966328,1.8310731873630469e-07,0.00016531563871989902,0.00016531563871989902,1.5812671485127892e-09,0.0036621463747260937
6.893750000000001,19973.35634126997,1.9469072255778385e-07,0.00016530919066459678,0.00016530919066459678,1.5813316799800492e-09,0.003893814451155677
6.9,19971.825879021442,2.058741266096102e-07,0.00016529506611513285,0.00016529506611513285,1.5813999182570787e-09,0.004117482532192204
6.90625,19970.352071469766,2.1664354308079662e-07,0.0001652732464337668,0.0001652732464337668,1.5814717261250848e-09,0.004332870861615932
6.9125000000000005,19968.9367627305,2.2698549663212358e-07,0.0001652437268824138,0.0001652437268824138,1.5815469618987878e-09,0.004539709932642471
6.91875,19967.581727261724,2.3688702093788855e-07,0.0001652065167968814,0.0001652065167968814,1.5816254795951379e-09,0.004737740418757771
6.925000000000001,19966.288670336333,2.4633565521424283e-07,0.00016516163972271438,0.00016516163972271438,1.58170712910088e-09,0.004926713104284857
6.93125,19965.059228517915,2.5531944075169877e-07,0.0001651091335115109,0.0001651091335115109,1.5817917563389695e-09,0.005106388815033975
6.9375,19963.894970132704,2.6382691746795313e-07,0.000165049050376726,0.000165049050376726,1.581879203433845e-09,0.005276538349359062
6.9437500000000005,19962.797395735466,2.718471204959886e-07,0.00016498145690813963,0.00016498145690813963,1.5819693088755709e-09,0.005436942409919772
6.95,19961.76793857125,2.7936957682162756e-07,0.0001649064340443342,0.0001649064340443342,1.5820619076828651e-09,0.005587391536432551
6.956250000000001,19960.80796502528,2.863843019832698e-07,0.00016482407700270087,0.00016482407700270087,1.5821568315650327e-09,0.005727686039665396
6.9625,19959.918775065704,2.928817968460496e-07,0.00016473449516667357,0.00016473449516667357,1.5822539090828309e-09,0.005857635936920992
6.96875,19959.10160267257,2.988530444613164e-07,0.00016463781193007382,0.00016463781193007382,1.5823529658082918e-09,0.005977060889226328
6.9750000000000005,19958.357616255216,3.042895070217445e-07,0.0001645341644986363,0.0001645341644986363,1.5824538244835382e-09,0.00608579014043489
6.98125,19957.687919053984,3.091831229213744e-07,0.00016442370364897553,0.00016442370364897553,1.5825563051786224e-09,0.006183662458427488
6.987500000000001,19957.09354952739,3.135263039291861e-07,0.0001643065934454436,0.0001643065934454436,1.5826602254484296e-09,0.006270526078583722
6.99375,19956.575481722597,3.1731193248401447e-07,0.00016418301091552007,0.00016418301091552007,1.5827654004886847e-09,0.006346238649680289
7.0,19956.134625626586,3.205333591177596e-07,0.0001640531456845649,0.0001640531456845649,1.5828716432911045e-09,0.006410667182355192
7.0062500000000005,19955.7718275025,3.231844000135099e-07,0.00016391719957095218,0.00016391719957095218,1.5829787647977405e-09,0.006463688000270198
7.0125,19955.487870203342,3.252593347040799e-07,0.00016377538614278526,0.00016377538614278526,1.5830865740545593e-09,0.006505186694081598
7.018750000000001,19955.28347346641,3.2675290391603906e-07,0.00016362793023757513,0.00016362793023757513,1.5831948783643085e-09,0.006535058078320781
7.025,19955.15929418982,3.276603075638989e-07,0.0001634750674464345,0.0001634750674464345,1.5833034834387167e-09,0.006553206151277978
7.03125,19955.115926683364,3.2797720289795426e-07,0.00016331704356450883,0.00016331704356450883,1.583412193550081e-09,0.006559544057959085
7.0375000000000005,19955.15390290325,3.276997028094685e-07,0.00016315411400952292,0.00016315411400952292,1.5835208116822916e-09,0.00655399405618937
7.04375,19955.273692659423,3.2682437429552063e-07,0.0001629865432104719,0.0001629865432104719,1.5836291396813485e-09,0.006536487485910412
7.050000000000001,19955.475703805725,3.253482370860123e-07,0.0001628146039686254,0.0001628146039686254,1.5837369784054222e-09,0.006506964741720246
7.05625,19955.760282404357,3.232687624342861e-07,0.00016263857679314222,0.00016263857679314222,1.5838441278745143e-09,0.006465375248685722
7.0625,19956.127712868114,3.2058387207246117e-07,0.00016245874921371183,0.00016245874921371183,1.5839503874197714e-09,0.006411677441449224
7.0687500000000005,19956.578218082886,3.172919373323021e-07,0.00016227541507274264,0.00016227541507274264,1.5840555558325074e-09,0.006345838746646041
7.075,19957.111959503225,3.133917784314161e-07,0.0001620888737997108,0.0001620888737997108,1.5841594315129905e-09,0.006267835568628322
7.081250000000001,19957.729037227797,3.0888266392450996e-07,0.00016189942967036105,0.00016189942967036105,1.584261812619046e-09,0.0061776532784902
7.0875,19958.429490053597,3.0376431031894976e-07,0.00016170739105351685,0.00016170739105351685,1.5843624972145345e-09,0.0060752862063789955
7.09375,19959.21329550381,2.980368818528128e-07,0.00016151306964830637,0.00016151306964830637,1.584461283417754e-09,0.005960737637056256
7.1000000000000005,19960.080369838302,2.9170099043393274e-07,0.00016131677971464758,0.00016131677971464758,1.5845579695498233e-09,0.005834019808678655
7.10625,19961.030568039558,2.8475769573722097e-07,0.00016111883729985548,0.00016111883729985548,1.5846523542830972e-09,0.00569515391474442
7.112500000000001,19962.063683777484,2.772085054573783e-07,0.00016091955946424095,0.00016091955946424095,1.584744236789665e-09,0.005544170109147566
7.11875,19963.179449355066,2.6905537571360647e-07,0.00016071926350856125,0.00016071926350856125,1.5848334168899847e-09,0.00538110751427213
7.125,19964.377535631662,2.603007116021714e-07,0.0001605182662061577,0.0001605182662061577,1.584919695201698e-09,0.005206014232043428
7.1312500000000005,19965.65755192896,2.509473678924278e-07,0.00016031688304257794,0.00016031688304257794,1.5850028732886782e-09,0.0050189473578485565
7.1375,19967.019045915644,2.409986498610245e-07,0.00016011542746542656,0.00016011542746542656,1.5850827538103532e-09,0.004819972997220491
7.143750000000001,19968.46150347612,2.3045831425873528e-07,0.00015991421014712102,0.00015991421014712102,1.58515914067135e-09,0.0046091662851747055
7.15,19969.98434856002,2.1933057040357414e-07,0.0001597135382631495,0.0001597135382631495,1.5852318391715003e-09,0.004386611408071482
7.15625,19971.586943016533,2.0762008139327896e-07,0.00015951371478833384,0.00015951371478833384,1.5853006561562488e-09,0.004152401627865579
7.1625000000000005,19973.268586414335,1.9533196542985397e-07,0.00015931503781349513,0.00015931503781349513,1.585365400167501e-09,0.003906639308597079
7.16875,19975.028515843936,1.8247179724764977e-07,0.00015911779988480318,0.00015911779988480318,1.5854258815949428e-09,0.0036494359449529955
7.175000000000001,19976.86590571044,1.690456096364604e-07,0.00015892228736796334,0.00015892228736796334,1.5854819128278665e-09,0.003380912192729208
7.18125,19978.779867514357,1.5505989505007892e-07,0.00015872877983925696,0.00015872877983925696,1.585533308407529e-09,0.0031011979010015784
7.1875,19980.769449619427,1.405216072898708e-07,0.00015853754950530605,0.00015853754950530605,1.5855798851800686e-09,0.0028104321457974157
7.1937500000000005,19982.833637014322,1.2543816325255658e-07,0.00015834886065327943,0.00015834886065327943,1.5856214624500009e-09,0.0025087632650511314
7.2,19984.971351066495,1.098174447304375e-07,0.00015816296913309639,0.00015816296913309639,1.585657862134311e-09,0.0021963488946087502
7.206250000000001,19987.181449269894,9.366780025141344e-08,0.00015798012187301887,0.00015798012187301887,1.5856889089171563e-09,0.0018733560050282687
7.2125,19989.4627249895,7.699804694548059e-08,0.00015780055642985205,0.00015780055642985205,1.5857144304051876e-09,0.0015399609389096119
7.21875,19991.813907204873,5.98174724235144e-08,0.00015762450057479882,0.00015762450057479882,1.5857342572834926e-09,0.001196349448470288
7.2250000000000005,19994.23366025239,4.213583665309977e-08,0.00015745217191583802,0.00015745217191583802,1.5857482234721621e-09,0.0008427167330619954
7.23125,19996.720583572725,2.3963373815648637e-08,0.0001572837775573175,0.0001572837775573175,1.5857561662834707e-09,0.00047926747631297275
7.237500000000001,19999.27321145929,5.310794127464663e-09,0.00015711951379727613,0.00015711951379727613,1.5857579265796617e-09,0.00010621588254929326
7.24375,20001.89001281834,-1.3810714392726768e-08,0.0001569595658628306,0.0001569595658628306,1.5857533489313179e-09,-0.00027621428785453534
7.25,20004.56939093703,-3.338948422886993e-08,0.00015680410768378894,0.00015680410768378894,1.5857422817762936e-09,-0.0006677896845773986
7.2562500000000005,20007.309683262007,-5.341336676531316e-08,0.00015665330170447952,0.00015665330170447952,1.5857245775791785e-09,-0.0010682673353062631
7.2625,20010.109161197935,-7.386973079780015e-08,0.00015650729873361622,0.00015650729873361622,1.5857000929912543e-09,-0.001477394615956003
7.268750000000001,20012.966029921594,-9.474546117989615e-08,0.00015636623783185728,0.00015636623783185728,1.585668689010901e-09,-0.001894909223597923
7.275,20015.878428217693,-1.1602695762783462e-07,0.00015623024623655666,0.00015623024623655666,1.5856302311443982e-09,-0.0023205391525566925
7.28125,20018.844428340828,-1.3770013370789887e-07,0.00015609943932305654,0.00015609943932305654,1.585584589567063e-09,-0.0027540026741579775
7.2875000000000005,20021.862035905648,-1.5975041603147576e-07,0.000155973920601724,0.000155973920601724,1.5855316392846537e-09,-0.003195008320629515
7.29375,20024.929189807324,-1.821627436842235e-07,0.00015585378174980035,0.00015585378174980035,1.5854712602949636e-09,-0.00364325487368447
7.300000000000001,20028.043762181533,-2.0492156791652748e-07,0.0001557391026770024,0.0001557391026770024,1.5854033377495175e-09,-0.00409843135833055
7.30625,20031.203558399186,-2.2801085212405375e-07,0.00015562995162369736,0.00015562995162369736,1.5853277621152734e-09,-0.004560217042481075
7.3125,20034.40631710949,-2.514140721476926e-07,0.00015552638529036305,0.00015552638529036305,1.585244429336226e-09,-0.0050282814429538514
7.3187500000000005,20037.649710328275,-2.751142169237996e-07,0.00015542844899694663,0.00015542844899694663,1.585153240994794e-09,-0.0055022843384759925
7.325,20040.931343578584,-2.9909378951643153e-07,0.00015533617687064493,0.00015533617687064493,1.585054104472867e-09,-0.005981875790328631
7.331250000000001,20044.248756089586,-3.2333480856433834e-07,0.000155249592060552,0.000155249592060552,1.5849469331123688e-09,-0.006466696171286767
7.3375,20047.59942105584,-3.4781881017656457e-07,0.00015516870697754976,0.00015516870697754976,1.5848316463751968e-09,-0.006956376203531291
7.34375,20050.980745962417,-3.725268503114981e-07,0.00015509352355776135,0.00015509352355776135,1.5847081700023706e-09,-0.007450537006229962
7.3500000000000005,20054.390072981983,-3.9743950767504566e-07,0.00015502403354783882,0.00015502403354783882,1.5845764361722198e-09,-0.007948790153500914
7.35625,20057.824679447214,-4.22536887174595e-07,0.00015496021881032107,0.00015496021881032107,1.584436383657428e-09,-0.0084507377434919
7.362500000000001,20061.281778405002,-4.4779862396618264e-07,0.00015490205164727096,0.00015490205164727096,1.5842879579807348e-09,-0.008955972479323653
7.36875,20064.758519255964,-4.732038881331329e-07,0.00015484949514038484,0.00015484949514038484,1.5841311115690865e-09,-0.009464077762662658
7.375,20068.251988487347,-4.987313900349024e-07,0.00015480250350576218,0.00015480250350576218,1.5839658039060157e-09,-0.00997462780069805
7.3812500000000005,20071.75921050204,-5.243593863656929e-07,0.00015476102246152554,0.00015476102246152554,1.5837920016820103e-09,-0.010487187727313857
7.3875,20075.277148549438,-5.500656869627535e-07,0.0001547249896064939,0.0001547249896064939,1.5836096789426277e-09,-0.01100131373925507
7.393750000000001,20078.802705765935,-5.758276624046352e-07,0.00015469433480813457,0.00015469433480813457,1.5834188172340896e-09,-0.011516553248092703
7.4,20082.33272632867,-6.016222524399339e-07,0.00015466898059804672,0.00015466898059804672,1.5832194057460836e-09,-0.012032445048798678
7.40625,20085.86399672767,-6.274259752872629e-07,0.00015464884257326942,0.00015464884257326942,1.5830114414514812e-09,-0.012548519505745257
7.4125000000000005,20089.393247163644,-6.532149378470484e-07,0.00015463382980174855,0.00015463382980174855,1.582794929242673e-09,-0.013064298756940968
7.41875,20092.917153075738,-6.789648468656482e-07,0.0001546238452303515,0.0001546238452303515,1.5825698820642014e-09,-0.013579296937312964
7.425000000000001,20096.432336804988,-7.046510210919035e-07,0.0001546187860938733,0.0001546187860938733,1.582336321041365e-09,-0.01409302042183807
7.43125,20099.93536939981,-7.302484044656789e-07,0.00015461854432354157,0.00015461854432354157,1.5820942756044519e-09,-0.014604968089313577
7.4375,20103.42277256656,-7.557315803773802e-07,0.0001546230069535956,0.0001546230069535956,1.5818437836082448e-09,-0.015114631607547604
7.4437500000000005,20106.89102077311,-7.81074787036354e-07,0.00015463205652458648,0.00015463205652458648,1.5815848914464352e-09,-0.01562149574072708
7.45,20110.336543509362,-8.062519339849845e-07,0.0001546455714821198,0.0001546455714821198,1.5813176541605606e-09,-0.01612503867969969
7.456250000000001,20113.75572770815,-8.312366197941156e-07,0.00015466342656984323,0.00015466342656984323,1.5810421355430793e-09,-0.016624732395882313
7.4625,20117.144920333023,-8.56002150973704e-07,0.00015468549321555873,0.00015468549321555873,1.5807584082341743e-09,-0.01712004301947408
7.46875,20120.500431137858,-8.805215621306916e-07,0.0001547116399094258,0.0001547116399094258,1.5804665538118788e-09,-0.01761043124261383
7.4750000000000005,20123.818535599505,-9.047676374043759e-07,0.00015474173257330265,0.00015474173257330265,1.5801666628750945e-09,-0.018095352748087518
7.48125,20127.095478029987,-9.287129332068662e-07,0.00015477563492035916,0.00015477563492035916,1.5798588351190727e-09,-0.018574258664137325
7.487500000000001,20130.327474870857,-9.523298022938158e-07,0.00015481320880417893,0.00015481320880417893,1.579543179402919e-09,-0.019046596045876316
7.49375,20133.51071817201,-9.755904191877877e-07,0.0001548543145566528,0.0001548543145566528,1.5792198138086682e-09,-0.019511808383755755
7.5,20136.64137925928,-9.984668069732876e-07,0.00015489881131404982,0.00015489881131404982,1.5788888656914805e-09,-0.019969336139465752
7.5062500000000005,20139.715612590397,-1.020930865479372e-06,0.00015494655733073377,0.00015494655733073377,1.5785504717204946e-09,-0.02041861730958744
7.5125,20142.729559803953,-1.0429544008617508e-06,0.0001549974102800738,0.0001549974102800738,1.578204777909877e-09,-0.020859088017235017
7.518750000000001,20145.679353960422,-1.0645091565925024e-06,0.00015505122754217704,0.00015505122754217704,1.577851939639598e-09,-0.02129018313185005
7.525,20148.56112397588,-1.0855668458612438e-06,0.0001551078664781466,0.0001551078664781466,1.57749212166547e-09,-0.021711336917224874
7.53125,20151.370999249135,-1.106099185386951e-06,0.00015516718469064207,0.00015516718469064207,1.5771254981179769e-09,-0.022121983707739018
7.5375000000000005,20154.10511448216,-1.1260779306348373e-06,0.00015522904027059036,0.00015522904027059036,1.5767522524894317e-09,-0.022521558612696745
7.54375,20156.759614689025,-1.1454749124277242e-06,0.00015529329202996147,0.00015529329202996147,1.576372577608999e-09,-0.022909498248554486
7.550000000000001,20159.33066039571,-1.1642620749357341e-06,0.00015535979972058832,0.00015535979972058832,1.5759866756051246e-09,-0.023285241498714682
7.55625,20161.81443302486,-1.1824115150226559e-06,0.00015542842423906924,0.00015542842423906924,1.575594757854925e-09,-0.023648230300453116
7.5625,20164.20714046149,-1.1998955229215308e-06,0.0001554990278178492,0.0001554990278178492,1.5751970449200938e-09,-0.023997910458430614
7.5687500000000005,20166.50502279751,-1.216686624205696e-06,0.00015557147420262787,0.00015557147420262787,1.5747937664688962e-09,-0.02433373248411392
7.575,20168.70435824665,-1.2327576230153783e-06,0.00015564562881629145,0.00015564562881629145,1.5743851611838366e-09,-0.024655152460307566
7.581250000000001,20170.80146922635,-1.248081646493306e-06,0.00015572135890961069,0.00015572135890961069,1.5739714766545975e-09,-0.02496163292986612
7.5875,20172.792728596465,-1.2626321903761583e-06,0.00015579853369898785,0.00015579853369898785,1.5735529692558665e-09,-0.025252643807523165
7.59375,20174.674566048525,-1.276383165681811e-06,0.00015587702449157287,0.00015587702449157287,1.5731299040096886e-09,-0.025527663313636217
7.6000000000000005,20176.443474635438,-1.289308946425358e-06,0.0001559567047981016,0.0001559567047981016,1.5727025544320035e-09,-0.02578617892850716
7.60625,20178.096017433327,-1.3013844182896024e-06,0.00015603745043383906,0.00015603745043383906,1.572271202363049e-09,-0.02602768836579205
7.612500000000001,20179.628834320072,-1.3125850281689554e-06,0.00015611913960803577,0.00015611913960803577,1.5718361377813448e-09,-0.026251700563379107
7.61875,20181.03864886345,-1.3228868344980051e-06,0.00015620165300232684,0.00015620165300232684,1.5713976586009937e-09,-0.026457736689960102
7.625,20182.322275303603,-1.3322665582689973e-06,0.00015628487383852316,0.00015628487383852316,1.5709560704520718e-09,-0.026645331165379947
7.6312500000000005,20183.47662561437,-1.3407016346352998e-06,0.0001563686879362576,0.0001563686879362576,1.5705116864439163e-09,-0.026814032692705998
7.6375,20184.498716629954,-1.3481702649907107e-06,0.0001564529837609625,0.0001564529837609625,1.5700648269111497e-09,-0.026963405299814214
7.643750000000001,20185.385677222614,-1.354651469407233e-06,0.00015653765246266218,0.00015653765246266218,1.5696158191423237e-09,-0.02709302938814466
7.65,20186.13475550913,-1.3601251393074365e-06,0.00015662258790607108,0.00015662258790607108,1.569164997091105e-09,-0.02720250278614873
7.65625,20186.743326074098,-1.364572090240302e-06,0.00015670768669249054,0.00015670768669249054,1.5687127010699673e-09,-0.02729144180480604
7.6625000000000005,20187.208897188404,-1.367974114623186e-06,0.00015679284817399878,0.00015679284817399878,1.5682592774264027e-09,-0.02735948229246372
7.66875,20187.529118001505,-1.3703140343063031e-06,0.00015687797446042577,0.00015687797446042577,1.5678050782017091e-09,-0.027406280686126064
7.675000000000001,20187.701785691035,-1.3715757528099984e-06,0.00015696297041960166,0.00015696297041960166,1.567350460772464e-09,-0.02743151505619997
7.68125,20187.72485254487,-1.3717443070796167e-06,0.00015704774367136077,0.00015704774367136077,1.5668957874748437e-09,-0.027434886141592334
7.6875,20187.596432956358,-1.3708059185974707e-06,0.00015713220457577612,0.00015713220457577612,1.566441425212001e-09,-0.027416118371949415
7.6937500000000005,20187.314810308315,-1.3687480436866833e-06,0.00015721626621608944,0.00015721626621608944,1.5659877450447698e-09,-0.027374960873733666
7.7,20186.87844372346,-1.3655594228374228e-06,0.00015729984437679105,0.00015729984437679105,1.5655351217660192e-09,-0.027311188456748455
7.706250000000001,20186.28597465686,-1.3612301288822263e-06,0.00015738285751729165,0.00015738285751729165,1.5650839334590405e-09,-0.027224602577644526
7.7125,20185.53623330734,-1.3557516138439742e-06,0.00015746522674161496,0.00015746522674161496,1.564634561040406e-09,-0.027115032276879485
7.71875,20184.62824482344,-1.3491167542774024e-06,0.0001575468757645261,0.0001575468757645261,1.5641873877877988e-09,-0.026982335085548047
7.7250000000000005,20183.561235275763,-1.3413198949233715e-06,0.00015762773087449466,0.00015762773087449466,1.5637427988533735e-09,-0.02682639789846743
7.73125,20182.334637376887,-1.3323568904935045e-06,0.0001577077208938768,0.0001577077208938768,1.5633011807632663e-09,-0.02664713780987009
7.737500000000001,20180.948095917625,-1.3222251454026778e-06,0.00015778677713668363,0.00015778677713668363,1.5628629209039369e-09,-0.026444502908053558
7.74375,20179.4014728997,-1.3109236512667541e-06,0.0001578648333642871,0.0001578648333642871,1.5624284069960796e-09,-0.026218473025335084
7.75,20177.694852335393,-1.298453021984351e-06,0.00015794182573939696,0.00015794182573939696,1.561998026556909e-09,-0.02596906043968702
7.7562500000000005,20175.828544695105,-1.2848155262228452e-06,0.00015801769277862577,0.00015801769277862577,1.561572166351675e-09,-0.025696310524456905
7.7625,20173.803090971942,-1.27001511713203e-06,0.00015809237530394198,0.00015809237530394198,1.5611512118353311e-09,-0.0254003023426406
7.768750000000001,20171.61926634566,-1.2540574591119104e-06,0.00015816581639329285,0.00015816581639329285,1.5607355465853301e-09,-0.025081149182238208
7.775,20169.278083419802,-1.2369499514658025e-06,0.00015823796133066358,0.00015823796133066358,1.5603255517265786e-09,-0.02473899902931605
7.78125,20166.780795009847,-1.2187017487751519e-06,0.00015830875755582055,0.00015830875755582055,1.5599216053496399e-09,-0.02437403497550304
7.7875000000000005,20164.128896461563,-1.199323777838638e-06,0.0001583781546139714,0.0001583781546139714,1.5595240819233204e-09,-0.02398647555677276
7.79375,20161.324127477583,-1.1788287510253013e-06,0.00015844610410555726,0.00015844610410555726,1.5591333517028326e-09,-0.023576575020506026
7.800000000000001,20158.368473435574,-1.1572311758991935e-06,0.0001585125596363775,0.0001585125596363775,1.5587497801347643e-09,-0.02314462351798387
7.80625,20155.2641661763,-1.1345473609821107e-06,0.0001585774767682313,0.0001585774767682313,1.558373727260142e-09,-0.022690947219642214
7.8125,20152.01368424681,-1.110795417530559e-06,0.00015864081297024582,0.00015864081297024582,1.5580055471169014e-09,-0.022215908350611182
7.8187500000000005,20148.61975258291,-1.0859952572135841e-06,0.0001587025275710457,0.0001587025275710457,1.55764558714313e-09,-0.021719905144271683
7.825,20145.085341616305,-1.0601685855895581e-06,0.00015876258171190543,0.00015876258171190543,1.5572941875824716e-09,-0.021203371711791163
7.831250000000001,20141.413665794666,-1.0333388912921375e-06,0.00015882093830101195,0.00015882093830101195,1.5569516808931139e-09,-0.02066677782584275
7.8375,20137.60818150385,-1.0055314308483793e-06,0.00015887756196895247,0.00015887756196895247,1.5566183911618095e-09,-0.020110628616967587
7.84375,20133.672584384618,-9.767732090656904e-07,0.00015893241902553015,0.00015893241902553015,1.5562946335243978e-09,-0.019535464181313807
7.8500000000000005,20129.610806033575,-9.470929549386442e-07,0.00015898547741799812,0.00015898547741799812,1.5559807135943112e-09,-0.018941859098772884
7.85625,20125.427010090643,-9.165210930411498e-07,0.0001590367066907921,0.0001590367066907921,1.555676926900566e-09,-0.018330421860822996
7.862500000000001,20121.1255877016,-8.850897103854384e-07,0.00015908607794683035,0.00015908607794683035,1.5553835583367354e-09,-0.017701794207708767
7.86875,20116.711152363554,-8.528325187446552e-07,0.00015913356381044012,0.00015913356381044012,1.5551008816224132e-09,-0.017056650374893102
7.875,20112.188534147695,-8.197848124526702e-07,0.00015917913839196067,0.00015917913839196067,1.5548291587786636e-09,-0.016395696249053404
7.8812500000000005,20107.562773311558,-7.859834217108436e-07,0.00015922277725406353,0.00015922277725406353,1.5545686396189486e-09,-0.01571966843421687
7.8875,20102.83911329922,-7.514666614489268e-07,0.00015926445737982222,0.00015926445737982222,1.5543195612570051e-09,-0.015029333228978536
7.893750000000001,20098.022993143597,-7.162742758040512e-07,0.00015930415714255665,0.00015930415714255665,1.5540821476331252e-09,-0.014325485516081024
7.9,20093.12003927936,-6.804473782992085e-07,0.00015934185627746933,0.00015934185627746933,1.5538566090602646e-09,-0.013608947565984169
7.90625,20088.136056781812,-6.440283878196905e-07,0.00015937753585508433,0.00015937753585508433,1.553643141791372e-09,-0.01288056775639381
7.9125000000000005,20083.077020045854,-6.070609605034217e-07,0.00015941117825649242,0.00015941117825649242,1.5534419276092945e-09,-0.012141219210068433
7.91875,20077.949062923803,-5.695899176780041e-07,0.00015944276715040183,0.00015944276715040183,1.5532531334405668e-09,-0.011391798353560082
7.925000000000001,20072.758468343436,-5.316611699942101e-07,0.0001594722874719867,0.0001594722874719867,1.5530769109943497e-09,-0.010633223399884203
7.93125,20067.511657427054,-4.933216379222187e-07,0.0001594997254035215,0.0001594997254035215,1.5529133964277182e-09,-0.009866432758444375
7.9375,20062.215178139333,-4.5461916879287057e-07,0.00015952506835678468,0.00015952506835678468,1.5527627100384476e-09,-0.009092383375857412
7.9437500000000005,20056.875693488117,-4.1560245058198266e-07,0.00015954830495721,0.00015954830495721,1.552624955986377e-09,-0.008312049011639653
7.95,20051.499969309545,-3.7632092265069143e-07,0.00015956942502976096,0.00015956942502976096,1.5525002220443571e-09,-0.007526418453013829
7.956250000000001,20046.094861666108,-3.368246836692906e-07,0.00015958841958649964,0.00015958841958649964,1.5523885793797195e-09,-0.006736493673385812
7.9625,20040.667303895432,-2.971643969652502e-07,0.00015960528081581773,0.00015960528081581773,1.5522900823671158e-09,-0.005943287939305005
7.96875,20035.224293337436,-2.573911935494789e-07,0.0001596200020732952,0.0001596200020732952,1.552204768433502e-09,-0.0051478238709895775
7.9750000000000005,20029.772877782623,-2.1755657308616832e-07,0.00015963257787414832,0.00015963257787414832,1.5521326579359453e-09,-0.004351131461723366
7.98125,20024.320141676817,-1.7771230308267358e-07,0.0001596430038872275,0.0001596430038872275,1.5520737540728468e-09,-0.0035542460616534714
7.987500000000001,20018.873192119696,-1.3791031658578835e-07,0.0001596512769305219,0.0001596512769305219,1.5520280428290719e-09,-0.002758206331715767
7.99375,20013.439144700696,-9.820260867927711e-08,0.00015965739496812646,0.00015965739496812646,1.5519954929553873e-09,-0.001964052173585542
8.0,20008.02510921164,-5.864113208514948e-08,0.00015966135710862502,0.00015966135710862502,1.5519760559825028e-09,-0.0011728226417029896
8.00625,20002.63817528085,-1.9277692177307015e-08,0.0001596631636048411,0.0001596631636048411,1.5519696662699102e-09,-0.0003855538435461403
8.012500000000001,19997.28539796573,1.9836158278374255e-08,0.00015966281585490694,0.00015966281585490694,1.5519762410896124e-09,0.0003967231655674851
8.01875,19991.97378335514,5.86492243403181e-08,0.00015966031640459979,0.00015966031640459979,1.551995680744726e-09,0.0011729844868063621
8.025,19986.71027422076,9.711077374397289e-08,0.00015965566895089254,0.00015965566895089254,1.5520278687228388e-09,0.0019422154748794578
8.03125,19981.50173576011,1.351706410699363e-07,0.0001596488783466661,0.0001596488783466661,1.552072671883894e-09,0.0027034128213987256
8.0375,19976.354941479512,1.727793309072379e-07,0.00015963995060652798,0.00015963995060652798,1.552129940682269e-09,0.003455586618144758
8.043750000000001,19971.276559257058,2.0988811969291248e-07,0.00015962889291368248,0.00015962889291368248,1.5521995094226089e-09,0.00419776239385825
8.05,19966.27313762985,2.4644915591234347e-07,0.00015961571362779506,0.00015961571362779506,1.552281196548873e-09,0.004928983118246869
8.05625,19961.35109234832,2.824155583493255e-07,0.00015960042229379453,0.00015960042229379453,1.5523748049659455e-09,0.005648311166986509
8.0625,19956.51669323983,3.1774151208082724e-07,0.0001595830296515542,0.0001595830296515542,1.5524801223930659e-09,0.006354830241616545
8.06875,19951.776051420296,3.523823619184478e-07,0.00015956354764639353,0.00015956354764639353,1.5525969217482298e-09,0.007047647238368956
8.075000000000001,19947.13510689624,3.8629470300737587e-07,0.00015954198944034047,0.00015954198944034047,1.5527249615626202e-09,0.007725894060147518
8.08125,19942.59961659299,4.19436468303375e-07,0.00015951836942409392,0.00015951836942409392,1.5528639864240332e-09,0.0083887293660675
8.0875,19938.175142847904,4.517670126594273e-07,0.00015949270322962567,0.00015949270322962567,1.5530137274481743e-09,0.009035340253188546
8.09375,19933.86704240085,4.83247193265796e-07,0.00015946500774335917,0.00015946500774335917,1.5531739027766186e-09,0.009664943865315922
8.1,19929.680455919937,5.138394462009703e-07,0.0001594353011198633,0.0001594353011198633,1.553344218100142e-09,0.010276788924019406
8.106250000000001,19925.620298087553,5.435078588648975e-07,0.00015940360279599673,0.00015940360279599673,1.5535243672060631e-09,0.01087015717729795
8.1125,19921.69124828061,5.722182380816294e-07,0.0001593699335054394,0.0001593699335054394,1.5537140325481567e-09,0.011444364761632587
8.11875,19917.897741870645,5.999381736747617e-07,0.00015933431529354511,0.00015933431529354511,1.5539128858376403e-09,0.011998763473495235
8.125,19914.243962167315,6.266370973360467e-07,0.00015929677153244965,0.00015929677153244965,1.554120588653673e-09,0.012532741946720934
8.13125,19910.733833028244,6.522863366253991e-07,0.00015925732693636695,0.00015925732693636695,1.5543367930717526e-09,0.013045726732507982
8.137500000000001,19907.371012155734,6.768591639591779e-07,0.000159216007577005,0.000159216007577005,1.5545611423083513e-09,0.013537183279183558
8.14375,19904.158885093857,7.003308404622631e-07,0.00015917284089903247,0.00015917284089903247,1.554793271380085e-09,0.014006616809245262
8.15,19901.100559946713,7.226786545794523e-07,0.00015912785573552485,0.00015912785573552485,1.5550328077756812e-09,0.014453573091589046
8.15625,19898.198862821442,7.438819553608665e-07,0.0001590810823233189,0.0001590810823233189,1.5552793721389802e-09,0.01487763910721733
8.1625,19895.45633401132,7.639221803566576e-07,0.00015903255231820157,0.00015903255231820157,1.5555325789611813e-09,0.015278443607133152
8.168750000000001,19892.87522492279,7.82782878076204e-07,0.00015898229880985905,0.00015898229880985905,1.5557920372805334e-09,0.01565565756152408
8.175,19890.457495747956,8.004497249871899e-07,0.00015893035633650937,0.00015893035633650937,1.5560573513876603e-09,0.016008994499743797
8.18125,19888.204813887776,8.169105370504607e-07,0.000158876760899141,0.000158876760899141,1.5563281215347092e-09,0.016338210741009215
8.1875,19886.118553117438,8.321552758059833e-07,0.00015882154997527755,0.00015882154997527755,1.5566039446465166e-09,0.016643105516119666
8.19375,19884.199793494685,8.461760490455586e-07,0.00015876476253218747,0.00015876476253218747,1.5568844150319968e-09,0.016923520980911173
8.200000000000001,19882.449322002383,8.589671061270956e-07,0.0001587064390394552,0.0001587064390394552,1.5571691250939775e-09,0.01717934212254191
8.20625,19880.86763391078,8.705248280039561e-07,0.00015864662148082877,0.00015864662148082877,1.5574576660357304e-09,0.017410496560079123
8.2125,19879.45493485495,8.808477120618485e-07,0.00015858535336525658,0.00015858535336525658,1.5577496285624764e-09,0.01761695424123697
8.21875,19878.211143603436,8.899363518728941e-07,0.00015852267973702434,0.00015852267973702434,1.5580446035761797e-09,0.01779872703745788
8.225,19877.135895508854,8.977934119940974e-07,0.00015845864718490012,0.00015845864718490012,1.5583421828619885e-09,0.017955868239881947
8.231250000000001,19876.228546613456,9.044235979533117e-07,0.00015839330385019465,0.00015839330385019465,1.558641959764728e-09,0.018088471959066234
8.2375,19875.488178395823,9.09833621581735e-07,0.00015832669943364102,0.00015832669943364102,1.5589435298539023e-09,0.0181966724316347
8.24375,19874.913603125704,9.140321618658316e-07,0.00015825888520099504,0.00015825888520099504,1.5592464915757202e-09,0.01828064323731663
8.25,19874.503369810926,9.170298215058896e-07,0.00015818991398725726,0.00015818991398725726,1.559550446890722e-09,0.018340596430117793
8.25625,19874.255770702348,9.188390793803742e-07,0.00015811984019941324,0.00015811984019941324,1.5598550018956511e-09,0.018376781587607485
8.262500000000001,19874.16884832969,9.194742391269111e-07,0.00015804871981758812,0.00015804871981758812,1.5601597674282822e-09,0.018389484782538223
8.26875,19874.240403040752,9.189513740612194e-07,0.00015797661039450834,0.00015797661039450834,1.5604643596539912e-09,0.01837902748122439
8.275,19874.468001007648,9.172882686642658e-07,0.00015790357105316177,0.00015790357105316177,1.5607684006329328e-09,0.018345765373285316
8.28125,19874.8489826725,9.145043568762663e-07,0.00015782966248254613,0.00015782966248254613,1.5610715188667634e-09,0.018290087137525324
8.2875,19875.380471594774,9.10620657442721e-07,0.00015775494693139175,0.00015775494693139175,1.561373349823935e-09,0.018212413148854422
8.293750000000001,19876.059383668588,9.056597065636551e-07,0.00015767948819974566,0.00015767948819974566,1.5616735364426656e-09,0.018113194131273103
8.3,19876.882436673637,8.996454881014844e-07,0.00015760335162830018,0.00015760335162830018,1.5619717296107751e-09,0.017992909762029687
8.30625,19877.84616012485,8.926033616063978e-07,0.00015752660408534886,0.00015752660408534886,1.5622675886216665e-09,0.017852067232127955
8.3125,19878.946905385914,8.845599884202622e-07,0.00015744931395125173,0.00015744931395125173,1.5625607816058125e-09,0.017691199768405243
8.31875,19880.180856008094,8.755432561208025e-07,0.0001573715511002894,0.0001573715511002894,1.5628509859371993e-09,0.01751086512241605
8.325000000000001,19881.544038262688,8.655822015680171e-07,0.00015729338687978746,0.00015729338687978746,1.5631378886142634e-09,0.017311644031360342
8.33125,19883.032331826384,8.54706932813074e-07,0.00015721489408638926,0.00015721489408638926,1.5634211866149442e-09,0.01709413865626148
8.3375,19884.6414805901,8.429485501279651e-07,0.00015713614693935784,0.00015713614693935784,1.563700587225563e-09,0.016858971002559304
8.34375,19886.367103550092,8.303390664104316e-07,0.00015705722105078637,0.00015705722105078637,1.5639758083433175e-09,0.01660678132820863
8.35,19888.2047057527,8.169113272145943e-07,0.00015697819339259854,0.00015697819339259854,1.5642465787522714e-09,0.016338226544291887
8.356250000000001,19890.14968925703,8.026989306522685e-07,0.0001568991422602203,0.0001568991422602203,1.5645126383727943e-09,0.01605397861304537
8.3625,19892.1973640784,7.87736147403399e-07,0.00015682014723280733,0.00015682014723280733,1.5647737384844886e-09,0.01575472294806798
8.36875,19894.34295909189,7.720578410677382e-07,0.00015674128912991417,0.00015674128912991417,1.565029641922717e-09,0.015441156821354765
8.375,19896.58163285288,7.556993890812324e-07,0.0001566626499644936,0.0001566626499644936,1.565280123248916e-09,0.015113987781624648
8.38125,19898.908484313582,7.386966044125241e-07,0.00015658431289211882,0.00015658431289211882,1.5655249688949564e-09,0.014773932088250482
8.387500000000001,19901.318563404304,7.210856582456752e-07,0.00015650636215632473,0.00015650636215632473,1.565763977281876e-09,0.014421713164913504
8.39375,19903.80688145212,7.029030038452863e-07,0.0001564288830299684,0.0001564288830299684,1.565996958913377e-09,0.014058060076905727
8.4,19906.36842141262,6.841853017900368e-07,0.00015635196175251595,0.00015635196175251595,1.5662237364445413e-09,0.013683706035800736
8.40625,19908.99814789131,6.649693467499248e-07,0.00015627568546316707,0.00015627568546316707,1.5664441447262762e-09,0.013299386934998497
8.4125,19911.69101692987,6.452919959711763e-07,0.00015620014212973667,0.00015620014212973667,1.5666580308260558e-09,0.012905839919423526
8.418750000000001,19914.441985538848,6.251900996215115e-07,0.00015612542047321957,0.00015612542047321957,1.5668652540255745e-09,0.01250380199243023
8.425,19917.2460209553,6.047004331366129e-07,0.0001560516098879732,0.0001560516098879732,1.5670656857959764e-09,0.012094008662732258
8.43125,19920.098109611336,5.838596316969897e-07,0.0001559788003574619,0.0001559788003574619,1.5672592097513673e-09,0.011677192633939792
8.4375,19922.993265791894,5.62704126952057e-07,0.00015590708236551612,0.00015590708236551612,1.567445721581353e-09,0.011254082539041138
8.44375,19925.92653997296,5.41270086096541e-07,0.00015583654680307124,0.00015583654680307124,1.5676251289633838e-09,0.01082540172193082
8.450000000000001,19928.893026824546,5.19593353392114e-07,0.0001557672848703615,0.0001557672848703615,1.5677973514557164e-09,0.01039186706784228
8.45625,19931.887872867203,4.977093942151113e-07,0.00015569938797455713,0.00015569938797455713,1.5679623203718303e-09,0.009954187884302227
8.4625,19934.906283774515,4.7565324169947674e-07,0.00015563294762284638,0.00015563294762284638,1.568119978637158e-09,0.009513064833989535
8.46875,19937.943531312198,4.53459446032315e-07,0.00015556805531097723,0.00015556805531097723,1.5682702806290092e-09,0.0090691889206463
8.475,19940.994959907348,4.311620264478302e-07,0.00015550480240728983,0.00015550480240728983,1.5684131920005834e-09,0.008623240528956603
8.481250000000001,19944.055992843598,4.0879442595439703e-07,0.00015544328003228456,0.00015544328003228456,1.5685486894899756e-09,0.00817588851908794
8.4875,19947.122138081504,3.8638946881875347e-07,0.00015538357893378927,0.00015538357893378927,1.5686767607150917e-09,0.00772778937637507
8.49375,19950.188993695032,3.639793208201773e-07,0.000155325789357804,0.000155325789357804,1.5687974039553872e-09,0.007279586416403546
8.5,19953.252252933464,3.4159545227816796e-07,0.00015527000091512165,0.00015527000091512165,1.5689106279213537e-09,0.006831909045563359
8.50625,19956.30770890134,3.1926860384676e-07,0.00015521630244384038,0.00015521630244384038,1.5690164515126661e-09,0.0063853720769352
8.512500000000001,19959.351258863713,2.9702875505968177e-07,0.00015516478186790306,0.00015516478186790306,1.5691149035659052e-09,0.005940575101193635
8.51875,19962.378908177125,2.7490509560157287e-07,0.0001551155260518193,0.0001551155260518193,1.5692060225927563e-09,0.005498101912031457
8.525,19965.386773853057,2.529259992723168e-07,0.0001550686206517457,0.0001550686206517457,1.56928985650958e-09,0.0050585199854463365
8.53125,19968.3710877579,2.311190006035843e-07,0.00015502414996312102,0.00015502414996312102,1.5693664623592304e-09,0.004622380012071685
8.5375,19971.32819945667,2.0951077407956588e-07,0.00015498219676507422,0.00015498219676507422,1.5694359060259883e-09,0.004190215481591318
8.543750000000001,19974.25457870727,1.8812711590688376e-07,0.00015494284216184466,0.00015494284216184466,1.569498261944449e-09,0.0037625423181376753
8.55,19977.14681761549,1.6699292827282523e-07,0.00015490616542147682,0.00015490616542147682,1.5695536128031953e-09,0.0033398585654565048
8.55625,19980.00163245788,1.4613220602503624e-07,0.00015487224381207176,0.00015487224381207176,1.5696020492440532e-09,0.0029226441205007247
8.5625,19982.815865182765,1.2556802570090228e-07,0.00015484115243590227,0.00015484115243590227,1.5696436695577125e-09,0.002511360514018046
8.56875,19985.586484600164,1.0532253683013256e-07,0.00015481296406171871,0.00015481296406171871,1.5696785793764646e-09,0.002106450736602651
8.575000000000001,19988.31058727276,8.541695543024893e-08,0.00015478774895559536,0.00015478774895559536,1.5697068913647832e-09,0.0017083391086049787
8.58125,19990.98539811695,6.587155961089796e-08,0.00015476557471068888,0.00015476557471068888,1.5697287249084496e-09,0.0013174311922179592
8.5875,19993.608270727924,4.670568720012378e-08,0.00015474650607630127,0.00015474650607630127,1.5697442058028898e-09,0.0009341137440024756
8.59375,19996.17668743958,2.7937735303106644e-08,0.00015473060478666116,0.00015473060478666116,1.5697534659413666e-09,0.0005587547060621329
8.6,19998.688259133534,9.585161702018865e-09,0.00015471792938985706,0.00015471792938985706,1.5697566430036346e-09,0.0001917032340403773
8.606250000000001,20001.14072480825,-8.335511995993598e-09,0.0001547085350773759,0.0001547085350773759,1.569753880145639e-09,-0.00016671023991987195
8.6125,20003.531950921224,-2.5808695556768535e-08,0.00015470247351471872,0.00015470247351471872,1.569745325690807e-09,-0.0005161739111353707
8.61875,20005.85993051911,-4.281972375757845e-08,0.00015469979267358324,0.00015469979267358324,1.5697311328234456e-09,-0.000856394475151569
8.625,20008.122782166814,-5.9354848561016314e-08,0.00015470053666611868,0.00015470053666611868,1.569711459284736e-09,-0.0011870969712203263
8.63125,20010.31874868836,-7.540122991908338e-08,0.0001547047455817751,0.0001547047455817751,1.569686467071774e-09,-0.0015080245983816675
8.637500000000001,20012.446195733868,-9.09469253015888e-08,0.00015471245532728149,0.00015471245532728149,1.5696563221400824e-09,-0.001818938506031776
8.64375,20014.50361018551,-1.0598087804214108e-07,0.0001547236974703004,0.0001547236974703004,1.5696211941099856e-09,-0.0021196175608428217
8.65,20016.48959841279,-1.2049290459392626e-07,0.00015473849908731701,0.00015473849908731701,1.569581255977209e-09,-0.002409858091878525
8.65625,20018.40288439137,-1.3447368078584953e-07,0.00015475688261632975,0.00015475688261632975,1.5695366838280333e-09,-0.0026894736157169904
8.6625,20020.242307698732,-1.4791472716778045e-07,0.00015477886571491607,0.00015477886571491607,1.5694876565593063e-09,-0.002958294543355609
8.668750000000001,20022.006821394356,-1.6080839353195505e-07,0.00015480446112425228,0.00015480446112425228,1.5694343556035853e-09,-0.003216167870639101
8.675,20023.69548980209,-1.731478426948192e-07,0.00015483367653966923,0.00015483367653966923,1.5693769646596553e-09,-0.0034629568538963843
8.68125,20025.307486198373,-1.8492703362185346e-07,0.00015486651448832543,0.00015486651448832543,1.5693156694286404e-09,-0.0036985406724370693
8.6875,20026.84209042661,-1.96140703974477e-07,0.0001549029722145787,0.0001549029722145787,1.5692506573558996e-09,-0.00392281407948954
8.69375,20028.298686437207,-2.0678435215627574e-07,0.00015494304157363177,0.00015494304157363177,1.5691821173788748e-09,-0.004135687043125515
8.700000000000001,20029.67675977504,-2.168542189319955e-07,0.00015498670893402148,0.00015498670893402148,1.56911023968103e-09,-0.00433708437863991
8.70625,20030.97589501235,-2.2634726869059655e-07,0.00015503395508951163,0.00015503395508951163,1.5690352154520016e-09,-0.004526945373811931
8.7125,20032.19577314781,-2.3526117041974467e-07,0.0001550847551809376,0.0001550847551809376,1.5689572366540545e-09,-0.004705223408394893
8.71875,20033.336168970414,-2.435942784567077e-07,0.00015513907862853586,0.00015513907862853586,1.5688764957949194e-09,-0.004871885569134154
8.725,20034.396948403675,-2.513456130768709e-07,0.00015519688907527447,0.00015519688907527447,1.5687931857070626e-09,-0.005026912261537418
8.731250000000001,20035.378065834786,-2.5851484097802494e-07,0.0001552581443416808,0.0001552581443416808,1.5687074993334253e-09,-0.005170296819560499
8.7375,20036.27956143693,-2.651022557154407e-07,0.0001553227963926387,0.0001553227963926387,1.5686196295196483e-09,-0.005302045114308814
8.74375,20037.101558492963,-2.711087581391541e-07,0.00015539079131660324,0.00015539079131660324,1.5685297688127799e-09,-0.005422175162783083
8.75,20037.844260723392,-2.7653583688211043e-07,0.00015546206931765135,0.00015546206931765135,1.5684381092664516e-09,-0.005530716737642208
8.75625,20038.5079496318,-2.813855489439418e-07,0.0001555365647207568,0.0001555365647207568,1.5683448422524894e-09,-0.005627710978878836
8.762500000000001,20039.092981863985,-2.856605004127227e-07,0.00015561420599064337,0.00015561420599064337,1.5682501582789148e-09,-0.005713210008254454
8.76875,20039.599786596,-2.893638273631846e-07,0.00015569491576453455,0.00015569491576453455,1.568154246814278e-09,-0.005787276547263692
8.775,20040.028862947194,-2.924991769673953e-07,0.00015577861089907877,0.00015577861089907877,1.5680572961182505e-09,-0.005849983539347906
8.78125,20040.38077743051,-2.9507068885037107e-07,0.00015586520253168867,0.00015586520253168867,1.5679594930783994e-09,-0.005901413777007421
8.7875,20040.656161437426,-2.9708297672061736e-07,0.00015595459615648925,0.00015595459615648925,1.567861023053049e-09,-0.005941659534412347
8.793750000000001,20040.855708765655,-2.985411103024422e-07,0.00015604669171502414,0.00015604669171502414,1.5677620697201312e-09,-0.0059708222060488435
8.8,20040.980173191572,-2.994505975942049e-07,0.00015614138370182275,0.00015614138370182275,1.5676628149319174e-09,-0.005989011951884097
8.80625,20041.030366089155,-2.9981736747406774e-07,0.00015623856128487996,0.00015623856128487996,1.567563438575515e-09,-0.005996347349481355
8.8125,20041.00715410031,-2.996477526721347e-07,0.00015633810844105204,0.00015633810844105204,1.567464118439008e-09,-0.005992955053442693
8.81875,20040.911456856236,-2.989484731255247e-07,0.0001564399041063173,0.0001564399041063173,1.5673650300831148e-09,-0.005978969462510494
8.825000000000001,20040.744244754784,-2.9772661973039203e-07,0.00015654382234079847,0.00015654382234079847,1.5672663467182314e-09,-0.0059545323946078406
8.83125,20040.506536791945,-2.9598963850285366e-07,0.0001566497325083892,0.0001566497325083892,1.5671682390867253e-09,-0.005919792770057073
8.8375,20040.19939845238,-2.937453151584534e-07,0.00015675749947077089,0.00015675749947077089,1.5670708753503392e-09,-0.005874906303169068
8.84375,20039.82393965671,-2.9100176011789426e-07,0.00015686698379555126,0.00015686698379555126,1.566974420982566e-09,-0.005820035202357885
8.85,20039.381312769085,-2.877673939447159e-07,0.0001569780419782007,0.0001569780419782007,1.566879038665849e-09,-0.0057553478788943185
8.856250000000001,20038.872710664444,-2.8405093321883107e-07,0.00015709052667740468,0.00015709052667740468,1.566784888193467e-09,-0.005681018664376622
8.8625,20038.299364853614,-2.7986137684821565e-07,0.0001572042869633971,0.0001572042869633971,1.5666921263759537e-09,-0.005597227536964313
8.86875,20037.662543671875,-2.7520799281917087e-07,0.00015731916857878234,0.00015731916857878234,1.5666009069519102e-09,-0.005504159856383417
8.875,20036.963550524677,-2.701003053842742e-07,0.0001574350142113016,0.0001574350142113016,1.5665113805030643e-09,-0.005402006107685484
8.88125,20036.20372219364,-2.6454808268574596e-07,0.00015755166377794423,0.00015755166377794423,1.5664236943734314e-09,-0.005290961653714919
8.887500000000001,20035.38442720288,-2.5856132481034837e-07,0.00015766895471975372,0.00015766895471975372,1.5663379925924348e-09,-0.005171226496206967
8.89375,20034.507064241832,-2.521502522711611e-07,0.00015778672230662847,0.00015778672230662847,1.5662544158018449e-09,-0.005043005045423221
8.9,20033.5730606468,-2.453252949100176e-07,0.00015790479995136863,0.00015790479995136863,1.5661731011863945e-09,-0.004906505898200352
8.90625,20032.583870938837,-2.3809708121360352e-07,0.00015802301953217435,0.00015802301953217435,1.5660941824079382e-09,-0.00476194162427207
8.9125,20031.540975417745,-2.3047642803508725e-07,0.0001581412117227582,0.0001581412117227582,1.566017789543016e-09,-0.004609528560701745
8.918750000000001,20030.445878808237,-2.2247433071257437e-07,0.0001582592063291929,0.0001582592063291929,1.5659440490236942e-09,-0.004449486614251487
8.925,20029.30010896183,-2.141019535743553e-07,0.0001583768326325783,0.0001583768326325783,1.5658730835815514e-09,-0.004282039071487106
8.93125,20028.10521560951,-2.0537062082065038e-07,0.00015849391973657716,0.00015849391973657716,1.5658050121946896e-09,-0.004107412416413008
8.9375,20026.862769162108,-1.962918077708067e-07,0.00015861029691883758,0.00015861029691883758,1.565739950037643e-09,-0.003925836155416133
8.94375,20025.574359562423,-1.8687713246402518e-07,0.00015872579398529358,0.00015872579398529358,1.5656780084340738e-09,-0.0037375426492805034
8.950000000000001,20024.241595181324,-1.771383476015457e-07,0.00015884024162631053,0.00015884024162631053,1.5656192948121376e-09,-0.003542766952030914
8.95625,20022.86610176143,-1.6708733281737102e-07,0.00015895347177362365,0.00015895347177362365,1.56556391266241e-09,-0.0033417466563474205
8.9625,20021.449521400966,-1.5673608726460746e-07,0.00015906531795700164,0.00015906531795700164,1.5655119614982718e-09,-0.003134721745292149
8.96875,20019.99351158147,-1.4609672250365774e-07,0.00015917561565955655,0.00015917561565955655,1.5654635368186507e-09,-0.0029219344500731547
8.975,20018.499744233923,-1.351814556785682e-07,0.0001592842026706146,0.0001592842026706146,1.5654187300730252e-09,-0.002703629113571364
8.981250000000001,20016.969904841833,-1.2400260296736005e-07,0.00015939091943505972,0.00015939091943505972,1.5653776286285989e-09,-0.002480052059347201
8.9875,20015.40569158115,-1.12572573291945e-07,0.00015949560939806467,0.00015949560939806467,1.5653403157395596e-09,-0.0022514514658389002
8.99375,20013.808814492488,-1.0090386227311234e-07,0.00015959811934413042,0.00015959811934413042,1.5653068705183434e-09,-0.002018077245462247
9.0,20012.180994685692,-8.900904641579776e-08,0.00015969829972936722,0.00015969829972936722,1.5652773679088242e-09,-0.0017801809283159553
9.00625,20010.52396357357,-7.690077750982501e-08,0.00015979600500596596,0.00015979600500596596,1.5652518786613606e-09,-0.0015380155501965001
9.012500000000001,20008.83946213241,-6.45917772311771e-08,0.0001598910939378288,0.0001598910939378288,1.5652304693096313e-09,-0.001291835544623542
9.01875,20007.129240189126,-5.209483192866658e-08,0.00015998342990635427,0.00015998342990635427,1.5652132021491993e-09,-0.0010418966385733316
9.025,20005.39505573198,-3.942278758094462e-08,0.00016007288120540065,0.00016007288120540065,1.5652001352177468e-09,-0.0007884557516188923
9.03125,20003.638674239643,-2.6588544908903315e-08,0.0001601593213244852,0.0001601593213244852,1.565191322276931e-09,-0.0005317708981780663
9.0375,20001.861868033116,-1.3605054628147523e-08,0.00016024262921931573,0.00016024262921931573,1.5651868127958125e-09,-0.00027210109256295043
9.043750000000001,20000.06641564292,-4.853128265146278e-10,0.00016032268956879214,0.00016032268956879214,1.5651866519358169e-09,-9.706256530292556e-06
9.05,19998.25410119048,1.2757643548246912e-08,0.00016039939301766112,0.00016039939301766112,1.565190880537191e-09,0.0002551528709649382
9.05625,19996.42671378505,2.611074110594045e-08,0.00016047263640405824,0.00016047263640405824,1.5651995351069243e-09,0.000522214822118809
9.0625,19994.586046929882,3.956087435123727e-08,0.0001605423229712227,0.0001605423229712227,1.565212647808107e-09,0.0007912174870247454
9.06875,19992.733897935846,5.309490995562849e-08,0.00016060836256272706,0.00016060836256272706,1.5652302464507052e-09,0.0010618981991125697
9.075000000000001,19990.872067346827,6.669969097910264e-08,0.0001606706718006228,0.0001606706718006228,1.5652523544837338e-09,0.0013339938195820527
9.08125,19989.002358363534,8.0362041055695e-08,0.00016072917424596458,0.00016072917424596458,1.5652789909888184e-09,0.0016072408211139
9.0875,19987.126576276536,9.406876855791757e-08,0.00016078380054123932,0.00016078380054123932,1.5653101706751363e-09,0.0018813753711583515
9.09375,19985.24652789545,1.0780667075402473e-07,0.00016083448853429245,0.00016083448853429245,1.5653459038757367e-09,0.0021561334150804945
9.1,19983.364020979225,1.215625379725634e-07,0.00016088118338341138,0.00016088118338341138,1.5653861965452392e-09,0.0024312507594512677
9.106250000000001,19981.48086366445,1.3532315778827894e-07,0.0001609238376432949,0.0001609238376432949,1.5654310502589222e-09,0.002706463155765579
9.1125,19979.59886388643,1.4907531924313509e-07,0.00016096241133170755,0.00016096241133170755,1.5654804622132086e-09,0.0029815063848627017
9.11875,19977.71982879569,1.628058171162518e-07,0.00016099687197668826,0.00016099687197668826,1.5655344252275678e-09,0.0032561163423250362
9.125,19975.845564164392,1.7650145625620914e-07,0.00016102719464425455,0.00016102719464425455,1.5655929277478527e-09,0.0035300291251241828
9.13125,19973.97787378347,1.9014905598905356e-07,0.00016105336194661353,0.00016105336194661353,1.5656559538510993e-09,0.0038029811197810713
9.137500000000001,19972.118558847265,2.0373545461505217e-07,0.00016107536403096233,0.00016107536403096233,1.5657234832518147e-09,0.004074709092301044
9.14375,19970.26941732448,2.1724751400706957e-07,0.000161093198549031,0.000161093198549031,1.5657954913097914e-09,0.004344950280141391
9.15,19968.432243312604,2.3067212432303032e-07,0.00016110687060758892,0.00016110687060758892,1.5658719490394817e-09,0.004613442486460607
9.15625,19966.60882637594,2.4399620884490014e-07,0.00016111639270020506,0.00016111639270020506,1.5659528231209776e-09,0.004879924176898003
9.1625,19964.800950865003,2.572067289561661e-07,0.00016112178462061654,0.00016112178462061654,1.5660380759126392e-09,0.005144134579123322
9.168750000000001,19963.01039521428,2.702906892695067e-07,0.00016112307335812648,0.00016112307335812648,1.566127665465424e-09,0.005405813785390134
9.175,19961.238931217933,2.832351429160206e-07,0.00016112029297551145,0.00016112029297551145,1.5662215455389677e-09,0.005664702858320412
9.18125,19959.48832328363,2.9602719700721517e-07,0.00016111348446998022,0.00016111348446998022,1.5663196656194769e-09,0.005920543940144303
9.1875,19957.7603276583,3.0865401828019084e-07,0.00016110269561778092,0.00016110269561778092,1.5664219709394924e-09,0.006173080365603817
9.19375,19956.05669163078,3.2110283893661167e-07,0.00016108798080310713,0.00016108798080310713,1.5665284024995879e-09,0.006422056778732233
9.200000000000001,19954.379152703525,3.333609626850692e-07,0.00016106940083200454,0.00016106940083200454,1.5666388970920711e-09,0.006667219253701384
9.20625,19952.729437738002,3.454157709965647e-07,0.00016104702273202497,0.00016104702273202497,1.5667533873267588e-09,0.006908315419931294
9.2125,19951.109262065835,3.572547295817442e-07,0.0001610209195384193,0.0001610209195384193,1.5668718016588987e-09,0.007145094591634884
9.21875,19949.520328573723,3.688653950988221e-07,0.00016099117006769813,0.00016099117006769813,1.566994064419314e-09,0.007377307901976442
9.225,19947.96432675102,3.802354220997917e-07,0.00016095785867942562,0.00016095785867942562,1.567120095846852e-09,0.007604708441995834
9.231250000000001,19946.44293170574,3.913525702225075e-07,0.0001609210750271422,0.0001609210750271422,1.5672498121232141e-09,0.00782705140445015
9.2375,19944.957803146495,4.02204711635509e-07,0.00016088091379933868,0.00016088091379933868,1.567383125410256e-09,0.00804409423271018
9.24375,19943.51058432696,4.12779838741628e-07,0.00016083747445142709,0.00016083747445142709,1.5675199438898393e-09,0.00825559677483256
9.25,19942.102900956907,4.23066072146197e-07,0.00016079086092967159,0.00016079086092967159,1.5676601718063258e-09,0.00846132144292394
9.25625,19940.73636007359,4.330516688944267e-07,0.00016074118138805627,0.00016074118138805627,1.5678037095118006e-09,0.008661033377888535
9.262500000000001,19939.412548877594,4.427250309823349e-07,0.0001606885478990771,0.0001606885478990771,1.567950453514117e-09,0.008854500619646698
9.26875,19938.133033530838,4.52074714144499e-07,0.00016063307615944914,0.00016063307615944914,1.568100296527855e-09,0.00904149428288998
9.275,19936.899357914113,4.61089436921112e-07,0.00016057488519172225,0.00016057488519172225,1.5682531275282833e-09,0.00922178873842224
9.28125,19935.713042349533,4.6975809000621314e-07,0.00016051409704279419,0.00016051409704279419,1.568408831808421e-09,0.009395161800124263
9.2875,19934.57558228163,4.780697458778095e-07,0.00016045083648030294,0.00016045083648030294,1.5685672910392915e-09,0.009561394917556192
9.293750000000001,19933.488446920528,4.860136687096953e-07,0.00016038523068786896,0.00016038523068786896,1.5687283833334606e-09,0.009720273374193905
9.3,19932.453077849277,4.935793245641602e-07,0.00016031740896014224,0.00016031740896014224,1.5688919833119541e-09,0.009871586491283205
9.30625,19931.47088758699,5.007563918630079e-07,0.00016024750239858974,0.00016024750239858974,1.5690579621746458e-09,0.010015127837260157
9.3125,19930.543258122536,5.075347721342818e-07,0.00016017564360893723,0.00016017564360893723,1.569226187774207e-09,0.010150695442685636
9.31875,19929.671539403615,5.139046010298626e-07,0.00016010196640115236,0.00016010196640115236,1.5693965246937092e-09,0.010278092020597252
9.325000000000001,19928.857047793703,5.198562596088733e-07,0.00016002660549282747,0.00016002660549282747,1.5695688343279646e-09,0.010397125192177465
9.33125,19928.1010644924,5.253803858801139e-07,0.00015994969621678797,0.00015994969621678797,1.569742974968695e-09,0.010507607717602278
9.3375,19927.404833921693,5.304678865957271e-07,0.0001598713742337179,0.0001598713742337179,1.5699188018936076e-09,0.010609357731914541
9.34375,19926.76956207886,5.351099492869202e-07,0.0001597917752505561,0.0001597917752505561,1.5700961674594612e-09,0.010702198985738404
9.35,19926.19641485633,5.392980545312393e-07,0.00015971103474537776,0.00015971103474537776,1.5702749211991987e-09,0.010785961090624786
9.356250000000001,19925.686516335005,5.430239884398219e-07,0.00015962928769943342,0.00015962928769943342,1.5704549099232172e-09,0.010860479768796437
9.3625,19925.240947046048,5.462798553512338e-07,0.0001595466683369751,0.0001595466683369751,1.5706359778248475e-09,0.010925597107024676
9.36875,19924.86074220636,5.490580907172756e-07,0.00015946330987345382,0.00015946330987345382,1.5708179665901028e-09,0.010981161814345513
9.375,19924.54688993268,5.513514741649096e-07,0.00015937934427262605,0.00015937934427262605,1.5710007155117587e-09,0.01102702948329819
9.38125,19924.300329431906,5.531531427166327e-07,0.00015929490201306104,0.00015929490201306104,1.5711840616078131e-09,0.011063062854332653
9.387500000000001,19924.1219491724,5.544566041502791e-07,0.00015921011186449126,0.00015921011186449126,1.5713678397443764e-09,0.011089132083005581
9.39375,19924.012585039807,5.552557504777518e-07,0.0001591251006744008,0.0001591251006744008,1.5715518827630274e-09,0.011105115009555036
9.4,19923.973018478555,5.555448715204996e-07,0.0001590399931651979,0.0001590399931651979,1.5717360216126705e-09,0.011110897430409992
9.40625,19924.003974624982,5.55318668558259e-07,0.0001589549117422688,0.0001589549117422688,1.571920085485916e-09,0.011106373371165181
9.4125,19924.106120432527,5.545722680257323e-07,0.00015886997631316162,0.00015886997631316162,1.5721039019599999e-09,0.011091445360514646
9.418750000000001,19924.28006279387,5.533012352304201e-07,0.0001587853041181013,0.0001587853041181013,1.5722872971422516e-09,0.011066024704608402
9.425,19924.526346665734,5.515015880634498e-07,0.00015870100957198903,0.00015870100957198903,1.5724700958201055e-09,0.011030031761268997
9.43125,19924.84545319643,5.491698106733167e-07,0.00015861720411799386,0.00015861720411799386,1.5726521216156445e-09,0.010983396213466334
9.4375,19925.237797864444,5.463028670712916e-07,0.00015853399609279704,0.00015853399609279704,1.5728331971446544e-09,0.010926057341425831
9.44375,19925.703728630928,5.428982146355394e-07,0.00015845149060350792,0.00015845149060350792,1.5730131441801527e-09,0.010857964292710789
9.450000000000001,19926.243524109403,5.389538174794595e-07,0.00015836978941622553,0.00015836978941622553,1.5731917838203493e-09,0.010779076349589191
9.45625,19926.85739176005,5.344681596485055e-07,0.00015828899085617987,0.00015828899085617987,1.5733689366609816e-09,0.01068936319297011
9.4625,19927.54546611188,5.294402581080649e-07,0.0001582091897193471,0.0001582091897193471,1.573544422971954e-09,0.010588805162161298
9.46875,19928.307807020785,5.23869675484032e-07,0.0001581304771953955,0.0001581304771953955,1.5737180628782006e-09,0.01047739350968064
9.475,19929.144397962937,5.177565325157663e-07,0.00015805294080178315,0.00015805294080178315,1.5738896765446751e-09,0.010355130650315326
9.481250000000001,19930.055144377548,5.111015201806483e-07,0.00015797666432879485,0.00015797666432879485,1.5740590843653601e-09,0.010222030403612966
9.4875,19931.039872056954,5.039059114476146e-07,0.00015790172779527446,0.00015790172779527446,1.5742261071561718e-09,0.010078118228952292
9.49375,19932.09832559604,4.961715726164836e-07,0.0001578282074147792,0.0001578282074147792,1.574390566351623e-09,0.009923431452329672
9.5,19933.230166902373,4.879009741985328e-07,0.0001577561755718562,0.0001577561755718562,1.5745522842050933e-09,0.009758019483970657
9.50625,19934.43497377634,4.790972012930961e-07,0.00015768570080811585,0.00015768570080811585,1.5747110839925379e-09,0.00958194402586192
9.512500000000001,19935.712238566546,4.6976396341415503e-07,0.00015761684781775523,0.00015761684781775523,1.5748667902194538e-09,0.0093952792682831
9.51875,19937.06136690668,4.5990560372016396e-07,0.00015754967745216418,0.00015754967745216418,1.5750192288309052e-09,0.00919811207440328
9.525,19938.48167653994,4.4952710759983974e-07,0.00015748424673322898,0.00015748424673322898,1.5751682274243947e-09,0.008990542151996794
9.53125,19939.972396239864,4.386341105663507e-07,0.00015742060887493354,0.00015742060887493354,1.5753136154653516e-09,0.008772682211327015
9.5375,19941.532664830353,4.2723290541188724e-07,0.00015735881331284456,0.00015735881331284456,1.5754552245049905e-09,0.008544658108237745
9.543750000000001,19943.16153031421,4.153304485746003e-07,0.00015729890574105662,0.00015729890574105662,1.5755928884002813e-09,0.008306608971492007
9.55,19944.857949117348,4.029343656700572e-07,0.00015724092815616456,0.00015724092815616456,1.5757264435357525e-09,0.008058687313401144
9.55625,19946.620785450657,3.900529561392545e-07,0.0001571849189078236,0.0001571849189078236,1.5758557290468344e-09,0.00780105912278509
9.5625,19948.448810803737,3.7669519696609076e-07,0.00015713091275545413,0.00015713091275545413,1.5759805870444352e-09,0.007533903939321815
9.56875,19950.34070356751,3.62870745417203e-07,0.00015707894093064512,0.00015707894093064512,1.5761008628404252e-09,0.00725741490834406
9.575000000000001,19952.29504880146,3.4858994075847604e-07,0.00015702903120481024,0.00015702903120481024,1.5762164051736895e-09,0.006971798815169521
9.58125,19954.31033814361,3.338638049028176e-07,0.0001569812079616518,0.0001569812079616518,1.5763270664363955e-09,0.006677276098056352
9.5875,19956.38496987409,3.187040419454961e-07,0.0001569354922739911,0.0001569354922739911,1.5764327029001072e-09,0.006374080838909921
9.59375,19958.51724913815,3.0312303654442834e-07,0.00015689190198452896,0.00015689190198452896,1.5765331749413609e-09,0.006062460730888567
9.600000000000001,19960.705388329596,2.871338511042601e-07,0.00015685045179010646,0.00015685045179010646,1.5766283472663096e-09,0.0057426770220852024
9.606250000000001,19962.947507646866,2.7075022172519945e-07,0.00015681115332904328,0.00015681115332904328,1.5767180891340235e-09,0.005415004434503989
9.6125,19965.241635820887,2.5398655287918224e-07,0.0001567740152711417,0.0001567740152711417,1.5768022745780255e-09,0.005079731057583645
9.61875,19967.585711022024,2.36857910778292e-07,0.00015673904340995356,0.00015673904340995356,1.5768807826256297e-09,0.0047371582155658395
9.625,19969.977581952524,2.1938001540291353e-07,0.0001567062407569196,0.0001567062407569196,1.5769534975146367e-09,0.004387600308058271
9.631250000000001,19972.415009123535,2.0156923115935298e-07,0.00015667560763700367,0.00015667560763700367,1.5770203089069327e-09,0.00403138462318706
9.637500000000001,19974.895666326032,1.834425561398944e-07,0.0001566471417854572,0.0001566471417854572,1.5770811120985286e-09,0.0036688511227978876
9.64375,19977.417142293918,1.6501760996092623e-07,0.00015662083844536422,0.00015662083844536422,1.5771358082255685e-09,0.0033003521992185244
9.65,19979.976942567537,1.4631262015844778e-07,0.00015659669046563215,0.00015659669046563215,1.577184304465828e-09,0.0029262524031689555
9.65625,19982.57249155353,1.273464071231702e-07,0.00015657468839910924,0.00015657468839910924,1.57722651423522e-09,0.0025469281424634043
9.662500000000001,19985.201134789582,1.0813836756160939e-07,0.00015655482060052586,0.00015655482060052586,1.5772623573788182e-09,0.0021627673512321878
9.668750000000001,19987.86014141005,8.870845647299952e-08,0.00015653707332397295,0.00015653707332397295,1.577291760355906e-09,0.0017741691294599904
9.675,19990.54670681664,6.907716763609329e-08,0.00015652143081964847,0.00015652143081964847,1.5773146564185595e-09,0.0013815433527218659
9.68125,19993.25795555327,4.926551260399065e-08,0.00015650787542961894,0.00015650787542961894,1.5773309857832661e-09,0.000985310252079813
9.6875,19995.99094438396,2.929499820947392e-08,0.0001564963876823612,0.0001564963876823612,1.577340695795089e-09,0.0005858999641894783
9.693750000000001,19998.742665574762,9.187602587934376e-09,0.00015648694638586595,0.00015648694638586595,1.5773437410838826e-09,0.00018375205175868753
9.700000000000001,20001.510050375644,-1.1034250270634706e-08,0.0001564795287191017,0.0001564795287191017,1.5773400837120741e-09,-0.00022068500541269412
9.70625,20004.28997270243,-3.134771742408267e-08,0.00015647411032165603,0.00015647411032165603,1.577329693313528e-09,-0.0006269543484816535
9.7125,20007.079253015054,-5.172956531378782e-08,0.00015647066538138557,0.00015647066538138557,1.577312547223018e-09,-0.0010345913062757563
9.71875,20009.87466238712,-7.215619950750957e-08,0.0001564691667199256,0.0001564691667199256,1.5772886305958415e-09,-0.0014431239901501914
9.725000000000001,20012.672926764895,-9.26036958181599e-08,0.0001564695858759231,0.0001564695858759231,1.5772579365171183e-09,-0.001852073916363198
9.731250000000001,20015.470731409314,-1.1304783276223265e-07,0.00015647189318587605,0.00015647189318587605,1.5772204661003317e-09,-0.002260956655244653
9.7375,20018.264725515462,-1.3346412531658234e-07,0.00015647605786247516,0.00015647605786247516,1.5771762285746802e-09,-0.0026692825063316466
9.74375,20021.05152700403,-1.538278599269809e-07,0.0001564820480703597,0.0001564820480703597,1.5771252413608256e-09,-0.003076557198539618
9.75,20023.82772747609,-1.7411413071692666e-07,0.0001564898309992142,0.0001564898309992142,1.5770675301346395e-09,-0.0034822826143385333
9.756250000000001,20026.58989732442,-1.9429787683998784e-07,0.000156499372934146,0.000156499372934146,1.577003128878569e-09,-0.0038859575367997568
9.762500000000001,20029.33459099439,-2.1435392091378294e-07,0.00015651063932329702,0.00015651063932329702,1.5769320799202633e-09,-0.004287078418275659
9.76875,20032.05835238126,-2.3425700846902648e-07,0.00015652359484265717,0.00015652359484265717,1.5768544339581249e-09,-0.0046851401693805295
9.775,20034.75772035931,-2.539818483418091e-07,0.00015653820345805648,0.00015653820345805648,1.5767702500734714e-09,-0.0050796369668361825
9.78125,20037.429234427127,-2.7350315393281495e-07,0.00015655442848432776,0.00015655442848432776,1.5766795957290238e-09,-0.005470063078656299
9.787500000000001,20040.069440461364,-2.927956852523468e-07,0.00015657223264164003,0.00015657223264164003,1.5765825467534562e-09,-0.005855913705046936
9.793750000000001,20042.67489656801,-3.118342916654792e-07,0.00015659157810901444,0.00015659157810901444,1.5764791873117797e-09,-0.006236685833309584
9.8,20045.24217901376,-3.30593955247698e-07,0.00015661242657504412,0.00015661242657504412,1.576369609861354e-09,-0.00661187910495396
9.80625,20047.767888231472,-3.490498346567907e-07,0.00015663473928584796,0.00015663473928584796,1.576253915093358e-09,-0.006980996693135814
9.8125,20050.248654880143,-3.6717730942337514e-07,0.00015665847709029715,0.00015665847709029715,1.576132211859581e-09,-0.007343546188467503
9.818750000000001,20052.68114595045,-3.849520245583885e-07,0.00015668360048256088,0.00015668360048256088,1.5760046170844262e-09,-0.00769904049116777
9.825000000000001,20055.062070897908,-4.023499353729114e-07,0.0001567100696420249,0.0001567100696420249,1.575871255662061e-09,-0.008046998707458229
9.83125,20057.388187790893,-4.1934735240231046e-07,0.00015673784447064307,0.00015673784447064307,1.5757322603386753e-09,-0.00838694704804621
9.8375,20059.65630945762,-4.359209863241604e-07,0.00015676688462778825,0.00015676688462778825,1.5755877715798512e-09,-0.008718419726483208
9.84375,20061.863309617005,-4.5204799275688916e-07,0.00015679714956267393,0.00015679714956267393,1.5754379374230855e-09,-0.009040959855137783
9.850000000000001,20064.00612897773,-4.6770601682400413e-07,0.0001568285985444233,0.0001568285985444233,1.5752829133155396e-09,-0.009354120336480082
9.856250000000001,20066.081781288074,-4.828732373672159e-07,0.00015686119068986608,0.00015686119068986608,1.5751228619371351e-09,-0.009657464747344318
9.8625,20068.087359322253,-4.975284106902837e-07,0.00015689488498914805,0.00015689488498914805,1.5749579530091514e-09,-0.009950568213805674
9.86875,20070.02004078789,-5.116509137144231e-07,0.00015692964032924103,0.00015692964032924103,1.5747883630885165e-09,-0.010233018274288462
9.875,20071.87709413295,-5.25220786426024e-07,0.00015696541551544327,0.00015696541551544327,1.5746142753480312e-09,-0.01050441572852048
9.881250000000001,20073.655884242224,-5.382187734968002e-07,0.00015700216929096444,0.00015700216929096444,1.5744358793427962e-09,-0.010764375469936003
9.887500000000001,20075.353878004917,-5.506263649570464e-07,0.00015703986035468874,0.00015703986035468874,1.574253370763158e-09,-0.011012527299140928
9.89375,20076.968649732673,-5.624258358037222e-07,0.00015707844737721357,0.00015707844737721357,1.5740669511745278e-09,-0.011248516716074443
9.9,20078.49788641989,-5.736002844257439e-07,0.00015711788901526065,0.00015711788901526065,1.5738768277444616e-09,-0.01147200568851488
9.90625,20079.93939282396,-5.841336697309581e-07,0.00015715814392455827,0.00015715814392455827,1.5736832129574368e-09,-0.011682673394619161
9.912500000000001,20081.2910963525,-5.940108468612684e-07,0.00015719917077129282,0.00015719917077129282,1.5734863243177896e-09,-0.011880216937225367
9.918750000000001,20082.55105174383,-6.032176013846965e-07,0.00015724092824222948,0.00015724092824222948,1.5732863840413192e-09,-0.012064352027693931
9.925,20083.717445521877,-6.117406818565254e-07,0.00015728337505359937,0.00015728337505359937,1.5730836187360996e-09,-0.012234813637130509
9.93125,20084.78860021496,-6.195678306448268e-07,0.0001573264699588528,0.0001573264699588528,1.5728782590730742e-09,-0.012391356612896535
9.9375,20085.762978323026,-6.26687812919599e-07,0.0001573701717553748,0.0001573701717553748,1.5726705394470418e-09,-0.01253375625839198
9.943750000000001,20086.639186020424,-6.330904437089928e-07,0.00015741443929026094,0.00015741443929026094,1.5724606976286742e-09,-0.012661808874179857
9.950000000000001,20087.41597658168,-6.387666129308634e-07,0.0001574592314652476,0.0001574592314652476,1.5722489744082372e-09,-0.012775332258617269
9.95625,20088.092253517523,-6.437083083129099e-07,0.00015750450724089207,0.00015750450724089207,1.5720356132317148e-09,-0.012874166166258198
9.9625,20088.66707341246,-6.479086361200381e-07,0.00015755022564009443,0.00015755022564009443,1.5718208598300634e-09,-0.012958172722400761
9.96875,20089.139648449393,-6.513618396136959e-07,0.00015759634575105268,0.00015759634575105268,1.571604961842346e-09,-0.013027236792273918
9.975000000000001,20089.50934861773,-6.540633151736094e-07,0.00015764282672974043,0.00015764282672974043,1.5713881684335253e-09,-0.013081266303472188
9.981250000000001,20089.775703589614,-6.560096260193955e-07,0.0001576896278019947,0.0001576896278019947,1.5711707299077057e-09,-0.013120192520387909
9.9875,20089.938404263074,-6.571985134758125e-07,0.00015773670826529899,0.00015773670826529899,1.5709528973176443e-09,-0.013143970269516251
9.99375,20089.997303959197,-6.576289057329128e-07,0.0001577840274903459,0.0001577840274903459,1.5707349220713562e-09,-0.013152578114658257
10.0,20089.9524192742,-6.573009240592245e-07,0.00015783154492245963,0.00015783154492245963,1.5705170555366612e-09,-0.01314601848118449
10.006250000000001,20089.803930574562,-6.562158864340833e-07,0.00015787922008295813,0.00015787922008295813,1.570299548644527e-09,-0.013124317728681665
10.012500000000001,20089.552182139356,-6.54376308572489e-07,0.00015792701257053167,0.00015792701257053167,1.570082651492071e-09,-0.01308752617144978
10.01875,20089.197681939575,-6.517859023241689e-07,0.00015797488206271195,0.00015797488206271195,1.569866612946095e-09,-0.013035718046483378
10.025,20088.741101058848,-6.484495714362297e-07,0.00015802278831750496,0.00015802278831750496,1.5696516802480232e-09,-0.012968991428724595
10.03125,20088.183272752154,-6.443734046770537e-07,0.00015807069117525595,0.00015807069117525595,1.5694380986211184e-09,-0.012887468093541073
10.037500000000001,20087.52519114545,-6.395646663270979e-07,0.00015811855056081572,0.00015811855056081572,1.5692261108808524e-09,-0.012791293326541957
10.043750000000001,20086.76800957452,-6.340317840507597e-07,0.00015816632648607177,0.00015816632648607177,1.5690159570492946e-09,-0.012680635681015195
10.05,20085.913038570463,-6.277843341713165e-07,0.00015821397905290796,0.00015821397905290796,1.5688078739743813e-09,-0.012555686683426331
10.05625,20084.96174349386,-6.208330243792552e-07,0.00015826146845665252,0.00015826146845665252,1.5686020949549173e-09,-0.012416660487585104
10.0625,20083.915741821424,-6.131896739125323e-07,0.0001583087549900723,0.0001583087549900723,1.5683988493721467e-09,-0.012263793478250648
10.068750000000001,20082.77680009486,-6.048671912549843e-07,0.00015835579904796877,0.00015835579904796877,1.5681983623287152e-09,-0.012097343825099685
10.075000000000001,20081.546830535735,-5.958795494072779e-07,0.00015840256113242856,0.00015840256113242856,1.5680008542958294e-09,-0.011917590988145559
10.08125,20080.227887338544,-5.862417587921162e-07,0.00015844900185877926,0.00015844900185877926,1.5678065407693965e-09,-0.011724835175842323
10.0875,20078.822162647994,-5.759698378631784e-07,0.00015849508196229866,0.00015849508196229866,1.5676156319359066e-09,-0.011519396757263567
10.09375,20077.331982232517,-5.650807814943607e-07,0.000158540762305723,0.000158540762305723,1.5674283323487912e-09,-0.011301615629887213
10.100000000000001,20075.7598008674,-5.535925272327272e-07,0.00015858600388759796,0.00015858600388759796,1.567244840615969e-09,-0.011071850544654543
10.106250000000001,20074.108197435,-5.415239195055318e-07,0.00015863076785151262,0.00015863076785151262,1.5670653490992547e-09,-0.010830478390110636
10.1125,20072.37986976021,-5.288946718777105e-07,0.0001586750154962555,0.0001586750154962555,1.5668900436262774e-09,-0.010577893437554211
10.11875,20070.57762919279,-5.157253274623873e-07,0.00015871870828692878,0.00015871870828692878,1.566719103215522e-09,-0.010314506549247746
10.125,20068.70439495115,-5.020372175925311e-07,0.00015876180786705376,0.00015876180786705376,1.5665526998150684e-09,-0.010040744351850622
10.131250000000001,20066.76318824403,-4.878524188670466e-07,0.00015880427607169927,0.00015880427607169927,1.5663909980555688e-09,-0.009757048377340934
10.137500000000001,20064.757126186934,-4.7319370868935207e-07,0.0001588460749416617,0.0001588460749416617,1.5662341550179615e-09,-0.009463874173787041
10.14375,20062.68941552626,-4.5808451942109414e-07,0.00015888716673872274,0.00015888716673872274,1.5660823200163807e-09,-0.009161690388421883
10.15,20060.56334619424,-4.425488912771003e-07,0.0001589275139620088,0.0001589275139620088,1.5659356343966799e-09,-0.008850977825542006
10.15625,20058.38228470789,-4.2661142409146983e-07,0.00015896707936547313,0.00015896707936547313,1.5657942313509423e-09,-0.008532228481829397
10.162500000000001,20056.149667431313,-4.102972280874933e-07,0.00015900582597651937,0.00015900582597651937,1.5656582357483098e-09,-0.008205944561749865
10.168750000000001,20053.868993720724,-3.936318737865194e-07,0.00015904371711578243,0.00015904371711578243,1.5655277639824135e-09,-0.007872637475730387
10.175,20051.543818971037,-3.7664134119279805e-07,0.00015908071641808057,0.00015908071641808057,1.5654029238356483e-09,-0.007532826823855961
10.18125,20049.17774758095,-3.593519683928721e-07,0.0001591167878545486,0.0001591167878545486,1.5652838143604843e-09,-0.007187039367857442
10.1875,20046.774425858,-3.417903997089372e-07,0.00015915189575596087,0.00015915189575596087,1.565170525777963e-09,-0.006835807994178744
10.193750000000001,20044.337534880928,-3.239835335459904e-07,0.00015918600483724816,0.00015918600483724816,1.5650631393934803e-09,-0.006479670670919808
10.200000000000001,20041.870783340597,-3.059584700724596e-07,0.00015921908022321207,0.00015921908022321207,1.56496172752991e-09,-0.006119169401449192
10.20625,20039.377900374857,-2.877424588735627e-07,0.00015925108747543478,0.00015925108747543478,1.5648663534780797e-09,-0.005754849177471254
10.2125,20036.862628421797,-2.6936284671524163e-07,0.00015928199262038115,0.00015928199262038115,1.5647770714645585e-09,-0.005387256934304832
10.21875,20034.328716103748,-2.5084702555524996e-07,0.0001593117621786863,0.0001593117621786863,1.5646939266366785e-09,-0.005016940511104999
10.225000000000001,20031.779911164733,-2.3222238093571804e-07,0.00015934036319561811,0.00015934036319561811,1.5646169550646614e-09,-0.0046444476187143605
10.231250000000001,20029.21995347887,-2.1351624088893894e-07,0.00015936776327270182,0.00015936776327270182,1.5645461837606806e-09,-0.0042703248177787785
10.2375,20026.65256814536,-1.9475582548524622e-07,0.00015939393060048965,0.00015939393060048965,1.564481630714645e-09,-0.0038951165097049247
10.24375,20024.081458689467,-1.7596819714838464e-07,0.00015941883399245548,0.00015941883399245548,1.5644233049464527e-09,-0.003519363942967693
10.25,20021.510300384023,-1.57180211859952e-07,0.00015944244291999098,0.00015944244291999098,1.5643712065744177e-09,-0.0031436042371990403
10.256250000000001,20018.942733711025,-1.3841847137010385e-07,0.00015946472754847543,0.00015946472754847543,1.5643253268995362e-09,-0.002768369427402077
10.262500000000001,20016.38235797273,-1.1970927652747664e-07,0.00015948565877438875,0.00015948565877438875,1.564285648505222e-09,-0.0023941855305495328
10.26875,20013.83272507395,-1.0107858183588741e-07,0.00015950520826343232,0.00015950520826343232,1.5642521453721053e-09,-0.002021571636717748
10.275,20011.29733348538,-8.25519513403374e-08,0.00015952334848961914,0.00015952334848961914,1.5642247830074523e-09,-0.0016510390268067482
10.28125,20008.779622400296,-6.415451593941603e-08,0.00015954005277529055,0.00015954005277529055,1.5642035185887345e-09,-0.0012830903187883206
10.287500000000001,20006.282966101648,-4.59109322149613e-08,0.0001595552953320121,0.0001595552953320121,1.564188301120844e-09,-0.0009182186442992261
10.293750000000001,20003.81066854628,-2.7845342864155353e-08,0.00015956905130229832,0.00015956905130229832,1.5641790716064235e-09,-0.000556906857283107
10.3,20001.365958180613,-9.98133881267042e-09,0.0001595812968021103,0.0001595812968021103,1.5641757632287548e-09,-0.00019962677625340842
10.30625,19998.951982996005,7.658076918858229e-09,0.00015959200896406678,0.00015959200896406678,1.5641783015466236e-09,0.00015316153837716457
10.3125,19996.571805831427,2.5050523529315158e-08,0.0001596011659813048,0.0001596011659813048,1.564186604700558e-09,0.0005010104705863032
10.318750000000001,19994.228399936015,4.217427487387231e-08,0.00015960874715192103,0.00015960874715192103,1.5642005836298182e-09,0.0008434854974774462
10.325000000000001,19991.924644793307,5.9008289970795635e-08,0.00015961473292392092,0.00015961473292392092,1.5642201422994984e-09,0.0011801657994159128
10.33125,19989.663322217,7.553224153330844e-08,0.00015961910494059837,0.00015961910494059837,1.5642451779370859e-09,0.0015106448306661689
10.3375,19987.447112721227,9.172654248817783e-08,0.00015962184608626318,0.00015962184608626318,1.5642755812778084e-09,0.0018345308497635566
10.34375,19985.278592172745,1.0757237044995639e-07,0.00015962294053222981,0.00015962294053222981,1.564311236818096e-09,0.002151447408999128
10.350000000000001,19983.160228721976,1.23051690126196e-07,0.0001596223737829763,0.0001596223737829763,1.5643520230764669e-09,0.0024610338025239198
10.356250000000001,19981.09438002573,1.3814727363657997e-07,0.00015962013272237678,0.00015962013272237678,1.5643978128611502e-09,0.0027629454727315992
10.3625,19979.083290750827,1.5284271873484896e-07,0.00015961620565990755,0.00015961620565990755,1.5644484735437467e-09,0.003056854374696979
10.36875,19977.1290903686,1.671224649296909e-07,0.00015961058237672128,0.00015961058237672128,1.5645038673382343e-09,0.003342449298593818
10.375,19975.23379123754,1.8097180750714526e-07,0.00015960325417147992,0.00015960325417147992,1.5645638515846212e-09,0.0036194361501429052
10.381250000000001,19973.39928696828,1.9437690946317554e-07,0.0001595942139058322,0.0001595942139058322,1.564628279036553e-09,0.003887538189263511
10.387500000000001,19971.62735107449,2.0732481136160524e-07,0.00015958345604941734,0.00015958345604941734,1.5646969981521882e-09,0.004146496227232105
10.39375,19969.919635906725,2.1980343913862097e-07,0.00015957097672427285,0.00015957097672427285,1.5647698533876615e-09,0.004396068782772419
10.4,19968.277671860324,2.3180160988054606e-07,0.0001595567737485193,0.0001595567737485193,1.5648466854924598e-09,0.004636032197610921
10.40625,19966.70286685708,2.433090356072754e-07,0.0001595408466791919,0.0001595408466791919,1.5649273318060544e-09,0.004866180712145509
10.412500000000001,19965.19650609734,2.5431632509932364e-07,0.000159523196854085,0.000159523196854085,1.5650116265551377e-09,0.005086326501986473
10.418750000000001,19963.75975206918,2.648149838108529e-07,0.0001595038274324709,0.0001595038274324709,1.565099401150831e-09,0.005296299676217058
10.425,19962.39364481838,2.7479741191652033e-07,0.00015948274343455322,0.00015948274343455322,1.5651904844852462e-09,0.005495948238330406
10.43125,19961.099102462045,2.8425690054374873e-07,0.0001594599517795097,0.0001594599517795097,1.5652847032267963e-09,0.005685138010874975
10.4375,19959.876921945524,2.9318762624659216e-07,0.00015943546132197846,0.00015943546132197846,1.565381882113677e-09,0.0058637525249318435
10.443750000000001,19958.727780031684,3.0158464378111095e-07,0.0001594092828868382,0.0001594092828868382,1.5654818442449517e-09,0.006031692875622219
10.450000000000001,19957.652234512367,3.0944387724547516e-07,0.00015938142930213114,0.00015938142930213114,1.5655844113687003e-09,0.0061888775449095036
10.45625,19956.65072563624,3.167621096514519e-07,0.00015935191542997562,0.00015935191542997562,1.5656894041667116e-09,0.006335242193029038
10.4625,19955.723577741115,3.2353697099662407e-07,0.00015932075819531438,0.00015932075819531438,1.5657966425352224e-09,0.006470739419932482
10.46875,19954.871001080897,3.2976692490916036e-07,0.00015928797661234236,0.00015928797661234236,1.565905945861229e-09,0.006595338498183207
10.475000000000001,19954.09309384023,3.354512539394108e-07,0.00015925359180845924,0.00015925359180845924,1.566017133293925e-09,0.006709025078788216
10.481250000000001,19953.389844319456,3.405900435739088e-07,0.00015921762704558987,0.00015921762704558987,1.5661300240108387e-09,0.006811800871478177
10.4875,19952.761133289318,3.4518416504964623e-07,0.00015918010773871785,0.00015918010773871785,1.5662444374782753e-09,0.006903683300992925
10.49375,19952.206736494038,3.4923525704688917e-07,0.00015914106147147766,0.00015914106147147766,1.5663601937056912e-09,0.006984705140937783
10.5,19951.72632730085,3.527457063403493e-07,0.0001591005180086518,0.0001591005180086518,1.566477113493654e-09,0.007054914126806986
10.506250000000001,19951.319479478185,3.5571862748862256e-07,0.00015905850930542252,0.00015905850930542252,1.566595018675072e-09,0.007114372549772451
10.512500000000001,19950.985670098056,3.58157841642476e-07,0.0001590150695132299,0.0001590150695132299,1.5667137323493972e-09,0.00716315683284952
10.51875,19950.724282541945,3.6006785455194183e-07,0.0001589702349820902,0.0001589702349820902,1.5668330791095414e-09,0.0072013570910388364
10.525,19950.534609613405,3.6145383385282414e-07,0.00015892404425923415,0.00015892404425923415,1.5669528852612617e-09,0.007229076677056483
10.53125,19950.41585673154,3.623215857115415e-07,0.00015887653808392772,0.00015887653808392772,1.5670729790348054e-09,0.00724643171423083
10.537500000000001,19950.367145204724,3.626775309072242e-07,0.00015882775937834328,0.00015882775937834328,1.5671931907886282e-09,0.0072535506181444845
10.543750000000001,19950.38751557131,3.625286804285644e-07,0.00015877775323435537,0.00015877775323435537,1.5673133532050214e-09,0.007250573608571288
10.55,19950.475930993278,3.6188261066145136e-07,0.00015872656689614118,0.00015872656689614118,1.5674333014775177e-09,0.007237652213229027
10.55625,19950.631280699363,3.607474382423212e-07,0.00015867424973847275,0.00015867424973847275,1.56755287348996e-09,0.007214948764846425
10.5625,19950.852383461508,3.5913179464992167e-07,0.0001586208532405961,0.0001586208532405961,1.567671909987149e-09,0.007182635892998434
10.568750000000001,19951.137991097658,3.5704480060653326e-07,0.00015856643095559994,0.00015856643095559994,1.5677902547370066e-09,0.007140896012130665
10.575000000000001,19951.48679199249,3.544960403575714e-07,0.00015851103847518722,0.00015851103847518722,1.567907754684213e-09,0.007089920807151428
10.58125,19951.897414624447,3.5149553589605307e-07,0.0001584547333897702,0.0001584547333897702,1.5680242600953016e-09,0.0070299107179210615
10.5875,19952.36843109135,3.48053721196119e-07,0.00015839757524382242,0.00015839757524382242,1.5681396246952119e-09,0.00696107442392238
10.59375,19952.89836062786,3.4418141651728514e-07,0.00015833962548642997,0.00015833962548642997,1.5682537057953264e-09,0.006883628330345703
10.600000000000001,19953.48567310356,3.398898028382773e-07,0.00015828094741699732,0.00015828094741699732,1.5683663644130342e-09,0.006797796056765546
10.606250000000001,19954.128792496733,3.3519039647668683e-07,0.0001582216061260742,0.0001582216061260742,1.5684774653828797e-09,0.0067038079295337364
10.6125,19954.82610033429,3.300950239477577e-07,0.00015816166843128342,0.00015816166843128342,1.568586877459381e-09,0.006601900478955153
10.61875,19955.575939093946,3.246157971127717e-07,0.00015810120280834288,0.00015810120280834288,1.5686944734116086e-09,0.006492315942255434
10.625,19956.37661555758,3.1876508866436337e-07,0.00015804027931718787,0.00015804027931718787,1.5688001301096399e-09,0.0063753017732872674
10.631250000000001,19957.226404114852,3.1255550799331495e-07,0.00015797896952321523,0.00015797896952321523,1.5689037286030145e-09,0.006251110159866299
10.637500000000001,19958.123550008175,3.0599987747818657e-07,0.00015791734641368513,0.00015791734641368513,1.5690051541913302e-09,0.006119997549563732
10.64375,19959.066272513875,2.991112092361153e-07,0.00015785548430933112,0.00015785548430933112,1.5691042964871333e-09,0.0059822241847223056
10.65,19960.052768055182,2.919026823699585e-07,0.0001577934587712456,0.0001577934587712456,1.5692010494712662e-09,0.005838053647399169
10.65625,19961.081213246005,2.843876207443757e-07,0.0001577313465031222,0.0001577313465031222,1.5692953115408509e-09,0.005687752414887514
10.662500000000001,19962.14976785335,2.765794713195927e-07,0.0001576692252489546,0.0001576692252489546,1.5693869855500886e-09,0.005531589426391854
10.668750000000001,19963.256577683802,2.6849178306947126e-07,0.00015760717368630526,0.00015760717368630526,1.5694759788440735e-09,0.005369835661389425
10.675,19964.399777385817,2.6013818650704216e-07,0.00015754527131527687,0.00015754527131527687,1.5695622032858195e-09,0.005202763730140844
10.68125,19965.57749316412,2.51532373837815e-07,0.00015748359834333287,0.00015748359834333287,1.569645575276708e-09,0.0050306474767563
10.6875,19966.78784540924,2.4268807975863487e-07,0.00015742223556613281,0.00015742223556613281,1.5697260157705721e-09,0.004853761595172697
10.693750000000001,19968.028951233977,2.3361906291677775e-07,0.00015736126424456258,0.00015736126424456258,1.569803450281636e-09,0.004672381258335555
10.700000000000001,19969.298926918225,2.2433908804137153e-07,0.0001573007659781581,0.0001573007659781581,1.5698778088865294e-09,0.004486781760827431
10.70625,19970.595890262342,2.1486190875692415e-07,0.00015724082257513532,0.00015724082257513532,1.5699490262206078e-09,0.004297238175138483
10.7125,19971.91796284344,2.0520125108565101e-07,0.00015718151591925737,0.00015718151591925737,1.5700170414688035e-09,0.00410402502171302
10.71875,19973.26327217946,1.9537079764355775e-07,0.00015712292783378432,0.00015712292783378432,1.5700817983512377e-09,0.003907415952871155
10.725000000000001,19974.629953795444,1.853841725323082e-07,0.0001570651399427669,0.0001570651399427669,1.5701432451038263e-09,0.003707683450646164
10.731250000000001,19976.016153196982,1.7525492692718832e-07,0.0001570082335299599,0.0001570082335299599,1.5702013344541074e-09,0.0035050985385437663
10.7375,19977.420027747114,1.649965253590457e-07,0.00015695228939564693,0.00015695228939564693,1.5702560235925231e-09,0.003299930507180914
10.74375,19978.839748448638,1.5462233268618344e-07,0.00015689738771167974,0.00015689738771167974,1.570307274139382e-09,0.0030924466537236685
10.75,19980.273501634,1.441456017504335e-07,0.00015684360787505098,0.00015684360787505098,1.57035505210773e-09,0.00288291203500867
10.756250000000001,19981.719490562653,1.3357946170975393e-07,0.00015679102836032958,0.00015679102836032958,1.570399327862356e-09,0.0026715892341950785
10.762500000000001,19983.175936925178,1.2293690703791687e-07,0.00015673972657130093,0.00015673972657130093,1.5704400760751487e-09,0.0024587381407583375
10.76875,19984.64108225984,1.1223078718059962e-07,0.00015668977869216436,0.00015668977869216436,1.5704772756770268e-09,0.0022446157436119924
10.775,19986.11318927862,1.0147379685543407e-07,0.00015664125953865015,0.00015664125953865015,1.570510909806653e-09,0.0020294759371086817
10.78125,19987.590543110487,9.067846698269105e-08,0.00015659424240942687,0.00015659424240942687,1.5705409657561426e-09,0.001813569339653821
10.787500000000001,19989.071452456858,7.985715623155006e-08,0.00015654879893817807,0.00015654879893817807,1.5705674349139696e-09,0.0015971431246310011
10.793750000000001,19990.554250666537,6.902204316618038e-08,0.0001565049989467339,0.0001565049989467339,1.57059031270527e-09,0.0013804408633236076
10.8,19992.03729673091,5.818511897479092e-08,0.00015646291029964763,0.00015646291029964763,1.5706095985297345e-09,0.0011637023794958184
10.80625,19993.51897620168,4.735818076388253e-08,0.0001564225987606127,0.0001564225987606127,1.5706252956972796e-09,0.0009471636152776507
10.8125,19994.997702034136,3.6552825399225974e-08,0.0001563841278511176,0.0001563841278511176,1.5706374113616755e-09,0.0007310565079845195
10.818750000000001,19996.471915357346,2.5780443874300452e-08,0.0001563475587117378,0.0001563475587117378,1.5706459564523094e-09,0.0005156088774860091
10.825000000000001,19997.94008617483,1.5052216186459418e-08,0.0001563129499664644,0.0001563129499664644,1.5706509456042487e-09,0.00030104432372918835
10.83125,19999.40071400013,4.3791067006446425e-09,0.00015628035759046734,0.00015628035759046734,1.5706523970867692e-09,8.758213401289285e-05
10.8375,20000.852328427314,-6.22814001998758e-09,0.0001562498347816886,0.0001562498347816886,1.5706503327304994e-09,-0.0001245628003997516
10.84375,20002.29348963943,-1.675900293760044e-08,0.00015622143183665734,0.00015622143183665734,1.5706447778533324e-09,-0.00033518005875200876
10.850000000000001,20003.722788861367,-2.7203187838318526e-08,0.00015619519603091172,0.00015619519603091172,1.5706357611852431e-09,-0.0005440637567663705
10.856250000000001,20005.13884875423,-3.755063022747413e-08,0.0001561711715044073,0.0001561711715044073,1.570623314792147e-09,-0.0007510126045494826
10.8625,20006.54032376146,-4.7791497842544265e-08,0.00015614939915228117,0.00015614939915228117,1.5706074739989248e-09,-0.0009558299568508853
10.86875,20007.92590040254,-5.7916192805321997e-08,0.0001561299165213328,0.0001561299165213328,1.5705882773117342e-09,-0.00115832385610644
10.875,20009.294297519104,-6.791535343466927e-08,0.00015611275771257007,0.00015611275771257007,1.5705657663397215e-09,-0.0013583070686933854
10.881250000000001,20010.64426648308,-7.777985574057102e-08,0.00015609795329015637,0.00015609795329015637,1.570539985716237e-09,-0.0015555971148114205
10.887500000000001,20011.97459135695,-8.75008146209276e-08,0.00015608553019708053,0.00015608553019708053,1.5705109830196536e-09,-0.001750016292418552
10.89375,20013.284089022014,-9.70695847812847e-08,0.00015607551167785556,0.00015607551167785556,1.5704788086938822e-09,-0.001941391695625694
10.9,20014.57160926829,-1.064777613981699e-07,0.0001560679172085353,0.0001560679172085353,1.570443515968665e-09,-0.002129555227963398
10.90625,20015.836034852724,-1.157171805458931e-07,0.0001560627624343194,0.0001560627624343194,1.5704051607797289e-09,-0.002314343610917862
10.912500000000001,20017.0762815281,-1.2477991940643495e-07,0.00015606005911499805,0.00015606005911499805,1.5703638016888688e-09,-0.002495598388128699
10.918750000000001,20018.29129804464,-1.336582962815693e-07,0.00015605981507846726,0.00015605981507846726,1.5703194998040271e-09,-0.002673165925631386
10.925,20019.480066127697,-1.4234487042584973e-07,0.00015606203418252275,0.00015606203418252275,1.5702723186994278e-09,-0.0028468974085169947
10.93125,20020.64160043222,-1.5083244171873268e-07,0.00015606671628511876,0.00015606671628511876,1.5702223243358206e-09,-0.0030166488343746534
10.9375,20021.774948477752,-1.5911405019338204e-07,0.00015607385722325395,0.00015607385722325395,1.5701695849808798e-09,-0.003182281003867641
10.943750000000001,20022.87919056887,-1.6718297543907664e-07,0.00015608344880062137,0.00015608344880062137,1.5701141711298024e-09,-0.0033436595087815327
10.950000000000001,20023.953439695462,-1.7503273589398432e-07,0.00015609547878413482,0.00015609547878413482,1.5700561554261399e-09,-0.0035006547178796864
10.95625,20024.99684142546,-1.82657088043779e-07,0.00015610993090941697,0.00015610993090941697,1.5699956125828957e-09,-0.00365314176087558
10.9625,20026.008573782867,-1.9005002554157145e-07,0.00015612678489530855,0.00015612678489530855,1.5699326193039152e-09,-0.003801000510831429
10.96875,20026.987847119646,-1.9720577826350214e-07,0.00015614601646743025,0.00015614601646743025,1.5698672542055875e-09,-0.003944115565270043
10.975000000000001,20027.9339039783,-2.0411881131409917e-07,0.00015616759739080108,0.00015616759739080108,1.5697995977388776e-09,-0.004082376226281983
10.981250000000001,20028.846018952016,-2.1078382399431327e-07,0.0001561914955114899,0.0001561914955114899,1.5697297321117007e-09,-0.004215676479886265
10.9875,20029.723498539097,-2.171957487450614e-07,0.00015621767480724784,0.00015621767480724784,1.5696577412116463e-09,-0.004343914974901228
10.99375,20030.56568099745,-2.2334975007784094e-07,0.00015624609544704116,0.00015624609544704116,1.5695837105290573e-09,-0.0044669950015568186
11.0,20031.3719361972,-2.292412235037362e-07,0.00015627671385937705,0.00015627671385937705,1.5695077270804635e-09,-0.004584824470074724
11.006250000000001,20032.141665475363,-2.3486579447118069e-07,0.00015630948280928564,0.00015630948280928564,1.569429879332367e-09,-0.004697315889423613
11.012500000000001,20032.874301494194,-2.402193173220909e-07,0.00015634435148379454,0.00015634435148379454,1.5693502571253746e-09,-0.004804386346441819
11.01875,20033.569308100065,-2.452978742756417e-07,0.00015638126558570483,0.00015638126558570483,1.5692689515986663e-09,-0.004905957485512834
11.025,20034.22618019157,-2.5009777444768653e-07,0.000156420167435451,0.000156420167435451,1.569186055114789e-09,-0.005001955488953731
11.03125,20034.844443589478,-2.546155529137121e-07,0.0001564609960808004,0.0001564609960808004,1.5691016611847605e-09,-0.005092311058274243
11.037500000000001,20035.42365491629,-2.588479698220813e-07,0.0001565036874141232,0.0001565036874141232,1.5690158643934679e-09,-0.005176959396441626
11.043750000000001,20035.96340148207,-2.627920095638482e-07,0.00015654817429693936,0.00015654817429693936,1.5689287603253408e-09,-0.005255840191276964
11.05,20036.463301179985,-2.6644488000463027e-07,0.00015659438669142449,0.00015659438669142449,1.5688404454902796e-09,-0.005328897600092606
11.05625,20036.92300239014,-2.698040117833795e-07,0.00015664225179853563,0.00015664225179853563,1.5687510172498155e-09,-0.005396080235667591
11.0625,20037.342183892782,-2.7286705768231707e-07,0.00015669169420239496,0.00015669169420239496,1.5686605737434798e-09,-0.005457341153646341
11.068750000000001,20037.720554792675,-2.756318920713789e-07,0.00015674263602055035,0.00015674263602055035,1.5685692138153572e-09,-0.005512637841427578
11.075000000000001,20038.057854454193,-2.780966104300334e-07,0.0001567949970597126,0.0001567949970597126,1.5684770369407978e-09,-0.005561932208600668
11.08125,20038.35385244583,-2.8025952894872034e-07,0.00015684869497655164,0.00015684869497655164,1.568384143153261e-09,-0.005605190578974407
11.0875,20038.60834849753,-2.8211918421130226e-07,0.0001569036454431182,0.0001569036454431182,1.568290632971265e-09,-0.0056423836842260456
11.09375,20038.82117246751,-2.836743329595359e-07,0.0001569597623164432,0.0001569597623164432,1.5681966073254128e-09,-0.005673486659190718
11.100000000000001,20038.992184322837,-2.849239519395955e-07,0.00015701695781185368,0.00015701695781185368,1.5681021674854726e-09,-0.00569847903879191
11.106250000000001,20039.121274127574,-2.858672378305512e-07,0.0001570751426795344,0.0001570751426795344,1.5680074149874777e-09,-0.005717344756611024
11.1125,20039.208362045763,-2.8650360725350996e-07,0.00015713422638385311,0.00015713422638385311,1.567912451560826e-09,-0.005730072145070199
11.11875,20039.253398352826,-2.8683269685998373e-07,0.0001571941172849609,0.0001571941172849609,1.56781737905535e-09,-0.005736653937199675
11.125,20039.25636345812,-2.868543634972478e-07,0.00015725472282217316,0.00015725472282217316,1.5677222993683303e-09,-0.005737087269944955
11.131250000000001,20039.217267938002,-2.8656868444785506e-07,0.00015731594969863234,0.00015731594969863234,1.5676273143714325e-09,-0.005731373688957101
11.137500000000001,20039.136152577557,-2.8597595774000374e-07,0.00015737770406675078,0.00015737770406675078,1.5675325258375384e-09,-0.005719519154800075
11.14375,20039.013088423355,-2.8507670252473946e-07,0.0001574398917139334,0.0001574398917139334,1.5674380353674538e-09,-0.005701534050494789
11.15,20038.84817684342,-2.83871659515516e-07,0.00015750241824807854,0.00015750241824807854,1.567343944316471e-09,-0.00567743319031032
11.15625,20038.641549593594,-2.823617914852423e-07,0.00015756518928236127,0.00015756518928236127,1.5672503537207645e-09,-0.005647235829704846
11.162500000000001,20038.393368895526,-2.8054828381489585e-07,0.00015762811061880626,0.00015762811061880626,1.5671573642236072e-09,-0.005610965676297917
11.168750000000001,20038.103827514824,-2.7843254508803976e-07,0.00015769108843016521,0.00015769108843016521,1.5670650760013877e-09,-0.005568650901760795
11.175,20037.77314885044,-2.7601620772421853e-07,0.00015775402943962144,0.00015775402943962144,1.5669735886894193e-09,-0.005520324154484371
11.18125,20037.401587024106,-2.7330112864443856e-07,0.00015781684109785545,0.00015781684109785545,1.5668830013075269e-09,-0.005466022572888771
11.1875,20036.989426975575,-2.7028938996096775e-07,0.00015787943175701543,0.00015787943175701543,1.5667934121854062e-09,-0.005405787799219355
11.193750000000001,20036.53698455859,-2.6698329968349707e-07,0.00015794171084115095,0.00015794171084115095,1.5667049188877485e-09,-0.005339665993669941
11.200000000000001,20036.044606638963,-2.633853924330482e-07,0.00015800358901268318,0.00015800358901268318,1.566617618139129e-09,-0.0052677078486609635
11.20625,20035.51267119254,-2.5949843015465576e-07,0.0001580649783344996,0.0001580649783344996,1.566531605748659e-09,-0.005189968603093115
11.2125,20034.94158739989,-2.553254028195961e-07,0.0001581257924272805,0.0001581257924272805,1.5664469765344045e-09,-0.0051065080563919224
11.21875,20034.331795741913,-2.50869529107009e-07,0.0001581859466216823,0.0001581859466216823,1.5663638242475805e-09,-0.005017390582140181
11.225000000000001,20033.683768085946,-2.4613425705512975e-07,0.00015824535810502247,0.00015824535810502247,1.5662822414965277e-09,-0.004922685141102595
11.231250000000001,20032.998007772174,-2.411232646710941e-07,0.0001583039460621332,0.0001583039460621332,1.5662023196704883e-09,-0.004822465293421882
11.2375,20032.27504968797,-2.3584046048870426e-07,0.00015836163181007137,0.00015836163181007137,1.5661241488631962e-09,-0.004716809209774085
11.24375,20031.515460336508,-2.3028998406265323e-07,0.00015841833892639654,0.00015841833892639654,1.566047817796304e-09,-0.004605799681253064
11.25,20030.719837893565,-2.2447620638766502e-07,0.00015847399337075164,0.00015847399337075164,1.5659734137426703e-09,-0.0044895241277533
11.256250000000001,20029.888812253186,-2.1840373023060168e-07,0.00015852852359950575,0.00015852852359950575,1.565901022449538e-09,-0.004368074604612034
11.262500000000001,20029.023045059963,-2.1207739036327855e-07,0.00015858186067324364,0.00015858186067324364,1.5658307280616339e-09,-0.004241547807265571
11.26875,20028.123229724664,-2.0550225368363172e-07,0.00015863393835691104,0.00015863393835691104,1.5657626130442298e-09,-0.0041100450736726345
11.275,20027.190091424658,-1.986836192124215e-07,0.00015868469321245196,0.00015868469321245196,1.5656967581062036e-09,-0.00397367238424843
11.28125,20026.224387084487,-1.916270179526045e-07,0.00015873406468379858,0.00015873406468379858,1.5656332421231475e-09,-0.00383254035905209
11.287500000000001,20025.226905335854,-1.843382125983341e-07,0.0001587819951741022,0.0001587819951741022,1.5655721420605725e-09,-0.003686764251966682
11.293750000000001,20024.19846645474,-1.7682319708034258e-07,0.00015882843011511848,0.00015882843011511848,1.565513532897263e-09,-0.0035364639416068516
11.3,20023.139922277103,-1.6908819593422022e-07,0.00015887331802868671,0.00015887331802868671,1.5654574875488427e-09,-0.0033817639186844045
11.30625,20022.052156083602,-1.6113966347840569e-07,0.00015891661058026898,0.00015891661058026898,1.5654040767916098e-09,-0.0032227932695681138
11.3125,20020.936082461612,-1.5298428278810776e-07,0.0001589582626245403,0.0001589582626245403,1.5653533691867155e-09,-0.003059685655762155
11.318750000000001,20019.792647132825,-1.446289644519052e-07,0.0001589982322430463,0.0001589982322430463,1.565305431004753e-09,-0.002892579289038104
11.325000000000001,20018.62282675378,-1.3608084509725532e-07,0.00015903648077396912,0.00015903648077396912,1.5652603261508354e-09,-0.0027216169019451063
11.33125,20017.427628678684,-1.2734728567168787e-07,0.0001590729728340671,0.0001590729728340671,1.565218116090243e-09,-0.0025469457134337575
11.3375,20016.20809069003,-1.184358694661978e-07,0.0001591076763328765,0.0001591076763328765,1.5651788597747263e-09,-0.002368717389323956
11.34375,20014.965280690772,-1.0935439986763965e-07,0.00015914056247928653,0.00015914056247928653,1.565142613569555e-09,-0.002187087997352793
11.350000000000001,20013.70029635749,-1.001108978270631e-07,0.00015917160578062084,0.00015917160578062084,1.5651094311814029e-09,-0.002002217956541262
11.356250000000001,20012.414264754232,-9.071359903113483e-08,0.00015920078403437935,0.00015920078403437935,1.5650793635871744e-09,-0.0018142719806226967
11.3625,20011.1083419013,-8.117095076416133e-08,0.000159228078312814,0.000159228078312814,1.5650524589638679e-09,-0.0016234190152832266
11.36875,20009.78371230409,-7.149160844820876e-08,0.00015925347294053153,0.00015925347294053153,1.5650287626195873e-09,-0.0014298321689641754
11.375,20008.44158843218,-6.168443184967077e-08,0.00015927695546533372,0.00015927695546533372,1.5650083169258117e-09,-0.0012336886369934154
11.381250000000001,20007.083210153283,-5.175848094059024e-08,0.00015929851662252223,0.00015929851662252223,1.564991161251035e-09,-0.0010351696188118048
11.387500000000001,20005.709844119036,-4.172301140363336e-08,0.00015931815029291045,0.00015931815029291045,1.5649773318958967e-09,-0.0008344602280726672
11.39375,20004.322783098512,-3.1587469770270465e-08,0.0001593358534547996,0.0001593358534547996,1.564966862029924e-09,-0.0006317493954054093
11.4,20002.92334526165,-2.1361488182029996e-08,0.00015935162613018873,0.00015935162613018873,1.56495978163001e-09,-0.0004272297636405999
11.40625,20001.51287340983,-1.1054878765382102e-08,0.00015936547132549994,0.00015936547132549994,1.5649561174207568e-09,-0.00022109757530764203
11.412500000000001,20000.092734151633,-6.776276115310818e-10,0.00015937739496711103,0.00015937739496711103,1.5649558928168135e-09,-1.3552552230621637e-05
11.418750000000001,19998.664317023948,9.760111647007162e-09,0.0001593874058319964,0.0001593874058319964,1.5649591278673435e-09,0.00019520223294014325
11.425,19997.229033556185,2.0248024670350558e-08,0.0001593955154737848,0.0001593955154737848,1.5649658392027576e-09,0.00040496049340701116
11.43125,19995.788316279144,3.0775643662322913e-08,0.00015940173814454943,0.00015940173814454943,1.5649760399838493e-09,0.0006155128732464582
11.4375,19994.34361767372,4.133235504417815e-08,0.0001594060907126502,0.0001594060907126502,1.5649897398534747e-09,0.0008266471008835629
11.443750000000001,19992.896409062752,5.190740755585726e-08,0.00015940859257695302,0.00015940859257695302,1.5650069448909169e-09,0.0010381481511171453
11.450000000000001,19991.448179442876,6.248992078849827e-08,0.00015940926557775193,0.00015940926557775193,1.5650276575690788e-09,0.0012497984157699654
11.45625,19990.0004342589,7.30688941511257e-08,0.00015940813390472307,0.00015940813390472307,1.565051876714648e-09,0.001461377883022514
11.4625,19988.554694114413,8.363321627296209e-08,0.00015940522400223768,0.00015940522400223768,1.565079597471379e-09,0.001672664325459242
11.46875,19987.112493428234,9.417167484235617e-08,0.00015940056447236178,0.00015940056447236178,1.5651108112666336e-09,0.0018834334968471235
11.475000000000001,19985.675379026132,1.0467296688149073e-07,0.00015939418597586712,0.00015939418597586712,1.5651455057813315e-09,0.0020934593376298145
11.481250000000001,19984.24490867659,1.1512570945531311e-07,0.00015938612113157444,0.00015938612113157444,1.5651836649234461e-09,0.002302514189106262
11.4875,19982.822649565856,1.255184508116658e-07,0.00015937640441434666,0.00015937640441434666,1.565225268805196e-09,0.002510369016233316
11.49375,19981.410176714096,1.3583968194828606e-07,0.0001593650720520426,0.0001593650720520426,1.5652702937240678e-09,0.0027167936389657214
11.5,19980.009071336368,1.46077848601288e-07,0.00015935216192173722,0.00015935216192173722,1.565318712147815e-09,0.00292155697202576
11.506250000000001,19978.62091914464,1.5622136364807314e-07,0.0001593377134455056,0.0001593377134455056,1.5653704927035659e-09,0.003124427272961463
11.512500000000001,19977.247308594153,1.6625861991627779e-07,0.00015932176748606022,0.00015932176748606022,1.5654256001711785e-09,0.0033251723983255556
11.51875,19975.889829076976,1.7617800338922084e-07,0.00015930436624252264,0.00015930436624252264,1.5654839954809718e-09,0.0035235600677844168
11.525,19974.55006906166,1.859679067964963e-07,0.00015928555314659982,0.00015928555314659982,1.565545635715962e-09,0.003719358135929926
11.53125,19973.22961418372,1.956167435772545e-07,0.00015926537275942658,0.00015926537275942658,1.5656104741187262e-09,0.00391233487154509
11.537500000000001,19971.930045283087,2.0511296220172996e-07,0.00015924387066932295,0.00015924387066932295,1.5656784601030147e-09,0.004102259244034599
11.543750000000001,19970.65293639985,2.144450608358084e-07,0.00015922109339070508,0.00015922109339070508,1.565749539270222e-09,0.004288901216716168
11.55,19969.399852721675,2.2360160233115074e-07,0.0001591970882643758,0.0001591970882643758,1.565823653430828e-09,0.004472032046623014
11.55625,19968.17234848982,2.3257122952235832e-07,0.00015917190335940862,0.00015917190335940862,1.565900740630908e-09,0.004651424590447166
11.5625,19966.97196486791,2.4134268081108397e-07,0.00015914558737682637,0.00015914558737682637,1.5659807351838102e-09,0.0048268536162216795
11.568750000000001,19965.800227771288,2.499048060152826e-07,0.0001591181895552622,0.0001591181895552622,1.5660635677070841e-09,0.004998096120305652
11.575000000000001,19964.658645666746,2.5824658246059133e-07,0.0001590897595787785,0.0001590897595787785,1.566149165164745e-09,0.005164931649211827
11.58125,19963.548707338683,2.663571312889909e-07,0.0001590603474870045,0.0001590603474870045,1.5662374509149411e-09,0.005327142625779818
11.5875,19962.471879632158,2.742257339588487e-07,0.00015903000358774124,0.00015903000358774124,1.5663283447630935e-09,0.005484514679176974
11.59375,19961.429605172823,2.8184184890870814e-07,0.00015899877837216822,0.00015899877837216822,1.5664217630205555e-09,0.005636836978174162
11.600000000000001,19960.423300067167,2.8919512835584556e-07,0.00015896672243277224,0.00015896672243277224,1.566517618568843e-09,0.005783902567116911
11.606250000000001,19959.45435158954,2.962754351993381e-07,0.0001589338863841072,0.0001589338863841072,1.5666158209294657e-09,0.005925508703986762
11.6125,19958.524115858883,3.030728599960205e-07,0.0001589003207864779,0.0001589003207864779,1.5667162763393861e-09,0.00606145719992041
11.61875,19957.63391551069,3.095777379764658e-07,0.00015886607607263012,0.00015886607607263012,1.5668188878321178e-09,0.006191554759529316
11.625,19956.785037366993,3.1578066606685363e-07,0.00015883120247751426,0.00015883120247751426,1.5669235553244664e-09,0.006315613321337073
11.631250000000001,19955.97873011074,3.216725198814859e-07,0.000158795749971179,0.000158795749971179,1.567030175708902e-09,0.006433450397629718
11.637500000000001,19955.216201969877,3.2724447064969965e-07,0.00015875976819483756,0.00015875976819483756,1.5671386429515438e-09,0.006544889412993993
11.64375,19954.498618414495,3.324880020398078e-07,0.00015872330640013803,0.00015872330640013803,1.5672488481957183e-09,0.006649760040796156
11.65,19953.827099874085,3.373949268418488e-07,0.00015868641339165772,0.00015868641339165772,1.56736067987105e-09,0.0067478985368369755
11.65625,19953.202719478977,3.419574034701352e-07,0.00015864913747262873,0.00015864913747262873,1.5674740238080205e-09,0.006839148069402704
11.662500000000001,19952.626500832404,3.4616795224573905e-07,0.00015861152639389344,0.00015861152639389344,1.5675887633579248e-09,0.006923359044914781
11.668750000000001,19952.099415817276,3.5001947141852114e-07,0.00015857362730607637,0.00015857362730607637,1.5677047795181376e-09,0.0070003894283704226
11.675,19951.622382445414,3.5350525288774096e-07,0.00015853548671494963,0.00015853548671494963,1.5678219510625917e-09,0.007070105057754819
11.68125,19951.196262752226,3.5661899757978917e-07,0.00015849715043996,0.00015849715043996,1.567940154677352e-09,0.007132379951595783
11.6875,19950.821860746073,3.5935483044153365e-07,0.00015845866357587648,0.00015845866357587648,1.5680592651011603e-09,0.007187096608830673
11.693750000000001,19950.499920413695,3.61707315007132e-07,0.0001584200704575087,0.0001584200704575087,1.568179155270807e-09,0.00723414630014264
11.700000000000001,19950.231123791295,3.63671467496559e-07,0.00015838141462743932,0.00015838141462743932,1.5682996964711778e-09,0.00727342934993118
11.70625,19950.01608910513,3.6524277040387933e-07,0.0001583427388067056,0.0001583427388067056,1.5684207584898022e-09,0.007304855408077586
11.7125,19949.85536898706,3.664171855335537e-07,0.0001583040848683588,0.0001583040848683588,1.5685422097757244e-09,0.007328343710671074
11.71875,19949.749448771887,3.6719116644341406e-07,0.00015826549381382416,0.00015826549381382416,1.5686639176024982e-09,0.007343823328868281
11.725000000000001,19949.698744881392,3.67561670253413e-07,0.00015822700575197836,0.00015822700575197836,1.5687857482350952e-09,0.00735123340506826
11.731250000000001,19949.703603300597,3.675261687798076e-07,0.0001581886598808559,0.0001581886598808559,1.5689075671005051e-09,0.007350523375596152
11.7375,19949.76429815181,3.670826589552297e-07,0.00015815049447189227,0.00015815049447189227,1.5690292389617879e-09,0.007341653179104594
11.74375,19949.881030371023,3.6622967249588574e-07,0.00015811254685660651,0.00015811254685660651,1.5691506280953317e-09,0.007324593449917715
11.75,19950.053926494336,3.6496628477837085e-07,0.0001580748534156229,0.0001580748534156229,1.5692715984710526e-09,0.007299325695567417
11.756250000000001,19950.283037555448,3.632921228894444e-07,0.00015803744956992944,0.00015803744956992944,1.569392013935262e-09,0.007265842457788888
11.762500000000001,19950.5683381019,3.6120737281365676e-07,0.00015800036977426572,0.00015800036977426572,1.5695117383959173e-09,0.007224147456273135
11.76875,19950.90972533501,3.5871278572516434e-07,0.00015796364751253416,0.00015796364751253416,1.5696306360099568e-09,0.0071742557145032864
11.775,19951.307018374402,3.5580968335142346e-07,0.00015792731529512397,0.00015792731529512397,1.5697485713724146e-09,0.007116193667028469
11.78125,19951.759957656453,3.524999623785999e-07,0.00015789140465803823,0.00015789140465803823,1.5698654097069923e-09,0.007049999247571998
11.787500000000001,19952.268204465752,3.4878609786993525e-07,0.0001578559461637129,0.0001578559461637129,1.5699810170577676e-09,0.006975721957398705
11.793750000000001,19952.831340606197,3.446711456706879e-07,0.0001578209694034164,0.0001578209694034164,1.5700952604816972e-09,0.006893422913413758
11.8,19953.44886821393,3.40158743775141e-07,0.0001577865030011186,0.0001577865030011186,1.5702080082415738e-09,0.00680317487550282
11.80625,19954.120209715482,3.3525311263363136e-07,0.00015775257461871938,0.00015775257461871938,1.570319129999085e-09,0.006705062252672627
11.8125,19954.844707932665,3.2995905437960065e-07,0.0001577192109625262,0.0001577192109625262,1.5704284970076159e-09,0.0065991810875920135
11.818750000000001,19955.621626339995,3.242819509596421e-07,0.00015768643779087328,0.00015768643779087328,1.5705359823044314e-09,0.006485639019192841
11.825000000000001,19956.45014947164,3.1822776115156166e-07,0.00015765427992277492,0.00015765427992277492,1.5706414609018715e-09,0.006364555223031233
11.83125,19957.329383483357,3.1180301645851255e-07,0.0001576227612475085,0.0001576227612475085,1.5707448099771835e-09,0.006236060329170251
11.8375,19958.25835687007,3.0501481586998235e-07,0.00015759190473502412,0.00015759190473502412,1.5708459090606198e-09,0.006100296317399647
11.84375,19959.236021338154,2.9787081948313157e-07,0.00015756173244708084,0.00015756173244708084,1.57094464022142e-09,0.005957416389662631
11.850000000000001,19960.26125283519,2.903792409810895e-07,0.00015753226554901124,0.00015753226554901124,1.5710408882513013e-09,0.00580758481962179
11.856250000000001,19961.332852735966,2.825488389677139e-07,0.00015750352432202002,0.00015750352432202002,1.571134540845075e-09,0.0056509767793542776
11.8625,19962.44954918379,2.7438890716132835e-07,0.00015747552817592424,0.00015747552817592424,1.5712254887780137e-09,0.005487778143226567
11.86875,19963.60999858863,2.6590926345328127e-07,0.00015744829566224664,0.00015744829566224664,1.5713136260795924e-09,0.005318185269065625
11.875,19964.81278727798,2.5712023783998974e-07,0.00015742184448757696,0.00015742184448757696,1.5713988502032286e-09,0.005142404756799794
11.881250000000001,19966.05643330131,2.480326592405964e-07,0.000157396191527119,0.000157396191527119,1.5714810621916527e-09,0.0049606531848119285
11.887500000000001,19967.33938838451,2.3865784121536575e-07,0.0001573713528383451,0.0001573713528383451,1.5715601668375465e-09,0.004773156824307315
11.89375,19968.66004003157,2.2900756660312906e-07,0.00015734734367468413,0.00015734734367468413,1.5716360728390878e-09,0.004580151332062582
11.9,19970.01671377319,2.1909407109948525e-07,0.00015732417849917117,0.00015732417849917117,1.571708692950053e-09,0.004381881421989705
11.90625,19971.40767555455,2.0893002580026216e-07,0.00015730187099799266,0.00015730187099799266,1.5717779441241327e-09,0.004178600516005243
11.912500000000001,19972.831134262808,1.9852851873824677e-07,0.0001572804340938638,0.0001572804340938638,1.571843747653129e-09,0.003970570374764936
11.918750000000001,19974.285244387032,1.8790303544396566e-07,0.00015725987995917856,0.00015725987995917856,1.5719060292987077e-09,0.003758060708879313
11.925,19975.768108807115,1.7706743856453807e-07,0.0001572402200288775,0.0001572402200288775,1.5719647194173966e-09,0.0035413487712907614
11.93125,19977.277781707424,1.6603594657755183e-07,0.0001572214650129822,0.0001572214650129822,1.5720197530785274e-09,0.0033207189315510367
11.9375,19978.812271607945,1.548231116396991e-07,0.00015720362490874847,0.00015720362490874847,1.572071070174836e-09,0.003096462232793982
11.943750000000001,19980.36954450818,1.434437966128341e-07,0.00015718670901239515,0.00015718670901239515,1.5721186155254471e-09,0.0028688759322566823
11.950000000000001,19981.947527137723,1.3191315131275703e-07,0.0001571707259303693,0.0001571707259303693,1.572162338970988e-09,0.0026382630262551405
11.95625,19983.544110306197,1.202465880286096e-07,0.00015715568359011162,0.00015715568359011162,1.5722021954605863e-09,0.002404931760572192
11.9625,19985.157152346917,1.0845975636334777e-07,0.0001571415892502906,0.0001571415892502906,1.5722381451305287e-09,0.0021691951272669553
11.96875,19986.78448264478,9.656851744784457e-08,0.0001571284495104771,0.0001571284495104771,1.572270153374374e-09,0.0019313703489568916
11.975000000000001,19988.423905244734,8.458891758376637e-08,0.00015711627032023547,0.00015711627032023547,1.5722981909043287e-09,0.0016917783516753274
11.981250000000001,19990.07320252694,7.253716137188357e-08,0.00015710505698760988,0.00015710505698760988,1.5723222338037164e-09,0.0014507432274376713
11.9875,19991.73013894916,6.042958438504955e-08,0.0001570948141869894,0.0001570948141869894,1.5723422635703898e-09,0.001208591687700991
11.99375,19993.392464838853,4.8282625446045015e-08,0.0001570855459663377,0.0001570855459663377,1.5723582671509522e-09,0.0009656525089209003
12.0,19995.057920232906,3.611279857263635e-08,0.0001570772557537776,0.0001570772557537776,1.5723702369656828e-09,0.000722255971452727
