t_adimensional,p_outlet_Pa,q_outlet_m3s,w_centro_m,w_max_m,volume_acumulado_m3,potencia_W
0.0,19920.418543631637,1.4197220557692808e-06,2.430172858715212e-08,2.4301728587152146e-08,4.70575824859952e-13,0.028394441115385617
0.00625,19841.56770686887,2.8264099599550546e-06,7.279381332601636e-08,7.279381332601644e-08,1.4074072228743665e-12,0.05652819919910109
0.0125,19763.60052809401,4.217333529177788e-06,1.4536602935575803e-07,1.4536602935575818e-07,2.805269005846402e-12,0.08434667058355576
0.018750000000000003,19686.64763849897,5.590162321235454e-06,2.4190945803566434e-07,2.4190945803566455e-07,4.6581635458209895e-12,0.11180324642470908
0.025,19610.815693585144,6.942993616890556e-06,3.6231661624264967e-07,3.6231661624265e-07,6.959462546557658e-12,0.1388598723378111
0.03125,19536.18724094424,8.274354778653152e-06,5.064815561777813e-07,5.064815561777818e-07,9.702049596836858e-12,0.16548709557306304
0.037500000000000006,19462.821835883013,9.583183348168446e-06,6.742999370612413e-07,6.74299937061242e-07,1.2878456126919943e-11,0.19166366696336892
0.043750000000000004,19390.75814912741,1.0868789445103327e-05,8.656690713045583e-07,8.656690713045591e-07,1.6480984901883068e-11,0.21737578890206655
0.05,19320.016774783428,1.213080567347435e-05,1.0804879486015954e-06,1.0804879486015962e-06,2.0501816911087735e-11,0.24261611346948703
0.05625,19250.603440562656,1.3369129851712767e-05,1.318657241868371e-06,1.3186572418683722e-06,2.493309927517036e-11,0.2673825970342553
0.0625,19182.512341840866,1.4583865533502521e-05,1.5800792991104068e-06,1.5800792991104083e-06,2.976701343828867e-11,0.2916773106700504
0.06875,19115.72936054147,1.5775264583358902e-05,1.8646581251532329e-06,1.8646581251532348e-06,3.4995824326681666e-11,0.31550529166717806
0.07500000000000001,19050.234982200953,1.69436751365824e-05,2.172299356801036e-06,2.1722993568010384e-06,4.061191225822822e-11,0.33887350273164796
0.08125,18986.006782956665,1.808949723174035e-05,2.5029102344615278e-06,2.5029102344615303e-06,4.660779014611207e-11,0.36178994463480696
0.08750000000000001,18923.02141625793,1.9213147368044214e-05,2.856399572662912e-06,2.8563995726629147e-06,5.297610895480607e-11,0.3842629473608843
0.09375,18861.256081672287,2.031503230201094e-05,3.232677731255498e-06,3.2326777312555013e-06,5.970965447079468e-11,0.4063006460402188
0.1,18800.68950158279,2.139553162336e-05,3.6316565884890493e-06,3.631656588489054e-06,6.680133829796769e-11,0.4279106324672
0.10625000000000001,18741.302463695363,2.2454988076727644e-05,4.053249516626519e-06,4.053249516626523e-06,7.424418564508512e-11,0.4490997615345529
0.1125,18683.078007553697,2.3493704234285e-05,4.497371360320118e-06,4.497371360320125e-06,8.203132201036045e-11,0.46987408468569997
0.11875000000000001,18626.001342299947,2.4511943962866603e-05,4.963938417647689e-06,4.9639384176476955e-06,9.015596035233278e-11,0.49023887925733206
0.125,18570.059582381957,2.55099371389265e-05,5.45286842348526e-06,5.452868423485268e-06,9.861138982354098e-11,0.5101987427785301
0.13125,18515.241379970128,2.64878862061493e-05,5.96408053476594e-06,5.964080534765947e-06,1.0739096667775932e-10,0.5297577241229859
0.1375,18461.536519983358,2.7445973400159805e-05,6.497495317129888e-06,6.497495317129894e-06,1.1648810757190867e-10,0.5489194680031961
0.14375000000000002,18408.93552818921,2.8384367739940883e-05,7.053034732486422e-06,7.053034732486427e-06,1.258962851853172e-10,0.5676873547988177
0.15000000000000002,18357.4293269624,2.9303231169057858e-05,7.630622127067732e-06,7.630622127067739e-06,1.3560902587452867e-10,0.5860646233811572
0.15625,18307.008958559254,3.0202723492402564e-05,8.230182219636301e-06,8.23018221963631e-06,1.456199089644256e-10,0.6040544698480513
0.1625,18257.665383334297,3.108300597598592e-05,8.851641089599786e-06,8.851641089599793e-06,1.5592256723252637e-10,0.6216601195197184
0.16875,18209.389350778678,3.1944243647598067e-05,9.49492616487606e-06,9.494926164876068e-06,1.665106881558507e-10,0.6388848729519613
0.17500000000000002,18162.171334748266,3.278660645231365e-05,1.01599662094296e-05,1.0159966209429609e-05,1.7737801554078456e-10,0.655732129046273
0.18125000000000002,18116.00152056521,3.3610269482617196e-05,1.0846691310463653e-05,1.0846691310463663e-05,1.885183512292217e-10,0.6722053896523439
0.1875,18070.869830350883,3.441541252645196e-05,1.1555032865299312e-05,1.155503286529932e-05,1.9992555665490293e-10,0.6883082505290392
0.19375,18026.765973424383,3.520221916812563e-05,1.2284923568003182e-05,1.228492356800319e-05,2.1159355410174514e-10,0.7040443833625126
0.2,17983.679510245405,3.597087564758085e-05,1.303629739584181e-05,1.3036297395841818e-05,2.2351632758406817e-10,0.7194175129516169
0.20625000000000002,17941.599920654713,3.672156964298565e-05,1.3809089595646199e-05,1.3809089595646211e-05,2.3568792332330376e-10,0.734431392859713
0.21250000000000002,17900.516669610333,3.7454489098015666e-05,1.4603236670166726e-05,1.4603236670166735e-05,2.481024498359996e-10,0.7490897819603133
0.21875,17860.41926590118,3.8169821174411e-05,1.5418676364489996e-05,1.541867636449e-05,2.6075407767464204e-10,0.76339642348822
0.225,17821.297311253576,3.886775137592081e-05,1.625534765257761e-05,1.6255347652577613e-05,2.736370388781044e-10,0.7773550275184162
0.23125,17783.14053874001,3.954846286309376e-05,1.7113190723973554e-05,1.7113190723973558e-05,2.8674562619497843e-10,0.7909692572618752
0.23750000000000002,17745.93884045934,4.021213595947424e-05,1.7992146970713895e-05,1.7992146970713895e-05,3.000741921432314e-10,0.8042427191894849
0.24375000000000002,17709.682285141185,4.0858947837539895e-05,1.8892158974460127e-05,1.8892158974460127e-05,3.136171479657651e-10,0.8171789567507979
0.25,17674.361126728025,4.1489072365593744e-05,1.9813170493866497e-05,1.9813170493866504e-05,3.2736896253522637e-10,0.8297814473118749
0.25625000000000003,17639.965805193704,4.210268009316433e-05,2.075512645218222e-05,2.0755126452182222e-05,3.413241612539784e-10,0.8420536018632866
0.2625,17606.48694094572,4.269993835087021e-05,2.171797292508146e-05,2.1717972925081464e-05,3.5547732498717273e-10,0.8539987670174042
0.26875,17573.91532418845,4.328101144017794e-05,2.270165712870816e-05,2.2701657128708163e-05,3.6982308905871756e-10,0.8656202288035588
0.275,17542.241900625497,4.384606088847185e-05,2.3706127407917952e-05,2.3706127407917952e-05,3.84356142331791e-10,0.876921217769437
0.28125,17511.45775485928,4.4395245745194916e-05,2.4731333224696914e-05,2.4731333224696914e-05,3.9907122638751155e-10,0.8879049149038983
0.28750000000000003,17481.554092804097,4.492872289560844e-05,2.5777225146735545e-05,2.5777225146735545e-05,4.1396313480760657e-10,0.8985744579121688
0.29375,17452.522224343295,4.544664737017915e-05,2.6843754836136688e-05,2.6843754836136688e-05,4.290267125596288e-10,0.908932947403583
0.30000000000000004,17424.353547333052,4.594917262994808e-05,2.793087503823785e-05,2.793087503823785e-05,4.442568554767605e-10,0.9189834525989616
0.30625,17397.03953386728,4.643645081157066e-05,2.9038539570531066e-05,2.9038539570531066e-05,4.596485098188373e-10,0.9287290162314131
0.3125,17370.571719477266,4.690863291998279e-05,3.0166703311667073e-05,3.0166703311667073e-05,4.751966718972328e-10,0.9381726583996557
0.31875000000000003,17344.94169566544,4.7365868961608396e-05,3.1315322190534615e-05,3.1315322190534615e-05,4.908963877438953e-10,0.947317379232168
0.325,17320.14110587187,4.7808308016304154e-05,3.248435317540998e-05,3.248435317540998e-05,5.067427528042314e-10,0.956166160326083
0.33125000000000004,17296.161644689313,4.823609825137689e-05,3.3673754263175634e-05,3.3673754263175634e-05,5.227309116346357e-10,0.9647219650275377
0.3375,17272.995059883142,4.86493868855385e-05,3.4883484468610545e-05,3.4883484468610545e-05,5.388560575880726e-10,0.97298773771077
0.34375,17250.63315658067,4.904832011417247e-05,3.611350381375711e-05,3.611350381375711e-05,5.551134324748881e-10,0.9809664022834494
0.35000000000000003,17229.067802868,4.9433043009483364e-05,3.7363773317371545e-05,3.7363773317371545e-05,5.71498326190525e-10,0.9886608601896673
0.35625,17208.290935992718,4.980369940985111e-05,3.8634254984465233e-05,3.8634254984465233e-05,5.880060763065635e-10,0.9960739881970222
0.36250000000000004,17188.294568405126,5.0160431812042436e-05,3.9924911795944336e-05,3.9924911795944336e-05,6.046320676260357e-10,1.0032086362408488
0.36875,17169.070792982173,5.0503381278027326e-05,4.123570769835395e-05,4.123570769835395e-05,6.213717317078527e-10,1.0100676255605465
0.375,17150.611786932488,5.083268736531074e-05,4.2566607593731545e-05,4.2566607593731545e-05,6.382205463681403e-10,1.0166537473062147
0.38125000000000003,17132.909814074264,5.114848808629588e-05,4.391757732957233e-05,4.391757732957233e-05,6.551740351681055e-10,1.0229697617259177
0.3875,17115.95722537508,5.145091989864943e-05,4.5288583688907175e-05,4.5288583688907175e-05,6.722277668987091e-10,1.0290183979729886
0.39375000000000004,17099.746457830468,5.174011772531548e-05,4.6679594380491445e-05,4.6679594380491445e-05,6.89377355071972e-10,1.0348023545063096
0.4,17084.27003191185,5.201621500003849e-05,4.809057802910172e-05,4.809057802910172e-05,7.06618457427371e-10,1.0403243000007698
0.40625,17069.520547930693,5.227934373222495e-05,4.952150416593565e-05,4.952150416593565e-05,7.239467754597329e-10,1.0455868746444992
0.41250000000000003,17055.490681730145,5.2529634583811725e-05,5.097234321910951e-05,5.097234321910951e-05,7.41358053972607e-10,1.0505926916762345
0.41875,17042.17318012968,5.276721695052529e-05,5.244306650424763e-05,5.244306650424763e-05,7.588480806585718e-10,1.0553443390105057
0.42500000000000004,17029.56085652242,5.2992219040425585e-05,5.393364621515794e-05,5.393364621515794e-05,7.764126857055754e-10,1.0598443808085116
0.43125,17017.646586959134,5.320476794377428e-05,5.544405541458837e-05,5.544405541458837e-05,7.940477414264345e-10,1.0640953588754856
0.4375,17006.42330696274,5.3404989689850044e-05,5.697426802505931e-05,5.697426802505931e-05,8.117491619071645e-10,1.068099793797001
0.44375000000000003,16995.884009220426,5.359300928813731e-05,5.852425881976854e-05,5.852425881976854e-05,8.295129026689624e-10,1.071860185762746
0.45,16986.021742192763,5.3768950753127645e-05,6.0094003413565245e-05,6.0094003413565245e-05,8.473349603384102e-10,1.0753790150625528
0.45625000000000004,16976.829609592474,5.393293711361959e-05,6.168347825399046e-05,6.168347825399046e-05,8.652113723207608e-10,1.078658742272392
0.4625,16968.30077060775,5.408509040874232e-05,6.329266061238129e-05,6.329266061238129e-05,8.831382164719058e-10,1.0817018081748464
0.46875,16960.428440690644,5.422553167387876e-05,6.49215285750358e-05,6.49215285750358e-05,9.011116107656772e-10,1.0845106334775751
0.47500000000000003,16953.205892705802,5.435438092018831e-05,6.657006103443413e-05,6.657006103443413e-05,9.191277129543625e-10,1.087087618403766
0.48125,16946.626458222512,5.447175711153962e-05,6.823823768050957e-05,6.823823768050957e-05,9.371827202215731e-10,1.0894351422307924
0.48750000000000004,16940.68352875401,5.457777814241095e-05,6.992603899196006e-05,6.992603899196006e-05,9.55272868827789e-10,1.091555562848219
0.49375,16935.370556773258,5.467256081977404e-05,7.163344622758632e-05,7.163344622758632e-05,9.733944337498965e-10,1.0934512163954808
0.5,16930.6810563766,5.4756220851240117e-05,7.336044141763677e-05,7.336044141763677e-05,9.915437283167997e-10,1.0951244170248022
0.50625,16926.608603517154,5.482887284090595e-05,7.510700735513169e-05,7.510700735513169e-05,1.0097171038436525e-09,1.096577456818119
0.5125000000000001,16923.146835773405,5.489063029348694e-05,7.687312758712878e-05,7.687312758712878e-05,1.0279109492674626e-09,1.0978126058697388
0.51875,16920.28945166345,5.494160562653462e-05,7.865878640587834e-05,7.865878640587834e-05,1.0461216907867437e-09,1.0988321125306924
0.525,16918.030209556506,5.498191018987133e-05,8.04639688398e-05,8.04639688398e-05,1.0643457915076099e-09,1.0996382037974266
0.53125,16916.362926255417,5.5011654290870695e-05,8.228866064418928e-05,8.228866064418928e-05,1.0825797510982497e-09,1.1002330858174139
0.5375,16915.28147534671,5.503094722389067e-05,8.413284829153433e-05,8.413284829153433e-05,1.1008201054531553e-09,1.1006189444778134
0.5437500000000001,16914.779785420986,5.503989730202594e-05,8.599651896128637e-05,8.599651896128637e-05,1.1190634263678773e-09,1.1007979460405188
0.55,16914.85183826423,5.503861188937673e-05,8.787966052887941e-05,8.787966052887941e-05,1.1373063212244738e-09,1.1007722377875346
0.55625,16915.491667110866,5.502719743220385e-05,8.978226155373646e-05,8.978226155373646e-05,1.1555454326872874e-09,1.1005439486440771
0.5625,16916.69335503575,5.500575948762426e-05,9.170431126592286e-05,9.170431126592286e-05,1.1737774384082322e-09,1.1001151897524852
0.56875,16918.451033538866,5.49744027488595e-05,9.364579955101325e-05,9.364579955101325e-05,1.1919990507404504e-09,1.0994880549771902
0.5750000000000001,16920.75888135622,5.493323106644335e-05,9.56067169326202e-05,9.56067169326202e-05,1.2102070164589987e-09,1.0986646213288669
0.58125,16923.611123509065,5.488234746519121e-05,9.758705455188554e-05,9.758705455188554e-05,1.2283981164871578e-09,1.0976469493038241
0.5875,16927.00203058054,5.482185415709889e-05,9.958680414305392e-05,9.958680414305392e-05,1.2465691656270193e-09,1.0964370831419779
0.59375,16930.925918193945,5.4751852550650734e-05,0.00010160595800402665,0.00010160595800402665,1.2647170122931559e-09,1.0950370510130147
0.6000000000000001,16935.37714665206,5.467244325725602e-05,0.0001036445089605222,0.0001036445089605222,1.2828385382484258e-09,1.0934488651451204
0.6062500000000001,16940.350120688414,5.458372609569005e-05,0.00010570245032214376,0.00010570245032214376,1.30093065834125e-09,1.091674521913801
0.6125,16945.839289276442,5.448580009548786e-05,0.00010777977582826022,0.00010777977582826022,1.3189903202440129e-09,1.0897160019097571
0.61875,16951.839145445974,5.437876350022778e-05,0.00010987647958113898,0.00010987647958113898,1.3370145041925522e-09,1.0875752700045556
0.625,16958.344226057226,5.426271377155853e-05,0.00011199255596321369,0.00011199255596321369,1.3550002227269836e-09,1.0852542754311707
0.6312500000000001,16965.34911149385,5.413774759468014e-05,0.00011412799953471787,0.00011412799953471787,1.3729445204343417e-09,1.0827549518936028
0.6375000000000001,16972.848425244534,5.400396088580234e-05,0.00011628280490715525,0.00011628280490715525,1.3908444736936935e-09,1.0800792177160468
0.64375,16980.83683335667,5.3861448801892566e-05,0.0001184569665871977,0.0001184569665871977,1.4086971904244828e-09,1.0772289760378513
0.65,16989.309043756504,5.3710305752807064e-05,0.00012065047878459199,0.00012065047878459199,1.426499809838895e-09,1.0742061150561413
0.65625,16998.259805441983,5.355062541568979e-05,0.0001228633351765097,0.0001228633351765097,1.4442495021989957e-09,1.0710125083137958
0.6625000000000001,17007.68390756514,5.338250075134043e-05,0.00012509552861948053,0.00012509552861948053,1.4619434685792935e-09,1.0676500150268087
0.6687500000000001,17017.576178429175,5.320602402210471e-05,0.00012734705079860717,0.00012734705079860717,1.4795789406352332e-09,1.0641204804420943
0.675,17027.931484431454,5.302128681073693e-05,0.000129617891802167,0.000129617891802167,1.4971531803779405e-09,1.0604257362147387
0.68125,17038.74472898542,5.2828380039629035e-05,0.000131908039607968,0.000131908039607968,1.5146634799553414e-09,1.0565676007925806
0.6875,17050.010851456493,5.26273939897926e-05,0.0001342174794659549,0.0001342174794659549,1.532107161439572e-09,1.052547879795852
0.6937500000000001,17061.724826144535,5.2418418319017025e-05,0.0001365461931595719,0.0001365461931595719,1.549481576620408e-09,1.0483683663803405
0.7000000000000001,17073.8816613402,5.2201542078701903e-05,0.0001388941581263122,0.0001388941581263122,1.5667841068042728e-09,1.044030841574038
0.70625,17086.476398477556,5.197685372896565e-05,0.00014126134641575302,0.00014126134641575302,1.5840121626182538e-09,1.039537074579313
0.7125,17099.50411139987,5.1744441151756934e-05,0.0001436477234612414,0.0001436477234612414,1.6011631838184642e-09,1.0348888230351387
0.71875,17112.959905744217,5.150439166182833e-05,0.00014605324663931769,0.00014605324663931769,1.6182346391020424e-09,1.0300878332365666
0.7250000000000001,17126.83891844622,5.1256792015565144e-05,0.00014847786358901548,0.00014847786358901548,1.6352240259220774e-09,1.025135840311303
0.7312500000000001,17141.136317359447,5.100172841778589e-05,0.00015092151026144815,0.00015092151026144815,1.6521288703047889e-09,1.0200345683557177
0.7375,17155.847300975,5.073928652673831e-05,0.00015338410866867888,0.00015338410866867888,1.6689467266683626e-09,1.0147857305347663
0.74375,17170.967098225352,5.046955145759983e-05,0.0001558655642998978,0.0001558655642998978,1.6856751776429465e-09,1.0093910291519965
0.75,17186.49096835133,5.019260778485136e-05,0.00015836576317251365,0.00015836576317251365,1.7023118338914333e-09,1.0038521556970272
0.7562500000000001,17202.41420080957,4.9908539543926725e-05,0.00016088456848605516,0.00016088456848605516,1.71885433393079e-09,0.9981707908785346
0.7625000000000001,17218.732115197938,4.961743023254711e-05,0.0001634218168479108,0.0001634218168479108,1.7353003439538295e-09,0.9923486046509421
0.76875,17235.44006117616,4.931936281213294e-05,0.00016597731404206727,0.00016597731404206727,1.7516475576514507e-09,0.9863872562426588
0.775,17252.533418362436,4.901441970964911e-05,0.00016855083031528954,0.00016855083031528954,1.7678936960354897e-09,0.9802883941929822
0.78125,17270.00759618883,4.87026828201857e-05,0.00017114209515976266,0.00017114209515976266,1.784036507262426e-09,0.974053656403714
0.7875000000000001,17287.858033701974,4.838423351051172e-05,0.00017375079157722436,0.00017375079157722436,1.800073766458268e-09,0.9676846702102344
0.7937500000000001,17306.080199300384,4.8059152623768883e-05,0.00017637654981717208,0.00017637654981717208,1.8160032755449929e-09,0.9611830524753777
0.8,17324.669590401252,4.772752048539917e-05,0.00017901894059092053,0.00017901894059092053,1.8318228630689516e-09,0.9545504097079834
0.80625,17343.621733038788,4.738941691032997e-05,0.00018167746777416634,0.00018167746777416634,1.8475303840316568e-09,0.9477883382065995
0.8125,17362.932181392567,4.704492121137678e-05,0.00018435156062330074,0.00018435156062330074,1.863123719723353e-09,0.9408984242275356
0.8187500000000001,17382.596517253565,4.669411220876801e-05,0.00018704056554495516,0.00018704056554495516,1.878600777559746e-09,0.9338822441753603
0.8250000000000001,17402.61034943569,4.6337068240653146e-05,0.00018974373747406738,0.00018974373747406738,1.893959490922216e-09,0.9267413648130629
0.83125,17422.969313140475,4.597386717442275e-05,0.00019246023093295053,0.00019246023093295053,1.9091978190017806e-09,0.919477343488455
0.8375,17443.669069288495,4.560458641865058e-05,0.00019518909086219073,0.00019518909086219073,1.9243137466470163e-09,0.9120917283730117
0.84375,17464.705303825456,4.522930293546067e-05,0.00019792924333337204,0.00019792924333337204,1.939305284216081e-09,0.9045860587092134
0.8500000000000001,17486.073727016224,4.484809325312652e-05,0.00020067948627323605,0.00020067948627323605,1.954170467432912e-09,0.8969618650625304
0.8562500000000001,17507.770072735853,4.446103347872449e-05,0.00020343848034844807,0.00020343848034844807,1.968907357247616e-09,0.8892206695744899
0.8625,17529.790097765304,4.406819931068507e-05,0.00020620474017911638,0.00020620474017911638,1.983514039701022e-09,0.8813639862137014
0.86875,17552.12958110156,4.366966605111512e-05,0.00020897662606698397,0.00020897662606698397,1.9979886257933167e-09,0.8733933210223024
0.875,17574.784323284366,4.326550861779626e-05,0.00021175233644010955,0.00021175233644010955,2.012329251356658e-09,0.8653101723559252
0.8812500000000001,17597.75014574563,4.285580155579894e-05,0.00021452990122917696,0.00021452990122917696,2.026534076931638e-09,0.8571160311159788
0.8875000000000001,17621.022890181543,4.244061904868597e-05,0.00021730717640058766,0.00021730717640058766,2.0406012876474573e-09,0.8488123809737194
0.89375,17644.598417946498,4.2020034929311235e-05,0.0002200818398774798,0.0002200818398774798,2.0545290931056817e-09,0.8404006985862247
0.9,17668.472609469492,4.159412269024774e-05,0.00022285138908108344,0.00022285138908108344,2.0683157272674535e-09,0.8318824538049548
0.90625,17692.64136368661,4.116295549390267e-05,0.00022561314032072699,0.00022561314032072699,2.081959448344056e-09,0.8232591098780534
0.9125000000000001,17717.10059748742,4.072660618239436e-05,0.00022836423025080055,0.00022836423025080055,2.095458538690752e-09,0.8145321236478873
0.9187500000000001,17741.846245169952,4.0285147287277967e-05,0.00023110161959662563,0.00023110161959662563,2.1088113047038456e-09,0.8057029457455593
0.925,17766.87425789872,3.983865103921067e-05,0.00023382209932817718,0.00023382209932817718,2.1220160767209473e-09,0.7967730207842133
0.93125,17792.180603161803,3.9387189377646026e-05,0.00023652229943084548,0.00023652229943084548,2.135071208924453e-09,0.7877437875529205
0.9375,17817.76126422035,3.893083396063941e-05,0.00023919870038597755,0.00023919870038597755,2.147975079248273e-09,0.7786166792127882
0.9437500000000001,17843.61223954958,3.846965617483411e-05,0.00024184764743109968,0.00024184764743109968,2.16072608928787e-09,0.7693931234966821
0.9500000000000001,17869.729542265737,3.800372714568065e-05,0.00024446536762101536,0.00024446536762101536,2.1733226642136857e-09,0.760074542913613
0.95625,17896.109199538067,3.753311774792323e-05,0.00024704798965714917,0.00024704798965714917,2.1857632526880432e-09,0.7506623549584646
0.9625,17922.74725198559,3.705789861636499e-05,0.0002495915663945581,0.0002495915663945581,2.198046326785616e-09,0.7411579723272997
0.96875,17949.639753058455,3.657814015690331e-05,0.00025209209987516693,0.00025209209987516693,2.210170381917556e-09,0.7315628031380662
0.9750000000000001,17976.782768405934,3.609391255780514e-05,0.00025454556867341317,0.00025454556867341317,2.2221339367593585e-09,0.7218782511561028
0.9812500000000001,18004.17237523367,3.56052858011738e-05,0.0002569479572781915,0.0002569479572781915,2.233935533182528e-09,0.7121057160234759
0.9875,18031.804661653725,3.5112329674543095e-05,0.0002592952871744767,0.0002592952871744767,2.245573736190088e-09,0.7022465934908619
0.99375,18059.675726031903,3.461511378252291e-05,0.00026158364923107625,0.00026158364923107625,2.2570471338559467e-09,0.6923022756504581
1.0,18087.781676336475,3.4113707558412235e-05,0.00026380923694943977,0.00026380923694943977,2.2683543372681192e-09,0.6822741511682446
1.00625,18116.11862949433,3.3608180275693666e-05,0.00026596838008412243,0.00026596838008412243,2.279493980475752e-09,0.6721636055138733
1.0125,18144.682710757876,3.309860105932439e-05,0.0002680575781100652,0.0002680575781100652,2.290464720439894e-09,0.6619720211864878
1.01875,18173.470053087636,3.2585038896745966e-05,0.00027007353298684033,0.00027007353298684033,2.3012652369879175e-09,0.6517007779349193
1.0250000000000001,18202.476796555045,3.206756264854556e-05,0.0002720131806567439,0.0002720131806567439,2.3118942327714695e-09,0.6413512529709112
1.03125,18231.699087767036,3.154624105871588e-05,0.0002738737207131038,0.0002738737207131038,2.3223504332278275e-09,0.6309248211743176
1.0375,18261.133079315543,3.102114276447855e-05,0.00027565264368813115,0.00027565264368813115,2.332632586544508e-09,0.620422855289571
1.04375,18290.77492925235,3.0492336305654747e-05,0.00027734775543636266,0.00027734775543636266,2.3427394636269845e-09,0.609846726113095
1.05,18320.620800588506,2.9959890133587626e-05,0.00027895719813014253,0.00027895719813014253,2.352669858069358e-09,0.5991978026717525
1.0562500000000001,18350.666860818634,2.9423872619641187e-05,0.0002804794674371458,0.0002804794674371458,2.3624225861278505e-09,0.5884774523928238
1.0625,18380.90928146503,2.8884352063319853e-05,0.00028191342551568715,0.00028191342551568715,2.3719964866969846e-09,0.577687041266397
1.06875,18411.344237640922,2.8341396700070422e-05,0.0002832583095401355,0.0002832583095401355,2.3813904212883524e-09,0.5668279340014084
1.075,18441.967907626266,2.779507470884272e-05,0.0002845137355543824,0.0002845137355543824,2.390603274011888e-09,0.5559014941768544
1.08125,18472.77647245274,2.724545421949658e-05,0.0002856796975439121,0.0002856796975439121,2.3996339515595973e-09,0.5449090843899316
1.0875000000000001,18503.766115492137,2.6692603320149883e-05,0.0002867565617141902,0.0002867565617141902,2.4084813831917226e-09,0.5338520664029976
1.09375,18534.933022041536,2.6136590064565448e-05,0.00028774505606224453,0.00028774505606224453,2.417144520725354e-09,0.5227318012913089
1.1,18566.27337890245,2.5577482479673116e-05,0.00028864625542672896,0.00028864625542672896,2.4256223385255367e-09,0.5115496495934623
1.10625,18597.78337394605,2.501534857331755e-05,0.00028946156229668255,0.00028946156229668255,2.4339138334989453e-09,0.500306971466351
1.1125,18629.459195661835,2.445025634231287e-05,0.00029019268374792806,0.00029019268374792806,2.442018025090226e-09,0.4890051268462574
1.1187500000000001,18661.29703268519,2.3882273780872047e-05,0.000290841604956041,0.000290841604956041,2.449933955281136e-09,0.4776454756174409
1.125,18693.29307330077,2.3311468889463383e-05,0.00029141055980376316,0.00029141055980376316,2.4576606885926166e-09,0.46622937778926765
1.13125,18725.44350492036,2.27379096841289e-05,0.0002919019991566519,0.0002919019991566519,2.465197312089955e-09,0.454758193682578
1.1375,18757.744513533395,2.216166420628062e-05,0.00029231855742206284,0.00029231855742206284,2.4725429353911925e-09,0.4432332841256124
1.14375,18790.1922831318,2.1582800532972574e-05,0.0002926630180321348,0.0002926630180321348,2.4796966906789403e-09,0.4316560106594515
1.1500000000000001,18822.78299510798,2.1001386787627772e-05,0.000292938278500647,0.000292938278500647,2.4866577327157466e-09,0.4200277357525554
1.15625,18855.51282763065,2.041749115118418e-05,0.00029314731569633984,0.00029314731569633984,2.4934252388631615e-09,0.4083498230236836
1.1625,18888.3779549989,1.9831181873609045e-05,0.00029329315195193674,0.00029329315195193674,2.4999984091046173e-09,0.3966236374721809
1.16875,18921.374546979954,1.9242527285720982e-05,0.00029337882258960104,0.00029337882258960104,2.5063764660722267e-09,0.3848505457144196
1.175,18954.49876813294,1.8651595811251456e-05,0.0002934073453912845,0.0002934073453912845,2.5125586550775798e-09,0.3730319162250291
1.1812500000000001,18987.746777122804,1.805845597907386e-05,0.0002933816924781844,0.0002933816924781844,2.5185442441465933e-09,0.36116911958147724
1.1875,19021.114726030733,1.7463176435528783e-05,0.00029330476498947794,0.00029330476498947794,2.524332524058446e-09,0.34926352871057564
1.19375,19054.598759660315,1.6865825956777564e-05,0.0002931793708690647,0.0002931793708690647,2.5299228083886098e-09,0.3373165191355513
1.2000000000000002,19088.195014847777,1.6266473461123846e-05,0.0002930082059828229,0.0002930082059828229,2.5353144335559623e-09,0.3253294692224769
1.20625,19121.89961977537,1.5665188021252813e-05,0.0002927938387005609,0.0002927938387005609,2.5405067588739578e-09,0.31330376042505625
1.2125000000000001,19155.708693292407,1.506203887635049e-05,0.0002925386979890848,0.0002925386979890848,2.5454991666058155e-09,0.3012407775270098
1.21875,19189.618344243892,1.4457095444079859e-05,0.00029224506497818094,0.00029224506497818094,2.5502910620236763e-09,0.2891419088815972
1.225,19223.624670807443,1.3850427332405923e-05,0.0002919150678821859,0.0002919150678821859,2.5548818734716808e-09,0.27700854664811847
1.2312500000000002,19257.723759838576,1.3242104351277808e-05,0.00029155068008829765,0.00029155068008829765,2.559271052432916e-09,0.26484208702555617
1.2375,19291.911686222746,1.2632196524191521e-05,0.0002911537211606184,0.0002911537211606184,2.563458073600199e-09,0.25264393048383044
1.2437500000000001,19326.184512231604,1.2020774099671564e-05,0.00029072586045749376,0.00029072586045749376,2.567442434950663e-09,0.24041548199343127
1.25,19360.538286880823,1.1407907562722925e-05,0.00029026862301997946,0.00029026862301997946,2.5712236578241398e-09,0.2281581512544585
1.25625,19394.969045286864,1.0793667646316347e-05,0.00028978339736174263,0.00028978339736174263,2.574801287005351e-09,0.21587335292632692
1.2625000000000002,19429.472808016682,1.0178125342978834e-05,0.00028927144477547585,0.00028927144477547585,2.5781748908099385e-09,0.2035625068595767
1.26875,19464.04558042816,9.561351916568313e-06,0.00028873390976764685,0.00028873390976764685,2.581344061174399e-09,0.19122703833136628
1.2750000000000001,19498.683351994947,8.943418914315579e-06,0.0002881718312414046,0.0002881718312414046,2.5843084137500108e-09,0.17886837828631158
1.28125,19533.382095611483,8.324398179218738e-06,0.000287586154065679,0.000287586154065679,2.587067588000865e-09,0.16648796358437476
1.2875,19568.13776687402,7.70436186287495e-06,0.00028697774069561547,0.00028697774069561547,2.589621247306156e-09,0.154087237257499
1.2937500000000002,19602.94630333225,7.083382438831972e-06,0.0002863473825439489,0.0002863473825439489,2.5919690790668916e-09,0.14166764877663943
1.3,19637.803623706997,6.461532716537902e-06,0.00028569581084306314,0.00028569581084306314,2.5941107948172305e-09,0.12923065433075803
1.3062500000000001,19672.70562707105,5.838885855962006e-06,0.00028502370678154786,0.00028502370678154786,2.596046130340664e-09,0.11677771711924012
1.3125,19707.648191988046,5.215515382952949e-06,0.0002843317107453082,0.0002843317107453082,2.59777484579129e-09,0.10431030765905898
1.31875,19742.627175606885,4.591495205393448e-06,0.0002836204305400033,0.0002836204305400033,2.5992967258204396e-09,0.09182990410786895
1.3250000000000002,19777.638412708886,3.9668996302026906e-06,0.00028289044851722325,0.00028289044851722325,2.600611579708941e-09,0.07933799260405382
1.33125,19812.677714704707,3.341803381230117e-06,0.0002821423275699465,0.0002821423275699465,2.6017192415053127e-09,0.06683606762460234
1.3375000000000001,19847.740868579273,2.7162816180765084e-06,0.00028137661600227025,0.00028137661600227025,2.6026195701701976e-09,0.054325632361530166
1.34375,19882.823635783134,2.0904099558711045e-06,0.0002805938513131978,0.0002805938513131978,2.603312449727349e-09,0.04180819911742209
1.35,19917.921751068923,1.4642644860267902e-06,0.00027979456296371003,0.00027979456296371003,2.603797789421499e-09,0.029285289720535804
1.3562500000000002,19953.030921272875,8.379217979892494e-07,0.00027897927421997865,0.00027897927421997865,2.6040755238834346e-09,0.016758435959784986
1.3625,19988.146824038664,2.114590019905137e-07,0.00027814850318321047,0.00027814850318321047,2.6041456133026146e-09,0.004229180039810274
1.3687500000000001,20023.2651064856,-4.150462471872975e-07,0.0002773027631282755,0.0002773027631282755,2.604008043607665e-09,-0.00830092494374595
1.375,20058.381383819902,-1.0415157254362644e-06,0.00027644256227922747,0.00027644256227922747,2.603662826655086e-09,-0.020830314508725287
1.38125,20093.491237889197,-1.6678706135365358e-06,0.00027556840315050177,0.00027556840315050177,2.6031100004265048e-09,-0.03335741227073072
1.3875000000000002,20128.590215680884,-2.2940314703638498e-06,0.0002746807815785694,0.0002746807815785694,2.6023496292348096e-09,-0.045880629407276996
1.39375,20163.673827763894,-2.919918205096721e-06,0.0002737801855608213,0.0002737801855608213,2.6013818039394966e-09,-0.05839836410193442
1.4000000000000001,20198.737546675355,-3.545450048430366e-06,0.00027286709400724073,0.00027286709400724073,2.6002066421715575e-09,-0.07090900096860732
1.40625,20233.776805251702,-4.170545522804904e-06,0.0002719419754967896,0.0002719419754967896,2.5988242885682345e-09,-0.08341091045609808
1.4125,20268.78699490491,-4.795122411654844e-06,0.00027100528711520336,0.00027100528711520336,2.5972349150179686e-09,-0.09590244823309688
1.4187500000000002,20303.763463844363,-5.419097727685539e-06,0.00027005747343483347,0.00027005747343483347,2.595438720915863e-09,-0.10838195455371077
1.425,20338.701515244138,-6.042387680179736e-06,0.0002690989656810191,0.0002690989656810191,2.5934359334299817e-09,-0.12084775360359473
1.4312500000000001,20373.59640535617,-6.664907641333974e-06,0.0002681301811138477,0.0002681301811138477,2.5912268077788087e-09,-0.13329815282667948
1.4375,20408.443341568356,-7.28657211161954e-06,0.00026715152263962437,0.00026715152263962437,2.588811627520185e-09,-0.14573144223239082
1.44375,20443.23748040786,-7.907294684156433e-06,0.000266163378653343,0.000266163378653343,2.5861907048520566e-09,-0.15814589368312865
1.4500000000000002,20477.97392548732,-8.526988008081113e-06,0.00026516612310226585,0.00026516612310226585,2.583364380925364e-09,-0.17053976016162226
1.45625,20512.647725393803,-9.145563750879286e-06,0.0002641601157515814,0.0002641601157515814,2.580333026169417e-09,-0.18291127501758572
1.4625000000000001,20547.253871517212,-9.762932559644035e-06,0.00026314570262611604,0.00026314570262611604,2.5770970406301087e-09,-0.1952586511928807
1.46875,20581.787295814986,-1.0379004021206989e-05,0.00026212321659724357,0.00026212321659724357,2.5736568543213472e-09,-0.20758008042413978
1.475,20616.242868510915,-1.0993686621075927e-05,0.0002610929780813565,0.0002610929780813565,2.570012927590096e-09,-0.21987373242151853
1.4812500000000002,20650.615395721452,-1.1606887701096616e-05,0.0002600552958153978,0.0002600552958153978,2.5661657514954478e-09,-0.23213775402193232
1.4875,20684.89961700581,-1.22185134157397e-05,0.0002590104676757636,0.0002590104676757636,2.5621158482021876e-09,-0.244370268314794
1.4937500000000001,20719.090202831776,-1.2828468686895463e-05,0.0002579587815091238,0.0002579587815091238,2.5578637713893393e-09,-0.2565693737379093
1.5,20753.18175195054,-1.3436657157040595e-05,0.00025690051594707837,0.00025690051594707837,2.553410106674235e-09,-0.26873314314081187
1.50625,20787.168788671603,-1.4042981140621907e-05,0.0002558359411807668,0.0002558359411807668,2.5487554720527e-09,-0.28085962281243815
1.5125000000000002,20821.045760027897,-1.4647341573482754e-05,0.00025476531967628984,0.00025476531967628984,2.5439005183559977e-09,-0.29294683146965506
1.51875,20854.807032820354,-1.5249637960139378e-05,0.0002536889068167882,0.0002536889068167882,2.5388459297252537e-09,-0.30499275920278757
1.5250000000000001,20888.4468905301,-1.5849768318696374e-05,0.00025260695146201134,0.00025260695146201134,2.5335924241041354e-09,-0.3169953663739275
1.53125,20921.95953008602,-1.644762912317417e-05,0.00025151969642096383,0.00025151969642096383,2.528140753750649e-09,-0.3289525824634834
1.5375,20955.339058472946,-1.7043115243006957e-05,0.00025042737883755183,0.00025042737883755183,2.522491705768989e-09,-0.34086230486013913
1.5437500000000002,20988.57948916765,-1.7636119879457257e-05,0.0002493302304929332,0.0002493302304929332,2.5166461026624657e-09,-0.35272239758914514
1.55,21021.674738387115,-1.822653449868431e-05,0.0002482284780313869,0.0002482284780313869,2.510604802908614e-09,-0.3645306899736862
1.5562500000000001,21054.618621133668,-1.8814248761197706e-05,0.0002471223431189116,0.0002471223431189116,2.5043687015576887e-09,-0.37628497522395415
1.5625,21087.404847023387,-1.9399150447425878e-05,0.0002460120425454166,0.0002460120425454166,2.4979387308558297e-09,-0.38798300894851756
1.56875,21120.02701588074,-1.998112537913187e-05,0.00024489778828229783,0.00024489778828229783,2.491315860894272e-09,-0.39962250758263734
1.5750000000000002,21152.47861308625,-2.0560057336416342e-05,0.00024377978750744523,0.00024377978750744523,2.4845011002860703e-09,-0.41120114672832686
1.58125,21184.75300466311,-2.1135827970060718e-05,0.0002426582426093806,0.0002426582426093806,2.477495496871872e-09,-0.42271655940121433
1.5875000000000001,21216.84343208977,-2.170831670898211e-05,0.00024153335118136217,0.00024153335118136217,2.470300138456372e-09,-0.4341663341796422
1.59375,21248.743006826382,-2.227740066259682e-05,0.0002404053060150309,0.0002404053060150309,2.4629161535771227e-09,-0.4455480132519364
1.6,21280.444704547728,-2.28429545179205e-05,0.00023927429510160785,0.00023927429510160785,2.455344712307455e-09,-0.45685909035841
1.6062500000000002,21311.941359071643,-2.340485043127184e-05,0.000238140501646909,0.000238140501646909,2.4475870270952945e-09,-0.4680970086254368
1.6125,21343.22565598247,-2.3962957914492287e-05,0.0002370041041046208,0.0002370041041046208,2.4396443536396888e-09,-0.4792591582898458
1.6187500000000001,21374.290125942836,-2.4517143715648115e-05,0.00023586527623047662,0.00023586527623047662,2.4315179918068795e-09,-0.4903428743129623
1.625,21405.127137699037,-2.5067271694242207e-05,0.00023472418715828056,0.00023472418715828056,2.423209286587734e-09,-0.5013454338848441
1.63125,21435.728890784005,-2.5613202691032873e-05,0.00023358100149720173,0.00023358100149720173,2.4147196290983267e-09,-0.5122640538206574
1.6375000000000002,21466.08740792779,-2.6154794392634777e-05,0.00023243587944847446,0.00023243587944847446,2.4060504576254022e-09,-0.5230958878526956
1.64375,21496.19452718912,-2.669190119116413e-05,0.0002312889769386124,0.0002312889769386124,2.397203258718355e-09,-0.5338380238232826
1.6500000000000001,21526.041893831585,-2.722437403928496e-05,0.00023014044576550574,0.00023014044576550574,2.3881795683292596e-09,-0.5444874807856992
1.65625,21555.620951965186,-2.7752060301118267e-05,0.00022899043375331347,0.00022899043375331347,2.3789809730023132e-09,-0.5550412060223653
1.6625,21584.92293598996,-2.8274803599588037e-05,0.00022783908491188793,0.00022783908491188793,2.369609111113882e-09,-0.5654960719917608
1.6687500000000002,21613.938861878763,-2.879244366090005e-05,0.00022668653959653662,0.00022668653959653662,2.360065674164091e-09,-0.5758488732180009
1.675,21642.659518343942,-2.930481615697932e-05,0.00022553293466421822,0.00022553293466421822,2.3503524081206416e-09,-0.5860963231395864
1.6812500000000001,21671.075457946627,-2.9811752546829655e-05,0.00022437840362273345,0.00022437840362273345,2.340471114815211e-09,-0.5962350509365931
1.6875,21699.176988204472,-3.0313079917925257e-05,0.00022322307677006582,0.00022322307677006582,2.330423653392423e-09,-0.6062615983585051
1.69375,21726.954162774546,-3.080862082889574e-05,0.00022206708132171087,0.00022206708132171087,2.320211941810962e-09,-0.6161724165779148
1.7000000000000002,21754.396772786684,-3.1298193154925476e-05,0.00022091054152454672,0.00022091054152454672,2.3098379583959305e-09,-0.6259638630985095
1.70625,21781.49433841856,-3.178160993745131e-05,0.00021975357875651734,0.00021975357875651734,2.2993037434410253e-09,-0.6356321987490261
1.7125000000000001,21808.23610081006,-3.225867923991012e-05,0.00021859631161207254,0.00021859631161207254,2.2886114008585275e-09,-0.6451735847982024
1.71875,21834.6110144235,-3.272920401145779e-05,0.0002174388559739112,0.0002174388559739112,2.277763099874462e-09,-0.6545840802291558
1.725,21860.60773996944,-3.31929819607509e-05,0.0002162813250720841,0.0002162813250720841,2.266761076765595e-09,-0.663859639215018
1.7312500000000002,21886.2146380213,-3.3649805442051646e-05,0.00021512382953190726,0.00021512382953190726,2.2556076366341815e-09,-0.6729961088410329
1.7375,21911.4197634589,-3.409946135608136e-05,0.00021396647741241833,0.00021396647741241833,2.244305155215575e-09,-0.6819892271216272
1.7437500000000001,21936.210860881638,-3.454173106820701e-05,0.0002128093742372663,0.0002128093742372663,2.2328560807129573e-09,-0.6908346213641402
1.75,21960.575361147265,-3.497639034669454e-05,0.00021165262301997299,0.00021165262301997299,2.221262935652531e-09,-0.6995278069338908
1.75625,21984.500379197718,-3.540320932390089e-05,0.00021049632428544776,0.00021049632428544776,2.209528318751579e-09,-0.7080641864780178
1.7625000000000002,22007.97271333569,-3.582195248339871e-05,0.00020934057608949704,0.00020934057608949704,2.1976549067907885e-09,-0.7164390496679741
1.76875,22030.97884613177,-3.6232378676131015e-05,0.00020818547403785883,0.00020818547403785883,2.1856454564812207e-09,-0.7246475735226203
1.7750000000000001,22053.50494713404,-3.663424116877414e-05,0.00020703111130603613,0.00020703111130603613,2.1735028063152535e-09,-0.7326848233754828
1.78125,22075.53687756677,-3.702728772754171e-05,0.00020587757866091693,0.00020587757866091693,2.1612298783897427e-09,-0.7405457545508343
1.7875,22097.060197196264,-3.741126074068657e-05,0.00020472496448487463,0.00020472496448487463,2.148829680188581e-09,-0.7482252148137314
1.7937500000000002,22118.06017354938,-3.7785897382947883e-05,0.00020357335480276009,0.00020357335480276009,2.1363053063107526e-09,-0.7557179476589577
1.8,22138.521793662192,-3.8150929825142614e-05,0.00020242283331193175,0.00020242283331193175,2.12365994012891e-09,-0.7630185965028523
1.8062500000000001,22158.429778532372,-3.8506085492011264e-05,0.00020127348141524976,0.00020127348141524976,2.110896855362496e-09,-0.7701217098402253
1.8125,22177.76860044515,-3.8851087371292775e-05,0.00020012537825677359,0.00020012537825677359,2.0980194175484125e-09,-0.7770217474258555
1.81875,22196.52250332622,-3.918565437682047e-05,0.0001989786007597719,0.0001989786007597719,2.085031085391343e-09,-0.7837130875364093
1.8250000000000002,22214.67552626579,-3.9509501768196793e-05,0.00019783322366656765,0.00019783322366656765,2.071935411974971e-09,-0.7901900353639358
1.83125,22232.211530342112,-3.9822341629316415e-05,0.0001966893195797035,0.0001966893195797035,2.058736045814588e-09,-0.7964468325863283
1.8375000000000001,22249.11422885177,-4.0123883407664636e-05,0.00019554695900391778,0.00019554695900391778,2.0454367317309483e-09,-0.8024776681532927
1.84375,22265.367221031607,-4.041383451591895e-05,0.0001944062103884631,0.0001944062103884631,2.0320413115247182e-09,-0.808276690318379
1.85,22280.954029333378,-4.0691900996925845e-05,0.0001932671401693679,0.0001932671401693679,2.018553724430516e-09,-0.8138380199385169
1.8562500000000002,22295.858140283064,-4.0957788252614454e-05,0.00019212981281133018,0.00019212981281133018,2.0049780073293476e-09,-0.819155765052289
1.8625,22310.06304892268,-4.1211201836843255e-05,0.00019099429084903216,0.00019099429084903216,1.991318294698248e-09,-0.8242240367368651
1.8687500000000001,22323.552306802023,-4.1451848311559975e-05,0.00018986063492776583,0.00018986063492776583,1.9775788182761447e-09,-0.8290369662311995
1.875,22336.309573447146,-4.167943616499142e-05,0.00018872890384335532,0.00018872890384335532,1.9637639064253804e-09,-0.8335887232998284
1.88125,22348.318671193945,-4.189367678987366e-05,0.00018759915458144833,0.00018759915458144833,1.9498779831689943e-09,-0.8378735357974733
1.8875000000000002,22359.56364323476,-4.209428551899069e-05,0.0001864714423563166,0.0001864714423563166,1.9359255668847686e-09,-0.8418857103798137
1.89375,22370.028814680878,-4.2280982714518113e-05,0.0001853458206493567,0.0001853458206493567,1.921911268638206e-09,-0.8456196542903622
1.9000000000000001,22379.6988564,-4.245349490687578e-05,0.00018422234124751215,0.00018422234124751215,1.9078397901380246e-09,-0.8490698981375155
1.90625,22388.558851342576,-4.2611555977989907e-05,0.00018310105428184735,0.00018310105428184735,1.8937159212994556e-09,-0.8522311195597981
1.9125,22396.59436302798,-4.2754908383059844e-05,0.00018198200826649664,0.00018198200826649664,1.8795445374025787e-09,-0.8550981676611968
1.9187500000000002,22403.79150581158,-4.288330440413047e-05,0.00018086525013818596,0.00018086525013818596,1.86533059583515e-09,-0.8576660880826095
1.925,22410.137016517605,-4.299650742799848e-05,0.0001797508252964882,0.0001797508252964882,1.8510791324118647e-09,-0.8599301485599695
1.9312500000000001,22415.618326974716,-4.309429324024317e-05,0.00017863877764492944,0.00017863877764492944,1.8367952572647003e-09,-0.8618858648048634
1.9375,22420.223636956707,-4.317645132648241e-05,0.00017752914963301204,0.00017752914963301204,1.8224841503019536e-09,-0.8635290265296481
1.94375,22423.94198699492,-4.324278617132508e-05,0.0001764219822991713,0.0001764219822991713,1.80815105623673e-09,-0.8648557234265016
1.9500000000000002,22426.763330495316,-4.329311854493584e-05,0.00017531731531463744,0.00017531731531463744,1.7938012791889937e-09,-0.8658623708987168
1.95625,22428.678604569574,-4.332728676665947e-05,0.00017421518702813254,0.00017421518702813254,1.7794401768687816e-09,-0.8665457353331895
1.9625000000000001,22429.67979896948,-4.3345147934781456e-05,0.0001731156345113026,0.0001731156345113026,1.7650731543518044e-09,-0.8669029586956291
1.96875,22429.760022493865,-4.3346579111242347e-05,0.00017201869360476368,0.00017201869360476368,1.7507056574623676e-09,-0.8669315822248469
1.975,22428.913566238523,-4.3331478449983167e-05,0.00017092439896463138,0.00017092439896463138,1.7363431657822949e-09,-0.8666295689996634
1.9812500000000002,22427.13596304845,-4.3299766257589836e-05,0.00016983278410940417,0.00016983278410940417,1.7219911853082945e-09,-0.8659953251517968
1.9875,22424.42404254986,-4.325138597503118e-05,0.00016874388146708325,0.00016874388146708325,1.7076552407839221e-09,-0.8650277195006236
1.9937500000000001,22420.77598114345,-4.318630506955404e-05,0.0001676577224224311,0.0001676577224224311,1.6933408677359194e-09,-0.8637261013910807
2.0,22416.191346373867,-4.3104515826214844e-05,0.00016657433736429918,0.00016657433736429918,1.6790536042481947e-09,-0.8620903165242969
2.00625,22410.67113511414,-4.300603602908862e-05,0.00016549375573298618,0.00016549375573298618,1.6647989825100127e-09,-0.8601207205817725
2.0125,22404.2178050477,-4.289090952290571e-05,0.00016441600606762393,0.00016441600606762393,1.6505825201780258e-09,-0.8578181904581142
2.0187500000000003,22396.83529897755,-4.275920664671745e-05,0.00016334111605362174,0.00016334111605362174,1.6364097115945644e-09,-0.855184132934349
2.025,22388.52906154586,-4.261102453218046e-05,0.00016226911257023302,0.00016226911257023302,1.6222860189070591e-09,-0.8522204906436093
2.03125,22379.30604801291,-4.244648726016584e-05,0.0001612000217383374,0.0001612000217383374,1.6082168631355536e-09,-0.8489297452033169
2.0375,22369.174724810407,-4.2265745870633095e-05,0.00016013386896855455,0.00016013386896855455,1.594207615236945e-09,-0.8453149174126618
2.04375,22358.14506166149,-4.2068978222046305e-05,0.0001590706790098233,0.0001590706790098233,1.5802635872158208e-09,-0.8413795644409261
2.0500000000000003,22346.228515137347,-4.1856388698036926e-05,0.0001580104759985911,0.0001580104759985911,1.5663900233325261e-09,-0.8371277739607386
2.05625,22333.438003607735,-4.162820776051321e-05,0.00015695328350876035,0.00015695328350876035,1.5525920914593535e-09,-0.8325641552102642
2.0625,22319.78787362513,-4.138469134996505e-05,0.0001558991246025367,0.0001558991246025367,1.538874874635507e-09,-0.827693826999301
2.06875,22305.29385787428,-4.1126120135291234e-05,0.00015484802188231263,0.00015484802188231263,1.5252433628707147e-09,-0.8225224027058247
2.075,22289.973024906714,-4.085279861706206e-05,0.0001537999975437063,0.0001537999975437063,1.511702445246071e-09,-0.8170559723412413
2.0812500000000003,22273.84372096596,-4.056505408970252e-05,0.00015275507342985564,0.00015275507342985564,1.4982569023588705e-09,-0.8113010817940504
2.0875,22256.92550430008,-4.026323546961424e-05,0.0001517132710870446,0.0001517132710870446,1.4849113991558666e-09,-0.8052647093922849
2.09375,22239.239072432243,-3.9947711997727366e-05,0.0001506746118217163,0.0001506746118217163,1.471670478196579e-09,-0.7989542399545473
2.1,22220.80618295049,-3.961887182636108e-05,0.00014963911675890202,0.00014963911675890202,1.4585385533849943e-09,-0.7923774365272217
2.10625,22201.649568433673,-3.9277120501554166e-05,0.000148606806902071,0.000148606806902071,1.4455199042043082e-09,-0.7855424100310834
2.1125000000000003,22181.792846212873,-3.892287935318227e-05,0.00014757770319438589,0.00014757770319438589,1.4326186704852734e-09,-0.7784575870636453
2.11875,22161.260423706746,-3.855658380618917e-05,0.00014655182658132606,0.00014655182658132606,1.4198388477342998e-09,-0.7711316761237834
2.125,22140.077400133276,-3.817868162710761e-05,0.0001455291980746275,0.0001455291980746275,1.4071842830427576e-09,-0.7635736325421522
2.13125,22118.26946542334,-3.778963112071716e-05,0.00014450983881747235,0.00014450983881747235,1.3946586715940088e-09,-0.7557926224143433
2.1375,22095.862797200927,-3.738989929217174e-05,0.0001434937701508533,0.0001434937701508533,1.3822655537796135e-09,-0.7477979858434348
2.1437500000000003,22072.883956702786,-3.697995999021795e-05,0.00014248101368103118,0.00014248101368103118,1.3700083129309774e-09,-0.739599199804359
2.15,22049.35978451801,-3.656029204721354e-05,0.00014147159134800195,0.00014147159134800195,1.357890173667503e-09,-0.7312058409442709
2.15625,22025.317297023135,-3.6131377431540994e-05,0.00014046552549488913,0.00014046552549488913,1.3459142008571343e-09,-0.7226275486308199
2.1625,22000.783584368677,-3.5693699427695494e-05,0.00013946283893818222,0.00013946283893818222,1.3340832991801228e-09,-0.7138739885539099
2.16875,21975.785710843968,-3.524774085881646e-05,0.0001384635550387457,0.0001384635550387457,1.3224002132819468e-09,-0.7049548171763291
2.1750000000000003,21950.350618410677,-3.479398236573342e-05,0.0001374676977735318,0.0001374676977735318,1.3108675284966522e-09,-0.6958796473146684
2.18125,21924.505034143665,-3.433290075572415e-05,0.00013647529180793862,0.00013647529180793862,1.2994876721175067e-09,-0.686658015114483
2.1875,21898.275382261098,-3.386496743314974e-05,0.00013548636256876463,0.00013548636256876463,1.288262915187831e-09,-0.6772993486629947
2.19375,21871.687701361014,-3.339064692295403e-05,0.00013450093631772224,0.00013450093631772224,1.2771953747812247e-09,-0.6678129384590806
2.2,21844.767567404648,-3.291039549671558e-05,0.00013351904022548402,0.00013351904022548402,1.2662870167371972e-09,-0.6582079099343116
2.2062500000000003,21817.54002291492,-3.242465990953787e-05,0.00013254070244624584,0.00013254070244624584,1.255539658815462e-09,-0.6484931981907573
2.2125,21790.02951276744,-3.193387625458466e-05,0.0001315659521928046,0.0001315659521928046,1.2449549742299046e-09,-0.6386775250916932
2.21875,21762.25982687258,-3.1438468940532354e-05,0.00013059481981215947,0.00013059481981215947,1.2345344955214798e-09,-0.6287693788106471
2.225,21734.25404995551,-3.0938849795649086e-05,0.00012962733686165776,0.00012962733686165776,1.2242796187280663e-09,-0.6187769959129817
2.23125,21706.03451855363,-3.0435417300642784e-05,0.00012866353618571955,0.00012866353618571955,1.2141916078086005e-09,-0.6087083460128557
2.2375000000000003,21677.62278526647,-2.992855595087386e-05,0.0001277034519931883,0.0001277034519931883,1.204271599278608e-09,-0.5985711190174772
2.24375,21649.039590205317,-2.9418635747026006e-05,0.00012674711993536692,0.00012674711993536692,1.1945206070145554e-09,-0.5883727149405201
2.25,21620.304839512242,-2.8906011811892865e-05,0.0001257945771848138,0.0001257945771848138,1.1849395271852204e-09,-0.5781202362378572
2.25625,21591.43759074204,-2.8391024129589965e-05,0.0001248458625149854,0.0001248458625149854,1.175529143269503e-09,-0.5678204825917993
2.2625,21562.45604483029,-2.7873997402258796e-05,0.00012390101638082743,0.00012390101638082743,1.166290131121731e-09,-0.5574799480451759
2.2687500000000003,21533.37754430678,-2.7355241018209756e-05,0.00012296008100042978,0.00012296008100042978,1.157223064047527e-09,-0.5471048203641952
2.275,21504.218577362662,-2.6835049124465458e-05,0.00012202310043787477,0.00012202310043787477,1.1483284178556282e-09,-0.5367009824893092
2.28125,21474.994787326774,-2.6313700795827127e-05,0.000121090120687421,0.000121090120687421,1.1396065758536706e-09,-0.5262740159165425
2.2875,21445.720987073448,-2.5791460291901404e-05,0.00012016118975917939,0.00012016118975917939,1.1310578337587766e-09,-0.515829205838028
2.29375,21416.41117785094,-2.5268577392997752e-05,0.00011923635776644839,0.00011923635776644839,1.1226824044968113e-09,-0.5053715478599551
2.3000000000000003,21387.07857200029,-2.474528780543859e-05,0.00011831567701488741,0.00011831567701488741,1.1144804228672932e-09,-0.4949057561087718
2.30625,21357.735619024694,-2.422181362661452e-05,0.00011739920209371612,0.00011739920209371612,1.1064519500541607e-09,-0.48443627253229044
2.3125,21328.394034460533,-2.3698363860060492e-05,0.00011648698996913558,0.00011648698996913558,1.098596977965813e-09,-0.47396727720120985
2.31875,21299.06483101435,-2.3175134970918696e-05,0.00011557910008017261,0.00011557910008017261,1.0909154333910396e-09,-0.4635026994183739
2.325,21269.75835143471,-2.2652311472380683e-05,0.00011467559443715252,0.00011467559443715252,1.0834071819605692e-09,-0.45304622944761364
2.3312500000000003,21240.484302614284,-2.213006653405354e-05,0.00011377653772300756,0.00011377653772300756,1.0760720319069728e-09,-0.44260133068107077
2.3375,21211.25179043863,-2.16085626036591e-05,0.00011288199739762752,0.00011288199739762752,1.0689097376185003e-09,-0.43217125207318197
2.34375,21182.0693549317,-2.108795203403635e-05,0.00011199204380545679,0.00011199204380545679,1.0619200029850924e-09,-0.421759040680727
2.35,21152.945005286205,-2.056837770806034e-05,0.00011110675028653761,0.00011110675028653761,1.05510248453726e-09,-0.41136755416120685
2.35625,21123.886254401037,-2.0049973654798236e-05,0.00011022619329119395,0.00011022619329119395,1.0484567943807354e-09,-0.40099947309596473
2.3625000000000003,21094.900152596638,-1.9532865650979374e-05,0.0001093504524985422,0.0001093504524985422,1.0419825029317605e-09,-0.39065731301958745
2.36875,21065.99332021853,-1.901717180264341e-05,0.00010847961093900729,0.00010847961093900729,1.035679141459586e-09,-0.3803434360528682
2.375,21037.17197888741,-1.850300310263317e-05,0.00010761375512101344,0.00010761375512101344,1.0295462044441855e-09,-0.3700600620526634
2.38125,21008.441981196844,-1.7990463960401462e-05,0.00010675297516200998,0.00010675297516200998,1.023583151758361e-09,-0.35980927920802924
2.3875,20979.808838705787,-1.7479652701388397e-05,0.00010589736492398306,0.00010589736492398306,1.0177894106843279e-09,-0.3495930540277679
2.3937500000000003,20951.277748113724,-1.6970662033985845e-05,0.00010504702215359608,0.00010504702215359608,1.01216437777552e-09,-0.3394132406797169
2.4000000000000004,20922.853615548353,-1.64635794828256e-05,0.00010420204862709413,0.00010420204862709413,1.0067074205747811e-09,-0.329271589656512
2.40625,20894.541078932172,-1.5958487787798525e-05,0.00010336255030010127,0.00010336255030010127,1.001417879200296e-09,-0.3191697557559705
2.4125,20866.34452842969,-1.5455465268824475e-05,0.00010252863746243526,0.00010252863746243526,9.962950678106183e-10,-0.3091093053764895
2.41875,20838.268125006205,-1.4954586156941211e-05,0.00010170042489806127,0.00010170042489806127,9.913382759599566e-10,-0.2990917231388242
2.4250000000000003,20810.315817157258,-1.4455920892759768e-05,0.00010087803205030481,0.00010087803205030481,9.865467698545347e-10,-0.2891184178551954
2.4312500000000004,20782.491355891165,-1.3959536393741145e-05,0.00010006158319244558,0.00010006158319244558,9.819197935203621e-10,-0.2791907278748229
2.4375,20754.798308062866,-1.3465496292083819e-05,9.925120760381553e-05,9.925120760381553e-05,9.774565698921552e-10,-0.2693099258416764
2.44375,20727.240068177183,-1.2973861145273638e-05,9.844703975152942e-05,9.844703975152942e-05,9.731563018324698e-10,-0.25947722290547276
2.45,20699.819868783292,-1.248468862153967e-05,9.764921947798039e-05,9.764921947798039e-05,9.690181730893636e-10,-0.24969377243079338
2.4562500000000003,20672.5407895972,-1.1998033662584097e-05,9.685789219423925e-05,9.685789219423925e-05,9.65041349200121e-10,-0.23996067325168194
2.4625000000000004,20645.405765485633,-1.1513948626016825e-05,9.607320907950191e-05,9.607320907950191e-05,9.612249783477663e-10,-0.2302789725203365
2.46875,20618.417593448605,-1.1032483409930619e-05,9.529532728673388e-05,9.529532728673388e-05,9.575681921762866e-10,-0.22064966819861237
2.475,20591.578938735965,-1.0553685562006912e-05,9.452441015466513e-05,9.452441015466513e-05,9.540701065696901e-10,-0.21107371124013824
2.48125,20564.892340224407,-1.0077600375452746e-05,9.376062742628857e-05,9.376062742628857e-05,9.507298223992664e-10,-0.20155200750905491
2.4875000000000003,20538.360215179135,-9.604270973942339e-06,9.300415547401354e-05,9.300415547401354e-05,9.47546426242691e-10,-0.19208541947884678
2.4937500000000004,20511.9848635121,-9.13373838757985e-06,9.225517753161783e-05,9.225517753161783e-05,9.445189910779528e-10,-0.182674767751597
2.5,20485.76847163904,-8.666041621720335e-06,9.151388393312943e-05,9.151388393312943e-05,9.4164657695447e-10,-0.1733208324344067
2.50625,20459.713116029627,-8.201217720290013e-06,9.078047235874804e-05,9.078047235874804e-05,9.38928231643218e-10,-0.16402435440580027
2.5125,20433.82076652844,-7.739301825042061e-06,9.005514808788873e-05,9.005514808788873e-05,9.363629912672164e-10,-0.15478603650084122
2.5187500000000003,20408.093289517772,-7.280327231975545e-06,8.93381242593915e-05,8.93381242593915e-05,9.339498809133163e-10,-0.14560654463951092
2.5250000000000004,20382.532450978364,-6.824325445938694e-06,8.86296221388918e-05,8.86296221388918e-05,9.31687915225888e-10,-0.13648650891877387
2.53125,20357.139919494246,-6.371326234238192e-06,8.792987139328562e-05,8.792987139328562e-05,9.295760989827403e-10,-0.12742652468476384
2.5375,20331.917269237616,-5.921357679887395e-06,8.723911037214893e-05,8.723911037214893e-05,9.276134276533906e-10,-0.1184271535977479
2.54375,20306.865982959287,-5.474446234951913e-06,8.65575863958822e-05,8.65575863958822e-05,9.25798887939652e-10,-0.10948892469903826
2.5500000000000003,20281.987455001065,-5.030616774293318e-06,8.5885556050247e-05,8.5885556050247e-05,9.241314582984081e-10,-0.10061233548586636
2.5562500000000004,20257.28299433946,-4.589892649872592e-06,8.52232854868414e-05,8.52232854868414e-05,9.226101094463878e-10,-0.09179785299745184
2.5625,20232.75382766389,-4.152295745655378e-06,8.457105072892405e-05,8.457105072892405e-05,9.212338048467418e-10,-0.08304591491310756
2.56875,20208.401102484506,-3.7178465330619807e-06,8.392913798184244e-05,8.392913798184244e-05,9.200015011772391e-10,-0.07435693066123962
2.575,20184.225890263297,-3.2865641268256103e-06,8.329784394714884e-05,8.329784394714884e-05,9.189121487799503e-10,-0.06573128253651221
2.5812500000000003,20160.229189557165,-2.858466341062492e-06,8.267747613929768e-05,8.267747613929768e-05,9.179646920923447e-10,-0.05716932682124984
2.5875000000000004,20136.41192915955,-2.4335697453156863e-06,8.206835320361084e-05,8.206835320361084e-05,9.171580700598119e-10,-0.048671394906313725
2.59375,20112.77497122523,-2.011889720309513e-06,8.147080523397294e-05,8.147080523397294e-05,9.164912165297039e-10,-0.04023779440619026
2.6,20089.319114364847,-1.5934405131413708e-06,8.088517408847737e-05,8.088517408847737e-05,9.159630606270822e-10,-0.03186881026282742
2.60625,20066.04509669104,-1.1782352916408825e-06,8.031181370098799e-05,8.031181370098799e-05,9.155725271124482e-10,-0.02356470583281765
2.6125000000000003,20042.953598805194,-7.662861976401187e-07,7.975109038631081e-05,7.975109038631081e-05,9.153185367218166e-10,-0.015325723952802373
2.6187500000000004,20020.045246708953,-3.5760439892150106e-07,7.920338313638661e-05,7.920338313638661e-05,9.152000064895699e-10,-0.007152087978430022
2.625,19997.32061463067,4.77998603604984e-08,7.866908390462266e-05,7.866908390462266e-05,9.152158500546015e-10,0.000955997207209968
2.63125,19974.78022775699,4.499172109536026e-07,7.814859787517993e-05,7.814859787517993e-05,9.153649779503067e-10,0.008998344219072052
2.6375,19952.42456486079,8.487391116104642e-07,7.764234371372484e-05,7.764234371372484e-05,9.156462978790307e-10,0.016974782232209284
2.6437500000000003,19930.254060823267,1.2442578041145556e-06,7.715075379584538e-05,7.715075379584538e-05,9.16058714971609e-10,0.024885156082291113
2.6500000000000004,19908.26910904336,1.636466270285828e-06,7.667427440902256e-05,7.667427440902256e-05,9.166011320326569e-10,0.03272932540571656
2.65625,19886.47006373533,2.0253581909868902e-06,7.621336592374347e-05,7.621336592374347e-05,9.172724497722718e-10,0.040507163819737804
2.6625,19864.85724211602,2.4109279071171876e-06,7.576850292904675e-05,7.576850292904675e-05,9.180715670248068e-10,0.04821855814234375
2.66875,19843.430926481564,2.7931703825527683e-06,7.53401743275076e-05,7.53401743275076e-05,9.189973809553595e-10,0.055863407651055366
2.6750000000000003,19822.191366179602,3.1720811689637964e-06,7.492888338440294e-05,7.492888338440294e-05,9.20048787254601e-10,0.06344162337927593
2.6812500000000004,19801.13877948162,3.547656372420882e-06,7.453514772555365e-05,7.453514772555365e-05,9.212246803225347e-10,0.07095312744841764
2.6875,19780.27335535983,3.919892621684869e-06,7.415949927812216e-05,7.415949927812216e-05,9.225239534417456e-10,0.07839785243369739
2.69375,19759.595255177177,4.28878703806305e-06,7.380248414845852e-05,7.380248414845852e-05,9.239454989406577e-10,0.085775740761261
2.7,19739.10461429617,4.654337206707561e-06,7.346466243093896e-05,7.346466243093896e-05,9.254882083472788e-10,0.09308674413415122
2.7062500000000003,19718.80154361396,5.016541149228532e-06,7.314660794163461e-05,7.314660794163461e-05,9.271509725338667e-10,0.10033082298457065
2.7125000000000004,19698.686131030896,5.375397297495334e-06,7.28489078705891e-05,7.28489078705891e-05,9.289326818529125e-10,0.10750794594990667
2.71875,19678.758442859555,5.7309044685030945e-06,7.257216234647797e-05,7.257216234647797e-05,9.308322262647925e-10,0.11461808937006189
2.725,19659.01852517989,6.083061840188291e-06,7.231698390747478e-05,7.231698390747478e-05,9.328484954574054e-10,0.12166123680376582
2.73125,19639.46640514842,6.431868928086064e-06,7.2083996872264e-05,7.2083996872264e-05,9.349803789580707e-10,0.12863737856172128
2.7375000000000003,19620.102092264282,6.777325562732067e-06,7.187383660532325e-05,7.187383660532325e-05,9.37226766237938e-10,0.13554651125464134
2.7437500000000004,19600.925579599225,7.11943186772319e-06,7.168714867085282e-05,7.173688534555787e-05,9.395865468091237e-10,0.1423886373544638
2.75,19581.93684499499,7.458188238363301e-06,7.152458787006018e-05,7.189126084243288e-05,9.4205861031477e-10,0.149163764767266
2.75625,19563.135852230276,7.793595320832036e-06,7.138681715691871e-05,7.208878147490179e-05,9.446418466122e-10,0.1558719064166407
2.7625,19544.5225521626,8.125653991826315e-06,7.127450642801111e-05,7.23204838658566e-05,9.473351458493231e-10,0.1625130798365263
2.7687500000000003,19526.09688384482,8.454365338635103e-06,7.11883311826459e-05,7.257266565059111e-05,9.501373985344376e-10,0.16908730677270206
2.7750000000000004,19507.858775619286,8.779730639617855e-06,7.112897105009752e-05,7.284565951804154e-05,9.530474955995618e-10,0.1755946127923571
2.78125,19489.808146191182,9.10175134506598e-06,7.109710818157027e-05,7.314466642512125e-05,9.560643284574227e-10,0.18203502690131962
2.7875,19471.94490567999,9.420429058433967e-06,7.109342550532107e-05,7.346680930063212e-05,9.59186789052222e-10,0.18840858116867934
2.79375,19454.26895665153,9.735765517933222e-06,7.111860484429639e-05,7.380433474955507e-05,9.62413769904303e-10,0.19471531035866443
2.8000000000000003,19436.7801951296,1.0047762578486352e-05,7.117332489664006e-05,7.415689824483107e-05,9.657441641488343e-10,0.20095525156972704
2.8062500000000004,19419.47851158692,1.0356422194043244e-05,7.125825908050969e-05,7.452415121654645e-05,9.691768655686337e-10,0.20712844388086488
2.8125,19402.363791916294,1.0661746400262621e-05,7.137407324579293e-05,7.490574234996331e-05,9.72710768621251e-10,0.21323492800525243
2.81875,19385.435918380084,1.0963737297564e-05,7.15214232565369e-05,7.530131886125161e-05,9.763447684604332e-10,0.21927474595128
2.825,19368.694770539758,1.1262397034555422e-05,7.170095244918573e-05,7.571052774255924e-05,9.80077760952097e-10,0.22524794069110843
2.8312500000000003,19352.14022616325,1.1557727791841775e-05,7.191328897305451e-05,7.613301696850647e-05,9.839086426849343e-10,0.2311545558368355
2.8375000000000004,19335.772162110814,1.1849731766217536e-05,7.215904302084314e-05,7.656843665671598e-05,9.878363109757783e-10,0.23699463532435072
2.84375,19319.590455199632,1.2138411155246381e-05,7.243880395839897e-05,7.701644017557929e-05,9.918596638698589e-10,0.24276822310492763
2.85,19303.59498304651,1.2423768142228313e-05,7.27531373643608e-05,7.747668519310717e-05,9.95977600136074e-10,0.24847536284456626
2.85625,19287.785624888635,1.2705804881553113e-05,7.310258199174488e-05,7.794883466140452e-05,1.0001890192574081e-09,0.25411609763106224
2.8625000000000003,19272.16226238349,1.298452348443718e-05,7.348764666495182e-05,7.843255773204106e-05,1.0044928214166213e-09,0.2596904696887436
2.8687500000000004,19256.724780386678,1.3259926005038909e-05,7.39088071270659e-05,7.893162167826596e-05,1.0088879074773376e-09,0.26519852010077816
2.875,19241.47306770965,1.3532014426946498e-05,7.436650285366845e-05,7.945281691127334e-05,1.0133731789606539e-09,0.27064028853892996
2.88125,19226.40701785669,1.3800790650030645e-05,7.48611338506793e-05,7.998822117547468e-05,1.017947538017391e-09,0.2760158130006129
2.8875,19211.526529741488,1.4066256477653665e-05,7.539305745495487e-05,8.053595187346141e-05,1.0226098873961057e-09,0.2813251295530733
2.8937500000000003,19196.831508385294,1.4328413604226146e-05,7.59625851574921e-05,8.1097744514279e-05,1.027359130406978e-09,0.2865682720845229
2.9000000000000004,19182.321865594935,1.4587263603101664e-05,7.656997947009645e-05,8.167355632819785e-05,1.0321941708816853e-09,0.29174527206203327
2.90625,19167.997520622976,1.4842807914800417e-05,7.721545085725017e-05,8.226110662691263e-05,1.037113913129375e-09,0.2968561582960083
2.9125,19153.858400810303,1.509504783555274e-05,7.789915475564788e-05,8.286008304041499e-05,1.042117261888838e-09,0.30190095671105477
2.91875,19139.90444221059,1.5343984506154096e-05,7.862118870443416e-05,8.347018192703466e-05,1.0472031222769895e-09,0.3068796901230819
2.9250000000000003,19126.135590197766,1.5589618901123814e-05,7.938158960956379e-05,8.4106512421535e-05,1.0523703997337544e-09,0.3117923780224763
2.9312500000000004,19112.55180005727,1.58319518181607e-05,8.018033116589838e-05,8.476026208058233e-05,1.0576179999634606e-09,0.316639036363214
2.9375,19099.15303756124,1.6070983867889673e-05,8.101732146063762e-05,8.54386039217664e-05,1.0629448288728314e-09,0.3214196773577935
2.94375,19085.939279526472,1.6306715463894285e-05,8.189240078144893e-05,8.61290394292231e-05,1.0683497925056749e-09,0.3261343092778857
2.95,19072.910514357776,1.6539146813031152e-05,8.280533965219663e-05,8.683125392410029e-05,1.0738317969743627e-09,0.33078293626062305
2.9562500000000003,19060.06674257515,1.676827790602294e-05,8.375583711847298e-05,8.75488374124887e-05,1.0793897483881921e-09,0.3353655581204588
2.9625000000000004,19047.40797732569,1.699410850832739e-05,8.474351930419474e-05,8.831120626571386e-05,1.0850225527787195e-09,0.3398821701665478
2.96875,19034.934244880016,1.7216638151280407e-05,8.576793825934784e-05,8.908944939262995e-05,1.0907291160221596e-09,0.34433276302560817
2.975,19022.645585113532,1.743586612351157e-05,8.682857111753929e-05,8.988771353563128e-05,1.0965083437589389e-09,0.3487173224702314
2.98125,19010.542051972272,1.7651791462630708e-05,8.792481958035574e-05,9.070327668306531e-05,1.1023591413104938e-09,0.3530358292526142
2.9875000000000003,18998.623713923753,1.786441294718427e-05,8.905600974363642e-05,9.155398680533296e-05,1.108280413593402e-09,0.35728825894368543
2.9937500000000004,18986.890654393213,1.807372908888004e-05,9.022139227865642e-05,9.244087200091741e-05,1.1142710650309374e-09,0.3614745817776008
3.0,18975.34297218417,1.8279738125078426e-05,9.142014297889672e-05,9.33419988674976e-05,1.1203299994621361e-09,0.3655947625015685
3.00625,18963.980781884366,1.84824380115483e-05,9.265136368056792e-05,9.429508497550962e-05,1.1264561200484607e-09,0.369648760230966
3.0125,18952.804214257347,1.8681826415484645e-05,9.391408356237272e-05,9.527929324677221e-05,1.132648329178151e-09,0.3736365283096929
3.0187500000000003,18941.81341661968,1.8877900708784747e-05,9.520726082716181e-05,9.629755057603251e-05,1.1389055283683454e-09,0.37755801417569496
3.0250000000000004,18931.008553202748,1.907065796157896e-05,9.65297847651853e-05,9.736713645014164e-05,1.1452266181650587e-09,0.3814131592315792
3.03125,18920.389805502375,1.92600949360114e-05,9.788047819559123e-05,9.848105583028124e-05,1.1516104980410978e-09,0.385201898720228
3.0375,18909.95737261283,1.9446208080265007e-05,9.925810027970922e-05,9.964977817963566e-05,1.1580560662919978e-09,0.38892416160530013
3.04375,18899.71147154912,1.9628993522825027e-05,0.00010066134969650905,0.00010087970241206599,1.1645622199300554e-09,0.39257987045650056
3.0500000000000003,18889.652337554904,1.980844706697394e-05,0.00010208886816747609,0.00010217754383051908,1.171127854576539e-09,0.3961689413394788
3.0562500000000004,18879.780224399183,1.998456418551053e-05,0.0001035392443150338,0.00010355134858451203,1.177751864352148e-09,0.39969128371021057
3.0625,18870.0954046598,2.0157340015685072e-05,0.00010501101783560136,0.00010501101783560136,1.184433141765792e-09,0.4031468003137014
3.06875,18860.598169995745,2.0326769354342222e-05,0.0001065026839654397,0.0001065026839654397,1.1911705776017623e-09,0.40653538708684445
3.075,18851.28883140812,2.0492846653262794e-05,0.0001080126982146463,0.0001080126982146463,1.1979630608053584e-09,0.4098569330652559
3.0812500000000003,18842.167719491023,2.0655566014695472e-05,0.00010953948134204341,0.00010953948134204341,1.2048094783670322e-09,0.41311132029390946
3.0875000000000004,18833.235184671692,2.0814921187069012e-05,0.00011108142454129784,0.00011108142454129784,1.2117087152051134e-09,0.41629842374138026
3.09375,18824.491597440967,2.097090556087574e-05,0.00011263689480644852,0.00011263689480644852,1.2186596540471686e-09,0.4194181112175148
3.1,18815.937348575557,2.112351216471694e-05,0.00011420424044312526,0.00011420424044312526,1.2256611753100505e-09,0.4224702432943388
3.10625,18807.57284935062,2.1272733661500677e-05,0.00011578179669014881,0.00011578179669014881,1.232712156978686e-09,0.42545467323001357
3.1125000000000003,18799.398531745042,2.1418562344783058e-05,0.0001173678914149313,0.0001173678914149313,1.2398114744836531e-09,0.42837124689566114
3.1187500000000004,18791.414848638942,2.1560990135243713e-05,0.0001189608508451653,0.0001189608508451653,1.2469580005775877e-09,0.43121980270487426
3.125,18783.622274004647,2.1700008577286744e-05,0.00012055900529871751,0.00012055900529871751,1.2541506052104653e-09,0.4340001715457349
3.13125,18776.021303089998,2.183560883575852e-05,0.00012216069487343934,0.00012216069487343934,1.2613881554037943e-09,0.4367121767151704
3.1375,18768.61245259657,2.1967781692773893e-05,0.00012376427505877914,0.00012376427505877914,1.2686695151237565e-09,0.4393556338554779
3.1437500000000003,18761.396260852154,2.209651754464295e-05,0.00012536812223163074,0.00012536812223163074,1.2759935451533306e-09,0.44193035089285904
3.1500000000000004,18754.373287977392,2.2221806398890262e-05,0.00012697063899977913,0.00012697063899977913,1.2833591029634258e-09,0.44443612797780524
3.15625,18747.544116048324,2.234363787135932e-05,0.00012857025935759844,0.00012857025935759844,1.2907650425830577e-09,0.44687275742718635
3.1625,18740.909349254427,2.2462001183394894e-05,0.00013016545362030626,0.00013016545362030626,1.2982102144685884e-09,0.4492400236678979
3.16875,18734.46961405249,2.2576885159096413e-05,0.00013175473310506695,0.00013175473310506695,1.3056934653720573e-09,0.45153770318192826
3.1750000000000003,18728.225559316896,2.2688278222635825e-05,0.00013333665452954082,0.00013333665452954082,1.3132136382086227e-09,0.4537655644527165
3.1812500000000004,18722.1778564867,2.2796168395633636e-05,0.0001349098241010729,0.0001349098241010729,1.3207695719231334e-09,0.45592336791267274
3.1875,18716.327199709947,2.290054329458729e-05,0.00013647290127257014,0.00013647290127257014,1.3283601013558485e-09,0.45801086589174583
3.19375,18710.674305984743,2.300139012834651e-05,0.00013802460214420233,0.00013802460214420233,1.3359840571073193e-09,0.4600278025669302
3.2,18705.219915299265,2.3098695695630357e-05,0.0001395637024933349,0.0001395637024933349,1.3436402654024496e-09,0.46197391391260717
3.2062500000000003,18699.964790767954,2.319244638258164e-05,0.00014108904041853224,0.00014108904041853224,1.3513275479537444e-09,0.46384892765163277
3.2125000000000004,18694.90971876732,2.3282628160354565e-05,0.00014259951858700595,0.00014259951858700595,1.3590447218237592e-09,0.4656525632070913
3.21875,18690.05550906912,2.3369226582732428e-05,0.0001440941060784923,0.0001440941060784923,1.36679059928676e-09,0.46738453165464855
3.225,18685.40299497273,2.3452226783772485e-05,0.0001455718398221744,0.0001455718398221744,1.3745639876896023e-09,0.4690445356754497
3.23125,18680.95303343536,2.353161347547642e-05,0.00014703182562688096,0.00014703182562688096,1.3823636893118383e-09,0.4706322695095284
3.2375000000000003,18676.7065052016,2.36073709454854e-05,0.00014847323880834827,0.00014847323880834827,1.3901885012250597e-09,0.472147418909708
3.2437500000000004,18672.66431493092,2.3679483054799822e-05,0.00014989532442078514,0.00014989532442078514,1.398037215151485e-09,0.47358966109599643
3.25,18668.827391324343,2.374793323552519e-05,0.00015129739710329198,0.00015129739710329198,1.4059086173218001e-09,0.4749586647105038
3.25625,18665.1966872487,2.381270448864661e-05,0.00015267884055481754,0.00015267884055481754,1.4138014883322596e-09,0.4762540897729322
3.2625,18661.77317986029,2.3873779381835925e-05,0.00015403910665425508,0.00015403910665425508,1.4217146030010632e-09,0.4774755876367185
3.2687500000000003,18658.557870724922,2.3931140047297078e-05,0.00015537771424495414,0.00015537771424495414,1.4296467302240173e-09,0.47862280094594156
3.2750000000000004,18655.5517859367,2.3984768179657017e-05,0.00015669424760532427,0.00015669424760532427,1.4375966328294968e-09,0.47969536359314036
3.28125,18652.755976232693,2.4034645033911003e-05,0.00015798835462931392,0.00015798835462931392,1.4455630674327264e-09,0.48069290067822007
3.2875,18650.171517104933,2.4080751423433635e-05,0.0001592597447423385,0.0001592597447423385,1.4535447842894033e-09,0.4816150284686727
3.29375,18647.799508906995,2.4123067718068474e-05,0.00016050818657969529,0.00016050818657969529,1.4615405271486855e-09,0.4824613543613695
3.3000000000000003,18645.641076956228,2.4161573842311862e-05,0.00016173350545562793,0.00016173350545562793,1.4695490331055784e-09,0.48323147684623724
3.3062500000000004,18643.697371629216,2.419624927360841e-05,0.00016293558065198714,0.00016293558065198714,1.4775690324527575e-09,0.4839249854721682
3.3125,18641.969568449604,2.4227073040778484e-05,0.00016411434255587584,0.00016411434255587584,1.4855992485318682e-09,0.48454146081556965
3.31875,18640.458868168043,2.425402372260045e-05,0.00016526976967577234,0.00016526976967577234,1.4936383975843573e-09,0.485080474452009
3.325,18639.16649683105,2.4277079446573077e-05,0.00016640188556540393,0.00016640188556540393,1.501685188601893e-09,0.48554158893146154
3.3312500000000003,18638.093705839277,2.4296217887886535e-05,0.00016751075568410874,0.00016751075568410874,1.5097383231764449e-09,0.4859243577577307
3.3375000000000004,18637.241771991135,2.4311416268633012e-05,0.00016859648422159484,0.00016859648422159484,1.5177964953501008e-09,0.48622832537266025
3.34375,18636.61199751224,2.432265135729135e-05,0.00016965921091390294,0.00016965921091390294,1.525858391464715e-09,0.486453027145827
3.35,18636.20571006656,2.432989946852287e-05,0.0001706991078760275,0.0001706991078760275,1.5339226900114866e-09,0.4865979893704574
3.35625,18636.02426274799,2.4333136463318966e-05,0.00017171637647507882,0.00017171637647507882,1.5419880614805884e-09,0.4866627292663793
3.3625000000000003,18636.069034050277,2.4332337749544244e-05,0.00017271124426610407,0.00017271124426610407,1.5500531682109747e-09,0.4866467549908849
3.3687500000000004,18636.34142781177,2.4327478282922323e-05,0.00017368396201075846,0.00017368396201075846,1.5581166642405166e-09,0.4865495656584465
3.375,18636.842873131893,2.4318532568514743e-05,0.00017463480079696507,0.00017463480079696507,1.5661771951566271e-09,0.4863706513702949
3.38125,18637.574824258372,2.4305474662747325e-05,0.00017556404927555045,0.00017556404927555045,1.5742333979475582e-09,0.4861094932549465
3.3875,18638.53876043934,2.428827817604119e-05,0.0001764720110276298,0.0001764720110276298,1.5822839008545694e-09,0.48576556352082384
3.3937500000000003,18639.736185738493,2.426691627611011e-05,0.00017735900207427042,0.00017735900207427042,1.59032732322519e-09,0.48533832552220224
3.4000000000000004,18641.168628809217,2.4241361691988856e-05,0.0001782253485377181,0.0001782253485377181,1.5983622753678155e-09,0.4848272338397771
3.40625,18642.83764262435,2.4211586718861628e-05,0.00017907138446125493,0.00017907138446125493,1.6063873584079061e-09,0.48423173437723255
3.4125,18644.744804156122,2.4177563223762878e-05,0.00017989744979260108,0.00017989744979260108,1.614401164146073e-09,0.48355126447525754
3.41875,18646.89171400386,2.4139262652227428e-05,0.00018070388853369705,0.00018070388853369705,1.6224022749183697e-09,0.48278525304454856
3.4250000000000003,18649.279995962817,2.409665603597024e-05,0.00018149104705773657,0.00018149104705773657,1.6303892634591295e-09,0.48193312071940475
3.4312500000000004,18651.911296532082,2.4049714001680706e-05,0.0001822592725924771,0.0001822592725924771,1.6383606927667166e-09,0.4809942800336141
3.4375,18654.787284353533,2.3998406781020275e-05,0.000183008911867158,0.000183008911867158,1.6463151159725913e-09,0.4799681356204055
3.44375,18657.909649579058,2.3942704221916477e-05,0.00018374030991881517,0.00018374030991881517,1.6542510762141199e-09,0.47885408443832955
3.45,18661.280103159108,2.3882575801250975e-05,0.00018445380905240982,0.00018445380905240982,1.6621671065115885e-09,0.4776515160250195
3.4562500000000003,18664.900376047903,2.3817990639043374e-05,0.0001851497479479931,0.0001851497479479931,1.6700617296499191e-09,0.4763598127808675
3.4625000000000004,18668.77221831835,2.3748917514237316e-05,0.00018582846090711423,0.00018582846090711423,1.6779334580656178e-09,0.47497835028474633
3.46875,18672.897398181256,2.367532488219965e-05,0.00018649027722984627,0.00018649027722984627,1.685780793739523e-09,0.473506497643993
3.475,18677.27770090186,2.3597180894048345e-05,0.00018713552071315305,0.00018713552071315305,1.6936022280959607e-09,0.4719436178809669
3.48125,18681.914927607075,2.351445341792936e-05,0.00018776450926084493,0.00018776450926084493,1.7013962419089512e-09,0.4702890683585872
3.4875000000000003,18686.81089397687,2.342711006236729e-05,0.00018837755459506588,0.00018837755459506588,1.709161305216156e-09,0.4685422012473458
3.4937500000000004,18691.967428811662,2.3335118201819568e-05,0.0001889749620591107,0.0001889749620591107,1.716895877241295e-09,0.46670236403639137
3.5,18697.386372468638,2.3238445004568378e-05,0.00018955703050137646,0.00018955703050137646,1.7245984063258078e-09,0.46476890009136756
3.50625,18703.069575159905,2.3137057463089356e-05,0.00019012405223039689,0.00019012405223039689,1.7322673298705828e-09,0.4627411492617871
3.5125,18709.018895103254,2.303092242704058e-05,0.00019067631303117553,0.00019067631303117553,1.739901074288618e-09,0.46061844854081163
3.5187500000000003,18715.236196517115,2.2920006639019566e-05,0.00019121409223341222,0.00019121409223341222,1.7474980549695357e-09,0.4584001327803913
3.5250000000000004,18721.723347453717,2.2804276773240777e-05,0.00019173766282268707,0.00019173766282268707,1.755056676256917e-09,0.45608553546481556
3.53125,18728.48221745746,2.268369947728953e-05,0.0001922472915862181,0.0001922472915862181,1.7625753314394744e-09,0.4536739895457906
3.5375,18735.51467504399,2.2558241417112246e-05,0.00019274323928541973,0.00019274323928541973,1.7700524027571384e-09,0.4511648283422449
3.54375,18742.822584986883,2.2427869325406132e-05,0.00019322576084815018,0.00019322576084815018,1.7774862614231824e-09,0.44855738650812266
3.5500000000000003,18750.407805405906,2.2292550053574245e-05,0.00019369510557422793,0.00019369510557422793,1.7848752676635681e-09,0.4458510010714849
3.5562500000000004,18758.27218464536,2.215225062741418e-05,0.00019415151734850788,0.00019415151734850788,1.7922177707747502e-09,0.44304501254828366
3.5625,18766.41755793341,2.2006938306710103e-05,0.0001945952348565227,0.0001945952348565227,1.7995121092012324e-09,0.44013876613420205
3.56875,18774.845743813803,2.185658064889875e-05,0.00019502649179840368,0.00019502649179840368,1.8067566106342263e-09,0.437131612977975
3.575,18783.558540338545,2.1701145576979868e-05,0.00019544551709748406,0.00019544551709748406,1.8139495921328196e-09,0.4340229115395974
3.5812500000000003,18792.557721014644,2.1540601451840653e-05,0.0001958525351006503,0.0001958525351006503,1.8210893602691164e-09,0.4308120290368131
3.5875000000000004,18801.8450304923,2.1374917149161137e-05,0.00019624776576813175,0.00019624776576813175,1.828174211298869e-09,0.42749834298322276
3.59375,18811.422179988906,2.1204062141064384e-05,0.00019663142485100175,0.00019663142485100175,1.8352024313591726e-09,0.4240812428212877
3.6,18821.29084243694,2.102800658267011e-05,0.00019700372405519849,0.00019700372405519849,1.8421722966948482e-09,0.4205601316534022
3.60625,18831.45264734878,2.084672140370399e-05,0.00019736487119135425,0.00019736487119135425,1.8490820739151915e-09,0.41693442807407977
3.6125000000000003,18841.90917539036,2.0660178405306647e-05,0.00019771507031015044,0.00019771507031015044,1.8559300202828084e-09,0.41320356810613296
3.6187500000000004,18852.66195265553,2.0468350362176342e-05,0.0001980545218232856,0.0001980545218232856,1.862714384036307e-09,0.4093670072435268
3.625,18863.71244463485,2.0271211130167355e-05,0.00019838342261045924,0.00019838342261045924,1.8694334047486533e-09,0.4054242226033471
3.63125,18875.062049872242,2.0068735759451796e-05,0.0001987019661130329,0.0001987019661130329,1.876085313723036e-09,0.40137471518903595
3.6375,18886.7120933049,1.9860900613336406e-05,0.00019901034241523655,0.00019901034241523655,1.882668334428112e-09,0.39721801226672815
3.6437500000000003,18898.663819281854,1.9647683492806898e-05,0.00019930873831394284,0.00019930873831394284,1.8891806829745357e-09,0.39295366985613794
3.6500000000000004,18910.91838425895,1.9429063766851428e-05,0.00019959733737814103,0.00019959733737814103,1.8956205686346825e-09,0.3885812753370286
3.65625,18923.476849168343,1.9205022508590796e-05,0.0001998763199993062,0.0001998763199993062,1.9019861944074943e-09,0.38410045017181593
3.6625,18936.340171461918,1.8975542637216584e-05,0.00020014586343388598,0.00020014586343388598,1.9082757576303712e-09,0.37951085274433166
3.66875,18949.509196831325,1.8740609065709305e-05,0.0002004061418391189,0.0002004061418391189,1.9144874506400257e-09,0.3748121813141861
3.6750000000000003,18962.98465060678,1.8500208854276707e-05,0.00020065732630336123,0.00020065732630336123,1.9206194614841945e-09,0.3700041770855341
3.6812500000000004,18976.767128841326,1.825433136941773e-05,0.00020089958487203697,0.00020089958487203697,1.9266699746860733e-09,0.3650866273883546
3.6875,18990.857089086254,1.800296844848016e-05,0.0002011330825702457,0.0002011330825702457,1.932637172063296e-09,0.3600593689696032
3.69375,19005.254840868933,1.7746114569539893e-05,0.00020135798142296483,0.00020135798142296483,1.9385192336032183e-09,0.35492229139079784
3.7,19019.960535883944,1.7483767026386953e-05,0.00020157444047367795,0.00020157444047367795,1.944314338396208e-09,0.3496753405277391
3.7062500000000003,19034.974157912748,1.7215926108358082e-05,0.0002017826158021471,0.0002017826158021471,1.9500206656285326e-09,0.34431852216716163
3.7125000000000004,19050.295512488698,1.6942595284707935e-05,0.00020198266054193077,0.00020198266054193077,1.9556363956363685e-09,0.3388519056941587
3.71875,19065.924216328553,1.6663781393161102e-05,0.00020217472489813493,0.00020217472489813493,1.9611597110222972e-09,0.33327562786322207
3.725,19081.8596865509,1.6379494832234927e-05,0.0002023589561657718,0.0002023589561657718,1.966588797835555e-09,0.32758989664469856
3.73125,19098.10112971136,1.6089749756869668e-05,0.0002025354987489966,0.0002025354987489966,1.9719218468171225e-09,0.32179499513739335
3.7375000000000003,19114.64753067975,1.5794564276846967e-05,0.00020270449418139318,0.00020270449418139318,1.977157054710581e-09,0.31589128553693935
3.7437500000000004,19131.497641393806,1.5493960657421422e-05,0.00020286608114739195,0.00020286608114739195,1.982292625639472e-09,0.3098792131484284
3.75,19148.64996952447,1.5187965521532648e-05,0.0002030203955048247,0.0002030203955048247,1.9873267725516767e-09,0.30375931043065296
3.75625,19166.102767091495,1.4876610052907905e-05,0.00020316757030855489,0.00020316757030855489,1.99225771873112e-09,0.2975322010581581
3.7625,19183.85401906993,1.455993019930725e-05,0.00020330773583506542,0.00020330773583506542,1.9970836993768384e-09,0.291198603986145
3.7687500000000003,19201.901432035233,1.4237966875106721e-05,0.0002034410196078425,0.0002034410196078425,2.0018029632491967e-09,0.28475933750213445
3.7750000000000004,19220.2424228924,1.391076616235847e-05,0.00020356754642336157,0.00020356754642336157,2.0064137743827453e-09,0.2782153232471694
3.78125,19238.874107742708,1.3578379509412534e-05,0.00020368743837745706,0.00020368743837745706,2.0109144138649154e-09,0.27156759018825066
3.7875,19257.793290940917,1.3240863926132327e-05,0.00020380081489184776,0.00020380081489184776,2.015303181679417e-09,0.2648172785226465
3.79375,19276.99645440083,1.2898282174686275e-05,0.00020390779274058316,0.00020390779274058316,2.0195783986128753e-09,0.2579656434937255
3.8000000000000003,19296.479747207864,1.2550702954851343e-05,0.00020400848607618127,0.00020400848607618127,2.023738408222891e-09,0.25101405909702684
3.8062500000000004,19316.238975601762,1.2198201082721723e-05,0.00020410300645523876,0.00020410300645523876,2.0277815788653297e-09,0.24396402165443445
3.8125,19336.269593393492,1.1840857661677784e-05,0.00020419146286330953,0.00020419146286330953,2.0317063057782845e-09,0.23681715323355568
3.81875,19356.566692880948,1.1478760244437086e-05,0.00020427396173886925,0.00020427396173886925,2.0355110132197483e-09,0.22957520488874172
3.825,19377.124996333114,1.1112002984982302e-05,0.0002043506069962056,0.0002043506069962056,2.039194156655645e-09,0.22224005969964603
3.8312500000000003,19397.938848110098,1.07406867791395e-05,0.0002044215000471005,0.0002044215000471005,2.0427542249944557e-09,0.21481373558279
3.8375000000000004,19419.002207488775,1.036491939256626e-05,0.00020448673982119658,0.00020448673982119658,2.0461897428642692e-09,0.2072983878513252
3.84375,19440.308642263823,9.984815574902321e-06,0.0002045464227849672,0.0002045464227849672,2.0494992729276646e-09,0.19969631149804642
3.85,19461.85132319537,9.600497158836713e-06,0.00020460064295923632,0.00020460064295923632,2.0526814182294345e-09,0.19200994317673428
3.85625,19483.623019369705,9.21209314285491e-06,0.00020464949193521874,0.00020464949193521874,2.055734824571732e-09,0.1842418628570982
3.8625000000000003,19505.616094544926,8.819739756448253e-06,0.00020469305888907462,0.00020469305888907462,2.0586581829108343e-09,0.17639479512896508
3.8687500000000004,19527.82250454479,8.42358050659547e-06,0.0002047314305949943,0.0002047314305949943,2.0614502317693114e-09,0.1684716101319094
3.875,19550.233795767825,8.023766204363595e-06,0.00020476469143684712,0.00020476469143684712,2.0641097596570116e-09,0.1604753240872719
3.88125,19572.841104872725,7.620454970522758e-06,0.00020479292341844398,0.00020479292341844398,2.0666356074939102e-09,0.15240909941045516
3.8875,19595.63515969875,7.213812219126379e-06,0.00020481620617247685,0.00020481620617247685,2.0690266710275123e-09,0.14427624438252756
3.8937500000000003,19618.606281475928,6.8040106180755305e-06,0.00020483461696820855,0.00020483461696820855,2.071281903237187e-09,0.1360802123615106
3.9000000000000004,19641.744388376774,6.391230025763613e-06,0.00020484823071799396,0.00020484823071799396,2.073400316717503e-09,0.12782460051527225
3.90625,19665.039000454006,5.9756574029846534e-06,0.00020485711998271847,0.00020485711998271847,2.0753809860323616e-09,0.11951314805969307
3.9125,19688.479246005507,5.557486699385795e-06,0.00020486135497624236,0.00020486135497624236,2.0772230500314975e-09,0.11114973398771591
3.91875,19712.053869400155,5.136918713850993e-06,0.00020486100356894115,0.00020486100356894115,2.0789257141207012e-09,0.10273837427701986
3.9250000000000003,19735.7512403933,4.71416092831902e-06,0.00020485613129042873,0.00020485613129042873,2.08048825247696e-09,0.0942832185663804
3.9312500000000004,19759.559364952045,4.28942731466312e-06,0.0002048468013315502,0.0002048468013315502,2.0819100101995872e-09,0.0857885462932624
3.9375,19783.46589760325,3.862938114392386e-06,0.0002048330745457244,0.0002048330745457244,2.083190405388333e-09,0.07725876228784773
3.94375,19807.4581553123,3.4349195910750593e-06,0.00020481500944971354,0.00020481500944971354,2.084328931139433e-09,0.06869839182150118
3.95,19831.523132886552,3.005603755530398e-06,0.00020479266222389012,0.00020479266222389012,2.0853251574505713e-09,0.060112075110607954
3.9562500000000003,19855.6475198948,2.5752280639884406e-06,0.00020476608671206648,0.00020476608671206648,2.0861787330257968e-09,0.05150456127976881
3.9625000000000004,19879.817719082206,2.1440350895742014e-06,0.00020473533442094541,0.00020473533442094541,2.08688938697155e-09,0.042880701791484024
3.96875,19904.019866251365,1.7122721676338329e-06,0.00020470045451924528,0.00020470045451924528,2.08745693037513e-09,0.03424544335267666
3.975,19928.239851570837,1.280191015584049e-06,0.00020466149383654582,0.00020466149383654582,2.0878812577571612e-09,0.025603820311680982
3.98125,19952.46334226552,8.480473281312538e-07,0.00020461849686189706,0.00020461849686189706,2.0881623483898903e-09,0.016960946562625076
3.9875000000000003,19976.675806629686,4.161003488720354e-07,0.00020457150574222763,0.00020457150574222763,2.0883002674734877e-09,0.008322006977440708
3.9937500000000004,20000.86253929907,-1.538758054888107e-08,0.00020452056028058538,0.00020452056028058538,2.0882951671629166e-09,-0.0003077516109776214
4.0,20025.008687705133,-4.461514923855979e-07,0.0002044656979342391,0.0002044656979342391,2.0881472874383687e-09,-0.008923029847711959
4.0062500000000005,20049.09927962908,-8.759242843471358e-07,0.0002044069538126673,0.0002044069538126673,2.0878569568127742e-09,-0.017518485686942715
4.0125,20073.11925176216,-1.3044372291142997e-06,0.00020434436067545738,0.00020434436067545738,2.0874245928704278e-09,-0.026088744582285994
4.01875,20097.053479172955,-1.7314205000226807e-06,0.00020427794893013745,0.00020427794893013745,2.0868507026313723e-09,-0.034628410000453615
4.025,20120.886805571474,-2.156603710979119e-06,0.00020420774662996158,0.00020420774662996158,2.086135882736826e-09,-0.043132074219582386
4.03125,20144.604074256353,-2.579716468549991e-06,0.00020413377947166796,0.00020413377947166796,2.0852808194516152e-09,-0.051594329370999815
4.0375000000000005,20168.190159621885,-3.000488934041446e-06,0.00020405607079323015,0.00020405607079323015,2.0842862884803016e-09,-0.06000977868082892
4.04375,20191.629999096425,-3.4186523932853946e-06,0.0002039746415716216,0.0002039746415716216,2.0831531545944522e-09,-0.06837304786570789
4.05,20214.90862538061,-3.833939831751536e-06,0.00020388951042061307,0.00020388951042061307,2.081882371069284e-09,-0.07667879663503072
4.05625,20238.011198845128,-4.246086512526557e-06,0.00020380069358862487,0.00020380069358862487,2.080474978928731e-09,-0.08492173025053115
4.0625,20260.923039948062,-4.654830554637469e-06,0.0002037082049566542,0.0002037082049566542,2.0789321059988286e-09,-0.09309661109274937
4.0687500000000005,20283.629661528124,-5.059913509147704e-06,0.00020361205603630094,0.00020361205603630094,2.07725496577014e-09,-0.10119827018295409
4.075,20306.116800825555,-5.461080930423332e-06,0.00020351225596791485,0.00020351225596791485,2.075444856070838e-09,-0.10922161860846664
4.08125,20328.37045108774,-5.858082939952305e-06,0.00020340881151888717,0.00020340881151888717,2.0735031575529036e-09,-0.1171616587990461
4.0875,20350.376892608965,-6.25067478010356e-06,0.00020330172708211158,0.00020330172708211158,2.071431331994777e-09,-0.1250134956020712
4.09375,20372.122723062104,-6.638617355234321e-06,0.0002031910046746385,0.0002031910046746385,2.0692309204246574e-09,-0.13277234710468644
4.1000000000000005,20393.594886977742,-7.021677757594058e-06,0.00020307664393654794,0.00020307664393654794,2.066903541069485e-09,-0.14043355515188116
4.10625,20414.780704231005,-7.399629775531745e-06,0.0002029586421300657,0.0002029586421300657,2.064450887135478e-09,-0.1479925955106349
4.1125,20435.66789740192,-7.772254381589303e-06,0.00020283699413894737,0.00020283699413894737,2.0618747244268866e-09,-0.15544508763178605
4.11875,20456.244617877004,-8.139340198158258e-06,0.00020271169246815492,0.00020271169246815492,2.0591768888104013e-09,-0.16278680396316517
4.125,20476.49947056982,-8.500683938487648e-06,0.0002025827272438496,0.0002025827272438496,2.0563592835333882e-09,-0.17001367876975296
4.1312500000000005,20496.421537142374,-8.856090820959028e-06,0.0002024500862137249,0.0002024500862137249,2.0534238764048084e-09,-0.17712181641918054
4.1375,20516.00039762059,-9.205374954687566e-06,0.00020231375474770257,0.00020231375474770257,2.0503726968483284e-09,-0.18410749909375132
4.14375,20535.226150300692,-9.548359694666341e-06,0.00020217371583901357,0.00020217371583901357,2.047207832837716e-09,-0.1909671938933268
4.15,20554.08942986005,-9.884877964842045e-06,0.00020202995010568643,0.00020202995010568643,2.04393142772515e-09,-0.1976975592968409
4.15625,20572.58142358797,-1.0214772547694205e-05,0.0002018824357924639,0.0002018824357924639,2.040545676973547e-09,-0.2042954509538841
4.1625000000000005,20590.693885672234,-1.0537896339083825e-05,0.00020173114877316878,0.00020173114877316878,2.0370528248044187e-09,-0.21075792678167649
4.16875,20608.41914947936,-1.0854112567341233e-05,0.00020157606255353993,0.00020157606255353993,2.0334551607731083e-09,-0.21708225134682466
4.175,20625.750137785028,-1.1163294975773528e-05,0.00020141714827455863,0.00020141714827455863,2.0297550162835354e-09,-0.22326589951547055
4.18125,20642.68037092012,-1.1465327967989171e-05,0.00020125437471628734,0.00020125437471628734,2.025954761054773e-09,-0.22930655935978342
4.1875,20659.203972811025,-1.1760106715657747e-05,0.0002010877083022415,0.0002010877083022415,2.0220567995519044e-09,-0.23520213431315493
4.1937500000000005,20675.315674905632,-1.2047537228546268e-05,0.00020091711310431777,0.00020091711310431777,2.018063567393669e-09,-0.24095074457092536
4.2,20691.01081798824,-1.2327536386896599e-05,0.00020074255084830283,0.00020074255084830283,2.0139775277493727e-09,-0.24655072773793196
4.20625,20706.28535189941,-1.2600031936430532e-05,0.00020056398091998872,0.00020056398091998872,2.0098011677374586e-09,-0.2520006387286106
4.2125,20721.135833189368,-1.2864962446487484e-05,0.00020038136037192294,0.00020038136037192294,2.0055369948379483e-09,-0.2572992489297497
4.21875,20735.559420745445,-1.312227723201311e-05,0.00020019464393082509,0.00020019464393082509,2.0011875333307455e-09,-0.2624455446402622
4.2250000000000005,20749.55386944448,-1.3371936240323442e-05,0.00020000378400570452,0.00020000378400570452,1.9967553207714674e-09,-0.26743872480646885
4.23125,20763.117521893786,-1.3613909903766902e-05,0.00019980873069671803,0.00019980873069671803,1.992242904516116e-09,-0.27227819807533804
4.2375,20776.249298334387,-1.3848178959593775e-05,0.00019960943180481088,0.00019960943180481088,1.9876528383054536e-09,-0.27696357919187553
4.24375,20788.948684788917,-1.4074734238518604e-05,0.00019940583284218987,0.00019940583284218987,1.982987678919459e-09,-0.2814946847703721
4.25,20801.21571954706,-1.4293576423623204e-05,0.00019919787704368277,0.00019919787704368277,1.9782499829117e-09,-0.28587152847246405
4.2562500000000005,20813.050978089057,-1.4504715781396359e-05,0.00019898550537904535,0.00019898550537904535,1.973442303432852e-09,-0.29009431562792715
4.2625,20824.455556555862,-1.470817186683861e-05,0.00019876865656628346,0.00019876865656628346,1.968567187151962e-09,-0.2941634373367722
4.26875,20835.43105387964,-1.4903973204677058e-05,0.00019854726708606595,0.00019854726708606595,1.9636271712833763e-09,-0.29807946409354114
4.275,20845.979552695673,-1.5092156948833892e-05,0.00019832127119731244,0.00019832127119731244,1.9586247807265394e-09,-0.30184313897667786
4.28125,20856.103599160022,-1.5272768522373834e-05,0.00019809060095404816,0.00019809060095404816,1.953562525325135e-09,-0.30545537044747667
4.2875000000000005,20865.8061818004,-1.5445861240218914e-05,0.00019785518622362832,0.00019785518622362832,1.9484428972512793e-09,-0.3089172248043783
4.29375,20875.090709533473,-1.5611495916963416e-05,0.00019761495470644366,0.00019761495470644366,1.9432683685197086e-09,-0.31222991833926833
4.3,20883.96098897767,-1.576974046214879e-05,0.00019736983195722983,0.00019736983195722983,1.938041388636113e-09,-0.3153948092429758
4.30625,20892.42120119679,-1.5920669465365932e-05,0.0001971197414081142,0.0001971197414081142,1.9327643823829927e-09,-0.31841338930731866
4.3125,20900.475878004654,-1.6064363773542892e-05,0.0001968646043935443,0.0001968646043935443,1.927439747745624e-09,-0.32128727547085784
4.3187500000000005,20908.12987796351,-1.6200910062748536e-05,0.00019660434017725525,0.00019660434017725525,1.922069853979954e-09,-0.3240182012549707
4.325,20915.388362202048,-1.633040040679907e-05,0.00019633886598144473,0.00019633886598144473,1.9166570398234825e-09,-0.3266080081359814
4.33125,20922.256770179927,-1.6452931844894112e-05,0.0001960680970183366,0.0001960680970183366,1.9112036118494554e-09,-0.32905863689788223
4.3375,20928.74079551804,-1.6568605950434453e-05,0.00019579194652432803,0.00019579194652432803,1.905711842963974e-09,-0.33137211900868907
4.34375,20934.84636201091,-1.6677528403084644e-05,0.00019551032579692682,0.00019551032579692682,1.9001839710449496e-09,-0.33355056806169286
4.3500000000000005,20940.57959993057,-1.6779808566042242e-05,0.00019522314423469953,0.00019522314423469953,1.8946221977211713e-09,-0.33559617132084485
4.35625,20945.94682272658,-1.6875559070362576e-05,0.00019493030938046415,0.00019493030938046415,1.8890286872891552e-09,-0.3375111814072515
4.3625,20950.954504217352,-1.6964895408065177e-05,0.00019463172696797468,0.00019463172696797468,1.88340556576486e-09,-0.33929790816130356
4.36875,20955.609256364434,-1.7047935535616292e-05,0.00019432730097235768,0.00019432730097235768,1.8777549200668292e-09,-0.34095871071232586
4.375,20959.917807708563,-1.7124799489243608e-05,0.00019401693366457478,0.00019401693366457478,1.872078797326843e-09,-0.34249598978487217
4.3812500000000005,20963.886982543674,-1.719560901339493e-05,0.00019370052567019804,0.00019370052567019804,1.866379204323716e-09,-0.3439121802678986
4.3875,20967.523680892,-1.7260487203504476e-05,0.00019337797603279745,0.00019337797603279745,1.860658107035506e-09,-0.34520974407008953
4.39375,20970.834859338822,-1.7319558164079428e-05,0.00019304918228225303,0.00019304918228225303,1.8549174303050489e-09,-0.34639116328158853
4.4,20973.82751277344,-1.7372946682967697e-05,0.00019271404050831597,0.00019271404050831597,1.849159057613462e-09,-0.34745893365935393
4.40625,20976.508657077407,-1.7420777922516164e-05,0.00019237244543975456,0.00019237244543975456,1.8433848309560137e-09,-0.3484155584503233
4.4125000000000005,20978.8853127909,-1.74631771281789e-05,0.0001920242905294321,0.0001920242905294321,1.8375965508145776e-09,-0.349263542563578
4.41875,20980.96448978003,-1.7500269354987982e-05,0.0001916694680456744,0.0001916694680456744,1.831795976220748e-09,-0.35000538709975965
4.425,20982.75317292095,-1.7532179212157244e-05,0.00019130786917029391,0.00019130786917029391,1.8259848249036101e-09,-0.3506435842431449
4.43125,20984.258308807664,-1.755903062595189e-05,0.0001909393841036469,0.0001909393841036469,1.8201647735161072e-09,-0.3511806125190378
4.4375,20985.486793483786,-1.7580946620826475e-05,0.0001905639021771071,0.0001905639021771071,1.8143374579339516e-09,-0.35161893241652953
4.4437500000000005,20986.445461191714,-1.7598049118710218e-05,0.00019018131197334734,0.00019018131197334734,1.8085044736210637e-09,-0.35196098237420437
4.45,20987.141074125728,-1.7610458756203475e-05,0.00018979150145482493,0.00018979150145482493,1.8026673760556023e-09,-0.3522091751240695
4.45625,20987.58031316979,-1.761829471934277e-05,0.00018939435810087207,0.00018939435810087207,1.7968276812107632e-09,-0.3523658943868554
4.4625,20987.76976959574,-1.762167459549453e-05,0.00018898976905379493,0.00018898976905379493,1.7909868660846677e-09,-0.3524334919098906
4.46875,20987.715937691537,-1.762071424185061e-05,0.0001885776212743869,0.0001885776212743869,1.7851463692738412e-09,-0.3524142848370122
4.4750000000000005,20987.425208287194,-1.7615527669920928e-05,0.0001881578017072608,0.0001881578017072608,1.7793075915849754e-09,-0.35231055339841855
4.48125,20986.90386313827,-1.7606226945351923e-05,0.00018773019745640284,0.00018773019745640284,1.7734718966798969e-09,-0.35212453890703843
4.4875,20986.15807012965,-1.7592922102342172e-05,0.00018729469597134803,0.00018729469597134803,1.7676406117489034e-09,-0.35185844204684347
4.49375,20985.1938792518,-1.757572107188011e-05,0.00018685118524436878,0.00018685118524436878,1.7618150282078863e-09,-0.3515144214376022
4.5,20984.017219308545,-1.755472962299186e-05,0.00018639955401906152,0.00018639955401906152,1.7559964024149267e-09,-0.3510945924598372
4.5062500000000005,20982.63389530479,-1.753005131616035e-05,0.00018593969201070477,0.00018593969201070477,1.7501859564023307e-09,-0.350601026323207
4.5125,20981.04958647105,-1.7501787468058863e-05,0.00018547149013874815,0.00018547149013874815,1.744384878620354e-09,-0.35003574936117726
4.51875,20979.26984487127,-1.7470037126733762e-05,0.00018499484077177543,0.00018499484077177543,1.7385943246891536e-09,-0.34940074253467523
4.525,20977.300094549326,-1.7434897056370266e-05,0.00018450963798526585,0.00018450963798526585,1.732815418155787e-09,-0.3486979411274053
4.53125,20975.145631164272,-1.739646173078269e-05,0.00018401577783245404,0.00018401577783245404,1.7270492512533704e-09,-0.34792923461565384
4.5375000000000005,20972.81162206666,-1.73548233347849e-05,0.000183513158628564,0.000183513158628564,1.7212968856597825e-09,-0.347096466695698
4.54375,20970.303106771382,-1.73100717726175e-05,0.0001830016812486617,0.0001830016812486617,1.7155593532535745e-09,-0.34620143545235
4.55,20967.62499778079,-1.7262294682635066e-05,0.0001824812494393372,0.0001824812494393372,1.7098376568650129e-09,-0.3452458936527013
4.55625,20964.78208171592,-1.721157745748809e-05,0.0001819517701443905,0.0001819517701443905,1.7041327710204312e-09,-0.3442315491497618
4.5625,20961.779020714846,-1.7158003269070474e-05,0.00018141315384465173,0.00018141315384465173,1.6984456426783154e-09,-0.3431600653814095
4.5687500000000005,20958.620354060055,-1.7101653097542597e-05,0.0001808653149120207,0.0001808653149120207,1.692777191955766e-09,-0.3420330619508519
4.575,20955.310499996678,-1.7042605763782533e-05,0.00018030817197775984,0.00018030817197775984,1.6871283128442066e-09,-0.3408521152756507
4.58125,20951.853757710414,-1.6980937964662157e-05,0.00017974164831501796,0.00017974164831501796,1.6814998739134e-09,-0.33961875929324314
4.5875,20948.2543094319,-1.6916724310590982e-05,0.00017916567223550165,0.00017916567223550165,1.6758927190030178e-09,-0.33833448621181966
4.59375,20944.516222639708,-1.6850037364817267e-05,0.0001785801775001454,0.0001785801775001454,1.6703076679011855e-09,-0.3370007472963453
4.6000000000000005,20940.64345233574,-1.6780947684022804e-05,0.00017798510374356013,0.00017798510374356013,1.6647455170095719e-09,-0.3356189536804561
4.60625,20936.63984336996,-1.6709523859794664e-05,0.00017738039691196362,0.00017738039691196362,1.6592070399947316e-09,-0.3341904771958933
4.6125,20932.509132793646,-1.6635832560602812e-05,0.00017676600971421418,0.00017676600971421418,1.6536929884255349e-09,-0.33271665121205624
4.61875,20928.25495222206,-1.655993857395739e-05,0.0001761419020854828,0.0001761419020854828,1.6482040923966235e-09,-0.3311987714791478
4.625,20923.880830192134,-1.648190484846222e-05,0.00017550804166300627,0.00017550804166300627,1.642741061137927e-09,-0.3296380969692444
4.6312500000000005,20919.39019449999,-1.6401792535522175e-05,0.0001748644042732664,0.0001748644042732664,1.637304583610357e-09,-0.3280358507104435
4.6375,20914.786374508134,-1.631966103050078e-05,0.00017421097442983896,0.00017421097442983896,1.6318953290878572e-09,-0.32639322061001563
4.64375,20910.072603412707,-1.6235568013160673e-05,0.00017354774584104823,0.00017354774584104823,1.6265139477260503e-09,-0.32471136026321346
4.65,20905.252020461718,-1.6149569487253034e-05,0.00017287472192645161,0.00017287472192645161,1.6211610711177628e-09,-0.3229913897450607
4.65625,20900.327673121825,-1.6061719819153008e-05,0.00017219191634106374,0.00017219191634106374,1.6158373128357434e-09,-0.3212343963830602
4.6625000000000005,20895.302519185574,-1.5972071775465995e-05,0.00017149935350610927,0.00017149935350610927,1.6105432689629167e-09,-0.3194414355093199
4.66875,20890.179428819003,-1.5880676559554755e-05,0.0001707970691449715,0.0001707970691449715,1.6052795186105301e-09,-0.3176135311910951
4.675,20884.96118654739,-1.57875838469594e-05,0.00017008511082287802,0.00017008511082287802,1.60004662442456e-09,-0.315751676939188
4.68125,20879.65049317772,-1.569284181970179e-05,0.00016936353848873753,0.00016936353848873753,1.5948451330807481e-09,-0.31385683639403583
4.6875,20874.249967660082,-1.559649719948236e-05,0.00016863242501741213,0.00016863242501741213,1.5896755757686337e-09,-0.3119299439896472
4.6937500000000005,20868.76214888715,-1.549859527979145e-05,0.00016789185675058067,0.00016789185675058067,1.5845384686649431e-09,-0.309971905595829
4.7,20863.18949743528,-1.539917995696879e-05,0.0001671419340342187,0.0001671419340342187,1.5794343133966848e-09,-0.3079835991393758
4.70625,20857.5343972492,-1.529829376025378e-05,0.00016638277175059184,0.00016638277175059184,1.574363597494282e-09,-0.3059658752050756
4.7125,20851.79915727229,-1.5195977880876491e-05,0.00016561449984253373,0.00016561449984253373,1.5693267948350654e-09,-0.3039195576175298
4.71875,20845.9860130272,-1.5092272200244187e-05,0.00016483726382765602,0.00016483726382765602,1.5643243660774221e-09,-0.3018454440048837
4.7250000000000005,20840.097128147703,-1.498721531728172e-05,0.00016405122530001868,0.00016405122530001868,1.5593567590858818e-09,-0.2997443063456344
4.73125,20834.134595867235,-1.4880844574985586e-05,0.00016325656241667597,0.00016325656241667597,1.5544244093474028e-09,-0.2976168914997117
4.7375,20828.10044046749,-1.4773196086252144e-05,0.00016245347036640548,0.00016245347036640548,1.5495277403790962e-09,-0.2954639217250429
4.74375,20821.996618687623,-1.4664304759039486e-05,0.00016164216181782914,0.00016164216181782914,1.5446671641276105e-09,-0.2932860951807897
4.75,20815.825021101748,-1.4554204320920748e-05,0.0001608228673440451,0.0001608228673440451,1.5398430813603773e-09,-0.29108408641841493
4.7562500000000005,20809.587473463314,-1.4442927343084137e-05,0.0001599958358208093,0.0001599958358208093,1.5350558820489025e-09,-0.2888585468616827
4.7625,20803.285738022685,-1.433050526383164e-05,0.00015916133479523844,0.00015916133479523844,1.5303059457442689e-09,-0.28661010527663283
4.76875,20796.92151481923,-1.4216968411624751e-05,0.00015831965082195115,0.00015831965082195115,1.5255936419449994e-09,-0.284339368232495
4.775,20790.49644294957,-1.4102346027721645e-05,0.00015747108976352418,0.00015747108976352418,1.5209193304574175e-09,-0.2820469205544329
4.78125,20784.01210181663,-1.3986666288445847e-05,0.00015661597705211543,0.00015661597705211543,1.5162833617486269e-09,-0.27973332576891696
4.7875000000000005,20777.470012358423,-1.3869956327122434e-05,0.00015575465790909905,0.00015575465790909905,1.5116860772922192e-09,-0.2773991265424487
4.79375,20770.871638261604,-1.3752242255713263e-05,0.00015488749751956755,0.00015488749751956755,1.5071278099068122e-09,-0.27504484511426525
4.800000000000001,20764.21838715821,-1.3633549186178938e-05,0.00015401488115858705,0.00015401488115858705,1.5026088840875056e-09,-0.27267098372357873
4.80625,20757.511611809397,-1.351390125159097e-05,0.0001531372142661405,0.0001531372142661405,1.4981296163303406e-09,-0.2702780250318194
4.8125,20750.752611276253,-1.3393321627014101e-05,0.00015225492246776715,0.00015225492246776715,1.493690315449837e-09,-0.26786643254028203
4.8187500000000005,20743.94263207777,-1.3271832550175292e-05,0.00015136845153799876,0.00015136845153799876,1.4892912828896802e-09,-0.26543665100350583
4.825,20737.082869338727,-1.3149455341932744e-05,0.00015047826730381063,0.00015047826730381063,1.4849328130266223e-09,-0.2629891068386549
4.831250000000001,20730.174467926186,-1.3026210426555612e-05,0.00014958485548544455,0.00014958485548544455,1.4806151934676628e-09,-0.26052420853111224
4.8375,20723.218523576375,-1.290211735182269e-05,0.00014868872147212603,0.00014868872147212603,1.4763387053405666e-09,-0.2580423470364538
4.84375,20716.21608401097,-1.2777194808946265e-05,0.00014779039003038374,0.00014779039003038374,1.4721036235777788e-09,-0.2555438961789253
4.8500000000000005,20709.168150045294,-1.2651460652325543e-05,0.0001468904049428933,0.0001468904049428933,1.467910217193791e-09,-0.2530292130465108
4.85625,20702.07567668489,-1.2524931919132928e-05,0.0001459893285760015,0.0001459893285760015,1.4637587495560165e-09,-0.25049863838265857
4.862500000000001,20694.939574215517,-1.2397624848734984e-05,0.0001450877413743475,0.0001450877413743475,1.4596494786492287e-09,-0.24795249697469968
4.86875,20687.760709281672,-1.2269554901949438e-05,0.00014418624128127952,0.00014418624128127952,1.455582657333615e-09,-0.24539109803898876
4.875,20680.539905957266,-1.2140736780138938e-05,0.00014328544308407049,0.00014328544308407049,1.451558533596504e-09,-0.24281473560277875
4.8812500000000005,20673.277946806644,-1.2011184444141835e-05,0.00014238597768326193,0.00014238597768326193,1.4475773507978156e-09,-0.2402236888828367
4.8875,20665.975573936554,-1.1880911133040436e-05,0.0001414884912858115,0.0001414884912858115,1.4436393479092931e-09,-0.23761822266080873
4.893750000000001,20658.633490039352,-1.1749929382766916e-05,0.00014059364452208406,0.00014059364452208406,1.4397447597475661e-09,-0.23499858765533832
4.9,20651.252359426715,-1.1618251044547476e-05,0.00013970211148710835,0.00013970211148710835,1.4358938172011003e-09,-0.23236502089094954
4.90625,20643.832809054187,-1.1485887303185612e-05,0.00013881457870691693,0.00013881457870691693,1.4320867474510878e-09,-0.22971774606371223
4.9125000000000005,20636.37542953791,-1.1352848695185555e-05,0.0001379317440311978,0.0001379317440311978,1.4283237741863298e-09,-0.2270569739037111
4.91875,20628.88077616059,-1.12191451267177e-05,0.00013705431545390587,0.00013705431545390587,1.424605117812165e-09,-0.224382902534354
4.925000000000001,20621.349369870888,-1.1084785891427923e-05,0.00013618300986391031,0.00013618300986391031,1.420930995653495e-09,-0.22169571782855846
4.93125,20613.781698271905,-1.094977968809355e-05,0.000135318551728189,0.000135318551728189,1.417301622151956e-09,-0.218995593761871
4.9375,20606.178216603646,-1.0814134638128835e-05,0.0001344616717105164,0.0001344616717105164,1.4137172090572911e-09,-0.2162826927625767
4.9437500000000005,20598.53934871524,-1.0677858302943615e-05,0.00013361310522902808,0.00013361310522902808,1.410177965612966e-09,-0.21355716605887232
4.95,20590.865488030206,-1.0540957701158965e-05,0.00013277359095647826,0.00013277359095647826,1.40668409873608e-09,-0.2108191540231793
4.956250000000001,20583.15699850371,-1.0403439325684232e-05,0.00013194386926743086,0.00013194386926743086,1.4032358131916172e-09,-0.20806878651368463
4.9625,20575.41421557236,-1.0265309160660088e-05,0.00013112468063704292,0.00013112468063704292,1.3998333117610801e-09,-0.20530618321320177
4.96875,20567.637447096356,-1.0126572698272592e-05,0.00013031676399650037,0.00013031676399650037,1.3964767954055518e-09,-0.20253145396545183
4.9750000000000005,20559.82697429573,-9.987234955443467e-06,0.00012952085505055206,0.00012952085505055206,1.393166463423225e-09,-0.19974469910886936
4.98125,20551.98305267844,-9.84730049040206e-06,0.00012873768456295534,0.00012873768456295534,1.3899025136014382e-09,-0.19694600980804122
4.987500000000001,20544.10591296358,-9.70677341914455e-06,0.00012796797661598702,0.00012796797661598702,1.3866851423632577e-09,-0.194135468382891
4.99375,20536.195761997908,-9.565657431786132e-06,0.0001272124468504914,0.0001272124468504914,1.3835145449086373e-09,-0.19131314863572263
5.0,20528.252783666325,-9.423955808812071e-06,0.00012647180069322246,0.00012647180069322246,1.3803909153501936e-09,-0.18847911617624144
5.0062500000000005,20520.277139798294,-9.281671437233339e-06,0.0001257467315784903,0.0001257467315784903,1.3773144468436248e-09,-0.1856334287446668
5.0125,20512.2689710677,-9.138806826652934e-06,0.00012503791917134116,0.00012503791917134116,1.374285331712806e-09,-0.1827761365330587
5.018750000000001,20504.228397889026,-8.995364125248709e-06,0.0001243460275996788,0.0001243460275996788,1.3713037615695845e-09,-0.17990728250497418
5.025,20496.155521308843,-8.851345135678658e-06,0.00012367170370287467,0.00012367170370287467,1.368369927428306e-09,-0.17702690271357316
5.03125,20488.050423893474,-8.706751330914678e-06,0.0001230155753045104,0.0001230155753045104,1.3654840198150898e-09,-0.17413502661829355
5.0375000000000005,20479.913170612963,-8.561583870010684e-06,0.00012237824951694712,0.00012237824951694712,1.3626462288718795e-09,-0.1712316774002137
5.04375,20471.74380972129,-8.415843613811149e-06,0.00012176031108542238,0.00012176031108542238,1.3598567444552866e-09,-0.16831687227622297
5.050000000000001,20463.542373633943,-8.269531140606006e-06,0.000121162320779332,0.000121162320779332,1.3571157562302448e-09,-0.16539062281212014
5.05625,20455.308879803066,-8.122646761737997e-06,0.00012058481383826437,0.00012058481383826437,1.3544234537584912e-09,-0.16245293523475993
5.0625,20447.04333158972,-7.975190537168582e-06,0.00012002829848021432,0.00012002829848021432,1.351780026581888e-09,-0.15950381074337164
5.0687500000000005,20438.745719134626,-7.827162291008641e-06,0.0001194932544792164,0.0001194932544792164,1.3491856643005975e-09,-0.15654324582017282
5.075,20430.416020226832,-7.678561627020286e-06,0.00011898013181939847,0.00011898013181939847,1.346640556646117e-09,-0.15357123254040572
5.081250000000001,20422.054201171948,-7.5293879440962e-06,0.0001184893494321723,0.0001184893494321723,1.3441448935491852e-09,-0.150587758881924
5.0875,20413.660217658296,-7.379640451723286e-06,0.0001180212940229454,0.0001180212940229454,1.3416988652025609e-09,-0.1475928090344657
5.09375,20405.234015623428,-7.229318185437313e-06,0.00011757631899335979,0.00011757631899335979,1.3393026621186806e-09,-0.14458636370874625
5.1000000000000005,20396.775532120537,-7.07842002227572e-06,0.00011715474346464282,0.00011715474346464282,1.3369564751821942e-09,-0.14156840044551441
5.10625,20388.284696184848,-6.9269446962358504e-06,0.00011675685140719205,0.00011675685140719205,1.3346604956973758e-09,-0.13853889392471702
5.112500000000001,20379.76142970071,-6.774890813746283e-06,0.00011638289088101524,0.00011638289088101524,1.3324149154304077e-09,-0.13549781627492566
5.11875,20371.205648270326,-6.622256869159047e-06,0.00011603307339110905,0.00011603307339110905,1.3302199266465288e-09,-0.13244513738318092
5.125,20362.617262083164,-6.469041260271088e-06,0.00011570757336129211,0.00011570757336129211,1.3280757221420382e-09,-0.12938082520542177
5.1312500000000005,20353.996176788954,-6.315242303883406e-06,0.00011540652772940961,0.00011540652772940961,1.3259824952711418e-09,-0.12630484607766812
5.1375,20345.342294371596,-6.160858251406904e-06,0.00011513003566620524,0.00011513003566620524,1.3239404399676266e-09,-0.12321716502813808
5.143750000000001,20336.65551402808,-6.005887304524121e-06,0.00011487815841951402,0.00011487815841951402,1.3219497507613431e-09,-0.12011774609048242
5.15,20327.93573304897,-5.850327630916645e-06,0.00011465091928477159,0.00011465091928477159,1.3200106227894755e-09,-0.1170065526183329
5.15625,20319.182847704968,-5.6941773800681855e-06,0.00011444830370216697,0.00011444830370216697,1.318123251802573e-09,-0.11388354760136371
5.1625000000000005,20310.396754137524,-5.537434699153752e-06,0.00011427025948008983,0.00011427025948008983,1.3162878341653154e-09,-0.11074869398307505
5.16875,20301.577349254312,-5.3800977490258884e-06,0.00011411669714384754,0.00011411669714384754,1.3145045668519798e-09,-0.10760195498051776
5.175000000000001,20292.724531632317,-5.222164720309064e-06,0.00011398749040795393,0.00011398749040795393,1.3127736474365718e-09,-0.10444329440618129
5.18125,20283.838202426065,-5.063633849614003e-06,0.00011388247676962734,0.00011388247676962734,1.3110952740775837e-09,-0.10127267699228006
5.1875,20274.91826628412,-4.904503435883904e-06,0.0001138014582204844,0.0001138014582204844,1.3094696454973339e-09,-0.09809006871767809
5.1937500000000005,20265.964632273335,-4.744771856884997e-06,0.0001137442020727848,0.0001137442020727848,1.3078969609558402e-09,-0.09489543713769995
5.2,20256.977214812166,-4.58443758585419e-06,0.0001137104418959711,0.0001137104418959711,1.3063774202191759e-09,-0.09168875171708381
5.206250000000001,20247.95593461326,-4.423499208316992e-06,0.00011369987855866791,0.00011369987855866791,1.3049112235222505e-09,-0.08846998416633983
5.2125,20238.900719636687,-4.261955439089131e-06,0.00011371218137075422,0.00011371218137075422,1.303498571525956e-09,-0.0852391087817826
5.21875,20229.81150605363,-4.099805139475735e-06,0.00011374698931960965,0.00011374698931960965,1.3021396652686123e-09,-0.08199610278951469
5.2250000000000005,20220.688239222774,-3.937047334682142e-06,0.0001138039123941623,0.0001138039123941623,1.3008347061116407e-09,-0.07874094669364283
5.23125,20211.530874678658,-3.773681231450727e-06,0.0001138825329899355,0.0001138825329899355,1.2995838956793929e-09,-0.07547362462901454
5.237500000000001,20202.339379133875,-3.609706235938394e-06,0.00011398240738790812,0.00011398240738790812,1.2983874357930538e-09,-0.07219412471876788
5.24375,20193.113731495312,-3.4451219718495957e-06,0.00011410306729966816,0.00011410306729966816,1.2972455283985337e-09,-0.06890243943699191
5.25,20183.853923896233,-3.279928298839857e-06,0.00011424402147105777,0.00011424402147105777,1.2961583754882608e-09,-0.06559856597679714
5.2562500000000005,20174.559962743308,-3.114125331205096e-06,0.00011440475733627789,0.00011440475733627789,1.2951261790167796e-09,-0.06228250662410192
5.2625,20165.23186978159,-2.9477134568719296e-06,0.00011458474271424679,0.00011458474271424679,1.2941491408100534e-09,-0.05895426913743859
5.268750000000001,20155.869683176294,-2.7806933567043947e-06,0.00011478342753888791,0.00011478342753888791,1.2932274624683693e-09,-0.05561386713408789
5.275,20146.473458614,-2.61306602414239e-06,0.0001150002456149595,0.0001150002456149595,1.2923613452627322e-09,-0.0522613204828478
5.28125,20137.04327042266,-2.4448327851871787e-06,0.00011523461639103273,0.00011523461639103273,1.2915509900246355e-09,-0.048896655703743575
5.2875000000000005,20127.579212712448,-2.2759953187491215e-06,0.00011548594674127268,0.00011548594674127268,1.2907965970290872e-09,-0.04551990637498243
5.29375,20118.081400537103,-2.1065556773727016e-06,0.00011575363274778094,0.00011575363274778094,1.2900983658707666e-09,-0.04213111354745403
5.300000000000001,20108.54997107798,-1.936516308353556e-06,0.00011603706147541451,0.00011603706147541451,1.2894564953331813e-09,-0.03873032616707112
5.30625,20098.985084850367,-1.7658800752619697e-06,0.00011633561273120324,0.00011633561273120324,1.2888711832506908e-09,-0.035317601505239396
5.3125,20089.386926933606,-1.5946502798868345e-06,0.00011664866080074386,0.00011664866080074386,1.2883426263632552e-09,-0.03189300559773669
5.3187500000000005,20079.7557082253,-1.422830684613579e-06,0.0001169755761542519,0.0001169755761542519,1.287871020163769e-09,-0.02845661369227158
5.325,20070.091666721022,-1.2504255352489046e-06,0.00011731572711529668,0.00011731572711529668,1.2874565587378268e-09,-0.02500851070497809
5.331250000000001,20060.395068819245,-1.0774395843045173e-06,0.00011766848148563047,0.00011766848148563047,1.2870994345957735e-09,-0.021548791686090345
5.3375,20050.66621065301,-9.038781147511354e-07,0.00011803320811994238,0.00011803320811994238,1.2867998384968797e-09,-0.01807756229502271
5.34375,20040.905419448096,-7.297469642531251e-07,0.00011840927844482084,0.00011840927844482084,1.2865579592654857e-09,-0.0145949392850625
5.3500000000000005,20031.113054909292,-5.550525498929862e-07,0.00011879606791668769,0.00011879606791668769,1.2863739835989494e-09,-0.011101050997859723
5.35625,20021.289510634095,-3.7980189339369423e-07,0.00011919295741397077,0.00011919295741397077,1.286248095867234e-09,-0.007596037867873885
5.362500000000001,20011.435215554702,-2.040026468455212e-07,0.00011959933455930363,0.00011959933455930363,1.2861804779039695e-09,-0.004080052936910424
5.36875,20001.550635408526,-2.766311894241981e-08,0.00012001459496807794,0.00012001459496807794,1.2861713087888165e-09,-0.0005532623788483962
5.375,19991.636274238233,1.4920769826872182e-07,0.00012043814342021964,0.00012043814342021964,1.2862207646209653e-09,0.0029841539653744364
5.3812500000000005,19981.692675919287,3.266001021243479e-07,0.00012086939495261156,0.00012086939495261156,1.2863290182835974e-09,0.006532002042486958
5.3875,19971.72042571734,5.045036515666552e-07,0.00012130777587013764,0.00012130777587013764,1.2864962391991393e-09,0.010090073031333104
5.393750000000001,19961.720151873924,6.829071388548965e-07,0.00012175272467387109,0.00012175272467387109,1.2867225930751416e-09,0.01365814277709793
5.4,19951.692527220526,8.617985607707598e-07,0.00012220369290546993,0.00012220369290546993,1.2870082416406123e-09,0.017235971215415195
5.40625,19941.638270820262,1.0411650893256138e-06,0.00012266014590737138,0.00012266014590737138,1.2873533423726422e-09,0.020823301786512278
5.4125000000000005,19931.558149637887,1.220993041980241e-06,0.00012312156349888852,0.00012312156349888852,1.2877580482131574e-09,0.02441986083960482
5.41875,19921.4529802346,1.401267851390594e-06,0.00012358744056880586,0.00012358744056880586,1.2882225072756467e-09,0.02802535702781188
5.425000000000001,19911.323630490817,1.5819740346965094e-06,0.00012405728758553997,0.00012405728758553997,1.2887468625417068e-09,0.03163948069393019
5.43125,19901.171021351125,1.7630951623734773e-06,0.00012453063102637596,0.00012453063102637596,1.2893312515472652e-09,0.03526190324746955
5.4375,19890.996128593968,1.9446138266714315e-06,0.0001250070137277059,0.0001250070137277059,1.2899758060583411e-09,0.03889227653342863
5.4437500000000005,19880.799984622034,2.1265116096681815e-06,0.00012548599515858018,0.00012548599515858018,1.2906806517362169e-09,0.04253023219336363
5.45,19870.58368027336,2.3087690509693123e-06,0.00012596715162023456,0.00012596715162023456,1.2914459077919047e-09,0.046175381019386244
5.456250000000001,19860.348366649014,2.4913656150904376e-06,0.00012645007637457389,0.00012645007637457389,1.292271686629801e-09,0.04982731230180875
5.4625,19850.095256957502,2.6742796585623728e-06,0.00012693437970487495,0.00012693437970487495,1.293158093480438e-09,0.05348559317124746
5.46875,19839.825628371356,2.8574883968042404e-06,0.00012741968891221607,0.00012741968891221607,1.2941052260222545e-09,0.05714976793608481
5.4750000000000005,19829.54082389448,3.040967870814558e-06,0.00012790564825135048,0.00012790564825135048,1.295113173992328e-09,0.06081935741629116
5.48125,19819.242254236335,3.2246929137352655e-06,0.0001283919188099111,0.0001283919188099111,1.2961820187860217e-09,0.06449385827470532
5.487500000000001,19808.93139968966,3.408637117348929e-06,0.00012887817833496926,0.00012887817833496926,1.2973118330455287e-09,0.06817274234697858
5.49375,19798.609812008915,3.5927727985748172e-06,0.00012936412101106833,0.00012936412101106833,1.2985026802373106e-09,0.07185545597149634
5.5,19788.279116284,3.7770709660349475e-06,0.00012984945719391532,0.00012984945719391532,1.299754614218454e-09,0.07554141932069895
5.5062500000000005,19777.941012806434,3.961501286767096e-06,0.00013033391310394326,0.00013033391310394326,1.3010676787919943e-09,0.07923002573534192
5.5125,19767.597278922145,4.1460320531674465e-06,0.00013081723048395162,0.00013081723048395162,1.3024419072512808e-09,0.08292064106334893
5.518750000000001,19757.249770866845,4.330630150251634e-06,0.00013129916622499815,0.00013129916622499815,1.3038773219134936e-09,0.08661260300503268
5.525,19746.9004255778,4.515261023328876e-06,0.0001317794919646498,0.0001317794919646498,1.305373933642442e-09,0.09030522046657752
5.53125,19736.551262477136,4.699888646190143e-06,0.00013225799366160956,0.00013225799366160956,1.3069317413608213e-09,0.09399777292380286
5.5375000000000005,19726.204385220346,4.88447548991743e-06,0.00013273447115061946,0.00013273447115061946,1.3085507315521307e-09,0.09768950979834859
5.54375,19715.861983403152,5.068982492427429e-06,0.00013320873768140097,0.00013320873768140097,1.3102308777524954e-09,0.10137964984854857
5.550000000000001,19705.526334221107,5.253369028869184e-06,0.00013368061944523537,0.00013368061944523537,1.3119721400326776e-09,0.10506738057738368
5.55625,19695.199804074167,5.437592883001471e-06,0.0001341499550926105,0.0001341499550926105,1.3137744644706003e-09,0.10875185766002943
5.5625,19684.884850108272,5.621610219681787e-06,0.00013461659524516842,0.00013461659524516842,1.3156377826147525e-09,0.11243220439363574
5.5687500000000005,19674.584021687882,5.805375558605026e-06,0.00013508040200498658,0.00013508040200498658,1.3175620109388889e-09,0.11610751117210052
5.575,19664.299961789722,5.98884174943572e-06,0.00013554124846401,0.00013554124846401,1.3195470502884885e-09,0.11977683498871441
5.581250000000001,19654.035408310276,6.171959948483629e-06,0.0001359990182162338,0.0001359990182162338,1.3215927853194812e-09,0.12343919896967258
5.5875,19643.79319527793,6.3546795970780735e-06,0.00013645360487500786,0.00013645360487500786,1.323699083929807e-09,0.12709359194156147
5.59375,19633.576253961117,6.5369484018016826e-06,0.0001369049115976102,0.0001369049115976102,1.325865796684423e-09,0.13073896803603366
5.6000000000000005,19623.387613862473,6.718712316749442e-06,0.00013735285061900582,0.00013735285061900582,1.32809275623443e-09,0.13437424633498884
5.60625,19613.23040359048,6.89991552798362e-06,0.0001377973427964834,0.0001377973427964834,1.330379776731048e-09,0.1379983105596724
5.612500000000001,19603.107851597815,7.080500440359585e-06,0.00013823831716663828,0.00013823831716663828,1.3327266532352227e-09,0.1416100088071917
5.61875,19593.02328677695,7.2604076669014926e-06,0.0001386757105159558,0.0001386757105159558,1.3351331611237124e-09,0.14520815333802986
5.625,19582.980138902512,7.439576020910354e-06,0.00013910946696603705,0.00013910946696603705,1.3375990554925586e-09,0.1487915204182071
5.6312500000000005,19572.98193890988,7.617942510989977e-06,0.00013953953757431026,0.00013953953757431026,1.3401240705589072e-09,0.15235885021979953
5.6375,19563.032319000402,7.795442339178748e-06,0.00013996587995087877,0.00013996587995087877,1.3427079190622113e-09,0.15590884678357497
5.643750000000001,19553.13501256095,7.972008902376948e-06,0.0001403884578919766,0.0001403884578919766,1.3453502916659068e-09,0.15944017804753896
5.65,19543.293853888415,8.147573797260491e-06,0.00014080724103033402,0.00014080724103033402,1.3480508563607166e-09,0.1629514759452098
5.65625,19533.5127777088,8.322066828872393e-06,0.0001412222045025995,0.0001412222045025995,1.3508092578708024e-09,0.16644133657744786
5.6625000000000005,19523.795818477774,8.49541602308276e-06,0.00014163332863382093,0.00014163332863382093,1.3536251170640473e-09,0.1699083204616552
5.66875,19514.147109455873,8.66754764310709e-06,0.00014204059863885907,0.00014204059863885907,1.3564980303678122e-09,0.1733509528621418
5.675000000000001,19504.57088154337,8.83838621027033e-06,0.0001424440043404891,0.0001424440043404891,1.3594275691915751e-09,0.1767677242054066
5.68125,19495.071461869196,9.007854529201293e-06,0.00014284353990384345,0.00014284353990384345,1.3624132793579221e-09,0.18015709058402585
5.6875,19485.65327211946,9.175873717637862e-06,0.00014323920358675775,0.00014323920358675775,1.3654546805434157e-09,0.18351747435275725
5.6937500000000005,19476.32082659851,9.342363241018401e-06,0.00014363099750550604,0.00014363099750550604,1.3685512657309306e-09,0.18684726482036804
5.7,19467.078730012578,9.507240952028668e-06,0.000144018927415345,0.000144018927415345,1.3717025006750965e-09,0.19014481904057337
5.706250000000001,19457.93167496594,9.670423135266199e-06,0.0001444030025052356,0.0001444030025052356,1.374907823382545e-09,0.19340846270532397
5.7125,19448.884439161604,9.831824557175705e-06,0.00014478323520606868,0.00014478323520606868,1.3781666436087085e-09,0.19663649114351409
5.71875,19439.941882299012,9.991358521399524e-06,0.00014515964101169054,0.00014515964101169054,1.3814783423729652e-09,0.19982717042799047
5.7250000000000005,19431.10894266023,1.0148936929676163e-05,0.00014553223831200436,0.00014553223831200436,1.3848422714939692e-09,0.20297873859352328
5.73125,19422.39063337852,1.0304470348408028e-05,0.00014590104823741201,0.00014590104823741201,1.388257753147045e-09,0.20608940696816055
5.737500000000001,19413.792038383235,1.0457868081006075e-05,0.0001462660945138583,0.0001462660945138583,1.391724079445561e-09,0.2091573616201215
5.74375,19405.318308015514,1.0609038246104486e-05,0.00014662740332774404,0.00014662740332774404,1.395240512048227e-09,0.21218076492208973
5.75,19396.97465431074,1.0757887861722665e-05,0.00014698500319998618,0.00014698500319998618,1.3988062817942904e-09,0.21515775723445332
5.7562500000000005,19388.76634594376,1.0904322935434612e-05,0.00014733892486852164,0.00014733892486852164,1.4024205883686157e-09,0.21808645870869223
5.7625,19380.698702836104,1.1048248560587575e-05,0.00014768920117857223,0.00014768920117857223,1.4060825999986591e-09,0.22096497121175152
5.768750000000001,19372.77709042144,1.1189569018591947e-05,0.00014803586698001632,0.00014803586698001632,1.4097914531853472e-09,0.22379138037183893
5.775,19365.006913572,1.1328187887283865e-05,0.00014837895903124305,0.00014837895903124305,1.4135462524698724e-09,0.2265637577456773
5.78125,19357.393610184918,1.1464008155339811e-05,0.00014871851590889682,0.00014871851590889682,1.4173460702384124e-09,0.22928016310679622
5.7875000000000005,19349.94264443183,1.1596932342699471e-05,0.00014905457792295618,0.00014905457792295618,1.4211899465667644e-09,0.23193864685398943
5.79375,19342.659499676174,1.172686262692903e-05,0.0001493871870366264,0.0001493871870366264,1.4250768891068635e-09,0.23453725253858057
5.800000000000001,19335.549671061497,1.1853700975431798e-05,0.00014971638679056257,0.00014971638679056257,1.4290058730171223e-09,0.23707401950863596
5.80625,19328.618657780247,1.1977349283387316e-05,0.0001500422222309775,0.0001500422222309775,1.4329758409384925e-09,0.23954698566774632
5.8125,19321.87195502788,1.2097709517272872e-05,0.00015036473984122507,0.00015036473984122507,1.4369857030180966e-09,0.24195419034545745
5.8187500000000005,19315.315045655545,1.221468386379421e-05,0.00015068398747648647,0.00015068398747648647,1.441034336982224e-09,0.2442936772758842
5.825,19308.953391529165,1.232817488402366e-05,0.00015100001430122146,0.00015100001430122146,1.4451205882604179e-09,0.2465634976804732
5.831250000000001,19302.792424611056,1.2438085672515623e-05,0.00015131287072908038,0.00015131287072908038,1.4492432701623e-09,0.24876171345031245
5.8375,19296.83753777573,1.2544320021140098e-05,0.00015162260836500534,0.00015162260836500534,1.4534011641087012e-09,0.25088640042280197
5.84375,19291.09407537864,1.2646782587345844e-05,0.00015192927994927812,0.00015192927994927812,1.4575930199185626e-09,0.2529356517469169
5.8500000000000005,19285.56732359321,1.2745379066535459e-05,0.00015223293930330113,0.00015223293930330113,1.461817556152972e-09,0.2549075813307092
5.85625,19280.26250053801,1.2840016368205518e-05,0.00015253364127692324,0.00015253364127692324,1.4660734605175834e-09,0.25680032736411035
5.862500000000001,19275.184746212915,1.2930602795475861e-05,0.0001528314416971461,0.0001528314416971461,1.4703593903245417e-09,0.25861205590951725
5.86875,19270.339112268575,1.3017048227603767e-05,0.00015312639731806792,0.00015312639731806792,1.474673973014903e-09,0.26034096455207534
5.875,19265.730551632798,1.3099264305050659e-05,0.0001534185657719415,0.0001534185657719415,1.4790158067423982e-09,0.2619852861010132
5.8812500000000005,19261.36390801931,1.3177164616642088e-05,0.00015370800552123875,0.00015370800552123875,1.483383461019229e-09,0.26354329233284174
5.8875,19257.243905346233,1.325066488833526e-05,0.00015399477581163113,0.00015399477581163113,1.4877754774244347e-09,0.2650132977667052
5.893750000000001,19253.375137094234,1.3319683173083726e-05,0.00015427893662580582,0.00015427893662580582,1.4921903703751897e-09,0.26639366346167453
5.9,19249.76205563097,1.338414004126482e-05,0.0001545605486380507,0.0001545605486380507,1.4966266279612187e-09,0.2676828008252964
5.90625,19246.40896153765,1.3443958771113588e-05,0.00015483967316954876,0.00015483967316954876,1.5010827128423345e-09,0.26887917542227174
5.9125000000000005,19243.319992965728,1.349906553858633e-05,0.0001551163721443311,0.0001551163721443311,1.5055570632089046e-09,0.2699813107717266
5.91875,19240.499115059793,1.3549389606058436e-05,0.000155390708045843,0.000155390708045843,1.5100480938048651e-09,0.27098779212116875
5.925000000000001,19237.95010947978,1.359486350924472e-05,0.00015566274387408339,0.00015566274387408339,1.5145541970126897e-09,0.2718972701848944
5.93125,19235.676564058154,1.363542324171633e-05,0.0001559325431032801,0.0001559325431032801,1.5190737439995176e-09,0.2727084648343266
5.9375,19233.68186262724,1.367100843637641e-05,0.00015620016964006746,0.00015620016964006746,1.5236050859234334e-09,0.27342016872752817
5.9437500000000005,19231.969175053637,1.3701562543247697e-05,0.00015646568778213252,0.00015646568778213252,1.528146555198675e-09,0.27403125086495395
5.95,19230.541447515963,1.3727033002918626e-05,0.00015672916217729922,0.00015672916217729922,1.5326964668183322e-09,0.2745406600583725
5.956250000000001,19229.401393062093,1.3747371414990928e-05,0.0001569906577830183,0.0001569906577830183,1.5372531197328776e-09,0.27494742829981855
5.9625,19228.55148248468,1.376253370087126e-05,0.0001572502398262309,0.0001572502398262309,1.5418147982826564e-09,0.2752506740174252
5.96875,19227.99393554923,1.3772480260251652e-05,0.00015750797376357426,0.00015750797376357426,1.5463797736822416e-09,0.27544960520503303
5.9750000000000005,19227.730712613273,1.3777176120629462e-05,0.00015776392524189547,0.00015776392524189547,1.5509463055543503e-09,0.2755435224125892
5.98125,19227.763506670963,1.377659107922632e-05,0.00015801816005903883,0.00015801816005903883,1.555512643510798e-09,0.2755318215845264
5.987500000000001,19228.093735859115,1.377069983667779e-05,0.00015827074412487165,0.00015827074412487165,1.5600770287777665e-09,0.2754139967335558
5.99375,19228.722536459158,1.3759482121881217e-05,0.000158521743422511,0.000158521743422511,1.5646376958624527e-09,0.27518964243762434
6.0,19229.65075642788,1.3742922807408053e-05,0.00015877122396971348,0.00015877122396971348,1.5691928742579722e-09,0.27485845614816107
6.0062500000000005,19230.878949488608,1.372101201490932e-05,0.00015901925178038863,0.00015901925178038863,1.5737407901831992e-09,0.2744202402981864
6.0125,19232.407369814966,1.369374520996863e-05,0.00015926589282619542,0.00015926589282619542,1.5782796683540475e-09,0.2738749041993726
6.018750000000001,19234.235967333272,1.3661123285885895e-05,0.00015951121299818055,0.00015951121299818055,1.5828077337825204e-09,0.2732224657177179
6.025,19236.364383675213,1.362315263590743e-05,0.00015975527806841636,0.00015975527806841636,1.587323213599703e-09,0.2724630527181486
6.03125,19238.791948800597,1.35798452134529e-05,0.0001599981536515952,0.0001599981536515952,1.5918243388987168e-09,0.271596904269058
6.0375000000000005,19241.51767831807,1.3531218579928276e-05,0.00016023990516653746,0.00016023990516653746,1.5963093465935222e-09,0.2706243715985655
6.04375,19244.54027152127,1.347729593975486e-05,0.000160480597797569,0.000160480597797569,1.600776481289331e-09,0.2695459187950972
6.050000000000001,19247.858110159905,1.3418106162288193e-05,0.00016072029645572457,0.00016072029645572457,1.6052239971602848e-09,0.26836212324576386
6.05625,19251.46925796226,1.3353683790347262e-05,0.00016095906573973344,0.00016095906573973344,1.6096501598299608e-09,0.26707367580694524
6.0625,19255.371460920163,1.3284069035122601e-05,0.00016119696989674322,0.00016119696989674322,1.6140532482501884e-09,0.265681380702452
6.0687500000000005,19259.56214834802,1.3209307757282923e-05,0.00016143407278273891,0.00016143407278273891,1.6184315565736048e-09,0.26418615514565846
6.075,19264.038434723196,1.3129451434152198e-05,0.00016167043782261387,0.00016167043782261387,1.6227833960153307e-09,0.26258902868304396
6.081250000000001,19268.79712231026,1.304455711288322e-05,0.00016190612796985015,0.00016190612796985015,1.627107096699125e-09,0.2608911422576644
6.0875,19273.834704571982,1.2954687349608938e-05,0.00016214120566576662,0.00016214120566576662,1.631401009483372e-09,0.25909374699217874
6.09375,19279.147370364073,1.285991013460937e-05,0.00016237573279829286,0.00016237573279829286,1.635663507762262e-09,0.2571982026921874
6.1000000000000005,19284.731008908697,1.2760298803588585e-05,0.0001626097706602285,0.0001626097706602285,1.639892989237567e-09,0.2552059760717717
6.10625,19290.581215537382,1.2655931935213905e-05,0.0001628433799069482,0.0001628433799069482,1.6440878776564537e-09,0.2531186387042781
6.112500000000001,19296.693298193248,1.2546893235126674e-05,0.00016307662051351257,0.00016307662051351257,1.6482466245108514e-09,0.2509378647025335
6.11875,19303.062284675583,1.2433271406691164e-05,0.0001633095517311466,0.0001633095517311466,1.6523677106939784e-09,0.24866542813382328
6.125,19309.682930610514,1.2315160008804671e-05,0.00016354223204304822,0.00016354223204304822,1.6564496481097392e-09,0.24630320017609342
6.1312500000000005,19316.549728125196,1.219265730114731e-05,0.00016377471911948937,0.00016377471911948937,1.660490981230829e-09,0.2438531460229462
6.1375,19323.656915202384,1.2065866077304465e-05,0.00016400706977217377,0.00016400706977217377,1.6644902886015246e-09,0.2413173215460893
6.143750000000001,19330.998485686538,1.1934893486247235e-05,0.00016423933990781522,0.00016423933990781522,1.6684461842813048e-09,0.2386978697249447
6.15,19338.568199913963,1.1799850842707177e-05,0.0001644715844809027,0.0001644715844809027,1.672357319225618e-09,0.23599701685414354
6.15625,19346.359595931084,1.1660853427029899e-05,0.00016470385744561685,0.00016470385744561685,1.6762223826003095e-09,0.23321706854059798
6.1625000000000005,19354.3660012684,1.1518020275138114e-05,0.00016493621170686552,0.00016493621170686552,1.680040103026432e-09,0.2303604055027623
6.16875,19362.5805452306,1.1371473959277697e-05,0.0001651686990704052,0.0001651686990704052,1.683809249752381e-09,0.22742947918555392
6.175000000000001,19370.99617166311,1.1221340360260392e-05,0.00016540137019201682,0.00016540137019201682,1.6875286337505415e-09,0.22442680720520783
6.18125,19379.60565215348,1.1067748431953188e-05,0.00016563427452570448,0.00016563427452570448,1.69119710873587e-09,0.22135496863906376
6.1875,19388.401599623354,1.0910829958797616e-05,0.0001658674602708873,0.0001658674602708873,1.694813572104107e-09,0.21821659917595232
6.1937500000000005,19397.37648226636,1.07507193071713e-05,0.00016610097431855474,0.00016610097431855474,1.6983769657875761e-09,0.215014386143426
6.2,19406.522637782637,1.0587553171429085e-05,0.00016633486219635695,0.00016633486219635695,1.7018862770268062e-09,0.21175106342858172
6.206250000000001,19415.832287865265,1.0421470315482535e-05,0.00016656916801260297,0.00016656916801260297,1.7053405390564993e-09,0.2084294063096507
6.2125,19425.29755288604,1.0252611310792822e-05,0.00016680393439914054,0.00016680393439914054,1.7087388317046548e-09,0.20505222621585642
6.21875,19434.91046673426,1.0081118271664803e-05,0.00016703920245309166,0.00016703920245309166,1.7120802819039538e-09,0.20162236543329606
6.2250000000000005,19444.662991754845,9.907134588737651e-06,0.00016727501167742168,0.00016727501167742168,1.715364064114809e-09,0.19814269177475302
6.23125,19454.54703373892,9.73080466157095e-06,0.0001675113999203183,0.0001675113999203183,1.718589400659777e-09,0.19461609323141899
6.237500000000001,19464.554456912905,9.552273631223788e-06,0.00016774840331336074,0.00016774840331336074,1.7217555619693337e-09,0.19104547262447577
6.24375,19474.67709887988,9.371687113718942e-06,0.00016798605620846026,0.00016798605620846026,1.7248618667393037e-09,0.18743374227437884
6.25,19484.906785460364,9.189190935273768e-06,0.00016822439111355535,0.00016822439111355535,1.7279076820005302e-09,0.18378381870547536
6.2562500000000005,19495.23534538653,9.004930870165063e-06,0.00016846343862704724,0.00016846343862704724,1.7308924231016597e-09,0.18009861740330124
6.2625,19505.654624800503,8.819052382076187e-06,0.00016870322737096445,0.00016870322737096445,1.7338155536061935e-09,0.17638104764152374
6.268750000000001,19516.15650151169,8.631700369751668e-06,0.00016894378392284622,0.00016894378392284622,1.736676585105235e-09,0.17263400739503335
6.275,19526.732898967766,8.44301891775759e-06,0.0001691851327463404,0.0001691851327463404,1.7394750769476252e-09,0.1688603783551518
6.28125,19537.375799896152,8.253151053115075e-06,0.00016942729612051208,0.00016942729612051208,1.7422106358894133e-09,0.1650630210623015
6.2875000000000005,19548.07725957565,8.062238508539838e-06,0.00016967029406786464,0.00016967029406786464,1.74488291566485e-09,0.16124477017079675
6.29375,19558.829418698497,7.870421492982937e-06,0.00016991414428107842,0.00016991414428107842,1.7474916164813272e-09,0.15740842985965875
6.300000000000001,19569.624515786643,7.677838470126935e-06,0.0001701588620484765,0.0001701588620484765,1.7500364844408969e-09,0.1535567694025387
6.30625,19580.454899128054,7.484625945447942e-06,0.00017040446017823227,0.00017040446017823227,1.7525173108912115e-09,0.14969251890895885
6.3125,19591.3130382004,7.2909182624077374e-06,0.0001706509489213378,0.0001706509489213378,1.7549339317089109e-09,0.14581836524815475
6.3187500000000005,19602.191534555343,7.0968474082917635e-06,0.00017089833589335927,0.00017089833589335927,1.7572862265186528e-09,0.14193694816583527
6.325,19613.083132135085,6.902542830158208e-06,0.0001711466259950098,0.0001711466259950098,1.7595741178511381e-09,0.13805085660316416
6.331250000000001,19623.980726999092,6.7081312613115785e-06,0.0001713958213315778,0.0001713958213315778,1.7617975702436208e-09,0.13416262522623157
6.3375,19634.877376441098,6.5137365586609625e-06,0.00017164592113125615,0.00017164592113125615,1.7639565892865076e-09,0.13027473117321925
6.34375,19645.76630747854,6.319479551268915e-06,0.0001718969216624235,0.0001718969216624235,1.76605122061976e-09,0.12638959102537828
6.3500000000000005,19656.640924700554,6.125477900342505e-06,0.0001721488161499387,0.0001721488161499387,1.7680815488828885e-09,0.12250955800685011
6.35625,19667.494817463787,5.931845970862997e-06,0.00017240159469051716,0.00017240159469051716,1.770047696622397e-09,0.11863691941725994
6.362500000000001,19678.32176642776,5.738694714996008e-06,0.0001726552441672656,0.0001726552441672656,1.7719498231605844e-09,0.11477389429992016
6.36875,19689.115749424895,5.546131567369738e-06,0.00017290974816346435,0.00017290974816346435,1.7737881234296344e-09,0.11092263134739477
6.375,19699.870946663297,5.3542603522553075e-06,0.00017316508687569254,0.00017316508687569254,1.7755628267749396e-09,0.10708520704510614
6.3812500000000005,19710.581745264033,5.163181202630994e-06,0.00017342123702640544,0.00017342123702640544,1.7772741957315999e-09,0.10326362405261988
6.3875,19721.24274313503,4.972990491060969e-06,0.0001736781717760822,0.0001736781717760822,1.7789225247780086e-09,0.0994598098212194
6.393750000000001,19731.848752190686,4.783780772270084e-06,0.0001739358606350745,0.0001739358606350745,1.7805081390704064e-09,0.09567561544540168
6.4,19742.39480092391,4.595640737248599e-06,0.00017419426937529913,0.00017419426937529913,1.7820313931622216e-09,0.09191281474497197
6.40625,19752.87613634462,4.408655178675805e-06,0.00017445335994192992,0.00017445335994192992,1.7834926697119504e-09,0.0881731035735161
6.4125000000000005,19763.288225297474,4.222904967408576e-06,0.00017471309036525722,0.00017471309036525722,1.7848923781832447e-09,0.08445809934817153
6.41875,19773.626755176134,4.03846703974076e-06,0.00017497341467289726,0.00017497341467289726,1.7862309535407756e-09,0.0807693407948152
6.425000000000001,19783.88763405229,3.855414395101973e-06,0.00017523428280254725,0.00017523428280254725,1.7875088549453353e-09,0.07710828790203945
6.43125,19794.066990239877,3.6738161038298906e-06,0.00017549564051549756,0.00017549564051549756,1.7887265644515151e-09,0.07347632207659781
6.4375,19804.16117131709,3.4937373246187957e-06,0.00017575742931112565,0.00017575742931112565,1.7898845857111663e-09,0.06987474649237592
6.4437500000000005,19814.166742629783,3.3152393312189873e-06,0.00017601958634261264,0.00017601958634261264,1.7909834426857107e-09,0.06630478662437975
6.45,19824.08048530148,3.1383795479367006e-06,0.00017628204433413921,0.00017628204433413921,1.7920236783702185e-09,0.06276759095873401
6.456250000000001,19833.899393776646,2.9632115934626e-06,0.0001765447314998319,0.0001765447314998319,1.793005853532013e-09,0.059264231869252004
6.4625,19843.620672924488,2.789785332538631e-06,0.0001768075714647479,0.0001768075714647479,1.7939305454664003e-09,0.05579570665077262
6.46875,19853.241734731793,2.618146934958072e-06,0.00017707048318820254,0.00017707048318820254,1.7947983467719557e-09,0.05236293869916144
6.4750000000000005,19862.760194613787,2.4483389413820183e-06,0.00017733338088975865,0.00017733338088975865,1.795609864147625e-09,0.04896677882764037
6.48125,19872.173867371825,2.2804003354471405e-06,0.00017759617397821456,0.00017759617397821456,1.7963657172137257e-09,0.04560800670894281
6.487500000000001,19881.48076282886,2.1143666216344933e-06,0.0001778587669839422,0.0001778587669839422,1.7970665373587595e-09,0.04228733243268987
6.49375,19890.679081171267,1.9502699083670248e-06,0.00017812105949494345,0.00017812105949494345,1.7977129666137676e-09,0.03900539816734049
6.5,19899.767208027704,1.7881389958044843e-06,0.00017838294609700802,0.00017838294609700802,1.7983056565557852e-09,0.035762779916089685
6.5062500000000005,19908.743709314,1.62799946780823e-06,0.00017864431631837163,0.00017864431631837163,1.79884526724178e-09,0.032559989356164595
6.5125,19917.60732587357,1.4698737875550507e-06,0.00017890505457928777,0.00017890505457928777,1.7993324661742808e-09,0.029397475751101014
6.518750000000001,19926.35696794194,1.3137813962882897e-06,0.00017916504014694044,0.00017916504014694044,1.7997679272997398e-09,0.026275627925765793
6.525,19934.991709463997,1.1597388147061848e-06,0.00017942414709613946,0.00017942414709613946,1.8001523300404978e-09,0.023194776294123694
6.53125,19943.51078228938,1.0077597465009808e-06,0.0001796822442762517,0.0001796822442762517,1.8004863583610717e-09,0.020155194930019615
6.5375000000000005,19951.913570275137,8.578551835784761e-07,0.0001799391952848339,0.0001799391952848339,1.8007706998693143e-09,0.017157103671569522
6.54375,19960.199603318622,7.100335125051061e-07,0.00018019485844844376,0.00018019485844844376,1.801006044952859e-09,0.014200670250102122
6.550000000000001,19968.368551345833,5.643006217491414e-07,0.00018044908681111554,0.00018044908681111554,1.801193085951109e-09,0.011286012434982829
6.55625,19976.420218279764,4.206600093033528e-07,0.00018070172813099383,0.00018070172813099383,1.8013325163628993e-09,0.008413200186067057
6.5625,19984.354536007017,2.7911289029827393e-07,0.00018095262488562798,0.00018095262488562798,1.8014250300898273e-09,0.005582257805965479
6.5687500000000005,19992.171558367478,1.3965830423846305e-07,0.0001812016142864333,0.0001812016142864333,1.8014713207151285e-09,0.002793166084769261
6.575,19999.87145518336,2.293221517759493e-09,0.0001814485283028296,0.0001814485283028296,1.8014720808178564e-09,4.586443035518986e-05
6.581250000000001,20007.45450634737,-1.3298735110592653e-07,0.00018169319369656996,0.00018169319369656996,1.8014280013220224e-09,-0.0026597470221185306
6.5875,20014.921095984348,-2.6619026637105987e-07,0.00018193543206677183,0.00018193543206677183,1.8013397708802551e-09,-0.005323805327421198
6.59375,20022.271706704694,-3.973241339776591e-07,0.00018217505990616106,0.00018217505990616106,1.8012080752914435e-09,-0.007946482679553182
6.6000000000000005,20029.506913960027,-5.263992199018916e-07,0.00018241188866903452,0.00018241188866903452,1.801033596951754e-09,-0.010527984398037833
6.60625,20036.627380515332,-6.534273477795787e-07,0.0001826457248514412,0.0001826457248514412,1.800817014338335e-09,-0.013068546955591573
6.612500000000001,20043.633851048195,-7.784218025535534e-07,0.0001828763700840715,0.0001828763700840715,1.8005590015249558e-09,-0.015568436051071069
6.61875,20050.52714688413,-9.013972365555735e-07,0.00018310362123833383,0.00018310362123833383,1.8002602277287787e-09,-0.01802794473111147
6.625,20057.30816087661,-1.0223695781698622e-06,0.00018332727054608242,0.00018332727054608242,1.7999213568874025e-09,-0.020447391563397244
6.6312500000000005,20063.977852439486,-1.1413559432023449e-06,0.0001835471057334431,0.0001835471057334431,1.7995430472652841e-09,-0.022827118864046897
6.6375,20070.537242735703,-1.2583745490577325e-06,0.00018376291016916448,0.00018376291016916448,1.799125951088607e-09,-0.02516749098115465
6.643750000000001,20076.98741002863,-1.3734446318052254e-06,0.00018397446302789779,0.00018397446302789779,1.798670714207638e-09,-0.027468892636104508
6.65,20083.329485198865,-1.4865863661935963e-06,0.00018418153946878342,0.00018418153946878342,1.7981779757855967e-09,-0.029731727323871925
6.65625,20089.56464742776,-1.5978207886573024e-06,0.00018438391082969212,0.00018438391082969212,1.7976483680130434e-09,-0.03195641577314605
6.6625000000000005,20095.694120051387,-1.7071697233373308e-06,0.0001845813448374367,0.0001845813448374367,1.7970825158467894e-09,-0.034143394466746614
6.66875,20101.719166582316,-1.8146557111238342e-06,0.00018477360583423467,0.00018477360583423467,1.7964810367723264e-09,-0.036293114222476684
6.675000000000001,20107.641086901633,-1.920301941712048e-06,0.00018496045502066198,0.00018496045502066198,1.7958445405887748e-09,-0.03840603883424096
6.68125,20113.461213617556,-2.0241321886488384e-06,0.00018514165071529723,0.00018514165071529723,1.795173629215363e-09,-0.040482643772976765
6.6875,20119.180908590773,-2.1261707473341612e-06,0.00018531694863120875,0.00018531694863120875,1.7944688965184567e-09,-0.04252341494668323
6.6937500000000005,20124.801559621323,-2.2264423759301917e-06,0.00018548610216938933,0.00018548610216938933,1.7937309281581717e-09,-0.04452884751860384
6.7,20130.3245772968,-2.324972239120231e-06,0.00018564886272918985,0.00018564886272918985,1.7929603014536314e-09,-0.04649944478240462
6.706250000000001,20135.751391995214,-2.4217858546505226e-06,0.00018580498003574903,0.00018580498003574903,1.7921575852659415e-09,-0.04843571709301045
6.7125,20141.083451040777,-2.5169090425799338e-06,0.00018595420248435722,0.00018595420248435722,1.7913233398979863e-09,-0.05033818085159868
6.71875,20146.322216005738,-2.610367877155831e-06,0.0001860962775016318,0.0001860962775016318,1.790458117010176e-09,-0.052207357543116624
6.7250000000000005,20151.46916015577,-2.7021886412285925e-06,0.00018623095192331612,0.00018623095192331612,1.7895624595513052e-09,-0.05404377282457185
6.73125,20156.525766031176,-2.7923977831128212e-06,0.00018635797238844855,0.00018635797238844855,1.788636901703707e-09,-0.05584795566225643
6.737500000000001,20161.49352316113,-2.881021875799519e-06,0.00018647708574957747,0.00018647708574957747,1.7876819688419298e-09,-0.05762043751599038
6.74375,20166.373925903365,-2.9680875784210517e-06,0.00018658803949862728,0.00018658803949862728,1.7866981775041843e-09,-0.05936175156842103
6.75,20171.168471404813,-3.053621599868917e-06,0.0001866905822079454,0.0001866905822079454,1.7856860353758507e-09,-0.061072431997378336
6.7562500000000005,20175.878657677033,-3.137650664463477e-06,0.00018678446398598587,0.00018678446398598587,1.7846460412843648e-09,-0.06275301328926955
6.7625,20180.505981781826,-3.220201479574678e-06,0.00018686943694700637,0.00018686943694700637,1.7835786852048362e-09,-0.06440402959149356
6.768750000000001,20185.051938119308,-3.301300705093446e-06,0.00018694525569407775,0.00018694525569407775,1.7824844482757859e-09,-0.06602601410186892
6.775,20189.518016815397,-3.380974924654551e-06,0.00018701167781462488,0.00018701167781462488,1.7813638028244211e-09,-0.06761949849309103
6.78125,20193.90570220072,-3.459250618513629e-06,0.00018706846438763764,0.00018706846438763764,1.7802172124009017e-09,-0.06918501237027258
6.7875000000000005,20198.216471378597,-3.5361541379831445e-06,0.00018711538050161016,0.00018711538050161016,1.7790451318210788e-09,-0.0707230827596629
6.79375,20202.451792873344,-3.6117116813350096e-06,0.00018715219578218514,0.00018715219578218514,1.7778480072172214e-09,-0.07223423362670019
6.800000000000001,20206.613125357366,-3.685949271080382e-06,0.0001871786849284016,0.0001871786849284016,1.7766262760962728e-09,-0.07371898542160764
6.80625,20210.701916449885,-3.758892732540685e-06,0.00018719462825636337,0.00018719462825636337,1.7753803674052106e-09,-0.0751778546508137
6.8125,20214.719601582998,-3.830567673627447e-06,0.00018719981224906947,0.00018719981224906947,1.7741107016031093e-09,-0.07661135347254894
6.8187500000000005,20218.667602932328,-3.900999465752267e-06,0.0001871940301110704,0.0001871940301110704,1.7728176907395288e-09,-0.07801998931504535
6.825,20222.547328405428,-3.970213225792248e-06,0.00018717708232654162,0.00018717708232654162,1.7715017385388814e-09,-0.07940426451584497
6.831250000000001,20226.360170686694,-4.038233799040093e-06,0.00018714877721929323,0.00018714877721929323,1.770163240490451e-09,-0.08076467598080185
6.8375,20230.10750633268,-4.105085743072255e-06,0.00018710893151316943,0.00018710893151316943,1.768802583943758e-09,-0.0821017148614451
6.84375,20233.790694915944,-4.170793312472451e-06,0.00018705737089122438,0.00018705737089122438,1.7674201482089876e-09,-0.08341586624944901
6.8500000000000005,20237.411078213187,-4.235380444351911e-06,0.0001869939305520044,0.0001869939305520044,1.7660163046622192e-09,-0.08470760888703821
6.85625,20240.96997943562,-4.298870744611634e-06,0.0001869184557612087,0.0001869184557612087,1.764591416855207e-09,-0.08597741489223268
6.862500000000001,20244.468702497194,-4.361287474895828e-06,0.00018683080239695386,0.00018683080239695386,1.763145840629487e-09,-0.08722574949791656
6.86875,20247.908531319896,-4.422653540189347e-06,0.00018673083748681993,0.00018673083748681993,1.7616799242345933e-09,-0.08845307080378693
6.875,20251.290729171327,-4.482991477015664e-06,0.00018661843973482139,0.00018661843973482139,1.7601940084501873e-09,-0.08965982954031328
6.8812500000000005,20254.61653803578,-4.542323442195102e-06,0.0001864935000364118,0.0001864935000364118,1.758688426711913e-09,-0.09084646884390205
6.8875,20257.8871780122,-4.600671202126625e-06,0.00018635592197960952,0.00018635592197960952,1.7571635052408034e-09,-0.0920134240425325
6.893750000000001,20261.103846741757,-4.658056122559267e-06,0.00018620562233031214,0.00018620562233031214,1.7556195631760804e-09,-0.09316112245118535
6.9,20264.267718859803,-4.7144991588223945e-06,0.00018604253149986095,0.00018604253149986095,1.754056912711189e-09,-0.09428998317644789
6.90625,20267.3799454723,-4.7700208464865735e-06,0.00018586659399291396,0.00018586659399291396,1.7524758592329303e-09,-0.09540041692973147
6.9125000000000005,20270.4416536551,-4.82464129242938e-06,0.00018567776883369474,0.00018567776883369474,1.750876701463554e-09,-0.09649282584858761
6.91875,20273.453945974776,-4.878380166282795e-06,0.00018547602996870057,0.00018547602996870057,1.7492597316056862e-09,-0.0975676033256559
6.925000000000001,20276.41790002914,-4.9312566922409755e-06,0.00018526136664397878,0.00018526136664397878,1.7476252354899728e-09,-0.09862513384481951
6.93125,20279.33456800734,-4.983289641209152e-06,0.00018503378375511542,0.00018503378375511542,1.745973492725325e-09,-0.09966579282418304
6.9375,20282.204976267458,-5.034497323276186e-06,0.00018479330216812436,0.00018479330216812436,1.744304776851659e-09,-0.10068994646552372
6.9437500000000005,20285.030124932582,-5.084897580494831e-06,0.00018453995900947847,0.00018453995900947847,1.7426193554950308e-09,-0.10169795160989663
6.95,20287.810987501944,-5.134507779955402e-06,0.0001842738079235886,0.0001842738079235886,1.7409174905250645e-09,-0.10269015559910803
6.956250000000001,20290.54851047842,-5.183344807139645e-06,0.00018399491929610792,0.00018399491929610792,1.7391994382145848e-09,-0.1036668961427929
6.9625,20293.243613011444,-5.231425059542822e-06,0.00018370338044152294,0.00018370338044152294,1.7374654494013636e-09,-0.10462850119085644
6.96875,20295.897186553488,-5.278764440553175e-06,0.00018339929575358262,0.00018339929575358262,1.7357157696518941e-09,-0.1055752888110635
6.9750000000000005,20298.51009453109,-5.3253783535786264e-06,0.00018308278681721988,0.00018308278681721988,1.733950639427113e-09,-0.10650756707157252
6.98125,20301.083172028855,-5.371281696411588e-06,0.0001827539924807285,0.0001827539924807285,1.73217029424999e-09,-0.10742563392823176
6.987500000000001,20303.617225486312,-5.416488855823306e-06,0.00018241306888707717,0.00018241306888707717,1.7303749648749084e-09,-0.10832977711646613
6.99375,20306.113032407935,-5.461013702379815e-06,0.00018206018946337048,0.00018206018946337048,1.7285648774587652e-09,-0.10922027404759631
7.0,20308.57134108354,-5.504869585472254e-06,0.00018169554486759996,0.00018169554486759996,1.7267402537337176e-09,-0.11009739170944507
7.0062500000000005,20310.99287032251,-5.548069328554507e-06,0.0001813193428919721,0.0001813193428919721,1.724901311181508e-09,-0.11096138657109013
7.0125,20313.378309196956,-5.590625224581858e-06,0.00018093180832224793,0.00018093180832224793,1.7230482632093012e-09,-0.11181250449163715
7.018750000000001,20315.728316798042,-5.632549031644435e-06,0.00018053318275268544,0.00018053318275268544,1.7211813193269692e-09,-0.1126509806328887
7.025,20318.043522000906,-5.673851968789816e-06,0.00018012372435633627,0.00018012372435633627,1.7193006853257598e-09,-0.11347703937579633
7.03125,20320.324523241543,-5.714544712029222e-06,0.00017970370761061428,0.00017970370761061428,1.7174065634582897e-09,-0.11429089424058445
7.0375000000000005,20322.571888302275,-5.7546373905222545e-06,0.0001792734229782234,0.0001792734229782234,1.7154991526198016e-09,-0.1150927478104451
7.04375,20324.78615410809,-5.794139582935148e-06,0.00017883317654370643,0.00017883317654370643,1.713578648530629e-09,-0.11588279165870297
7.050000000000001,20326.967826531854,-5.8330603139679795e-06,0.00017838328960605016,0.00017838328960605016,1.7116452439198117e-09,-0.1166612062793596
7.05625,20329.11738020867,-5.8714080510463716e-06,0.00017792409822796324,0.00017792409822796324,1.7096991287098078e-09,-0.11742816102092743
7.0625,20331.235258359735,-5.909190701173554e-06,0.00017745595274261663,0.00017745595274261663,1.7077404902022494e-09,-0.11818381402347107
7.0687500000000005,20333.321872624416,-5.946415607938881e-06,0.00017697921721881928,0.00017697921721881928,1.7057695132646899e-09,-0.11892831215877762
7.075,20335.37760290129,-5.983089548679138e-06,0.00017649426888577478,0.00017649426888577478,1.703786380518291e-09,-0.11966179097358275
7.081250000000001,20337.402797197305,-6.019218731789285e-06,0.00017600149751874128,0.00017600149751874128,1.7017912725264036e-09,-0.1203843746357857
7.0875,20339.39777148517,-6.054808794179537e-06,0.00017550130478708744,0.00017550130478708744,1.6997843679839885e-09,-0.12109617588359073
7.09375,20341.3628095691,-6.089864798875984e-06,0.00017499410356640527,0.00017499410356640527,1.6977658439078348e-09,-0.12179729597751968
7.1000000000000005,20343.29816295786,-6.124391232762298e-06,0.00017448031721650244,0.00017448031721650244,1.6957358758275259e-09,-0.12248782465524596
7.10625,20345.204050746466,-6.158392004460353e-06,0.00017396037882725293,0.00017396037882725293,1.6936946379771076e-09,-0.12316784008920706
7.112500000000001,20347.08065950453,-6.191870442348061e-06,0.00017343473043443438,0.00017343473043443438,1.6916423034874142e-09,-0.12383740884696122
7.11875,20348.928143173318,-6.224829292712948e-06,0.00017290382220782127,0.00017290382220782127,1.6895790445790052e-09,-0.12449658585425895
7.125,20350.7466229692,-6.2572707180405535e-06,0.0001723681116139366,0.0001723681116139366,1.687505032755671e-09,-0.12514541436081106
7.1312500000000005,20352.536187295656,-6.289196295437074e-06,0.00017182806255598636,0.00017182806255598636,1.68542043899846e-09,-0.12578392590874146
7.1375,20354.296891662394,-6.320607015186102e-06,0.00017128414449361446,0.00017128414449361446,1.6833254339601848e-09,-0.12641214030372205
7.143750000000001,20356.028758611792,-6.351503279439906e-06,0.00017073683154521685,0.00017073683154521685,1.6812201881603627e-09,-0.12703006558879812
7.15,20357.73177765294,-6.381884901046108e-06,0.00017018660157564324,0.00017018660157564324,1.6791048721805431e-09,-0.12763769802092217
7.15625,20359.405905204178,-6.411751102511043e-06,0.00016963393527219133,0.00016963393527219133,1.676979656859981e-09,-0.12823502205022086
7.1625000000000005,20361.051064542233,-6.441100515101916e-06,0.0001690793152118629,0.0001690793152118629,1.6748447134916062e-09,-0.12882201030203833
7.16875,20362.667145759893,-6.4699311780901335e-06,0.00016852322492290136,0.00016852322492290136,1.6727002140182446e-09,-0.12939862356180268
7.175000000000001,20364.25400573182,-6.498240538138957e-06,0.00016796614794366735,0.00016796614794366735,1.6705463312290417e-09,-0.12996481076277913
7.18125,20365.811468088246,-6.52602544883922e-06,0.0001674085668819305,0.0001674085668819305,1.66838323895604e-09,-0.13052050897678438
7.1875,20367.339323198023,-6.553282170397406e-06,0.00016685096247766426,0.00016685096247766426,1.6662111122708603e-09,-0.1310656434079481
7.1937500000000005,20368.837328159392,-6.580006369481158e-06,0.00016629381267242366,0.00016629381267242366,1.6640301276814335e-09,-0.13160012738962315
7.2,20370.30520680081,-6.606193119227919e-06,0.00016573759168836446,0.00016573759168836446,1.66184046332873e-09,-0.1321238623845584
7.206250000000001,20371.742649690616,-6.63183689942306e-06,0.0001651827691199264,0.0001651827691199264,1.6596422991834306e-09,-0.1326367379884612
7.2125,20373.149314157497,-6.6569315968546296e-06,0.00016462980904115277,0.00016462980904115277,1.6574358172424787e-09,-0.13313863193709258
7.21875,20374.524824320095,-6.681470505852631e-06,0.00016407916913155373,0.00016407916913155373,1.6552212017254539e-09,-0.13362941011705262
7.2250000000000005,20375.86877112816,-6.705446329021414e-06,0.0001635312998233427,0.0001635312998233427,1.6529986392707037e-09,-0.13410892658042828
7.23125,20377.18071241568,-6.728851178174527e-06,0.00016298664347278233,0.00016298664347278233,1.650768319131165e-09,-0.13457702356349052
7.237500000000001,20378.460172963936,-6.751676575482351e-06,0.0001624456335582716,0.0001624456335582716,1.6485304333698047e-09,-0.13503353150964703
7.24375,20379.70664457956,-6.7739134548433945e-06,0.00016190869390768811,0.00016190869390768811,1.646285177054606e-09,-0.1354782690968679
7.25,20380.91958618393,-6.795552163491112e-06,0.00016137623795736984,0.00016137623795736984,1.6440327484530225e-09,-0.13591104326982226
7.2562500000000005,20382.09842391731,-6.816582463848958e-06,0.00016084866804497963,0.00016084866804497963,1.641773349225817e-09,-0.13633164927697916
7.2625,20383.24255125764,-6.8369935356470805e-06,0.00016032637473834555,0.00016032637473834555,1.6395071846201992e-09,-0.1367398707129416
7.268750000000001,20384.35132915449,-6.856773978315126e-06,0.00015980973620220888,0.00015980973620220888,1.6372344636621694e-09,-0.13713547956630254
7.275,20385.4240861796,-6.8759118136663075e-06,0.00015929911760464305,0.00015929911760464305,1.6349553993479737e-09,-0.13751823627332616
7.28125,20386.460118694355,-6.894394488888917e-06,0.00015879487056472987,0.00015879487056472987,1.6326702088345666e-09,-0.13788788977777833
7.2875000000000005,20387.458691036103,-6.912208879862134e-06,0.00015829733264289715,0.00015829733264289715,1.6303791136289752e-09,-0.13824417759724267
7.29375,20388.419035722945,-6.9293412948141545e-06,0.00015780682687513176,0.00015780682687513176,1.6280823397764506e-09,-0.1385868258962831
7.300000000000001,20389.34035367873,-6.9457774783412555e-06,0.00015732366135209067,0.00015732366135209067,1.6257801180472876e-09,-0.13891554956682511
7.30625,20390.221814480145,-6.961502615807429e-06,0.00015684812884393545,0.00015684812884393545,1.623472684122185e-09,-0.13923005231614857
7.3125,20391.062556625737,-6.9765013381450845e-06,0.00015638050647151738,0.00015638050647151738,1.6211602787760165e-09,-0.1395300267629017
7.3187500000000005,20391.861687828306,-6.990757727078144e-06,0.00015592105542434114,0.00015592105542434114,1.6188431480598685e-09,-0.13981515454156287
7.325,20392.618285333232,-7.004255320789679e-06,0.00015547002072553576,0.00015547002072553576,1.6165215434812001e-09,-0.14008510641579358
7.331250000000001,20393.331396261703,-7.016977120057148e-06,0.00015502763104386285,0.00015502763104386285,1.6141957221819706e-09,-0.14033954240114296
7.3375,20394.000037982554,-7.028905594879002e-06,0.00015459409855259786,0.00015459409855259786,1.6118659471145679e-09,-0.14057811189758004
7.34375,20394.623198512712,-7.040022691617236e-06,0.00015416961883492607,0.00015416961883492607,1.6095324872153726e-09,-0.1408004538323447
7.3500000000000005,20395.19983694772,-7.0503098406812925e-06,0.00015375437083530897,0.00015375437083530897,1.6071956175757732e-09,-0.14100619681362586
7.35625,20395.728883924196,-7.059747964779336e-06,0.00015334851685609355,0.00015334851685609355,1.6048556196104466e-09,-0.1411949592955867
7.362500000000001,20396.20924211593,-7.068317487763625e-06,0.00015295220259846137,0.00015295220259846137,1.6025127812227074e-09,-0.14136634975527249
7.36875,20396.639786764194,-7.07599834409741e-06,0.0001525655572466467,0.0001525655572466467,1.6001673969667186e-09,-0.1415199668819482
7.375,20397.01936624523,-7.082769988971261e-06,0.00015218869359419191,0.00015218869359419191,1.5978197682063502e-09,-0.1416553997794252
7.3812500000000005,20397.346802674758,-7.0886114090973685e-06,0.00015182170821085808,0.00015182170821085808,1.5954702032704585e-09,-0.14177222818194737
7.3875,20397.6208925532,-7.093501134210724e-06,0.00015146468164866747,0.00015146468164866747,1.5931190176043546e-09,-0.14187002268421448
7.393750000000001,20397.84040745152,-7.097417249306568e-06,0.0001511176786854234,0.0001511176786854234,1.5907665339172163e-09,-0.14194834498613135
7.4,20398.004094739663,-7.100337407643836e-06,0.0001507807486039334,0.0001507807486039334,1.5884130823251894e-09,-0.14200674815287673
7.40625,20398.110678360856,-7.102238844544436e-06,0.00015045392550505285,0.00015045392550505285,1.5860590004899156e-09,-0.1420447768908887
7.4125000000000005,20398.158859650655,-7.103098392018554e-06,0.00015013722865257092,0.00015013722865257092,1.5837046337522132e-09,-0.1420619678403711
7.41875,20398.14731820519,-7.1028924942461294e-06,0.0001498306628478746,0.0001498306628478746,1.5813503352606254e-09,-0.1420578498849226
7.425000000000001,20398.074712798705,-7.101597223944582e-06,0.00014953421883225586,0.00014953421883225586,1.578996466094544e-09,-0.14203194447889164
7.43125,20397.939682352047,-7.099188299652887e-06,0.00014924787371466805,0.00014924787371466805,1.5766433953816044e-09,-0.14198376599305773
7.4375,20397.74084695462,-7.0956411039616645e-06,0.00014897159142268938,0.00014897159142268938,1.5742915004090369e-09,-0.14191282207923328
7.4437500000000005,20397.476808941356,-7.090930702718674e-06,0.0001487053231744191,0.0001487053231744191,1.5719411667286542e-09,-0.1418186140543735
7.45,20397.146154025053,-7.085031865238623e-06,0.000148449007969009,0.000148449007969009,1.5695927882551388e-09,-0.14170063730477248
7.456250000000001,20396.747452487314,-7.077919085545486e-06,0.00014820257309352457,0.00014820257309352457,1.5672467673572893e-09,-0.14155838171090973
7.4625,20396.27926042873,-7.069566604674798e-06,0.00014796593464383196,0.00014796593464383196,1.5649035149418758e-09,-0.14139133209349594
7.46875,20395.74012107973,-7.0599484340624925e-06,0.0001477389980572229,0.0001477389980572229,1.5625634505297417e-09,-0.14119896868124984
7.4750000000000005,20395.128566174197,-7.049038380045669e-06,0.00014752165865451367,0.00014752165865451367,1.5602270023237848e-09,-0.14098076760091338
7.48125,20394.443117386345,-7.036810069499573e-06,0.00014731380218939232,0.00014731380218939232,1.557894607268442e-09,-0.14073620138999146
7.487500000000001,20393.682287832966,-7.023236976633505e-06,0.00014711530540283474,0.00014711530540283474,1.5555667111002899e-09,-0.14046473953267008
7.49375,20392.84458364118,-7.008292450966941e-06,0.00014692603658046652,0.00014692603658046652,1.5532437683893755e-09,-0.14016584901933882
7.5,20391.928505584463,-6.991949746505261e-06,0.00014674585611081396,0.00014674585611081396,1.5509262425708742e-09,-0.1398389949301052
7.5062500000000005,20390.932550785583,-6.9741820521326206e-06,0.00014657461704246095,0.00014657461704246095,1.5486146059666745e-09,-0.1394836410426524
7.5125,20389.85521449008,-6.954962523237251e-06,0.00014641216563821062,0.00014641216563821062,1.546309339796481e-09,-0.13909925046474503
7.518750000000001,20388.69499190834,-6.934264314582319e-06,0.00014625834192443944,0.00014625834192443944,1.5440109341780212e-09,-0.13868528629164636
7.525,20387.450380128557,-6.912060614432731e-06,0.00014611298023392582,0.00014611298023392582,1.541719888115941e-09,-0.13824121228865463
7.53125,20386.1198801008,-6.88832467994575e-06,0.00014597590974053614,0.00014597590974053614,1.5394367094789701e-09,-0.137766493598915
7.5375000000000005,20384.701998691497,-6.863029873830155e-06,0.00014584695498425523,0.00014584695498425523,1.5371619149649367e-09,-0.1372605974766031
7.54375,20383.19525081014,-6.836149702275731e-06,0.00014572593638515754,0.00014572593638515754,1.534896030053209e-09,-0.1367229940455146
7.550000000000001,20381.59816160589,-6.807657854151381e-06,0.00014561267074502616,0.00014561267074502616,1.5326395889441457e-09,-0.1361531570830276
7.55625,20379.909268735963,-6.777528241466713e-06,0.000145506971735441,0.000145506971735441,1.5303931344851344e-09,-0.13555056482933425
7.5625,20378.12712470409,-6.745735041088097e-06,0.00014540865037127225,0.00014540865037127225,1.5281572180828026e-09,-0.13491470082176193
7.5687500000000005,20376.25029926805,-6.712252737696422e-06,0.00014531751546863114,0.00014531751546863114,1.5259323996009917e-09,-0.13424505475392845
7.575,20374.27738191671,-6.6770561679693554e-06,0.0001452333740864452,0.0001452333740864452,1.5237192472440848e-09,-0.13354112335938711
7.581250000000001,20372.20698441368,-6.640120565966857e-06,0.00014515603195094102,0.00014515603195094102,1.521518337425292e-09,-0.13280241131933715
7.5875,20370.037743407975,-6.601421609693903e-06,0.00014508529386242903,0.00014508529386242903,1.5193302546195016e-09,-0.13202843219387805
7.59375,20367.768323107644,-6.560935468809897e-06,0.00014502096408389848,0.00014502096408389848,1.517155591200319e-09,-0.13121870937619795
7.6000000000000005,20365.39741801669,-6.51863885344913e-06,0.0001449628467110367,0.0001449628467110367,1.5149949472609222e-09,-0.1303727770689826
7.60625,20362.923755731666,-6.4745090641117985e-06,0.0001449107460233939,0.0001449107460233939,1.5128489304183813e-09,-0.12949018128223597
7.612500000000001,20360.34609979567,-6.428524042579644e-06,0.00014486446681651483,0.00014486446681651483,1.510718155601102e-09,-0.1285704808515929
7.61875,20357.6632526069,-6.380662423805181e-06,0.00014482381471495715,0.00014482381471495715,1.5086032448190702e-09,-0.12761324847610364
7.625,20354.874058378922,-6.330903588717725e-06,0.00014478859646620731,0.00014478859646620731,1.5065048269165918e-09,-0.1266180717743545
7.6312500000000005,20351.977406148126,-6.279227717884011e-06,0.00014475862021559387,0.00014475862021559387,1.5044235373072495e-09,-0.1255845543576802
7.6375,20348.97223282619,-6.225615845955403e-06,0.00014473369576237967,0.00014473369576237967,1.50236001769081e-09,-0.12451231691910807
7.643750000000001,20345.857526291686,-6.170049916827868e-06,0.00014471363479729061,0.00014471363479729061,1.5003149157518497e-09,-0.12340099833655735
7.65,20342.63232851768,-6.112512839435063e-06,0.00014469825112181108,0.00014469825112181108,1.4982888848398867e-09,-0.12225025678870126
7.65625,20339.295738729852,-6.052988544088994e-06,0.0001446873608496398,0.0001446873608496398,1.4962825836308384e-09,-0.12105977088177988
7.6625000000000005,20335.846916590122,-5.991462039276651e-06,0.00014468078259076,0.00014468078259076,1.4942966757696536e-09,-0.11982924078553303
7.66875,20332.285085400785,-5.927919468815207e-06,0.00014467833761863002,0.00014467833761863002,1.4923318294940002e-09,-0.11855838937630414
7.675000000000001,20328.609535321702,-5.862348169262401e-06,0.00014467985002104855,0.00014467985002104855,1.4903887172389242e-09,-0.11724696338524802
7.68125,20324.819626597862,-5.794736727472725e-06,0.0001446851468352884,0.0001446851468352884,1.4884680152224304e-09,-0.11589473454945451
7.6875,20320.914792786232,-5.725075038184462e-06,0.00014469405816812936,0.00014469405816812936,1.4865704030119763e-09,-0.11450150076368923
7.6937500000000005,20316.89454397936,-5.6533543615166315e-06,0.00014470641730144853,0.00014470641730144853,1.484696563071908e-09,-0.11306708723033262
7.7,20312.75847001602,-5.579567380249536e-06,0.00014472206078405085,0.00014472206078405085,1.4828471802919103e-09,-0.11159134760499072
7.706250000000001,20308.506243672306,-5.503708256757026e-06,0.00014474082851044135,0.00014474082851044135,1.481022941496586e-09,-0.11007416513514053
7.7125,20304.13762382622,-5.425772689453383e-06,0.000144762563787252,0.000144762563787252,1.4792245349363255e-09,-0.10851545378906766
7.71875,20299.652458586057,-5.345757968612736e-06,0.00014478711338804595,0.00014478711338804595,1.4774526497596748e-09,-0.10691515937225471
7.7250000000000005,20295.05068837625,-5.263663031414037e-06,0.0001448143275972233,0.0001448143275972233,1.475707975467459e-09,-0.10527326062828074
7.73125,20290.332348970587,-5.179488516060247e-06,0.00014484406024375298,0.00014484406024375298,1.4739912013489665e-09,-0.10358977032120495
7.737500000000001,20285.4975744658,-5.093236814815954e-06,0.0001448761687254483,0.0001448761687254483,1.4723030159005547e-09,-0.10186473629631908
7.74375,20280.54660018453,-5.004912125804074e-06,0.00014491051402449665,0.00014491051402449665,1.4706441062270864e-09,-0.10009824251608147
7.75,20275.479765500157,-4.914520503398585e-06,0.00014494696071493858,0.00014494696071493858,1.4690151574266646e-09,-0.0982904100679717
7.7562500000000005,20270.297516573595,-4.8220699070472e-06,0.00014498537696277795,0.00014498537696277795,1.4674168519591824e-09,-0.096441398140944
7.7625,20265.000408992448,-4.7275702483553624e-06,0.00014502563451938472,0.00014502563451938472,1.4658498689992693e-09,-0.09455140496710725
7.768750000000001,20259.589110303168,-4.631033436260612e-06,0.00014506760870883106,0.00014506760870883106,1.4643148837742623e-09,-0.09262066872521223
7.775,20254.064402426968,-4.532473420124802e-06,0.00014511117840977845,0.00014511117840977845,1.4628125668878946e-09,-0.09064946840249603
7.78125,20248.42718394827,-4.431906230570529e-06,0.00014515622603250734,0.00014515622603250734,1.461343583630448e-09,-0.08863812461141057
7.7875000000000005,20242.678472268057,-4.329350017887476e-06,0.00014520263749165483,0.00014520263749165483,1.459908593276177e-09,-0.08658700035774952
7.79375,20236.81940561023,-4.224825087834435e-06,0.0001452503021751977,0.0001452503021751977,1.4585082483688638e-09,-0.0844965017566887
7.800000000000001,20230.851244873556,-4.11835393466335e-06,0.00014529911291018833,0.00014529911291018833,1.4571431939964294e-09,-0.082367078693267
7.80625,20224.775375316334,-4.009961271193129e-06,0.00014534896592572217,0.00014534896592572217,1.455814067055575e-09,-0.08019922542386258
7.8125,20218.593308068106,-3.899674055762638e-06,0.00014539976081358528,0.00014539976081358528,1.4545214955074904e-09,-0.07799348111525276
7.8187500000000005,20212.306681455844,-3.787521515895128e-06,0.0001454514004869991,0.0001454514004869991,1.4532660976257188e-09,-0.07575043031790256
7.825,20205.91726213683,-3.673535168509512e-06,0.000145503791137851,0.000145503791137851,1.4520484812373218e-09,-0.07347070337019024
7.831250000000001,20199.426946028965,-3.557748836518016e-06,0.00014555684219276792,0.00014555684219276792,1.4508692429585435e-09,-0.07115497673036032
7.8375,20192.837759030215,-3.440198661654329e-06,0.00014561046626836095,0.00014561046626836095,1.4497289674262226e-09,-0.06880397323308658
7.84375,20186.151857517383,-3.320923113382036e-06,0.00014566457912594126,0.00014566457912594126,1.4486282265262517e-09,-0.06641846226764073
7.8500000000000005,20179.371528618354,-3.1999629937391567e-06,0.00014571909962597765,0.00014571909962597765,1.4475675786204302e-09,-0.06399925987478314
7.85625,20172.49919024742,-3.0773614379817575e-06,0.00014577394968254075,0.00014577394968254075,1.4465475677731058e-09,-0.06154722875963515
7.862500000000001,20165.53739089918,-2.9531639108971495e-06,0.00014582905421795105,0.00014582905421795105,1.445568722979035e-09,-0.05906327821794299
7.86875,20158.488809192302,-2.8274181986657365e-06,0.0001458843411178249,0.0001458843411178249,1.4446315573939442e-09,-0.05654836397331473
7.875,20151.35625315726,-2.700174396159809e-06,0.0001459397411866869,0.0001459397411866869,1.4437365675692986e-09,-0.05400348792319618
7.8812500000000005,20144.1426592631,-2.571484889577372e-06,0.00014599518810429657,0.00014599518810429657,1.4428842326928272e-09,-0.05142969779154744
7.8875,20136.851091177432,-2.4414043343198404e-06,0.00014605061838281408,0.00014605061838281408,1.4420750138363824e-09,-0.04882808668639681
7.893750000000001,20129.48473825528,-2.309989628033677e-06,0.00014610597132491205,0.00014610597132491205,1.4413093532127323e-09,-0.046199792560673546
7.9,20122.046913752903,-2.17729987874811e-06,0.00014616118898292023,0.00014616118898292023,1.440587673442917e-09,-0.043545997574962206
7.90625,20114.54105276392,-2.0433963680536144e-06,0.0001462162161190742,0.0001462162161190742,1.4399103768358064e-09,-0.04086792736107229
7.9125000000000005,20106.970709874982,-1.9083425092791197e-06,0.00014627100016692285,0.00014627100016692285,1.439277844681523e-09,-0.03816685018558239
7.91875,20099.339556539562,-1.7722038006397286e-06,0.0001463254911939352,0.0001463254911939352,1.4386904365603932e-09,-0.03544407601279457
7.925000000000001,20091.65137816868,-1.635047773341077e-06,0.0001463796418653343,0.0001463796418653343,1.4381484896690994e-09,-0.032700955466821544
7.93125,20083.910070939626,-1.4969439346412373e-06,0.00014643340740917382,0.00014643340740917382,1.4376523181657052e-09,-0.029938878692824748
7.9375,20076.11963832255,-1.35796370588644e-06,0.00014648674558266324,0.00014648674558266324,1.437202212535219e-09,-0.0271592741177288
7.9437500000000005,20068.28418732704,-1.2181803555525224e-06,0.00014653961663973713,0.00014653961663973713,1.4367984389773505e-09,-0.02436360711105045
7.95,20060.40792447137,-1.0776689273400205e-06,0.00014659198329985664,0.00014659198329985664,1.4364412388181024e-09,-0.021553378546800412
7.956250000000001,20052.495151478623,-9.365061633870877e-07,0.0001466438107180236,0.0001466438107180236,1.4361308279468114e-09,-0.018730123267741754
7.9625,20044.550260703214,-7.94770422681001e-07,0.00014669506645598204,0.00014669506645598204,1.4358673962802345e-09,-0.01589540845362002
7.96875,20036.577730293637,-6.525415947656357e-07,0.00014674572045457563,0.00014674572045457563,1.4356511072552353e-09,-0.013050831895312715
7.9750000000000005,20028.58211909828,-5.099010088590324e-07,0.0001467957450072264,0.0001467957450072264,1.4354820973515955e-09,-0.010198020177180647
7.98125,20020.568061321166,-3.6693133851198425e-07,0.00014684511473449528,0.00014684511473449528,1.4353604756464276e-09,-0.0073386267702396845
7.987500000000001,20012.54026093582,-2.237165019552683e-07,0.00014689380655968267,0.00014689380655968267,1.435286323401617e-09,-0.004474330039105366
7.99375,20004.503485866902,-8.034155829973536e-08,0.00014694179968542423,0.00014694179968542423,1.4352596936856709e-09,-0.001606831165994707
8.0,19996.462561949767,6.310740023017437e-08,0.0001469890755712363,0.0001469890755712363,1.435280611031286e-09,0.0012621480046034873
8.00625,19988.422366677605,2.0654335983269663e-07,0.00014703561791196297,0.00014703561791196297,1.4353490711298861e-09,0.004130867196653933
8.012500000000001,19980.387822751047,3.498785002224778e-07,0.00014708141261707668,0.00014708141261707668,1.4354650405643074e-09,0.006997570004449555
8.01875,19972.363891438912,4.930243130538382e-07,0.0001471264477907828,0.0001471264477907828,1.4356284565807372e-09,0.009860486261076764
8.025,19964.35556576777,6.358917234311245e-07,0.00014717071371287966,0.00014717071371287966,1.435839226900927e-09,0.01271783446862249
8.03125,19956.367863551928,7.783912142492976e-07,0.00014721420282032418,0.00014721420282032418,1.43609722957562e-09,0.015567824284985952
8.0375,19948.405820280004,9.20432953094393e-07,0.0001472569096894545,0.0001472569096894545,1.436402312880039e-09,0.01840865906188786
8.043750000000001,19940.47448187428,1.0619269214206947e-06,0.00014729883101882076,0.00014729883101882076,1.4367542952521927e-09,0.021238538428413892
8.05,19932.578897338193,1.2027830457094049e-06,0.00014733996561257554,0.00014733996561257554,1.437152965274654e-09,0.024055660914188096
8.05625,19924.724111311174,1.3429113303025495e-06,0.00014738031436437686,0.00014738031436437686,1.4375980817003676e-09,0.02685822660605099
8.0625,19916.915156545634,1.4822219915954743e-06,0.00014741988024175577,0.00014741988024175577,1.4380893735229368e-09,0.029644439831909487
8.06875,19909.15704632812,1.620625593262393e-06,0.0001474586682709028,0.0001474586682709028,1.4386265400917307e-09,0.03241251186524786
8.075000000000001,19901.45476685904,1.7580331821809796e-06,0.0001474966855218263,0.0001474966855218263,1.4392092512720454e-09,0.03516066364361959
8.08125,19893.81326961435,1.8943564247153737e-06,0.00014753394109383774,0.00014753394109383774,1.4398371476504363e-09,0.037887128494307476
8.0875,19886.237463704972,2.029507743010807e-06,0.00014757044610131837,0.00014757044610131837,1.440509840785227e-09,0.04059015486021614
8.09375,19878.732208256402,2.1634004509487265e-06,0.00014760621365972261,0.00014760621365972261,1.4412269135020808e-09,0.04326800901897453
8.1,19871.302304826517,2.295948889407794e-06,0.00014764125887177293,0.00014764125887177293,1.4419879202344047e-09,0.04591897778815588
8.106250000000001,19863.952489882588,2.427068560474144e-06,0.00014767559881380214,0.00014767559881380214,1.4427923874082403e-09,0.04854137120948288
8.1125,19856.687427357167,2.556676260243615e-06,0.00014770925252219854,0.00014770925252219854,1.44363981387117e-09,0.0511335252048723
8.11875,19849.511701302712,2.684690209859192e-06,0.0001477422409799082,0.0001477422409799082,1.4445296713646592e-09,0.053693804197183836
8.125,19842.429808665554,2.8110301844290456e-06,0.00014777458710295028,0.00014777458710295028,1.4454614050391263e-09,0.05622060368858091
8.13125,19835.446152197637,2.9356176394737604e-06,0.00014780631572689938,0.00014780631572689938,1.4464344340109277e-09,0.05871235278947521
8.137500000000001,19828.565033526695,3.058375834556241e-06,0.00014783745359328874,0.00014783745359328874,1.4474481519603176e-09,0.06116751669112482
8.14375,19821.790646403144,3.1792299537537955e-06,0.00014786802933588762,0.00014786802933588762,1.4485019277693415e-09,0.06358459907507591
8.15,19815.127070143084,3.2981072226394836e-06,0.00014789807346680524,0.00014789807346680524,1.4495951061985018e-09,0.06596214445278967
8.15625,19808.578263284457,3.4149370214485353e-06,0.0001479276183623727,0.0001479276183623727,1.4507270086009352e-09,0.0682987404289707
8.1625,19802.148057475282,3.5296509941159077e-06,0.00014795669824875325,0.00014795669824875325,1.4518969336727296e-09,0.07059301988231816
8.168750000000001,19795.840151609962,3.6421831528824024e-06,0.00014798534918723005,0.00014798534918723005,1.4531041582379138e-09,0.07284366305764804
8.175,19789.658106230385,3.752469978179478e-06,0.00014801360905911928,0.00014801360905911928,1.4543479380665559e-09,0.07504939956358957
8.18125,19783.605338206882,3.860450513516761e-06,0.0001480415175502558,0.0001480415175502558,1.4556275087243102e-09,0.07720901027033522
8.1875,19777.685115714492,3.966066455111344e-06,0.00014806911613499536,0.00014806911613499536,1.4569420864516753e-09,0.07932132910222689
8.19375,19771.900553516825,4.069262236013963e-06,0.00014809644805967794,0.00014809644805967794,1.458290869071134e-09,0.08138524472027926
8.200000000000001,19766.25460857197,4.169985104504404e-06,0.00014812355832549386,0.00014812355832549386,1.4596730369202787e-09,0.08339970209008808
8.20625,19760.750075971195,4.26818519654656e-06,0.00014815049367069308,0.00014815049367069308,1.4610877538089528e-09,0.0853637039309312
8.2125,19755.389585220983,4.363815602112429e-06,0.00014817730255207626,0.00014817730255207626,1.4625341679983752e-09,0.08727631204224859
8.21875,19750.175596878613,4.456832425204239e-06,0.00014820403512570517,0.00014820403512570517,1.4640114132001598e-09,0.08913664850408477
8.225,19745.110399549292,4.547194837424255e-06,0.00014823074322676665,0.00014823074322676665,1.4655186095930908e-09,0.0909438967484851
8.231250000000001,19740.19610725244,4.6348651249629795e-06,0.00014825748034852485,0.00014825748034852485,1.4670548648554718e-09,0.09269730249925959
8.2375,19735.434657162532,4.719808728897971e-06,0.00014828430162029275,0.00014828430162029275,1.4686192752108345e-09,0.09439617457795943
8.24375,19730.827807730017,4.801994278717649e-06,0.0001483112637843534,0.0001483112637843534,1.4702109264847564e-09,0.09603988557435299
8.25,19726.37713718574,4.881393619006719e-06,0.00014833842517175908,0.00014833842517175908,1.4718288951705254e-09,0.09762787238013437
8.25625,19722.08404243023,4.95798182925244e-06,0.0001483658456769352,0.0001483658456769352,1.4734722495013678e-09,0.09915963658504881
8.262500000000001,19717.94973831063,5.031737236753738e-06,0.00014839358673101455,0.00014839358673101455,1.4751400505269572e-09,0.10063474473507475
8.26875,19713.975257282997,5.102641422637737e-06,0.00014842171127382446,0.00014842171127382446,1.4768313531919152e-09,0.10205282845275473
8.275,19710.1614494603,5.170679221011051e-06,0.00014845028372444994,0.00014845028372444994,1.4785452074140326e-09,0.10341358442022101
8.28125,19706.508983041327,5.235838711295491e-06,0.0001484793699502937,0.0001484793699502937,1.4802806591599495e-09,0.10471677422590982
8.2875,19703.018345119224,5.298111203820122e-06,0.00014850903723455144,0.00014850903723455144,1.4820367515160597e-09,0.10596222407640245
8.293750000000001,19699.689842861353,5.3574912187631615e-06,0.00014853935424202243,0.00014853935424202243,1.4838125257524354e-09,0.10714982437526323
8.3,19696.523605055998,5.413976458558631e-06,0.00014857039098317118,0.00014857039098317118,1.4856070223776061e-09,0.10827952917117262
8.30625,19693.519584017966,5.467567773903233e-06,0.00014860221877635813,0.00014860221877635813,1.4874192821820705e-09,0.10935135547806465
8.3125,19690.67755784402,5.518269123518948e-06,0.00014863491020815413,0.00014863491020815413,1.4892483472684702e-09,0.11036538247037897
8.31875,19687.997133008834,5.566087527846042e-06,0.0001486685390916548,0.0001486685390916548,1.491093262066416e-09,0.11132175055692084
8.325000000000001,19685.477747289413,5.611033016859443e-06,0.00014870318042270933,0.00014870318042270933,1.4929530743300175e-09,0.11222066033718886
8.33125,19683.118673008677,5.65311857221907e-06,0.0001487389103339786,0.0001487389103339786,1.4948268361162368e-09,0.1130623714443814
8.3375,19680.919020582543,5.692360063980858e-06,0.00014877580604673822,0.00014877580604673822,1.4967136047422664e-09,0.11384720127961716
8.34375,19678.877742358996,5.72877618211071e-06,0.000148813945820341,0.000148813945820341,1.4986124437202057e-09,0.1145755236422142
8.35,19676.993636733896,5.762388363057776e-06,0.0001488534088992554,0.0001488534088992554,1.5005224236674003e-09,0.11524776726115551
8.356250000000001,19675.26535252872,5.793220711656427e-06,0.0001488942754575969,0.0001488942754575969,1.5024426231908952e-09,0.11586441423312854
8.3625,19673.691393614627,5.821299918638122e-06,0.00014893662654106985,0.00014893662654106985,1.5043721297445466e-09,0.11642599837276243
8.36875,19672.27012376564,5.846655174044731e-06,0.00014898054400623998,0.00014898054400623998,1.5063100404574339e-09,0.11693310348089461
8.375,19670.99977172531,5.869318076844202e-06,0.00014902611045705837,0.00014902611045705837,1.5082554629323139e-09,0.11738636153688405
8.38125,19669.878436468574,5.889322541057153e-06,0.00014907340917856112,0.00014907340917856112,1.510207516012959e-09,0.11778645082114306
8.387500000000001,19668.90409264182,5.906704698709471e-06,0.00014912252406767021,0.00014912252406767021,1.5121653305193297e-09,0.11813409397418942
8.39375,19668.074596162573,5.921502799931165e-06,0.00014917353956102507,0.00014917353956102507,1.5141280499496328e-09,0.1184300559986233
8.4,19667.387689961677,5.933757110525317e-06,0.0001492265405597768,0.0001492265405597768,1.5160948311484295e-09,0.11867514221050633
8.40625,19666.841009847467,5.943509807333372e-06,0.00014928161235128163,0.00014928161235128163,1.5180648449400613e-09,0.11887019614666744
8.4125,19666.432090477574,5.9508048717240965e-06,0.00014933884052763363,0.00014933884052763363,1.520037276726771e-09,0.11901609743448192
8.418750000000001,19666.15837141502,5.955687981532922e-06,0.00014939831090098122,0.00014939831090098122,1.5220113270510084e-09,0.11911375963065843
8.425,19666.017203254734,5.958206401776994e-06,0.00014946010941557826,0.00014946010941557826,1.523986212121511e-09,0.11916412803553988
8.43125,19666.00585379971,5.958408874468058e-06,0.0001495243220565245,0.0001495243220565245,1.5259611643028634e-09,0.11916817748936116
8.4375,19666.121514270337,5.9563455078412545e-06,0.00014959103475515716,0.00014959103475515716,1.5279354325683405e-09,0.1191269101568251
8.44375,19666.361305528946,5.952067665312402e-06,0.00014966033329106215,0.00014966033329106215,1.5299082829159454e-09,0.11904135330624804
8.450000000000001,19666.722284301777,5.945627854469731e-06,0.0001497323031906794,0.0001497323031906794,1.5318789987476518e-09,0.11891255708939463
8.45625,19667.201449383687,5.937079616398555e-06,0.00014980702962248538,0.00014980702962248538,1.5338468812119643e-09,0.1187415923279711
8.4625,19667.795747806078,5.926477415628368e-06,0.00014988459728874397,0.00014988459728874397,1.5358112495099986e-09,0.11852954831256736
8.46875,19668.502080955892,5.913876530982479e-06,0.00014996509031382435,0.00014996509031382435,1.537771441165385e-09,0.11827753061964959
8.475,19669.317310628314,5.899332947599532e-06,0.00015004859212909528,0.00015004859212909528,1.539726812258381e-09,0.11798665895199065
8.481250000000001,19670.23826499885,5.882903250384849e-06,0.00015013518535441373,0.00015013518535441373,1.5416767376246677e-09,0.11765806500769699
8.4875,19671.261744501768,5.8646445191374675e-06,0.00015022495167623656,0.00015022495167623656,1.5436206110193852e-09,0.11729289038274934
8.49375,19672.38452760272,5.844614225585901e-06,0.00015031797172239452,0.00015031797172239452,1.5455578452470404e-09,0.11689228451171803
8.5,19673.60337644995,5.82287013255203e-06,0.00015041432493357953,0.00015041432493357953,1.5474878722579918e-09,0.11645740265104061
8.50625,19674.915042396093,5.799470195448795e-06,0.00015051408943160739,0.00015051408943160739,1.5494101432122845e-09,0.1159894039089759
8.512500000000001,19676.31627137831,5.77447246630288e-06,0.00015061734188453113,0.00015061734188453113,1.5513241285116742e-09,0.11548944932605759
8.51875,19677.80380914671,5.747935000478788e-06,0.0001507241573686925,0.0001507241573686925,1.5532293178007326e-09,0.11495870000957577
8.525,19679.374406332117,5.71991576626579e-06,0.0001508346092278129,0.0001508346092278129,1.5551252199379869e-09,0.1143983153253158
8.53125,19681.024823346004,5.690472557473925e-06,0.00015094876892923835,0.00015094876892923835,1.5570113629380864e-09,0.1138094511494785
8.5375,19682.751835103038,5.659662909169999e-06,0.0001510667059174677,0.0001510667059174677,1.5588872938860415e-09,0.11319325818339998
8.543750000000001,19684.552235562955,5.627544016669186e-06,0.00015118848746510787,0.00015118848746510787,1.5607525788246098e-09,0.11255088033338372
8.55,19686.422842082276,5.594172657882408e-06,0.0001513141785214149,0.0001513141785214149,1.562606802615946e-09,0.11188345315764817
8.55625,19688.360499574985,5.559605119104716e-06,0.00015144384155859478,0.00015144384155859478,1.5644495687786513e-09,0.11119210238209432
8.5625,19690.362084475204,5.523897124314691e-06,0.0001515775364160539,0.0001515775364160539,1.5662804993013918e-09,0.11047794248629382
8.56875,19692.424508500404,5.487103768040297e-06,0.00015171532014280538,0.00015171532014280538,1.5680992344342616e-09,0.10974207536080595
8.575000000000001,19694.5447222124,5.449279451832105e-06,0.00015185724683825245,0.00015185724683825245,1.5699054324590917e-09,0.10898558903664209
8.58125,19696.719718374607,5.410477824370915e-06,0.000152003367491588,0.000152003367491588,1.5716987694399067e-09,0.1082095564874183
8.5875,19698.94653510474,5.370751725223018e-06,0.00015215372982006447,0.00015215372982006447,1.5734789389547385e-09,0.10741503450446037
8.59375,19701.22225882307,5.33015313224344e-06,0.0001523083781064062,0.0001523083781064062,1.5752456518100066e-09,0.1066030626448688
8.6,19703.544026996948,5.288733112614779e-06,0.00015246735303565148,0.00015246735303565148,1.5769986357386703e-09,0.10577466225229558
8.606250000000001,19705.909030682717,5.246541777497359e-06,0.00015263069153172932,0.00015263069153172932,1.5787376350833486e-09,0.10493083554994719
8.6125,19708.314516867616,5.203628240254995e-06,0.00015279842659409143,0.00015279842659409143,1.5804624104655947e-09,0.1040725648050999
8.61875,19710.75779061333,5.1600405782099415e-06,0.00015297058713473698,0.00015297058713473698,1.582172738442493e-09,0.10320081156419883
8.625,19713.236217005408,5.115825797870533e-06,0.00015314719781598282,0.00015314719781598282,1.5838684111517321e-09,0.10231651595741065
8.63125,19715.74722291083,5.071029803565647e-06,0.00015332827888934808,0.00015332827888934808,1.585549235946279e-09,0.10142059607131294
8.637500000000001,19718.288298550273,5.025697369411548e-06,0.00015351384603593692,0.00015351384603593692,1.5872150350197646e-09,0.10051394738823095
8.64375,19720.856998886407,4.979872114528588e-06,0.00015370391020871823,0.00015370391020871823,1.5888656450236512e-09,0.09959744229057177
8.65,19723.450944836783,4.9335964814182445e-06,0.00015389847747711467,0.00015389847747711467,1.5905009166772366e-09,0.0986719296283649
8.65625,19726.067824313464,4.886911717404289e-06,0.0001540975488743281,0.0001540975488743281,1.5921207143715037e-09,0.09773823434808578
8.6625,19728.705393097738,4.8398578590364255e-06,0.00015430112024783927,0.00015430112024783927,1.5937249157678023e-09,0.09679715718072851
8.668750000000001,19731.361475553793,4.792473719349449e-06,0.00015450918211353345,0.00015450918211353345,1.5953134113923071e-09,0.09584947438698897
8.675,19734.033965189872,4.744796877867031e-06,0.00015472171951391367,0.00015472171951391367,1.596886104227163e-09,0.09489593755734062
8.68125,19736.720825070224,4.696863673235314e-06,0.00015493871188087323,0.00015493871188087323,1.598442909299188e-09,0.09393727346470628
8.6875,19739.420088087845,4.6487091983689605e-06,0.000155160132903508,0.000155160132903508,1.599983753266968e-09,0.0929741839673792
8.69375,19742.129857102165,4.600367297989875e-06,0.00015538595040145718,0.00015538595040145718,1.6015085740071357e-09,0.09200734595979751
8.700000000000001,19744.8483049498,4.551870568437357e-06,0.00015561612620426687,0.00015561612620426687,1.603017320200585e-09,0.09103741136874714
8.70625,19747.573674334766,4.503250359627499e-06,0.0001558506160372761,0.0001558506160372761,1.6045099509193381e-09,0.09006500719254998
8.7125,19750.304277604828,4.4545367790392566e-06,0.00015608936941452885,0.00015608936941452885,1.6059864352147304e-09,0.08909073558078513
8.71875,19753.038496421435,4.405758697604938e-06,0.0001563323295392168,0.0001563323295392168,1.6074467517075498e-09,0.08811517395209877
8.725,19755.77478132972,4.356943757383516e-06,0.0001565794332121587,0.0001565794332121587,1.608890888180719e-09,0.08713887514767032
8.731250000000001,19758.511651235138,4.308118380896495e-06,0.0001568306107488209,0.0001568306107488209,1.610318841175072e-09,0.0861623676179299
8.7375,19761.247692793393,4.259307782007707e-06,0.00015708578590537933,0.00015708578590537933,1.6117306155887368e-09,0.08518615564015414
8.74375,19763.981559720603,4.210535978230627e-06,0.00015734487581432047,0.00015734487581432047,1.6131262242805977e-09,0.08421071956461254
8.75,19766.71197203022,4.161825804349366e-06,0.00015760779093006966,0.00015760779093006966,1.6145056876782724e-09,0.08323651608698732
8.75625,19769.43771520165,4.113198927242209e-06,0.00015787443498512812,0.00015787443498512812,1.6158690333910016e-09,0.08226397854484419
8.762500000000001,19772.157639287823,4.064675861799988e-06,0.00015814470495718853,0.00015814470495718853,1.617216295827816e-09,0.08129351723599976
8.76875,19774.870657968124,4.016275987835002e-06,0.00015841849104768544,0.00015841849104768544,1.6185475158213074e-09,0.08032551975670003
8.775,19777.575747549723,3.968017567879839e-06,0.00015869567667222388,0.00015869567667222388,1.619862740257299e-09,0.07936035135759678
8.78125,19780.271945926514,3.9199177657795705e-06,0.00015897613846331012,0.00015897613846331012,1.6211620217106785e-09,0.0783983553155914
8.7875,19782.958351496272,3.871992665984699e-06,0.00015925974628579068,0.00015925974628579068,1.6224454180876264e-09,0.07743985331969398
8.793750000000001,19785.63412204622,3.824257293456805e-06,0.00015954636326538418,0.00015954636326538418,1.6237129922744415e-09,0.0764851458691361
8.8,19788.298473606785,3.77672563410287e-06,0.0001598358458306667,0.0001598358458306667,1.6249648117931392e-09,0.0755345126820574
8.80625,19790.950679281304,3.7294106556589955e-06,0.00016012804376884575,0.00016012804376884575,1.6262009484639733e-09,0.07458821311317991
8.8125,19793.590068054076,3.6823243289485283e-06,0.00016042280029563018,0.00016042280029563018,1.627421478075002e-09,0.07364648657897056
8.81875,19796.216023582318,3.6354776494443407e-06,0.00016071995213947325,0.00016071995213947325,1.6286264800588024e-09,0.07270955298888682
8.825000000000001,19798.827982973493,3.588880659069292e-06,0.00016101932964043432,0.00016101932964043432,1.6298160371764105e-09,0.07177761318138584
8.83125,19801.42543555356,3.5425424681735798e-06,0.00016132075686386992,0.00016132075686386992,1.630990235208545e-09,0.0708508493634716
8.8375,19804.00792162888,3.4964712776321206e-06,0.00016162405172912966,0.00016162405172912966,1.6321491626541564e-09,0.06992942555264241
8.84375,19806.575031242905,3.4506744010092645e-06,0.00016192902615339344,0.00016192902615339344,1.6332929104363223e-09,0.0690134880201853
8.85,19809.126402933416,3.405158286742747e-06,0.00016223548621074841,0.00016223548621074841,1.6344215716154953e-09,0.06810316573485493
8.856250000000001,19811.661722489865,3.3599285403026334e-06,0.00016254323230656008,0.00016254323230656008,1.6355352411100969e-09,0.06719857080605267
8.8625,19814.180721715435,3.314989946285314e-06,0.000162852059367151,0.000162852059367151,1.636634015424433e-09,0.06629979892570628
8.86875,19816.68317719372,3.2703464904063252e-06,0.00016316175704475527,0.00016316175704475527,1.6377179923838997e-09,0.0654069298081265
8.875,19819.16890906373,3.226001381359684e-06,0.00016347210993766952,0.00016347210993766952,1.6387872708774357e-09,0.06452002762719368
8.88125,19821.63777980381,3.181957072514959e-06,0.00016378289782547666,0.00016378289782547666,1.6398419506071638e-09,0.06363914145029918
8.887500000000001,19824.08969302546,3.138215283426702e-06,0.0001640938959191675,0.0001640938959191675,1.6408821318451643e-09,0.06276430566853404
8.89375,19826.52459228006,3.0947770211342953e-06,0.00016440487512593753,0.00016440487512593753,1.6419079151973069e-09,0.061895540422685906
8.9,19828.942459877,3.051642601233159e-06,0.00016471560232838588,0.00016471560232838588,1.6429194013740677e-09,0.06103285202466318
8.90625,19831.3433157167,3.0088116687013893e-06,0.00016502584067779296,0.00016502584067779296,1.6439166909682484e-09,0.060176233374027784
8.9125,19833.727216137784,2.9662832184685263e-06,0.00016533534990110154,0.00016533534990110154,1.6448998842395135e-09,0.05932566436937053
8.918750000000001,19836.094252778672,2.9240556157157214e-06,0.00016564388662117555,0.00016564388662117555,1.645869080905657e-09,0.05848111231431443
8.925,19838.444551455752,2.88212661589904e-06,0.0001659512046898595,0.0001659512046898595,1.646824379940504e-09,0.0576425323179808
8.93125,19840.778271056108,2.8404933844897293e-06,0.00016625705553331005,0.00016625705553331005,1.6477658793783579e-09,0.05680986768979459
8.9375,19843.095602448222,2.799152516427525e-06,0.00016656118850902143,0.00016656118850902143,1.6486936761248928e-09,0.0559830503285505
8.94375,19845.396767406495,2.7581000552846554e-06,0.00016686335127391534,0.00016686335127391534,1.6496078657744002e-09,0.05516200110569311
8.950000000000001,19847.68201755395,2.7173315121402045e-06,0.00016716329016281832,0.00016716329016281832,1.6505085424332906e-09,0.05434663024280409
8.95625,19849.951633320514,2.6768418841659056e-06,0.00016746075057660044,0.00016746075057660044,1.6513957985497551e-09,0.053536837683318114
8.9625,19852.2059229169,2.6366256729258115e-06,0.0001677554773792035,0.0001677554773792035,1.652269724749494e-09,0.05273251345851623
8.96875,19854.44522132461,2.5966769023936453e-06,0.0001680472153027413,0.0001680472153027413,1.6531304096774157e-09,0.05193353804787291
8.975,19856.669889302124,2.556989136692746e-06,0.00016833570935981176,0.00016833570935981176,1.6539779398452168e-09,0.05113978273385492
8.981250000000001,19858.88031240496,2.5175554975644e-06,0.00016862070526211894,0.00016862070526211894,1.6548123994847518e-09,0.050351109951288005
8.9875,19861.076900021795,2.478368681571393e-06,0.00016890194984446502,0.00016890194984446502,1.6556338704071047e-09,0.04956737363142786
8.99375,19863.26008442455,2.439420977044272e-06,0.0001691791914931346,0.0001691791914931346,1.6564424318672781e-09,0.04878841954088544
9.0,19865.430319832227,2.4007042807784512e-06,0.0001694521805776614,0.0001694521805776614,1.6572381604344165e-09,0.048014085615569024
9.00625,19867.588081488757,2.3622101144909188e-06,0.0001697206698849348,0.0001697206698849348,1.658021129867484e-09,0.04724420228981838
9.012500000000001,19869.733864752936,2.323929641045673e-06,0.00016998441505457776,0.00016998441505457776,1.6587914109963201e-09,0.04647859282091346
9.01875,19871.86818420224,2.285853680457523e-06,0.0001702431750145017,0.0001702431750145017,1.6595490716080006e-09,0.045717073609150456
9.025,19873.991572746534,2.247972725683996e-06,0.00017049671241552345,0.00017049671241552345,1.660294176338432e-09,0.04495945451367992
9.03125,19876.10458075534,2.21027695821558e-06,0.00017074479406391243,0.00017074479406391243,1.6610267865691137e-09,0.0442055391643116
9.0375,19878.207775193387,2.1727562634744024e-06,0.0001709871913507215,0.0001709871913507215,1.6617469603290052e-09,0.04345512526948805
9.043750000000001,19880.30173876891,2.135400246031882e-06,0.00017122368067674636,0.00017122368067674636,1.6624547522014347e-09,0.04270800492063764
9.05,19882.387069089193,2.09819824465567e-06,0.0001714540438719519,0.0001714540438719519,1.6631502132359987e-09,0.0419639648931134
9.05625,19884.464377826578,2.061139347196403e-06,0.00017167806860820316,0.00017167806860820316,1.6638333908653923e-09,0.04122278694392806
9.0625,19886.53428989241,2.0242124053246817e-06,0.00017189554880414016,0.00017189554880414016,1.6645043288271268e-09,0.040484248106493634
9.06875,19888.597442618462,1.9874060491286766e-06,0.00017210628502104417,0.00017210628502104417,1.6651630670900846e-09,0.039748120982573534
9.075000000000001,19890.65448494625,1.9507087015826815e-06,0.00017231008484855362,0.00017231008484855362,1.6658096417858698e-09,0.03901417403165363
9.08125,19892.706076622595,1.9141085928967934e-06,0.0001725067632791037,0.0001725067632791037,1.6664440851449158e-09,0.03828217185793587
9.0875,19894.7528874013,1.8775937747578074e-06,0.00017269614306998426,0.00017269614306998426,1.6670664254373118e-09,0.03755187549515615
9.09375,19896.79559625028,1.8411521344712443e-06,0.00017287805509193487,0.00017287805509193487,1.6676766869183183e-09,0.036823042689424886
9.1,19898.83489056407,1.8047714090143098e-06,0.00017305233866322464,0.00017305233866322464,1.6682748897785397e-09,0.036095428180286195
9.106250000000001,19900.871465380595,1.7684391990093662e-06,0.00017321884186819847,0.00017321884186819847,1.6688610500987282e-09,0.03536878398018732
9.1125,19902.906022601528,1.7321429826273121e-06,0.00017337742185930818,0.00017337742185930818,1.6694351798091972e-09,0.034642859652546244
9.11875,19904.93927021654,1.6958701294301192e-06,0.00017352794514168834,0.00017352794514168834,1.6699972866538213e-09,0.03391740258860238
9.125,19906.971921530563,1.659607914161564e-06,0.00017367028783938314,0.00017367028783938314,1.6705473741586094e-09,0.03319215828323128
9.13125,19909.0046943925,1.6233435304948986e-06,0.00017380433594237971,0.00017380433594237971,1.6710854416048322e-09,0.032466870609897974
9.137500000000001,19911.038310427004,1.5870641047461389e-06,0.00017392998553365584,0.00017392998553365584,1.6716114840066964e-09,0.03174128209492278
9.14375,19913.073494267348,1.5507567095613557e-06,0.0001740471429955081,0.0001740471429955081,1.6721254920935564e-09,0.031015134191227114
9.15,19915.11097278879,1.5144083775860603e-06,0.00017415572519448503,0.00017415572519448503,1.6726274522966548e-09,0.030288167551721205
9.15625,19917.151474343318,1.4780061151247295e-06,0.00017425565964431468,0.00017425565964431468,1.6731173467403923e-09,0.02956012230249459
9.1625,19919.19572799356,1.4415369157980637e-06,0.00017434688464628033,0.00017434688464628033,1.6735951532381228e-09,0.028830738315961273
9.168750000000001,19921.24446274772,1.4049877742055707e-06,0.000174429349406568,0.000174429349406568,1.6740608452924783e-09,0.028099755484111415
9.175,19923.298406792204,1.3683456996005692e-06,0.0001745030141301798,0.0001745030141301798,1.674514392100226e-09,0.027366913992011382
9.18125,19925.358286724644,1.3315977295847003e-06,0.00017456785009108047,0.00017456785009108047,1.6749557585616643e-09,0.026631954591694006
9.1875,19927.424826784518,1.2947309438285666e-06,0.0001746238396783187,0.0001746238396783187,1.6753849052945674e-09,0.02589461887657133
9.19375,19929.49874808186,1.2577324778249576e-06,0.00017467097641794225,0.00017467097641794225,1.675801788652687e-09,0.025154649556499153
9.200000000000001,19931.580767825126,1.2205895366808895e-06,0.00017470926497060145,0.00017470926497060145,1.6762063607488272e-09,0.02441179073361779
9.20625,19933.671598544388,1.1832894089541738e-06,0.00017473872110481572,0.00017473872110481572,1.6765985694825042e-09,0.023665788179083477
9.2125,19935.771947314148,1.1458194805402449e-06,0.00017475937164595487,0.00017475937164595487,1.67697835857221e-09,0.0229163896108049
9.21875,19937.882514970606,1.1081672486142844e-06,0.0001747712544010663,0.0001747712544010663,1.6773456675922962e-09,0.022163344972285687
9.225,19940.003995327806,1.070320335633715e-06,0.00017477441805975794,0.00017477441805975794,1.6777004320145001e-09,0.0214064067126743
9.231250000000001,19942.137074388334,1.0322665034054342e-06,0.0001747689220714238,0.0001747689220714238,1.6780425832541327e-09,0.020645330068108685
9.2375,19944.28242955164,9.939936672220733e-07,0.00017475483649917687,0.00017475483649917687,1.6783720487209526e-09,0.019879873344441468
9.24375,19946.44072881679,9.554899100709024e-07,0.0001747322418509291,0.0001747322418509291,1.6786887518747494e-09,0.01910979820141805
9.25,19948.6126299823,9.167434969188323e-07,0.00017470122888813323,0.00017470122888813323,1.6789926122856618e-09,0.018334869938376647
9.25625,19950.798779840745,8.777428890763128e-07,0.00017466189841277205,0.00017466189841277205,1.6792835456992575e-09,0.017554857781526257
9.262500000000001,19952.99981336918,8.384767586425921e-07,0.00017461436103325173,0.00017461436103325173,1.6795614641063998e-09,0.016769535172851843
9.26875,19955.216352914555,7.989340030342019e-07,0.00017455873690992287,0.00017455873690992287,1.6798262758179307e-09,0.01597868006068404
9.275,19957.449007374693,7.591037595981184e-07,0.00017449515548101713,0.00017449515548101713,1.6800778855441976e-09,0.015182075191962368
9.28125,19959.69837137462,7.189754203103919e-07,0.00017442375516984863,0.00017442375516984863,1.6803161944794513e-09,0.014379508406207839
9.2875,19961.96502443725,6.785386465604888e-07,0.00017434468307418798,0.00017434468307418798,1.680541100391145e-09,0.013570772931209778
9.293750000000001,19964.24953015035,6.377833840210265e-07,0.00017425809463876958,0.00017425809463876958,1.6807524977141618e-09,0.012755667680420529
9.3,19966.552435328336,5.966998776018744e-07,0.00017416415331194458,0.00017416415331194458,1.6809502776499988e-09,0.011933997552037489
9.30625,19968.874269168926,5.552786864868764e-07,0.0001740630301875368,0.0001740630301875368,1.6811343282709347e-09,0.011105573729737528
9.3125,19971.21554240639,5.135106992509119e-07,0.00017395490363300166,0.00017395490363300166,1.681304534629209e-09,0.010270213985018237
9.31875,19973.576746459185,4.713871490539969e-07,0.00017383995890502538,0.00017383995890502538,1.6814607788712373e-09,0.009427742981079937
9.325000000000001,19975.95835257482,4.2889962890866837e-07,0.00017371838775373307,0.00017371838775373307,1.6816029403568856e-09,0.008577992578173368
9.33125,19978.360810969778,3.860401070157655e-07,0.00017359038801670475,0.00017359038801670475,1.6817308957838296e-09,0.00772080214031531
9.3375,19980.784549966407,3.428009421631243e-07,0.00017345616320401863,0.00017345616320401863,1.6818445193170174e-09,0.006856018843262486
9.34375,19983.22997512689,2.9917489918068603e-07,0.00017331592207556104,0.00017331592207556104,1.681943682723254e-09,0.005983497983613721
9.35,19985.697468383656,2.5515516444463094e-07,0.00017316987821185456,0.00017316987821185456,1.6820282555109261e-09,0.0051031032888926185
9.356250000000001,19988.187387168586,2.1073536142225964e-07,0.00017301824957966378,0.00017301824957966378,1.682098105074878e-09,0.004214707228445192
9.3625,19990.700063539498,1.659095662483004e-07,0.0001728612580936423,0.0001728612580936423,1.682153096846452e-09,0.003318191324966008
9.36875,19993.23580330588,1.206723233223218e-07,0.00017269912917528105,0.00017269912917528105,1.6821930944486971e-09,0.0024134464664464362
9.375,19995.794885154308,7.501866091594706e-08,0.00017253209131041188,0.00017253209131041188,1.6822179598567514e-09,0.0015003732183189412
9.38125,19998.377559773493,2.8944106777447862e-08,0.0001723603756065092,0.0001723603756065092,1.6822275535633972e-09,0.0005788821355489572
9.387500000000001,20000.984048980663,-1.7555296279791502e-08,0.00017218421535101459,0.00017218421535101459,1.6822217347497824e-09,-0.00035110592559583006
9.39375,20003.6145448491,-6.448297481958352e-08,0.00017200384557188925,0.00017200384557188925,1.6822003614612983e-09,-0.0012896594963916702
9.4,20006.26920883932,-1.1184180927170183e-07,0.00017181950260157261,0.00017181950260157261,1.6821632907886002e-09,-0.0022368361854340365
9.40625,20008.94817093238,-1.596341184841369e-07,0.00017163142364549664,0.00017163142364549664,1.682110379053746e-09,-0.0031926823696827376
9.4125,20011.651528769453,-2.078616443568339e-07,0.00017143984635626947,0.00017143984635626947,1.6820414820014304e-09,-0.004157232887136678
9.418750000000001,20014.379346795235,-2.565255365763435e-07,0.00017124500841460627,0.00017124500841460627,1.6819564549952769e-09,-0.00513051073152687
9.425,20017.131655409587,-3.056263374718084e-07,0.00017104714711804135,0.00017104714711804135,1.681855153219151e-09,-0.006112526749436168
9.43125,20019.908450126437,-3.551639670140945e-07,0.0001708464989784119,0.0001708464989784119,1.6817374318834437e-09,-0.007103279340281891
9.4375,20022.709690742515,-4.051377079809823e-07,0.00017064329932905462,0.00017064329932905462,1.6816031464362743e-09,-0.008102754159619646
9.44375,20025.535300516276,-4.5554619131269473e-07,0.00017043778194260578,0.00017043778194260578,1.6814521527795457e-09,-0.009110923826253895
9.450000000000001,20028.385165358915,-5.063873816831901e-07,0.0001702301786602409,0.0001702301786602409,1.6812843074897823e-09,-0.010127747633663801
9.45625,20031.259133039588,-5.576585633138538e-07,0.00017002071903313458,0.00017002071903313458,1.6810994680436701e-09,-0.011153171266277075
9.4625,20034.157012404892,-6.093563260575819e-07,0.00016980962997686217,0.00016980962997686217,1.6808974930482102e-09,-0.012187126521151639
9.46875,20037.078572616345,-6.614765517822604e-07,0.0001695971354394059,0.0001695971354394059,1.6806782424753848e-09,-0.013229531035645208
9.475,20040.023542404462,-7.140144010840988e-07,0.00016938345608336547,0.00016938345608336547,1.6804415779012263e-09,-0.014280288021681976
9.481250000000001,20042.99160934531,-7.66964300362156e-07,0.00016916880898291213,0.00016916880898291213,1.6801873627491728e-09,-0.015339286007243122
9.4875,20045.982419157634,-8.203199292867856e-07,0.00016895340733596065,0.00016895340733596065,1.6799154625375754e-09,-0.016406398585735713
9.49375,20048.995575024186,-8.740742086957591e-07,0.000168737460191971,0.000168737460191971,1.679625745131218e-09,-0.017481484173915183
9.5,20052.030636939675,-9.282192889528396e-07,0.00016852117219572673,0.00016852117219572673,1.679318080996696e-09,-0.01856438577905679
9.50625,20055.087121085395,-9.827465388047533e-07,0.00016830474334737395,0.00016830474334737395,1.6789923434614883e-09,-0.019654930776095064
9.512500000000001,20058.16449923548,-1.037646534773349e-06,0.00016808836877894105,0.00016808836877894105,1.6786484089765447e-09,-0.02075293069546698
9.51875,20061.26219819399,-1.0929090511207863e-06,0.00016787223854749722,0.00016787223854749722,1.6782861573822005e-09,-0.021858181022415726
9.525,20064.37959926632,-1.1485230504264577e-06,0.00016765653744504533,0.00016765653744504533,1.6779054721772135e-09,-0.022970461008529154
9.53125,20067.516037768208,-1.2044766748150436e-06,0.0001674414448251853,0.0001674414448251853,1.6775062407907091e-09,-0.02408953349630087
9.5375,20070.670802572586,-1.2607572378759772e-06,0.00016722713444652492,0.00016722713444652492,1.6770883548568035e-09,-0.025215144757519542
9.543750000000001,20073.843135697312,-1.317351217315237e-06,0.00016701377433275735,0.00016701377433275735,1.6766517104916623e-09,-0.02634702434630474
9.55,20077.032231936868,-1.3742442483808632e-06,0.00016680152664927102,0.00016680152664927102,1.6761962085727389e-09,-0.027484884967617265
9.55625,20080.237238539725,-1.431421118104179e-06,0.00016659054759610248,0.00016659054759610248,1.675721755019921e-09,-0.028628422362083582
9.5625,20083.45725493358,-1.4888657603990067e-06,0.00016638098731699462,0.00016638098731699462,1.6752282610783016e-09,-0.029777315207980132
9.56875,20086.691332500817,-1.546561252061576e-06,0.0001661729898242725,0.0001661729898242725,1.6747156436022766e-09,-0.030931225041231518
9.575000000000001,20089.93847440752,-1.6044898097138335e-06,0.0001659666929392056,0.0001659666929392056,1.6741838253406548e-09,-0.03208979619427667
9.58125,20093.19763548728,-1.6626327877330422e-06,0.0001657622282474811,0.0001657622282474811,1.6736327352224537e-09,-0.03325265575466085
9.5875,20096.467722182806,-1.7209706772104377e-06,0.000165559721069375,0.000165559721069375,1.6730623086430418e-09,-0.03441941354420875
9.59375,20099.747592547745,-1.779483105981536e-06,0.00016535929044417003,0.00016535929044417003,1.67247248775027e-09,-0.035589662119630716
9.600000000000001,20103.03605631059,-1.8381488397703733e-06,0.00016516104912833702,0.00016516104912833702,1.6718632217302237e-09,-0.036762976795407465
9.606250000000001,20106.331875003794,-1.8969457844894403e-06,0.00016496510360696547,0.00016496510360696547,1.6712344670922133e-09,-0.037938915689788806
9.6125,20109.633762159832,-1.9558509897365186e-06,0.0001647715541179026,0.0001647715541179026,1.670586187952604e-09,-0.039117019794730375
9.61875,20112.940383576417,-2.0148406535288376e-06,0.000164580494688037,0.000164580494688037,1.6699183563170787e-09,-0.040296813070576754
9.625,20116.25035765339,-2.0738901283140793e-06,0.00016439201318114107,0.00016439201318114107,1.6692309523609068e-09,-0.041477802566281585
9.631250000000001,20119.562255803543,-2.1329739282966174e-06,0.00016420619135667147,0.00016420619135667147,1.6685239647067853e-09,-0.04265947856593235
9.637500000000001,20122.87460293915,-2.1920657381162135e-06,0.00016402310493891063,0.00016402310493891063,1.667797390699803e-09,-0.04384131476232427
9.64375,20126.185878036016,-2.2511384229149546e-06,0.0001638428236958233,0.0001638428236958233,1.6670512366790689e-09,-0.04502276845829909
9.65,20129.49451477769,-2.310164039826625e-06,0.00016366541152699365,0.00016366541152699365,1.6662855182455306e-09,-0.0462032807965325
9.65625,20132.79890228109,-2.369113850920966e-06,0.0001634909265600034,0.0001634909265600034,1.6655002605255045e-09,-0.04738227701841932
9.662500000000001,20136.097385905137,-2.4279583376333844e-06,0.00016331942125461101,0.00016331942125461101,1.6646954984294207e-09,-0.048559166752667686
9.668750000000001,20139.388268144743,-2.4866672167084905e-06,0.00016315094251409133,0.00016315094251409133,1.6638712769052852e-09,-0.04973334433416981
9.675,20142.669809610416,-2.5452094576836556e-06,0.0001629855318030999,0.0001629855318030999,1.6630276511863468e-09,-0.05090418915367311
9.68125,20145.940230096418,-2.6035533019362372e-06,0.00016282322527143243,0.00016282322527143243,1.66216468703245e-09,-0.052071066038724745
9.6875,20149.19770973701,-2.6616662833155427e-06,0.00016266405388305814,0.00016266405388305814,1.6612824609645493e-09,-0.05323332566631085
9.693750000000001,20152.440390252745,-2.7195152503777615e-06,0.00016250804354981703,0.00016250804354981703,1.6603810604918544e-09,-0.05439030500755523
9.700000000000001,20155.666376287954,-2.7770663902390813e-06,0.0001623552152691842,0.0001623552152691842,1.6594605843310685e-09,-0.055541327804781625
9.70625,20158.87373683849,-2.8342852540591295e-06,0.00016220558526551957,0.00016220558526551957,1.65852114261718e-09,-0.05668570508118259
9.7125,20162.060506772716,-2.8911367841633907e-06,0.00016205916513423836,0.00016205916513423836,1.6575628571052644e-09,-0.05782273568326782
9.71875,20165.224688443763,-2.9475853428099045e-06,0.00016191596198835554,0.00016191596198835554,1.6565858613627519e-09,-0.05895170685619809
9.725000000000001,20168.36425339426,-3.003594742601804e-06,0.00016177597860687865,0.00016177597860687865,1.6555903009516127e-09,-0.06007189485203608
9.731250000000001,20171.47714415295,-3.059128278543471e-06,0.00016163921358454397,0.00016163921358454397,1.65457633359992e-09,-0.06118256557086942
9.7375,20174.56127612407,-3.114148761734037e-06,0.00016150566148241362,0.00016150566148241362,1.6535441293622424e-09,-0.062282975234680744
9.74375,20177.614539566417,-3.168618554688e-06,0.00016137531297887492,0.00016137531297887492,1.6524938707683298e-09,-0.06337237109376001
9.75,20180.634801664335,-3.2224996082683078e-06,0.00016124815502060734,0.00016124815502060734,1.6514257529595592e-09,-0.06444999216536615
9.756250000000001,20183.619908686385,-3.2757535002130745e-06,0.0001611241709731076,0.0001611241709731076,1.6503399838126078e-09,-0.06551507000426149
9.762500000000001,20186.567688234,-3.3283414752323845e-06,0.00016100334077038804,0.00016100334077038804,1.6492367840498386e-09,-0.06656682950464769
9.76875,20189.47595157499,-3.3802244866472902e-06,0.00016088564106349085,0.00016088564106349085,1.6481163873358818e-09,-0.0676044897329458
9.775,20192.342496061858,-3.4313632395383013e-06,0.00016077104536748455,0.00016077104536748455,1.646979040359917e-09,-0.06862726479076603
9.78125,20195.165107633566,-3.4817182353658588e-06,0.00016065952420663695,0.00016065952420663695,1.6458250029031632e-09,-0.06963436470731718
9.787500000000001,20197.941563396664,-3.5312498180205603e-06,0.00016055104525748302,0.00016055104525748302,1.6446545478911073e-09,-0.07062499636041121
9.793750000000001,20200.669634284062,-3.5799182212559993e-06,0.00016044557348953367,0.00016044557348953367,1.6434679614300089e-09,-0.07159836442511999
9.8,20203.347087788276,-3.6276836174521167e-06,0.00016034307130339482,0.00016034307130339482,1.6422655428272433e-09,-0.07255367234904234
9.80625,20205.971690766448,-3.6745061676520406e-06,0.0001602434986660923,0.0001602434986660923,1.6410476045950595e-09,-0.07349012335304081
9.8125,20208.54121231276,-3.720346072810487e-06,0.00016014681324342243,0.00016014681324342243,1.639814472437351e-09,-0.07440692145620974
9.818750000000001,20211.05342669583,-3.765163626186741e-06,0.00016005297052917048,0.00016005297052917048,1.6385664852190602e-09,-0.07530327252373482
9.825000000000001,20213.50611635496,-3.8089192668105198e-06,0.00015996192397106437,0.00015996192397106437,1.637303994917863e-09,-0.0761783853362104
9.83125,20215.8970749536,-3.851573633943917e-06,0.00015987362509335102,0.00015987362509335102,1.6360273665578e-09,-0.07703147267887833
9.8375,20218.224110482948,-3.8930876224580486e-06,0.00015978802361590533,0.00015978802361590533,1.6347369781245531e-09,-0.07786175244916096
9.84375,20220.485048412742,-3.933422439038142e-06,0.00015970506756980154,0.00015970506756980154,1.633433220462093e-09,-0.07866844878076285
9.850000000000001,20222.67773488323,-3.972539659126253e-06,0.00015962470340929655,0.00015962470340929655,1.632116497150452e-09,-0.07945079318252507
9.856250000000001,20224.800039932983,-4.010401284506353e-06,0.00015954687612019277,0.00015954687612019277,1.6307872243644112e-09,-0.08020802569012705
9.8625,20226.84986075692,-4.046969801432097e-06,0.00015947152932456536,0.00015947152932456536,1.629445830712919e-09,-0.08093939602864195
9.86875,20228.825124989653,-4.082208239193422e-06,0.00015939860538185534,0.00015939860538185534,1.6280927570590991e-09,-0.08164416478386845
9.875,20230.723794006546,-4.116080229014134e-06,0.0001593280454863449,0.0001593280454863449,1.626728456320735e-09,-0.08232160458028268
9.881250000000001,20232.5438662379,-4.14855006316877e-06,0.00015925978976104535,0.00015925978976104535,1.6253533932511606e-09,-0.0829710012633754
9.887500000000001,20234.283380488243,-4.179582754203548e-06,0.00015919377734804126,0.00015919377734804126,1.6239680442005227e-09,-0.08359165508407095
9.89375,20235.940419254992,-4.209144094142771e-06,0.0001591299464953458,0.0001591299464953458,1.6225728968574166e-09,-0.08418288188285541
9.9,20237.51311204008,-4.2372007135589335e-06,0.00015906823464033386,0.00015906823464033386,1.621168449970945e-09,-0.08474401427117867
9.90625,20238.999638645757,-4.26372014038214e-06,0.00015900857848982847,0.00015900857848982847,1.619755213053283e-09,-0.0852744028076428
9.912500000000001,20240.39823245004,-4.2886708583216905e-06,0.0001589509140969249,0.0001589509140969249,1.6183337060628785e-09,-0.08577341716643382
9.918750000000001,20241.70718365213,-4.312022364770697e-06,0.000158895176934645,0.000158895176934645,1.616904459068461e-09,-0.08624044729541394
9.925,20242.924842482098,-4.33374522806257e-06,0.00015884130196652064,0.00015884130196652064,1.6154680118940714e-09,-0.0866749045612514
9.93125,20244.04962236628,-4.353811143946807e-06,0.0001587892237142106,0.0001587892237142106,1.6140249137453728e-09,-0.08707622287893613
9.9375,20245.080003041952,-4.372192991150233e-06,0.00015873887632226048,0.00015873887632226048,1.6125757228175453e-09,-0.08744385982300466
9.943750000000001,20246.01453361307,-4.388864885889131e-06,0.00015869019362011984,0.00015869019362011984,1.6111210058851124e-09,-0.08777729771778263
9.950000000000001,20246.85183553941,-4.403802235197282e-06,0.0001586431091815319,0.0001586431091815319,1.6096613378740908e-09,-0.08807604470394564
9.95625,20247.59060555183,-4.416981788934929e-06,0.00015859755638141616,0.00015859755638141616,1.6081973014169034e-09,-0.08833963577869859
9.9625,20248.229618486,-4.428381690344068e-06,0.0001585534684503638,0.0001585534684503638,1.6067294863905324e-09,-0.08856763380688136
9.96875,20248.767730027575,-4.4379815250163125e-06,0.0001585107785268679,0.0001585107785268679,1.605258489438445e-09,-0.08875963050032624
9.975000000000001,20249.20387936057,-4.445762368140803e-06,0.00015846941970741046,0.00015846941970741046,1.6037849134768562e-09,-0.08891524736281606
9.981250000000001,20249.537091711776,-4.451706829901412e-06,0.00015842932509452814,0.00015842932509452814,1.6023093671859447e-09,-0.08903413659802824
9.9875,20249.766480784776,-4.45579909889447e-06,0.00015839042784297755,0.00015839042784297755,1.600832464486679e-09,-0.08911598197788939
9.99375,20249.891251075638,-4.4580249834409315e-06,0.00015835266120411992,0.00015835266120411992,1.5993548240039494e-09,-0.08916049966881863
10.0,20249.910700063734,-4.458371950669818e-06,0.00015831595856864364,0.00015831595856864364,1.5978770685167444e-09,-0.08916743901339635
10.006250000000001,20249.824220270857,-4.456829163253312e-06,0.00015828025350773996,0.00015828025350773996,1.596399824396154e-09,-0.08913658326506624
10.012500000000001,20249.63130118183,-4.453387513677679e-06,0.00015824547981284636,0.00015824547981284636,1.5949237210320103e-09,-0.08906775027355358
10.01875,20249.331531022217,-4.448039655938478e-06,0.00015821157153406737,0.00015821157153406737,1.5934493902490255e-09,-0.08896079311876956
10.025,20248.924598383444,-4.440780034553466e-06,0.0001581784630173815,0.0001581784630173815,1.5919774657133112e-09,-0.08881560069106932
10.03125,20248.410293693796,-4.431604910791509e-06,0.00015814608894073866,0.00015814608894073866,1.5905085823302048e-09,-0.0886320982158302
10.037500000000001,20247.78851052685,-4.420512386021601e-06,0.00015811438434914883,0.00015811438434914883,1.5890433756343571e-09,-0.08841024772043202
10.043750000000001,20247.059246744157,-4.407502422091884e-06,0.00015808328468886005,0.00015808328468886005,1.5875824811730646e-09,-0.08815004844183767
10.05,20246.222605465966,-4.3925768586551366e-06,0.0001580527258407191,0.0001580527258407191,1.5861265338838593e-09,-0.08785153717310273
10.05625,20245.27879586732,-4.375739427363694e-06,0.0001580226441528055,0.0001580226441528055,1.5846761674673933e-09,-0.08751478854727389
10.0625,20244.228133794124,-4.356995762864033e-06,0.00015799297647242405,0.00015799297647242405,1.5832320137566798e-09,-0.08713991525728067
10.068750000000001,20243.071042196512,-4.336353410528532e-06,0.00015796366017753935,0.00015796366017753935,1.5817947020837708e-09,-0.08672706821057065
10.075000000000001,20241.808051376476,-4.313821830869736e-06,0.0001579346332077293,0.0001579346332077293,1.5803648586449715e-09,-0.08627643661739472
10.08125,20240.43979904647,-4.289412400590405e-06,0.00015790583409473264,0.00015790583409473264,1.5789431058657076e-09,-0.0857882480118081
10.0875,20238.96703019787,-4.263138410230926e-06,0.00015787720199266102,0.00015787720199266102,1.5775300617661711e-09,-0.08526276820461852
10.09375,20237.390596776455,-4.2350150583841696e-06,0.00015784867670794127,0.00015784867670794127,1.5761263393288848e-09,-0.08470030116768339
10.100000000000001,20235.71145716443,-4.20505944245665e-06,0.00015782019872905134,0.00015782019872905134,1.5747325458693284e-09,-0.084101188849133
10.106250000000001,20233.930675468695,-4.1732905459636374e-06,0.000157791709256108,0.000157791709256108,1.5733492824107756e-09,-0.08346581091927274
10.1125,20232.049420613486,-4.1397292223551404e-06,0.00015776315023036187,0.00015776315023036187,1.5719771430644927e-09,-0.0827945844471028
10.11875,20230.068965240604,-4.104398175378546e-06,0.00015773446436365065,0.00015773446436365065,1.5706167144164458e-09,-0.08208796350757092
10.125,20227.990684414617,-4.06732193599336e-06,0.00015770559516785845,0.00015770559516785845,1.56926857492166e-09,-0.0813464387198672
10.131250000000001,20225.81605413702,-4.0285268358625376e-06,0.0001576764869844255,0.0001576764869844255,1.5679332943073645e-09,-0.08057053671725076
10.137500000000001,20223.546649670596,-3.9880409774543464e-06,0.00015764708501394878,0.00015764708501394878,1.5666114329860484e-09,-0.07976081954908693
10.14375,20221.184143676026,-3.945894200798053e-06,0.0001576173353459108,0.0001576173353459108,1.5653035414795348e-09,-0.07891788401596106
10.15,20218.730304163153,-3.902118046946122e-06,0.00015758718498857098,0.00015758718498857098,1.5640101598551664e-09,-0.07804236093892244
10.15625,20216.186992262603,-3.856745718204609e-06,0.00015755658189904996,0.00015755658189904996,1.562731817175172e-09,-0.07713491436409219
10.162500000000001,20213.556159818545,-3.8098120352028416e-06,0.00015752547501363457,0.00015752547501363457,1.5614690309602636e-09,-0.07619624070405683
10.168750000000001,20210.83984680996,-3.7613533908821935e-06,0.0001574938142783281,0.0001574938142783281,1.5602223066684831e-09,-0.07522706781764386
10.175,20208.040178604064,-3.7114077014926835e-06,0.00015746155067966735,0.00015746155067966735,1.5589921371902925e-09,-0.07422815402985367
10.18125,20205.15936304645,-3.6600143546947016e-06,0.00015742863627582468,0.00015742863627582468,1.5577790023608654e-09,-0.07320028709389403
10.1875,20202.199687396347,-3.607214154871394e-06,0.00015739502422801107,0.00015739502422801107,1.5565833684905051e-09,-0.07214428309742787
10.193750000000001,20199.163515110748,-3.5530492657653574e-06,0.00015736066883219243,0.00015736066883219243,1.5554056879140773e-09,-0.07106098531530715
10.200000000000001,20196.053282485896,-3.497563150561006e-06,0.00015732552555112927,0.00015732552555112927,1.5542463985603008e-09,-0.06995126301122012
10.20625,20192.871495162628,-3.440800509541314e-06,0.00015728955104674666,0.00015728955104674666,1.553105923541704e-09,-0.06881601019082628
10.2125,20189.62072450362,-3.3828072154546547e-06,0.00015725270321283858,0.00015725270321283858,1.5519846707660033e-09,-0.0676561443090931
10.21875,20186.30360384965,-3.3236302467341345e-06,0.00015721494120810815,0.00015721494120810815,1.5508830325696177e-09,-0.0664726049346827
10.225000000000001,20182.922824664518,-3.2633176187178455e-06,0.00015717622548954238,0.00015717622548954238,1.5498013853739798e-09,-0.0652663523743569
10.231250000000001,20179.4811325762,-3.201918313024288e-06,0.00015713651784611735,0.00015713651784611735,1.5487400893652557e-09,-0.06403836626048576
10.2375,20175.981323323424,-3.1394822052424533e-06,0.0001570957814328265,0.0001570957814328265,1.547699488198033e-09,-0.06278964410484907
10.24375,20172.426238617318,-3.0760599911007036e-06,0.00015705398080502277,0.00015705398080502277,1.5466799087234813e-09,-0.061521199822014073
10.25,20168.818761926883,-3.0117031112829173e-06,0.00015701108195306196,0.00015701108195306196,1.5456816607424303e-09,-0.060234062225658344
10.256250000000001,20165.161814198556,-2.9464636750639744e-06,0.00015696705233723135,0.00015696705233723135,1.5447050367837627e-09,-0.05892927350127949
10.262500000000001,20161.458349518896,-2.8803943829398357e-06,0.0001569218609229462,0.0001569218609229462,1.5437503119084495e-09,-0.057607887658796715
10.26875,20157.71135073226,-2.8135484484299355e-06,0.00015687547821619224,0.00015687547821619224,1.542817743539505e-09,-0.05627096896859871
10.275,20153.92382501987,-2.7459795192318215e-06,0.0001568278762991904,0.0001568278762991904,1.5419075713180762e-09,-0.05491959038463643
10.28125,20150.09879945501,-2.677741597909083e-06,0.00015677902886625654,0.00015677902886625654,1.5410200169858198e-09,-0.05355483195818166
10.287500000000001,20146.239316541054,-2.6088889622946824e-06,0.00015672891125982646,0.00015672891125982646,1.540155284293663e-09,-0.052177779245893646
10.293750000000001,20142.348429743735,-2.5394760857919135e-06,0.00015667750050661223,0.00015667750050661223,1.5393135589369797e-09,-0.05078952171583827
10.3,20138.429199028426,-2.4695575577548424e-06,0.00015662477535385475,0.00015662477535385475,1.5384950085171583e-09,-0.049391151155096846
10.30625,20134.48468641159,-2.399188004129191e-06,0.00015657071630563208,0.00015657071630563208,1.5376997825294735e-09,-0.04798376008258382
10.3125,20130.517951537076,-2.328422008533032e-06,0.00015651530565918143,0.00015651530565918143,1.5369280123771153e-09,-0.04656844017066064
10.318750000000001,20126.532047286837,-2.257314033954569e-06,0.00015645852754118922,0.00015645852754118922,1.536179811411173e-09,-0.04514628067909138
10.325000000000001,20122.530015436387,-2.1859183452415743e-06,0.00015640036794399987,0.00015640036794399987,1.5354552749963103e-09,-0.04371836690483148
10.33125,20118.51488236359,-2.114288932553862e-06,0.00015634081476169072,0.00015634081476169072,1.534754480601812e-09,-0.042285778651077244
10.3375,20114.489654821493,-2.0424794359462815e-06,0.00015627985782595792,0.00015627985782595792,1.5340774879176284e-09,-0.04084958871892563
10.34375,20110.457315783457,-1.970543071245526e-06,0.00015621748894175386,0.00015621748894175386,1.5334243389949888e-09,-0.03941086142491052
10.350000000000001,20106.42082036956,-1.8985325573791471e-06,0.00015615370192261386,0.00015615370192261386,1.5327950584111015e-09,-0.03797065114758294
10.356250000000001,20102.383091862896,-1.8265000453099237e-06,0.0001560884926256061,0.0001560884926256061,1.5321896534574096e-09,-0.03653000090619848
10.3625,20098.347017824442,-1.754497048722891e-06,0.0001560218589858359,0.0001560218589858359,1.5316081143508204e-09,-0.03508994097445782
10.36875,20094.315446313904,-1.6825743766062064e-06,0.00015595380105043108,0.00015595380105043108,1.531050414467282e-09,-0.03365148753212413
10.375,20090.291182224617,-1.6107820678603305e-06,0.00015588432101193325,0.00015588432101193325,1.530516510597033e-09,-0.03221564135720661
10.381250000000001,20086.276983738146,-1.5391693280631568e-06,0.00015581342324101483,0.00015581342324101483,1.5300063432208138e-09,-0.030783386561263136
10.387500000000001,20082.275558908095,-1.467784468511132e-06,0.00015574111431843936,0.00015574111431843936,1.5295198368062805e-09,-0.02935568937022264
10.39375,20078.289562376765,-1.3966748476489518e-06,0.00015566740306617913,0.00015566740306617913,1.5290569001238342e-09,-0.027933496952979035
10.4,20074.32159223123,-1.3258868149924025e-06,0.00015559230057760057,0.00015559230057760057,1.5286174265810373e-09,-0.02651773629984805
10.40625,20070.374187006306,-1.2554656576405597e-06,0.0001555158202466251,0.0001555158202466251,1.528201294574757e-09,-0.025109313152811195
10.412500000000001,20066.449822834937,-1.1854555494653859e-06,0.00015543797779576953,0.00015543797779576953,1.527808367860153e-09,-0.023709110989307718
10.418750000000001,20062.550910755825,-1.1158995030578369e-06,0.00015535879130296765,0.00015535879130296765,1.5274384959355897e-09,-0.02231799006115674
10.425,20058.679794177664,-1.0468393245010649e-06,0.0001552782812270712,0.0001552782812270712,1.5270915144425425e-09,-0.020936786490021297
10.43125,20054.83874650601,-9.783155710322868e-07,0.0001551964704319258,0.0001551964704319258,1.5267672455795344e-09,-0.019566311420645736
10.4375,20051.029968934905,-9.103675116459233e-07,0.00015511338420891492,0.00015511338420891492,1.5264654985291329e-09,-0.018207350232918466
10.443750000000001,20047.25558840585,-8.430330906816337e-07,0.00015502905029786214,0.00015502905029786214,1.5261860698970147e-09,-0.016860661813632674
10.450000000000001,20043.51765573618,-7.763488944318228e-07,0.0001549434989061798,0.0001549434989061798,1.5259287441620993e-09,-0.015526977888636455
10.45625,20039.81814391762,-7.103501207942265e-07,0.00015485676272614966,0.00015485676272614966,1.5256932941367413e-09,-0.01420700241588453
10.4625,20036.15894658697,-6.450705519862145e-07,0.00015476887695022005,0.00015476887695022005,1.5254794814359665e-09,-0.01290141103972429
10.46875,20032.541876668827,-5.805425303286159e-07,0.0001546798792842007,0.0001546798792842007,1.5252870569547341e-09,-0.011610850606572317
10.475000000000001,20028.96866519023,-5.167969370981769e-07,0.0001545898099582366,0.0001545898099582366,1.5251157613522099e-09,-0.010335938741963539
10.481250000000001,20025.44096026609,-4.53863174439251e-07,0.00015449871173543986,0.00015449871173543986,1.5249653255420332e-09,-0.00907726348878502
10.4875,20021.960326256594,-3.9176915031680896e-07,0.0001544066299180574,0.0001544066299180574,1.5248354711875728e-09,-0.00783538300633618
10.49375,20018.528243092358,-3.305412664849065e-07,0.00015431361235105305,0.00015431361235105305,1.5247259112011696e-09,-0.00661082532969813
10.5,20015.14610576704,-2.702044094367319e-07,0.00015421970942297995,0.00015421970942297995,1.5246363502463794e-09,-0.005404088188734639
10.506250000000001,20011.81522399495,-2.1078194429477318e-07,0.00015412497406402104,0.00015412497406402104,1.5245664852422407e-09,-0.004215638885895464
10.512500000000001,20008.536822031037,-1.5229571159228508e-07,0.00015402946174107452,0.00015402946174107452,1.5245160058686099e-09,-0.0030459142318457013
10.51875,20005.312038648826,-9.47660268903525e-08,0.00015393323044976184,0.00015393323044976184,1.5244845950716222e-09,-0.0018953205378070502
10.525,20002.14192727459,-3.8211683168037413e-08,0.0001538363407032376,0.0001538363407032376,1.524471929568362e-09,-0.0007642336633607483
10.53125,19999.027456273114,1.7350044083100534e-08,0.00015373885551768057,0.00015373885551768057,1.5244776803498425e-09,0.0003470008816620107
10.537500000000001,19995.96950938045,7.190338913475516e-08,0.00015364084039434835,0.00015364084039434835,1.5245015131814272e-09,0.0014380677826951033
10.543750000000001,19992.968886279927,1.2543408574808867e-07,0.000153542363298079,0.000153542363298079,1.5245430890998448e-09,0.0025086817149617734
10.55,19990.026303316256,1.7792935443568547e-07,0.00015344349463212656,0.00015344349463212656,1.5246020649059823e-09,0.0035585870887137093
10.55625,19987.142394342347,2.2937788734923655e-07,0.0001533443072092199,0.0001533443072092199,1.5246780936526692e-09,0.004587557746984731
10.5625,19984.317711694395,2.7976983088722587e-07,0.00015324487621873776,0.00015324487621873776,1.5247708251266967e-09,0.005595396617744518
10.568750000000001,19981.55272728919,3.2909676612073795e-07,0.00015314527918989702,0.00015314527918989702,1.5248799063243485e-09,0.006581935322414759
10.575000000000001,19978.847833837728,3.773516871388719e-07,0.000153045595950856,0.000153045595950856,1.5250049819197554e-09,0.007547033742777438
10.58125,19976.20334617014,4.2452897741827286e-07,0.0001529459085836381,0.0001529459085836381,1.525145694725416e-09,0.008490579548365457
10.5875,19973.619502664755,4.7062438432375726e-07,0.00015284630137478891,0.00015284630137478891,1.525301686144266e-09,0.009412487686475145
10.59375,19971.096466775973,5.156349918491252e-07,0.00015274686076168298,0.00015274686076168298,1.525472596612713e-09,0.010312699836982504
10.600000000000001,19968.634328655084,5.595591917089615e-07,0.00015264767527440546,0.00015264767527440546,1.5256580660340877e-09,0.01119118383417923
10.606250000000001,19966.233106856627,6.023966528933384e-07,0.00015254883547313904,0.00015254883547313904,1.5258577342020057e-09,0.012047933057866769
10.6125,19963.892750124804,6.44148289798255e-07,0.00015245043388099444,0.00015245043388099444,1.5260712412131648e-09,0.0128829657959651
10.61875,19961.613139253433,6.848162290449644e-07,0.00015235256491223162,0.00015235256491223162,1.5262982278691449e-09,0.013696324580899288
10.625,19959.394089013032,7.244037751013993e-07,0.00015225532479582555,0.00015225532479582555,1.5265383360668127e-09,0.014488075502027986
10.631250000000001,19957.235350138686,7.62915374818442e-07,0.00015215881149434134,0.00015215881149434134,1.5267912091769715e-09,0.01525830749636884
10.637500000000001,19955.136611372687,8.003565809931003e-07,0.0001520631246180912,0.0001520631246180912,1.5270564924109343e-09,0.016007131619862006
10.64375,19953.097501554774,8.3673401506941e-07,0.000151968365334557,0.000151968365334557,1.5273338331747335e-09,0.0167346803013882
10.65,19951.117591755643,8.720553290865524e-07,0.00015187463627307197,0.00015187463627307197,1.527622881410718e-09,0.017441106581731047
10.65625,19949.19639744591,9.063291669817672e-07,0.00015178204142476606,0.00015178204142476606,1.5279232899263243e-09,0.018126583339635346
10.662500000000001,19947.33338069539,9.395651253535638e-07,0.00015169068603779098,0.00015169068603779098,1.5282347147098418e-09,0.018791302507071277
10.668750000000001,19945.52795239707,9.71773713788377e-07,0.00015160067650785264,0.00015160067650785264,1.5285568152330287e-09,0.01943547427576754
10.675,19943.779474509945,1.0029663148511126e-06,0.0001515121202640912,0.0001515121202640912,1.528889254740466e-09,0.020059326297022253
10.68125,19942.08726231466,1.0331551438370957e-06,0.00015142512565036057,0.00015142512565036057,1.5292317005255716e-09,0.020663102876741914
10.6875,19940.45058667808,1.0623532083798768e-06,0.0001513398018019741,0.0001513398018019741,1.529583824193225e-09,0.021247064167597536
10.693750000000001,19938.868676320257,1.0905742680059206e-06,0.00015125625851799393,0.00015125625851799393,1.5299453019089881e-09,0.021811485360118413
10.700000000000001,19937.3407200797,1.1178327937237098e-06,0.0001511746061291576,0.0001511746061291576,1.5303158146349294e-09,0.022356655874474194
10.70625,19935.865869171765,1.1441439277310976e-06,0.00015109495536154763,0.00015109495536154763,1.5306950483520945e-09,0.02288287855462195
10.7125,19934.44323943636,1.1695234433209205e-06,0.000151017417196125,0.000151017417196125,1.5310826942696861e-09,0.02339046886641841
10.71875,19933.071913569933,1.193987705060901e-06,0.000150942102724261,0.000150942102724261,1.5314784490210463e-09,0.02387975410121802
10.725000000000001,19931.750943338124,1.2175536293198278e-06,0.00015086912299941725,0.00015086912299941725,1.5318820148465543e-09,0.024351072586396558
10.731250000000001,19930.47935176513,1.2402386452078563e-06,0.00015079858888513765,0.00015079858888513765,1.5322930997635776e-09,0.024804772904157127
10.7375,19929.25613529671,1.2620606559946363e-06,0.00015073061089953128,0.00015073061089953128,1.532711417723635e-09,0.025241213119892726
10.74375,19928.080265932287,1.283038001064622e-06,0.00015066529905643965,0.00015066529905643965,1.5331366887569505e-09,0.02566076002129244
10.75,19926.95069332478,1.3031894184648369e-06,0.0001506027627034967,0.0001506027627034967,1.5335686391045913e-09,0.026063788369296736
10.756250000000001,19925.866346843395,1.322534008095928e-06,0.00015054311035730427,0.00015054311035730427,1.5340070013384074e-09,0.02645068016191856
10.762500000000001,19924.82613759887,1.3410911955933115e-06,0.00015048644953596138,0.00015048644953596138,1.5344515144689983e-09,0.02682182391186623
10.76875,19923.828960426355,1.3588806969408142e-06,0.0001504328865891985,0.0001504328865891985,1.53490192404195e-09,0.027177613938816285
10.775,19922.873695826387,1.3759224838552449e-06,0.00015038252652638343,0.00015038252652638343,1.5353579822226005e-09,0.027518449677104897
10.78125,19921.95921185946,1.3922367499760896e-06,0.00015033547284267902,0.00015033547284267902,1.5358194478695965e-09,0.02784473499952179
10.787500000000001,19921.084365995055,1.40784387789068e-06,0.00015029182734364633,0.00015029182734364633,1.5362860865975224e-09,0.0281568775578136
10.793750000000001,19920.2480069112,1.4227644070210995e-06,0.00015025168996860006,0.00015025168996860006,1.5367576708288829e-09,0.02845528814042199
10.8,19919.448976245105,1.4370190023954431e-06,0.00015021515861303618,0.00015021515861303618,1.5372339798357364e-09,0.028740380047908864
10.80625,19918.686110293376,1.450628424322271e-06,0.00015018232895046364,0.00015018232895046364,1.5377147997712773e-09,0.029012568486445418
10.8125,19917.958241659973,1.463613498983512e-06,0.00015015329425398352,0.00015015329425398352,1.5381999236916682e-09,0.02927226997967024
10.818750000000001,19917.264200852598,1.4759950899577086e-06,0.0001501281452179706,0.0001501281452179706,1.5386891515684371e-09,0.02951990179915417
10.825000000000001,19916.602817826348,1.4877940706821682e-06,0.0001501069697802223,0.0001501069697802223,1.5391822902917442e-09,0.029755881413643364
10.83125,19915.972923474394,1.4990312978594228e-06,0.00015008985294494932,0.00015008985294494932,1.5396791536648352e-09,0.029980625957188457
10.8375,19915.373351065573,1.5097275858104857e-06,0.00015007687660699204,0.00015007687660699204,1.5401795623899935e-09,0.030194551716209713
10.84375,19914.802937628832,1.5199036817744487e-06,0.00015006811937765338,0.00015006811937765338,1.5406833440463058e-09,0.030398073635488975
10.850000000000001,19914.26052528541,1.5295802421514667e-06,0.00015006365641254715,0.00015006365641254715,1.541190333059553e-09,0.030591604843029335
10.856250000000001,19913.74496252702,1.5387778096834462e-06,0.0001500635592418663,0.0001500635592418663,1.5417003706645374e-09,0.030775556193668924
10.8625,19913.255105443724,1.5475167915646858e-06,0.00015006789560348041,0.00015006789560348041,1.542213304860154e-09,0.030950335831293717
10.86875,19912.789818899048,1.5558174384723676e-06,0.00015007672927927634,0.00015007672927927634,1.5427289903575128e-09,0.03111634876944735
10.875,19912.347977654477,1.5636998245048335e-06,0.00015009011993515842,0.00015009011993515842,1.54324728852141e-09,0.03127399649009667
10.881250000000001,19911.928467443784,1.571183828013808e-06,0.00015010812296512645,0.00015010812296512645,1.5437680673054472e-09,0.031423676560276156
10.887500000000001,19911.530185998647,1.5782891133150473e-06,0.00015013078933985008,0.00015013078933985008,1.5442912011810868e-09,0.03156578226630095
10.89375,19911.152044024835,1.5850351132603225e-06,0.00015015816546015793,0.00015015816546015793,1.5448165710609328e-09,0.03170070226520645
10.9,19910.792966132936,1.5914410126524723e-06,0.00015019029301585713,0.00015019029301585713,1.5453440642165133e-09,0.03182882025304944
10.90625,19910.45189172065,1.5975257324838082e-06,0.00015022720885029647,0.00015022720885029647,1.545873574190838e-09,0.031950514649676166
10.912500000000001,19910.127775812172,1.6033079149774617e-06,0.00015026894483108108,0.00015026894483108108,1.5464050007059992e-09,0.03206615829954924
10.918750000000001,19909.819589852726,1.6088059094100884e-06,0.00015031552772734114,0.00015031552772734114,1.5469382495660727e-09,0.03217611818820177
10.925,19909.526322460115,1.6140377586937296e-06,0.00015036697909394918,0.00015036697909394918,1.5474732325555711e-09,0.03228075517387459
10.93125,19909.246980136486,1.6190211866940993e-06,0.00015042331516307284,0.00015042331516307284,1.5480098673336943e-09,0.03238042373388199
10.9375,19908.980587938622,1.6237735862619129e-06,0.00015048454674343898,0.00015048454674343898,1.5485480773246118e-09,0.03247547172523826
10.943750000000001,19908.726190110257,1.6283120079537036e-06,0.00015055067912767396,0.00015055067912767396,1.5490877916040078e-09,0.03256624015907407
10.950000000000001,19908.482850677272,1.6326531494182473e-06,0.0001506217120080719,0.0001506217120080719,1.5496289447821075e-09,0.03265306298836495
10.95625,19908.249654006362,1.6368133454246176e-06,0.00015069763940112952,0.00015069763940112952,1.550171476883398e-09,0.03273626690849235
10.9625,19908.025705329666,1.6408085585079213e-06,0.00015077844958116888,0.00015077844958116888,1.5507153332232493e-09,0.03281617117015843
10.96875,19907.810131235565,1.6446543702088207e-06,0.00015086412502335412,0.00015086412502335412,1.5512604642816319e-09,0.032893087404176416
10.975000000000001,19907.60208012795,1.6483659728831246e-06,0.00015095464235638913,0.00015095464235638913,1.5518068255741176e-09,0.03296731945766249
10.981250000000001,19907.400722654504,1.6519581620580608e-06,0.00015104997232516442,0.00015104997232516442,1.5523543775203493e-09,0.03303916324116122
10.9875,19907.205252106192,1.6554453293121313e-06,0.0001511500797635999,0.0001511500797635999,1.5529030853101494e-09,0.033108906586242624
10.99375,19907.0148847879,1.6588414556558835e-06,0.00015125492357790914,0.00015125492357790914,1.5534529187674341e-09,0.03317682911311767
11.0,19906.828860362897,1.662160105391454e-06,0.00015136445674048769,0.00015136445674048769,1.5540038522120935e-09,0.03324320210782908
11.006250000000001,19906.646442171223,1.665414420429239e-06,0.00015147862629460323,0.00015147862629460323,1.5545558643199863e-09,0.03330828840858478
11.012500000000001,19906.466917523765,1.6686171150406905e-06,0.0001515973733700413,0.0001515973733700413,1.555108937981197e-09,0.03337234230081381
11.01875,19906.28959797355,1.6717804710268976e-06,0.0001517206332098332,0.0001517206332098332,1.5556630601566899e-09,0.03343560942053795
11.025,19906.113819563696,1.6749163332832005e-06,0.00015184833520816692,0.00015184833520816692,1.5562182217334953e-09,0.03349832666566401
11.03125,19905.938943055524,1.678036105740983e-06,0.00015198040295955292,0.00015198040295955292,1.5567744173785478e-09,0.03356072211481966
11.037500000000001,19905.764354135383,1.6811507476683599e-06,0.00015211675431928942,0.00015211675431928942,1.557331645391301e-09,0.0336230149533672
11.043750000000001,19905.589463603137,1.6842707703124226e-06,0.0001522573014752415,0.0001522573014752415,1.5578899075552269e-09,0.03368541540624845
11.05,19905.41370754239,1.687406233866423e-06,0.00015240195103091998,0.00015240195103091998,1.5584492089883127e-09,0.03374812467732846
11.05625,19905.23654747246,1.690566744746072e-06,0.00015255060409981493,0.00015255060409981493,1.5590095579926526e-09,0.03381133489492144
11.0625,19905.057470485404,1.693761453160089e-06,0.00015270315641090839,0.00015270315641090839,1.5595709659032348e-09,0.033875229063201784
11.068750000000001,19904.8759893658,1.696999050960827e-06,0.00015285949842526114,0.00015285949842526114,1.5601334469360169e-09,0.03393998101921654
11.075000000000001,19904.691642696886,1.7002877697617842e-06,0.00015301951546353593,0.00015301951546353593,1.5606970180353765e-09,0.03400575539523568
11.08125,19904.503994951265,1.7036353793095304e-06,0.00015318308784429015,0.00015318308784429015,1.561261698721023e-09,0.03407270758619061
11.0875,19904.312636568928,1.707049186098562e-06,0.00015335009103283943,0.00015335009103283943,1.5618275109344492e-09,0.03414098372197124
11.09375,19904.117184021597,1.710536032218319e-06,0.00015352039580046308,0.00015352039580046308,1.5623944788850018e-09,0.03421072064436638
11.100000000000001,19903.917279865116,1.714102294422536e-06,0.00015369386839369196,0.00015369386839369196,1.5629626288956426e-09,0.03428204588845072
11.106250000000001,19903.712592779568,1.7177538834118615e-06,0.0001538703707133902,0.0001538703707133902,1.5635319892484723e-09,0.03435507766823723
11.1125,19903.502817598117,1.7214962433215364e-06,0.00015404976050331106,0.00015404976050331106,1.5641025900300847e-09,0.034429924866430726
11.11875,19903.28767532443,1.72533435140666e-06,0.00015423189154778073,0.00015423189154778073,1.5646744629768162e-09,0.0345066870281332
11.125,19903.066913139686,1.7292727179184803e-06,0.00015441661387813403,0.00015441661387813403,1.5652476413199542e-09,0.034585454358369606
11.131250000000001,19902.840304399346,1.7333153861658212e-06,0.0001546037739874997,0.0001546037739874997,1.5658221596309664e-09,0.03466630772331642
11.137500000000001,19902.60764861924,1.7374659327565215e-06,0.0001547932150535068,0.0001547932150535068,1.5663980536668099e-09,0.03474931865513043
11.14375,19902.368771452562,1.741727468014576e-06,0.00015498477716845803,0.00015498477716845803,1.5669753602153779e-09,0.03483454936029152
11.15,19902.12352465649,1.7461026365692965e-06,0.0001551782975764928,0.0001551782975764928,1.5675541169411431e-09,0.03492205273138593
11.15625,19901.87178605016,1.7505936181136002e-06,0.0001553736109172393,0.0001553736109172393,1.5681343622310509e-09,0.035011872362272004
11.162500000000001,19901.6134594621,1.755202128329095e-06,0.00015557054947543385,0.00015557054947543385,1.5687161350407202e-09,0.0351040425665819
11.168750000000001,19901.348474669863,1.7599294199764595e-06,0.00015576894343596686,0.00015576894343596686,1.5692994747410054e-09,0.03519858839952919
11.175,19901.07678732917,1.7647762841500915e-06,0.00015596862114379434,0.00015596862114379434,1.569884420964974e-09,0.03529552568300183
11.18125,19900.79837889488,1.7697430516967477e-06,0.0001561694093681399,0.0001561694093681399,1.570471013455355e-09,0.03539486103393495
11.1875,19900.5132565314,1.7748295947983374e-06,0.00015637113357039502,0.00015637113357039502,1.5710592919125107e-09,0.035496591895966746
11.193750000000001,19900.22145301596,1.780035328719868e-06,0.00015657361817511358,0.00015657361817511358,1.5716492958429902e-09,0.03560070657439736
11.200000000000001,19899.923026630026,1.7853592137237679e-06,0.00015677668684348467,0.00015677668684348467,1.5722410644087142e-09,0.035707184274475355
11.20625,19899.61806104342,1.7907997571526467e-06,0.00015698016274865833,0.00015698016274865833,1.572834636276853e-09,0.035815995143052934
11.2125,19899.30666518781,1.7963550156828854e-06,0.00015718386885229174,0.00015718386885229174,1.5734300494704506e-09,0.03592710031365771
11.21875,19898.988973120322,1.8020225977519715e-06,0.0001573876281816775,0.0001573876281816775,1.5740273412198515e-09,0.03604045195503943
11.225000000000001,19898.66514387797,1.8077996661630351e-06,0.000157591264106812,0.000157591264106812,1.574626547814994e-09,0.0361559933232607
11.231250000000001,19898.335361321166,1.8136829408704069e-06,0.00015779460061676094,0.00015779460061676094,1.5752277044586245e-09,0.036273658817408135
11.2375,19897.999833967653,1.8196687019505221e-06,0.00015799746259467947,0.00015799746259467947,1.5758308451204973e-09,0.03639337403901044
11.24375,19897.65879481458,1.8257527927627936e-06,0.00015819967609084635,0.00015819967609084635,1.5764360023926221e-09,0.03651505585525587
11.25,19897.312501151056,1.8319306233056288e-06,0.00015840106859307774,0.00015840106859307774,1.5770432073456233e-09,0.03663861246611257
11.256250000000001,19896.961234358718,1.8381971737729924e-06,0.00015860146929389118,0.00015860146929389118,1.5776524893862793e-09,0.036763943475459845
11.262500000000001,19896.605299700364,1.8445469983172563e-06,0.00015880070935380075,0.00015880070935380075,1.5782638761163078e-09,0.036890939966345127
11.26875,19896.24502609754,1.8509742290245482e-06,0.00015899862216013435,0.00015899862216013435,1.5788773931924694e-09,0.037019484580490966
11.275,19895.880765895214,1.8574725801089255e-06,0.00015919504358077652,0.00015919504358077652,1.5794930641880614e-09,0.03714945160217851
11.28125,19895.51289461414,1.8640353523321233e-06,0.00015938981221225596,0.00015938981221225596,1.5801109104558766e-09,0.037280707046642464
11.287500000000001,19895.1418106903,1.8706554376558055e-06,0.0001595827696216126,0.0001595827696216126,1.580730950992703e-09,0.03741310875311611
11.293750000000001,19894.767935200016,1.877325324133455e-06,0.00015977376058149778,0.00015977376058149778,1.5813532023054474e-09,0.0375465064826691
11.3,19894.391711572545,1.8840371010493751e-06,0.0001599626332979814,0.0001599626332979814,1.5819776782789595e-09,0.0376807420209875
11.30625,19894.013605287593,1.890782464312329e-06,0.0001601492396305615,0.0001601492396305615,1.5826043900456457e-09,0.03781564928624658
11.3125,19893.63410355799,1.8975527221115376e-06,0.00016033343530389522,0.00016033343530389522,1.5832333458569569e-09,0.03795105444223075
11.318750000000001,19893.253714997994,1.9043388008429706e-06,0.00016051508011079524,0.00016051508011079524,1.583864550956841e-09,0.03808677601685941
11.325000000000001,19892.872969274835,1.9111312513138267e-06,0.0001606940381060615,0.0001606940381060615,1.584498007457251e-09,0.03822262502627653
11.33125,19892.492416745492,1.9179202552333734e-06,0.00016087017779074683,0.00016087017779074683,1.5851337142158059e-09,0.03835840510466747
11.3375,19892.112628076255,1.924695631998206e-06,0.00016104337228648247,0.00016104337228648247,1.5857716667156994e-09,0.03849391263996412
11.34375,19891.734193844793,1.9314468457800524e-06,0.0001612134994995211,0.0001612134994995211,1.5864118569479584e-09,0.03862893691560105
11.350000000000001,19891.357724126403,1.9381630129243954e-06,0.0001613804422741841,0.0001613804422741841,1.5870542732961539e-09,0.038763260258487905
11.356250000000001,19890.983848060714,1.9448329096679137e-06,0.00016154408853543317,0.00016154408853543317,1.58769890042367e-09,0.038896658193358274
11.3625,19890.613213400833,1.951444980182852e-06,0.00016170433142031796,0.00016170433142031796,1.5883457191636387e-09,0.03902889960365704
11.36875,19890.24648604416,1.957987344956347e-06,0.00016186106939808498,0.00016186106939808498,1.5889947064116525e-09,0.03915974689912694
11.375,19889.8843495428,1.9644478095124527e-06,0.00016201420637876638,0.00016201420637876638,1.589645835021368e-09,0.03928895619024905
11.381250000000001,19889.527504595513,1.970813873484659e-06,0.0001621636518101014,0.0001621636518101014,1.590299073703117e-09,0.03941627746969319
11.387500000000001,19889.176668518634,1.977072740046309e-06,0.00016230932076267683,0.00016230932076267683,1.5909543869256415e-09,0.039541454800926176
11.39375,19888.83257469772,1.9832113257063084e-06,0.00016245113400320874,0.00016245113400320874,1.5916117348210788e-09,0.03966422651412617
11.4,19888.49597201675,1.9892162704769874e-06,0.00016258901805591943,0.00016258901805591943,1.5922710730933136e-09,0.03978432540953975
11.40625,19888.16762426735,1.995073948420929e-06,0.00016272290525199998,0.00016272290525199998,1.5929323529298277e-09,0.03990147896841858
11.412500000000001,19887.84830953623,2.0007704785831363e-06,0.00016285273376718138,0.00016285273376718138,1.5935955209171734e-09,0.040015409571662726
11.418750000000001,19887.538819569952,2.006291736314441e-06,0.0001629784476474703,0.0001629784476474703,1.5942605189601983e-09,0.04012583472628882
11.425,19887.239959118182,2.011623364991826e-06,0.00016309999682313938,0.00016309999682313938,1.5949272842051572e-09,0.04023246729983652
11.43125,19886.95254525434,2.0167507881407283e-06,0.00016321733711109312,0.00016321733711109312,1.5955957489668405e-09,0.04033501576281456
11.4375,19886.67740667316,2.021659221963983e-06,0.00016333043020576212,0.00016333043020576212,1.5962658406598556e-09,0.04043318443927966
11.443750000000001,19886.4153829652,2.0263336882814256e-06,0.00016343924365870918,0.00016343924365870918,1.596937481734198e-09,0.04052667376562851
11.450000000000001,19886.167323868696,2.0307590278837427e-06,0.0001635437508471592,0.0001635437508471592,1.5976105896152477e-09,0.04061518055767485
11.45625,19885.934088497223,2.0349199143033854e-06,0.00016364393093169498,0.00016364393093169498,1.59828507664833e-09,0.04069839828606771
11.4625,19885.71654454457,2.038800868004787e-06,0.00016373976880338574,0.00016373976880338574,1.598960850047981e-09,0.04077601736009574
11.46875,19885.515567465685,2.0423862709954065e-06,0.00016383125502064352,0.00016383125502064352,1.5996378118520543e-09,0.04084772541990813
11.475000000000001,19885.332039633802,2.0456603818583124e-06,0.00016391838573612497,0.00016391838573612497,1.600315858880812e-09,0.04091320763716625
11.481250000000001,19885.166849474484,2.0486073512063354e-06,0.00016400116261402106,0.00016400116261402106,1.600994882701137e-09,0.04097214702412671
11.4875,19885.02089057558,2.051211237556864e-06,0.00016407959273809661,0.00016407959273809661,1.601674769596007e-09,0.04102422475113728
11.49375,19884.895060774033,2.05345602362558e-06,0.00016415368851086372,0.00016415368851086372,1.6023554005393698e-09,0.0410691204725116
11.5,19884.790261218906,2.05532563303643e-06,0.0001642234675442898,0.0001642234675442898,1.6030366511765571e-09,0.0411065126607286
11.506250000000001,19884.70739541222,2.0568039474442776e-06,0.00016428895254245847,0.00016428895254245847,1.6037183918103739e-09,0.04113607894888555
11.512500000000001,19884.647368225385,2.0578748240655065e-06,0.00016435017117661608,0.00016435017117661608,1.6044004873929973e-09,0.04115749648131013
11.51875,19884.61108489478,2.058522113611052e-06,0.00016440715595305037,0.00016440715595305037,1.6050827975238208e-09,0.04117044227222104
11.525,19884.599449993966,2.058729678615013e-06,0.0001644599440742586,0.0001644599440742586,1.6057651764533733e-09,0.04117459357230026
11.53125,19884.613366384547,2.058481412151055e-06,0.00016450857729387257,0.00016450857729387257,1.6064474730934413e-09,0.041169628243021096
11.537500000000001,19884.653734146166,2.0577612569276324e-06,0.00016455310176581564,0.00016455310176581564,1.607129531033521e-09,0.04115522513855265
11.543750000000001,19884.721449484914,2.0565532247517808e-06,0.0001645935678881732,0.0001645935678881732,1.6078111885637208e-09,0.04113106449503562
11.55,19884.817403622583,2.054841416350175e-06,0.00016463003014226225,0.00016463003014226225,1.6084922787042353e-09,0.0410968283270035
11.55625,19884.942481666447,2.0526100415348093e-06,0.00016466254692738843,0.00016466254692738843,1.6091726292415013e-09,0.04105220083069619
11.5625,19885.097561459952,2.04984343969937e-06,0.00016469118039177925,0.00016469118039177925,1.6098520627711492e-09,0.0409968687939874
11.568750000000001,19885.28351241649,2.046526100631181e-06,0.00016471599626018273,0.00016471599626018273,1.6105303967478515e-09,0.04093052201262362
11.575000000000001,19885.501194335862,2.042642685622184e-06,0.00016473706365861669,0.00016473706365861669,1.6112074435421692e-09,0.04085285371244368
11.58125,19885.75145620517,2.038178048861146e-06,0.0001647544549367506,0.0001647544549367506,1.6118830105044888e-09,0.04076356097722292
11.5875,19886.035134984955,2.0331172590878895e-06,0.00016476824548839676,0.00016476824548839676,1.6125569000361365e-09,0.04066234518175779
11.59375,19886.35305438215,2.0274456214890756e-06,0.00016477851357057954,0.00016477851357057954,1.61322890966775e-09,0.040548912429781515
11.600000000000001,19886.70602360988,2.021148699813536e-06,0.00016478534012164336,0.00016478534012164336,1.6138988321449802e-09,0.04042297399627072
11.606250000000001,19887.09483613713,2.0142123386839467e-06,0.00016478880857885025,0.00016478880857885025,1.6145664555215895e-09,0.040284246773678936
11.6125,19887.520268428707,2.0066226860801813e-06,0.0001647890046959066,0.0001647890046959066,1.6152315632600004e-09,0.04013245372160363
11.61875,19887.983078676156,1.9983662159682367e-06,0.00016478601636084607,0.00016478601636084607,1.6158939343393467e-09,0.039967324319364735
11.625,19888.48400552326,1.989429751047422e-06,0.00016477993341468259,0.00016477993341468259,1.6165533433710623e-09,0.03978859502094844
11.631250000000001,19889.023766785667,1.9798004855869625e-06,0.00016477084747123206,0.00016477084747123206,1.6172095607220411e-09,0.03959600971173925
11.637500000000001,19889.603058167493,1.969466008321964e-06,0.00016475885173848683,0.00016475885173848683,1.6178623526453854e-09,0.03938932016643928
11.64375,19890.22255197653,1.9584143253772942e-06,0.00016474404084190956,0.00016474404084190956,1.6185114814187512e-09,0.039168286507545884
11.65,19890.882895839197,1.9466338831866207e-06,0.00016472651064999673,0.00016472651064999673,1.6191567054902928e-09,0.038932677663732415
11.65625,19891.58471141828,1.9341135913726383e-06,0.00016470635810244362,0.00016470635810244362,1.6197977796321887e-09,0.03868227182745276
11.662500000000001,19892.328593134458,1.9208428455532288e-06,0.00016468368104122441,0.00016468368104122441,1.6204344551017282e-09,0.03841685691106458
11.668750000000001,19893.11510689412,1.9068115500371232e-06,0.00016465857804488196,0.00016465857804488196,1.62106647980992e-09,0.03813623100074246
11.675,19893.9447888257,1.8920101403714762e-06,0.0001646311482663022,0.0001646311482663022,1.6216935984975748e-09,0.03784020280742952
11.68125,19894.818144025696,1.8764296057026243e-06,0.0001646014912742288,0.0001646014912742288,1.6223155529187989e-09,0.03752859211405248
11.6875,19895.7356453184,1.8600615109103348e-06,0.0001645697068987534,0.0001645697068987534,1.6229320820318249e-09,0.0372012302182067
11.693750000000001,19896.697732030214,1.8428980184747958e-06,0.0001645358950809967,0.0001645358950809967,1.6235429221970899e-09,0.036857960369495915
11.700000000000001,19897.704808781047,1.8249319100346737e-06,0.00016450015572717555,0.00016450015572717555,1.6241478073824597e-09,0.036498638200693476
11.70625,19898.75724429533,1.8061566075937138e-06,0.00016446258856723074,0.00016446258856723074,1.6247464693754821e-09,0.03612313215187427
11.7125,19899.855370236117,1.786566194332654e-06,0.0001644232930181711,0.0001644232930181711,1.6253386380025373e-09,0.03573132388665308
11.71875,19900.999480062386,1.766155434982389e-06,0.00016438236805226816,0.00016438236805226816,1.625924041354743e-09,0.03532310869964778
11.725000000000001,19902.189827914674,1.7449197957138482e-06,0.00016433991207021696,0.00016433991207021696,1.6265024060204505e-09,0.034898395914276965
11.731250000000001,19903.426627529196,1.7228554634993994e-06,0.00016429602277935962,0.00016429602277935962,1.627073457324159e-09,0.03445710926998799
11.7375,19904.710051185386,1.6999593649003105e-06,0.0001642507970770482,0.0001642507970770482,1.627636919571657e-09,0.03399918729800621
11.74375,19906.040228687103,1.676229184234345e-06,0.00016420433093920623,0.00016420433093920623,1.628192516301186e-09,0.0335245836846869
11.75,19907.417246381552,1.6516633810773884e-06,0.00016415671931412933,0.00016415671931412933,1.6287399705404035e-09,0.03303326762154777
11.756250000000001,19908.841146218558,1.6262612070529834e-06,0.0001641080560215487,0.0001641080560215487,1.6292790050689134e-09,0.03252522414105967
11.762500000000001,19910.311924851358,1.6000227218634716e-06,0.00016405843365696423,0.00016405843365696423,1.6298093426861083e-09,0.032000454437269434
11.76875,19911.829532783817,1.5729488085167858e-06,0.0001640079435012381,0.0001640079435012381,1.630330706484059e-09,0.03145897617033572
11.775,19913.3938735638,1.5450411877029453e-06,0.00016395667543542378,0.00016395667543542378,1.6308428201251703e-09,0.030900823754058906
11.78125,19915.004803028074,1.5163024312748883e-06,0.00016390471786079192,0.00016390471786079192,1.6313454081243034e-09,0.030326048625497766
11.787500000000001,19916.662128599033,1.4867359747886253e-06,0.00016385215762399952,0.00016385215762399952,1.6318381961350568e-09,0.029734719495772506
11.793750000000001,19918.36560863743,1.456346129058408e-06,0.00016379907994733655,0.00016379907994733655,1.6323209112398748e-09,0.029126922581168162
11.8,19920.114951851527,1.425138090683287e-06,0.00016374556836397145,0.00016374556836397145,1.632793282243648e-09,0.02850276181366574
11.80625,19921.909816767988,1.393117951502462e-06,0.0001636917046581063,0.0001636917046581063,1.6332550399704449e-09,0.027862359030049237
11.8125,19923.74981126371,1.3602927069377105e-06,0.00016363756880994116,0.00016363756880994116,1.6337059175630109e-09,0.02720585413875421
11.818750000000001,19925.634492162844,1.3266702631824434e-06,0.00016358323894533714,0.00016358323894533714,1.634145650784649e-09,0.02653340526364887
11.825000000000001,19927.56336490099,1.292259443198278e-06,0.0001635287912900609,0.0001635287912900609,1.6345739783230888e-09,0.02584518886396556
11.83125,19929.535883257646,1.2570699914813363e-06,0.00016347430012848244,0.00016347430012848244,1.6349906420959337e-09,0.025141399829626727
11.8375,19931.551449160328,1.2211125775622533e-06,0.00016341983776659326,0.00016341983776659326,1.635395387557271e-09,0.024422251551245066
11.84375,19933.609412560967,1.1843987982054367e-06,0.0001633654744992048,0.0001633654744992048,1.6357879640050086e-09,0.023687975964108734
11.850000000000001,19935.7090713878,1.146941178275147e-06,0.00016331127858118153,0.00016331127858118153,1.6361681248884993e-09,0.02293882356550294
11.856250000000001,19937.849671572927,1.1087531702378469e-06,0.00016325731620255897,0.00016325731620255897,1.6365356281160012e-09,0.022175063404756938
11.8625,19940.03040715815,1.0698491522724684e-06,0.0001632036514673924,0.0001632036514673924,1.63689023636151e-09,0.021396983045449368
11.86875,19942.250420480876,1.0302444249625927e-06,0.00016315034637618,0.00016315034637618,1.6372317173704962e-09,0.020604888499251853
11.875,19944.508802439716,9.899552065467718e-07,0.00016309746081170074,0.00016309746081170074,1.637559844264068e-09,0.019799104130935438
11.881250000000001,19946.804592843433,9.489986267059738e-07,0.00016304505252810695,0.00016304505252810695,1.6378743958410746e-09,0.018979972534119476
11.887500000000001,19949.136780841432,9.073927188695464e-07,0.00016299317714310978,0.00016299317714310978,1.6381751568776585e-09,0.01814785437739093
11.89375,19951.504305439805,8.651564110241335e-07,0.00016294188813309582,0.00016294188813309582,1.6384619184237627e-09,0.01730312822048267
11.9,19953.90605610045,8.223095150126094e-07,0.000162891236831014,0.000162891236831014,1.6387344780960907e-09,0.016446190300252187
11.90625,19956.340873426474,7.788727143132597e-07,0.0001628412724268727,0.0001628412724268727,1.638992640367015e-09,0.015577454286265193
11.912500000000001,19958.80754993278,7.348675502924936e-07,0.0001627920419706882,0.0001627920419706882,1.6392362168489302e-09,0.014697351005849872
11.918750000000001,19961.30483090224,6.903164069274894e-07,0.0001627435903777285,0.0001627435903777285,1.639465026573541e-09,0.013806328138549788
11.925,19963.8314153279,6.452424939985343e-07,0.00016269596043589927,0.00016269596043589927,1.6396788962655797e-09,0.012904849879970686
11.93125,19966.385956941194,5.99669828754178e-07,0.00016264919281512024,0.00016264919281512024,1.6398776606104478e-09,0.01199339657508356
11.9375,19968.96706532388,5.536232160555734e-07,0.00016260332607854664,0.00016260332607854664,1.6400611625152737e-09,0.011072464321111468
11.943750000000001,19971.573307106857,5.071282270101592e-07,0.00016255839669549125,0.00016255839669549125,1.6402292533628908e-09,0.010142564540203184
11.950000000000001,19974.203207251026,4.6021117610809495e-07,0.00016251443905590927,0.00016251443905590927,1.6403817932582363e-09,0.0092042235221619
11.95625,19976.855250412216,4.12899096878592e-07,0.00016247148548631163,0.00016247148548631163,1.640518651266681e-09,0.00825798193757184
11.9625,19979.527882387356,3.652197160868732e-07,0.00016242956626697698,0.00016242956626697698,1.6406397056438065e-09,0.007304394321737464
11.96875,19982.21951164136,3.172014264960937e-07,0.00016238870965033886,0.00016238870965033886,1.6407448440561553e-09,0.0063440285299218736
11.975000000000001,19984.92851091277,2.6887325822226924e-07,0.00016234894188042867,0.00016234894188042867,1.6408339637924844e-09,0.005377465164445385
11.981250000000001,19987.653218896838,2.2026484871387016e-07,0.00016231028721326146,0.00016231028721326146,1.64090697196507e-09,0.004405296974277403
11.9875,19990.391942002516,1.714064113913173e-07,0.0001622727679380563,0.0001622727679380563,1.640963785700617e-09,0.0034281282278263462
11.99375,19993.14295618462,1.2232870298546316e-07,0.0001622364043991896,0.0001622364043991896,1.6410043323203426e-09,0.002446574059709263
12.0,19995.904508844025,7.306298961740988e-08,0.00016220121501878492,0.00016220121501878492,1.641028549508817e-09,0.0014612597923481976
