t_adimensional,p_outlet_Pa,q_outlet_m3s,w_centro_m,w_max_m,volume_acumulado_m3,potencia_W
0.0,4989.666839204002,7.081687804100791e-07,2.4333191124395297e-08,2.433319112439532e-08,4.694540126742882e-13,0.003540843902050396
0.0125,4979.588976052906,1.398841092286096e-06,7.292004797486083e-08,7.29200479748609e-08,1.3967634084473154e-12,0.00699420546143048
0.025,4969.795745001351,2.0700065397537198e-06,1.4568253250580212e-07,1.4568253250580225e-07,2.768996840972649e-12,0.010350032698768599
0.037500000000000006,4960.2928358823365,2.7212751779955625e-06,2.4254411991518835e-07,2.4254411991518857e-07,4.572964464568234e-12,0.013606375889977812
0.05,4951.077303090832,3.352848879976177e-06,3.6342978239047866e-07,3.6342978239047893e-07,6.795610257685305e-12,0.016764244399880886
0.0625,4942.144541261523,3.96504326797854e-06,5.082659647806598e-07,5.082659647806601e-07,9.424087428765644e-12,0.0198252163398927
0.07500000000000001,4933.490424344364,4.558141115078939e-06,6.769805626361407e-07,6.769805626361411e-07,1.2445736640088328e-11,0.022790705575394695
0.08750000000000001,4925.111450646397,5.132382404978104e-06,8.695029033208749e-07,8.695029033208752e-07,1.584805764215321e-11,0.02566191202489052
0.1,4917.004432808682,5.687985578827956e-06,1.0857637286809825e-06,1.0857637286809831e-06,1.9618694992853714e-11,0.02843992789413978
0.1125,4909.166270505496,6.225163113155505e-06,1.3256951781594448e-06,1.3256951781594454e-06,2.3745434103451792e-11,0.031125815565777523
0.125,4901.593868166519,6.7441271585724e-06,1.5892307719550691e-06,1.58923077195507e-06,2.8216201022524517e-11,0.033720635792862004
0.1375,4894.2841300466835,7.245089877631275e-06,1.876305394201629e-06,1.8763053942016296e-06,3.301906244387991e-11,0.036225449388156375
0.15000000000000002,4887.2339746686275,7.728262455093978e-06,2.18685527623758e-06,2.186855276237581e-06,3.814222505836711e-11,0.038641312275469894
0.1625,4880.440344863808,8.193854409760256e-06,2.520817980015215e-06,2.520817980015216e-06,4.3574034449489086e-11,0.04096927204880128
0.17500000000000002,4873.9002105218915,8.64207340601453e-06,2.8781323816624794e-06,2.87813238166248e-06,4.9302973864087335e-11,0.043210367030072645
0.1875,4867.610567518399,9.073125327339875e-06,3.258738655192043e-06,3.258738655192043e-06,5.5317663031759933e-11,0.04536562663669937
0.2,4861.5684357836035,9.48721440866274e-06,3.662578256348011e-06,3.6625782563480113e-06,6.160685707201257e-11,0.0474360720433137
0.21250000000000002,4855.770857676131,9.884543347823806e-06,4.089593906582182e-06,4.089593906582184e-06,6.8159445475305e-11,0.04942271673911903
0.225,4850.214896765061,1.0265313389013744e-05,4.53972957715375e-06,4.539729577153751e-06,7.496445113940813e-11,0.05132656694506872
0.23750000000000002,4844.897636865621,1.0629724388905156e-05,5.012930473347582e-06,5.012930473347582e-06,8.201102944960082e-11,0.05314862194452578
0.25,4839.816181241059,1.0977974871305562e-05,5.5091430188070525e-06,5.5091430188070525e-06,8.928846739509677e-11,0.05488987435652781
0.2625,4834.96765197048,1.1310262070518757e-05,6.028314839978181e-06,6.028314839978181e-06,9.678618271421628e-11,0.05655131035259379
0.275,4830.349189484431,1.1626781963152145e-05,6.570394750662689e-06,6.570394750662689e-06,1.0449372306064346e-10,0.05813390981576073
0.28750000000000003,4825.957952239232,1.1927729290449792e-05,7.135332736678206e-06,7.135332736678206e-06,1.1240076518448825e-10,0.05963864645224896
0.30000000000000004,4821.7911164720235,1.2213297575058565e-05,7.72307994062426e-06,7.72307994062426e-06,1.2049711412446305e-10,0.06106648787529282
0.3125,4817.845875980162,1.2483679136166975e-05,8.333588646752711e-06,8.333588646752711e-06,1.2877270241009493e-10,0.062418395680834876
0.325,4814.119441885291,1.2739065105671242e-05,8.96681226594097e-06,8.96681226594097e-06,1.3721758927465466e-10,0.0636953255283562
0.3375,4810.609042366672,1.2979645446443968e-05,9.62270532076572e-06,9.62270532076572e-06,1.458219598801962e-10,0.06489822723221984
0.35000000000000003,4807.311922365052,1.3205608972632915e-05,1.0301223430673462e-05,1.0301223430673462e-05,1.5457612455605243e-10,0.06602804486316458
0.36250000000000004,4804.225343265251,1.3417143371415462e-05,1.1002323297241458e-05,1.1002323297241458e-05,1.6347051805175243e-10,0.06708571685707732
0.375,4801.346582565705,1.3614435225640907e-05,1.1725962689516576e-05,1.1725962689516576e-05,1.7249569880494839e-10,0.06807217612820454
0.3875,4798.672933539743,1.3797670037052424e-05,1.2472100429407214e-05,1.2472100429407214e-05,1.8164234822473672e-10,0.06898835018526212
0.4,4796.201704888424,1.39670322500716e-05,1.3240696377078027e-05,1.3240696377078027e-05,1.9090126999074626e-10,0.069835161250358
0.41250000000000003,4793.93022038287,1.4122705276320945e-05,1.4031711416247101e-05,1.4031711416247101e-05,2.0026338936848273e-10,0.07061352638160473
0.42500000000000004,4791.855818492199,1.4264871520108994e-05,1.4845107439188977e-05,1.4845107439188977e-05,2.0971975254156764e-10,0.07132435760054497
0.4375,4789.97585199562,1.439371240502695e-05,1.56808473310678e-05,1.56808473310678e-05,2.1926152596160842e-10,0.07196856202513476
0.45,4788.287687578043,1.4509408401653468e-05,1.6538894952900663e-05,1.6538894952900663e-05,2.2887999571643425e-10,0.07254704200826734
0.4625,4786.788705412257,1.4612139056194602e-05,1.741921512188144e-05,1.741921512188144e-05,2.38566566917318e-10,0.073060695280973
0.47500000000000003,4785.476298732074,1.4702083019748034e-05,1.8321773586822035e-05,1.8321773586822035e-05,2.483127631055975e-10,0.07351041509874016
0.48750000000000004,4784.347873401425,1.4779418077805731e-05,1.9246536994852107e-05,1.9246536994852107e-05,2.581102256788545e-10,0.07389709038902866
0.5,4783.400847486523,1.4844321179606921e-05,2.0193472842910786e-05,2.0193472842910786e-05,2.679507133365524e-10,0.0742216058980346
0.5125000000000001,4782.632650834338,1.4896968467014613e-05,2.1162549403475054e-05,2.1162549403475054e-05,2.7782610154481636e-10,0.07448484233507306
0.525,4782.040724661225,1.4937535302694359e-05,2.2153735607739943e-05,2.2153735607739943e-05,2.877283820198932e-10,0.07468767651347179
0.5375,4781.622521153594,1.4966196297500184e-05,2.31670008602485e-05,2.31670008602485e-05,2.9764966222976635e-10,0.07483098148750092
0.55,4781.375503079486,1.4983125337096974e-05,2.4202314745734697e-05,2.4202314745734697e-05,3.0758216491341876e-10,0.07491562668548488
0.5625,4781.297143408988,1.4988495607955183e-05,2.5259646570517602e-05,2.5259646570517602e-05,3.1751822761732804e-10,0.07494247803977591
0.5750000000000001,4781.384924941175,1.498247962293116e-05,2.6338964655951863e-05,2.6338964655951863e-05,3.274503022489192e-10,0.0749123981146558
0.5875,4781.636339933227,1.4965249246689675e-05,2.74402352690986e-05,2.74402352690986e-05,3.3737095464687025e-10,0.07482624623344837
0.6000000000000001,4782.048889727796,1.4936975721233534e-05,2.8563421035201394e-05,2.8563421035201394e-05,3.472728641683419e-10,0.07468487860616767
0.6125,4782.6200843752595,1.4897829691781884e-05,2.9708478627702573e-05,2.9708478627702573e-05,3.5714882329336183e-10,0.07448914845890942
0.625,4783.347442248659,1.4847981233190175e-05,3.087535547548358e-05,3.087535547548358e-05,3.6699173724672374e-10,0.07423990616595087
0.6375000000000001,4784.228489648,1.4787599877039026e-05,3.206398516635785e-05,3.206398516635785e-05,3.767946236378434e-10,0.07393799938519513
0.65,4785.260760394571,1.4716854639447202e-05,3.3274281165116424e-05,3.3274281165116424e-05,3.8655061211905263e-10,0.07358427319723601
0.6625000000000001,4786.44179541488,1.4635914049595446e-05,3.450612841036834e-05,3.450612841036834e-05,3.9625294406280177e-10,0.07317957024797724
0.675,4787.769142314862,1.4544946178892321e-05,3.575937231605333e-05,3.575937231605333e-05,4.0589497225819686e-10,0.0727247308944616
0.6875,4789.2403549467,1.4444118670677175e-05,3.703380469186572e-05,3.703380469186572e-05,4.1547016062722723e-10,0.07222059335338588
0.7000000000000001,4790.852992968874,1.4333598770342004e-05,3.832914612427591e-05,3.832914612427591e-05,4.2497208396096097e-10,0.07166799385171002
0.7125,4792.604621402867,1.4213553355762802e-05,3.964502443889121e-05,3.964502443889121e-05,4.3439442767591413e-10,0.071067766778814
0.7250000000000001,4794.492810185039,1.4084148967957383e-05,4.098094900663811e-05,4.098094900663811e-05,4.4373098759074304e-10,0.07042074483978691
0.7375,4796.515133717141,1.3945551841925137e-05,4.233628086831548e-05,4.233628086831548e-05,4.52975669723381e-10,0.06972775920962569
0.75,4798.669170413494,1.379792793766622e-05,4.371019893654867e-05,4.371019893654867e-05,4.6212249010873763e-10,0.0689896396883311
0.7625000000000001,4800.952502245275,1.364144297141657e-05,4.510166288556957e-05,4.510166288556957e-05,4.711655746371047e-10,0.06820721485708285
0.775,4803.362714280697,1.3476262447165582e-05,4.6509373742945424e-05,4.6509373742945424e-05,4.800991589134551e-10,0.06738131223582791
0.7875000000000001,4805.897394219625,1.3302551688541261e-05,4.79317336289488e-05,4.79317336289488e-05,4.889175881378788e-10,0.06651275844270631
0.8,4808.554131921705,1.3120475871153453e-05,4.936680651492415e-05,4.936680651492415e-05,4.976153170074604e-10,0.06560237935576727
0.8125,4811.330518926573,1.2930200055480274e-05,5.0812282250482644e-05,5.0812282250482644e-05,5.061869096399562e-10,0.06465100027740137
0.8250000000000001,4814.224147964833,1.273188922037013e-05,5.22654463951352e-05,5.22654463951352e-05,5.146270395196808e-10,0.06365944610185065
0.8375,4817.232612459791,1.2525708297215274e-05,5.372315853782046e-05,5.372315853782046e-05,5.229304894660485e-10,0.06262854148607637
0.8500000000000001,4820.353506017881,1.2311822204837617e-05,5.518184175809923e-05,5.518184175809923e-05,5.310921516252395e-10,0.06155911102418808
0.8625,4823.584421909297,1.2090395885116133e-05,5.663748564717152e-05,5.663748564717152e-05,5.391070274854854e-10,0.060451979425580664
0.875,4826.922952536631,1.1861594339380129e-05,5.8085664853201326e-05,5.8085664853201326e-05,5.469702279164789e-10,0.05930797169690064
0.8875000000000001,4830.3666888925845,1.1625582665594097e-05,5.952157445160994e-05,5.952157445160994e-05,5.546769732334349e-10,0.05812791332797049
0.9,4833.913220005087,1.1382526096367493e-05,6.094008259673561e-05,6.094008259673561e-05,5.622225932863483e-10,0.056912630481837465
0.9125000000000001,4837.560132370192,1.113259003783406e-05,6.23357999373898e-05,6.23357999373898e-05,5.696025275750254e-10,0.0556629501891703
0.925,4841.305009371031,1.0875940109458527e-05,6.370316424399103e-05,6.370316424399103e-05,5.768123253905037e-10,0.05437970054729264
0.9375,4845.145430682729,1.0612742184841035e-05,6.50365376797592e-05,6.50365376797592e-05,5.838476459835215e-10,0.05306371092420518
0.9500000000000001,4849.078971660997,1.0343162433599395e-05,6.633031323787995e-05,6.633031323787995e-05,5.907042587607516e-10,0.05171581216799698
0.9625,4853.10320271407,1.0067367364415745e-05,6.757902614121934e-05,6.757902614121934e-05,5.973780435095714e-10,0.05033683682207873
0.9750000000000001,4857.215688656485,9.785523869336637e-06,6.877746552869236e-05,6.877746552869236e-05,6.038649906522003e-10,0.04892761934668319
0.9875,4861.413988042917,9.49779926941488e-06,6.992078157983267e-05,6.992078157983267e-05,6.101612015300927e-10,0.0474889963470744
1.0,4865.695652481514,9.204361361779152e-06,7.100458337759333e-05,7.100458337759333e-05,6.162628887195353e-10,0.04602180680889576
1.0125,4870.05822592486,8.90537846821472e-06,7.202502327152878e-05,7.202502327152878e-05,6.221663763794484e-10,0.0445268923410736
1.0250000000000001,4874.499243937936,8.60101948533793e-06,7.297886424392877e-05,7.297886424392877e-05,6.278681006324485e-10,0.043005097426689655
1.0375,4879.016232941752,8.291453936449098e-06,7.386352774062706e-05,7.386352774062706e-05,6.333646099802851e-10,0.04145726968224549
1.05,4883.606709430485,7.976852025154876e-06,7.467712052857005e-05,7.467712052857005e-05,6.386525657548244e-10,0.03988426012577438
1.0625,4888.268179162003,7.657384690862112e-06,7.541844029642131e-05,7.541844029642131e-05,6.437287426058206e-10,0.03828692345431056
1.075,4892.9981363192055,7.33322366626052e-06,7.608696083408774e-05,7.608696083408774e-05,6.48590029026793e-10,0.0366661183313026
1.0875000000000001,4897.7940626399795,7.004541536930674e-06,7.668279863118566e-05,7.668279863118566e-05,6.532334279204179e-10,0.03502270768465337
1.1,4902.653426514377,6.671511803236397e-06,7.720666355697512e-05,7.720666355697512e-05,6.576560572049503e-10,0.03335755901618198
1.1125,4907.573682045378,6.334308944684618e-06,7.765979687899218e-05,7.765979687899218e-05,6.618551504633101e-10,0.03167154472342309
1.125,4912.552268070704,5.993108486961823e-06,7.804390022098819e-05,7.804390022098819e-05,6.658280576366076e-10,0.029965542434809114
1.1375,4917.586607142302,5.648087071882385e-06,7.836105915214792e-05,7.836105915214792e-05,6.695722457640389e-10,0.028240435359411925
1.1500000000000001,4922.67410445923,5.299422530511057e-06,7.86136649588121e-05,7.86136649588121e-05,6.730852997712549e-10,0.026497112652555287
1.1625,4927.812146750289,4.947293959749765e-06,7.880433781352464e-05,7.880433781352464e-05,6.763649233095009e-10,0.024736469798748825
1.175,4932.998101101269,4.591881802708039e-06,7.893585407188159e-05,7.893585407188159e-05,6.79408939648034e-10,0.022959409013540193
1.1875,4938.229313721836,4.233367933208334e-06,7.901107984864817e-05,7.901107984864817e-05,6.822152926225615e-10,0.02116683966604167
1.2000000000000002,4943.503108646554,3.871935744813107e-06,7.90329124042358e-05,7.90329124042358e-05,6.847820476426952e-10,0.019359678724065535
1.2125000000000001,4948.816786363684,3.507770244801584e-06,7.900423025950683e-05,7.900423025950683e-05,6.871073927617049e-10,0.01753885122400792
1.225,4954.167622364608,3.141058153571839e-06,7.892785239138241e-05,7.892785239138241e-05,6.891896398121661e-10,0.015705290767859197
1.2375,4959.552865606706,2.771988009999836e-06,7.880650637383273e-05,7.880650637383273e-05,6.910272256114524e-10,0.01385994004999918
1.25,4964.9697368802645,2.4007502833529333e-06,7.864280493728687e-05,7.864280493728687e-05,6.926187132414159e-10,0.012003751416764666
1.2625000000000002,4970.4154270699855,2.02753749243189e-06,7.843923013225982e-05,7.843923013225982e-05,6.939627934070489e-10,0.010137687462159449
1.2750000000000001,4975.887095300087,1.6525443327045766e-06,7.819812409857896e-05,7.819812409857896e-05,6.95058285879424e-10,0.008262721663522883
1.2875,4981.381866949816,1.2759678122966664e-06,7.79216853510719e-05,7.79216853510719e-05,6.95904141028784e-10,0.0063798390614833314
1.3,4986.8968315257725,8.980073978213242e-07,7.761196948187112e-05,7.761196948187112e-05,6.964994414543045e-10,0.004490036989106621
1.3125,4992.429040374078,5.188651711612487e-07,7.727089323164183e-05,7.727089323164183e-05,6.968434037177886e-10,0.0025943258558062433
1.3250000000000002,4997.975504214683,1.3874599846343823e-07,7.690024097927558e-05,7.690024097927558e-05,6.96935380189391e-10,0.0006937299923171911
1.3375000000000001,5003.533190476386,-2.4214228723120204e-07,7.650167282498238e-05,7.650167282498238e-05,6.967748610144099e-10,-0.0012107114361560101
1.35,5009.099020409838,-6.235886881254225e-07,7.607673358036566e-05,7.607673358036566e-05,6.963614762112431e-10,-0.0031179434406271122
1.3625,5014.669865952183,-1.0053788267854981e-06,7.562686211884251e-05,7.562686211884251e-05,6.956949979117918e-10,-0.00502689413392749
1.375,5020.242546314284,-1.3872947122645167e-06,7.515340067158667e-05,7.515340067158667e-05,6.947753427569044e-10,-0.006936473561322583
1.3875000000000002,5025.813824259531,-1.7691144850562877e-06,7.465760377192199e-05,7.465760377192199e-05,6.936025744608933e-10,-0.008845572425281438
1.4000000000000001,5031.380402038846,-2.150612138522811e-06,7.414064665135181e-05,7.414064665135181e-05,6.921769065607199e-10,-0.010753060692614056
1.4125,5036.938916945947,-2.5315572142771907e-06,7.360363297195459e-05,7.360363297195459e-05,6.904987053671164e-10,-0.012657786071385953
1.425,5042.4859364541935,-2.9117144688834058e-06,7.304760184317006e-05,7.304760184317006e-05,6.885684931366541e-10,-0.014558572344417028
1.4375,5048.01795289522,-3.2908435091767826e-06,7.247353411764927e-05,7.247353411764927e-05,6.863869514855642e-10,-0.016454217545883915
1.4500000000000002,5053.531377641051,-3.6686983935405643e-06,7.188235799313816e-05,7.188235799313816e-05,6.83954925067876e-10,-0.01834349196770282
1.4625000000000001,5059.022534752852,-4.045027196626326e-06,7.127495396788567e-05,7.127495396788567e-05,6.812734255421087e-10,-0.02022513598313163
1.475,5064.48765406395,-4.419571535314389e-06,7.06521592083876e-05,7.06521592083876e-05,6.783436358522088e-10,-0.022097857676571943
1.4875,5069.922863672647,-4.792066054213409e-06,7.001477139277001e-05,7.001477139277001e-05,6.751669148495574e-10,-0.023960330271067046
1.5,5075.3241818304505,-5.162237869736243e-06,6.936355209282912e-05,6.936355209282912e-05,6.717448022835057e-10,-0.025811189348681214
1.5125000000000002,5080.687508226558,-5.529805972802669e-06,6.86992297543576e-05,6.86992297543576e-05,6.68079024187867e-10,-0.027649029864013346
1.5250000000000001,5086.008614689285,-5.894480591545602e-06,6.802250233020196e-05,6.802250233020196e-05,6.641714986898785e-10,-0.029472402957728013
1.5375,5091.283135347396,-6.255962517068567e-06,6.733403961447595e-05,6.733403961447595e-05,6.600243422661272e-10,-0.031279812585342834
1.55,5096.506556327441,-6.6139423973401945e-06,6.663448532016472e-05,6.663448532016472e-05,6.556398764665617e-10,-0.03306971198670097
1.5625,5101.674205095073,-6.968100006726499e-06,6.592445893642796e-05,6.592445893642796e-05,6.510206351227408e-10,-0.034840500033632496
1.5750000000000002,5106.781239590985,-7.318103501445019e-06,6.520455739649172e-05,6.520455739649172e-05,6.461693720496501e-10,-0.03659051750722509
1.5875000000000001,5111.822637357505,-7.66360867434766e-06,6.447535658223025e-05,6.447535658223025e-05,6.410890692415333e-10,-0.0383180433717383
1.6,5116.7931848999915,-8.00425822584733e-06,6.373741268740663e-05,6.373741268740663e-05,6.35782945551035e-10,-0.04002129112923665
1.6125,5121.687467582588,-8.339681071414377e-06,6.299126345803885e-05,6.299126345803885e-05,6.30254465827413e-10,-0.04169840535707188
1.625,5126.499860409056,-8.669491709772113e-06,6.223742932542771e-05,6.223742932542771e-05,6.245073504735813e-10,-0.04334745854886057
1.6375000000000002,5131.224520095155,-8.993289679573931e-06,6.147641444495275e-05,6.147641444495275e-05,6.185455853633297e-10,-0.04496644839786965
1.6500000000000001,5135.855378887298,-9.310659135779058e-06,6.0708707651738005e-05,6.0708707651738005e-05,6.123734320393679e-10,-0.04655329567889529
1.6625,5140.386140627444,-9.621168579965237e-06,5.993478334264091e-05,5.993478334264091e-05,6.0599543809015e-10,-0.04810584289982619
1.675,5144.8102795985615,-9.924370781212708e-06,5.9155102292662444e-05,5.9155102292662444e-05,5.994164475791452e-10,-0.04962185390606354
1.6875,5149.121042708328,-1.0219802925741812e-05,5.837011241276161e-05,5.837011241276161e-05,5.926416113749119e-10,-0.05109901462870906
1.7000000000000002,5153.311455574221,-1.050698703396522e-05,5.758024945513818e-05,5.758024945513818e-05,5.856763972047032e-10,-0.0525349351698261
1.7125000000000001,5157.374333063525,-1.078543068281511e-05,5.678593767128819e-05,5.678593767128819e-05,5.785265992292319e-10,-0.05392715341407555
1.725,5161.302294806517,-1.1054628068944527e-05,5.598759042750676e-05,5.598759042750676e-05,5.711983469126265e-10,-0.05527314034472264
1.7375,5165.0877861474955,-1.1314061444538431e-05,5.518561078199027e-05,5.518561078199027e-05,5.636981129405693e-10,-0.05657030722269216
1.75,5168.723104913608,-1.1563202951918157e-05,5.438039202725372e-05,5.438039202725372e-05,5.560327199222527e-10,-0.057816014759590785
1.7625000000000002,5172.200434279799,-1.1801516875864588e-05,5.357231820121552e-05,5.357231820121552e-05,5.482093455992421e-10,-0.059007584379322936
1.7750000000000001,5175.511881874385,-1.2028462323680723e-05,5.276176456999739e-05,5.276176456999739e-05,5.402355262776907e-10,-0.06014231161840362
1.7875,5178.64952512079,-1.224349633260929e-05,5.194909808523065e-05,5.194909808523065e-05,5.321191582006088e-10,-0.061217481663046455
1.8,5181.6054626384475,-1.2446077392549715e-05,5.11346778184439e-05,5.11346778184439e-05,5.238684965848796e-10,-0.062230386962748574
1.8125,5184.371871344305,-1.263566935940172e-05,5.031885537492328e-05,5.031885537492328e-05,5.154921520640696e-10,-0.0631783467970086
1.8250000000000002,5186.941068701446,-1.2811745721200456e-05,4.9501975289278204e-05,4.9501975289278204e-05,5.069990843031647e-10,-0.06405872860600229
1.8375000000000001,5189.305579370399,-1.297379416596549e-05,4.868437540480837e-05,4.868437540480837e-05,4.983985925852216e-10,-0.06486897082982745
1.85,5191.458205330462,-1.3121321387378377e-05,4.786638723864675e-05,4.786638723864675e-05,4.897003032122747e-10,-0.06560660693689188
1.8625,5193.392098366723,-1.325385805257103e-05,4.7048336334544655e-05,4.7048336334544655e-05,4.809141536130338e-10,-0.06626929026285515
1.875,5195.1008336670675,-1.3370963845990116e-05,4.623054260506585e-05,4.623054260506585e-05,4.720503731069404e-10,-0.06685481922995058
1.8875000000000002,5196.578483152689,-1.3472232495014634e-05,4.541332066486454e-05,4.541332066486454e-05,4.631194603366779e-10,-0.06736116247507316
1.9000000000000001,5197.819687081628,-1.3557296677201482e-05,4.459698015663557e-05,4.459698015663557e-05,4.541321574476088e-10,-0.0677864833860074
1.9125,5198.819722421394,-1.362583270609264e-05,4.378182607124193e-05,4.378182607124193e-05,4.450994211609292e-10,-0.0681291635304632
1.925,5199.574566488875,-1.3677564892705735e-05,4.296815906344621e-05,4.296815906344621e-05,4.3603239095553737e-10,-0.06838782446352867
1.9375,5200.080954407747,-1.3712269483291546e-05,4.2156275764595574e-05,4.2156275764595574e-05,4.2694235463951285e-10,-0.06856134741645772
1.9500000000000002,5200.33642903074,-1.3729778080683315e-05,4.1346469093537845e-05,4.1346469093537845e-05,4.1784071165354013e-10,-0.06864889040341658
1.9625000000000001,5200.339382118615,-1.3729980466447162e-05,4.0539028566977206e-05,4.0539028566977206e-05,4.08738934503493e-10,-0.06864990233223581
1.975,5200.089085754196,-1.3712826753792809e-05,3.973424061041466e-05,3.973424061041466e-05,3.996485287658275e-10,-0.06856413376896404
1.9875,5199.585713191063,-1.3678328816411426e-05,3.893238887076072e-05,3.893238887076072e-05,3.905809921457801e-10,-0.06839164408205713
2.0,5198.830348587092,-1.3626560955551857e-05,3.8133754531658334e-05,3.8133754531658334e-05,3.815477730933527e-10,-0.06813280477775929
2.0125,5197.8249853423595,-1.3557659786117855e-05,3.7338616632513714e-05,3.7338616632513714e-05,3.725602294948051e-10,-0.06778829893058927
2.025,5196.572513040556,-1.347182334169793e-05,3.6547252392203756e-05,3.6547252392203756e-05,3.6362958795743464e-10,-0.06735911670848965
2.0375,5195.076693270323,-1.3369309417528175e-05,3.57599375384123e-05,3.57599375384123e-05,3.547669041928265e-10,-0.06684654708764087
2.0500000000000003,5193.342124872307,-1.3250433188746145e-05,3.497694664354632e-05,3.497694664354632e-05,3.4598302497899366e-10,-0.06625216594373072
2.0625,5191.374199404483,-1.3115564158268233e-05,3.4198553468197834e-05,3.4198553468197834e-05,3.3728855214580736e-10,-0.06557782079134117
2.075,5189.179047837563,-1.2965122503631083e-05,3.342503131315036e-05,3.342503131315036e-05,3.286938089821525e-10,-0.06482561251815541
2.0875,5186.763479675367,-1.2799574904692839e-05,3.265665338098064e-05,3.265665338098064e-05,3.2020880940895236e-10,-0.0639978745234642
2.1,5184.134915837199,-1.2619429943820286e-05,3.189369314837921e-05,3.189369314837921e-05,3.1184323020146743e-10,-0.06309714971910144
2.1125000000000003,5181.301316736391,-1.2425233176851804e-05,3.113642475040662e-05,3.113642475040662e-05,3.0360638647911497e-10,-0.06212616588425902
2.125,5178.271107040171,-1.2217561976616513e-05,3.038512337801716e-05,3.038512337801716e-05,2.9550721061358456e-10,-0.061087809883082565
2.1375,5175.053098600731,-1.1997020251135327e-05,2.964006569031787e-05,2.964006569031787e-05,2.8755423463832505e-10,-0.05998510125567663
2.15,5171.656413009786,-1.1764233135983176e-05,2.890153024318688e-05,2.890153024318688e-05,2.797555761765314e-10,-0.05882116567991588
2.1625,5168.090405148611,-1.1519841754920674e-05,2.816979793604976e-05,2.816979793604976e-05,2.7211892784237483e-10,-0.057599208774603367
2.1750000000000003,5164.364588995115,-1.1264498135166145e-05,2.7445152478803176e-05,2.7445152478803176e-05,2.646515500129631e-10,-0.05632249067583072
2.1875,5160.488566805967,-1.099886035400552e-05,2.672788088107789e-05,2.672788088107789e-05,2.573602668176745e-10,-0.05499430177002761
2.2,5156.471962631224,-1.0723587982303285e-05,2.601827396624257e-05,2.601827396624257e-05,2.502514651480459e-10,-0.05361793991151643
2.2125,5152.32436094112,-1.0439337878378194e-05,2.5316626912759867e-05,2.5316626912759867e-05,2.4333109645595326e-10,-0.05219668939189097
2.225,5148.055250962058,-1.0146760373136094e-05,2.462323982570701e-05,2.462323982570701e-05,2.366046810807163e-10,-0.05073380186568047
2.2375000000000003,5143.673977134285,-9.846495874775768e-06,2.393841834145522e-05,2.393841834145522e-05,2.3007731482698567e-10,-0.04923247937387884
2.25,5139.189695928025,-9.539171909226025e-06,2.3262474268651104e-05,2.3262474268651104e-05,2.237536775045626e-10,-0.04769585954613013
2.2625,5134.611339086961,-9.225400601098791e-06,2.259572626874366e-05,2.259572626874366e-05,2.1763804313812564e-10,-0.04612700300549395
2.275,5129.947583219254,-8.905776589649724e-06,2.1938500579333622e-05,2.1938500579333622e-05,2.1173429155849403e-10,-0.044528882948248624
2.2875,5125.206825524482,-8.580875365247984e-06,2.1291131783565776e-05,2.1291131783565776e-05,2.060459210966658e-10,-0.04290437682623992
2.3000000000000003,5120.397165334331,-8.25125200431636e-06,2.0653963628615047e-05,2.0653963628615047e-05,2.005760621164803e-10,-0.0412562600215818
2.3125,5115.526391058949,-7.917440274685408e-06,2.0027349896006103e-05,2.0027349896006103e-05,1.953274911403526e-10,-0.03958720137342704
2.325,5110.601972062338,-7.579952078817582e-06,1.9411655326024092e-05,1.9411655326024092e-05,1.9030264534410168e-10,-0.03789976039408791
2.3375,5105.631054949719,-7.239277199345115e-06,1.8807256597789178e-05,1.8807256597789178e-05,1.8550363722046473e-10,-0.036196385996725575
2.35,5100.620463722983,-6.8958833097282466e-06,1.8214543365646895e-05,1.8214543365646895e-05,1.80932269235546e-10,-0.034479416548641235
2.3625000000000003,5095.576703255969,-6.550216212437588e-06,1.7633919351337228e-05,1.7633919351337228e-05,1.7659004832737163e-10,-0.03275108106218794
2.375,5090.505965551073,-6.202700267730195e-06,1.7065803489916525e-05,1.7065803489916525e-05,1.7247820012020323e-10,-0.031013501338650974
2.3875,5085.414138260412,-5.853738977641892e-06,1.651063112558929e-05,1.651063112558929e-05,1.685976827517158e-10,-0.029268694888209462
2.4000000000000004,5080.306814988607,-5.503715692071331e-06,1.596885525143873e-05,1.596885525143873e-05,1.649492002321035e-10,-0.027518578460356657
2.4125,5075.189306934013,-5.152994406601044e-06,1.544094778450937e-05,1.544094778450937e-05,1.615332152742998e-10,-0.02576497203300522
2.4250000000000003,5070.066655471211,-4.80192062481436e-06,1.4927400864786301e-05,1.4927400864786301e-05,1.5834996155255688e-10,-0.024009603124071802
2.4375,5064.9436453250955,-4.450822261167989e-06,1.4428728163339326e-05,1.4428728163339326e-05,1.5539945536249945e-10,-0.022254111305839944
2.45,5059.824818036486,-4.100010563831786e-06,1.3945466181277669e-05,1.3945466181277669e-05,1.5268150666941637e-10,-0.020500052819158933
2.4625000000000004,5054.714485466378,-3.7497810401952605e-06,1.3478175517229733e-05,1.3478175517229733e-05,1.5019572954302248e-10,-0.0187489052009763
2.475,5049.6167431326985,-3.4004143708734188e-06,1.3027442076880683e-05,1.3027442076880683e-05,1.4794155198631424e-10,-0.017002071854367095
2.4875000000000003,5044.5354832147505,-3.052177300954099e-06,1.2593878193746786e-05,1.2593878193746786e-05,1.4591822517360647e-10,-0.015260886504770496
2.5,5039.474407100027,-2.7053234998669894e-06,1.2178123625940764e-05,1.2178123625940764e-05,1.441248321185509e-10,-0.013526617499334948
2.5125,5034.437037381065,-2.3600943835932086e-06,1.1780846389311059e-05,1.1780846389311059e-05,1.4256029579710178e-10,-0.011800471917966043
2.5250000000000004,5029.426729241467,-2.0167198949608933e-06,1.1402743383165645e-05,1.1402743383165645e-05,1.4122338675321366e-10,-0.010083599474804467
2.5375,5024.446681192547,-1.675419239489127e-06,1.1044540760984893e-05,1.1044540760984893e-05,1.4011273021673883e-10,-0.008377096197445635
2.5500000000000003,5019.499945145583,-1.3364015756614092e-06,1.0706993995272007e-05,1.0706993995272007e-05,1.392268127637339e-10,-0.006682007878307046
2.5625,5014.589435818965,-9.99866659651669e-07,1.0390887583181615e-05,1.0390887583181615e-05,1.385639885493695e-10,-0.004999333298258345
2.575,5009.717939494803,-6.660054454159196e-07,1.009703433801269e-05,1.009703433801269e-05,1.3812248514303128e-10,-0.003330027227079598
2.5875000000000004,5004.888122146539,-3.350006417306524e-07,9.82627421125793e-06,9.82627421125793e-06,1.3790040899415355e-10,-0.001675003208653262
2.6,5000.102536968819,-7.02722823460789e-09,9.579472590867569e-06,9.607395869321178e-06,1.3789575055596202e-10,-3.513614117303945e-05
2.6125000000000003,4995.363631343621,3.177470671555541e-07,9.357518023895581e-06,9.602287026286725e-06,1.3810638909273186e-10,0.0015887353357777706
2.625,4990.673753280138,6.391613269045944e-07,9.161319315908764e-06,9.632388140167134e-06,1.385300971944754e-10,0.003195806634522972
2.6375,4986.0351573662865,9.57061035967837e-07,8.991801965577384e-06,9.688724576577492e-06,1.3916454502123377e-10,0.0047853051798391845
2.6500000000000004,4981.450010270584,1.2712977047336806e-06,8.849903900808248e-06,9.767310678196246e-06,1.400073042974126e-10,0.006356488523668403
2.6625,4976.920395831367,1.5817285202535872e-06,8.736570492650686e-06,9.865095336475593e-06,1.4105585207491334e-10,0.007908642601267935
2.6750000000000003,4972.448319768132,1.888216023328262e-06,8.652748834964341e-06,9.980878157401005e-06,1.423075742822013e-10,0.00944108011664131
2.6875,4968.035714049778,2.1906278091630265e-06,8.599381291377363e-06,1.0113059292274737e-05,1.4375976907493413e-10,0.010953139045815134
2.7,4963.684440949369,2.488836249466698e-06,8.577398326203406e-06,1.0260931368839367e-05,1.4540965000236613e-10,0.01244418124733349
2.7125000000000004,4959.396296814847,2.782718234038052e-06,8.587710652470075e-06,1.0424026275800421e-05,1.4725434900244717e-10,0.01391359117019026
2.725,4955.173015581252,3.072154930054293e-06,8.631200747710404e-06,1.0601896261619055e-05,1.4929091923735066e-10,0.015360774650271464
2.7375000000000003,4951.01627204833,3.3570315574422704e-06,8.708713806283682e-06,1.0794081606237447e-05,1.5151633778009254e-10,0.016785157787211354
2.75,4946.927684945091,3.6372371788713496e-06,8.821048215262155e-06,1.100068571555484e-05,1.5392750816193357e-10,0.01818618589435675
2.7625,4942.908819799587,3.912664503054688e-06,8.968945658835075e-06,1.1222484556731989e-05,1.5652126278938783e-10,0.01956332251527344
2.7750000000000004,4938.961191632167,4.183209700182111e-06,9.15308097319487e-06,1.1458891570161064e-05,1.592943652388792e-10,0.020916048500910556
2.7875,4935.086267486933,4.44877222843181e-06,9.374051889416289e-06,1.1709227953271187e-05,1.622435124363903e-10,0.02224386114215905
2.8000000000000003,4931.2854688151565,4.709254670620125e-06,9.632368815353592e-06,1.1975850626593017e-05,1.6536533672882461e-10,0.023546273353100625
2.8125,4927.560173723154,4.964562580148983e-06,9.928444818519458e-06,1.2257301324407223e-05,1.6865640785324493e-10,0.024822812900744916
2.825,4923.911719095503,5.214604335499939e-06,1.0262585979772058e-05,1.2555262568981849e-05,1.7211323480965442e-10,0.026073021677499697
2.8375000000000004,4920.3414026030705,5.459291002602942e-06,1.0634982291987349e-05,1.2869133946674371e-05,1.7573226764253996e-10,0.02729645501301471
2.85,4916.850484605418,5.6985362044781325e-06,1.1045699278380716e-05,1.3201523367999788e-05,1.7950989913599954e-10,0.02849268102239066
2.8625000000000003,4913.440189954281,5.932255997610811e-06,1.1494670501516463e-05,1.3550914112671448e-05,1.834424664269169e-10,0.029661279988054054
2.875,4910.111709706651,6.160368754574572e-06,1.1981691126174276e-05,1.3919680420139941e-05,1.875262525403257e-10,0.030801843772872862
2.8875,4906.866202752328,6.382795052465878e-06,1.2506412687125486e-05,1.4309295952307315e-05,1.9175748785081561e-10,0.03191397526232939
2.9000000000000004,4903.704797363052,6.599457566756513e-06,1.306833919664118e-05,1.4719752492505196e-05,1.9613235147357162e-10,0.032997287833782564
2.9125,4900.6285926672945,6.8102809702085895e-06,1.3666824706477443e-05,1.515310946313408e-05,2.0064697258840305e-10,0.034051404851042945
2.9250000000000003,4897.638660056092,7.015191836531265e-06,1.4301072415560521e-05,1.5611243744053244e-05,2.0529743169990533e-10,0.035075959182656324
2.9375,4894.73604452373,7.214118548489452e-06,1.4970135388150397e-05,1.6096276523035043e-05,2.1007976183670585e-10,0.03607059274244726
2.95,4891.921765947805,7.40699121020339e-06,1.567291891852613e-05,1.6610186686782087e-05,2.1498994969257208e-10,0.03703495605101695
2.9625000000000004,4889.196820310615,7.593741563404083e-06,1.6408184547930634e-05,1.7156801182083333e-05,2.2002393671200443e-10,0.037968707817020414
2.975,4886.562180866969,7.774302907434665e-06,1.7174555708421992e-05,1.773934174125569e-05,2.2517762012279694e-10,0.03887151453717332
2.9875000000000003,4884.018799259234,7.948610022811135e-06,1.797052493722719e-05,1.836284128973161e-05,2.3044685391792548e-10,0.03974305011405568
3.0,4881.567606583178,8.116599098178984e-06,1.8794462575018508e-05,1.9032708668414895e-05,2.358274497890145e-10,0.04058299549089492
3.0125,4879.209514406388,8.278207660525055e-06,1.964462683304894e-05,1.975734416475642e-05,2.413151780135405e-10,0.04139103830262527
3.0250000000000004,4876.945415740737,8.433374508526911e-06,2.0519175088062458e-05,2.0546980323443248e-05,2.4690576829785157e-10,0.042166872542634556
3.0375,4874.776185970394,8.582039648945772e-06,2.1416176241033635e-05,2.1416176241033635e-05,2.525949105780216e-10,0.04291019824472886
3.0500000000000003,4872.70268373672,8.724144235994037e-06,2.2333623956688835e-05,2.2333623956688835e-05,2.5837825578050997e-10,0.043620721179970186
3.0625,4870.725751780117,8.859630513634946e-06,2.3269450585898966e-05,2.3269450585898966e-05,2.642514165445711e-10,0.04429815256817473
3.075,4868.846217739256,8.988441760800723e-06,2.422154156275962e-05,2.422154156275962e-05,2.7020996790834846e-10,0.04494220880400362
3.0875000000000004,4867.064894907761,9.110522239547101e-06,2.518775006269315e-05,2.518775006269315e-05,2.762494479605997e-10,0.04555261119773551
3.1,4865.382582947012,9.225817146196696e-06,2.6165911707274876e-05,2.6165911707274876e-05,2.8236535846003355e-10,0.04612908573098348
3.1125000000000003,4863.800068554078,9.334272565562338e-06,2.715385910561193e-05,2.715385910561193e-05,2.885531654243017e-10,0.046671362827811695
3.125,4862.318126082733,9.435835428384287e-06,2.814943603075716e-05,2.814943603075716e-05,2.9480829969077436e-10,0.047179177141921436
3.1375,4860.937518115075,9.530453472163088e-06,2.9150511042462807e-05,2.9150511042462807e-05,3.011261574513519e-10,0.04765226736081544
3.1500000000000004,4859.658995979931,9.618075205623023e-06,3.0154990384097547e-05,3.0154990384097547e-05,3.0750210076371903e-10,0.04809037602811512
3.1625,4858.4833002141795,9.698649877100482e-06,3.1160830001201774e-05,3.1160830001201774e-05,3.139314580416426e-10,0.04849324938550241
3.1750000000000003,4857.411160961549,9.772127447217134e-06,3.2166046551305796e-05,3.2166046551305796e-05,3.204095245271549e-10,0.04886063723608567
3.1875,4856.443298302228,9.838458566270413e-06,3.316872729860448e-05,3.316872729860448e-05,3.2693156274774805e-10,0.04919229283135207
3.2,4855.580422506945,9.897594556853456e-06,3.4167038812168614e-05,3.4167038812168614e-05,3.3349280296204756e-10,0.04948797278426728
3.2125000000000004,4854.823234205066,9.949487402303556e-06,3.51592344118816e-05,3.51592344118816e-05,3.4008844359782785e-10,0.04974743701151778
3.225,4854.172424458333,9.99408974167242e-06,3.6143660331548694e-05,3.6143660331548694e-05,3.467136516866936e-10,0.0499704487083621
3.2375000000000003,4853.628674727247,1.0031354872012733e-05,3.711876059301062e-05,3.711876059301062e-05,3.53363563300277e-10,0.05015677436006366
3.25,4853.192656717812,1.0061236758883373e-05,3.8083080608046016e-05,3.8083080608046016e-05,3.600332839933987e-10,0.05030618379441686
3.2625,4852.865032093764,1.0083690056089425e-05,3.90352695458847e-05,3.90352695458847e-05,3.667178892603151e-10,0.05041845028044712
3.2750000000000004,4852.646452036822,1.0098670135791216e-05,3.997408152288695e-05,3.997408152288695e-05,3.7341242501092515e-10,0.05049335067895608
3.2875,4852.537556638215,1.0106133130238814e-05,4.089837568707389e-05,4.089837568707389e-05,3.8011190807464316e-10,0.050530665651194066
3.3000000000000003,4852.538974099387,1.0106035986511139e-05,4.180711528352314e-05,4.180711528352314e-05,3.868113267405594e-10,0.050530179932555694
3.3125,4852.651319722168,1.00983365357616e-05,4.2699365797068856e-05,4.2699365797068856e-05,3.93505641343504e-10,0.050491682678808
3.325,4852.875194662609,1.0082993578590695e-05,4.35742922762547e-05,4.35742922762547e-05,4.001897849067058e-10,0.05041496789295348
3.3375000000000004,4853.211184425074,1.00599669882782e-05,4.443115594715499e-05,4.443115594715499e-05,4.068586638528848e-10,0.050299834941391
3.35,4853.659857068235,1.0029217833708987e-05,4.5269310227650877e-05,4.5269310227650877e-05,4.1350715879683423e-10,0.05014608916854493
3.3625000000000003,4854.221761096387,9.99070852391348e-06,4.6088196252232364e-05,4.6088196252232364e-05,4.2013012543381933e-10,0.0499535426195674
3.375,4854.897423005578,9.944402976211394e-06,4.6887338014654203e-05,4.6887338014654203e-05,4.2672239553944193e-10,0.04972201488105697
3.3875,4855.687344456483,9.890266809990898e-06,4.766633723109738e-05,4.766633723109738e-05,4.3327877809796267e-10,0.04945133404995449
3.4000000000000004,4856.591999042745,9.828267568169372e-06,4.84248680201981e-05,4.84248680201981e-05,4.3979406057743305e-10,0.049141337840846865
3.4125,4857.611828626231,9.758374968360974e-06,4.9162671488731136e-05,4.9162671488731136e-05,4.4626301037132907e-10,0.048791874841804875
3.4250000000000003,4858.747239209923,9.680561185714774e-06,4.987955030320183e-05,4.987955030320183e-05,4.5268037642768235e-10,0.04840280592857387
3.4375,4859.998596321845,9.594801169279712e-06,5.057536331842898e-05,5.057536331842898e-05,4.5904089108793326e-10,0.04797400584639856
3.45,4861.366219884701,9.501072993593555e-06,5.1250020324685334e-05,5.1250020324685334e-05,4.6533927215885674e-10,0.04750536496796778
3.4625000000000004,4862.850378550464,9.399358246977903e-06,5.190347696537408e-05,5.190347696537408e-05,4.71570225241894e-10,0.046996791234889514
3.475,4864.451283480829,9.289642457745087e-06,5.2535729867797525e-05,5.2535729867797525e-05,4.777284463450221e-10,0.046448212288725435
3.4875000000000003,4866.169081563244,9.17191555918281e-06,5.314681202052033e-05,5.314681202052033e-05,4.838086248028676e-10,0.045859577795914055
3.5,4868.00384805289,9.0461723937751e-06,5.37367884223113e-05,5.37367884223113e-05,4.898054465310748e-10,0.045230861968875505
3.5125,4869.955578643553,8.912413256643495e-06,5.4305752019793676e-05,5.4305752019793676e-05,4.957135976409275e-10,0.044562066283217475
3.5250000000000004,4872.024180973798,8.77064447764933e-06,5.485381994383734e-05,5.485381994383734e-05,5.015277684398546e-10,0.043853222388246654
3.5375,4874.209465586264,8.620879040989444e-06,5.538113004844615e-05,5.538113004844615e-05,5.072426578426726e-10,0.04310439520494722
3.5500000000000003,4876.511136366639,8.463137240446599e-06,5.5887837750459006e-05,5.5887837750459006e-05,5.128529782172027e-10,0.04231568620223299
3.5625,4878.928780499833,8.297447367728522e-06,5.637411316379523e-05,5.637411316379523e-05,5.183534606861958e-10,0.04148723683864261
3.575,4881.461857992105,8.123846430553135e-06,5.684013851821142e-05,5.684013851821142e-05,5.237388609052855e-10,0.04061923215276567
3.5875000000000004,4884.1096908198415,7.942380896322622e-06,5.728610584955833e-05,5.728610584955833e-05,5.290039653339319e-10,0.03971190448161311
3.6,4886.871451777943,7.753107456386967e-06,5.7712214946276665e-05,5.7712214946276665e-05,5.341435980130062e-10,0.03876553728193484
3.6125000000000003,4889.746153113149,7.556093805043e-06,5.8118671535284155e-05,5.8118671535284155e-05,5.391526278587821e-10,0.037780469025215
3.625,4892.732635040056,7.351419426563601e-06,5.8505685689410975e-05,5.8505685689410975e-05,5.440259764786599e-10,0.036757097132818
3.6375,4895.82955425026,7.139176382721109e-06,5.88734704380585e-05,5.88734704380585e-05,5.487586265089495e-10,0.035695881913605544
3.6500000000000004,4899.03537253545,6.919470092478505e-06,5.922224056271255e-05,5.922224056271255e-05,5.533456304695206e-10,0.034597350462392526
3.6625,4902.348345657124,6.692420094791175e-06,5.955221155926032e-05,5.955221155926032e-05,5.57782120124123e-10,0.033462100473955876
3.6750000000000003,4905.766512604343,6.458160784812137e-06,5.98635987496683e-05,5.98635987496683e-05,5.620633163287484e-10,0.03229080392406069
3.6875,4909.28768538918,6.216842113245006e-06,6.015661652641241e-05,6.015661652641241e-05,5.661845393436e-10,0.03108421056622503
3.7,4912.909439535895,5.968630238161939e-06,6.043147771404849e-05,6.043147771404849e-05,5.701412195771619e-10,0.029843151190809693
3.7125000000000004,4916.629105423442,5.713708118317797e-06,6.0688393033420865e-05,6.0688393033420865e-05,5.739289087235836e-10,0.028568540591588983
3.725,4920.443760643971,5.452276036864298e-06,6.0927570655181056e-05,6.0927570655181056e-05,5.775432912472407e-10,0.02726138018432149
3.7375000000000003,4924.350223537797,5.18455204441445e-06,6.114921583049008e-05,6.114921583049008e-05,5.809801961610095e-10,0.025922760222072253
3.75,4928.345048063179,4.9107723106407976e-06,6.135353058797391e-05,6.135353058797391e-05,5.842356090376194e-10,0.02455386155320399
3.7625,4932.424520152125,4.631191374019977e-06,6.154071348716742e-05,6.154071348716742e-05,5.873056841865652e-10,0.023155956870099886
3.7750000000000004,4936.584655694763,4.346082279966852e-06,6.171095941979806e-05,6.171095941979806e-05,5.901867569225895e-10,0.02173041139983426
3.7875,4940.821200282786,4.055736598434589e-06,6.186445945131311e-05,6.186445945131311e-05,5.928753558458328e-10,0.020278682992172944
3.8000000000000003,4945.129630826261,3.7604643130896685e-06,6.200140069603183e-05,6.200140069603183e-05,5.953682150485163e-10,0.01880232156544834
3.8125,4949.505159141945,3.4605935753950304e-06,6.212196622020572e-05,6.212196622020572e-05,5.97662286158603e-10,0.01730296787697515
3.825,4953.942737589692,3.156470318337204e-06,6.222633496808778e-05,6.222633496808778e-05,5.997547501273939e-10,0.01578235159168602
3.8375000000000004,4958.4370668107085,2.848457726097134e-06,6.231468170685133e-05,6.231468170685133e-05,6.016430286655624e-10,0.01424228863048567
3.85,4962.982605596538,2.5369355576673056e-06,6.238717698685963e-05,6.238717698685963e-05,6.03324795230806e-10,0.012684677788336528
3.8625000000000003,4967.573582892681,2.222299324233758e-06,6.244398711437471e-05,6.244398711437471e-05,6.047979854701735e-10,0.01111149662116879
3.875,4972.204011910095,1.9049593220401403e-06,6.248527413431279e-05,6.248527413431279e-05,6.060608070212664e-10,0.009524796610200701
3.8875,4976.867706292512,1.5853395243998238e-06,6.251119582110972e-05,6.251119582110972e-05,6.07111748578941e-10,0.007926697621999119
3.9000000000000004,4981.5582982563055,1.2638763384852036e-06,6.252190567615978e-05,6.252190567615978e-05,6.079495881378698e-10,0.006319381692426018
3.9125,4986.269258593723,9.410172344642996e-07,6.251755293064199e-05,6.251755293064199e-05,6.085734003263415e-10,0.004705086172321498
3.9250000000000003,4990.993918399876,6.172192564353705e-07,6.249828255285455e-05,6.249828255285455e-05,6.089825627529393e-10,0.003086096282176852
3.9375,4995.72549236151,2.929474263937062e-07,6.24642352594487e-05,6.24642352594487e-05,6.091767612951901e-10,0.001464737131968531
3.95,5000.457103417898,-3.1326945885740545e-08,6.241554753019235e-05,6.241554753019235e-05,6.091559942678123e-10,-0.00015663472942870272
3.9625000000000004,5005.181808585293,-3.5512803268434866e-07,6.235235162610753e-05,6.235235162610753e-05,6.089205754177181e-10,-0.0017756401634217434
3.975,5009.892625716167,-6.779773222459201e-07,6.227477561101943e-05,6.227477561101943e-05,6.084711357032955e-10,-0.0033898866112296007
3.9875000000000003,5014.582560949481,-9.993955000475824e-07,6.218294337673259e-05,6.218294337673259e-05,6.078086238265727e-10,-0.0049969775002379115
4.0,5019.244636596603,-1.3189043599221027e-06,6.207697467221699e-05,6.207697467221699e-05,6.069343054984751e-10,-0.006594521799610514
4.0125,5023.871919199451,-1.6360287269764296e-06,6.195698513734559e-05,6.195698513734559e-05,6.058497614293554e-10,-0.008180143634882148
4.025,5028.457547493261,-1.950298373987788e-06,6.182308634188058e-05,6.182308634188058e-05,6.045568840491205e-10,-0.00975149186993894
4.0375000000000005,5032.994760007322,-2.2612499129790425e-06,6.167538583055939e-05,6.167538583055939e-05,6.030578729734096e-10,-0.011306249564895213
4.05,5037.4769220408925,-2.5684286439793375e-06,6.151398717528704e-05,6.151398717528704e-05,6.01355229244205e-10,-0.012842143219896688
4.0625,5041.897551760442,-2.8713903435578097e-06,6.133899003559973e-05,6.133899003559973e-05,5.994517483848019e-10,-0.014356951717789048
4.075,5046.250345176342,-3.1697029765652544e-06,6.115049022872889e-05,6.115049022872889e-05,5.973505123200427e-10,-0.01584851488282627
4.0875,5050.529199773167,-3.462948315613161e-06,6.094857981076372e-05,6.094857981076372e-05,5.950548802229784e-10,-0.017314741578065805
4.1000000000000005,5054.728236587697,-3.7507234541384963e-06,6.0733347170587616e-05,6.0733347170587616e-05,5.925684783585002e-10,-0.018753617270692483
4.1125,5058.841820549064,-4.032642200419104e-06,6.050487713844674e-05,6.050487713844674e-05,5.898951890028607e-10,-0.020163211002095522
4.125,5062.8645789229795,-4.3083363415867595e-06,6.0263251111199314e-05,6.0263251111199314e-05,5.870391385252654e-10,-0.0215416817079338
4.1375,5066.791417724717,-4.57745676849982e-06,6.0008547196490104e-05,6.0008547196490104e-05,5.840046847237705e-10,-0.0228872838424991
4.15,5070.617535997197,-4.839674454247947e-06,5.9740840378294515e-05,5.9740840378294515e-05,5.807964035125199e-10,-0.024198372271239735
4.1625000000000005,5074.338437875992,-5.094681281031573e-06,5.946020270647937e-05,5.946020270647937e-05,5.774190750608309e-10,-0.025473406405157866
4.175,5077.9499423948655,-5.342190712150385e-06,5.916670351322905e-05,5.916670351322905e-05,5.738776694868122e-10,-0.026710953560751927
4.1875,5081.448191011907,-5.581938307812488e-06,5.8860409659383485e-05,5.8860409659383485e-05,5.701773322090442e-10,-0.02790969153906244
4.2,5084.829652866553,-5.81368208540318e-06,5.85413858139245e-05,5.85413858139245e-05,5.663233690594336e-10,-0.0290684104270159
4.2125,5088.091127802872,-6.037202726697839e-06,5.820969477002315e-05,5.820969477002315e-05,5.62321231258703e-10,-0.030186013633489193
4.2250000000000005,5091.229747221533,-6.252303636236588e-06,5.7865397801219444e-05,5.7865397801219444e-05,5.58176500353184e-10,-0.03126151818118294
4.2375,5094.24297284457,-6.458810856674115e-06,5.750855506143835e-05,5.750855506143835e-05,5.538948732077257e-10,-0.03229405428337057
4.25,5097.128593499054,-6.6565728483536105e-06,5.713922603264742e-05,5.713922603264742e-05,5.494821471447259e-10,-0.03328286424176805
4.2625,5099.884720043742,-6.8454601416120856e-06,5.6757470024023174e-05,5.6757470024023174e-05,5.449442053136545e-10,-0.034227300708060425
4.275,5102.509778578349,-7.025364871392091e-06,5.636334672650709e-05,5.636334672650709e-05,5.402870023690879e-10,-0.035126824356960455
4.2875000000000005,5105.002502088268,-7.1962002046036144e-06,5.595691682658974e-05,5.595691682658974e-05,5.355165505283523e-10,-0.03598100102301807
4.3,5107.3619206857675,-7.35789967134618e-06,5.553824268305462e-05,5.553824268305462e-05,5.306389060725093e-10,-0.0367894983567309
4.3125,5109.58735061796,-7.510416411564782e-06,5.510738907023144e-05,5.510738907023144e-05,5.256601563467416e-10,-0.037552082057823906
4.325,5111.678382212999,-7.653722348979576e-06,5.46644239910449e-05,5.46644239910449e-05,5.205864073083518e-10,-0.03826861174489788
4.3375,5113.634866939796,-7.78780730420589e-06,5.4209419562788845e-05,5.4209419562788845e-05,5.154237716626848e-10,-0.03893903652102945
4.3500000000000005,5115.456903751655,-7.912678058880407e-06,5.3742452978101495e-05,5.3742452978101495e-05,5.101783576194532e-10,-0.039563390294402034
4.3625,5117.144824884762,-8.028357382344748e-06,5.3263607543055715e-05,5.3263607543055715e-05,5.04856258294286e-10,-0.040141786911723744
4.375,5118.699181272179,-8.134883032026876e-06,5.2772973793604986e-05,5.2772973793604986e-05,4.99463541772937e-10,-0.040674415160134376
4.3875,5120.120727728874,-8.232306738121118e-06,5.227065069083563e-05,5.227065069083563e-05,4.940062418485622e-10,-0.04116153369060559
4.4,5121.410408053008,-8.320693182519062e-06,5.175674689456621e-05,5.175674689456621e-05,4.88490349435876e-10,-0.04160346591259531
4.4125000000000005,5122.56934017762,-8.400118981206275e-06,5.123138211380547e-05,5.123138211380547e-05,4.829218046598902e-10,-0.04200059490603138
4.425,5123.598801495772,-8.4706716785334e-06,5.069468853143345e-05,5.069468853143345e-05,4.773064896113629e-10,-0.042353358392667004
4.4375,5124.500214468929,-8.532448760915066e-06,5.014681229920907e-05,5.014681229920907e-05,4.716502217560787e-10,-0.04266224380457533
4.45,5125.275132616248,-8.585556696624627e-06,4.958791509784141e-05,4.958791509784141e-05,4.659587479806616e-10,-0.042927783483123136
4.4625,5125.9252269688595,-8.630110007455189e-06,4.901817575540055e-05,4.901817575540055e-05,4.602377392537952e-10,-0.04315055003727594
4.4750000000000005,5126.452273060394,-8.666230377124019e-06,4.8437791915800965e-05,4.8437791915800965e-05,4.544927858784928e-10,-0.043331151885620096
4.4875,5126.858138511556,-8.694045800422928e-06,4.78469817474848e-05,4.78469817474848e-05,4.487293933084064e-10,-0.04347022900211464
4.5,5127.14477125618,-8.713689776274262e-06,4.7245985680783324e-05,4.7245985680783324e-05,4.4295297849906945e-10,-0.04356844888137131
4.5125,5127.3141884413735,-8.725300547052163e-06,4.663506816076719e-05,4.663506816076719e-05,4.371688667634026e-10,-0.043626502735260815
4.525,5127.368466027117,-8.729020385780011e-06,4.6014519400738094e-05,4.6014519400738094e-05,4.3138228909974577e-10,-0.04364510192890005
4.5375000000000005,5127.309729097424,-8.724994932125105e-06,4.538465711989369e-05,4.538465711989369e-05,4.255983799600671e-10,-0.04362497466062552
4.55,5127.140142887651,-8.713372577485246e-06,4.474582824714986e-05,4.474582824714986e-05,4.1982217542580645e-10,-0.04356686288742623
4.5625,5126.861904524925,-8.694303898902267e-06,4.409841057166199e-05,4.409841057166199e-05,4.1405861175898414e-10,-0.043471519494511335
4.575,5126.47723546931,-8.667941141046806e-06,4.344281431928678e-05,4.344281431928678e-05,4.083125242967091e-10,-0.04333970570523403
4.5875,5125.988374639525,-8.634437745095911e-06,4.277948363310557e-05,4.277948363310557e-05,4.0258864665799934e-10,-0.04317218872547956
4.6000000000000005,5125.39757220051,-8.593947922970011e-06,4.210889793522457e-05,4.210889793522457e-05,3.968916102328467e-10,-0.04296973961485005
4.6125,5124.707083986337,-8.54662627510537e-06,4.143157314641459e-05,4.143157314641459e-05,3.9122594392466467e-10,-0.042733131375526846
4.625,5123.919166527819,-8.492627449709585e-06,4.0748062739785044e-05,4.0748062739785044e-05,3.8559607411862027e-10,-0.04246313724854792
4.6375,5123.036072653905,-8.432105841276014e-06,4.0058958604637626e-05,4.0058958604637626e-05,3.8000632484982436e-10,-0.04216052920638007
4.65,5122.060047631155,-8.36521532601478e-06,3.9364891696940195e-05,3.9364891696940195e-05,3.744609181469081e-10,-0.0418260766300739
4.6625000000000005,5120.993325806599,-8.29210903178711e-06,3.8666532453525876e-05,3.8666532453525876e-05,3.689639745281129e-10,-0.04146054515893555
4.675,5119.838127718601,-8.212939140101339e-06,3.796459094817328e-05,3.796459094817328e-05,3.635195136286397e-10,-0.04106469570050669
4.6875,5118.596657640279,-8.127856717737837e-06,3.7259816769173004e-05,3.7259816769173004e-05,3.5813145493961623e-10,-0.040639283588689186
4.7,5117.271101519777,-8.03701157561079e-06,3.655299859983799e-05,3.655299859983799e-05,3.528036186406264e-10,-0.04018505787805395
4.7125,5115.863625284519,-7.940552152541987e-06,3.584496348566732e-05,3.584496348566732e-05,3.4753972650928774e-10,-0.03970276076270994
4.7250000000000005,5114.3763734762315,-7.838625421711079e-06,3.513657577451543e-05,3.513657577451543e-05,3.4234340289284414e-10,-0.039193127108555395
4.7375,5112.811468185789,-7.731376817653158e-06,3.442873571912941e-05,3.442873571912941e-05,3.3721817572815255e-10,-0.03865688408826579
4.75,5111.171008258223,-7.6189501817939755e-06,3.372237773477123e-05,3.372237773477123e-05,3.3216747759777537e-10,-0.038094750908969875
4.7625,5109.457068741338,-7.501487724641729e-06,3.301846830830128e-05,3.301846830830128e-05,3.271946468111362e-10,-0.03750743862320865
4.775,5107.671700551348,-7.3791300028890386e-06,3.231800355902096e-05,3.231800355902096e-05,3.22302928500855e-10,-0.03689565001444519
4.7875000000000005,5105.816930333249,-7.252015909815928e-06,3.162200645570414e-05,3.162200645570414e-05,3.174954757254454e-10,-0.036260079549079643
4.800000000000001,5103.894760492837,-7.120282677522716e-06,3.093152369853007e-05,3.093152369853007e-05,3.127753505705316e-10,-0.03560141338761358
4.8125,5101.90716938286,-6.984065889657365e-06,3.024762227900132e-05,3.024762227900132e-05,3.0814552524162813e-10,-0.034920329448286824
4.825,5099.85611162419,-6.843499503434524e-06,2.957138573531866e-05,2.957138573531866e-05,3.0360888314232315e-10,-0.03421749751717262
4.8375,5097.743518546844,-6.698715879870975e-06,2.8903910125018953e-05,2.8903910125018953e-05,2.9916821993241804e-10,-0.03349357939935487
4.8500000000000005,5095.57129873735,-6.5498458212836904e-06,2.8246299740887032e-05,2.8246299740887032e-05,2.9482624456120925e-10,-0.032749229106418455
4.862500000000001,5093.341338679508,-6.397018615211504e-06,2.7599662600153098e-05,2.7599662600153098e-05,2.9058558027165364e-10,-0.03198509307605752
4.875,5091.055503478308,-6.240362084028836e-06,2.6965105740709263e-05,2.6965105740709263e-05,2.864487655716447e-10,-0.03120181042014418
4.8875,5088.715637657822,-6.080002639619707e-06,2.6343730361451617e-05,2.6343730361451617e-05,2.8241825516904415e-10,-0.030400013198098538
4.9,5086.323566024745,-5.916065342572395e-06,2.573662684680989e-05,2.573662684680989e-05,2.7849642086747325e-10,-0.029580326712861975
4.9125000000000005,5083.8810945916275,-5.74867396543927e-06,2.5144869718005264e-05,2.5144869718005264e-05,2.746855524201676e-10,-0.028743369827196347
4.925000000000001,5081.390011553573,-5.5779510596831205e-06,2.4569512555524e-05,2.4569512555524e-05,2.7098785833945327e-10,-0.027889755298415603
4.9375,5078.85208831449,-5.404018026000437e-06,2.4011582938665706e-05,2.4011582938665706e-05,2.6740546665960397e-10,-0.027020090130002186
4.95,5076.269080558783,-5.226995187774205e-06,2.3472077448785214e-05,2.3472077448785214e-05,2.6394042565100593e-10,-0.026134975938871024
4.9625,5073.642729365914,-5.047001867464009e-06,2.2951956782972102e-05,2.2951956782972102e-05,2.6059470448368254e-10,-0.025235009337320046
4.9750000000000005,5070.974762365939,-4.864156465789842e-06,2.2452141024389314e-05,2.2452141024389314e-05,2.573701938383272e-10,-0.02432078232894921
4.987500000000001,5068.266894934223,-4.678576543608474e-06,2.1973505114321258e-05,2.1973505114321258e-05,2.542687064630592e-10,-0.023392882718042372
5.0,5065.520831424315,-4.49037890641782e-06,2.1516874569174227e-05,2.1516874569174227e-05,2.512919776741607e-10,-0.0224518945320891
5.0125,5062.738266438975,-4.299679691455435e-06,2.108302148325088e-05,2.108302148325088e-05,2.4844166579907487e-10,-0.021498398457277176
5.025,5059.920886138638,-4.1065944573828575e-06,2.0672660855121336e-05,2.0672660855121336e-05,2.457193525599513e-10,-0.020532972286914287
5.0375000000000005,5057.070369588142,-3.911238276567568e-06,2.028644727188249e-05,2.028644727188249e-05,2.431265433960163e-10,-0.019556191382837842
5.050000000000001,5054.1883901414385,-3.713725829989556e-06,1.9924971981589603e-05,1.9924971981589603e-05,2.4066466772302887e-10,-0.01856862914994778
5.0625,5051.2766168652215,-3.514171504809589e-06,1.9588760379725963e-05,1.9589317532993082e-05,2.3833507912805695e-10,-0.017570857524047946
5.075,5048.336716002004,-3.312689494641488e-06,1.9278269930819e-05,1.9285591422885e-05,2.3613905549778215e-10,-0.01656344747320744
5.0875,5045.37035247351,-3.109393902570931e-06,1.899388854129303e-05,1.9012946012312496e-05,2.340777990785121e-10,-0.015546969512854655
5.1000000000000005,5042.379191424286,-2.9043988469588167e-06,1.873593339445223e-05,1.8768929759932443e-05,2.3215243646605434e-10,-0.014521994234794083
5.112500000000001,5039.364899806487,-2.697818570057325e-06,1.8504650253197395e-05,1.8551621042740803e-05,2.3036401852358697e-10,-0.013489092850286625
5.125,5036.32914800635,-2.489767549452073e-06,1.8300213230781764e-05,1.8359456706376674e-05,2.2871352022565344e-10,-0.012448837747260365
5.1375,5033.273611511053,-2.2803606123237166e-06,1.8122725024689425e-05,1.819154440200264e-05,2.2720184042641143e-10,-0.011401803061618582
5.15,5030.199972616674,-2.069713052496787e-06,1.7972217603655804e-05,1.8046894622346584e-05,2.2582980155028882e-10,-0.010348565262483936
5.1625000000000005,5027.1099221761215,-1.8579407502124933e-06,1.7848653333021027e-05,1.792505735257743e-05,2.2459814920324062e-10,-0.009289703751062467
5.175000000000001,5024.005161384699,-1.6451602945256321e-06,1.775192651908388e-05,1.782588204614929e-05,2.2350755170286757e-10,-0.00822580147262816
5.1875,5020.887403602552,-1.4314891081830547e-06,1.7681865348971786e-05,1.77492994045169e-05,2.225585995257511e-10,-0.007157445540915274
5.2,5017.758376209995,-1.217045574792873e-06,1.7638234198814658e-05,1.769569698189776e-05,2.2175180467048628e-10,-0.006085227873964365
5.2125,5014.619822493187,-1.0019491680390914e-06,1.762073627975529e-05,1.7665487741510494e-05,2.210875999350569e-10,-0.005009745840195457
5.2250000000000005,5011.473503554724,-7.863205826361888e-07,1.7629016588581132e-05,1.765971401783842e-05,2.2056633810739884e-10,-0.003931602913180944
5.237500000000001,5008.321200244507,-5.702818666519469e-07,1.7662665127548668e-05,1.767956627585549e-05,2.201882910682451e-10,-0.0028514093332597345
5.25,5005.164715104002,-3.539565547550587e-07,1.7721220356306954e-05,1.772700525140979e-05,2.1995364880563942e-10,-0.0017697827737752935
5.2625,5002.005874316401,-1.374698018667951e-07,1.7804172837716142e-05,1.7804319091895418e-05,2.1986251834085031e-10,-0.0006873490093339755
5.275,4998.846529653904,7.905148338626683e-08,1.7910969038795177e-05,1.7910969038795177e-05,2.1991492256581778e-10,0.0003952574169313341
5.2875000000000005,4995.688560411944,2.954785061082541e-07,1.8041015248005064e-05,1.8041015248005064e-05,2.2011079899272154e-10,0.0014773925305412705
5.300000000000001,4992.533875319212,5.11680454239368e-07,1.8193681570556622e-05,1.8193681570556622e-05,2.2044999841677773e-10,0.0025584022711968397
5.3125,4989.384414410365,7.275243702050899e-07,1.8368305964393125e-05,1.8368305964393125e-05,2.2093228349395006e-10,0.0036376218510254495
5.325,4986.242150847619,9.428750260799329e-07,1.8564198280899455e-05,1.8564198280899455e-05,2.215573272359056e-10,0.004714375130399664
5.3375,4983.109092675533,1.1575948033338219e-06,1.8780644276186807e-05,1.8780644276186807e-05,2.2232471142525278e-10,0.005787974016669109
5.3500000000000005,4979.987284491512,1.3715435783264855e-06,1.9016909560945647e-05,1.9016909560945647e-05,2.2323392495487233e-10,0.006857717891632428
5.362500000000001,4976.878809014529,1.5845786148113584e-06,1.9272243459297946e-05,1.9272243459297946e-05,2.242843620959876e-10,0.007922893074056792
5.375,4973.785788531732,1.7965544648035339e-06,1.9545882749757528e-05,1.9545882749757528e-05,2.2547532070051907e-10,0.008982772324017669
5.3875,4970.710386201442,2.007322879254888e-06,1.9837055264269703e-05,1.9837055264269703e-05,2.268060003442241e-10,0.01003661439627444
5.4,4967.654807191533,2.216732730061975e-06,2.0144983324292643e-05,2.0144983324292643e-05,2.2827550041813504e-10,0.011083663650309876
5.4125000000000005,4964.621299628433,2.424629945006365e-06,2.046888699594937e-05,2.046888699594937e-05,2.2988281817686814e-10,0.012123149725031826
5.425000000000001,4961.612155333761,2.6308574572913775e-06,2.0807987149369336e-05,2.0807987149369336e-05,2.3162684675347996e-10,0.013154287286456887
5.4375,4958.62971032237,2.8352551713911504e-06,2.1161508310403686e-05,2.1161508310403686e-05,2.3350637315168455e-10,0.014176275856955751
5.45,4955.676345037157,3.0376599469660245e-06,2.1528681295893922e-05,2.1528681295893922e-05,2.355200762274081e-10,0.015188299734830123
5.4625,4952.754484294279,3.2379056026200905e-06,2.1908745626559845e-05,2.1908745626559845e-05,2.3766652467283424e-10,0.016189528013100453
5.4750000000000005,4949.866596912743,3.4358229412805203e-06,2.2300951714314094e-05,2.2300951714314094e-05,2.39944175017274e-10,0.017179114706402602
5.487500000000001,4947.01519500297,3.63123979896209e-06,2.27045628233773e-05,2.27045628233773e-05,2.42351369660362e-10,0.01815619899481045
5.5,4944.2028328887245,3.823981118642363e-06,2.3118856806935742e-05,2.3118856806935742e-05,2.4488633495422577e-10,0.019119905593211816
5.5125,4941.43210563859,4.013869050911702e-06,2.354312762323271e-05,2.354312762323271e-05,2.475471793523768e-10,0.020069345254558512
5.525,4938.705647183553,4.2007230829762215e-06,2.3976686636902595e-05,2.3976686636902595e-05,2.5033189164411995e-10,0.02100361541488111
5.5375000000000005,4936.026127999745,4.384360197479942e-06,2.44188637130338e-05,2.44188637130338e-05,2.5323833929424727e-10,0.02192180098739971
5.550000000000001,4933.39625233621,4.564595062473721e-06,2.4869008112879616e-05,2.4869008112879616e-05,2.562642669086652e-10,0.022822975312368605
5.5625,4930.818754971999,4.741240253693016e-06,2.5326489201326232e-05,2.5326489201326232e-05,2.5940729484737234e-10,0.02370620126846508
5.575,4928.296397486901,4.914106510113255e-06,2.5790696977178258e-05,2.5790696977178258e-05,2.62664918006848e-10,0.024570532550566276
5.5875,4925.831964036122,5.0830030235319265e-06,2.6261042438043922e-05,2.6261042438043922e-05,2.660345047944084e-10,0.02541501511765963
5.6000000000000005,4923.428256621165,5.247737762680272e-06,2.6736957792105172e-05,2.6736957792105172e-05,2.6951329631742086e-10,0.02623868881340136
5.612500000000001,4921.088089853324,5.408117832096415e-06,2.7217896529357338e-05,2.7217896529357338e-05,2.7309840581041893e-10,0.027040589160482072
5.625,4918.814285210876,5.5639498656975225e-06,2.7703333365013785e-05,2.7703333365013785e-05,2.7678681832312207e-10,0.027819749328487613
5.6375,4916.609664795463,5.715040454673229e-06,2.819276406771199e-05,2.819276406771199e-05,2.8057539069211103e-10,0.028575202273366147
5.65,4914.477044598376,5.861196608988936e-06,2.8685705184946475e-05,2.8685705184946475e-05,2.8446085181843946e-10,0.02930598304494468
5.6625000000000005,4912.419227291388,6.002226251438545e-06,2.9181693677810716e-05,2.9181693677810716e-05,2.8843980327275956e-10,0.030011131257192725
5.675000000000001,4910.438994563686,6.137938742825809e-06,2.9680286476673737e-05,2.9680286476673737e-05,2.925087202485968e-10,0.030689693714129045
5.6875,4908.539099030786,6.268145436485207e-06,3.0181059968866608e-05,3.0181059968866608e-05,2.966639528832239e-10,0.03134072718242604
5.7,4906.7222557465175,6.3926602599818964e-06,3.068360942882834e-05,3.068360942882834e-05,3.0090172796415044e-10,0.03196330129990948
5.7125,4904.991133355687,6.511300321460332e-06,3.1187548400476734e-05,3.1187548400476734e-05,3.052181510375693e-10,0.03255650160730166
5.7250000000000005,4903.348344929212,6.623886537747538e-06,3.169250804084492e-05,3.169250804084492e-05,3.096092089331801e-10,0.03311943268873769
5.737500000000001,4901.796438529058,6.730244280965034e-06,3.219813643327319e-05,3.219813643327319e-05,3.1407077271766044e-10,0.03365122140482517
5.75,4900.337887555573,6.830204040068042e-06,3.270409787768262e-05,3.270409787768262e-05,3.1859860108667905e-10,0.03415102020034021
5.7625,4898.975080933659,6.923602093417345e-06,3.321007216469408e-05,3.321007216469408e-05,3.2318834420276603e-10,0.03461801046708673
5.775,4897.71031319891,7.010281188202987e-06,3.3715753839604426e-05,3.3715753839604426e-05,3.2783554798358115e-10,0.03505140594101493
5.7875000000000005,4896.545774549128,7.090091222285214e-06,3.422085146150037e-05,3.422085146150037e-05,3.3253565884218343e-10,0.03545045611142607
5.800000000000001,4895.483540927127,7.162889923800765e-06,3.472508686208751e-05,3.472508686208751e-05,3.3728402887781996e-10,0.035814449619003826
5.8125,4894.525564208118,7.228543523707375e-06,3.5228194408143665e-05,3.5228194408143665e-05,3.420759215125533e-10,0.03614271761853687
5.825,4893.673662561355,7.286927416308684e-06,3.5729920270877036e-05,3.5729920270877036e-05,3.46906517565759e-10,0.036434637081543424
5.8375,4892.92951106113,7.337926802720472e-06,3.623002170488477e-05,3.623002170488477e-05,3.5177092175518475e-10,0.03668963401360236
5.8500000000000005,4892.29463262063,7.381437312209023e-06,3.6728266338868574e-05,3.6728266338868574e-05,3.5666416960990323e-10,0.036907186561045115
5.862500000000001,4891.770389322242,7.417365596356411e-06,3.722443147977297e-05,3.722443147977297e-05,3.615812347771439e-10,0.037086827981782054
5.875,4891.357974216771,7.445629891086434e-06,3.771830343156923e-05,3.771830343156923e-05,3.6651703670169934e-10,0.03722814945543217
5.8875,4891.0584036622095,7.466160541720012e-06,3.82096768295141e-05,3.82096768295141e-05,3.7146644865339713e-10,0.037330802708600064
5.9,4890.87251026964,7.4789004864193685e-06,3.869835399036571e-05,3.869835399036571e-05,3.764243060750532e-10,0.03739450243209684
5.9125000000000005,4890.800936520251,7.48380569362583e-06,3.918414427874013e-05,3.918414427874013e-05,3.8138541522040823e-10,0.03741902846812915
5.925000000000001,4890.8441291138315,7.480845549394452e-06,3.966686348953639e-05,3.966686348953639e-05,3.863445620488326e-10,0.03740422774697226
5.9375,4891.002334102656,7.470003190877147e-06,4.014633324614672e-05,4.014633324614672e-05,3.9129652134110233e-10,0.03735001595438574
5.95,4891.27559286014,7.451275782601646e-06,4.062238041399743e-05,4.062238041399743e-05,3.96236065998323e-10,0.03725637891300823
5.9625,4891.66373892689,7.424674732631673e-06,4.1094836528833735e-05,4.1094836528833735e-05,4.011579764841495e-10,0.03712337366315836
5.9750000000000005,4892.166395769397,7.390225846169724e-06,4.156353723906553e-05,4.156353723906553e-05,4.0605705036883077e-10,0.036951129230848624
5.987500000000001,4892.782975479497,7.347969414672052e-06,4.202832176142907e-05,4.202832176142907e-05,4.109281119323301e-10,0.03673984707336026
6.0,4893.51267843598,7.297960239080057e-06,4.2489032349188675e-05,4.2489032349188675e-05,4.157660217828457e-10,0.03648980119540029
6.0125,4894.35449393847,7.2402675863264015e-06,4.294551377210135e-05,4.294551377210135e-05,4.2056568644649874e-10,0.03620133793163201
6.025,4895.3072018201865,7.174975078841699e-06,4.339761280739301e-05,4.339761280739301e-05,4.2532206788377385e-10,0.03587487539420849
6.0375000000000005,4896.369375033335,7.10218051736064e-06,4.38451777410462e-05,4.38451777410462e-05,4.3003019288849576e-10,0.0355109025868032
6.050000000000001,4897.53938319512,7.021995637898405e-06,4.4288057878773667e-05,4.4288057878773667e-05,4.3468516232570233e-10,0.035109978189492026
6.0625,4898.815397073311,6.9345458043319e-06,4.4726103066148455e-05,4.4726103066148455e-05,4.392821601657259e-10,0.0346727290216595
6.075,4900.195393982919,6.839969638568557e-06,4.5159163217476914e-05,4.5159163217476914e-05,4.4381646227310894e-10,0.03419984819284279
6.0875,4901.677164056113,6.738418590811348e-06,4.5587087853136145e-05,4.5587087853136145e-05,4.482834449106429e-10,0.033692092954056736
6.1000000000000005,4903.258317343383,6.6300564529263375e-06,4.600972564524864e-05,4.600972564524864e-05,4.5267859292081213e-10,0.03315028226463169
6.112500000000001,4904.9362916934715,6.5150588183817146e-06,4.6426923971734334e-05,4.6426923971734334e-05,4.569975075492249e-10,0.032575294091908576
6.125,4906.708361356414,6.393612492650253e-06,4.683852847896173e-05,4.683852847896173e-05,4.612359138771924e-10,0.03196806246325126
6.1375,4908.571646247237,6.26591485834524e-06,4.7244382653414235e-05,4.7244382653414235e-05,4.6538966783344876e-10,0.031329574291726205
6.15,4910.523121802806,6.13217319968888e-06,4.764432740299348e-05,4.764432740299348e-05,4.694547627580523e-10,0.030660865998444402
6.1625000000000005,4912.559629360956,5.992603991189323e-06,4.803820064879748e-05,4.803820064879748e-05,4.734273354947418e-10,0.029963019955946614
6.175000000000001,4914.677886987729,5.847432155624508e-06,4.8425836928435156e-05,4.8425836928435156e-05,4.773036719914016e-10,0.02923716077812254
6.1875,4916.874500675127,5.69689029659668e-06,4.880706701216983e-05,4.880706701216983e-05,4.81080212391776e-10,0.028484451482983397
6.2,4919.145975832227,5.541217911029881e-06,4.918171753341951e-05,4.918171753341951e-05,4.847535556051399e-10,0.027706089555149402
6.2125,4921.488728989268,5.3806605870335114e-06,4.9549610635379666e-05,4.9549610635379666e-05,4.883204633442224e-10,0.02690330293516756
6.2250000000000005,4923.899099636399,5.215469192549464e-06,4.991056363577267e-05,4.991056363577267e-05,4.917778636252735e-10,0.026077345962747318
6.237500000000001,4926.373362118826,5.0458990601395985e-06,5.026438871196384e-05,5.026438871196384e-05,4.951228537277181e-10,0.025229495300697992
6.25,4928.907737511659,4.8722091731568e-06,5.061089260891524e-05,5.061089260891524e-05,4.983527026143104e-10,0.024361045865784
6.2625,4931.498405400478,4.6946613583795325e-06,5.094987637267144e-05,5.094987637267144e-05,5.014648528160772e-10,0.02347330679189766
6.275,4934.141515496629,4.513519489980291e-06,5.1281135112283116e-05,5.1281135112283116e-05,5.04456921789561e-10,0.022567597449901455
6.2875000000000005,4936.8331990195,4.329048709446588e-06,5.160445779327183e-05,5.160445779327183e-05,5.073267027569389e-10,0.02164524354723294
6.300000000000001,4939.569579783122,4.141514665783853e-06,5.191962706591804e-05,5.191962706591804e-05,5.100721650424633e-10,0.020707573328919263
6.3125,4942.346784928246,3.951182780007585e-06,5.222641913181158e-05,5.222641913181158e-05,5.126914539213235e-10,0.019755913900037926
6.325,4945.160955246499,3.758317537582442e-06,5.2524603652234495e-05,5.2524603652234495e-05,5.15182889999458e-10,0.01879158768791221
6.3375,4948.008255049219,3.5631818120942787e-06,5.281394370204735e-05,5.281394370204735e-05,5.175449681450196e-10,0.017815909060471393
6.3500000000000005,4950.884881537697,3.3660362230523105e-06,5.309419577281662e-05,5.309419577281662e-05,5.197763559941194e-10,0.016830181115261553
6.362500000000001,4953.787073639423,3.1671385303186e-06,5.33651098289501e-05,5.33651098289501e-05,5.218758920551308e-10,0.015835692651593
6.375,4956.711120279386,2.966743067255824e-06,5.3626429420593707e-05,5.3626429420593707e-05,5.238425834372196e-10,0.01483371533627912
6.3875,4959.65336806136,2.765100214276883e-06,5.387789185698445e-05,5.387789185698445e-05,5.256756032298842e-10,0.013825501071384414
6.4,4962.610228341734,2.562455914076629e-06,5.411922844384605e-05,5.411922844384605e-05,5.273742875611359e-10,0.012812279570383145
6.4125000000000005,4965.578183681633,2.359051229430887e-06,5.435016478825315e-05,5.435016478825315e-05,5.289381323625394e-10,0.011795256147154435
6.425000000000001,4968.553793670695,2.1551219440654798e-06,5.4570421174174646e-05,5.4570421174174646e-05,5.303667898696637e-10,0.010775609720327399
6.4375,4971.53370012077,1.9508982067320566e-06,5.47797130116329e-05,5.47797130116329e-05,5.316600648865871e-10,0.009754491033660283
6.45,4974.514631631659,1.7466042182810572e-06,5.497775136208397e-05,5.497775136208397e-05,5.32817910842958e-10,0.008733021091405287
6.4625,4977.493407537785,1.5424579611985696e-06,5.5164243542230994e-05,5.5164243542230994e-05,5.33840425671763e-10,0.007712289805992849
6.4750000000000005,4980.466941247133,1.3386709707750423e-06,5.533889380803061e-05,5.533889380803061e-05,5.347278475353999e-10,0.006693354853875211
6.487500000000001,4983.432242988527,1.1354481468018185e-06,5.550140412013899e-05,5.550140412013899e-05,5.35480550426921e-10,0.005677240734009092
6.5,4986.386421988118,9.329876044481689e-07,5.565147499147373e-05,5.565147499147373e-05,5.360990396724225e-10,0.004664938022240844
6.5125,4989.326688095813,7.31480562756676e-07,5.578880641694032e-05,5.578880641694032e-05,5.365839473595144e-10,0.0036574028137833802
6.525,4992.250352889254,5.311112690103614e-07,5.5913098884692404e-05,5.5913098884692404e-05,5.369360277156536e-10,0.0026555563450518073
6.5375000000000005,4995.154830281567,3.320569570696038e-07,5.602405446756713e-05,5.602405446756713e-05,5.371561524588574e-10,0.0016602847853480192
6.550000000000001,4998.037636663321,1.3448783765119064e-07,5.61213779925658e-05,5.61213779925658e-05,5.372453061419732e-10,0.0006724391882559532
6.5625,5000.8963906090885,-6.14328815755633e-08,5.620477828544285e-05,5.620477828544285e-05,5.372045815102702e-10,-0.0003071644078778165
6.575,5003.728812181418,-2.55548948270429e-07,5.627396948662916e-05,5.627396948662916e-05,5.370351748906635e-10,-0.001277744741352145
6.5875,5006.532721863978,-4.477109923202954e-07,5.632867243385859e-05,5.632867243385859e-05,5.367383816293997e-10,-0.002238554961601477
6.6000000000000005,5009.306039157588,-6.37776429611409e-07,5.636861610599683e-05,5.636861610599683e-05,5.363155915935317e-10,-0.003188882148057045
6.612500000000001,5012.046780871593,-8.256093449303674e-07,5.639353912170096e-05,5.639353912170096e-05,5.357682847500212e-10,-0.0041280467246518375
6.625,5014.753059142988,-1.0110803562241025e-06,5.6403191285675486e-05,5.6403191285675486e-05,5.350980268348237e-10,-0.005055401781120512
6.6375,5017.423079216078,-1.1940664624063541e-06,5.639733517444821e-05,5.639733517444821e-05,5.34306465122866e-10,-0.00597033231203177
6.65,5020.055137012498,-1.3744508768388521e-06,5.6375747752778683e-05,5.6375747752778683e-05,5.333953243084092e-10,-0.006872254384194261
6.6625000000000005,5022.647616522373,-1.552122848541751e-06,5.633822201104435e-05,5.633822201104435e-05,5.323664025039357e-10,-0.007760614242708755
6.675000000000001,5025.1989870454645,-1.7269774731020248e-06,5.628456861323719e-05,5.628456861323719e-05,5.312215673643854e-10,-0.008634887365510123
6.6875,5027.707800308847,-1.8989154951527587e-06,5.6214617544558914e-05,5.6214617544558914e-05,5.299627523423329e-10,-0.009494577475763794
6.7,5030.172687487712,-2.0678431041925132e-06,5.612821974703608e-05,5.612821974703608e-05,5.285919530785163e-10,-0.010339215520962565
6.7125,5032.592356153076,-2.2336717254041225e-06,5.6025248731099587e-05,5.6025248731099587e-05,5.27111223931037e-10,-0.011168358627020612
6.7250000000000005,5034.9655871692,-2.3963178070185476e-06,5.590560215069659e-05,5.590560215069659e-05,5.255226746455174e-10,-0.011981589035092739
6.737500000000001,5037.291231561492,-2.5557026056532153e-06,5.57692033292352e-05,5.57692033292352e-05,5.23828467167561e-10,-0.012778513028266077
6.75,5039.568207373457,-2.7117519709374745e-06,5.561600272351307e-05,5.561600272351307e-05,5.220308125979867e-10,-0.013558759854687373
6.7625,5041.795496531662,-2.8643961306214712e-06,5.544597931275641e-05,5.544597931275641e-05,5.201319682905178e-10,-0.014321980653107356
6.775,5043.972141732652,-3.013569477250892e-06,5.5259141900002186e-05,5.5259141900002186e-05,5.181342350908856e-10,-0.01506784738625446
6.7875000000000005,5046.0972433674815,-3.159210357378871e-06,5.5055530313297386e-05,5.5055530313297386e-05,5.160399547156694e-10,-0.015796051786894354
6.800000000000001,5048.169956495656,-3.3012608641797895e-06,5.483521649456776e-05,5.483521649456776e-05,5.138515072686125e-10,-0.016506304320898946
6.8125,5050.189487879582,-3.4396666342279266e-06,5.459830546452441e-05,5.459830546452441e-05,5.115713088916591e-10,-0.017198333171139633
6.825,5052.155093090171,-3.5743766491077163e-06,5.4344936152629964e-05,5.4344936152629964e-05,5.092018095475038e-10,-0.01787188324553858
6.8375,5054.066073690705,-3.705343042432817e-06,5.40752820819328e-05,5.40752820819328e-05,5.067454909300726e-10,-0.018526715212164084
6.8500000000000005,5055.921774507184,-3.832520912767756e-06,5.3789551899492574e-05,5.3789551899492574e-05,5.042048644990188e-10,-0.01916260456383878
6.862500000000001,5057.721580990881,-3.955868142869715e-06,5.348798974415726e-05,5.348798974415726e-05,5.015824696340472e-10,-0.019779340714348576
6.875,5059.4649166780055,-4.075345225598791e-06,5.3170875444601076e-05,5.3170875444601076e-05,4.988808719046436e-10,-0.020376726127993957
6.8875,5061.151240751151,-4.190915096782819e-06,5.28385245417841e-05,5.28385245417841e-05,4.961026614506009e-10,-0.020954575483914096
6.9,5062.780045705209,-4.302542975267823e-06,5.249128813133507e-05,5.249128813133507e-05,4.932504514685775e-10,-0.021512714876339115
6.9125000000000005,5064.350855121119,-4.4101962103369405e-06,5.2129552522776374e-05,5.2129552522776374e-05,4.903268767998033e-10,-0.022050981051684702
6.925000000000001,5065.8632215490325,-4.513844136639124e-06,5.175373871398717e-05,5.175373871398717e-05,4.873345926139564e-10,-0.022569220683195623
6.9375,5067.316724502613,-4.613457936734005e-06,5.1364301680823326e-05,5.1364301680823326e-05,4.842762731841593e-10,-0.023067289683670025
6.95,5068.710968565942,-4.709010511330176e-06,5.0961729483362167e-05,5.0961729483362167e-05,4.811546107479966e-10,-0.02354505255665088
6.9625,5070.045581612555,-4.800476357271264e-06,5.054654219179913e-05,5.054654219179913e-05,4.779723144494164e-10,-0.02400238178635632
6.9750000000000005,5071.320213139372,-4.887831453305864e-06,5.0119290636573624e-05,5.0119290636573624e-05,4.747321093563575e-10,-0.02443915726652932
6.987500000000001,5072.534532713139,-4.971053153664912e-06,4.9680554988825186e-05,4.9680554988825186e-05,4.714367355489245e-10,-0.024855265768324558
7.0,5073.688228532469,-5.0501200894610405e-06,4.923094317875888e-05,4.923094317875888e-05,4.680889472729267e-10,-0.0252506004473052
7.0125,5074.781006102696,-5.12501207792037e-06,4.87710891609146e-05,4.87710891609146e-05,4.646915121535888e-10,-0.02562506038960185
7.025,5075.812587026342,-5.1957100394556256e-06,4.830165103667065e-05,4.830165103667065e-05,4.6124721046423435e-10,-0.025978550197278127
7.0375000000000005,5076.78270790738,-5.2621959225916165e-06,4.7823309045551444e-05,4.7823309045551444e-05,4.577588344447374e-10,-0.026310979612958082
7.050000000000001,5077.691119370876,-5.324452636758254e-06,4.733676343803853e-05,4.733676343803853e-05,4.542291876645264e-10,-0.02662226318379127
7.0625,5078.537585197087,-5.3824639929726915e-06,4.6842732243589185e-05,4.6842732243589185e-05,4.5066108442491074e-10,-0.026912319964863457
7.075,5079.321881571892,-5.436214652439867e-06,4.634194894843634e-05,4.634194894843634e-05,4.470573491954802e-10,-0.02718107326219933
7.0875,5080.0437964525545,-5.485690083109501e-06,4.583516009846705e-05,4.583516009846705e-05,4.434208160793041e-10,-0.027428450415547503
7.1000000000000005,5080.703129050887,-5.530876524236897e-06,4.532312284304761e-05,4.532312284304761e-05,4.397543283016228e-10,-0.027654382621184487
7.112500000000001,5081.299689433476,-5.57176095900419e-06,4.480660243607361e-05,4.480660243607361e-05,4.360607377166894e-10,-0.027858804795020953
7.125,5081.833298240894,-5.608331095267467e-06,4.4286369710771847e-05,4.4286369710771847e-05,4.323429043273741e-10,-0.028041655476337333
7.1375,5082.3037865265605,-5.640575354503286e-06,4.376319854486362e-05,4.376319854486362e-05,4.286036958120963e-10,-0.028202876772516428
7.15,5082.710995716065,-5.668482869034744e-06,4.3237863332619214e-05,4.3237863332619214e-05,4.248459870535955e-10,-0.02834241434517372
7.1625000000000005,5083.054777688812,-5.6920434876221726e-06,4.2711136480091014e-05,4.2711136480091014e-05,4.2107265966399576e-10,-0.028460217438110863
7.175000000000001,5083.334994982853,-5.711247789506329e-06,4.218378593941586e-05,4.218378593941586e-05,4.1728660150056143e-10,-0.028556238947531648
7.1875,5083.551521124536,-5.726087106992229e-06,4.165657279753002e-05,4.165657279753002e-05,4.134907061664811e-10,-0.028630435534961148
7.2,5083.704241083938,-5.736553556659093e-06,4.113024893395313e-05,4.113024893395313e-05,4.096878724909622e-10,-0.028682767783295465
7.2125,5083.793051857087,-5.742640079276156e-06,4.060555476148045e-05,4.060555476148045e-05,4.058810039828655e-10,-0.02871320039638078
7.2250000000000005,5083.817863176539,-5.744340488494508e-06,4.008321706268736e-05,4.008321706268736e-05,4.0207300825206025e-10,-0.02872170244247254
7.237500000000001,5083.778598350966,-5.741649528371999e-06,3.9563946934110375e-05,3.9563946934110375e-05,3.9826679639264614e-10,-0.02870824764186
7.25,5083.675195233594,-5.734562939771025e-06,3.904843784883806e-05,3.904843784883806e-05,3.944652823221588e-10,-0.028672814698855124
7.2625,5083.507607321084,-5.723077535647237e-06,3.8537363847039554e-05,3.8537363847039554e-05,3.906713820708658e-10,-0.028615387678236185
7.275,5083.275804981476,-5.707191285221322e-06,3.80313778626925e-05,3.80313778626925e-05,3.868880130152638e-10,-0.02853595642610661
7.2875000000000005,5082.97977681173,-5.686903406995254e-06,3.753111019346273e-05,3.753111019346273e-05,3.8311809304991453e-10,-0.02843451703497627
7.300000000000001,5082.61953112261,-5.662214470539212e-06,3.703716711935079e-05,3.703716711935079e-05,3.793645396918043e-10,-0.02831107235269606
7.3125,5082.195097550437,-5.633126506935222e-06,3.655012967437161e-05,3.655012967437161e-05,3.756302691114897e-10,-0.028165632534676112
7.325,5081.706528792437,-5.599643127719005e-06,3.607055257418835e-05,3.607055257418835e-05,3.7191819508539463e-10,-0.027998215638595024
7.3375,5081.153902463519,-5.561769652112158e-06,3.55989633012954e-05,3.55989633012954e-05,3.6823122786376396e-10,-0.02780884826056079
7.3500000000000005,5080.537323069515,-5.519513242283228e-06,3.513586134805188e-05,3.513586134805188e-05,3.645722729489508e-10,-0.027597566211416142
7.362500000000001,5079.85692409365,-5.47288304631815e-06,3.4681717616620094e-05,3.4681717616620094e-05,3.609442297789266e-10,-0.02736441523159075
7.375,5079.112870189547,-5.421890348518843e-06,3.423697397367432e-05,3.423697397367432e-05,3.57349990311157e-10,-0.027109451742594215
7.3875,5078.305359474504,-5.366548726583267e-06,3.380204295662553e-05,3.380204295662553e-05,3.5379243750228036e-10,-0.026832743632916337
7.4,5077.434625916134,-5.306874215151696e-06,3.337730762706623e-05,3.337730762706623e-05,3.5027444367936993e-10,-0.02653437107575848
7.4125000000000005,5076.500941802787,-5.242885475132768e-06,3.296312156618508e-05,3.296312156618508e-05,3.4679886879894726e-10,-0.026214427375663842
7.425000000000001,5075.504620289249,-5.174603968149564e-06,3.2559809006039214e-05,3.2559809006039214e-05,3.4336855859035346e-10,-0.025873019840747823
7.4375,5074.446018005937,-5.102054135371281e-06,3.2167665089808855e-05,3.2167665089808855e-05,3.399863425805704e-10,-0.025510270676856402
7.45,5073.325537720593,-5.02526357992057e-06,3.1786956253497105e-05,3.1786956253497105e-05,3.36655031998122e-10,-0.02512631789960285
7.4625,5072.143631038894,-4.944263251971193e-06,3.1417920720980124e-05,3.1417920720980124e-05,3.3337741755427175e-10,-0.024721316259855963
7.4750000000000005,5070.900801130842,-4.859087635576005e-06,3.1060769103859115e-05,3.1060769103859115e-05,3.301562671003697e-10,-0.024295438177880026
7.487500000000001,5069.597605466949,-4.769774936192498e-06,3.071568509721609e-05,3.071568509721609e-05,3.2699432316088655e-10,-0.02384887468096249
7.5,5068.234658548254,-4.676367267802852e-06,3.0382826262127147e-05,3.0382826262127147e-05,3.2389430034240323e-10,-0.02338183633901426
7.5125,5066.812634614151,-4.578910838458745e-06,3.006232488563734e-05,3.006232488563734e-05,3.2085888261960065e-10,-0.022894554192293724
7.525,5065.332270308456,-4.477456133019196e-06,2.9754288908846008e-05,2.9754288908846008e-05,3.1789072050011017e-10,-0.02238728066509598
7.5375000000000005,5063.794367286129,-4.372058091793033e-06,2.9458802913784743e-05,2.9458802913784743e-05,3.1499242807093983e-10,-0.021860290458965162
7.550000000000001,5062.199794740741,-4.262776283747597e-06,2.9175929159887256e-05,2.9175929159887256e-05,3.1216657993007815e-10,-0.021313881418737985
7.5625,5060.549491832225,-4.149675072902768e-06,2.8905708661042973e-05,2.8905708661042973e-05,3.0941570800779347e-10,-0.020748375364513842
7.575,5058.84446999486,-4.0328237764952445e-06,2.8648162294488867e-05,2.8648162294488867e-05,3.06742298283084e-10,-0.020164118882476222
7.5875,5057.085815103896,-3.912296813473294e-06,2.840329193311741e-05,2.840329193311741e-05,3.0414878740168887e-10,-0.01956148406736647
7.6000000000000005,5055.2746894800075,-3.7881738418676034e-06,2.8171081593156163e-05,2.8171081593156163e-05,3.0163755920303443e-10,-0.018940869209338018
7.612500000000001,5053.412333710256,-3.660539883580271e-06,2.795149858959784e-05,2.795149858959784e-05,2.992109411644562e-10,-0.018302699417901355
7.625,5051.5000682640075,-3.529485435142181e-06,2.774449469222038e-05,2.774449469222038e-05,2.968712007719985e-10,-0.017647427175710904
7.6375,5049.539294883557,-3.395106563009267e-06,2.7550007275527585e-05,2.7550007275527585e-05,2.9462054182804086e-10,-0.016975532815046334
7.65,5047.531497728608,-3.257504982001484e-06,2.7367960456453618e-05,2.7367960456453618e-05,2.9246110070692626e-10,-0.016287524910007418
7.6625000000000005,5045.478244255253,-3.1167881155345694e-06,2.7198266214202534e-05,2.7198266214202534e-05,2.9039494257066114e-10,-0.015583940577672846
7.675000000000001,5043.381185810284,-2.9730691363545293e-06,2.7040825487129257e-05,2.7040825487129257e-05,2.8842405755761174e-10,-0.014865345681772646
7.6875,5041.242057923034,-2.8264669865580103e-06,2.6895529242105323e-05,2.6895529242105323e-05,2.8655035695792885e-10,-0.014132334932790052
7.7,5039.062680279207,-2.6771063757683306e-06,2.67622595123443e-05,2.67622595123443e-05,2.847756693901818e-10,-0.013385531878841653
7.7125,5036.844956360362,-2.5251177564370802e-06,2.66408904001834e-05,2.66408904001834e-05,2.8310173699436504e-10,-0.012625588782185402
7.7250000000000005,5034.590872736234,-2.3706372753539903e-06,2.6531289041823832e-05,2.6531289041823832e-05,2.815302116570497e-10,-0.011853186376769952
7.737500000000001,5032.302497998506,-2.213806700572851e-06,2.6433316531519158e-05,2.6433316531519158e-05,2.800626512849766e-10,-0.011069033502864254
7.75,5029.981981326427,-2.054773323098175e-06,2.6346828803164043e-05,2.6346828803164043e-05,2.787005161438229e-10,-0.010273866615490875
7.7625,5027.631550676571,-1.8936898328248777e-06,2.6271677467672723e-05,2.6271677467672723e-05,2.774451652792093e-10,-0.009468449164124388
7.775,5025.253510591598,-1.730714168380637e-06,2.6207710604944403e-05,2.6207710604944403e-05,2.7629785303724907e-10,-0.008653570841903185
7.7875000000000005,5022.850239626087,-1.5660093406864723e-06,2.6154773509589887e-05,2.6154773509589887e-05,2.7525972570206076e-10,-0.007830046703432361
7.800000000000001,5020.424187388179,-1.399743230224443e-06,2.611270938993872e-05,2.611270938993872e-05,2.7433181826767485e-10,-0.006998716151122215
7.8125,5017.977871200332,-1.2320883581804055e-06,2.6081360020158047e-05,2.6081360020158047e-05,2.7351505136165264e-10,-0.006160441790902027
7.825,5015.513872383759,-1.0632216318132351e-06,2.606056634559284e-05,2.606056634559284e-05,2.7281022833750325e-10,-0.005316108159066176
7.8375,5013.034832175021,-8.933240645878911e-07,2.605016904168281e-05,2.605016904168281e-05,2.722180325526277e-10,-0.004466620322939456
7.8500000000000005,5010.543447284585,-7.225804717968623e-07,2.6050009027023727e-05,2.6050009027023727e-05,2.717390248480397e-10,-0.0036129023589843113
7.862500000000001,5008.042465111081,-5.51179142580591e-07,2.6059927931321997e-05,2.6059927931321997e-05,2.7137364124550787e-10,-0.002755895712902955
7.875,5005.534678627313,-3.7931148944095405e-07,2.607976851914174e-05,2.607976851914174e-05,2.7112219087704004e-10,-0.0018965574472047703
7.8875,5003.022920956386,-2.071716765208796e-07,2.6109375070464985e-05,2.6109375070464985e-05,2.709848541607859e-10,-0.001035858382604398
7.9,5000.510059658952,-3.4956228095815505e-08,2.614859371917994e-05,2.614859371917994e-05,2.7096168123647537e-10,-0.00017478114047907753
7.9125000000000005,4997.998990755393,1.3713638111280107e-07,2.61972727506809e-05,2.61972727506809e-05,2.710525906724431e-10,0.0006856819055640053
7.925000000000001,4995.492632508397,3.0890615203732456e-07,2.6255262859809438e-05,2.6255262859809438e-05,2.7125736845512044e-10,0.0015445307601866228
7.9375,4992.993918993898,4.801520018691801e-07,2.6322417370390927e-05,2.6322417370390927e-05,2.7157566727060983e-10,0.002400760009345901
7.95,4990.505793490156,6.506722171320236e-07,2.6398592417626918e-05,2.6398592417626918e-05,2.7200700608660707e-10,0.003253361085660118
7.9625,4988.031201716278,8.202649170698618e-07,2.6483647094593506e-05,2.6483647094593506e-05,2.7255077004150976e-10,0.004101324585349309
7.9750000000000005,4985.573084953219,9.887285250978804e-07,2.6577443564072028e-05,2.6577443564072028e-05,2.73206210646056e-10,0.004943642625489401
7.987500000000001,4983.134373080737,1.1558622459812554e-06,2.6679847136902652e-05,2.6679847136902652e-05,2.7397244630129114e-10,0.005779311229906277
8.0,4980.717977566397,1.321466546343089e-06,2.6790726318007053e-05,2.6790726318007053e-05,2.7484846313506963e-10,0.006607332731715445
8.012500000000001,4978.326784441509,1.4853436360569648e-06,2.690995282117453e-05,2.690995282117453e-05,2.758331161576773e-10,0.007426718180284824
8.025,4975.963647299687,1.647297948053416e-06,2.7037401553649848e-05,2.7037401553649848e-05,2.769251307355241e-10,0.00823648974026708
8.0375,4973.631380355439,1.8071366140634126e-06,2.7172950571502547e-05,2.7172950571502547e-05,2.781231043802129e-10,0.009035683070317062
8.05,4971.332751597534,1.96466993383531e-06,2.731648100669779e-05,2.731648100669779e-05,2.7942550884865815e-10,0.009823349669176551
8.0625,4969.070476073065,2.119711835395145e-06,2.7467876966731692e-05,2.7467876966731692e-05,2.8083069254831684e-10,0.010598559176975726
8.075000000000001,4966.84720933712,2.272080323973148e-06,2.7627025407639024e-05,2.7627025407639024e-05,2.823368832400187e-10,0.01136040161986574
8.0875,4964.66554110138,2.4215979172913143e-06,2.779381598113209e-05,2.779381598113209e-05,2.8394219102935357e-10,0.012107989586456572
8.1,4962.527989113816,2.5680920649972496e-06,2.796814085658596e-05,2.796814085658596e-05,2.8564461163610754e-10,0.012840460324986248
8.1125,4960.436993300778,2.711395550137447e-06,2.8149894518550436e-05,2.8149894518550436e-05,2.874420299298399e-10,0.013556977750687234
8.125,4958.394910199933,2.851346870687357e-06,2.8338973540442454e-05,2.8338973540442454e-05,2.893322237183819e-10,0.014256734353436785
8.137500000000001,4956.404007711069,2.987790599295005e-06,2.853527633505687e-05,2.853527633505687e-05,2.9131286777481334e-10,0.014938952996475024
8.15,4954.466460189447,3.120577719547995e-06,2.873870288252852e-05,2.873870288252852e-05,2.933815380873559e-10,0.015602888597739976
8.1625,4952.584343904198,3.2495659372390524e-06,2.8949154436385223e-05,2.8949154436385223e-05,2.95535716315607e-10,0.016247829686195262
8.175,4950.759632880677,3.3746199652808577e-06,2.916653320835092e-05,2.916653320835092e-05,2.977727944356485e-10,0.016873099826404288
8.1875,4948.994195145158,3.4956117811056626e-06,2.9390742032590173e-05,2.9390742032590173e-05,3.0009007955578797e-10,0.017478058905528313
8.200000000000001,4947.289789384174,3.612420855576169e-06,2.962168401013083e-05,2.962168401013083e-05,3.0248479888404826e-10,0.018062104277880846
8.2125,4945.6480620317325,3.724934352630945e-06,2.985926213426023e-05,2.985926213426023e-05,3.049541048280046e-10,0.018624671763154726
8.225,4944.070544791668,3.8330472990868625e-06,3.0103378897762184e-05,3.0103378897762184e-05,3.074950802071856e-10,0.019165236495434314
8.2375,4942.558652600713,3.936662724221858e-06,3.035393588294664e-05,3.035393588294664e-05,3.1010474355800586e-10,0.01968331362110929
8.25,4941.113682035491,4.03569176896134e-06,3.061083333552132e-05,3.061083333552132e-05,3.1278005451107894e-10,0.0201784588448067
8.262500000000001,4939.736810162618,4.130053764689099e-06,3.087396972346363e-05,3.087396972346363e-05,3.1551791922077586e-10,0.020650268823445492
8.275,4938.429093828639,4.219676281896756e-06,3.1143241282171255e-05,3.1143241282171255e-05,3.1831519582703326e-10,0.02109838140948378
8.2875,4937.191469384572,4.3044951490731524e-06,3.141854154730034e-05,3.141854154730034e-05,3.211686999296841e-10,0.02152247574536576
8.3,4936.024752835952,4.384454442414753e-06,3.1699760876839205e-05,3.1699760876839205e-05,3.240752100559669e-10,0.021922272212073764
8.3125,4934.929640407782,4.459506447108951e-06,3.198678596411256e-05,3.198678596411256e-05,3.2703147310236926e-10,0.022297532235544756
8.325000000000001,4933.906709511006,4.529611591102613e-06,3.227949934356416e-05,3.227949934356416e-05,3.30034209732566e-10,0.022648057955513064
8.3375,4932.956420094889,4.594738352417133e-06,3.2577778891323485e-05,3.2577778891323485e-05,3.330801197139148e-10,0.022973691762085663
8.35,4932.079116367757,4.654863141207793e-06,3.2881497322722296e-05,3.2881497322722296e-05,3.361658871757679e-10,0.023274315706038967
8.3625,4931.275028867472,4.7099701578884764e-06,3.319052168908801e-05,3.319052168908801e-05,3.392881857737328e-10,0.023549850789442384
8.375,4930.54427685972,4.760051228751741e-06,3.35047128763007e-05,3.35047128763007e-05,3.4244368374496315e-10,0.023800256143758705
8.387500000000001,4929.886871042674,4.805105620609125e-06,3.382392510775687e-05,3.382392510775687e-05,3.456290488405728e-10,0.024025528103045625
8.4,4929.3027165345475,4.84513983605621e-06,3.4148005454533986e-05,3.4148005454533986e-05,3.488409531223282e-10,0.024225699180281047
8.4125,4928.791616119067,4.880167391031807e-06,3.447679335569223e-05,3.447679335569223e-05,3.52076077611882e-10,0.024400836955159037
8.425,4928.353273724654,4.910208576390479e-06,3.481012015178244e-05,3.481012015178244e-05,3.5533111678195017e-10,0.02455104288195239
8.4375,4927.987298111024,4.935290205242382e-06,3.514780863474837e-05,3.514780863474837e-05,3.5860278287999744e-10,0.02467645102621191
8.450000000000001,4927.693206737505,4.95544534783503e-06,3.5489672617515896e-05,3.5489672617515896e-05,3.6188781007617257e-10,0.02477722673917515
8.4625,4927.470429787547,4.970713055757716e-06,3.583551652664791e-05,3.583551652664791e-05,3.651829584284152e-10,0.02485356527878858
8.475,4927.318314322571,4.9811380772421316e-06,3.618513502151078e-05,3.618513502151078e-05,3.6848501765883183e-10,0.02490569038621066
8.4875,4927.2361285406805,4.986770565312775e-06,3.653831264344204e-05,3.653831264344204e-05,3.7179081073660134e-10,0.024933852826563872
8.5,4927.223066114308,4.987665780508536e-06,3.68948234984296e-05,3.68948234984296e-05,3.750971972638104e-10,0.024938328902542682
8.512500000000001,4927.278250582548,4.983883789853609e-06,3.725443097680595e-05,3.725443097680595e-05,3.784010766617334e-10,0.024919418949268045
8.525,4927.40073977473,4.975489163702477e-06,3.761688751342698e-05,3.761688751342698e-05,3.8169939115614673e-10,0.024877445818512388
8.5375,4927.589530242052,4.962550672020935e-06,3.798193439174065e-05,3.798193439174065e-05,3.849891285613041e-10,0.024812753360104675
8.55,4927.843561675807,4.945140981594314e-06,3.834930159505614e-05,3.834930159505614e-05,3.8826732486318735e-10,0.024725704907971567
8.5625,4928.161721291162,4.92333635557606e-06,3.871870770819664e-05,3.871870770819664e-05,3.915310666035843e-10,0.0246166817778803
8.575000000000001,4928.542848157816,4.897216356705945e-06,3.908985987255969e-05,3.908985987255969e-05,3.94777493067426e-10,0.024486081783529727
8.5875,4928.985737458828,4.866863555438195e-06,3.946245379741551e-05,3.946245379741551e-05,3.980037982766385e-10,0.024334317777190972
8.6,4929.489144660877,4.8323632441271e-06,3.983617383004805e-05,3.983617383004805e-05,4.01207232794525e-10,0.0241618162206355
8.6125,4930.051789581112,4.793803158322172e-06,4.02106930870838e-05,4.02106930870838e-05,4.043851053453904e-10,0.02396901579161086
8.625,4930.672360336102,4.751273206127413e-06,4.0585673649062665e-05,4.0585673649062665e-05,4.0753478425475535e-10,0.023756366030637067
8.637500000000001,4931.349517160683,4.70486520648116e-06,4.096076681998202e-05,4.096076681998202e-05,4.1065369871607234e-10,0.023524326032405802
8.65,4932.081896085665,4.654672637114714e-06,4.133561345319341e-05,4.133561345319341e-05,4.1373933989036043e-10,0.02327336318557357
8.6625,4932.868112464445,4.600790392850764e-06,4.1709844344651125e-05,4.1709844344651125e-05,4.1678926184561296e-10,0.02300395196425382
8.675,4933.7067643407745,4.543314554807016e-06,4.208308069410633e-05,4.208308069410633e-05,4.1980108234320755e-10,0.02271657277403508
8.6875,4934.596435650391,4.482342170977191e-06,4.245493463441251e-05,4.245493463441251e-05,4.2277248347886044e-10,0.022411710854885955
8.700000000000001,4935.535699250975,4.417971048571403e-06,4.282500982865975e-05,4.282500982865975e-05,4.2570121218592046e-10,0.022089855242857018
8.7125,4936.523119776376,4.350299558411242e-06,4.319290213439072e-05,4.319290213439072e-05,4.285850806089943e-10,0.02175149779205621
8.725,4937.55725631165,4.279426451592261e-06,4.355820033367463e-05,4.355820033367463e-05,4.3142196635603493e-10,0.021397132257961304
8.7375,4938.6366648873445,4.20545068854835e-06,4.392048692732918e-05,4.392048692732918e-05,4.342098126371145e-10,0.021027253442741752
8.75,4939.759900791878,4.128471280578973e-06,4.427933899109059e-05,4.427933899109059e-05,4.3694662829814383e-10,0.020642356402894864
8.762500000000001,4940.925520701986,4.0485871438316315e-06,4.46343290910413e-05,4.46343290910413e-05,4.396304877577951e-10,0.020242935719158157
8.775,4942.132084632717,3.965896965668562e-06,4.498502625511957e-05,4.498502625511957e-05,4.42259530855837e-10,0.01982948482834281
8.7875,4943.37815770851,3.880499083288385e-06,4.533099699705873e-05,4.533099699705873e-05,4.4483196262100707e-10,0.019402495416441925
8.8,4944.662311758046,3.7924913744203964e-06,4.567180638864172e-05,4.567180638864172e-05,4.4734605296642347e-10,0.018962456872101983
8.8125,4945.983126736481,3.7019711598614282e-06,4.600701917571317e-05,4.600701917571317e-05,4.498001363203876e-10,0.01850985579930714
8.825000000000001,4947.339191978672,3.6090351175824557e-06,4.6336200932971655e-05,4.6336200932971655e-05,4.521926112002466e-10,0.018045175587912278
8.8375,4948.729107288195,3.5137792080944112e-06,4.665891925217286e-05,4.665891925217286e-05,4.545219397367802e-10,0.017568896040472057
8.85,4950.15148386716,3.4162986107296944e-06,4.6974744958015856e-05,4.6974744958015856e-05,4.567866471563475e-10,0.01708149305364847
8.8625,4951.604945091813,3.316687670467403e-06,4.7283253345661853e-05,4.7283253345661853e-05,4.5898532122778374e-10,0.016583438352337013
8.875,4953.08812714101,3.2150398549064486e-06,4.75840254335538e-05,4.75840254335538e-05,4.611166116807738e-10,0.016075199274532243
8.887500000000001,4954.599679481183,3.1114477209701956e-06,4.7876649224967196e-05,4.7876649224967196e-05,4.6317922960215387e-10,0.015557238604850978
8.9,4956.138265217255,3.0060028909104408e-06,4.816072097153286e-05,4.816072097153286e-05,4.6517194681630617e-10,0.015030014454552204
8.9125,4957.702561312962,2.8987960371651287e-06,4.843584643183208e-05,4.843584643183208e-05,4.67093595255515e-10,0.014493980185825643
8.925,4959.2912586897555,2.7899168756146326e-06,4.870164211807682e-05,4.870164211807682e-05,4.689430663258531e-10,0.013949584378073162
8.9375,4960.903062209117,2.679454166774095e-06,4.895773652385399e-05,4.895773652385399e-05,4.707193102738573e-10,0.013397270833870474
8.950000000000001,4962.5366905461815,2.5674957244546434e-06,4.9203771325933906e-05,4.9203771325933906e-05,4.724213355589473e-10,0.012837478622273217
8.9625,4964.190875961323,2.454128431423674e-06,4.943940255322042e-05,4.943940255322042e-05,4.740482082362245e-10,0.012270642157118369
8.975,4965.864363976472,2.339438261593432e-06,4.966430171605268e-05,4.966430171605268e-05,4.755990513539807e-10,0.01169719130796716
8.9875,4967.5559129627345,2.223510308267644e-06,4.9878156889256834e-05,4.9878156889256834e-05,4.770730443699316e-10,0.011117551541338219
9.0,4969.2642936468355,2.106428817977686e-06,5.0080673742587716e-05,5.0080673742587716e-05,4.784694225898805e-10,0.01053214408988843
9.012500000000001,4970.988288542609,1.9882772294423574e-06,5.027157651249511e-05,5.027157651249511e-05,4.797874766322094e-10,0.009941386147211788
9.025,4972.726691314501,1.8691382171884179e-06,5.0450608909493255e-05,5.0450608909493255e-05,4.810265519212865e-10,0.00934569108594209
9.0375,4974.47830607982,1.7490937393727715e-06,5.061753495580377e-05,5.061753495580377e-05,4.821860482125753e-10,0.008745468696863858
9.05,4976.241946656126,1.6282250893507817e-06,5.077213974837726e-05,5.077213974837726e-05,4.832654191519298e-10,0.008141125446753909
9.0625,4978.016435760987,1.5066129505391353e-06,5.091423014287419e-05,5.091423014287419e-05,4.842641718712576e-10,0.0075330647526956765
9.075000000000001,4979.800604169647,1.3843374541251059e-06,5.104363535469616e-05,5.104363535469616e-05,4.851818666224411e-10,0.006921687270625529
9.0875,4981.593289838076,1.261478239177576e-06,5.116020747370066e-05,5.116020747370066e-05,4.860181164511052e-10,0.0063073911958878804
9.1,4983.393336997225,1.1381145147179766e-06,5.126382188980059e-05,5.126382188980059e-05,4.867725869115339e-10,0.005690572573589883
9.1125,4985.199595225133,1.0143251233119478e-06,5.1354377627238605e-05,5.1354377627238605e-05,4.874449958237418e-10,0.005071625616559739
9.125,4987.010918503349,8.901886057444619e-07,5.1431797585930463e-05,5.1431797585930463e-05,4.880351130734201e-10,0.00445094302872231
9.137500000000001,4988.826164263412,7.657832663426632e-07,5.149602868888647e-05,5.149602868888647e-05,4.885427604551858e-10,0.003828916331713316
9.15,4990.644192431102,6.411872385118972e-07,5.154704193533808e-05,5.154704193533808e-05,4.889678115592752e-10,0.003205936192559486
9.1625,4992.463864473042,5.164785500507421e-07,5.1584832359814516e-05,5.1584832359814516e-05,4.893101917015361e-10,0.0025823927502537105
9.175,4994.284042453266,3.9173518781129186e-07,5.1609418898024395e-05,5.1609418898024395e-05,4.895698778962837e-10,0.0019586759390564593
9.1875,4996.103588105845,2.670351612708087e-07,5.162084416099554e-05,5.162084416099554e-05,4.897468988712992e-10,0.0013351758063540437
9.200000000000001,4997.92136192912,1.4245656458059023e-07,5.161917411950668e-05,5.161917411950668e-05,4.898413351239612e-10,0.0007122828229029511
9.2125,4999.736222309228,1.8077636657737112e-08,5.160449770140257e-05,5.160449770140257e-05,4.898533190172129e-10,9.038818328868556e-05
9.225,5001.5470246781215,-1.0602318111477794e-07,5.157692630491477e-05,5.157692630491477e-05,4.897830349137793e-10,-0.0005301159055738897
9.2375,5003.3526207125715,-2.2976719001415468e-07,5.1536593231609245e-05,5.1536593231609245e-05,4.896307193467607e-10,-0.0011488359500707733
9.25,5005.151857581508,-3.5307538236368933e-07,5.14836530430453e-05,5.14836530430453e-05,4.893966612244425e-10,-0.0017653769118184466
9.262500000000001,5006.943577246486,-4.758683936112575e-07,5.14182808456548e-05,5.14182808456548e-05,4.890812020668723e-10,-0.0023793419680562876
9.275,5008.726615822663,-5.980664585307877e-07,5.134067150873253e-05,5.134067150873253e-05,4.886847362714716e-10,-0.0029903322926539385
9.2875,5010.499803006139,-7.195893719740606e-07,5.125103882076602e-05,5.125103882076602e-05,4.882077114046661e-10,-0.0035979468598703033
9.3,5012.261961573777,-8.403564545957042e-07,5.114961458962383e-05,5.114961458962383e-05,4.876506285162362e-10,-0.004201782272978521
9.3125,5014.011906961824,-9.602865239682538e-07,5.103664769236365e-05,5.103664769236365e-05,4.870140424728174e-10,-0.004801432619841269
9.325000000000001,5015.748446929041,-1.0792978714965398e-06,5.091240308061456e-05,5.091240308061456e-05,4.86298562306703e-10,-0.005396489357482699
9.3375,5017.470381310198,-1.1973082455310906e-06,5.077716074763128e-05,5.077716074763128e-05,4.855048515758415e-10,-0.005986541227655453
9.35,5019.176501865873,-1.314234841068455e-06,5.0631214663211926e-05,5.0631214663211926e-05,4.846336287306623e-10,-0.006571174205342275
9.3625,5020.865592233827,-1.4299942964124376e-06,5.047487168271539e-05,5.047487168271539e-05,4.836856674831142e-10,-0.0071499714820621885
9.375,5022.53642798684,-1.5445026971537356e-06,5.0308450436411105e-05,5.0308450436411105e-05,4.826617971730658e-10,-0.007722513485768678
9.387500000000001,5024.187776802738,-1.657675587806344e-06,5.0132280205343764e-05,5.0132280205343764e-05,4.815629031269921e-10,-0.00828837793903172
9.4,5025.818398750426,-1.7694279914172744e-06,4.99466997898013e-05,4.99466997898013e-05,4.803899270036617e-10,-0.008847139957086372
9.4125,5027.427046696523,-1.8796744374413466e-06,4.9752056376337254e-05,4.9752056376337254e-05,4.79143867121345e-10,-0.009398372187206733
9.425,5029.012466836715,-1.9883289981451e-06,4.9548704409122084e-05,4.9548704409122084e-05,4.778257787608904e-10,-0.009941644990725501
9.4375,5030.5733993546055,-2.0953053337732465e-06,4.933700447118489e-05,4.933700447118489e-05,4.764367744388584e-10,-0.010476526668866233
9.450000000000001,5032.108579211928,-2.200516746677129e-06,4.9117322180860154e-05,4.9117322180860154e-05,4.749780241447741e-10,-0.011002583733385645
9.4625,5033.616737070841,-2.303876244568187e-06,4.889002710847727e-05,4.889002710847727e-05,4.734507555364471e-10,-0.011519381222840935
9.475,5035.096600352506,-2.405296613019204e-06,4.8655491718027536e-05,4.8655491718027536e-05,4.718562540872306e-10,-0.01202648306509602
9.4875,5036.546894430468,-2.5046904972938434e-06,4.8414090338217275e-05,4.8414090338217275e-05,4.701958631790337e-10,-0.012523452486469216
9.5,5037.9663439619435,-2.601970493539102e-06,4.8166198166970856e-05,4.8166198166970856e-05,4.684709841348817e-10,-0.01300985246769551
9.512500000000001,5039.353674354264,-2.697049249327494e-06,4.7912190313087316e-05,4.7912190313087316e-05,4.666830761848252e-10,-0.013485246246637468
9.525,5040.707613367793,-2.789839573484884e-06,4.765244087838298e-05,4.765244087838298e-05,4.6483365635904356e-10,-0.013949197867424419
9.5375,5042.026892852025,-2.8802545550872907e-06,4.7387322083273245e-05,4.7387322083273245e-05,4.6292429930206327e-10,-0.014401272775436454
9.55,5043.310250613391,-2.968207691455003e-06,4.7117203438363936e-05,4.7117203438363936e-05,4.6095663700212774e-10,-0.014841038457275016
9.5625,5044.556432410739,-3.0536130249160438e-06,4.684245096423864e-05,4.684245096423864e-05,4.589323584299049e-10,-0.015268065124580218
9.575000000000001,5045.764194074611,-3.136385288053235e-06,4.6563426461247875e-05,4.6563426461247875e-05,4.568532090809085e-10,-0.015681926440266173
9.5875,5046.932303745555,-3.2164400570903125e-06,4.628048683073073e-05,4.628048683073073e-05,4.5472099041623793e-10,-0.016082200285451563
9.600000000000001,5048.059544224852,-3.293693913013458e-06,4.599398344873346e-05,4.599398344873346e-05,4.5253755919650856e-10,-0.016468469565067288
9.6125,5049.144715431854,-3.368064609965093e-06,4.57042615929343e-05,4.57042615929343e-05,4.5030482670415163e-10,-0.016840323049825464
9.625,5050.186636959427,-3.439471250387868e-06,4.541165992314289e-05,4.541165992314289e-05,4.4802475784960904e-10,-0.01719735625193934
9.637500000000001,5051.184150719694,-3.5078344663385137e-06,4.511651001541689e-05,4.511651001541689e-05,4.456993701573329e-10,-0.017539172331692568
9.65,5052.136123670184,-3.573076606334394e-06,4.4819135949530664e-05,4.4819135949530664e-05,4.433307326279222e-10,-0.01786538303167197
9.662500000000001,5053.041450610984,-3.635121927040359e-06,4.451985394924223e-05,4.451985394924223e-05,4.409209644731877e-10,-0.018175609635201796
9.675,5053.899057041567,-3.6938967890508584e-06,4.421897207453589e-05,4.421897207453589e-05,4.3847223372143046e-10,-0.018469483945254293
9.6875,5054.707902065277,-3.7493298559722916e-06,4.39167899647712e-05,4.39167899647712e-05,4.359867556907462e-10,-0.018746649279861458
9.700000000000001,5055.466981330498,-3.8013522959637964e-06,4.361359863144331e-05,4.361359863144331e-05,4.3346679132872583e-10,-0.019006761479818984
9.7125,5056.175329994219,-3.849897984852038e-06,4.330968029905697e-05,4.330968029905697e-05,4.309146454175084e-10,-0.019249489924260187
9.725000000000001,5056.832025695232,-3.894903709896978e-06,4.300530829243578e-05,4.300530829243578e-05,4.283326646437551e-10,-0.019474518549484888
9.7375,5057.4361915229165,-3.936309373251843e-06,4.270074696863021e-05,4.270074696863021e-05,4.2572323553374774e-10,-0.019681546866259215
9.75,5057.986998967216,-3.9740581941319605e-06,4.239625169145152e-05,4.239625169145152e-05,4.2308878225446585e-10,-0.0198702909706598
9.762500000000001,5058.483670834882,-4.0080969086842485e-06,4.209206884654423e-05,4.209206884654423e-05,4.2043176428216886e-10,-0.020040484543421243
9.775,5058.925484117499,-4.038375966532018e-06,4.178843589481521e-05,4.178843589481521e-05,4.177546739406855e-10,-0.02019187983266009
9.787500000000001,5059.311772795605,-4.064849722959189e-06,4.148558146196395e-05,4.148558146196395e-05,4.1506003381230235e-10,-0.020324248614795943
9.8,5059.641930564175,-4.087476625693756e-06,4.118372546180261e-05,4.118372546180261e-05,4.1235039402483086e-10,-0.02043738312846878
9.8125,5059.915413464021,-4.106219395252999e-06,4.0883079251016836e-05,4.0883079251016836e-05,4.096283294191217e-10,-0.020531096976264998
9.825000000000001,5060.131742404425,-4.121045197822509e-06,4.0583845812997204e-05,4.0583845812997204e-05,4.068964366019749e-10,-0.020605225989112547
9.8375,5060.29050556195,-4.131925809657721e-06,4.028621996836463e-05,4.028621996836463e-05,4.0415733089006673e-10,-0.020659629048288605
9.850000000000001,5060.39136064132,-4.138837772020364e-06,3.9990388609820736e-05,3.9990388609820736e-05,4.0141364315116677e-10,-0.02069418886010182
9.8625,5060.434036983665,-4.141762535693137e-06,3.969653095897385e-05,3.969653095897385e-05,3.986680165495546e-10,-0.020708812678465686
9.875,5060.418337510251,-4.140686594153584e-06,3.9404818842821935e-05,3.9404818842821935e-05,3.9592310320315375e-10,-0.02070343297076792
9.887500000000001,5060.344140487075,-4.135601604533067e-06,3.9115416987614055e-05,3.9115416987614055e-05,3.9318156076048065e-10,-0.020678008022665333
9.9,5060.211401099775,-4.126504495537895e-06,3.882848332785997e-05,3.882848332785997e-05,3.90446048906051e-10,-0.020632522477689475
9.912500000000001,5060.020152826728,-4.113397561567589e-06,3.854416932831255e-05,3.854416932831255e-05,3.8771922580339415e-10,-0.020566987807837948
9.925,5059.770508600986,-4.096288542328908e-06,3.8262620316807985e-05,3.8262620316807985e-05,3.850037444852902e-10,-0.02048144271164454
9.9375,5059.4626617509575,-4.075190687313832e-06,3.798397582591338e-05,3.798397582591338e-05,3.8230224920126407e-10,-0.020375953436569158
9.950000000000001,5059.096886712212,-4.0501228045843305e-06,3.770836994139898e-05,3.770836994139898e-05,3.796173717327392e-10,-0.02025061402292165
9.9625,5058.6735395034475,-4.021109293386086e-06,3.743593165562173e-05,3.743593165562173e-05,3.7695172768657154e-10,-0.02010554646693043
9.975000000000001,5058.1930579607015,-3.988180160196845e-06,3.716678522397763e-05,3.716678522397763e-05,3.743079127779445e-10,-0.019940900800984224
9.9875,5057.655961725106,-3.951371017902215e-06,3.690105052265103e-05,3.690105052265103e-05,3.716884991138108e-10,-0.019756855089511072
10.0,5057.062851981691,-3.910723067881561e-06,3.6638843405959124e-05,3.6638843405959124e-05,3.6909603148820917e-10,-0.019553615339407804
10.012500000000001,5056.41441094678,-3.866283064878938e-06,3.638027606165881e-05,3.638027606165881e-05,3.665330237008692e-10,-0.019331415324394693
10.025,5055.711401103749,-3.818103264627801e-06,3.612545736265003e-05,3.612545736265003e-05,3.64001954910536e-10,-0.019090516323139007
10.037500000000001,5054.954664187932,-3.766241354292759e-06,3.5874493213574686e-05,3.5874493213574686e-05,3.615052660344057e-10,-0.018831206771463795
10.05,5054.145119923534,-3.7107603658863715e-06,3.562748689087223e-05,3.562748689087223e-05,3.5904535620495897e-10,-0.018553801829431858
10.0625,5053.2837645153295,-3.651728572913135e-06,3.538453937491266e-05,3.538453937491266e-05,3.5662457929530936e-10,-0.018258642864565675
10.075000000000001,5052.371668900828,-3.589219370585532e-06,3.514574967288431e-05,3.514574967288431e-05,3.5424524052395893e-10,-0.01794609685292766
10.0875,5051.409976769154,-3.5233111400477197e-06,3.491121513116728e-05,3.491121513116728e-05,3.5190959314956097e-10,-0.0176165557002386
10.100000000000001,5050.399902354311,-3.4540870971303827e-06,3.468103173597467e-05,3.468103173597467e-05,3.4961983526594546e-10,-0.017270435485651915
10.1125,5049.342728011159,-3.3816351262448862e-06,3.445529440109162e-05,3.445529440109162e-05,3.473781067072582e-10,-0.01690817563122443
10.125,5048.239801585369,-3.3060476001051575e-06,3.4234097241588816e-05,3.4234097241588816e-05,3.4518648607260834e-10,-0.016530238000525787
10.137500000000001,5047.092533586698,-3.227421186041756e-06,3.4017533832430466e-05,3.4017533832430466e-05,3.430469878791128e-10,-0.01613710593020878
10.15,5045.902394179869,-3.145856639742874e-06,3.380569745093948e-05,3.380569745093948e-05,3.4096155985167256e-10,-0.015729283198714368
10.162500000000001,5044.6709100044045,-3.0614585873220263e-06,3.359868130212398e-05,3.359868130212398e-05,3.3893208035721893e-10,-0.015307292936610132
10.175,5043.399660838405,-2.9743352966706855e-06,3.339657872590945e-05,3.339657872590945e-05,3.36960355990533e-10,-0.014871676483353427
10.1875,5042.090276120643,-2.8845984391061347e-06,3.319948338536188e-05,3.319948338536188e-05,3.350481193180717e-10,-0.014422992195530674
10.200000000000001,5040.74443134656,-2.7923628423698356e-06,3.30074894350281e-05,3.30074894350281e-05,3.331970267855344e-10,-0.013961814211849178
10.2125,5039.363844353673,-2.697746236069484e-06,3.2820691668561565e-05,3.2820691668561565e-05,3.314086567941795e-10,-0.01348873118034742
10.225000000000001,5037.950271513699,-2.6008689906881803e-06,3.263918564484585e-05,3.263918564484585e-05,3.2968450795015444e-10,-0.013004344953440902
10.2375,5036.505503846857,-2.501853851307139e-06,3.246306779187434e-05,3.246306779187434e-05,3.280259974903448e-10,-0.012509269256535695
10.25,5035.031363076656,-2.4008256672032684e-06,3.22924354876934e-05,3.22924354876934e-05,3.2643445988747655e-10,-0.012004128336016343
10.262500000000001,5033.529697640895,-2.2979111184906882e-06,3.212738711776911e-05,3.212738711776911e-05,3.2491114563643085e-10,-0.01148955559245344
10.275,5032.002378677154,-2.1932384409749295e-06,3.196802210819398e-05,3.196802210819398e-05,3.234572202229567e-10,-0.010966192204874648
10.287500000000001,5030.451295998804,-2.0869371503811053e-06,3.181444093421135e-05,3.181444093421135e-05,3.2207376327519615e-10,-0.010434685751905527
10.3,5028.878354078649,-1.9791377671023814e-06,3.166674510360076e-05,3.166674510360076e-05,3.2076176789767696e-10,-0.009895688835511908
10.3125,5027.285468056744,-1.869971542593159e-06,3.152503711453962e-05,3.152503711453962e-05,3.1952214018668305e-10,-0.009349857712965795
10.325000000000001,5025.674559787946,-1.759570188502703e-06,3.138942038763273e-05,3.138942038763273e-05,3.183556989251856e-10,-0.008797850942513515
10.3375,5024.0475539452955,-1.6480656096098426e-06,3.125999917188504e-05,3.125999917188504e-05,3.1726317545481484e-10,-0.008240328048049212
10.350000000000001,5022.406374193164,-1.5355896415783822e-06,3.113687842448145e-05,3.113687842448145e-05,3.1624521372167746e-10,-0.0076779482078919116
10.3625,5020.752939445621,-1.4222737945060913e-06,3.1020163664333386e-05,3.1020163664333386e-05,3.1530237049217825e-10,-0.007111368972530456
10.375,5019.089160222151,-1.3082490031885803e-06,3.0909960799452875e-05,3.0909960799452875e-05,3.1443511573439525e-10,-0.006541245015942901
10.387500000000001,5017.416935114446,-1.19364538496298e-06,3.080637592832312e-05,3.080637592832312e-05,3.1364383315998335e-10,-0.0059682269248149
10.4,5015.738147375402,-1.0785920059361021e-06,3.070951511554763e-05,3.070951511554763e-05,3.12928820921048e-10,-0.00539296002968051
10.412500000000001,5014.054661640944,-9.632166563379848e-07,3.061948414217962e-05,3.061948414217962e-05,3.1229029245594015e-10,-0.004816083281689924
10.425,5012.36832079532,-8.476456356749082e-07,3.0536388231257743e-05,3.0536388231257743e-05,3.1172837747747554e-10,-0.004238228178374541
10.4375,5010.680942987984,-7.320035482870057e-07,3.0460331749203503e-05,3.0460331749203503e-05,3.112431230966821e-10,-0.003660017741435028
10.450000000000001,5008.994318810101,-6.164131098447452e-07,3.0391417883869104e-05,3.0391417883869104e-05,3.1083449507482254e-10,-0.0030820655492237257
10.4625,5007.3102086374465,-5.009949652464988e-07,3.0329748300161575e-05,3.0329748300161575e-05,3.1050237919613556e-10,-0.002504974826232494
10.475000000000001,5005.630340145209,-3.8586751830677114e-07,3.0275422774308255e-05,3.0275422774308255e-05,3.1024658275347835e-10,-0.0019293375915338557
10.4875,5003.956405999693,-2.7114677355185005e-07,3.022853880797067e-05,3.022853880797067e-05,3.100668361388452e-10,-0.0013557338677592503
10.5,5002.290061730025,-1.569461903673237e-07,3.0189191223555557e-05,3.0189191223555557e-05,3.099627945305732e-10,-0.0007847309518366185
10.512500000000001,5000.63292378289,-4.337654967044668e-08,3.0157471742214264e-05,3.0157471742214264e-05,3.099340396689328e-10,-0.0002168827483522334
10.525,4998.98656776115,6.945416678960197e-08,3.0133468546162356e-05,3.0133468546162356e-05,3.0998008171173147e-10,0.0003472708339480099
10.537500000000001,4997.352526847539,1.8144088446879639e-07,3.0117265827089853e-05,3.0117265827089853e-05,3.1010036116153683e-10,0.0009072044223439819
10.55,4995.732290412595,2.924815314337829e-07,3.0108943322566934e-05,3.0108943322566934e-05,3.1029425085614494e-10,0.0014624076571689145
10.5625,4994.127302805408,4.0247712123020426e-07,3.0108575842479945e-05,3.0108575842479945e-05,3.1056105801398337e-10,0.002012385606151021
10.575000000000001,4992.538962325222,5.113318233686332e-07,3.0116232787656123e-05,3.0116232787656123e-05,3.1090002632624e-10,0.002556659116843166
10.5875,4990.9686203704905,6.189530216398988e-07,3.013197766295161e-05,3.013197766295161e-05,3.1131033808765014e-10,0.0030947651081994943
10.600000000000001,4989.417580761578,7.252513605252353e-07,3.0155867587184615e-05,3.0155867587184615e-05,3.11791116358049e-10,0.0036262568026261765
10.6125,4987.887099233013,8.301407800166154e-07,3.018795280239316e-05,3.018795280239316e-05,3.123414271470077e-10,0.004150703900083077
10.625,4986.378383088863,9.335385392084234e-07,3.022827618498268e-05,3.022827618498268e-05,3.129602816141076e-10,0.004667692696042117
10.637500000000001,4984.892591016643,1.0353652290638365e-06,3.0276872761402746e-05,3.0276872761402746e-05,3.1364663827767867e-10,0.005176826145319183
10.65,4983.430833052605,1.135544774796997e-06,3.033376923105187e-05,3.033376923105187e-05,3.1439940522511607e-10,0.005677723873984985
10.662500000000001,4981.99417069144,1.2340044283458208e-06,3.0398983499155027e-05,3.0398983499155027e-05,3.152174423182075e-10,0.006170022141729104
10.675,4980.583617133496,1.3306747514398716e-06,3.047252422238818e-05,3.047252422238818e-05,3.1609956338723583e-10,0.0066533737571993585
10.6875,4979.200137661119,1.425489589793062e-06,3.055439037003742e-05,3.055439037003742e-05,3.170445384079735e-10,0.00712744794896531
10.700000000000001,4977.844650136956,1.5183860389723853e-06,3.064457080347625e-05,3.064457080347625e-05,3.1805109565605134e-10,0.007591930194861926
10.7125,4976.518025614862,1.6093044025110104e-06,3.0743043876722825e-05,3.0743043876722825e-05,3.191179238335597e-10,0.008046522012555051
10.725000000000001,4975.221089056015,1.698188142847684e-06,3.0849777060798576e-05,3.0849777060798576e-05,3.2024367416312675e-10,0.008490940714238419
10.7375,4973.954620140582,1.7849838256838605e-06,3.096472659455065e-05,3.096472659455065e-05,3.2142696244511053e-10,0.008924919128419303
10.75,4972.719354167237,1.8696410583561555e-06,3.1087837164522874e-05,3.1087837164522874e-05,3.2266637107393717e-10,0.009348205291780777
10.762500000000001,4971.515983030607,1.9521124228242163e-06,3.121904161636286e-05,3.121904161636286e-05,3.239604510100161e-10,0.009760562114121081
10.775,4970.345156269193,2.0323534038736275e-06,3.1358260700137395e-05,3.1358260700137395e-05,3.253077237040598e-10,0.010161767019368138
10.787500000000001,4969.207482173927,2.110322313129677e-06,3.15054028517941e-05,3.15054028517941e-05,3.267066829710316e-10,0.010551611565648385
10.8,4968.103528949639,2.1859802094714683e-06,3.166036401285526e-05,3.166036401285526e-05,3.281557968113349e-10,0.01092990104735734
10.8125,4967.033825920135,2.2592908164266393e-06,3.1823027490260085e-05,3.1823027490260085e-05,3.296535091772422e-10,0.011296454082133197
10.825000000000001,4965.998864769448,2.330220437115702e-06,3.1993263858086005e-05,3.1993263858086005e-05,3.3119824168293967e-10,0.01165110218557851
10.8375,4964.999100810494,2.398737867301225e-06,3.217093090267797e-05,3.217093090267797e-05,3.327883952569312e-10,0.011993689336506125
10.850000000000001,4964.034954273618,2.4648143070817213e-06,3.235587361249906e-05,3.235587361249906e-05,3.3442235173590287e-10,0.012324071535408607
10.8625,4963.106811607232,2.528423271752765e-06,3.254792421378662e-05,3.254792421378662e-05,3.360984753994962e-10,0.012642116358763824
10.875,4962.215026783302,2.5895405023391767e-06,3.274690225285861e-05,3.274690225285861e-05,3.378151144457724e-10,0.012947702511695884
10.887500000000001,4961.359922600623,2.6481438762821535e-06,3.2952614725663424e-05,3.2952614725663424e-05,3.395706024074693e-10,0.013240719381410767
10.9,4960.541791978595,2.704213318743977e-06,3.316485625490902e-05,3.316485625490902e-05,3.41363259509462e-10,0.013521066593719886
10.912500000000001,4959.760899236691,2.757730714971213e-06,3.338340931484145e-05,3.338340931484145e-05,3.431913939681269e-10,0.013788653574856065
10.925,4959.017481351031,2.808679824134205e-06,3.360804450347408e-05,3.360804450347408e-05,3.4505330323358987e-10,0.014043399120671025
10.9375,4958.311749184433,2.857046195037684e-06,3.383852086179626e-05,3.383852086179626e-05,3.4694727517609707e-10,0.014285230975188419
10.950000000000001,4957.643888683753,2.9028170840734925e-06,3.407458623921802e-05,3.407458623921802e-05,3.4887158921799633e-10,0.014514085420367463
10.9625,4957.01406203922,2.9459813757623666e-06,3.431597770423645e-05,3.431597770423645e-05,3.50824517413044e-10,0.014729906878811833
10.975000000000001,4956.422408801322,2.9865295062076207e-06,3.456242199904205e-05,3.456242199904205e-05,3.5280432547496876e-10,0.014932647531038103
10.9875,4955.869046950859,3.0244533897593233e-06,3.4813636036521675e-05,3.4813636036521675e-05,3.548092737574201e-10,0.015122266948796616
11.0,4955.354073918087,3.0597463491633503e-06,3.506932743786095e-05,3.506932743786095e-05,3.5683761818761153e-10,0.015298731745816752
11.012500000000001,4954.877567547783,3.092403049445676e-06,3.5329195108705024e-05,3.5329195108705024e-05,3.58887611156135e-10,0.01546201524722838
11.025,4954.439587005736,3.122419435758182e-06,3.559292985160375e-05,3.559292985160375e-05,3.6095750236557245e-10,0.01561209717879091
11.037500000000001,4954.040173625121,3.14979267538874e-06,3.586021501224873e-05,3.586021501224873e-05,3.6304553964066534e-10,0.0157489633769437
11.05,4953.679351689225,3.174521104114765e-06,3.613072715680582e-05,3.613072715680582e-05,3.65149969702921e-10,0.015872605520573825
11.0625,4953.357129148571,3.1966041770563317e-06,3.640413677745977e-05,3.640413677745977e-05,3.672690389126389e-10,0.015983020885281658
11.075000000000001,4953.07349827058,3.2160424241620488e-06,3.6680109023119066e-05,3.6680109023119066e-05,3.694009939814282e-10,0.016080212120810244
11.0875,4952.828436219586,3.2328374104383626e-06,3.695830445208016e-05,3.695830445208016e-05,3.715440826583606e-10,0.016164187052191813
11.100000000000001,4952.6219055668735,3.246991701010736e-06,3.723837980332206e-05,3.723837980332206e-05,3.736965543929617e-10,0.01623495850505368
11.1125,4952.4538547288685,3.2585088310832284e-06,3.7519988782995644e-05,3.7519988782995644e-05,3.7585666097828846e-10,0.01629254415541614
11.125,4952.324218333619,3.267393280841374e-06,3.780278286258842e-05,3.780278286258842e-05,3.7802265717736937e-10,0.01633696640420687
11.137500000000001,4952.232917514052,3.2736504553218323e-06,3.808641208518417e-05,3.808641208518417e-05,3.8019280133629986e-10,0.016368252276609162
11.15,4952.179860129641,3.2772866692513924e-06,3.837052587620017e-05,3.837052587620017e-05,3.823653559872873e-10,0.016386433346256963
11.162500000000001,4952.164940915079,3.2783091368368416e-06,3.865477385497046e-05,3.865477385497046e-05,3.8453858844492777e-10,0.016391545684184206
11.175,4952.188041557828,3.2767259664668594e-06,3.893880664355407e-05,3.893880664355407e-05,3.8671077139897037e-10,0.016383629832334295
11.1875,4952.249030704448,3.2725461602664958e-06,3.922227666918027e-05,3.922227666918027e-05,3.888801835067864e-10,0.01636273080133248
11.200000000000001,4952.347763897454,3.2657796184247304e-06,3.9504838956799695e-05,3.9504838956799695e-05,3.9104510998870727e-10,0.01632889809212365
11.2125,4952.484083444142,3.256437148195642e-06,3.978615190828884e-05,3.978615190828884e-05,3.932038432293294e-10,0.01628218574097821
11.225000000000001,4952.657818218607,3.244530477453799e-06,4.0065878064956055e-05,4.0065878064956055e-05,3.95354683387805e-10,0.016222652387268995
11.2375,4952.868783399587,3.230072272664954e-06,4.034368485011848e-05,4.034368485011848e-05,3.974959390200463e-10,0.016150361363324768
11.25,4953.116780146205,3.2130761611137405e-06,4.0619245288659744e-05,4.0619245288659744e-05,3.9962592771566413e-10,0.016065380805568703
11.262500000000001,4953.401595213939,3.1935567572106825e-06,4.0892238700637565e-05,4.0892238700637565e-05,4.017429767523464e-10,0.015967783786053413
11.275,4953.723000514445,3.171529692682138e-06,4.1162351366185845e-05,4.1162351366185845e-05,4.0384542377024955e-10,0.01585764846341069
11.287500000000001,4954.080752621079,3.1470116504277095e-06,4.1429277159147005e-05,4.1429277159147005e-05,4.059316174688344e-10,0.01573505825213855
11.3,4954.474592225138,3.12002040181162e-06,4.169271814707487e-05,4.169271814707487e-05,4.079999183284232e-10,0.0156001020090581
11.3125,4954.904243545046,3.0905748471361796e-06,4.1952385155465044e-05,4.1952385155465044e-05,4.1004869935858683e-10,0.015452874235680899
11.325000000000001,4955.369413693452,3.05869505902801e-06,4.2207998294296394e-05,4.2207998294296394e-05,4.1207634687529356e-10,0.01529347529514005
11.3375,4955.869792005858,3.0244023284504006e-06,4.2459287445201784e-05,4.2459287445201784e-05,4.1408126130855947e-10,0.015122011642252003
11.350000000000001,4956.405049335173,2.987719213038514e-06,4.270599270782805e-05,4.270599270782805e-05,4.1606185804214153e-10,0.01493859606519257
11.3625,4956.974837317278,2.9486695874382236e-06,4.2947864804190255e-05,4.2947864804190255e-05,4.1801656828660035e-10,0.014743347937191119
11.375,4957.578787612304,2.90727869531403e-06,4.3184665440074204e-05,4.3184665440074204e-05,4.199438399868401e-10,0.01453639347657015
11.387500000000001,4958.216511126292,2.8635732026769297e-06,4.3416167622789596e-05,4.3416167622789596e-05,4.2184213876499973e-10,0.014317866013384648
11.4,4958.887597219198,2.8175812521696663e-06,4.364215593482469e-05,4.364215593482469e-05,4.237099488993309e-10,0.014087906260848332
11.412500000000001,4959.591612904354,2.7693325179341435e-06,4.3862426763198003e-05,4.3862426763198003e-05,4.255457743394481e-10,0.013846662589670718
11.425,4960.328102044802,2.718858260674386e-06,4.4076788484543305e-05,4.4076788484543305e-05,4.273481397580805e-10,0.013594291303371931
11.4375,4961.096584553094,2.666191382518278e-06,4.4285061606198245e-05,4.4285061606198245e-05,4.291155916391928e-10,0.013330956912591391
11.450000000000001,4961.896555599467,2.611366481272488e-06,4.4487078863794004e-05,4.4487078863794004e-05,4.308466994020719e-10,0.01305683240636244
11.4625,4962.727484835008,2.5544199036575686e-06,4.468268527606045e-05,4.468268527606045e-05,4.3254005656070393e-10,0.012772099518287843
11.475000000000001,4963.58881563602,2.495389797104679e-06,4.4871738157768916e-05,4.4871738157768916e-05,4.341942819174881e-10,0.012476948985523394
11.4875,4964.479964375342,2.4343161596910916e-06,4.505410709193013e-05,4.505410709193013e-05,4.358080207900533e-10,0.012171580798455458
11.5,4965.400319726921,2.3712408877896465e-06,4.522967386254816e-05,4.522967386254816e-05,4.373799462696623e-10,0.011856204438948232
11.512500000000001,4966.349242010388,2.3062078210068876e-06,4.539833234940107e-05,4.539833234940107e-05,4.389087605094055e-10,0.011531039105034438
11.525,4967.326062580925,2.239262783986361e-06,4.555998838647443e-05,4.555998838647443e-05,4.4039319604010743e-10,0.011196313919931805
11.537500000000001,4968.330083271074,2.170453624657361e-06,4.571455958581478e-05,4.571455958581478e-05,4.418320171115882e-10,0.010852268123286804
11.55,4969.3605758908,2.0998302485154685e-06,4.586197512869609e-05,4.586197512869609e-05,4.4322402105665e-10,0.010499151242577342
11.5625,4970.416781790778,2.0274446485293304e-06,4.6002175526102074e-05,4.6002175526102074e-05,4.445680396748895e-10,0.010137223242646652
11.575000000000001,4971.497911495945,1.953350930278847e-06,4.6135112350622015e-05,4.6135112350622015e-05,4.4586294063317436e-10,0.009766754651394234
11.5875,4972.603144413463,1.8776053319425952e-06,4.626074794193674e-05,4.626074794193674e-05,4.4710762887936994e-10,0.009388026659712976
11.600000000000001,4973.731628622013,1.8002662387677916e-06,4.637905508813413e-05,4.637905508813413e-05,4.4830104806565796e-10,0.009001331193838958
11.6125,4974.882480745949,1.7213941916734619e-06,4.649001668514209e-05,4.649001668514209e-05,4.494421819775587e-10,0.00860697095836731
11.625,4976.054785920241,1.6410518896576202e-06,4.659362537659902e-05,4.659362537659902e-05,4.5053005596454856e-10,0.0082052594482881
11.637500000000001,4977.247597850317,1.5593041857015043e-06,4.668988317650059e-05,4.668988317650059e-05,4.5156373836796304e-10,0.007796520928507521
11.65,4978.459938970778,1.4762180758884319e-06,4.6778801076965225e-05,4.6778801076965225e-05,4.525423419416857e-10,0.007381090379442159
11.662500000000001,4979.690800706887,1.391862681481726e-06,4.686039864345184e-05,4.686039864345184e-05,4.534650252609572e-10,0.00695931340740863
11.675,4980.939143842156,1.3063092237350084e-06,4.693470359974058e-05,4.693470359974058e-05,4.543309941144849e-10,0.006531546118675042
11.6875,4982.203898994835,1.219630991239196e-06,4.700175140495383e-05,4.700175140495383e-05,4.5513950287490726e-10,0.00609815495619598
11.700000000000001,4983.483967205567,1.1319032996432749e-06,4.706158482484892e-05,4.706158482484892e-05,4.5588985584255587e-10,0.005659516498216374
11.7125,4984.778220638293,1.0432034436206872e-06,4.711425349955841e-05,4.711425349955841e-05,4.565814085573759e-10,0.005216017218103436
11.725000000000001,4986.0855033955395,9.536106409892478e-07,4.715981350988876e-05,4.715981350988876e-05,4.572135690738026e-10,0.004768053204946239
11.7375,4987.404632449275,8.632059689302853e-07,4.71983269442144e-05,4.71983269442144e-05,4.5778579919335697e-10,0.004316029844651426
11.75,4988.734398686923,7.720722922914219e-07,4.722986146792302e-05,4.722986146792302e-05,4.5829761564971215e-10,0.003860361461457109
11.762500000000001,4990.07356807269,6.802941839973848e-07,4.7254489897279866e-05,4.7254489897279866e-05,4.5874859124099934e-10,0.003401470919986924
11.775,4991.420882923021,5.879578376338428e-07,4.727228977948508e-05,4.727228977948508e-05,4.5913835590416434e-10,0.0029397891881692137
11.787500000000001,4992.775063295005,4.951509723105511e-07,4.7283342980599665e-05,4.7283342980599665e-05,4.5946659772625676e-10,0.002475754861552756
11.8,4994.134808484758,4.019627299514577e-07,4.7287735282912976e-05,4.7287735282912976e-05,4.597330638876314e-10,0.0020098136497572884
11.8125,4995.4987986341,3.084835652011409e-07,4.728555599321887e-05,4.728555599321887e-05,4.599375615321673e-10,0.0015424178260057047
11.825000000000001,4996.86569644118,2.1480512817812628e-07,4.7276897563359926e-05,4.7276897563359926e-05,4.600799585597627e-10,0.0010740256408906313
11.8375,4998.234148971737,1.2102014034654398e-07,4.726185522428929e-05,4.726185522428929e-05,4.601601843365432e-10,0.0006051007017327199
11.850000000000001,4999.602789566224,2.7222263817628074e-08,4.724052663478953e-05,4.724052663478953e-05,4.6017823031842884e-10,0.00013611131908814036
11.8625,5000.970239837498,-6.649403556846395e-08,4.7213011545877186e-05,4.7213011545877186e-05,4.6013415058393613e-10,-0.0003324701778423197
11.875,5002.335111753845,-1.6003363099229626e-07,4.717941148181188e-05,4.717941148181188e-05,4.6002806227234936e-10,-0.0008001681549614813
11.887500000000001,5003.696009800782,-2.533008828119141e-07,4.713982943851938e-05,4.713982943851938e-05,4.598601459236773e-10,-0.0012665044140595706
11.9,5005.0515332150735,-3.461997916681907e-07,4.709436960013108e-05,4.709436960013108e-05,4.5963064571711423e-10,-0.0017309989583409533
11.912500000000001,5006.4002782836515,-4.386341560479813e-07,4.704313707423607e-05,4.704313707423607e-05,4.5933986960505024e-10,-0.0021931707802399065
11.925,5007.740840700473,-5.305077337844458e-07,4.6986237646339396e-05,4.6986237646339396e-05,4.5898818934002127e-10,-0.002652538668922229
11.9375,5009.071817972084,-6.217244069467846e-07,4.6923777553918975e-05,4.6923777553918975e-05,4.5857604039235133e-10,-0.003108622034733923
11.950000000000001,5010.391811864882,-7.121883495469576e-07,4.685586328037655e-05,4.685586328037655e-05,4.5810392175662e-10,-0.003560941747734788
11.9625,5011.699430884776,-8.018041974695224e-07,4.6782601369083003e-05,4.6782601369083003e-05,4.575723956454814e-10,-0.004009020987347612
11.975000000000001,5012.9932927799655,-8.904772200124235e-07,4.670409825762767e-05,4.670409825762767e-05,4.5698208706976615e-10,-0.0044523861000621175
11.9875,5014.272027058278,-9.781134924113468e-07,4.662046013229335e-05,4.662046013229335e-05,4.563336833042154e-10,-0.004890567462056734
12.0,5015.534277509902,-1.0646200687086732e-06,4.653179280269431e-05,4.653179280269431e-05,4.5562793323861743e-10,-0.0053231003435433655
