t_adimensional,p_outlet_Pa,q_outlet_m3s,w_centro_m,w_max_m,volume_acumulado_m3,potencia_W
0.0,4980.890216491354,7.069231400892262e-07,2.4290390022683334e-08,2.429039002268336e-08,4.686282620013559e-13,0.003534615700446131
0.0125,4962.285354320383,1.3951678593866388e-06,7.275011434660427e-08,7.275011434660434e-08,1.3935026253755547e-12,0.0069758392969331935
0.025,4944.2378715017385,2.0627935925201905e-06,1.4526098656219779e-07,1.4526098656219792e-07,2.760954504243542e-12,0.010313967962600952
0.037500000000000006,4926.756414486718,2.7094804836045453e-06,2.417077281559101e-07,2.4170772815591026e-07,4.5571032762273364e-12,0.013547402418022726
0.05,4909.833681894002,3.33549863069383e-06,3.619779292730989e-07,3.6197792927309917e-07,6.76824737035426e-12,0.01667749315346915
0.0625,4893.459358059473,3.941229638414512e-06,5.059619948301163e-07,5.059619948301165e-07,9.380938186169546e-12,0.019706148192072562
0.07500000000000001,4877.624071809873,4.527020172082988e-06,6.735530952996808e-07,6.735530952996812e-07,1.2381956932027208e-11,0.02263510086041494
0.08750000000000001,4862.319660138261,5.093172203643246e-06,8.646471234495766e-07,8.646471234495771e-07,1.5758284997289993e-11,0.02546586101821623
0.1,4847.538590962928,5.639964365396999e-06,1.0791426542122054e-06,1.079142654212206e-06,1.9497088480186275e-11,0.028199821826984994
0.1125,4833.273540689543,6.16766757711804e-06,1.3169409056209714e-06,1.3169409056209722e-06,2.358571307507806e-11,0.0308383378855902
0.125,4819.517241024101,6.676550712877738e-06,1.5779457000651202e-06,1.5779457000651209e-06,2.8011682716339054e-11,0.03338275356438869
0.1375,4806.2624691235915,7.166880965379847e-06,1.8620634258146e-06,1.8620634258146002e-06,3.276269846375488e-11,0.03583440482689924
0.15000000000000002,4793.50207354936,7.638922885901066e-06,2.1692029989411735e-06,2.1692029989411743e-06,3.7826636751487774e-11,0.03819461442950533
0.1625,4781.228992011274,8.09293772785921e-06,2.4992758257218265e-06,2.499275825721827e-06,4.3191547201884366e-11,0.040464688639296045
0.17500000000000002,4769.436255598071,8.52918329033391e-06,2.8521957655444886e-06,2.85219576554449e-06,4.8845650335551335e-11,0.042645916451669555
0.1875,4758.116985945126,8.94791402283919e-06,3.2278790943016397e-06,3.2278790943016405e-06,5.477733535088614e-11,0.044739570114195944
0.2,4747.264390836567,9.349381188010654e-06,3.626244468249737e-06,3.6262444682497376e-06,6.097515801145515e-11,0.04674690594005327
0.21250000000000002,4736.871760394126,9.73383300259409e-06,4.047212888315301e-06,4.047212888315302e-06,6.742783862683486e-11,0.048669165012970445
0.225,4726.932464042681,1.010151474969077e-05,4.490707664832303e-06,4.490707664832303e-06,7.412426010786199e-11,0.050507573748453855
0.23750000000000002,4717.439947960906,1.0452668873066459e-05,4.956654382697873e-06,4.956654382697873e-06,8.105346608440215e-11,0.052263344365332295
0.25,4708.387732858127,1.0787535059401869e-05,5.44498086693499e-06,5.44498086693499e-06,8.820465907764342e-11,0.053937675297009345
0.2625,4699.76941207013,1.1106350308722078e-05,5.9556171486523206e-06,5.9556171486523206e-06,9.556719871907844e-11,0.05553175154361039
0.275,4691.578649980747,1.1409348992792488e-05,6.488495431393039e-06,6.488495431393039e-06,1.0313060000819795e-10,0.05704674496396244
0.28750000000000003,4683.809180711105,1.1696762903602103e-05,7.043550057865718e-06,7.043550057865718e-06,1.1088453160232448e-10,0.05848381451801051
0.30000000000000004,4676.454806970763,1.196882129586784e-05,7.620717477051151e-06,7.620717477051151e-06,1.1881881413462272e-10,0.0598441064793392
0.3125,4669.50939896358,1.2225750927511097e-05,8.219936211679176e-06,8.219936211679176e-06,1.2692341855894223e-10,0.06112875463755548
0.325,4662.966893276343,1.2467776100763136e-05,8.841146826069261e-06,8.841146826069261e-06,1.351884645219096e-10,0.06233888050381568
0.3375,4656.821291721737,1.2695118704972904e-05,9.484291894327874e-06,9.484291894327874e-06,1.436042187633982e-10,0.06347559352486452
0.35000000000000003,4651.066660136987,1.2907998261043462e-05,1.0149315968894255e-05,1.0149315968894255e-05,1.521610935464557e-10,0.06453999130521731
0.36250000000000004,4645.69712715441,1.3106631966923443e-05,1.083616554942339e-05,1.083616554942339e-05,1.6084964511738814e-10,0.06553315983461722
0.375,4640.706882957991,1.3291234743588485e-05,1.1544789051989009e-05,1.1544789051989009e-05,1.6966057219632595e-10,0.06645617371794242
0.3875,4636.090178035703,1.3462019281208631e-05,1.2275136778577058e-05,1.2275136778577058e-05,1.785847144983947e-10,0.06731009640604316
0.4,4631.841321926692,1.3619196085488617e-05,1.302716088681488e-05,1.302716088681488e-05,1.876130512856056e-10,0.06809598042744308
0.41250000000000003,4627.954681959171,1.3762973524359874e-05,1.3800815359831301e-05,1.3800815359831301e-05,1.9673669994969854e-10,0.06881486762179936
0.42500000000000004,4624.424681972418,1.3893557875251529e-05,1.4596055976047074e-05,1.4596055976047074e-05,2.0594691462632178e-10,0.06946778937625764
0.4375,4621.245801019315,1.4011153373091525e-05,1.5412840278516422e-05,1.5412840278516422e-05,2.1523508484103222e-10,0.07005576686545763
0.45,4618.412572049203,1.4115962259036673e-05,1.6251127543117605e-05,1.6251127543117605e-05,2.245927341875993e-10,0.07057981129518337
0.4625,4615.919580574965,1.4208184829761373e-05,1.711087874432269e-05,1.711087874432269e-05,2.3401151903898317e-10,0.07104092414880686
0.47500000000000003,4613.761463334532,1.4288019486998291e-05,1.799205651630717e-05,1.799205651630717e-05,2.4348322729115383e-10,0.07144009743499145
0.48750000000000004,4611.932906954696,1.4355662786950378e-05,1.8894625105550895e-05,1.8894625105550895e-05,2.529997771396663e-10,0.07177831393475188
0.5,4610.428646629185,1.441130948919261e-05,1.9818550308485002e-05,1.9818550308485002e-05,2.625532158886533e-10,0.07205654744596304
0.5125000000000001,4609.243464819391,1.4455152604744596e-05,2.0763799383668923e-05,2.0763799383668923e-05,2.7213571879168575e-10,0.07227576302372297
0.525,4608.372189982921,1.4487383443100966e-05,2.1730340921780038e-05,2.1730340921780038e-05,2.817395879238105e-10,0.07243691721550483
0.5375,4607.80969533262,1.4508191658132928e-05,2.271814464752523e-05,2.271814464752523e-05,2.9135725108401664e-10,0.07254095829066463
0.55,4607.55089762549,1.4517765292898666e-05,2.3727181114414575e-05,2.3727181114414575e-05,3.009812607274073e-10,0.07258882646449333
0.5625,4607.590755976836,1.4516290823506026e-05,2.4757421235008602e-05,2.4757421235008602e-05,3.106042929264484e-10,0.07258145411753013
0.5750000000000001,4607.924270694209,1.4503953202247426e-05,2.5808835564554363e-05,2.5808835564554363e-05,3.202191463608123e-10,0.07251976601123714
0.5875,4608.546482124011,1.4480935900269415e-05,2.688139322377432e-05,2.688139322377432e-05,3.2981874133550753e-10,0.07240467950134707
0.6000000000000001,4609.45246950334,1.4447420950046367e-05,2.7975060306248147e-05,2.7975060306248147e-05,3.3939611882716477e-10,0.07223710475023183
0.6125,4610.637349810412,1.4403588987903767e-05,2.9089797567311554e-05,2.9089797567311554e-05,3.4894443955851227e-10,0.07201794493951884
0.625,4612.096276608436,1.4349619296787025e-05,3.0225557135766998e-05,3.0225557135766998e-05,3.58456983101203e-10,0.07174809648393513
0.6375000000000001,4613.824438879599,1.4285689849405811e-05,3.138227792956161e-05,3.138227792956161e-05,3.6792714700724303e-10,0.07142844924702905
0.65,4615.817059846472,1.421197735181142e-05,3.255987939646601e-05,3.255987939646601e-05,3.7734844596930756e-10,0.0710598867590571
0.6625000000000001,4618.06939578312,1.4128657287396507e-05,3.37582531474126e-05,3.37582531474126e-05,3.8671451101022517e-10,0.07064328643698253
0.675,4620.576734815928,1.4035903961251007e-05,3.4977252012515796e-05,3.4977252012515796e-05,3.9601908870186615e-10,0.07017951980625503
0.6875,4623.334395717577,1.3933890544772518e-05,3.621667603888428e-05,3.621667603888428e-05,4.0525604041360343e-10,0.06966945272386259
0.7000000000000001,4626.337726697299,1.382278912041643e-05,3.747625497743571e-05,3.747625497743571e-05,4.1441934159043915e-10,0.06911394560208216
0.7125,4629.582104190579,1.370277072648026e-05,3.8755626885472796e-05,3.8755626885472796e-05,4.235030810608192e-10,0.0685138536324013
0.7250000000000001,4633.062931649292,1.3574005401843346e-05,4.005431261374335e-05,4.005431261374335e-05,4.325014603741063e-10,0.06787002700921674
0.7375,4636.775638334948,1.3436662230621632e-05,4.137168615861601e-05,4.137168615861601e-05,4.414087931676554e-10,0.06718331115310816
0.75,4640.715678113509,1.3290909386739233e-05,4.2706941143823235e-05,4.2706941143823235e-05,4.5021950456343593e-10,0.06645454693369617
0.7625000000000001,4644.878528251965,1.3136914178457312e-05,4.405905404635537e-05,4.405905404635537e-05,4.58928130594173e-10,0.06568457089228656
0.775,4649.259688213762,1.2974843092930754e-05,4.542674518284649e-05,4.542674518284649e-05,4.675293176590256e-10,0.06487421546465377
0.7875000000000001,4653.854678451038,1.2804861840880996e-05,4.68084389017155e-05,4.68084389017155e-05,4.760178220088792e-10,0.06402430920440498
0.8,4658.659039191423,1.2627135401478662e-05,4.8202224848669066e-05,4.8202224848669066e-05,4.843885092613914e-10,0.06313567700739331
0.8125,4663.668329216874,1.244182806752398e-05,4.960582254775991e-05,4.960582254775991e-05,4.926363539459882e-10,0.06220914033761991
0.8250000000000001,4668.878124632128,1.2249103490999759e-05,5.1016551821696865e-05,5.1016551821696865e-05,5.007564390790586e-10,0.061245517454998795
0.8375,4674.284017621571,1.2049124729055342e-05,5.2431311718544064e-05,5.2431311718544064e-05,5.087439557696313e-10,0.06024562364527671
0.8500000000000001,4679.881615193475,1.1842054290464368e-05,5.384657057804532e-05,5.384657057804532e-05,5.165942028558499e-10,0.05921027145232184
0.8625,4685.6665379105425,1.1628054182587834e-05,5.525836963152783e-05,5.525836963152783e-05,5.243025865725803e-10,0.05814027091293917
0.875,4691.634418605949,1.1407285958868678e-05,5.6662342072921794e-05,5.6662342072921794e-05,5.318646202505023e-10,0.05703642979434339
0.8875000000000001,4697.780901084161,1.1179910766885677e-05,5.805374887312696e-05,5.805374887312696e-05,5.392759240470573e-10,0.055899553834428385
0.9,4704.10163880623,1.094608939700177e-05,5.942753176576081e-05,5.942753176576081e-05,5.465322247096455e-10,0.054730446985008854
0.9125000000000001,4710.592293557057,1.0705982331653187e-05,6.077838286025314e-05,6.077838286025314e-05,5.536293553714974e-10,0.053529911658265934
0.925,4717.248534094275,1.045974979533882e-05,6.210082930698753e-05,6.210082930698753e-05,5.605632553806836e-10,0.0522987489766941
0.9375,4724.066034775845,1.0207551805381396e-05,6.338933042927591e-05,6.338933042927591e-05,5.673299701627756e-10,0.05103775902690698
0.9500000000000001,4731.04047416505,9.949548223541812e-06,6.463838383312342e-05,6.463838383312342e-05,5.739256511177216e-10,0.049747741117709056
0.9625,4738.1675336097105,9.685898808573939e-06,6.584263628824595e-05,6.584263628824595e-05,5.803465555515616e-10,0.0484294940428697
0.9750000000000001,4745.44289579351,9.416763269809482e-06,6.699699470976572e-05,6.699699470976572e-05,5.865890466436654e-10,0.04708381634904741
0.9875,4752.862243257444,9.142301321861668e-06,6.80967324059483e-05,6.80967324059483e-05,5.926495934502334e-10,0.04571150660930834
1.0,4760.421256888404,8.862672740533773e-06,6.913758591380617e-05,6.913758591380617e-05,5.985247709448602e-10,0.04431336370266886
1.0125,4768.115614373033,8.578037420015826e-06,7.01158382134302e-05,7.01158382134302e-05,6.04211260097015e-10,0.042890187100079136
1.0250000000000001,4775.940988614394,8.288555431451694e-06,7.102838485772606e-05,7.102838485772606e-05,6.097058479893463e-10,0.04144277715725847
1.0375,4783.893046109701,7.994387082960842e-06,7.187278051691017e-05,7.187278051691017e-05,6.150054279747761e-10,0.039971935414804205
1.05,4791.96744528571,7.695692981204975e-06,7.264726453894385e-05,7.264726453894385e-05,6.201069998744071e-10,0.03847846490602488
1.0625,4800.159834790238,7.3926340946007145e-06,7.335076528063775e-05,7.335076528063775e-05,6.250076702173349e-10,0.03696317047300357
1.075,4808.465851735473,7.085371818294233e-06,7.398288408115356e-05,7.398288408115356e-05,6.297046525235324e-10,0.03542685909147116
1.0875000000000001,4816.881119890547,6.7740680410329535e-06,7.454386074943442e-05,7.454386074943442e-05,6.341952676310638e-10,0.033870340205164766
1.1,4825.401247818046,6.458885214091052e-06,7.503452325393714e-05,7.503452325393714e-05,6.384769440689913e-10,0.03229442607045526
1.1125,4834.021826950647,6.139986422429653e-06,7.545622489117497e-05,7.545622489117497e-05,6.425472184774538e-10,0.030699932112148266
1.125,4842.738429601308,5.8175354582975105e-06,7.581077254597167e-05,7.581077254597167e-05,6.46403736076537e-10,0.029087677291487552
1.1375,4851.546606901467,5.4916968975038655e-06,7.610034974073909e-05,7.610034974073909e-05,6.500442511857052e-10,0.02745848448751933
1.1500000000000001,4860.441886660249,5.162636178621384e-06,7.632743802384403e-05,7.632743802384403e-05,6.534666277957385e-10,0.02581318089310692
1.1625,4869.419771136031,4.830519685403978e-06,7.649473990500985e-05,7.649473990500985e-05,6.56668840195305e-10,0.02415259842701989
1.175,4878.475734713735,4.4955148327330045e-06,7.660510605666497e-05,7.660510605666497e-05,6.596489736545083e-10,0.022477574163665023
1.1875,4887.605221476241,4.157790156435885e-06,7.666146891761751e-05,7.666146891761751e-05,6.624052251679769e-10,0.020788950782179426
1.2000000000000002,4896.803642661782,3.817515407356207e-06,7.666678421274189e-05,7.666678421274189e-05,6.649359042603135e-10,0.019087577036781034
1.2125000000000001,4906.066373994747,3.474861650093961e-06,7.662398128808248e-05,7.662398128808248e-05,6.672394338570009e-10,0.017374308250469806
1.225,4915.388752877492,3.130001366881144e-06,7.653592259516748e-05,7.653592259516748e-05,6.693143512241679e-10,0.01565000683440572
1.2375,4924.766075429746,2.7831085671126528e-06,7.640537217118905e-05,7.640537217118905e-05,6.711593089809652e-10,0.013915542835563264
1.25,4934.19359335881,2.4343589031163786e-06,7.623497257159566e-05,7.623497257159566e-05,6.727730761886859e-10,0.012171794515581893
1.2625000000000002,4943.666510643667,2.0839297928214734e-06,7.602722942631145e-05,7.602722942631145e-05,6.741545395212054e-10,0.010419648964107367
1.2750000000000001,4953.17998001244,1.7320005500705652e-06,7.57845026085636e-05,7.57845026085636e-05,6.753027045218057e-10,0.008660002750352827
1.2875,4962.729099190024,1.3787525234216425e-06,7.550900291706395e-05,7.550900291706395e-05,6.762166969520147e-10,0.006893762617108212
1.3,4972.308906890666,1.0243692443992483e-06,7.520279316382385e-05,7.520279316382385e-05,6.768957642387212e-10,0.005121846221996241
1.3125,4981.914378525458,6.690365862830556e-07,7.486779261411909e-05,7.486779261411909e-05,6.77339277026555e-10,0.0033451829314152777
1.3250000000000002,4991.540421591953,3.129429346653091e-07,7.450578382421259e-05,7.450578382421259e-05,6.775467308433297e-10,0.0015647146733265456
1.3375000000000001,5001.181870707642,-4.372062883342292e-08,7.411842104941349e-05,7.411842104941349e-05,6.775177478872742e-10,-0.0002186031441671146
1.35,5010.833482245907,-4.007601281293391e-07,7.370723953499333e-05,7.370723953499333e-05,6.77252078945809e-10,-0.0020038006406466954
1.3625,5020.489928526937,-7.579784777783955e-07,7.327366514326341e-05,7.327366514326341e-05,6.767496054567804e-10,-0.003789892388891977
1.375,5030.1457915112105,-1.1151752496857672e-06,7.281902390267596e-05,7.281902390267596e-05,6.760103417243451e-10,-0.005575876248428836
1.3875000000000002,5039.795555938663,-1.4721464193022468e-06,7.234455118307398e-05,7.234455118307398e-05,6.750344373031063e-10,-0.007360732096511234
1.4000000000000001,5049.433601851205,-1.8286840890100885e-06,7.185140030179255e-05,7.185140030179255e-05,6.738221795656185e-10,-0.009143420445050442
1.4125,5059.0541964319855,-2.184576186246565e-06,7.134065044702486e-05,7.134065044702486e-05,6.72373996470012e-10,-0.010922880931232825
1.425,5068.651485093295,-2.539606133799737e-06,7.081331386820695e-05,7.081331386820695e-05,6.706904595461813e-10,-0.012698030668998685
1.4375,5078.219481740405,-2.8935524896602466e-06,7.027034232978875e-05,7.027034232978875e-05,6.687722871207207e-10,-0.014467762448301233
1.4500000000000002,5087.752058143454,-3.246188553850987e-06,6.971263285695982e-05,6.971263285695982e-05,6.666203478024974e-10,-0.016230942769254936
1.4625000000000001,5097.242932351123,-3.597281939814456e-06,6.914103282229268e-05,6.914103282229268e-05,6.642356642523575e-10,-0.01798640969907228
1.475,5106.685656088925,-3.946594108250444e-06,6.855634443344032e-05,6.855634443344032e-05,6.616194172618561e-10,-0.01973297054125222
1.4875,5116.0736010996925,-4.293879861801965e-06,6.795932868636863e-05,6.795932868636863e-05,6.587729501669682e-10,-0.021469399309009825
1.5,5125.399944401801,-4.638886799725176e-06,6.735070884817105e-05,6.735070884817105e-05,6.556977736233034e-10,-0.02319443399862588
1.5125000000000002,5134.6576524699785,-4.981354732688323e-06,6.673117352999129e-05,6.673117352999129e-05,6.5239557076926e-10,-0.024906773663441614
1.5250000000000001,5143.839464377479,-5.321015059162448e-06,6.610137940527107e-05,6.610137940527107e-05,6.488682028025761e-10,-0.02660507529581224
1.5375,5152.937873984832,-5.657590106523238e-06,6.546195362241189e-05,6.546195362241189e-05,6.451177149936731e-10,-0.02828795053261619
1.55,5161.945111312975,-5.9907924420006164e-06,6.481349595465532e-05,6.481349595465532e-05,6.411463431557796e-10,-0.02995396221000308
1.5625,5170.853123304823,-6.320324160998509e-06,6.41565807239776e-05,6.41565807239776e-05,6.369565205868365e-10,-0.03160162080499255
1.5750000000000002,5179.6535542530455,-6.645876163052666e-06,6.349175853030833e-05,6.349175853030833e-05,6.325508854913797e-10,-0.03322938081526333
1.5875000000000001,5188.337726253607,-6.967127428769575e-06,6.281955781253607e-05,6.281955781253607e-05,6.279322888817481e-10,-0.034835637143847874
1.6,5196.896620137814,-7.283744314439072e-06,6.214048626358362e-05,6.214048626358362e-05,6.231038029469023e-10,-0.03641872157219536
1.6125,5205.320857428644,-7.595379884555314e-06,6.14550321182946e-05,6.14550321182946e-05,6.180687298637239e-10,-0.03797689942277657
1.625,5213.600683967004,-7.901673306103655e-06,6.0763665329910944e-05,6.0763665329910944e-05,6.128306110098489e-10,-0.03950836653051828
1.6375000000000002,5221.7259559487175,-8.202249332033954e-06,6.006683864846682e-05,6.006683864846682e-05,6.073932365189139e-10,-0.04101124666016977
1.6500000000000001,5229.686129203966,-8.496717904675516e-06,5.936498861240116e-05,5.936498861240116e-05,6.017606550987027e-10,-0.04248358952337758
1.6625,5237.470252629123,-8.784673912763312e-06,5.865853646303029e-05,5.865853646303029e-05,5.959371840103644e-10,-0.04392336956381656
1.675,5245.06696674299,-9.065697138028959e-06,5.794788899015886e-05,5.794788899015886e-05,5.899274190830359e-10,-0.0453284856901448
1.6875,5252.464508377968,-9.339352428744484e-06,5.723343931598996e-05,5.723343931598996e-05,5.837362446134207e-10,-0.04669676214372242
1.7000000000000002,5259.65072252725,-9.605190137973653e-06,5.651556762357711e-05,5.651556762357711e-05,5.773688429748451e-10,-0.048025950689868264
1.7125000000000001,5266.613082343489,-9.862746863380414e-06,5.5794641835306916e-05,5.5794641835306916e-05,5.708307037358864e-10,-0.04931373431690207
1.725,5273.338718221549,-1.0111546523089505e-05,5.5071018246279814e-05,5.5071018246279814e-05,5.64127632065799e-10,-0.05055773261544753
1.7375,5279.814456792339,-1.035110179815424e-05,5.434504211694599e-05,5.434504211694599e-05,5.572657561837111e-10,-0.0517555089907712
1.75,5286.026870500159,-1.058091596658126e-05,5.361704822893135e-05,5.361704822893135e-05,5.502515335920223e-10,-0.0529045798329063
1.7625000000000002,5291.962338243271,-1.0800485146577424e-05,5.288736140764126e-05,5.288736140764126e-05,5.430917558227259e-10,-0.05400242573288712
1.7750000000000001,5297.607117313392,-1.1009300957786544e-05,5.21562970149422e-05,5.21562970149422e-05,5.357935514195625e-10,-0.05504650478893272
1.7875,5302.947426591175,-1.1206853598922829e-05,5.142416141498333e-05,5.142416141498333e-05,5.28364386879972e-10,-0.05603426799461415
1.8,5307.969540641496,-1.1392635328620964e-05,5.069125241602123e-05,5.069125241602123e-05,5.20812065289547e-10,-0.056963176643104824
1.8125,5312.65989401558,-1.1566144323832952e-05,4.9957859690943436e-05,4.9957859690943436e-05,5.131447223987052e-10,-0.05783072161916476
1.8250000000000002,5317.005194712489,-1.172688887710995e-05,4.922426517904287e-05,4.922426517904287e-05,5.053708199169312e-10,-0.05863444438554975
1.8375000000000001,5320.992545405639,-1.1874391881076509e-05,4.849074347146978e-05,4.849074347146978e-05,4.974991358342041e-10,-0.05937195940538254
1.85,5324.609570695081,-1.2008195535849085e-05,4.775756218267485e-05,4.775756218267485e-05,4.895387516218169e-10,-0.060040977679245426
1.8625,5327.844548337504,-1.2127866203603486e-05,4.702498231005218e-05,4.702498231005218e-05,4.814990362150439e-10,-0.06063933101801743
1.875,5330.686542135488,-1.2232999324492834e-05,4.6293258583890925e-05,4.6293258583890925e-05,4.73389626736982e-10,-0.06116499662246417
1.8875000000000002,5333.125533949947,-1.2323224300162723e-05,4.5562639809645824e-05,4.5562639809645824e-05,4.652204059850496e-10,-0.061616121500813616
1.9000000000000001,5335.152552155196,-1.2398209245651612e-05,4.483336920443769e-05,4.483336920443769e-05,4.570014767673902e-10,-0.06199104622825806
1.9125,5336.759793784098,-1.2457665507866219e-05,4.410568472959452e-05,4.410568472959452e-05,4.4874313324392213e-10,-0.06228832753933109
1.925,5337.940737624369,-1.2501351849341635e-05,4.3379819420940693e-05,4.3379819420940693e-05,4.4045582949392044e-10,-0.06250675924670818
1.9375,5338.6902456317775,-1.2529078199765868e-05,4.265600171843591e-05,4.265600171843591e-05,4.321501455966664e-10,-0.06264539099882933
1.9500000000000002,5339.004650210939,-1.254070888476488e-05,4.1934455796658746e-05,4.1934455796658746e-05,4.2383675157169425e-10,-0.0627035444238244
1.9625000000000001,5338.881825193682,-1.2536165251558609e-05,4.1215401897521445e-05,4.1215401897521445e-05,4.1552636957845777e-10,-0.06268082625779305
1.975,5338.321238688333,-1.2515427624026094e-05,4.049905666649648e-05,4.049905666649648e-05,4.072297348199594e-10,-0.06257713812013047
1.9875,5337.3239863932995,-1.2478536535042194e-05,3.978563349353214e-05,3.978563349353214e-05,3.9895755562944774e-10,-0.06239268267521097
2.0,5335.8928044279555,-1.2425593201144871e-05,3.907534285973738e-05,3.907534285973738e-05,3.907204732424524e-10,-0.06212796600572435
2.0125,5334.032061236924,-1.2356759223047129e-05,3.836839269082786e-05,3.836839269082786e-05,3.82529021767353e-10,-0.06178379611523564
2.025,5331.747728636352,-1.227225551455188e-05,3.7664988718248404e-05,3.7664988718248404e-05,3.74393588865984e-10,-0.0613612775727594
2.0375,5329.047332582696,-1.2172360481366458e-05,3.696533484882462e-05,3.696533484882462e-05,3.6632437764152646e-10,-0.06086180240683229
2.0500000000000003,5325.939884736547,-1.2057407489458939e-05,3.626963354375203e-05,3.626963354375203e-05,3.5833137020465844e-10,-0.060287037447294696
2.0625,5322.4357963446955,-1.1927781679305974e-05,3.5578086207705624e-05,3.5578086207705624e-05,3.504242933515804e-10,-0.05963890839652987
2.075,5318.546776359612,-1.1783916197077917e-05,3.489089358885095e-05,3.489089358885095e-05,3.426125867404356e-10,-0.05891958098538959
2.0875,5314.285716048965,-1.1626287926013339e-05,3.420825619055943e-05,3.420825619055943e-05,3.3490537389745624e-10,-0.05813143963006669
2.1,5309.6665625971855,-1.1455412810592866e-05,3.353037469567895e-05,3.353037469567895e-05,3.2731143632277364e-10,-0.05727706405296433
2.1125000000000003,5304.704184372213,-1.127184087240068e-05,3.2857450404286025e-05,3.2857450404286025e-05,3.1983919090027656e-10,-0.0563592043620034
2.125,5299.4142306155745,-1.1076151019665567e-05,3.2189685685948355e-05,3.2189685685948355e-05,3.124966707482905e-10,-0.055380755098327836
2.1375,5293.8129883107595,-1.0868945752442776e-05,3.15272844476568e-05,3.15272844476568e-05,3.052915095802583e-10,-0.05434472876221388
2.15,5287.917238906528,-1.065084586239575e-05,3.0870452618741824e-05,3.0870452618741824e-05,2.982309295790026e-10,-0.05325422931197875
2.1625,5281.744117414017,-1.0422485220440312e-05,3.0219398654269816e-05,3.0219398654269816e-05,2.913217327263246e-10,-0.05211242610220156
2.1750000000000003,5275.310976184349,-1.0184505737488168e-05,2.957433405861551e-05,2.957433405861551e-05,2.845702954731891e-10,-0.050922528687440835
2.1875,5268.63525540107,-9.937552573608306e-06,2.893547393112486e-05,2.893547393112486e-05,2.779825665858176e-10,-0.04968776286804153
2.2,5261.7343620172405,-9.682269659593096e-06,2.8303037536010636e-05,2.8303037536010636e-05,2.71564067960591e-10,-0.048411348297965485
2.2125,5254.625558537194,-9.419295582667836e-06,2.767724889885465e-05,2.767724889885465e-05,2.6531989816636763e-10,-0.04709647791333918
2.225,5247.325862696703,-9.149259875412849e-06,2.705833743231579e-05,2.705833743231579e-05,2.5925473844692164e-10,-0.045746299377064245
2.2375000000000003,5239.8519587591745,-8.87277973433972e-06,2.64465385938502e-05,2.64465385938502e-05,2.5337286089867833e-10,-0.0443638986716986
2.25,5232.220120810681,-8.590457182400962e-06,2.5842094578425625e-05,2.5842094578425625e-05,2.4767813852945796e-10,-0.04295228591200481
2.2625,5224.44614813725,-8.302876678373974e-06,2.5245255049339206e-05,2.5245255049339206e-05,2.4217405690198867e-10,-0.041514383391869865
2.275,5216.545312483337,-8.010603165839618e-06,2.4656277910307664e-05,2.4656277910307664e-05,2.3686372707077656e-10,-0.04005301582919809
2.2875,5208.532316757461,-7.71418054558753e-06,2.4075430121968857e-05,2.4075430121968857e-05,2.3174989953163692e-10,-0.03857090272793765
2.3000000000000003,5200.421264546807,-7.4141305478663655e-06,2.3502988565789063e-05,2.3502988565789063e-05,2.2683497891882568e-10,-0.03707065273933183
2.3125,5192.225639643731,-7.110951975024643e-06,2.293924095808361e-05,2.293924095808361e-05,2.2212103920423336e-10,-0.035554759875123215
2.325,5183.958294672118,-6.805120280756168e-06,2.2384486816399534e-05,2.2384486816399534e-05,2.1760983917550263e-10,-0.03402560140378084
2.3375,5175.631447821977,-6.4970874493156135e-06,2.1839038479846417e-05,2.1839038479846417e-05,2.1330283799421537e-10,-0.03248543724657807
2.35,5167.256686663176,-6.1872821365966115e-06,2.1303222184062567e-05,2.1303222184062567e-05,2.0920121066055738e-10,-0.030936410682983057
2.3625000000000003,5158.844978001376,-5.876110034723374e-06,2.077737919033581e-05,2.077737919033581e-05,2.0530586323629061e-10,-0.02938055017361687
2.375,5150.406682761255,-5.56395442262718e-06,2.02618669669309e-05,2.02618669669309e-05,2.0161744770274135e-10,-0.0278197721131359
2.3875,5141.951574928849,-5.2511768667763755e-06,1.9757060418880037e-05,1.9757060418880037e-05,1.9813637635426556e-10,-0.026255884333881877
2.4000000000000004,5133.488863648993,-4.938118038614055e-06,1.926335316034766e-05,1.926335316034766e-05,1.9486283564982466e-10,-0.024690590193070273
2.4125,5125.0272176511235,-4.625098618146146e-06,1.8781158821169366e-05,1.8781158821169366e-05,1.9179679946556123e-10,-0.02312549309073073
2.4250000000000003,5116.57479126551,-4.312420256340431e-06,1.8310912376282058e-05,1.8310912376282058e-05,1.8893804170938823e-10,-0.021562101281702155
2.4375,5108.139251381166,-4.00036657238783e-06,1.785307148351463e-05,1.785307148351463e-05,1.8628614827448126e-10,-0.020001832861939153
2.45,5099.727804792164,-3.6892041653036566e-06,1.740811781161708e-05,1.740811781161708e-05,1.8384052832216762e-10,-0.01844602082651828
2.4625000000000004,5091.347225466803,-3.379183622696107e-06,1.697655833650886e-05,1.697655833650886e-05,1.8160042489608986e-10,-0.016895918113480537
2.475,5083.003881362238,-3.07054051271032e-06,1.6558926579582636e-05,1.6558926579582636e-05,1.7956492487879722e-10,-0.0153527025635516
2.4875000000000003,5074.703760485568,-2.7634963481023184e-06,1.615578375758586e-05,1.615578375758586e-05,1.7773296830924028e-10,-0.013817481740511593
2.5,5066.452495975235,-2.4582595140612245e-06,1.5767719809220583e-05,1.5767719809220583e-05,1.7610335708520054e-10,-0.012291297570306123
2.5125,5058.255390039038,-2.155026153753509e-06,1.539535425927538e-05,1.539535425927538e-05,1.7467476307868167e-10,-0.010775130768767545
2.5250000000000004,5050.117436642019,-1.8539810075987447e-06,1.5039336876977112e-05,1.5039336876977112e-05,1.7344573569493403e-10,-0.009269905037993723
2.5375,5042.043342881723,-1.5552982040057427e-06,1.4700348081490592e-05,1.4700348081490592e-05,1.7241470890729055e-10,-0.007776491020028713
2.5500000000000003,5034.037549028507,-1.2591420007143315e-06,1.4379099044283675e-05,1.4379099044283675e-05,1.7158000780055752e-10,-0.006295710003571657
2.5625,5026.104247238002,-9.656674770230996e-07,1.407633143561024e-05,1.407633143561024e-05,1.709398546555191e-10,-0.004828337385115498
2.575,5018.247398967376,-6.750211780640025e-07,1.379281676084763e-05,1.379281676084763e-05,1.7049237460634385e-10,-0.0033751058903200124
2.5875000000000004,5010.470751144405,-3.873417129406885e-07,1.3529355232062956e-05,1.3529355232062956e-05,1.7023560090147812e-10,-0.0019367085647034425
2.6,5002.777851151075,-1.0276030900986331e-07,1.3286774121172105e-05,1.3286774121172105e-05,1.7016747979709902e-10,-0.0005138015450493166
2.6125000000000003,4995.172060691126,1.7859867511519765e-07,1.3065925543577398e-05,1.3065925543577398e-05,1.702858751104911e-10,0.0008929933755759883
2.625,4987.656568616109,4.5661727509363667e-07,1.2867683625381505e-05,1.2867683625381505e-05,1.7058857245889013e-10,0.002283086375468183
2.6375,4980.2344027859635,7.311834821133695e-07,1.269294101329634e-05,1.269294101329634e-05,1.7107328320747822e-10,0.0036559174105668477
2.6500000000000004,4972.908441038254,1.0021908370920452e-06,1.2542604694273047e-05,1.256592456127498e-05,1.717376481483696e-10,0.005010954185460226
2.6625,4965.681421340512,1.2695380551238669e-06,1.2417591101693563e-05,1.2581518212658234e-05,1.7257924093063755e-10,0.006347690275619334
2.6750000000000003,4958.555951194213,1.5331286776005819e-06,1.231882049664578e-05,1.2637658351899661e-05,1.735955712597278e-10,0.007665643388002909
2.6875,4951.534516355948,1.7928707495907226e-06,1.2247210626243865e-05,1.2722495483417765e-05,1.7478408788300274e-10,0.008964353747953614
2.7,4944.619488936412,2.0486765202334896e-06,1.2203669675970972e-05,1.2830866100053773e-05,1.7614218137667283e-10,0.010243382601167448
2.7125000000000004,4937.81313493315,2.300462164083173e-06,1.2189088549357752e-05,1.295969359381296e-05,1.7766718674800372e-10,0.011502310820415865
2.725,4931.117621247931,2.548147521519533e-06,1.2204332525637278e-05,1.3107272532820933e-05,1.7935638586543825e-10,0.012740737607597665
2.7375000000000003,4924.535022234862,2.791655856513946e-06,1.2250232363938007e-05,1.32718996269254e-05,1.8120700972813839e-10,0.01395827928256973
2.75,4918.067325821037,3.0309136302067965e-06,1.2327574940632893e-05,1.3453057403349758e-05,1.8321624058542898e-10,0.015154568151033982
2.7625,4911.716439237481,3.2658502889062393e-06,1.2437093524147156e-05,1.3650273558633233e-05,1.8538121391570303e-10,0.016329251444531196
2.7750000000000004,4905.484194394036,3.4963980652608643e-06,1.2579457808296912e-05,1.3863136709889663e-05,1.876990202735219e-10,0.017481990326304323
2.7875,4899.372352928073,3.7224917914882903e-06,1.2755263840525214e-05,1.4091251974026492e-05,1.901667070129025e-10,0.01861245895744145
2.8000000000000003,4893.3826109545425,3.944068723658791e-06,1.2965023994661335e-05,1.4334475945958098e-05,1.927812798941196e-10,0.019720343618293956
2.8125,4887.51660354136,4.161068376137732e-06,1.3209157148516271e-05,1.4594078750367829e-05,1.9553970458075825e-10,0.02080534188068866
2.825,4881.775908931987,4.373432365384028e-06,1.3487979234247983e-05,1.4869327679432063e-05,1.9843890803321803e-10,0.02186716182692014
2.8375000000000004,4876.162052534582,4.581104262384705e-06,1.380169433355476e-05,1.516056236449993e-05,2.0147577980439443e-10,0.022905521311923527
2.85,4870.676510694598,4.78402945307892e-06,1.4150386490039457e-05,1.5469217705961725e-05,2.0464717324283345e-10,0.0239201472653946
2.8625000000000003,4865.320714268169,4.9821550061900115e-06,1.4534012407288899e-05,1.579484457054468e-05,2.0794990660827044e-10,0.024910775030950058
2.875,4860.096052008356,5.175429547941291e-06,1.495239519320653e-05,1.613884072014627e-05,2.1138076410411655e-10,0.025877147739706455
2.8875,4855.003873778996,5.3638031431824715e-06,1.5405219298925355e-05,1.6503093020829572e-05,2.1493649683114222e-10,0.02681901571591236
2.9000000000000004,4850.04549360606,5.547227182498717e-06,1.5892026784349383e-05,1.6887345981763376e-05,2.1861382366632397e-10,0.027736135912493583
2.9125,4845.222192578294,5.725654274914895e-06,1.6412215022297593e-05,1.729373842320992e-05,2.224094320705634e-10,0.028628271374574472
2.9250000000000003,4840.535221605896,5.899038145843855e-06,1.696503592975845e-05,1.772418744322579e-05,2.2631997882875494e-10,0.029495190729219276
2.9375,4835.985804045954,6.0673335399605135e-06,1.7549596788429548e-05,1.818071643241892e-05,2.3034209072546744e-10,0.030336667699802568
2.95,4831.575138202715,6.230496128713605e-06,1.816486268814806e-05,1.8665560657618393e-05,2.3447236515931427e-10,0.031152480643568025
2.9625000000000004,4827.304399709496,6.38848242221488e-06,1.8809660596731267e-05,1.918263777272091e-05,2.387073706989135e-10,0.0319424121110744
2.975,4823.174743798325,6.541249685271495e-06,1.9482685028925695e-05,1.9735267990549975e-05,2.4304364758318525e-10,0.03270624842635748
2.9875000000000003,4819.187307463619,6.688755857352419e-06,2.018250525642803e-05,2.0328865111200544e-05,2.4747770816859316e-10,0.03344377928676209
3.0,4815.343211524187,6.8309594763036286e-06,2.090757397112103e-05,2.096970682974333e-05,2.520060373258164e-10,0.034154797381518144
3.0125,4811.643562588589,6.967819605650816e-06,2.165623728557306e-05,2.1666436704103386e-05,2.5662509278822915e-10,0.03483909802825408
3.0250000000000004,4808.08945492686,7.099295765352196e-06,2.242674592924343e-05,2.242674592924343e-05,2.6133130545447556e-10,0.03549647882676098
3.0375,4804.681972252376,7.225347865888641e-06,2.3217267476405118e-05,2.3217267476405118e-05,2.661210796473521e-10,0.03612673932944321
3.0500000000000003,4801.422189415531,7.3459361456040315e-06,2.4025899423131982e-05,2.4025899423131982e-05,2.7099079333115204e-10,0.03672968072802016
3.0625,4798.311174011446,7.461021111235916e-06,2.485068291627061e-05,2.485068291627061e-05,2.7593679828958725e-10,0.03730510555617958
3.075,4795.349987902116,7.570563481605955e-06,2.5689616927466277e-05,2.5689616927466277e-05,2.8095542026638116e-10,0.037852817408029774
3.0875000000000004,4792.539688653164,7.674524134471429e-06,2.6540672660233646e-05,2.6540672660233646e-05,2.860429590706292e-10,0.038372620672357145
3.1,4789.881330884034,7.772864056574204e-06,2.7401807977803252e-05,2.7401807977803252e-05,2.911956886490462e-10,0.03886432028287102
3.1125000000000003,4787.375967529932,7.865544296962231e-06,2.8270981643936367e-05,2.8270981643936367e-05,2.9640985712726983e-10,0.03932772148481116
3.125,4785.024651011967,7.952525923701605e-06,2.9146167177846363e-05,2.9146167177846363e-05,3.0168168682246784e-10,0.03976262961850802
3.1375,4782.828434311203,8.033769984144921e-06,3.0025366137428713e-05,3.0025366137428713e-05,3.0700737422960704e-10,0.04016884992072461
3.1500000000000004,4780.788371940568,8.109237468974717e-06,3.0906620661709045e-05,3.0906620661709045e-05,3.123830899838858e-10,0.040546187344873585
3.1625,4778.905520807347,8.178889280299693e-06,3.178802512320214e-05,3.178802512320214e-05,3.1780497880201757e-10,0.04089444640149846
3.1750000000000003,4777.180940956929,8.242686204146517e-06,3.266773676309944e-05,3.266773676309944e-05,3.2326915940527833e-10,0.041213431020732584
3.1875,4775.615696185963,8.300588887761824e-06,3.354398520618924e-05,3.354398520618924e-05,3.287717244275078e-10,0.04150294443880912
3.2,4774.210854513251,8.352557822217797e-06,3.441508077746285e-05,3.441508077746285e-05,3.343087403115793e-10,0.04176278911108899
3.2125000000000004,4772.967488490208,8.398553330900457e-06,3.5279421567779036e-05,3.5279421567779036e-05,3.398762471982386e-10,0.041992766654502287
3.225,4771.886675335348,8.438535564552716e-06,3.613549922107841e-05,3.613549922107841e-05,3.4547025881165653e-10,0.04219267782276358
3.2375000000000003,4770.969496870037,8.47246450364394e-06,3.6981903439844376e-05,3.6981903439844376e-05,3.5108676234655244e-10,0.0423623225182197
3.25,4770.217039232735,8.500299968943732e-06,3.781732522823986e-05,3.781732522823986e-05,3.5672171836232735e-10,0.04250149984471866
3.2625,4769.630392344564,8.522001641289447e-06,3.86405589131382e-05,3.86405589131382e-05,3.6237106069030107e-10,0.04261000820644724
3.2750000000000004,4769.210649096613,8.537529091652972e-06,3.945050300172617e-05,3.945050300172617e-05,3.6803069636088097e-10,0.04268764545826486
3.2875,4768.958904225516,8.54684182273177e-06,4.024615995019612e-05,4.024615995019612e-05,3.73696505558302e-10,0.04273420911365885
3.3000000000000003,4768.8762528413545,8.549899323409564e-06,4.102663493107326e-05,4.102663493107326e-05,3.7936434161146935e-10,0.04274949661704782
3.3125,4768.963788567913,8.54666113755177e-06,4.17911336968437e-05,4.17911336968437e-05,3.850300310304066e-10,0.04273330568775885
3.325,4769.222601252826,8.537086948716474e-06,4.253895964475712e-05,4.253895964475712e-05,3.906893735988596e-10,0.04268543474358237
3.3375000000000004,4769.653774201599,8.521136682470826e-06,4.326951019205057e-05,4.326951019205057e-05,3.963381425347277e-10,0.04260568341235413
3.35,4770.258380887558,8.498770628101077e-06,4.398227257253097e-05,4.398227257253097e-05,4.0197208473117705e-10,0.04249385314050538
3.3625000000000003,4771.037481086847,8.46994958158838e-06,4.467681916467495e-05,4.467681916467495e-05,4.075869210925358e-10,0.0423497479079419
3.375,4771.992116386397,8.434635011787175e-06,4.5352802458419214e-05,4.5352802458419214e-05,4.131783469803497e-10,0.04217317505893587
3.3875,4773.1233050108285,8.39278925178361e-06,4.600994976292041e-05,4.600994976292041e-05,4.187420327862926e-10,0.04196394625891805
3.4000000000000004,4774.432035915306,8.344375717423118e-06,4.6648057751079924e-05,4.6648057751079924e-05,4.2427362464994093e-10,0.04172187858711559
3.4125,4775.919262090531,8.289359154973194e-06,4.7266986928887455e-05,4.7266986928887455e-05,4.297687453407275e-10,0.04144679577486597
3.4250000000000003,4777.585893028866,8.22770591982452e-06,4.7866656108965286e-05,4.7866656108965286e-05,4.352229953246493e-10,0.041138529599122606
3.4375,4779.432786302815,8.159384288025122e-06,4.844703695840958e-05,4.844703695840958e-05,4.406319540374957e-10,0.04079692144012561
3.45,4781.460738211829,8.084364802283458e-06,4.9008148681422685e-05,4.9008148681422685e-05,4.459911813874462e-10,0.04042182401141729
3.4625000000000004,4783.670473458578,8.002620653861849e-06,4.955005288757934e-05,4.955005288757934e-05,4.5129621951082984e-10,0.04001310326930924
3.475,4786.062633824699,7.914128101508152e-06,5.0072848687107086e-05,5.0072848687107086e-05,4.5654259480560055e-10,0.03957064050754076
3.4875000000000003,4788.637765822462,7.818866928236508e-06,5.057666804548892e-05,5.057666804548892e-05,4.6172582026761734e-10,0.03909433464118254
3.5,4791.396307312988,7.71682093636628e-06,5.106167142117646e-05,5.106167142117646e-05,4.668413981550926e-10,0.0385841046818314
3.5125,4794.338573091597,7.607978480759903e-06,5.152804370236436e-05,5.152804370236436e-05,4.718848230065301e-10,0.03803989240379951
3.5250000000000004,4797.4647394563935,7.492333039665865e-06,5.197599045170831e-05,5.197599045170831e-05,4.768515850370824e-10,0.03746166519832932
3.5375,4800.77482779297,7.3698838219748655e-06,5.2405734461631186e-05,5.2405734461631186e-05,4.817371739374657e-10,0.036849419109874326
3.5500000000000003,4804.268687224358,7.240636409038349e-06,5.281751261747614e-05,5.281751261747614e-05,4.865370830983443e-10,0.03620318204519174
3.5625,4807.945976396235,7.104603428485655e-06,5.3211573061235234e-05,5.3211573061235234e-05,4.912468142813975e-10,0.035523017142428275
3.575,4811.806144486921,6.961805256716254e-06,5.358817264488074e-05,5.358817264488074e-05,4.958618827560764e-10,0.03480902628358127
3.5875000000000004,4815.848411553584,6.81227074594692e-06,5.394757465941348e-05,5.394757465941348e-05,5.003778229183306e-10,0.0340613537297346
3.6,4820.071748348358,6.656037970872467e-06,5.429004682355961e-05,5.429004682355961e-05,5.047901944043048e-10,0.03328018985436234
3.6125000000000003,4824.474855760073,6.493154989166397e-06,5.4615859514528925e-05,5.4615859514528925e-05,5.090945887081812e-10,0.032465774945831985
3.625,4829.056144060541,6.32368060922069e-06,5.492528422231863e-05,5.492528422231863e-05,5.132866363089667e-10,0.03161840304610345
3.6375,4833.813712155248,6.1476851577191385e-06,5.521859220863032e-05,5.521859220863032e-05,5.173620143061134e-10,0.030738425788595692
3.6500000000000004,4838.7453270593605,5.965251238874932e-06,5.549605335148613e-05,5.549605335148613e-05,5.213164545584477e-10,0.02982625619437466
3.6625,4843.84840383901,5.776474476460583e-06,5.575793515700812e-05,5.575793515700812e-05,5.251457523150005e-10,0.028882372382302915
3.6750000000000003,4849.119986274202,5.581464229136405e-06,5.600450192048955e-05,5.600450192048955e-05,5.288457753200372e-10,0.027907321145682024
3.6875,4854.556728514342,5.380344269063749e-06,5.62360140197732e-05,5.62360140197732e-05,5.324124733679496e-10,0.026901721345318746
3.7,4860.154878007695,5.173253413390014e-06,5.64527273249982e-05,5.64527273249982e-05,5.358418882767663e-10,0.025866267066950072
3.7125000000000004,4865.91025999343,4.96034609793339e-06,5.665489270993195e-05,5.665489270993195e-05,5.391301642419671e-10,0.02480173048966695
3.725,4871.818263847223,4.74179288229316e-06,5.6842755651319826e-05,5.6842755651319826e-05,5.422735585251404e-10,0.0237089644114658
3.7375000000000003,4877.873831570093,4.517780875681049e-06,5.701655590392543e-05,5.701655590392543e-05,5.452684524249302e-10,0.022588904378405245
3.75,4884.071448702801,4.288514073022734e-06,5.7176527240165334e-05,5.7176527240165334e-05,5.481113624707879e-10,0.02144257036511367
3.7625,4890.405137936149,4.054213591324707e-06,5.732289724444045e-05,5.732289724444045e-05,5.50798951773417e-10,0.020271067956623534
3.7750000000000004,4896.868455670862,3.8151177969453115e-06,5.745588715341122e-05,5.745588715341122e-05,5.533280414595846e-10,0.019075588984726558
3.7875,4903.454491756211,3.5714823152504295e-06,5.7575711734542806e-05,5.7575711734542806e-05,5.556956221133359e-10,0.017857411576252147
3.8000000000000003,4910.155872610986,3.3235799151705902e-06,5.768257919624993e-05,5.768257919624993e-05,5.578988651406789e-10,0.01661789957585295
3.8125,4916.964767894949,3.0717002623982775e-06,5.7776691123892826e-05,5.7776691123892826e-05,5.599351339706611e-10,0.015358501311991388
3.825,4923.872900863185,2.81614953635928e-06,5.785824243671565e-05,5.785824243671565e-05,5.618019950025313e-10,0.014080747681796402
3.8375000000000004,4930.87156249223,2.557249907641865e-06,5.792742136157618e-05,5.792742136157618e-05,5.634972282064835e-10,0.012786249538209326
3.85,4937.95162942286,2.295338874250545e-06,5.7984409419992815e-05,5.7984409419992815e-05,5.650188372843931e-10,0.011476694371252726
3.8625000000000003,4945.1035857145325,2.0307684568405434e-06,5.802938142563804e-05,5.802938142563804e-05,5.663650592970666e-10,0.010153842284202717
3.875,4952.317548357722,1.76390425495546e-06,5.8062505489939864e-05,5.8062505489939864e-05,5.675343736658567e-10,0.0088195212747773
3.8875,4959.583296437051,1.4951243682005882e-06,5.808394303392145e-05,5.808394303392145e-05,5.685255104591116e-10,0.007475621841002941
3.9000000000000004,4966.890303787438,1.2248181882035249e-06,5.8093848804820404e-05,5.8093848804820404e-05,5.693374578777984e-10,0.0061240909410176245
3.9125,4974.227774933695,9.533850691048471e-07,5.8092370896389345e-05,5.8092370896389345e-05,5.69969468859779e-10,0.004766925345524236
3.9250000000000003,4981.584684055417,6.812328861485183e-07,5.807965077209524e-05,5.807965077209524e-05,5.704210667285568e-10,0.0034061644307425915
3.9375,4988.949816671121,4.087764936665806e-07,5.8055823290712363e-05,5.8055823290712363e-05,5.706920498198018e-10,0.002043882468332903
3.95,4996.311813693866,1.3643609534113767e-07,5.80210167340491e-05,5.80210167340491e-05,5.707824950275027e-10,0.0006821804767056884
3.9625000000000004,5003.659217471677,-1.353644589552547e-07,5.797535283676753e-05,5.797535283676753e-05,5.706927602210725e-10,-0.0006768222947762736
3.975,5010.980519393179,-4.0619943422179487e-07,5.791894681845141e-05,5.791894681845141e-05,5.704234854950234e-10,-0.0020309971711089743
3.9875000000000003,5018.264208612137,-6.756430127838645e-07,5.785190741825956e-05,5.785190741825956e-05,5.699755932237727e-10,-0.0033782150639193225
4.0,5025.498821424554,-9.432711208860926e-07,5.777433693266793e-05,5.777433693266793e-05,5.693502869055764e-10,-0.004716355604430463
4.0125,5032.672990818694,-1.2086632616919895e-06,5.768633125696437e-05,5.768633125696437e-05,5.685490487913451e-10,-0.006043316308459948
4.025,5039.775495714252,-1.471404336754845e-06,5.758797993131291e-05,5.758797993131291e-05,5.675736363059826e-10,-0.007357021683774225
4.0375000000000005,5046.795309406014,-1.7310864381023158e-06,5.7479366192356376e-05,5.7479366192356376e-05,5.664260772817305e-10,-0.00865543219051158
4.05,5053.7216467408325,-1.9873105934333385e-06,5.736056703147767e-05,5.736056703147767e-05,5.651086640345987e-10,-0.009936552967166692
4.0625,5060.544009570839,-2.239688447555042e-06,5.723165326099429e-05,5.723165326099429e-05,5.636239463261506e-10,-0.01119844223777521
4.075,5067.252230050866,-2.4878438640749717e-06,5.709268958971824e-05,5.709268958971824e-05,5.619747232635062e-10,-0.012439219320374858
4.0875,5073.836511378765,-2.7314144324924794e-06,5.694373470947727e-05,5.694373470947727e-05,5.601640342002753e-10,-0.013657072162462397
4.1000000000000005,5080.287465612814,-2.9700528671788857e-06,5.6784841394361956e-05,5.6784841394361956e-05,5.581951487100896e-10,-0.014850264335894429
4.1125,5086.596148243414,-3.2034282862711014e-06,5.6616056614639336e-05,5.6616056614639336e-05,5.560715557123392e-10,-0.016017141431355505
4.125,5092.754089240545,-3.4312273601969034e-06,5.643742166745499e-05,5.643742166745499e-05,5.537969518365379e-10,-0.017156136800984517
4.1375,5098.75332034782,-3.6531553213676716e-06,5.624897232663293e-05,5.624897232663293e-05,5.513752291173503e-10,-0.01826577660683836
4.15,5104.58639844674,-3.868936828480022e-06,5.6050739014073685e-05,5.6050739014073685e-05,5.488104621166622e-10,-0.01934468414240011
4.1625000000000005,5110.246424866105,-4.078316680825006e-06,5.584274699544434e-05,5.584274699544434e-05,5.46106894572127e-10,-0.02039158340412503
4.175,5115.727060565753,-4.281060379974983e-06,5.5625016603047384e-05,5.5625016603047384e-05,5.432689256733619e-10,-0.021405301899874916
4.1875,5121.0225371761735,-4.476954538168148e-06,5.539756348894417e-05,5.539756348894417e-05,5.40301096067422e-10,-0.02238477269084074
4.2,5126.127663926544,-4.665807134604476e-06,5.5160398911590515e-05,5.5160398911590515e-05,5.372080736943714e-10,-0.02332903567302238
4.2125,5131.037830543699,-4.847447622672419e-06,5.4913530059411376e-05,5.4913530059411376e-05,5.33994639551773e-10,-0.024237238113362095
4.2250000000000005,5135.749006248064,-5.021726892814623e-06,5.4656960414892146e-05,5.4656960414892146e-05,5.306656734837954e-10,-0.025108634464073114
4.2375,5140.2577350165175,-5.188517097287533e-06,5.439069016289205e-05,5.439069016289205e-05,5.272261400864882e-10,-0.025942585486437665
4.25,5144.561127318527,-5.347711344453044e-06,5.41147166469816e-05,5.41147166469816e-05,5.236810748157154e-10,-0.02673855672226522
4.2625,5148.656848563983,-5.499223271443978e-06,5.382903487766358e-05,5.382903487766358e-05,5.200355703783745e-10,-0.02749611635721989
4.275,5152.54310453022,-5.64298650505624e-06,5.353363809634977e-05,5.353363809634977e-05,5.16294763480997e-10,-0.028214932525281202
4.2875000000000005,5156.218624055158,-5.778954021532193e-06,5.3228518398922265e-05,5.3228518398922265e-05,5.124638220027557e-10,-0.028894770107660967
4.3,5159.682639302644,-5.907097416508611e-06,5.2913667422602164e-05,5.2913667422602164e-05,5.085479326524344e-10,-0.029535487082543055
4.3125,5162.9348639143,-6.027406096810039e-06,5.258907709966985e-05,5.258907709966985e-05,5.045522891611661e-10,-0.030137030484050194
4.325,5165.975469371004,-6.13988640597963e-06,5.225474048132182e-05,5.225474048132182e-05,5.004820810548693e-10,-0.03069943202989815
4.3375,5168.805059884479,-6.2445606954639485e-06,5.191065263459981e-05,5.191065263459981e-05,4.963424830424066e-10,-0.031222803477319743
4.3500000000000005,5171.424646138476,-6.341466353217444e-06,5.155681161488174e-05,5.155681161488174e-05,4.921386450476944e-10,-0.03170733176608722
4.3625,5173.835618188194,-6.430654801181713e-06,5.119321951587379e-05,5.119321951587379e-05,4.878756829063955e-10,-0.03215327400590857
4.375,5176.039717815822,-6.512190472641079e-06,5.081988359838147e-05,5.081988359838147e-05,4.835586697405365e-10,-0.032560952363205393
4.3875,5178.039010623754,-6.586149779877979e-06,5.0436817498362607e-05,5.0436817498362607e-05,4.791926280174783e-10,-0.0329307488993899
4.4,5179.8358581292,-6.652620081869061e-06,5.004404251387209e-05,5.004404251387209e-05,4.747825222932151e-10,-0.033263100409345304
4.4125000000000005,5181.432890102106,-6.711698660995876e-06,4.9641588969497245e-05,4.9641588969497245e-05,4.703332526340237e-10,-0.033558493304979384
4.425,5182.832977367122,-6.763491716912675e-06,4.922949765575625e-05,4.922949765575625e-05,4.658496487050911e-10,-0.03381745858456338
4.4375,5184.039205265931,-6.808113384838036e-06,4.880782133969321e-05,4.880782133969321e-05,4.6133646450992935e-10,-0.034040566924190184
4.45,5185.054847951142,-6.845684784635822e-06,4.8376626341560586e-05,4.8376626341560586e-05,4.567983737601654e-10,-0.03422842392317911
4.4625,5185.883343661145,-6.876333106141298e-06,4.79359941710435e-05,4.79359941710435e-05,4.5223996585168096e-10,-0.03438166553070649
4.4750000000000005,5186.528271096883,-6.900190735287543e-06,4.7486023214963533e-05,4.7486023214963533e-05,4.476657424200537e-10,-0.03450095367643771
4.4875,5186.993327001479,-6.917394424708655e-06,4.702683046682077e-05,4.702683046682077e-05,4.43080114445816e-10,-0.03458697212354327
4.5,5187.282305018584,-6.928084511653367e-06,4.6558553286910825e-05,4.6558553286910825e-05,4.384873998781689e-10,-0.03464042255826684
4.5125,5187.3990758843465,-6.932404185245311e-06,4.6081351180113494e-05,4.6081351180113494e-05,4.33891821744438e-10,-0.034662020926226556
4.525,5187.347568989635,-6.930498804383409e-06,4.559540757681826e-05,4.559540757681826e-05,4.292975067117023e-10,-0.034652494021917044
4.5375000000000005,5187.131755325613,-6.922515266894619e-06,4.510093160085734e-05,4.510093160085734e-05,4.2470848406661927e-10,-0.034612576334473094
4.55,5186.755631816573,-6.908601429934889e-06,4.4598159806794156e-05,4.4598159806794156e-05,4.201286850794736e-10,-0.03454300714967445
4.5625,5186.223207022177,-6.8889055810875655e-06,4.408735786749529e-05,4.408735786749529e-05,4.1556194271884157e-10,-0.034444527905437824
4.575,5185.538488182911,-6.863575959131001e-06,4.3568822191635e-05,4.3568822191635e-05,4.1101199168394424e-10,-0.034317879795655
4.5875,5184.705469568865,-6.832760323039922e-06,4.304288144967787e-05,4.304288144967787e-05,4.064824687227156e-10,-0.03416380161519961
4.6000000000000005,5183.728122085071,-6.796605567445496e-06,4.2509897985994465e-05,4.2509897985994465e-05,4.0197691320478656e-10,-0.03398302783722748
4.6125,5182.610384076684,-6.755257382505391e-06,4.197026909412163e-05,4.197026909412163e-05,3.974987679199459e-10,-0.03377628691252695
4.625,5181.356153274145,-6.708859955922788e-06,4.142442813181714e-05,4.142442813181714e-05,3.93051380074136e-10,-0.03354429977961394
4.6375,5179.969279811866,-6.657555714698968e-06,4.087284545250891e-05,4.087284545250891e-05,3.886380024566445e-10,-0.03328777857349484
4.65,5178.453560253505,-6.601485104101859e-06,4.03160291300292e-05,4.03160291300292e-05,3.842617947538204e-10,-0.033007425520509295
4.6625000000000005,5176.812732553204,-6.540786401278704e-06,3.975452545417673e-05,3.975452545417673e-05,3.799258249863483e-10,-0.032703932006393516
4.675,5175.050471884159,-6.475595560928089e-06,3.9188919175682614e-05,3.9188919175682614e-05,3.7563307104882914e-10,-0.03237797780464045
4.6875,5173.170387263617,-6.406046090470946e-06,3.8619833480580056e-05,3.8619833480580056e-05,3.713864223321114e-10,-0.03203023045235473
4.7,5171.176018908732,-6.332268952214848e-06,3.804792967579791e-05,3.804792967579791e-05,3.6718868141047877e-10,-0.03166134476107424
4.7125,5169.070836255494,-6.2543924900873e-06,3.747390657001093e-05,3.747390657001093e-05,3.6304256577740726e-10,-0.0312719624504365
4.7250000000000005,5166.858236579962,-6.172542378615419e-06,3.689849953637429e-05,3.689849953637429e-05,3.589507096151445e-10,-0.030862711893077096
4.7375,5164.541544160595,-6.086841591948045e-06,3.6322479246727056e-05,3.6322479246727056e-05,3.5491566558482437e-10,-0.030434207959740223
4.75,5162.124009926588,-5.997410390846623e-06,3.5746650070141224e-05,3.5746650070141224e-05,3.5093990662520597e-10,-0.029987051954233117
4.7625,5159.608811539805,-5.904366325710203e-06,3.517184813228471e-05,3.517184813228471e-05,3.4702582774940676e-10,-0.029521831628551015
4.775,5156.99905386151,-5.807824253843631e-06,3.459893903591308e-05,3.459893903591308e-05,3.4317574783018876e-10,-0.029039121269218152
4.7875000000000005,5154.2977697595325,-5.707896369323983e-06,3.402881524685574e-05,3.402881524685574e-05,3.393919113654459e-10,-0.028539481846619915
4.800000000000001,5151.507921215958,-5.604692243965486e-06,3.346239315406049e-05,3.346239315406049e-05,3.35676490216535e-10,-0.02802346121982743
4.8125,5148.632400697665,-5.498318878026152e-06,3.2900609816539916e-05,3.2900609816539916e-05,3.3203158531299286e-10,-0.02749159439013076
4.825,5145.67403275753,-5.38888075943781e-06,3.234441941435923e-05,3.234441941435923e-05,3.284592283179889e-10,-0.02694440379718905
4.8375,5142.635575836401,-5.276479930474147e-06,3.179478942504287e-05,3.179478942504287e-05,3.24961383249583e-10,-0.026382399652370735
4.8500000000000005,5139.519724240828,-5.161216060897583e-06,3.125269655088571e-05,3.125269655088571e-05,3.2153994805349274e-10,-0.025806080304487916
4.862500000000001,5136.32911027256,-5.043186526744804e-06,3.0719122426558435e-05,3.0719122426558435e-05,3.181967561236335e-10,-0.02521593263372402
4.875,5133.06630649096,-4.922486494021791e-06,3.019504914002359e-05,3.019504914002359e-05,3.1493357776717534e-10,-0.024612432470108955
4.8875,5129.73382809132,-4.7992090066820246e-06,2.96814546030589e-05,2.96814546030589e-05,3.117521216112787e-10,-0.023996045033410122
4.9,5126.334135384689,-4.673445078356296e-06,2.9179307810551942e-05,2.9179307810551942e-05,3.086540359490206e-10,-0.02336722539178148
4.9125000000000005,5122.869636366806,-4.545283787389199e-06,2.8689564030125708e-05,2.8689564030125708e-05,3.0564091002232045e-10,-0.022726418936945995
4.925000000000001,5119.342689366531,-4.4148123748158145e-06,2.8213159965525515e-05,2.8213159965525515e-05,3.0271427523991557e-10,-0.022074061874079072
4.9375,5115.755605766171,-4.282116344982972e-06,2.7751008938500818e-05,2.7751008938500818e-05,2.998756063286338e-10,-0.02141058172491486
4.95,5112.11065278629,-4.147279568582921e-06,2.7303996134616748e-05,2.7303996134616748e-05,2.9712632241636376e-10,-0.020736397842914606
4.9625,5108.410056331856,-4.010384387923437e-06,2.687297395850663e-05,2.687297395850663e-05,2.9446778804524e-10,-0.020051921939617186
4.9750000000000005,5104.656003894726,-3.871511724308047e-06,2.6458757543516692e-05,2.6458757543516692e-05,2.919013141136449e-10,-0.019357558621540236
4.987500000000001,5100.850647511059,-3.7307411874431877e-06,2.6062120459498186e-05,2.6062120459498186e-05,2.894281587456827e-10,-0.01865370593721594
5.0,5096.996106772845,-3.5881511868261006e-06,2.568379066068151e-05,2.568379066068151e-05,2.870495280868133e-10,-0.017940755934130505
5.0125,5093.094471891538,-3.443819045098825e-06,2.5324446713146732e-05,2.5324446713146732e-05,2.847665770243426e-10,-0.017219095225494124
5.025,5089.147806816331,-3.2978211133791517e-06,2.4984714338419708e-05,2.4984714338419708e-05,2.825804098314577e-10,-0.01648910556689576
5.0375000000000005,5085.158152405564,-3.1502328886002446e-06,2.4665163306219173e-05,2.4665163306219173e-05,2.8049208073347696e-10,-0.015751164443001224
5.050000000000001,5081.127529654563,-3.00112913290576e-06,2.4366304705413933e-05,2.4366304705413933e-05,2.785025943949512e-10,-0.0150056456645288
5.0625,5077.057942980296,-2.8505839951578534e-06,2.4088588617884574e-05,2.4088588617884574e-05,2.7661290632621563e-10,-0.014252919975789266
5.075,5072.951383564725,-2.6986711346208876e-06,2.383240221529304e-05,2.383240221529304e-05,2.748239232079505e-10,-0.013493355673104439
5.0875,5068.809832758766,-2.5454638468841986e-06,2.359806829382348e-05,2.359806829382348e-05,2.7313650313226577e-10,-0.012727319234420992
5.1000000000000005,5064.635265548517,-2.391035192082895e-06,2.3385844256850082e-05,2.3385844256850082e-05,2.7155145575878687e-10,-0.011955175960414476
5.112500000000001,5060.429654084795,-2.2354581254663082e-06,2.319592155029617e-05,2.319592155029617e-05,2.7006954238418454e-10,-0.01117729062733154
5.125,5056.194971277014,-2.0788056303493204e-06,2.3028425550258074e-05,2.3028425550258074e-05,2.6869147592357004e-10,-0.010394028151746603
5.1375,5051.933194452123,-1.92115085346208e-06,2.288341589735997e-05,2.288341589735997e-05,2.67417920802165e-10,-0.0096057542673104
5.15,5047.646309077973,-1.7625672426887323e-06,2.2760887267362228e-05,2.2760887267362228e-05,2.6624949275566266e-10,-0.008812836213443661
5.1625000000000005,5043.336312550232,-1.603128687155353e-06,2.266077056284169e-05,2.266077056284169e-05,2.6518675853772307e-10,-0.008015643435776765
5.175000000000001,5039.005218040729,-1.442909659591332e-06,2.258293450636676e-05,2.258293450636676e-05,2.64230235533095e-10,-0.0072145482979566605
5.1875,5034.655058403975,-1.2819853608467193e-06,2.2527187611566144e-05,2.2527187611566144e-05,2.6338039127493565e-10,-0.006409926804233597
5.2,5030.287890137945,-1.1204318664005876e-06,2.2493280504890972e-05,2.2493280504890972e-05,2.6263764286500816e-10,-0.005602159332002938
5.2125,5025.905797392155,-9.583262746422856e-07,2.2480908567740525e-05,2.2480908567740525e-05,2.6200235629558117e-10,-0.004791631373211428
5.2250000000000005,5021.510896016543,-7.957468566482846e-07,2.2489714865997287e-05,2.2489714865997287e-05,2.6147484567204005e-10,-0.003978734283241423
5.237500000000001,5017.105337641623,-6.327732071125537e-07,2.25192933319207e-05,2.25192933319207e-05,2.61055372335444e-10,-0.003163866035562769
5.25,5012.691313778398,-4.694863960181458e-07,2.2569192161796417e-05,2.2569192161796417e-05,2.6074414388453844e-10,-0.0023474319800907287
5.2625,5008.271059925224,-3.059691205619859e-07,2.2638917391731668e-05,2.2638917391731668e-05,2.6054131309705433e-10,-0.0015298456028099295
5.275,5003.846859666196,-1.4230585676435733e-07,2.272793661352152e-05,2.272793661352152e-05,2.6044697675050374e-10,-0.0007115292838217866
5.2875000000000005,4999.421048743424,2.1416989890418056e-08,2.2835682792570172e-05,2.2835682792570172e-05,2.6046117434311386e-10,0.00010708494945209028
5.300000000000001,4994.996019082729,1.8511093552428507e-07,2.296155815041085e-05,2.296155815041085e-05,2.6058388671603357e-10,0.0009255546776214253
5.3125,4990.574222750951,3.4868527148089446e-07,2.3104938075395748e-05,2.3104938075395748e-05,2.608150345784998e-10,0.0017434263574044723
5.325,4986.158175819119,5.120469214142462e-07,2.3265175026584434e-05,2.3265175026584434e-05,2.611544769382664e-10,0.002560234607071231
5.3375,4981.750462104097,6.751003028737694e-07,2.3441602397700785e-05,2.3441602397700785e-05,2.616020094402756e-10,0.003375501514368847
5.3500000000000005,4977.353736758537,8.377471945042023e-07,2.3633538310205723e-05,2.3633538310205723e-05,2.6215736261729487e-10,0.0041887359725210115
5.362500000000001,4972.9707296761435,9.998866100722922e-07,2.384028930699338e-05,2.384028930699338e-05,2.6282020005704464e-10,0.004999433050361461
5.375,4968.60424867737,1.1614146806232764e-06,2.4061153920907736e-05,2.4061153920907736e-05,2.6359011649120555e-10,0.005807073403116382
5.3875,4964.257182437614,1.3222245461564422e-06,2.4295426095139925e-05,2.4295426095139925e-05,2.6446663581261667e-10,0.006611122730782211
5.4,4959.932503118461,1.4822062582893823e-06,2.4542398435548826e-05,2.4542398435548826e-05,2.6544920902794816e-10,0.007411031291446911
5.4125000000000005,4955.63326866005,1.6412466954527871e-06,2.4801365277995753e-05,2.4801365277995753e-05,2.6653721215415566e-10,0.008206233477263935
5.425000000000001,4951.362624691736,1.7992294922201207e-06,2.5071625556847246e-05,2.5071625556847246e-05,2.677299440680866e-10,0.008996147461100603
5.4375,4947.123806015276,1.9560349844269476e-06,2.535248546383034e-05,2.535248546383034e-05,2.690266243197051e-10,0.009780174922134737
5.45,4942.920137616099,2.1115401717716874e-06,2.564326088937885e-05,2.564326088937885e-05,2.704263909205247e-10,0.010557700858858437
5.4625,4938.755035155414,2.265618699610504e-06,2.594327964144735e-05,2.594327964144735e-05,2.7192829811997246e-10,0.01132809349805252
5.4750000000000005,4934.632004896843,2.418140861662423e-06,2.6251883439458147e-05,2.6251883439458147e-05,2.7353131418354663e-10,0.012090704308312114
5.487500000000001,4930.554643022348,2.5689736253248145e-06,2.6568429683556084e-05,2.6568429683556084e-05,2.752343191877559e-10,0.012844868126624073
5.5,4926.526634291618,2.71798068126197e-06,2.6892293001652908e-05,2.6892293001652908e-05,2.770361028479319e-10,0.01358990340630985
5.5125,4922.551750002196,2.865022518869531e-06,2.722286657882962e-05,2.722286657882962e-05,2.7893536239606764e-10,0.014325112594347654
5.525,4918.633845208689,3.009956529133438e-06,2.755956327551785e-05,2.755956327551785e-05,2.809307005268429e-10,0.01504978264566719
5.5375000000000005,4914.776855164018,3.152637136293003e-06,2.7901816542493003e-05,2.7901816542493003e-05,2.830206234309304e-10,0.015763185681465015
5.550000000000001,4910.984790946761,3.2929159595823955e-06,2.8249081142079336e-05,2.8249081142079336e-05,2.852035389355224e-10,0.016464579797911976
5.5625,4907.26173424597,3.4306420061637035e-06,2.8600833686091977e-05,2.8600833686091977e-05,2.8747775477275534e-10,0.017153210030818516
5.575,4903.611831277482,3.5656618961767485e-06,2.895657300192846e-05,2.895657300192846e-05,2.8984147699732257e-10,0.017828309480883743
5.5875,4900.039285812841,3.6978201206171716e-06,2.9315820338882184e-05,2.9315820338882184e-05,2.92292808575038e-10,0.018489100603085857
5.6000000000000005,4896.548351308302,3.826959332515208e-06,2.9678119427193567e-05,2.9678119427193567e-05,2.948297481644255e-10,0.01913479666257604
5.612500000000001,4893.143322127115,3.952920671624471e-06,3.004303640259723e-05,3.004303640259723e-05,2.9745018911354875e-10,0.019764603358122353
5.625,4889.828523859418,4.075544122544969e-06,3.04101596091806e-05,3.04101596091806e-05,3.001519186942455e-10,0.020377720612724845
5.6375,4886.608302747252,4.19466890589883e-06,3.077909929325983e-05,3.077909929325983e-05,3.029326175956768e-10,0.020973344529494148
5.65,4883.487014235958,4.310133901854595e-06,3.1149487200720925e-05,3.1149487200720925e-05,3.0578985969863627e-10,0.021550669509272976
5.6625000000000005,4880.469010678972,4.421778104958522e-06,3.152097608988784e-05,3.152097608988784e-05,3.0872111215137226e-10,0.02210889052479261
5.675000000000001,4877.558628233966,4.529441108883408e-06,3.189323917148313e-05,3.189323917148313e-05,3.1172373576675654e-10,0.02264720554441704
5.6875,4874.760172997329,4.632963619350357e-06,3.2265969486661094e-05,3.2265969486661094e-05,3.147949857594752e-10,0.023164818096751787
5.7,4872.077906433924,4.732187993121563e-06,3.2638879233435815e-05,3.2638879233435815e-05,3.179320128405244e-10,0.023660939965607815
5.7125,4869.516030168662,4.8269588006064775e-06,3.301169905111449e-05,3.301169905111449e-05,3.2113186468466525e-10,0.024134794003032388
5.7250000000000005,4867.07867021521,4.917123409275077e-06,3.338417727159763e-05,3.338417727159763e-05,3.2439148778463043e-10,0.024585617046375383
5.737500000000001,4864.769860727848,5.002532584735103e-06,3.3756079145635575e-05,3.3756079145635575e-05,3.277077297037925e-10,0.025012662923675516
5.75,4862.593527368665,5.083041106010002e-06,3.412718605135044e-05,3.412718605135044e-05,3.310773417367078e-10,0.02541520553005001
5.7625,4860.553470393237,5.1585083912564395e-06,3.449729469155546e-05,3.449729469155546e-05,3.3449698198445636e-10,0.025792541956282198
5.775,4858.653347562678,5.2287991298891435e-06,3.4866216285640786e-05,3.4866216285640786e-05,3.3796321884902534e-10,0.02614399564944572
5.7875000000000005,4856.896656998178,5.2937839168417506e-06,3.5233775761054895e-05,3.5233775761054895e-05,3.41472534948152e-10,0.02646891958420875
5.800000000000001,4855.286720098614,5.3533398844895295e-06,3.5599810948702114e-05,3.5599810948702114e-05,3.4502133144907603e-10,0.026766699422447648
5.8125,4853.826664646669,5.407351327597786e-06,3.5964171785904745e-05,3.5964171785904745e-05,3.4860593281657833e-10,0.02703675663798893
5.825,4852.519408232202,5.455710316542115e-06,3.632671952994846e-05,3.632671952994846e-05,3.5222259196753114e-10,0.027278551582710576
5.8375,4851.367642122793,5.4983172939766284e-06,3.6687325984645036e-05,3.6687325984645036e-05,3.558674958209869e-10,0.02749158646988314
5.8500000000000005,4850.373815712729,5.535081650106667e-06,3.704587274180982e-05,3.704587274180982e-05,3.595367712296228e-10,0.027675408250533332
5.862500000000001,4849.540121680748,5.565922271755295e-06,3.740225043906401e-05,3.740225043906401e-05,3.632264912751685e-10,0.027829611358776478
5.875,4848.868481983194,5.590768060499044e-06,3.775635803493425e-05,3.775635803493425e-05,3.669326819073123e-10,0.02795384030249522
5.8875,4848.360534807985,5.609558415289027e-06,3.81081021018339e-05,3.81081021018339e-05,3.706513289025432e-10,0.028047792076445137
5.9,4848.017622606832,5.622243675167743e-06,3.845739613717126e-05,3.845739613717126e-05,3.743783851164753e-10,0.028111218375838718
5.9125000000000005,4847.840781318145,5.628785517938948e-06,3.880415989253775e-05,3.880415989253775e-05,3.7810977800045584e-10,0.02814392758969474
5.925000000000001,4847.830730884808,5.6291573109460085e-06,3.914831872068277e-05,3.914831872068277e-05,3.818414173507081e-10,0.028145786554730042
5.9375,4847.9878671610795,5.623344410460073e-06,3.9489802939778753e-05,3.9489802939778753e-05,3.855692032559429e-10,0.028116722052300362
5.95,4848.312255292462,5.61134440657014e-06,3.9828547214318196e-05,3.9828547214318196e-05,3.8928903420731065e-10,0.0280567220328507
5.9625,4848.803624641432,5.5931673108983135e-06,4.016448995186109e-05,4.016448995186109e-05,3.929968153327923e-10,0.027965836554491568
5.9750000000000005,4849.461365318253,5.568835684930221e-06,4.049757271476445e-05,4.049757271476445e-05,3.9668846671666213e-10,0.027844178424651107
5.987500000000001,4850.284526363897,5.538384707247507e-06,4.082773964597261e-05,4.082773964597261e-05,4.0035993176351955e-10,0.027691923536237537
6.0,4851.271815615749,5.501862178470155e-06,4.115493690792521e-05,4.115493690792521e-05,4.0400718556559773e-10,0.02750931089235078
6.0125,4852.421601276309,5.45932846325549e-06,4.147911213364755e-05,4.147911213364755e-05,4.076262432316221e-10,0.027296642316277448
6.025,4853.731915184705,5.410856369250119e-06,4.180021388912229e-05,4.180021388912229e-05,4.1121316813542507e-10,0.027054281846250597
6.0375000000000005,4855.200457781619,5.3565309634454835e-06,4.211819114610114e-05,4.211819114610114e-05,4.147640800428201e-10,0.026782654817227417
6.050000000000001,4856.824604738131,5.296449326938436e-06,4.243299276459729e-05,4.243299276459729e-05,4.182751630759036e-10,0.026482246634692178
6.0625,4858.601415208969,5.230720249640057e-06,4.274456698440322e-05,4.274456698440322e-05,4.217426734749757e-10,0.026153601248200285
6.075,4860.52764165235,5.159463867000265e-06,4.305286092510157e-05,4.305286092510157e-05,4.251629471196409e-10,0.025797319335001324
6.0875,4862.599741148154,5.082811241317676e-06,4.3357820094177834e-05,4.3357820094177834e-05,4.2853240677235366e-10,0.02541405620658838
6.1000000000000005,4864.813888132131,5.000903890676292e-06,4.365938790300161e-05,4.365938790300161e-05,4.318475690096906e-10,0.025004519453381457
6.112500000000001,4867.165988451265,4.913893268987698e-06,4.395750519061571e-05,4.395750519061571e-05,4.351050508089357e-10,0.024569466344938493
6.125,4869.651694636658,4.8219402010144495e-06,4.4252109755459376e-05,4.4252109755459376e-05,4.3830157576013567e-10,0.02410970100507225
6.1375,4872.266422278672,4.725214276602285e-06,4.454313589535065e-05,4.454313589535065e-05,4.414339798765841e-10,0.023626071383011427
6.15,4875.005367382575,4.623893208652331e-06,4.483051395626296e-05,4.483051395626296e-05,4.4449921697969703e-10,0.023119466043261656
6.1625000000000005,4877.863524574848,4.518162159616083e-06,4.5114169890650995e-05,4.5114169890650995e-05,4.474943636374142e-10,0.022590810798080417
6.175000000000001,4880.835706025874,4.4082130414936785e-06,4.539402482630777e-05,4.539402482630777e-05,4.5041662363855965e-10,0.02204106520746839
6.1875,4883.916560950513,4.294243794458113e-06,4.5669994646969306e-05,4.5669994646969306e-05,4.532633319889936e-10,0.021471218972290568
6.2,4887.100595545468,4.176457649314134e-06,4.594198958612113e-05,4.594198958612113e-05,4.5603195841883906e-10,0.02088228824657067
6.2125,4890.382193222122,4.055062379030439e-06,4.620991383570165e-05,4.620991383570165e-05,4.5872011039353926e-10,0.020275311895152196
6.2250000000000005,4893.755634993839,3.93026954455901e-06,4.6473665171638046e-05,4.6473665171638046e-05,4.613255356249599e-10,0.019651347722795053
6.237500000000001,4897.2151198788215,3.8022937400768925e-06,4.6733134598389266e-05,4.6733134598389266e-05,4.638461240821519e-10,0.019011468700384462
6.25,4900.754785183285,3.6713518426567124e-06,4.69882060149036e-05,4.69882060149036e-05,4.662799095047121e-10,0.01835675921328356
6.2625,4904.3687265343715,3.5376622711951272e-06,4.723875590462463e-05,4.723875590462463e-05,4.686250704248776e-10,0.017688311355975636
6.275,4908.051017538036,3.4014442592072295e-06,4.748465305239366e-05,4.748465305239366e-05,4.708799307075465e-10,0.017007221296036146
6.2875000000000005,4911.795728945145,3.2629171458339386e-06,4.772575829129731e-05,4.772575829129731e-05,4.730429596202988e-10,0.016314585729169693
6.300000000000001,4915.596947214949,3.1222996891126496e-06,4.7961924282691464e-05,4.7961924282691464e-05,4.751127714481752e-10,0.015611498445563247
6.3125,4919.44879237686,2.9798094052345616e-06,4.8192995332793686e-05,4.8192995332793686e-05,4.770881246704422e-10,0.014899047026172807
6.325,4923.345435098004,2.8356619371594985e-06,4.8418807249371986e-05,4.8418807249371986e-05,4.789679207188029e-10,0.014178309685797493
6.3375,4927.281112876499,2.690070455586673e-06,4.863918724216403e-05,4.863918724216403e-05,4.807512023385044e-10,0.013450352277933366
6.3500000000000005,4931.2501452893575,2.543245094892533e-06,4.885395387073417e-05,4.885395387073417e-05,4.824371515755213e-10,0.012716225474462665
6.362500000000001,4935.246948235403,2.39539242625019e-06,4.906291704351144e-05,4.906291704351144e-05,4.840250874144629e-10,0.01197696213125095
6.375,4939.266047123715,2.246714969743943e-06,4.926587807174676e-05,4.926587807174676e-05,4.85514463093056e-10,0.011233574848719716
6.3875,4943.30208897014,2.097410746892429e-06,4.9462629782078004e-05,4.9462629782078004e-05,4.869048631199884e-10,0.010487053734462145
6.4,4947.34985337377,1.9476728745991323e-06,4.965295669129347e-05,4.965295669129347e-05,4.881960000235778e-10,0.009738364372995661
6.4125000000000005,4951.404262356331,1.797689201164379e-06,4.98366352467355e-05,4.98366352467355e-05,4.893877108591489e-10,0.008988446005821896
6.425000000000001,4955.460389057518,1.6476419846221001e-06,5.001343413558302e-05,5.001343413558302e-05,4.904799535031744e-10,0.008238209923110501
6.4375,4959.51346528849,1.4977076133115466e-06,5.0183114665992607e-05,5.0183114665992607e-05,4.914728027621813e-10,0.007488538066557733
6.45,4963.558887955434,1.3480563682616889e-06,5.034543122276043e-05,5.034543122276043e-05,4.923664463241371e-10,0.006740281841308445
6.4625,4967.592224371991,1.1988522266569655e-06,5.0500131799792164e-05,5.0500131799792164e-05,4.931611805795525e-10,0.0059942611332848275
6.4750000000000005,4971.609216489313,1.0502527053699393e-06,5.064695861123215e-05,5.064695861123215e-05,4.938574063388586e-10,0.005251263526849697
6.487500000000001,4975.605784076634,9.024087432901822e-07,5.078564878261062e-05,5.078564878261062e-05,4.944556244717797e-10,0.004512043716450911
6.5,4979.578026894095,7.554646209516328e-07,5.091593512281567e-05,5.091593512281567e-05,4.949564314934248e-10,0.0037773231047581643
6.5125,4983.522225903187,6.095579157625762e-07,5.103754697709213e-05,5.103754697709213e-05,4.953605151207013e-10,0.0030477895788128813
6.525,4987.434843564433,4.648194909740044e-07,5.1150211160611074e-05,5.1150211160611074e-05,4.956686498214157e-10,0.002324097454870022
6.5375000000000005,4991.312523278343,3.2137351638359694e-07,5.125365297144945e-05,5.125365297144945e-05,4.958816923770988e-10,0.0016068675819179848
6.550000000000001,4995.152088024436,1.7933751866256877e-07,5.1347597281071635e-05,5.1347597281071635e-05,4.960005774791934e-10,0.0008966875933128439
6.5625,4998.950538259583,3.8822459111283234e-08,5.143176969962178e-05,5.143176969962178e-05,4.960263133767871e-10,0.00019411229555641617
6.575,5002.705049135474,-1.0006716340513428e-07,5.150589781252345e-05,5.150589781252345e-05,4.959599775925829e-10,-0.0005003358170256714
6.5875,5006.4129670966995,-2.3723318661902936e-07,5.156971248405016e-05,5.156971248405016e-05,4.958027127222884e-10,-0.0011861659330951468
6.6000000000000005,5010.071805921917,-3.7258363840327766e-07,5.162294922268541e-05,5.162294922268541e-05,4.955557223310939e-10,-0.0018629181920163883
6.612500000000001,5013.679242268422,-5.060325719615641e-07,5.166534960224347e-05,5.166534960224347e-05,4.952202669594046e-10,-0.0025301628598078203
6.625,5017.233110781363,-6.374998848954537e-07,5.16966627318834e-05,5.16966627318834e-05,4.947976602485153e-10,-0.0031874994244772688
6.6375,5020.7313988253845,-7.669111243235767e-07,5.1716646767328216e-05,5.1716646767328216e-05,4.942892651954747e-10,-0.0038345556216178834
6.65,5024.172240896761,-8.941972801578862e-07,5.1725070454811605e-05,5.1725070454811605e-05,4.936964905449888e-10,-0.004470986400789431
6.6625000000000005,5027.553912769247,-1.0192945685587058e-06,5.1721714698525955e-05,5.1721714698525955e-05,4.930207873248753e-10,-0.005096472842793529
6.675000000000001,5030.874825427302,-1.1421442074952388e-06,5.1706374141651304e-05,5.1706374141651304e-05,4.922636455303008e-10,-0.005710721037476194
6.6875,5034.133518834674,-1.2626921862344272e-06,5.167885875041459e-05,5.167885875041459e-05,4.91426590960828e-10,-0.006313460931172136
6.7,5037.32865558523,-1.3808890304701723e-06,5.163899539007504e-05,5.163899539007504e-05,4.905111822131609e-10,-0.0069044451523508615
6.7125,5040.459014479431,-1.4966895646886685e-06,5.1586629381264496e-05,5.1586629381264496e-05,4.89519007831421e-10,-0.007483447823443343
6.7250000000000005,5043.523484065372,-1.6100526732466738e-06,5.1521626024741943e-05,5.1521626024741943e-05,4.884516836158083e-10,-0.008050263366233368
6.737500000000001,5046.521056182221,-1.72094106151849e-06,5.144387208235747e-05,5.144387208235747e-05,4.873108500896001e-10,-0.00860470530759245
6.75,5049.450819538693,-1.829321018346929e-06,5.135327720187155e-05,5.135327720187155e-05,4.86098170123625e-10,-0.009146605091734645
6.7625,5052.311953356858,-1.9351621809142617e-06,5.124977527324736e-05,5.124977527324736e-05,4.84815326716606e-10,-0.009675810904571308
6.775,5055.10372110864,-2.0384373030326977e-06,5.113332570413232e-05,5.113332570413232e-05,4.834640209291078e-10,-0.010192186515163489
6.7875000000000005,5057.825464368577,-2.1391220277413537e-06,5.100391460247467e-05,5.100391460247467e-05,4.820459699682314e-10,-0.010695610138706768
6.800000000000001,5060.476596803799,-2.2371946649889237e-06,5.0861555854583e-05,5.0861555854583e-05,4.805629054196864e-10,-0.011185973324944618
6.8125,5063.056598320432,-2.3326359750788245e-06,5.0706292087433205e-05,5.0706292087433205e-05,4.790165716234196e-10,-0.011663179875394123
6.825,5065.565009380918,-2.42542895845776e-06,5.053819550465595e-05,5.053819550465595e-05,4.774087241885961e-10,-0.012127144792288798
6.8375,5068.001425506095,-2.515558652339209e-06,5.035736858639555e-05,5.035736858639555e-05,4.757411286434009e-10,-0.012577793261696045
6.8500000000000005,5070.365491973532,-2.603011934570926e-06,5.0163944644114044e-05,5.0163944644114044e-05,4.74015559214859e-10,-0.013015059672854629
6.862500000000001,5072.656898720432,-2.687777335080611e-06,4.995808822241375e-05,4.995808822241375e-05,4.722337977336512e-10,-0.013438886675403054
6.875,5074.875375458605,-2.7698448551661916e-06,4.97399953410606e-05,4.97399953410606e-05,4.703976326587237e-10,-0.013849224275830957
6.8875,5077.020687006816,-2.849205794836787e-06,4.9509893571597734e-05,4.9509893571597734e-05,4.685088582163564e-10,-0.014246028974183936
6.9,5079.092628845664,-2.9258525883573736e-06,4.926804194423201e-05,4.926804194423201e-05,4.665692736482504e-10,-0.014629262941786868
6.9125000000000005,5081.091022896319,-2.9997786481043685e-06,4.901473068204309e-05,4.901473068204309e-05,4.6458068256312557e-10,-0.014998893240521843
6.925000000000001,5083.015713526065,-3.0709782168002137e-06,4.875028076098866e-05,4.875028076098866e-05,4.6254489238627344e-10,-0.015354891084001069
6.9375,5084.8665637814765,-3.1394462281624935e-06,4.8475043295646696e-05,4.8475043295646696e-05,4.604637139014882e-10,-0.01569723114081247
6.95,5086.643451849067,-3.205178175976986e-06,4.818939875212769e-05,4.818939875212769e-05,4.583389608797903e-10,-0.01602589087988493
6.9625,5088.346267743471,-3.268169991583488e-06,4.789375599109027e-05,4.789375599109027e-05,4.5617244978936615e-10,-0.01634084995791744
6.9750000000000005,5089.974910222212,-3.3284179297481773e-06,4.758855114528481e-05,4.758855114528481e-05,4.5396599958116506e-10,-0.016642089648740886
6.987500000000001,5091.529283926491,-3.385918462886116e-06,4.727424633751319e-05,4.727424633751319e-05,4.5172143154461677e-10,-0.01692959231443058
7.0,5093.009296746141,-3.440668183591783e-06,4.695132824631161e-05,4.695132824631161e-05,4.4944056922796313e-10,-0.017203340917958915
7.0125,5094.414857408335,-3.4926637154337713e-06,4.662030652802009e-05,4.662030652802009e-05,4.471252384177249e-10,-0.017463318577168856
7.025,5095.745873288393,-3.541901631971383e-06,4.628171210518022e-05,4.628171210518022e-05,4.4477726717185364e-10,-0.017709508159856915
7.0375000000000005,5097.00224844188,-3.588378383955597e-06,4.593609533238703e-05,4.593609533238703e-05,4.4239848590114283e-10,-0.017941891919777984
7.050000000000001,5098.183881856891,-3.632090234683895e-06,4.558402405179617e-05,4.558402405179617e-05,4.3999072749349307e-10,-0.018160451173419474
7.0625,5099.290665926702,-3.6730332034873896e-06,4.5226081551442415e-05,4.5226081551442415e-05,4.3755582747564063e-10,-0.018365166017436946
7.075,5100.32248514138,-3.7112030173392693e-06,4.486286444034742e-05,4.486286444034742e-05,4.3509562420696507e-10,-0.018556015086696347
7.0875,5101.279214999445,-3.7465950705848796e-06,4.449498045507495e-05,4.449498045507495e-05,4.3261195909999256e-10,-0.018732975352924397
7.1000000000000005,5102.160721138702,-3.7792043928057422e-06,4.412304621292255e-05,4.412304621292255e-05,4.301066768622023e-10,-0.01889602196402871
7.112500000000001,5102.966858688726,-3.809025624841514e-06,4.3747684927314877e-05,4.3747684927314877e-05,4.2758162575372846e-10,-0.01904512812420757
7.125,5103.697471843361,-3.836053003005635e-06,4.3369524101181465e-05,4.3369524101181465e-05,4.2503865785552567e-10,-0.019180265015028175
7.1375,5104.3523936576985,-3.860280351540508e-06,4.298919321416039e-05,4.298919321416039e-05,4.2247962934253615e-10,-0.019301401757702542
7.15,5104.931446067499,-3.8817010833677405e-06,4.26073214193689e-05,4.26073214193689e-05,4.199064007563594e-10,-0.019408505416838702
7.1625000000000005,5105.434440135916,-3.900308209196026e-06,4.222453526522669e-05,4.222453526522669e-05,4.1732083727188434e-10,-0.019501541045980127
7.175000000000001,5105.861176527332,-3.916094355054794e-06,4.184145645741129e-05,4.184145645741129e-05,4.1472480895229786e-10,-0.019580471775273972
7.1875,5106.21144621093,-3.929051788324553e-06,4.1458699675475566e-05,4.1458699675475566e-05,4.121201909868378e-10,-0.019645258941622765
7.2,5106.485031396108,-3.939172452334628e-06,4.1076870457972775e-05,4.1076870457972775e-05,4.0950886390561056e-10,-0.01969586226167314
7.2125,5106.681706701067,-3.946448009595967e-06,4.0696563169126206e-05,4.0696563169126206e-05,4.068927137657492e-10,-0.019732240047979837
7.2250000000000005,5106.801240556609,-3.9508698937297414e-06,4.0318359059158764e-05,4.0318359059158764e-05,4.0427363230314724e-10,-0.019754349468648708
7.237500000000001,5106.84339684624,-3.9524293701420306e-06,3.9942824429377256e-05,3.9942824429377256e-05,4.016535170439707e-10,-0.019762146850710153
7.25,5106.807936783774,-3.951117605480262e-06,3.957050891199963e-05,3.957050891199963e-05,3.990342713701263e-10,-0.01975558802740131
7.2625,5106.694621028844,-3.946925745888313e-06,3.920194387353639e-05,3.920194387353639e-05,3.9641780453285374e-10,-0.019734628729441567
7.275,5106.503212039908,-3.939845004054019e-06,3.883764094930512e-05,3.883764094930512e-05,3.938060316086126e-10,-0.019699225020270095
7.2875000000000005,5106.233476663956,-3.929866755015152e-06,3.847809071538483e-05,3.847809071538483e-05,3.9120087339145876e-10,-0.01964933377507576
7.300000000000001,5105.885188961747,-3.916982640657523e-06,3.812376150302086e-05,3.812376150302086e-05,3.8860425621614727e-10,-0.01958491320328762
7.3125,5105.458133264572,-3.901184682802152e-06,3.777509835918677e-05,3.777509835918677e-05,3.860181117062687e-10,-0.01950592341401076
7.325,5104.952107459216,-3.88246540473689e-06,3.743252215571135e-05,3.743252215571135e-05,3.834443764418203e-10,-0.01941232702368445
7.3375,5104.366926497025,-3.8608179610016735e-06,3.709642884810264e-05,3.709642884810264e-05,3.808849915407411e-10,-0.01930408980500837
7.3500000000000005,5103.702426118466,-3.836236275186644e-06,3.6767188883958674e-05,3.6767188883958674e-05,3.78341902149099e-10,-0.01918118137593322
7.362500000000001,5102.95846678684,-3.8087151854474972e-06,3.6445146759660645e-05,3.6445146759660645e-05,3.7581705683481327e-10,-0.019043575927237485
7.375,5102.134937820849,-3.7782505973843596e-06,3.613062072290876e-05,3.613062072290876e-05,3.7331240688003273e-10,-0.0188912529869218
7.3875,5101.231761715444,-3.7448396438683024e-06,3.582390261759575e-05,3.582390261759575e-05,3.7082990546756197e-10,-0.01872419821934151
7.4,5100.248898636601,-3.7084808513350602e-06,3.552525786652596e-05,3.552525786652596e-05,3.6837150675704993e-10,-0.0185424042566753
7.4125000000000005,5099.1863510771955,-3.669174311997411e-06,3.5234925586586795e-05,3.5234925586586795e-05,3.6593916484701665e-10,-0.018345871559987056
7.425000000000001,5098.044168655064,-3.6269218613584978e-06,3.495311883017106e-05,3.495311883017106e-05,3.6353483261920387e-10,-0.01813460930679249
7.4375,5096.822453036599,-3.581727260336867e-06,3.468002494593654e-05,3.468002494593654e-05,3.61160460462193e-10,-0.017908636301684336
7.45,5095.521362964141,-3.533596381242293e-06,3.4415806051378105e-05,3.4415806051378105e-05,3.588179948717374e-10,-0.017667981906211466
7.4625,5094.141119364662,-3.4825373967695966e-06,3.416059960917729e-05,3.416059960917729e-05,3.5650937692580783e-10,-0.017412686983847982
7.4750000000000005,5092.6820105160905,-3.4285609711062803e-06,3.391451909888687e-05,3.391451909888687e-05,3.5423654063295085e-10,-0.0171428048555314
7.487500000000001,5091.144397243948,-3.3716804521805125e-06,3.367765477520145e-05,3.367765477520145e-05,3.520014111532031e-10,-0.01685840226090256
7.5,5089.5287181215135,-3.3119120640086365e-06,3.345007450385718e-05,3.345007450385718e-05,3.4980590289149616e-10,-0.016559560320043184
7.5125,5087.8354946415475,-3.249275098038086e-06,3.3231824666091614e-05,3.3231824666091614e-05,3.476519174642181e-10,-0.01624637549019043
7.525,5086.065336330624,-3.183792102321863e-06,3.3022931122573606e-05,3.3022931122573606e-05,3.455413415403681e-10,-0.015918960511609317
7.5375000000000005,5084.218945771167,-3.1154890673069926e-06,3.28234002277778e-05,3.28234002277778e-05,3.4347604455955057e-10,-0.015577445336534964
7.550000000000001,5082.297123498217,-3.044395606971369e-06,3.2633219885922354e-05,3.2633219885922354e-05,3.4145787632989055e-10,-0.015221978034856844
7.5625,5080.300772734729,-2.970545134002925e-06,3.245236063980616e-05,3.245236063980616e-05,3.39488664509821e-10,-0.014852725670014624
7.575,5078.230903929993,-2.8939750276823074e-06,3.228077678416447e-05,3.228077678416447e-05,3.375702119785785e-10,-0.014469875138411538
7.5875,5076.088639063713,-2.8147267931067876e-06,3.2118407495503364e-05,3.2118407495503364e-05,3.357042941011473e-10,-0.014073633965533938
7.6000000000000005,5073.875215678998,-2.7328462103791053e-06,3.1965177970764776e-05,3.1965177970764776e-05,3.3389265589430447e-10,-0.013664231051895527
7.612500000000001,5071.591990606662,-2.6483834723817286e-06,3.1821000567608114e-05,3.1821000567608114e-05,3.3213700910133244e-10,-0.013241917361908643
7.625,5069.240443343968,-2.561393309764692e-06,3.168577593956287e-05,3.168577593956287e-05,3.3043902918387576e-10,-0.01280696654882346
7.6375,5066.822179051254,-2.47193510179482e-06,3.1559394159802244e-05,3.1559394159802244e-05,3.2880035224031436e-10,-0.0123596755089741
7.65,5064.338931130355,-2.3800729717459038e-06,3.144173582780225e-05,3.144173582780225e-05,3.2722257186090156e-10,-0.011900364858729518
7.6625000000000005,5061.7925633508785,-2.2858758655537326e-06,3.133267315367786e-05,3.133267315367786e-05,3.257072359307606e-10,-0.011429379327768663
7.675000000000001,5059.185071491293,-2.189417612516951e-06,3.123207101551916e-05,3.123207101551916e-05,3.2425584339264184e-10,-0.010947088062584756
7.6875,5056.5185844631005,-2.0907769668948607e-06,3.1139787985581944e-05,3.1139787985581944e-05,3.2286984098210436e-10,-0.010453884834474304
7.7,5053.7953648902985,-1.9900376293359303e-06,3.105567732171024e-05,3.105567732171024e-05,3.21550619948492e-10,-0.009950188146679651
7.7125,5051.017809117213,-1.8872882471662122e-06,3.097958792088036e-05,3.097958792088036e-05,3.2029951277571865e-10,-0.009436441235831062
7.7250000000000005,5048.188446621224,-1.7826223926745864e-06,3.091136523224992e-05,3.091136523224992e-05,3.1911778991744816e-10,-0.008913111963372931
7.737500000000001,5045.309938811349,-1.6761385186507963e-06,3.085085212756907e-05,3.085085212756907e-05,3.1800665656174885e-10,-0.008380692593253981
7.75,5042.385077194257,-1.5679398905628597e-06,3.0797889727259367e-05,3.0797889727259367e-05,3.1696724944070834e-10,-0.007839699452814299
7.7625,5039.416780896991,-1.458134494900556e-06,3.075231818088697e-05,3.075231818088697e-05,3.1600063370080876e-10,-0.00729067247450278
7.775,5036.408093536074,-1.3468349233615642e-06,3.071397740114808e-05,3.071397740114808e-05,3.1510779985007644e-10,-0.006734174616807821
7.7875000000000005,5033.362179429428,-1.2341582327142784e-06,3.068270775084384e-05,3.068270775084384e-05,3.1428966079813007e-10,-0.006170791163571392
7.800000000000001,5030.2823191503,-1.1202257803359066e-06,3.0658350682649135e-05,3.0658350682649135e-05,3.13547049005253e-10,-0.005601128901679533
7.8125,5027.171904428771,-1.005163035594007e-06,3.064074933177268e-05,3.064074933177268e-05,3.128807137565031e-10,-0.005025815177970035
7.825,5024.0344324090265,-8.890993674134518e-07,3.0629749061865975e-05,3.0629749061865975e-05,3.122913185766468e-10,-0.004445496837067259
7.8375,5020.8734992770405,-7.721678085465972e-07,3.062519796476466e-05,3.062519796476466e-05,3.1177943880136186e-10,-0.003860839042732986
7.8500000000000005,5017.69279327733,-6.545047972410006e-07,3.0626947314840085e-05,3.0626947314840085e-05,3.1134555931969165e-10,-0.0032725239862050034
7.862500000000001,5014.496087142059,-5.362498971744873e-07,3.063485197890061e-05,3.063485197890061e-05,3.109900725021579e-10,-0.0026812494858724366
7.875,5011.287229960898,-4.175454966998928e-07,3.0648770782714214e-05,3.0648770782714214e-05,3.1071327632824813e-10,-0.0020877274834994637
7.8875,5008.07013852453,-2.985364886097815e-07,3.0668566835327115e-05,3.0668566835327115e-05,3.10515372726191e-10,-0.0014926824430489074
7.9,5004.848788178055,-1.793699317931306e-07,3.06941078124293e-05,3.06941078124293e-05,3.103964661370236e-10,-0.0008968496589656529
7.9125000000000005,5001.627203226967,-6.019469630929088e-08,3.0725266200069476e-05,3.0725266200069476e-05,3.103565623139438e-10,-0.0003009734815464544
7.925000000000001,4998.409446939187,5.8838906451481496e-08,3.076191950005081e-05,3.076191950005081e-05,3.103955673668339e-10,0.0002941945322574075
7.9375,4995.199611193102,1.7757950671930518e-07,3.08039503983472e-05,3.08039503983472e-05,3.105132870606473e-10,0.0008878975335965259
7.95,4992.001805823011,2.958750704865352e-07,3.085124689787021e-05,3.085124689787021e-05,3.1070942637507706e-10,0.001479375352432676
7.9625,4988.820147716835,4.1357330281347036e-07,3.090370241689189e-05,3.090370241689189e-05,3.109835893315806e-10,0.002067866514067352
7.9750000000000005,4985.658749723293,5.305220581811245e-07,3.096121585438995e-05,3.096121585438995e-05,3.113352790924327e-10,0.002652610290905622
7.987500000000001,4982.521709427807,6.465697557007268e-07,3.1023691623532606e-05,3.1023691623532606e-05,3.117638983350259e-10,0.003232848778503634
8.0,4979.413097857931,7.615657969333862e-07,3.1091039654462634e-05,3.1091039654462634e-05,3.1226874990314905e-10,0.003807828984666931
8.012500000000001,4976.336948179802,8.753609840351328e-07,3.1163175367476074e-05,3.1163175367476074e-05,3.128490377354591e-10,0.004376804920175664
8.025,4973.297244448335,9.878079359230842e-07,3.1240019617623e-05,3.1240019617623e-05,3.135038680698351e-10,0.004939039679615421
8.0375,4970.297910473001,1.0987615001576803e-06,3.1321498611687746e-05,3.1321498611687746e-05,3.142322509207741e-10,0.005493807500788402
8.05,4967.342798861267,1.2080791582542894e-06,3.1407543798436246e-05,3.1407543798436246e-05,3.150331018254726e-10,0.006040395791271446
8.0625,4964.435680300531,1.3156214221746577e-06,3.14980917329502e-05,3.14980917329502e-05,3.159052438527482e-10,0.0065781071108732886
8.075000000000001,4961.580233137979,1.4212522198044387e-06,3.15930839158036e-05,3.15930839158036e-05,3.1684740986749837e-10,0.007106261099022193
8.0875,4958.780033314784,1.5248392672966576e-06,3.1692466607778756e-05,3.1692466607778756e-05,3.1785824504199055e-10,0.007624196336483288
8.1,4956.0385447112685,1.626254426252301e-06,3.1796190620766796e-05,3.1796190620766796e-05,3.189363096039321e-10,0.008131272131261505
8.1125,4953.359109952818,1.7253740438163756e-06,3.1904211085454466e-05,3.1904211085454466e-05,3.200800818099938e-10,0.008626870219081878
8.125,4950.744941727058,1.8220792738907794e-06,3.2016487196364814e-05,3.2016487196364814e-05,3.212879611322697e-10,0.009110396369453898
8.137500000000001,4948.19911465598,1.916256377801999e-06,3.2132981934795834e-05,3.2132981934795834e-05,3.2255827164405323e-10,0.009581281889009995
8.15,4945.724557764506,2.0077970029111156e-06,3.225366177018914e-05,3.225366177018914e-05,3.238892655903074e-10,0.010038985014555577
8.1625,4943.324047581647,2.0965984378141377e-06,3.2378496340460716e-05,3.2378496340460716e-05,3.252791271273107e-10,0.010482992189070688
8.175,4941.000201907075,2.182563842950827e-06,3.2507458111838746e-05,3.2507458111838746e-05,3.267259762151761e-10,0.010912819214754135
8.1875,4938.755474268465,2.2656024556176883e-06,3.264052201877928e-05,3.264052201877928e-05,3.282278726462763e-10,0.011328012278088441
8.200000000000001,4936.592149094247,2.345629768564958e-06,3.277766508457025e-05,3.277766508457025e-05,3.297828201920625e-10,0.01172814884282479
8.2125,4934.512337616466,2.422567681544918e-06,3.291886602328678e-05,3.291886602328678e-05,3.3138877085034734e-10,0.012112838407724591
8.225,4932.5179745175,2.4963446253694344e-06,3.3064104823827604e-05,3.3064104823827604e-05,3.330436291748261e-10,0.012481723126847172
8.2375,4930.6108153261885,2.5668956582250567e-06,3.321336231684137e-05,3.321336231684137e-05,3.3474525666844725e-10,0.012834478291125283
8.25,4928.792434566022,2.6341625341835583e-06,3.336661972544415e-05,3.336661972544415e-05,3.3649147622219916e-10,0.013170812670917792
8.262500000000001,4927.0642246512725,2.6980937440319927e-06,3.3523858200733674e-05,3.3523858200733674e-05,3.3828007658096354e-10,0.013490468720159963
8.275,4925.427395523487,2.758644528727943e-06,3.368505834322141e-05,3.368505834322141e-05,3.401088168182886e-10,0.013793222643639715
8.2875,4923.882975014449,2.815776865960679e-06,3.385019971142993e-05,3.385019971142993e-05,3.4197543080225327e-10,0.014078884329803395
8.3,4922.431809919234,2.8694594304664613e-06,3.4019260319038035e-05,3.4019260319038035e-05,3.4387763163502437e-10,0.014347297152332307
8.3125,4921.074567756538,2.9196675289041794e-06,3.419221612209969e-05,3.419221612209969e-05,3.4581311604924153e-10,0.014598337644520898
8.325000000000001,4919.8117391910255,2.9663830102453106e-06,3.436904049801278e-05,3.436904049801278e-05,3.4777956874499874e-10,0.014831915051226554
8.3375,4918.64364108822,3.009594152768386e-06,3.4549703718068305e-05,3.4549703718068305e-05,3.4977466665191305e-10,0.01504797076384193
8.35,4917.570420168846,3.0492955288718464e-06,3.473417241556895e-05,3.473417241556895e-05,3.51796083101576e-10,0.015246477644359232
8.3625,4916.592057227152,3.085487849029862e-06,3.492240905166539e-05,3.492240905166539e-05,3.538414918965613e-10,0.01542743924514931
8.375,4915.708371874472,3.118177786312409e-06,3.511437138121727e-05,3.511437138121727e-05,3.5590857126310516e-10,0.015590888931562045
8.387500000000001,4914.919027767578,3.1473777829735646e-06,3.531001192114179e-05,3.531001192114179e-05,3.5799500767557063e-10,0.015736888914867825
8.4,4914.223538279407,3.1731058406801075e-06,3.5509277423864055e-05,3.5509277423864055e-05,3.600984995418527e-10,0.015865529203400536
8.4125,4913.62127256784,3.1953852960061054e-06,3.571210835862679e-05,3.571210835862679e-05,3.6221676073995556e-10,0.015976926480030528
8.425,4913.1114619980635,3.214244582858327e-06,3.591843840355119e-05,3.591843840355119e-05,3.643475239970786e-10,0.016071222914291635
8.4375,4912.693206872017,3.2297169835220273e-06,3.612819395146312e-05,3.612819395146312e-05,3.664885441036678e-10,0.016148584917610138
8.450000000000001,4912.365483420379,3.241840370027833e-06,3.634129363260648e-05,3.634129363260648e-05,3.686376009560156e-10,0.016209201850139163
8.4625,4912.1271510093175,3.250656937537653e-06,3.655764785745708e-05,3.655764785745708e-05,3.707925024221193e-10,0.016253284687688264
8.475,4911.97695951821,3.256212931432507e-06,3.677715838292265e-05,3.677715838292265e-05,3.7295108702662235e-10,0.016281064657162534
8.4875,4911.913556842499,3.258558369757624e-06,3.699971790526594e-05,3.699971790526594e-05,3.751112264517609e-10,0.01629279184878812
8.5,4911.935496478359,3.257746762641538e-06,3.722520968311612e-05,3.722520968311612e-05,3.7727082785230997e-10,0.01628873381320769
8.512500000000001,4912.041245147115,3.253834830256926e-06,3.745350719393648e-05,3.745350719393648e-05,3.7942783598356213e-10,0.016269174151284628
8.525,4912.229190417804,3.246882220832337e-06,3.7684473827292906e-05,3.7684473827292906e-05,3.815802351423727e-10,0.016234411104161683
8.5375,4912.497648289763,3.2369512301572135e-06,3.7917962618215285e-05,3.7917962618215285e-05,3.837260509222611e-10,0.01618475615078607
8.55,4912.844870697643,3.224106523948176e-06,3.8153816023862e-05,3.8153816023862e-05,3.8586335178446565e-10,0.01612053261974088
8.5625,4913.2690529043775,3.2084148643641286e-06,3.8391865746585036e-05,3.8391865746585036e-05,3.8799025044770153e-10,0.016042074321820643
8.575000000000001,4913.768340749365,3.189944841871754e-06,3.863193260634916e-05,3.863193260634916e-05,3.9010490510016895e-10,0.015949724209358772
8.5875,4914.340837722458,3.1687666135730965e-06,3.887382646528228e-05,3.887382646528228e-05,3.9220552043809556e-10,0.015843833067865482
8.6,4914.984611834798,3.14495164901359e-06,3.911734620692611e-05,3.911734620692611e-05,3.942903485357718e-10,0.01572475824506795
8.6125,4915.69770226346,3.1185724843938163e-06,3.936227977251625e-05,3.936227977251625e-05,3.9635768955264993e-10,0.015592862421969082
8.625,4916.478125746142,3.0897024860117286e-06,3.9608404256349706e-05,3.9608404256349706e-05,3.98405892283626e-10,0.015448512430058643
8.637500000000001,4917.323882706421,3.058415623665358e-06,3.985548606199678e-05,3.985548606199678e-05,4.004333545591079e-10,0.015292078118326792
8.65,4918.232963092911,3.0247862546501255e-06,4.010328112078413e-05,4.010328112078413e-05,4.0243852350189196e-10,0.015123931273250627
8.6625,4919.203351917384,2.988888918890186e-06,4.035153517361927e-05,4.035153517361927e-05,4.0441989564823e-10,0.01494444459445093
8.675,4920.233034479741,2.95079814565085e-06,4.0599984116845004e-05,4.0599984116845004e-05,4.063760169407635e-10,0.01475399072825425
8.6875,4921.320001270313,2.9105882721894922e-06,4.084835441240834e-05,4.084835441240834e-05,4.0830548260123905e-10,0.014552941360947461
8.700000000000001,4922.462252542052,2.8683332746161795e-06,4.1096363562205746e-05,4.1096363562205746e-05,4.1020693689109915e-10,0.014341666373080897
8.7125,4923.657802547614,2.824106611152963e-06,4.134372064602706e-05,4.134372064602706e-05,4.120790727681679e-10,0.014120533055764814
8.725,4924.904683438417,2.7779810779028026e-06,4.159012692206877e-05,4.159012692206877e-05,4.139206314477238e-10,0.013889905389514014
8.7375,4926.200948824086,2.730028677165733e-06,4.18352764885272e-05,4.18352764885272e-05,4.1573040187627785e-10,0.013650143385828664
8.75,4927.5446769939335,2.680320498271646e-06,4.2078857004316755e-05,4.2078857004316755e-05,4.1750722012635397e-10,0.01340160249135823
8.762500000000001,4928.933973802668,2.6289266108357735e-06,4.232055046649339e-05,4.232055046649339e-05,4.1924996872050746e-10,0.013144633054178867
8.775,4930.366975224098,2.5759159702848943e-06,4.2560034041501686e-05,4.2560034041501686e-05,4.2095757589271546e-10,0.012879579851424471
8.7875,4931.841849578721,2.5213563354497146e-06,4.2796980946911754e-05,4.2796980946911754e-05,4.226290147951381e-10,0.012606781677248572
8.8,4933.3567994421965,2.4653141979714736e-06,4.303106137987191e-05,4.303106137987191e-05,4.2426330265808287e-10,0.012326570989857368
8.8125,4934.910063242192,2.40785472322858e-06,4.3261943488081754e-05,4.3261943488081754e-05,4.258594999108082e-10,0.0120392736161429
8.825000000000001,4936.49991655265,2.3490417024520434e-06,4.348929437869019e-05,4.348929437869019e-05,4.2741670927058364e-10,0.011745208512260217
8.8375,4938.124673095888,2.288937515666372e-06,4.371278116015044e-05,4.371278116015044e-05,4.289340748071836e-10,0.01144468757833186
8.85,4939.78268546211,2.227603105065085e-06,4.3932072011721394e-05,4.3932072011721394e-05,4.304107809897309e-10,0.011138015525325425
8.8625,4941.472345558157,2.1650979584070623e-06,4.4146837274997964e-05,4.4146837274997964e-05,4.318460517225335e-10,0.010825489792035311
8.875,4943.192084797476,2.1014801020012356e-06,4.435675056158406e-05,4.435675056158406e-05,4.332391493762713e-10,0.010507400510006178
8.887500000000001,4944.94037404231,2.036806102832114e-06,4.4561489870795454e-05,4.4561489870795454e-05,4.3458937382059136e-10,0.01018403051416057
8.9,4946.715723311817,1.9711310793674618e-06,4.4760738711097946e-05,4.4760738711097946e-05,4.358960614638679e-10,0.00985565539683731
8.9125,4948.516681267535,1.9045087205812427e-06,4.4954187218852526e-05,4.4954187218852526e-05,4.371585843055728e-10,0.009522543602906214
8.925,4950.341834490221,1.8369913127199109e-06,4.514153326785448e-05,4.514153326785448e-05,4.3837634900639e-10,0.009184956563599554
8.9375,4952.189806559305,1.7686297733372735e-06,4.5322483563120804e-05,4.5322483563120804e-05,4.3954879598089177e-10,0.008843148866686367
8.950000000000001,4954.059256949851,1.6994736921230386e-06,4.549675471239946e-05,4.549675471239946e-05,4.406753985172808e-10,0.008497368460615193
8.9625,4955.948879757349,1.6295713780512673e-06,4.5664074268946646e-05,4.5664074268946646e-05,4.417556619283879e-10,0.008147856890256336
8.975,4957.8574022655375,1.5589699123782654e-06,4.58241817392435e-05,4.58241817392435e-05,4.4278912273780207e-10,0.007794849561891327
8.9875,4959.783583367911,1.4877152070234772e-06,4.5976829549501446e-05,4.5976829549501446e-05,4.4377534790470266e-10,0.007438576035117386
9.0,4961.726211856837,1.4158520678723005e-06,4.612178396503485e-05,4.612178396503485e-05,4.4471393409065534e-10,0.007079260339361503
9.012500000000001,4963.684104591291,1.3434242625453722e-06,4.625882595685771e-05,4.625882595685771e-05,4.4560450697133317e-10,0.00671712131272686
9.025,4965.656104556413,1.2704745921853949e-06,4.6387752010187494e-05,4.6387752010187494e-05,4.4644672059582643e-10,0.0063523729609269745
9.0375,4967.641078826328,1.1970449668188085e-06,4.650837486990979e-05,4.650837486990979e-05,4.4724025679591033e-10,0.005985224834094043
9.05,4969.637916441999,1.1231764838561437e-06,4.6620524218469026e-05,4.6620524218469026e-05,4.4798482464735153e-10,0.005615882419280719
9.0625,4971.6455262161035,1.0489095093011127e-06,4.672404728210041e-05,4.672404728210041e-05,4.486801599850495e-10,0.0052445475465055635
9.075000000000001,4973.662834475895,9.742837612442631e-07,4.681880936180109e-05,4.681880936180109e-05,4.4932602497352677e-10,0.004871418806221316
9.0875,4975.688782755743,8.993383952225298e-07,4.690469428595075e-05,4.690469428595075e-05,4.4992220773400484e-10,0.004496691976112649
9.1,4977.722325450449,8.24112091030766e-07,4.698160478202841e-05,4.698160478202841e-05,4.5046852202902893e-10,0.00412056045515383
9.1125,4979.762427440398,7.48643140575562e-07,4.704946276542809e-05,4.704946276542809e-05,4.5096480700533185e-10,0.00374321570287781
9.125,4981.808061699296,6.729695363651068e-07,4.71082095439457e-05,4.71082095439457e-05,4.514109269953591e-10,0.0033648476818255338
9.137500000000001,4983.858206895981,5.971290602317916e-07,4.715780593708864e-05,4.715780593708864e-05,4.5180677137760923e-10,0.002985645301158958
9.15,4985.911845000584,5.211593718863056e-07,4.7198232309941335e-05,4.7198232309941335e-05,4.5215225449567775e-10,0.002605796859431528
9.1625,4987.967958905861,4.4509809690359115e-07,4.7229488521900624e-05,4.7229488521900624e-05,4.5244731563562813e-10,0.002225490484517956
9.175,4990.025530075116,3.689829137420149e-07,4.725159379116744e-05,4.725159379116744e-05,4.52691919061049e-10,0.0018449145687100745
9.1875,4992.083536226666,2.928516393976282e-07,4.726458647644199e-05,4.726458647644199e-05,4.5288605410489243e-10,0.0014642581969881408
9.200000000000001,4994.140949065907,2.1674231329556425e-07,4.726852377781252e-05,4.726852377781252e-05,4.5302973531692494e-10,0.0010837115664778213
9.2125,4996.196732076267,1.406932790206992e-07,4.7263481359348585e-05,4.7263481359348585e-05,4.531230026653589e-10,0.000703466395103496
9.225,4998.249838378721,6.474326348943955e-08,4.72495528964041e-05,4.72495528964041e-05,4.5316592179096785e-10,0.00032371631744719775
9.2375,5000.29920867167,-1.1068546835269523e-08,4.722684955109843e-05,4.722684955109843e-05,4.5315858431172557e-10,-5.534273417634761e-05
9.25,5002.343769261328,-8.670243308344909e-08,4.719549937987324e-05,4.719549937987324e-05,4.5310110817574554e-10,-0.00043351216541724543
9.262500000000001,5004.382430193392,-1.6211807486901597e-07,4.715564667741334e-05,4.715564667741334e-05,4.5299363806003356e-10,-0.0008105903743450798
9.275,5006.414083497262,-2.3727448532744798e-07,4.710745126157072e-05,4.710745126157072e-05,4.5283634581230456e-10,-0.0011863724266372399
9.2875,5008.437601552426,-3.121299506932971e-07,4.705108770423835e-05,4.705108770423835e-05,4.5262943093285455e-10,-0.0015606497534664855
9.3,5010.451835588409,-3.86641974807037e-07,4.698674451338278e-05,4.698674451338278e-05,4.523731210932195e-10,-0.001933209874035185
9.3125,5012.455614328408,-4.607672289359822e-07,4.6914623271661345e-05,4.6914623271661345e-05,4.520676726880984e-10,-0.002303836144679911
9.325000000000001,5014.447742786565,-5.344615072876945e-07,4.683493773721895e-05,4.683493773721895e-05,4.5171337141676745e-10,-0.0026723075364384723
9.3375,5016.427001229498,-6.076796885861484e-07,4.674791291238155e-05,4.674791291238155e-05,4.513105328899656e-10,-0.0030383984429307423
9.35,5018.392144310922,-6.803757040711133e-07,4.665378408603822e-05,4.665378408603822e-05,4.508595032579938e-10,-0.0034018785203555665
9.3625,5020.341900389981,-7.525025122688305e-07,4.6552795855531865e-05,4.6552795855531865e-05,4.5036065985553893e-10,-0.0037625125613441526
9.375,5022.274971041144,-8.240120808678934e-07,4.644520113386154e-05,4.644520113386154e-05,4.498144118585127e-10,-0.004120060404339467
9.387500000000001,5024.190030764861,-8.948553760173197e-07,4.633126014793786e-05,4.633126014793786e-05,4.492212009479848e-10,-0.004474276880086598
9.4,5026.085726907035,-9.649823593442979e-07,4.6211239433530066e-05,4.6211239433530066e-05,4.4858150197609315e-10,-0.004824911796721489
9.4125,5027.960679794534,-1.0343419929671116e-06,4.6085410832400255e-05,4.6085410832400255e-05,4.478958236286309e-10,-0.005171709964835558
9.425,5029.813483093605,-1.102882252753759e-06,4.595405049694051e-05,4.595405049694051e-05,4.471647090788442e-10,-0.005514411263768795
9.4375,5031.642704397125,-1.1705501500491218e-06,4.581743790741428e-05,4.581743790741428e-05,4.463887366268267e-10,-0.005852750750245609
9.450000000000001,5033.446886046099,-1.2372917620628636e-06,4.5675854906658586e-05,4.5675854906658586e-05,4.4556852031876963e-10,-0.006186458810314318
9.4625,5035.224546189651,-1.3030522710768215e-06,4.552958475683099e-05,4.552958475683099e-05,4.447047105402206e-10,-0.006515261355384107
9.475,5036.974180086331,-1.367776012594398e-06,4.5378911222487966e-05,4.5378911222487966e-05,4.4379799457742395e-10,-0.00683888006297199
9.4875,5038.694261650046,-1.4314065325152535e-06,4.52241176839646e-05,4.52241176839646e-05,4.428490971407587e-10,-0.007157032662576267
9.5,5040.3832452403985,-1.4938866533770768e-06,4.506548628469087e-05,4.506548628469087e-05,4.4185878084426464e-10,-0.007469433266885384
9.512500000000001,5042.039567698647,-1.5551585496617818e-06,4.4903297115732605e-05,4.4903297115732605e-05,4.4082784663524646e-10,-0.007775792748308909
9.525,5043.661650626855,-1.6151638321170562e-06,4.4737827440488125e-05,4.4737827440488125e-05,4.397571341679803e-10,-0.008075819160585281
9.5375,5045.247902908588,-1.673843640995382e-06,4.4569350962108794e-05,4.4569350962108794e-05,4.3864752211561114e-10,-0.00836921820497691
9.55,5046.796723466363,-1.7311387480620991e-06,4.439813713584604e-05,4.439813713584604e-05,4.3749992841442726e-10,-0.008655693740310496
9.5625,5048.306504250749,-1.7869896671719459e-06,4.422445052816279e-05,4.422445052816279e-05,4.3631531043483266e-10,-0.008934948335859729
9.575000000000001,5049.775633454294,-1.8413367731600665e-06,4.404855022408642e-05,4.404855022408642e-05,4.3509466507350486e-10,-0.009206683865800333
9.5875,5051.202498941782,-1.8941204287390587e-06,4.3870689283926464e-05,4.3870689283926464e-05,4.338390287614311e-10,-0.009470602143695293
9.600000000000001,5052.58549188736,-1.945281119038785e-06,4.369111425013574e-05,4.369111425013574e-05,4.3254947738275627e-10,-0.009726405595193924
9.6125,5053.923010606397,-1.994759593370677e-06,4.351006470476125e-05,4.351006470476125e-05,4.312271260996538e-10,-0.009973797966853385
9.625,5055.213464570678,-2.042497013743366e-06,4.332777287761285e-05,4.332777287761285e-05,4.298731290787433e-10,-0.01021248506871683
9.637500000000001,5056.455278591052,-2.088435109602651e-06,4.314446330497575e-05,4.314446330497575e-05,4.284886791149294e-10,-0.010442175548013256
9.65,5057.64689715297,-2.1325163382158766e-06,4.296035253840845e-05,4.296035253840845e-05,4.270750071489198e-10,-0.010662581691079384
9.662500000000001,5058.786788887848,-2.1746840500696838e-06,4.277564890290228e-05,4.277564890290228e-05,4.256333816750987e-10,-0.010873420250348419
9.675,5059.873451161027,-2.21488265860115e-06,4.259055230343414e-05,4.259055230343414e-05,4.241651080368837e-10,-0.01107441329300575
9.6875,5060.905414757709,-2.2530578135359404e-06,4.240525407871949e-05,4.240525407871949e-05,4.226715276071744e-10,-0.011265289067679702
9.700000000000001,5061.881248645208,-2.2891565770639065e-06,4.221993690077058e-05,4.221993690077058e-05,4.211540168520122e-10,-0.011445782885319533
9.7125,5062.799564790336,-2.3231276020428224e-06,4.2034774718683835e-05,4.2034774718683835e-05,4.1961398627610645e-10,-0.011615638010214112
9.725000000000001,5063.659023008639,-2.3549213113853687e-06,4.1849932744921785e-05,4.1849932744921785e-05,4.180528792494427e-10,-0.011774606556926843
9.7375,5064.458335821981,-2.3844900777532703e-06,4.1665567482217306e-05,4.1665567482217306e-05,4.164721707147695e-10,-0.011922450388766352
9.75,5065.196273299822,-2.4117884026562036e-06,4.14818267891124e-05,4.14818267891124e-05,4.148733657763583e-10,-0.012058942013281018
9.762500000000001,5065.871667859897,-2.4367730940319155e-06,4.1298849982047735e-05,4.1298849982047735e-05,4.132579981710431e-10,-0.012183865470159578
9.775,5066.483419002048,-2.4594034413686057e-06,4.111676797184391e-05,4.111676797184391e-05,4.116276286231694e-10,-0.012297017206843027
9.787500000000001,5067.030497949931,-2.4796413874209494e-06,4.093570343235848e-05,4.093570343235848e-05,4.099838430857105e-10,-0.012398206937104746
9.8,5067.511952175387,-2.4974516955675735e-06,4.075577099906366e-05,4.075577099906366e-05,4.083282508704402e-10,-0.012487258477837868
9.8125,5067.926909778983,-2.512802111860723e-06,4.057707749526737e-05,4.057707749526737e-05,4.066624826706809e-10,-0.012564010559303616
9.825000000000001,5068.27458370147,-2.5256635208281543e-06,4.039972218369309e-05,4.039972218369309e-05,4.049881884807686e-10,-0.012628317604140772
9.8375,5068.554275741689,-2.5360100941031584e-06,4.02237970411407e-05,4.02237970411407e-05,4.0330703541698935e-10,-0.012680050470515791
9.850000000000001,5068.765380356312,-2.5438194309811027e-06,4.00493870539703e-05,4.00493870539703e-05,4.016207054453386e-10,-0.012719097154905514
9.8625,5068.907388217514,-2.5490726900300977e-06,3.987657053218133e-05,3.987657053218133e-05,3.999308930220345e-10,-0.012745363450150489
9.875,5068.979889506014,-2.5517547109189898e-06,3.970541943989991e-05,3.970541943989991e-05,3.982393026532699e-10,-0.012758773554594949
9.887500000000001,5068.982576918902,-2.551854125667743e-06,3.953599974013596e-05,3.953599974013596e-05,3.96547646381215e-10,-0.012759270628338716
9.9,5068.915248370357,-2.5493634585737288e-06,3.936837175172757e-05,3.936837175172757e-05,3.948576412037775e-10,-0.012746817292868643
9.912500000000001,5068.777809368464,-2.5442792141211614e-06,3.920259051645157e-05,3.920259051645157e-05,3.931710064360865e-10,-0.012721396070605807
9.925,5068.570275049428,-2.53660195224085e-06,3.903870617434474e-05,3.903870617434474e-05,3.9148946102208596e-10,-0.01268300976120425
9.9375,5068.292771854895,-2.526336350352067e-06,3.887676434534964e-05,3.887676434534964e-05,3.8981472080499967e-10,-0.012631681751760335
9.950000000000001,5067.945538838032,-2.513491251688055e-06,3.8716806515469576e-05,3.8716806515469576e-05,3.881484957657606e-10,-0.012567456258440274
9.9625,5067.528928587871,-2.4980796994804405e-06,3.8558870425689864e-05,3.8558870425689864e-05,3.86492487238779e-10,-0.012490398497402203
9.975000000000001,5067.043407761686,-2.480118956655511e-06,3.840299046199425e-05,3.840299046199425e-05,3.848483851146536e-10,-0.012400594783277555
9.9875,5066.489557218436,-2.459630510776081e-06,3.824919804487726e-05,3.824919804487726e-05,3.8321786503960696e-10,-0.012298152553880405
10.0,5065.868071748704,-2.4366400640459534e-06,3.8097522016823185e-05,3.8097522016823185e-05,3.816025856215466e-10,-0.012183200320229766
10.012500000000001,5065.17975939806,-2.4111775082793536e-06,3.79479890262901e-05,3.79479890262901e-05,3.800041856527196e-10,-0.012055887541396769
10.025,5064.42554038363,-2.3832768848242123e-06,3.780062390680333e-05,3.780062390680333e-05,3.7842428135893425e-10,-0.011916384424121062
10.037500000000001,5063.606445606165,-2.3529763295153532e-06,3.765545004982454e-05,3.765545004982454e-05,3.7686446368527326e-10,-0.011764881647576766
10.05,5062.72361476151,-2.320318002820798e-06,3.7512489770122444e-05,3.7512489770122444e-05,3.753262956281134e-10,-0.01160159001410399
10.0625,5061.778294058963,-2.2853480054305777e-06,3.737176466242658e-05,3.737176466242658e-05,3.73811309623103e-10,-0.011426740027152889
10.075000000000001,5060.771833554949,-2.248116279622462e-06,3.723329594819814e-05,3.723329594819814e-05,3.723210049985246e-10,-0.01124058139811231
10.0875,5059.705684113512,-2.208676496821738e-06,3.709710481140058e-05,3.709710481140058e-05,3.7085684550319646e-10,-0.01104338248410869
10.100000000000001,5058.581394006883,-2.1670859318521823e-06,3.696321272219852e-05,3.696321272219852e-05,3.69420256917734e-10,-0.010835429659260912
10.1125,5057.400605171993,-2.123405324451967e-06,3.683164174755567e-05,3.683164174755567e-05,3.6801262475761433e-10,-0.010617026622259836
10.125,5056.165049140247,-2.077698728700875e-06,3.670241484774232e-05,3.670241484774232e-05,3.666352920760577e-10,-0.010388493643504375
10.137500000000001,5054.876542659598,-2.0300333510733636e-06,3.657555615780014e-05,3.657555615780014e-05,3.6528955737426506e-10,-0.010150166755366818
10.15,5053.536983030392,-1.9804793778948975e-06,3.645109125304706e-05,3.645109125304706e-05,3.6397667262603734e-10,-0.009902396889474488
10.162500000000001,5052.1483431770475,-1.9291097930366818e-06,3.632904739773875e-05,3.632904739773875e-05,3.6269784142324706e-10,-0.00964554896518341
10.175,5050.71266648028,-1.8760001867352703e-06,3.620945377603581e-05,3.620945377603581e-05,3.6145421724804606e-10,-0.009380000933676351
10.1875,5049.23206139404,-1.8212285564690018e-06,3.609234170445787e-05,3.609234170445787e-05,3.6024690187707435e-10,-0.00910614278234501
10.200000000000001,5047.708695874399,-1.7648751008617064e-06,3.597774482503834e-05,3.597774482503834e-05,3.5907694392229316e-10,-0.008824375504308533
10.2125,5046.144791647025,-1.707022007616038e-06,3.586569927842635e-05,3.586569927842635e-05,3.5794533751239944e-10,-0.00853511003808019
10.225000000000001,5044.542618340555,-1.6477532365036641e-06,3.5756243856217216e-05,3.5756243856217216e-05,3.5685302111809897e-10,-0.008238766182518321
10.2375,5042.904487515218,-1.587154298457032e-06,3.56494201318291e-05,3.56494201318291e-05,3.558008765238224e-10,-0.00793577149228516
10.25,5041.232746614256,-1.5253120318181349e-06,3.5545272569282695e-05,3.5545272569282695e-05,3.547897279477686e-10,-0.007626560159090675
10.262500000000001,5039.529772866978,-1.4623143768029792e-06,3.5443848609283287e-05,3.5443848609283287e-05,3.538203413114586e-10,-0.007311571884014896
10.275,5037.797967172687,-1.3982501492366423e-06,3.534519873205032e-05,3.534519873205032e-05,3.528934236592833e-10,-0.006991250746183212
10.287500000000001,5036.039747992316,-1.3332088146033435e-06,3.524937649639052e-05,3.524937649639052e-05,3.520096227278361e-10,-0.006666044073016717
10.3,5034.257545277028,-1.26728026343836e-06,3.5156438554565323e-05,3.5156438554565323e-05,3.511695266641413e-10,-0.006336401317191801
10.3125,5032.453794459642,-1.200554589064871e-06,3.506644464256419e-05,3.506644464256419e-05,3.503736638912234e-10,-0.006002772945324355
10.325000000000001,5030.630930536447,-1.1331218686486273e-06,3.4979457545460956e-05,3.4979457545460956e-05,3.496225031188182e-10,-0.0056656093432431364
10.3375,5028.791382263195,-1.0650719485076508e-06,3.4895543037602424e-05,3.4895543037602424e-05,3.489164534964045e-10,-0.005325359742538254
10.350000000000001,5026.93756649102,-9.96494234572686e-07,3.481476979745598e-05,3.481476979745598e-05,3.482558649051423e-10,-0.00498247117286343
10.3625,5025.071882664172,-9.274774888479165e-07,3.4737209297027093e-05,3.4737209297027093e-05,3.476410283847402e-10,-0.004637387444239582
10.375,5023.196707501802,-8.581096326706552e-07,3.466293566584751e-05,3.466293566584751e-05,3.470721766907437e-10,-0.004290548163353276
10.387500000000001,5021.314389883354,-7.884775575138538e-07,3.4592025529631655e-05,3.4592025529631655e-05,3.465494849772455e-10,-0.003942387787569269
10.4,5019.427245956543,-7.186669440169439e-07,3.4524557823800304e-05,3.4524557823800304e-05,3.4607307159956206e-10,-0.0035933347200847194
10.412500000000001,5017.537554484885,-6.487620898690925e-07,3.446061358217933e-05,3.446061358217933e-05,3.456429990310091e-10,-0.0032438104493454625
10.425,5015.647552449062,-5.78845747105416e-07,3.440027570129409e-05,3.440027570129409e-05,3.452592748875348e-10,-0.00289422873552708
10.4375,5013.759430916854,-5.089989693107464e-07,3.434362868079875e-05,3.434362868079875e-05,3.4492185305364425e-10,-0.002544994846553732
10.450000000000001,5011.875331191775,-4.3930096915877764e-07,3.4290758340702264e-05,3.4290758340702264e-05,3.446306349027624e-10,-0.002196504845793888
10.4625,5009.997341251365,-3.6982898664646973e-07,3.4241751516179405e-05,3.4241751516179405e-05,3.443854706049464e-10,-0.0018491449332323487
10.475000000000001,5008.127492482174,-3.006581683155684e-07,3.4196695730884595e-05,3.4196695730884595e-05,3.4418616051466354e-10,-0.001503290841577842
10.4875,5006.267756717836,-2.318614576852302e-07,3.4155678849818055e-05,3.4155678849818055e-05,3.4403245663120257e-10,-0.001159307288426151
10.5,5004.420043584688,-1.6350949705252596e-07,3.411878871292678e-05,3.411878871292678e-05,3.43924064124183e-10,-0.0008175474852626297
10.512500000000001,5002.586198156739,-9.567054075182124e-08,3.408611275075615e-05,3.408611275075615e-05,3.438606429165654e-10,-0.0004783527037591062
10.525,5000.767998921585,-2.8410379899484645e-08,3.4057737583600875e-05,3.4057737583600875e-05,3.438418093175501e-10,-0.00014205189949742321
10.537500000000001,4998.967156055347,3.8207721411701854e-08,3.4033748605734284e-05,3.4033748605734284e-05,3.438671376977725e-10,0.00019103860705850926
10.55,4997.18531000498,1.0412307856414899e-07,3.401422955642344e-05,3.401422955642344e-05,3.439361621992701e-10,0.0005206153928207449
10.5625,4995.424030373124,1.692776276658293e-07,3.3999262079560755e-05,3.3999262079560755e-05,3.4404837847279415e-10,0.0008463881383291464
10.575000000000001,4993.684815100119,2.3361595580632366e-07,3.398892527386149e-05,3.398892527386149e-05,3.442032454351792e-10,0.0011680797790316183
10.5875,4991.969089936534,2.9708532057636085e-07,3.3983295235688087e-05,3.3983295235688087e-05,3.444001870396516e-10,0.0014854266028818044
10.600000000000001,4990.2782081972855,3.5963565915589995e-07,3.398244459666621e-05,3.398244459666621e-05,3.446385940521631e-10,0.0017981782957794997
10.6125,4988.613450788616,4.212195873195665e-07,3.398644205835248e-05,3.398644205835248e-05,3.4491782582706523e-10,0.0021060979365978326
10.625,4986.97602649713,4.817923887480146e-07,3.39953519262982e-05,3.39953519262982e-05,3.4523721207569753e-10,0.002408961943740073
10.637500000000001,4985.367072529103,5.413119950697334e-07,3.4009233645927115e-05,3.4009233645927115e-05,3.4559605462174574e-10,0.0027065599753486667
10.65,4983.787655288461,5.997389570897556e-07,3.4028141342705586e-05,3.4028141342705586e-05,3.459936291375269e-10,0.0029986947854487777
10.662500000000001,4982.238771379511,6.570364076896443e-07,3.405212336913137e-05,3.405212336913137e-05,3.4642918685568044e-10,0.003285182038448222
10.675,4980.721348821281,7.131700169070945e-07,3.4081221861099805e-05,3.4081221861099805e-05,3.46901956251081e-10,0.0035658500845354726
10.6875,4979.236248459021,7.681079397234925e-07,3.4115472306223836e-05,3.4115472306223836e-05,3.474111446881388e-10,0.003840539698617462
10.700000000000001,4977.784265557965,8.218207571038662e-07,3.415490312668618e-05,3.415490312668618e-05,3.479559400290151e-10,0.004109103785519331
10.7125,4976.36613156451,8.74281410846065e-07,3.4199535279186456e-05,3.4199535279186456e-05,3.485355121986475e-10,0.004371407054230325
10.725000000000001,4974.982516019413,9.254651328046602e-07,3.424938187451442e-05,3.424938187451442e-05,3.49149014702858e-10,0.0046273256640233015
10.7375,4973.634028607849,9.75349369060394e-07,3.4304447819230424e-05,3.4304447819230424e-05,3.4979558609619107e-10,0.004876746845301969
10.75,4972.321221330291,1.023913699607743e-06,3.4364729481866994e-05,3.4364729481866994e-05,3.504743513965121e-10,0.005119568498038715
10.762500000000001,4971.044590779195,1.0711397541320611e-06,3.443021438598053e-05,3.443021438598053e-05,3.511844234437733e-10,0.005355698770660305
10.775,4969.804580506244,1.117011124443561e-06,3.4500880932279236e-05,3.4500880932279236e-05,3.51924904200731e-10,0.005585055622217805
10.787500000000001,4968.601583464683,1.1615132741284814e-06,3.4576698151933375e-05,3.4576698151933375e-05,3.526948859937695e-10,0.0058075663706424075
10.8,4967.4359445119035,1.2046334459683426e-06,3.4657625493037347e-05,3.4657625493037347e-05,3.5349345269235233e-10,0.006023167229841713
10.8125,4966.307962957923,1.2463605676665822e-06,3.474361264203929e-05,3.474361264203929e-05,3.5431968082597783e-10,0.006231802838332911
10.825000000000001,4965.217895145433,1.2866851564080387e-06,3.483459938178589e-05,3.483459938178589e-05,3.551726406378668e-10,0.0064334257820401934
10.8375,4964.165957047387,1.3255992227611222e-06,3.4930515487646146e-05,3.4930515487646146e-05,3.560513970749449e-10,0.006627996113805611
10.850000000000001,4963.1523268693245,1.3630961744153754e-06,3.503128066298132e-05,3.503128066298132e-05,3.569550107140123e-10,0.006815480872076877
10.8625,4962.177147643253,1.3991707202284255e-06,3.513680451501911e-05,3.513680451501911e-05,3.5788253862430403e-10,0.006995853601142127
10.875,4961.240529800618,1.433818775036471e-06,3.524698657197004e-05,3.524698657197004e-05,3.588330351669486e-10,0.007169093875182355
10.887500000000001,4960.342553713403,1.4670373656617468e-06,3.536171634199464e-05,3.536171634199464e-05,3.598055527321175e-10,0.007335186828308734
10.9,4959.483272191282,1.4988245385286115e-06,3.548087341439249e-05,3.548087341439249e-05,3.607991424149322e-10,0.007494122692643057
10.912500000000001,4958.662712925103,1.5291792692777813e-06,3.5604327603141195e-05,3.5604327603141195e-05,3.618128546314537e-10,0.007645896346388906
10.925,4957.880880866162,1.5581013747453493e-06,3.573193913266526e-05,3.573193913266526e-05,3.62845739676321e-10,0.007790506873726746
10.9375,4957.137760532673,1.585591427650344e-06,3.586355886546476e-05,3.586355886546476e-05,3.6389684822383615e-10,0.00792795713825172
10.950000000000001,4956.433318233557,1.6116506743111122e-06,3.5999028570983014e-05,3.5999028570983014e-05,3.6496523177450107e-10,0.00805825337155556
10.9625,4955.767504203472,1.6362809556878388e-06,3.613818123484282e-05,3.613818123484282e-05,3.6604994304921354e-10,0.008181404778439193
10.975000000000001,4955.140254639438,1.659484632024922e-06,3.628084140733503e-05,3.628084140733503e-05,3.67150036333507e-10,0.00829742316012461
10.9875,4954.551493634191,1.6812645113440978e-06,3.642682558980206e-05,3.642682558980206e-05,3.6826456777438796e-10,0.00840632255672049
11.0,4954.001134998495,1.7016237820161193e-06,3.6575942657325416e-05,3.6575942657325416e-05,3.693925956324741e-10,0.008508118910080596
11.012500000000001,4953.489083968437,1.720565949616379e-06,3.672799431590172e-05,3.672799431590172e-05,3.7053318049227324e-10,0.008602829748081894
11.025,4953.015238791647,1.7380947782474715e-06,3.6882775592077694e-05,3.6882775592077694e-05,3.7168538543356424e-10,0.008690473891237357
11.037500000000001,4952.579492188069,1.7542142364897825e-06,3.704007535281348e-05,3.704007535281348e-05,3.728482761669479e-10,0.008771071182448912
11.05,4952.181732682417,1.7689284481198261e-06,3.7199676853156396e-05,3.7199676853156396e-05,3.7402092113672853e-10,0.00884464224059913
11.0625,4951.821845804139,1.7822416477148383e-06,3.736135830913614e-05,3.736135830913614e-05,3.75202391594365e-10,0.008911208238574192
11.075000000000001,4951.499715152912,1.7941581412415425e-06,3.752489349313755e-05,3.752489349313755e-05,3.763917616457959e-10,0.008970790706207711
11.0875,4951.215223327131,1.8046822717067196e-06,3.76900523488714e-05,3.76900523488714e-05,3.775881082759937e-10,0.009023411358533599
11.100000000000001,4950.968252714043,1.8138183899273723e-06,3.785660162294669e-05,3.785660162294669e-05,3.7879051135414227e-10,0.009069091949636862
11.1125,4950.758686140508,1.8215708304588461e-06,3.802430550995138e-05,3.802430550995138e-05,3.7999805362285704e-10,0.009107854152294231
11.125,4950.586407383729,1.8279438927001044e-06,3.819292630787296e-05,3.819292630787296e-05,3.8120982067487903e-10,0.009139719463500522
11.137500000000001,4950.451301542057,1.8329418271766803e-06,3.8362225080636024e-05,3.8362225080636024e-05,3.824249009206763e-10,0.009164709135883402
11.15,4950.353255266371,1.8365688269833224e-06,3.853196232450184e-05,3.853196232450184e-05,3.836423855503723e-10,0.009182844134916612
11.162500000000001,4950.292156852798,1.8388290243502019e-06,3.870189863506442e-05,3.870189863506442e-05,3.848613684933979e-10,0.00919414512175101
11.175,4950.267896198637,1.8397264922786947e-06,3.887179537158947e-05,3.887179537158947e-05,3.86080946379228e-10,0.009198632461393474
11.1875,4950.280364622927,1.8392652511749802e-06,3.904141531547557e-05,3.904141531547557e-05,3.873002185025155e-10,0.0091963262558749
11.200000000000001,4950.329454554392,1.8374492803923008e-06,3.921052331967196e-05,3.921052331967196e-05,3.885182867958765e-10,0.009187246401961504
11.2125,4950.415059089836,1.8342825345754624e-06,3.9378886945962355e-05,3.9378886945962355e-05,3.8973425581351123e-10,0.009171412672877311
11.225000000000001,4950.537071425511,1.8297689646839017e-06,3.954627708711948e-05,3.954627708711948e-05,3.9094723272876063e-10,0.00914884482341951
11.2375,4950.695384166469,1.8239125435529153e-06,3.97124685710494e-05,3.97124685710494e-05,3.9215632734860826e-10,0.009119562717764576
11.25,4950.8898885169165,1.8167172958356156e-06,3.9877240744177006e-05,3.9877240744177006e-05,3.93360652148031e-10,0.009083586479178079
11.262500000000001,4951.120473357164,1.8081873321517562e-06,4.0040378031472306e-05,4.0040378031472306e-05,3.945593223269874e-10,0.00904093666075878
11.275,4951.387024212034,1.7983268872529831e-06,4.02016704706822e-05,4.02016704706822e-05,3.9575145589270616e-10,0.008991634436264915
11.287500000000001,4951.689422116015,1.7871403619978647e-06,4.036091421850957e-05,4.036091421850957e-05,3.969361737698007e-10,0.008935701809989323
11.3,4952.027542381708,1.7746323689140553e-06,4.051791202667271e-05,4.051791202667271e-05,3.981125999405872e-10,0.008873161844570276
11.3125,4952.401253277673,1.760807781109165e-06,4.067247368597839e-05,4.067247368597839e-05,3.992798616178263e-10,0.008804038905545826
11.325000000000001,4952.810414622453,1.74567178427644e-06,4.082441643675255e-05,4.082441643675255e-05,4.0043708945193993e-10,0.0087283589213822
11.3375,4953.254876302519,1.7292299315263577e-06,4.097356534418921e-05,4.097356534418921e-05,4.0158341777457717e-10,0.008646149657631788
11.350000000000001,4953.734476721285,1.7114882007605683e-06,4.1119753637401424e-05,4.1119753637401424e-05,4.0271798488021334e-10,0.00855744100380284
11.3625,4954.2490411873005,1.6924530542904299e-06,4.126282301118396e-05,4.126282301118396e-05,4.0383993334727147e-10,0.008462265271452149
11.375,4954.798380250605,1.6721315003889967e-06,4.140262388972625e-05,4.140262388972625e-05,4.049484104000471e-10,0.008360657501944983
11.387500000000001,4955.382287995242,1.6505311564522957e-06,4.153901565174195e-05,4.153901565174195e-05,4.060425683125038e-10,0.008252655782261479
11.4,4956.000540297265,1.6276603134337004e-06,4.167186681670907e-05,4.167186681670907e-05,4.0712156485478237e-10,0.008138301567168502
11.412500000000001,4956.652893058278,1.603528001204068e-06,4.1801055192137836e-05,4.1801055192137836e-05,4.0818456378303916e-10,0.00801764000602034
11.425,4957.339080422924,1.5781440544798589e-06,4.1926467982002886e-05,4.1926467982002886e-05,4.0923073537298784e-10,0.007890720272399294
11.4375,4958.0588129913485,1.551519178952458e-06,4.204800185668903e-05,4.204800185668903e-05,4.1025925699728e-10,0.00775759589476229
11.450000000000001,4958.811776036204,1.5236650172438447e-06,4.216556298500498e-05,4.216556298500498e-05,4.11269313746608e-10,0.007618325086219223
11.4625,4959.597627734984,1.4945942143070838e-06,4.227906702901599e-05,4.227906702901599e-05,4.12260099094163e-10,0.007472971071535419
11.475000000000001,4960.415997427228,1.4643204818847526e-06,4.2388439102632274e-05,4.2388439102632274e-05,4.1323081560282337e-10,0.007321602409423763
11.4875,4961.26648390825,1.432858661634717e-06,4.2493613695065694e-05,4.2493613695065694e-05,4.1418067567418944e-10,0.007164293308173585
11.5,4962.148653769303,1.4002247865304365e-06,4.259453456042982e-05,4.259453456042982e-05,4.1510890233832176e-10,0.007001123932652183
11.512500000000001,4963.062039795188,1.3664361401425355e-06,4.2691154574909304e-05,4.2691154574909304e-05,4.1601473008277785e-10,0.006832180700712677
11.525,4964.006139429352,1.3315113134096621e-06,4.278343556306107e-05,4.278343556306107e-05,4.1689740571928276e-10,0.0066575565670483105
11.537500000000001,4964.980413317836,1.2954702585099577e-06,4.287134809493304e-05,4.287134809493304e-05,4.17756189286112e-10,0.006477351292549788
11.55,4965.984283941677,1.258334339449539e-06,4.295487125579452e-05,4.295487125579452e-05,4.185903549840101e-10,0.006291671697247695
11.5625,4967.017134348221,1.2201263789916672e-06,4.303399239036665e-05,4.303399239036665e-05,4.193991921432191e-10,0.006100631894958336
11.575000000000001,4968.078306991575,1.18087070155951e-06,4.310870682352071e-05,4.310870682352071e-05,4.2018200621894775e-10,0.005904353507797551
11.5875,4969.167102691052,1.1405931717568236e-06,4.3179017559476586e-05,4.3179017559476586e-05,4.209381198123768e-10,0.0057029658587841175
11.600000000000001,4970.282779717742,1.0993212281643535e-06,4.3244934961584405e-05,4.3244934961584405e-05,4.2166687371406806e-10,0.005496606140821768
11.6125,4971.424553017379,1.0570839120855087e-06,4.330647641480784e-05,4.330647641480784e-05,4.223676279664295e-10,0.005285419560427543
11.625,4972.591593578215,1.013911890932617e-06,4.336366597305012e-05,4.336366597305012e-05,4.2303976294168337e-10,0.005069559454663085
11.637500000000001,4973.783027951357,9.698374759650307e-07,4.341653399347226e-05,4.341653399347226e-05,4.236826804315931e-10,0.0048491873798251536
11.65,4974.9979379314545,9.248946341124164e-07,4.3465116759948726e-05,4.3465116759948726e-05,4.2429580474502804e-10,0.004624473170562081
11.662500000000001,4976.235360403264,8.791189936404947e-07,4.350945609778949e-05,4.350945609778949e-05,4.2487858380928404e-10,0.004395594968202473
11.675,4977.494287360918,8.32547843442585e-07,4.354959898182925e-05,4.354959898182925e-05,4.254304902709345e-10,0.004162739217212925
11.6875,4978.773666104378,7.852201257680731e-07,4.358559713994567e-05,4.358559713994567e-05,4.259510225918608e-10,0.003926100628840365
11.700000000000001,4980.072399618032,7.371764222285926e-07,4.361750665401985e-05,4.361750665401985e-05,4.2643970613600643e-10,0.003685882111142963
11.7125,4981.389347133731,6.884589329536639e-07,4.3645387560293814e-05,4.3645387560293814e-05,4.2689609424231266e-10,0.003442294664768319
11.725000000000001,4982.723324882339,6.391114488004537e-07,4.36693034510139e-05,4.36693034510139e-05,4.2731976927923213e-10,0.003195557244002269
11.7375,4984.073107034283,5.891793165560308e-07,4.368932107917475e-05,4.368932107917475e-05,4.2771034367617425e-10,0.002945896582780154
11.75,4985.437426830508,5.387093971056192e-07,4.370550996809829e-05,4.370550996809829e-05,4.2806746092722015e-10,0.002693546985528096
11.762500000000001,4986.814977902756,4.877500165762531e-07,4.3717942027496457e-05,4.3717942027496457e-05,4.2839079656244976e-10,0.0024387500828812656
11.775,4988.204415783521,4.3635091050205435e-07,4.3726691177575116e-05,4.3726691177575116e-05,4.2868005908225564e-10,0.0021817545525102716
11.787500000000001,4989.604359601238,3.8456316109428597e-07,4.373183298264223e-05,4.373183298264223e-05,4.289349908500722e-10,0.0019228158054714298
11.8,4991.013393959518,3.324391277370215e-07,4.3733444295585494e-05,4.3733444295585494e-05,4.291553689390296e-10,0.0016621956386851076
11.8125,4992.430070994645,2.800323708664685e-07,4.373160291448426e-05,4.373160291448426e-05,4.2934100592814656e-10,0.0014001618543323425
11.825000000000001,4993.8529126070825,2.2739756942947544e-07,4.3726387252519346e-05,4.3726387252519346e-05,4.2949175064380493e-10,0.001136987847147377
11.8375,4995.280412859662,1.745904321532539e-07,4.3717876022241294e-05,4.3717876022241294e-05,4.296074888424042e-10,0.0008729521607662694
11.850000000000001,4996.711040536767,1.2166760289470045e-07,4.370614793515535e-05,4.370614793515535e-05,4.296881438302706e-10,0.0006083380144735023
11.8625,4998.143241854338,6.86865603724529e-08,4.3691281417478905e-05,4.3691281417478905e-05,4.2973367701709787e-10,0.0003434328018622645
11.875,4999.575443313313,1.570551261896949e-08,4.367335434282601e-05,4.367335434282601e-05,4.2974408839941805e-10,7.852756309484744e-05
11.887500000000001,5001.006054685573,-3.721671347787237e-08,4.365244378247356e-05,4.365244378247356e-05,4.29719416970849e-10,-0.00018608356738936184
11.9,5002.433472121637,-9.002078714342235e-08,4.362862577376628e-05,4.362862577376628e-05,4.296597410561269e-10,-0.00045010393571711174
11.912500000000001,5003.856081369092,-1.4264699276605503e-07,4.360197510712147e-05,4.360197510712147e-05,4.2956517856621996e-10,-0.0007132349638302751
11.925,5005.272261088612,-1.9503535257262512e-07,4.3572565132002144e-05,4.3572565132002144e-05,4.294358871721182e-10,-0.0009751767628631256
11.9375,5006.6803862554025,-2.4712575244959965e-07,4.354046758213658e-05,4.354046758213658e-05,4.292720643952155e-10,-0.0012356287622479983
11.950000000000001,5008.078831631549,-2.988580704084356e-07,4.350575242017596e-05,4.350575242017596e-05,4.290739476125297e-10,-0.0014942903520421779
11.9625,5009.4659752967145,-3.501723071745689e-07,4.3468487701897453e-05,4.3468487701897453e-05,4.2884181397535453e-10,-0.0017508615358728446
11.975000000000001,5010.840202220524,-4.0100871836353375e-07,4.3428739459980564e-05,4.3428739459980564e-05,4.285759802402891e-10,-0.002005043591817669
11.9875,5012.199907864097,-4.513079476944489e-07,4.338657160730713e-05,4.338657160730713e-05,4.282768025119596e-10,-0.0022565397384722444
12.0,5013.54350179394,-5.010111606813168e-07,4.3342045859662414e-05,4.3342045859662414e-05,4.279446758971147e-10,-0.002505055803406584
