t_adimensional,p_outlet_Pa,q_outlet_m3s,w_centro_m,w_max_m,volume_acumulado_m3,potencia_W
0.0,9809.967387293264,1.3886075876857613e-06,4.7840430844712006e-08,4.784043084471204e-08,9.205254765559644e-13,0.013886075876857612
0.0125,9626.692721532083,2.7278334599280236e-06,1.4256778804727668e-07,1.4256778804727678e-07,2.728840667927216e-12,0.027278334599280234
0.025,9450.882850987335,4.0125125302790716e-06,2.8326616120423173e-07,2.8326616120423184e-07,5.38878581144877e-12,0.040125125302790714
0.037500000000000006,9282.866777997642,5.240240710635165e-06,4.690587915127428e-07,4.6905879151274303e-07,8.862607444142463e-12,0.052402407106351655
0.05,9122.685797551065,6.410716249980975e-06,6.991082242761544e-07,6.991082242761549e-07,1.3112352068477783e-11,0.06410716249980976
0.0625,8970.191911362966,7.52502060237868e-06,9.726155380895014e-07,9.72615538089502e-07,1.8100783096456323e-11,0.0752502060237868
0.07500000000000001,8825.133941531454,8.584989176685287e-06,1.2888190718095823e-06,1.288819071809583e-06,2.379188065575065e-11,0.08584989176685287
0.08750000000000001,8687.221144484303,9.592746496289348e-06,1.6469929601637727e-06,1.6469929601637736e-06,3.0151033247372235e-11,0.09592746496289348
0.1,8556.162754487188,1.0550417246523884e-05,2.046445671078964e-06,2.0464456710789644e-06,3.714503785302649e-11,0.10550417246523884
0.1125,8431.68736543803,1.1459984647887023e-05,2.486518639247996e-06,2.486518639247997e-06,4.474200615629022e-11,0.11459984647887023
0.125,8313.548370072642,1.2323250710640046e-05,2.9665850223389108e-06,2.9665850223389116e-06,5.291124441606102e-11,0.12323250710640045
0.1375,8201.52161308481,1.3141853383946674e-05,3.486048568248828e-06,3.4860485682488292e-06,6.162314470838734e-11,0.13141853383946675
0.15000000000000002,8095.400032405276,1.3917305713154833e-05,4.044342567130871e-06,4.044342567130874e-06,7.084910212615428e-11,0.13917305713154832
0.1625,7994.988280340683,1.4651035144243993e-05,4.640928861857108e-06,4.64092886185711e-06,8.056145803418305e-11,0.14651035144243993
0.17500000000000002,7900.098736081865,1.5344412661256133e-05,5.275296897398693e-06,5.275296897398693e-06,9.07334626399008e-11,0.15344412661256132
0.1875,7810.549215806734,1.5998769519042642e-05,5.9469627979074455e-06,5.9469627979074455e-06,1.0133924865635926e-10,0.1599876951904264
0.2,7726.162082027514,1.6615403751450594e-05,6.655468467120822e-06,6.655468467120822e-06,1.1235380927961219e-10,0.16615403751450594
0.21250000000000002,7646.764240433808,1.7195580194391568e-05,7.400380712045761e-06,7.400380712045761e-06,1.2375297618138535e-10,0.1719558019439157
0.225,7572.187539956945,1.7740527562486687e-05,8.181290391843323e-06,8.181290391843323e-06,1.355133955638177e-10,0.17740527562486688
0.23750000000000002,7502.269227870855,1.8251435123552303e-05,8.997811594102045e-06,8.997811594102045e-06,1.4761250200967724e-10,0.18251435123552304
0.25,7436.85226649078,1.8729450384416824e-05,9.849580840010197e-06,9.849580840010197e-06,1.600284907984755e-10,0.18729450384416824
0.2625,7375.785444171841,1.9175678279830023e-05,1.0736256318931998e-05,1.0736256318931998e-05,1.7274028968489993e-10,0.19175678279830022
0.275,7318.9232952060465,1.959118175779328e-05,1.165751715196005e-05,1.165751715196005e-05,1.8572753106526914e-10,0.1959118175779328
0.28750000000000003,7266.125883630781,1.9976983359314973e-05,1.2613062683352559e-05,1.2613062683352559e-05,1.9897052519122766e-10,0.19976983359314973
0.30000000000000004,7217.25851553432,2.033406732065434e-05,1.3602611798415505e-05,1.3602611798415505e-05,2.1245023477704496e-10,0.2033406732065434
0.3125,7172.1914351834175,2.0663381793779343e-05,1.4625902266310312e-05,1.4625902266310312e-05,2.2614825107888374e-10,0.20663381793779342
0.325,7130.799542452979,2.0965840911167254e-05,1.5682690106368484e-05,1.5682690106368484e-05,2.4004677134285064e-10,0.20965840911167255
0.3375,7092.962150026963,2.124232655998663e-05,1.6772748976680482e-05,1.6772748976680482e-05,2.541285774291747e-10,0.2124232655998663
0.35000000000000003,7058.56278323564,2.1493689844728473e-05,1.7895869583916468e-05,1.7895869583916468e-05,2.683770154059821e-10,0.21493689844728472
0.36250000000000004,7027.489015295181,2.1720752291144976e-05,1.9051859113474386e-05,1.9051859113474386e-05,2.8277597594117757e-10,0.21720752291144976
0.375,6999.632326306126,2.1924306876576456e-05,2.0240540679101384e-05,2.0240540679101384e-05,2.97309875377342e-10,0.21924306876576455
0.3875,6974.887974536257,2.210511897051461e-05,2.146175279107663e-05,2.146175279107663e-05,3.1196363743014165e-10,0.2210511897051461
0.4,6953.154871506294,2.2263927247375934e-05,2.27153488418549e-05,2.27153488418549e-05,3.2672267549182614e-10,0.22263927247375934
0.41250000000000003,6934.335456407973,2.240144460415537e-05,2.4001196607713077e-05,2.4001196607713077e-05,3.4157287554305087e-10,0.22401444604155368
0.42500000000000004,6918.335568982805,2.2518359089328476e-05,2.531917776434379e-05,2.531917776434379e-05,3.5650057968048015e-10,0.22518359089328477
0.4375,6905.064322356277,2.2615334832076764e-05,2.666918741337842e-05,2.666918741337842e-05,3.714925702603856e-10,0.22615334832076764
0.45,6894.433978250628,2.2693012954134884e-05,2.805113361530426e-05,2.805113361530426e-05,3.8653605464671963e-10,0.22693012954134884
0.4625,6886.359826746053,2.2752012448398925e-05,2.946493692188612e-05,2.946493692188612e-05,4.0161865054162927e-10,0.22752012448398926
0.47500000000000003,6880.760071831213,2.2792931015234296e-05,3.09105298976239e-05,3.09105298976239e-05,4.167283718703693e-10,0.22792931015234297
0.48750000000000004,6877.5557228956,2.2816345855362243e-05,3.238785661445605e-05,3.238785661445605e-05,4.3185361519182953e-10,0.2281634585536224
0.5,6876.670491464536,2.2822814424438143e-05,3.3896872096192986e-05,3.3896872096192986e-05,4.4698314660928173e-10,0.22822814424438143
0.5125000000000001,6878.030692048446,2.281287515756865e-05,3.543754167821795e-05,3.543754167821795e-05,4.6210608916141823e-10,0.22812875157568652
0.525,6881.565145974615,2.2787048172030588e-05,3.700984023286436e-05,3.700984023286436e-05,4.772119106792314e-10,0.22787048172030588
0.5375,6887.205087372114,2.2745835954258198e-05,3.861375119049435e-05,3.861375119049435e-05,4.922904120983059e-10,0.22745835954258198
0.55,6894.8840709092465,2.26897240340277e-05,4.0249265259551195e-05,4.0249265259551195e-05,5.073317162180362e-10,0.22689724034027697
0.5625,6904.537881282648,2.2619181645836337e-05,4.1916378714702776e-05,4.1916378714702776e-05,5.223262568992811e-10,0.22619181645836337
0.5750000000000001,6916.104444731836,2.2534662375484843e-05,4.3615091079853764e-05,4.3615091079853764e-05,5.372647686906449e-10,0.22534662375484843
0.5875,6929.523742960822,2.2436604789069448e-05,4.53454019819897e-05,4.53454019819897e-05,5.521382768717264e-10,0.22436604789069448
0.6000000000000001,6944.737729819422,2.2325433041810625e-05,4.710730689301016e-05,4.710730689301016e-05,5.669380878999675e-10,0.22325433041810624
0.6125,6961.690250979203,2.2201557464994606e-05,4.890079141150456e-05,4.890079141150456e-05,5.816557802465929e-10,0.22201557464994606
0.625,6980.326966699909,2.2065375130337868e-05,5.072582366785773e-05,5.072582366785773e-05,5.962831956066744e-10,0.22065375130337866
0.6375000000000001,7000.595277660475,2.191727039195352e-05,5.2582344368929036e-05,5.2582344368929036e-05,6.108124304684708e-10,0.21917270391953522
0.65,7022.444253760025,2.1757615406617893e-05,5.44702539395738e-05,5.44702539395738e-05,6.252358280276599e-10,0.21757615406617892
0.6625000000000001,7045.824565771888,2.1586770633188064e-05,5.638939617622583e-05,5.638939617622583e-05,6.395459704326404e-10,0.21586770633188065
0.675,7070.688419749275,2.1405085311913816e-05,5.8339537813224895e-05,5.8339537813224895e-05,6.537356713475756e-10,0.21405085311913816
0.6875,7096.989494108774,2.1212897924182717e-05,6.032034342749046e-05,6.032034342749046e-05,6.677979688202078e-10,0.21212897924182716
0.7000000000000001,7124.682879337312,2.1010536633089863e-05,6.23313451839849e-05,6.23313451839849e-05,6.817261184417323e-10,0.21010536633089863
0.7125,7153.725020269181,2.0798319705235982e-05,6.437190706499446e-05,6.437190706499446e-05,6.955135867862869e-10,0.20798319705235982
0.7250000000000001,7184.073660848682,2.0576555914356277e-05,6.644118344025087e-05,6.644118344025087e-05,7.091540451180108e-10,0.20576555914356276
0.7375,7215.68779124925,2.0345544927731213e-05,6.85380721281042e-05,6.85380721281042e-05,7.226413633542617e-10,0.20345544927731213
0.75,7248.527597162297,2.0105577676744383e-05,7.06611624704117e-05,7.06611624704117e-05,7.359696042744794e-10,0.20105577676744382
0.7625000000000001,7282.5544110165765,1.9856936713333626e-05,7.280867938821136e-05,7.280867938821136e-05,7.491330179653453e-10,0.19856936713333626
0.775,7317.730664852982,1.9599896554342743e-05,7.497842488556347e-05,7.497842488556347e-05,7.621260364942177e-10,0.19599896554342744
0.7875000000000001,7354.019844569038,1.9334724015866884e-05,7.716771899973436e-05,7.716771899973436e-05,7.749432688042082e-10,0.19334724015866883
0.8,7391.386445260767,1.906167853958e-05,7.937334272252857e-05,7.937334272252857e-05,7.875794958255848e-10,0.1906167853958
0.8125,7429.7959274268105,1.878101251275848e-05,8.15914858974894e-05,8.15914858974894e-05,8.000296657993232e-10,0.1878101251275848
0.8250000000000001,7469.214673855004,1.849297158332245e-05,8.381770348284559e-05,8.381770348284559e-05,8.12288889809502e-10,0.1849297158332245
0.8375,7509.609947070678,1.8197794970766267e-05,8.604688381053053e-05,8.604688381053053e-05,8.243524375218188e-10,0.18197794970766268
0.8500000000000001,7550.949847289783,1.789571577340765e-05,8.827323251999051e-05,8.827323251999051e-05,8.362157331257847e-10,0.1789571577340765
0.8625,7593.20327086879,1.7586961271999416e-05,9.049027566217239e-05,9.049027566217239e-05,8.478743514781872e-10,0.17586961271999416
0.875,7636.339869287402,1.7271753229454403e-05,9.269088502727894e-05,9.269088502727894e-05,8.593240144452446e-10,0.17271753229454403
0.8875000000000001,7680.330008722389,1.6950308186244118e-05,9.486732804046157e-05,9.486732804046157e-05,8.705605874405837e-10,0.16950308186244117
0.9,7725.144730286936,1.6622837750942576e-05,9.7011343604679e-05,9.7011343604679e-05,8.81580076155823e-10,0.16622837750942576
0.9125000000000001,7770.755711006429,1.628954888538031e-05,9.911424408477777e-05,9.911424408477777e-05,8.923786234801875e-10,0.1628954888538031
0.925,7817.135225598299,1.5950644183928383e-05,0.00010116704227974356,0.00010116704227974356,9.029525066052652e-10,0.15950644183928384
0.9375,7864.256109108382,1.5606322146523273e-05,0.00010316060079980365,0.00010316060079980365,9.132981343107543e-10,0.15606322146523272
0.9500000000000001,7912.091720441908,1.5256777445152227e-05,0.00010508579984593951,0.00010508579984593951,9.234120444268679e-10,0.15256777445152228
0.9625,7960.615906812731,1.4902201183630013e-05,0.00010693371808424693,0.00010693371808424693,9.33290901468947e-10,0.14902201183630012
0.9750000000000001,8009.802969119201,1.4542781150605465e-05,0.00010869582021931664,0.00010869582021931664,9.429314944397954e-10,0.14542781150605466
0.9875,8059.627628241002,1.4178702065837122e-05,0.00011036414409301134,0.00011036414409301134,9.523307347952739e-10,0.14178702065837123
1.0,8110.064992238523,1.38101458198732e-05,0.0001119314797429985,0.0001119314797429985,9.614856545687808e-10,0.13810145819873199
1.0125,8161.090524423973,1.3437291707364971e-05,0.00011339153289832491,0.00011339153289832491,9.703934046503991e-10,0.1343729170736497
1.0250000000000001,8212.680012258947,1.3060316654335476e-05,0.00011473906588445149,0.00011473906588445149,9.79051253216703e-10,0.13060316654335474
1.0375,8264.80953702313,1.267939543981857e-05,0.00011597000983992925,0.00011597000983992925,9.874565843074918e-10,0.1267939543981857
1.05,8317.455444184185,1.2294700912372982e-05,0.00011708154345918552,0.00011708154345918552,9.956068965460537e-10,0.12294700912372981
1.0625,8370.594314388114,1.1906404202059733e-05,0.00011807213508768106,0.00011807213508768106,1.0034998019999515e-09,0.11906404202059732
1.075,8424.202934980494,1.1514674928543403e-05,0.00011894154679970377,0.00011894154679970377,1.0111330251797626e-09,0.11514674928543403
1.0875000000000001,8478.258271959965,1.1119681406034609e-05,0.00011969080096273224,0.00011969080096273224,1.018504402173676e-09,0.1111968140603461
1.1,8532.737442260059,1.0721590845829659e-05,0.00012032211160831859,0.00012032211160831859,1.0256118799163578e-09,0.1072159084582966
1.1125,8587.617686254487,1.0320569557224312e-05,0.00012083878456660149,0.00012083878456660149,1.0324535155910023e-09,0.10320569557224311
1.125,8642.876340376724,9.916783147583844e-06,0.00012124509167495878,0.00012124509167495878,1.0390274761640145e-09,0.09916783147583844
1.1375,8698.490809749563,9.5103967223471e-06,0.00012154612536075168,0.00012154612536075168,1.0453320380522762e-09,0.095103967223471
1.1500000000000001,8754.438540717973,9.101575085734467e-06,0.00012174764047404383,0.00012174764047404383,1.051365586923465e-09,0.09101575085734467
1.1625,8810.696993180478,8.690482942926816e-06,0.0001218558903925223,0.0001218558903925223,1.057126617630399e-09,0.08690482942926817
1.175,8867.243612613393,8.277285104491674e-06,0.00012187746415466879,0.00012187746415466879,1.0626137342808993e-09,0.08277285104491673
1.1875,8924.055801677316,7.862146693860012e-06,0.00012181913074537665,0.00012181913074537665,1.0678256504451916e-09,0.07862146693860012
1.2000000000000002,8981.110891289596,7.445233358705634e-06,0.00012168769573143603,0.00012168769573143603,1.0727611895034326e-09,0.07445233358705634
1.2125000000000001,9038.38611103624,7.026711487150162e-06,0.00012148987430964824,0.00012148987430964824,1.0774192851365626e-09,0.07026711487150161
1.225,9095.858558785136,6.606748429808112e-06,0.00012123218358255319,0.00012123218358255319,1.0817989819643541e-09,0.06606748429808111
1.2375,9153.505169345788,6.185512728794413e-06,0.00012092085560986066,0.00012092085560986066,1.0858994363352724e-09,0.06185512728794413
1.25,9211.302682006944,5.763174354935755e-06,0.00012056177158323589,0.00012056177158323589,1.089719917273587e-09,0.057631743549357545
1.2625000000000002,9269.227606764152,5.33990495455087e-06,0.00012016041640908227,0.00012016041640908227,1.0932598075900757e-09,0.0533990495455087
1.2750000000000001,9327.256189034351,4.915878107288284e-06,0.00011972185211060549,0.00011972185211060549,1.096518605163654e-09,0.049158781072882844
1.2875,9385.364372637641,4.491269596628374e-06,0.00011925070780815548,0.00011925070780815548,1.0994959244023222e-09,0.044912695966283736
1.3,9443.527760810368,4.06625769476713e-06,0.00011875118361634334,0.00011875118361634334,1.1021914978929677e-09,0.0406625769476713
1.3125,9501.721575001078,3.6410234637016216e-06,0.00011822706559965851,0.00011822706559965851,1.1046051782507577e-09,0.03641023463701622
1.3250000000000002,9559.920611187797,3.2157510744325174e-06,0.00011768174893178039,0.00011768174893178039,1.106736940180138e-09,0.03215751074432517
1.3375000000000001,9618.099193440305,2.790628146288943e-06,0.0001171182665728334,0.0001171182665728334,1.1085868827607734e-09,0.02790628146288943
1.35,9676.231124443444,2.3658461084688736e-06,0.00011653932107226661,0.00011653932107226661,1.1101552319731567e-09,0.023658461084688737
1.3625,9734.28963268127,1.94160058597416e-06,0.00011594731747958387,0.00011594731747958387,1.1114423434800613e-09,0.0194160058597416
1.375,9792.24731597319,1.51809181220322e-06,0.00011534439575940676,0.00011534439575940676,1.1124487056815043e-09,0.0151809181220322
1.3875000000000002,9850.076081041923,1.0955250705414466e-06,0.00011473246152489816,0.00011473246152489816,1.113174943062448e-09,0.010955250705414466
1.4000000000000001,9907.747078784287,6.741111673497998e-07,0.00011411321429504594,0.00011411321429504594,1.1136218198540479e-09,0.006741111673497998
1.4125,9965.230634912872,2.540669387809805e-07,0.00011348817282548578,0.00011348817282548578,1.1137902440308798e-09,0.002540669387809805
1.425,10022.496175639211,-1.643842061724051e-07,0.00011285869734647177,0.00011285869734647177,1.1136812716681568e-09,-0.001643842061724051
1.4375,10079.512148084408,-5.810117041005211e-07,0.0001122260087599454,0.0001122260087599454,1.1132961116844835e-09,-0.0058101170410052114
1.4500000000000002,10136.245935133096,-9.955772149981595e-07,0.00011159120500146723,0.00011159120500146723,1.1126361309970586e-09,-0.009955772149981595
1.4625000000000001,10192.663764500441,-1.407833957798473e-06,0.0001109552748679811,0.0001109552748679811,1.1117028601173611e-09,-0.014078339577984728
1.475,10248.730611861962,-1.8175260025214062e-06,0.00011031910965810552,0.00011031910965810552,1.1104979992160808e-09,-0.018175260025214062
1.4875,10304.410098011116,-2.224387518783564e-06,0.00010968351297864317,0.00010968351297864317,1.1090234246862196e-09,-0.02224387518783564
1.5,10359.664380167125,-2.628141981563384e-06,0.00010904920905030118,0.00010904920905030118,1.1072811962327028e-09,-0.026281419815633842
1.5125000000000002,10414.454037760921,-3.0285013366117688e-06,0.00010841684980746707,0.00010841684980746707,1.105273564515249e-09,-0.030285013366117688
1.5250000000000001,10468.7379532826,-3.425165129784343e-06,0.00010778702104003842,0.00010778702104003842,1.1030029793684168e-09,-0.03425165129784343
1.5375,10522.473189093253,-3.8178196068763745e-06,0.00010716024777662671,0.00010716024777662671,1.1004720986183833e-09,-0.03817819606876374
1.55,10575.61486147496,-4.2061367932818886e-06,0.00010653699906282165,0.00010653699906282165,1.097683797509826e-09,-0.04206136793281889
1.5625,10628.116013629859,-4.589773565971343e-06,0.00010591769224863393,0.00010591769224863393,1.094641178748005e-09,-0.04589773565971343
1.5750000000000002,10679.927489827818,-4.968370733862659e-06,0.00010530269686715924,0.00010530269686715924,1.0913475831504771e-09,-0.04968370733862659
1.5875000000000001,10730.9978134416,-5.341552146597826e-06,0.00010469233816212372,0.00010469233816212372,1.0878066008896139e-09,-0.05341552146597826
1.6,10781.273072184249,-5.708923855951307e-06,0.00010408690030463508,0.00010408690030463508,1.0840220832910319e-09,-0.057089238559513075
1.6125,10830.696814464725,-6.070073358476105e-06,0.00010348662932802107,0.00010348662932802107,1.0799981551340834e-09,-0.06070073358476105
1.625,10879.209961377526,-6.424568952396021e-06,0.00010289173580274061,0.00010289173580274061,1.0757392273786712e-09,-0.06424568952396022
1.6375000000000002,10926.750739426418,-6.771959246003638e-06,0.00010230239726967158,0.00010230239726967158,1.0712500102179512e-09,-0.06771959246003638
1.6500000000000001,10973.254639614257,-7.111772858720166e-06,0.00010171876044844615,0.00010171876044844615,1.0665355263292078e-09,-0.07111772858720165
1.6625,11018.654408984481,-7.443518359288451e-06,0.00010114094323700192,0.00010114094323700192,1.0616011241657022e-09,-0.07443518359288451
1.675,11062.880081041176,-7.766684488058386e-06,0.00010056903651848322,0.00010056903651848322,1.0564524911011624e-09,-0.07766684488058385
1.6875,11105.85905166653,-8.080740711730845e-06,0.00010000310579165038,0.00010000310579165038,1.0510956662065296e-09,-0.08080740711730845
1.7000000000000002,11147.51620716423,-8.385138158998776e-06,9.944319264081955e-05,9.944319264081955e-05,1.0455370524064539e-09,-0.08385138158998777
1.7125000000000001,11187.77411085309,-8.679310984022953e-06,9.888931606099502e-05,9.888931606099502e-05,1.0397834277319263e-09,-0.08679310984022953
1.725,11226.553254183335,-8.962678201393423e-06,9.834147365329021e-05,9.834147365329021e-05,1.0338419553564906e-09,-0.08962678201393423
1.7375,11263.772377633326,-9.23464603098617e-06,9.779964270503386e-05,9.779964270503386e-05,1.0277201920780209e-09,-0.0923464603098617
1.75,11299.348865641752,-9.494610783814855e-06,9.726378116820122e-05,9.726378116820122e-05,1.0214260948874312e-09,-0.09494610783814854
1.7625000000000002,11333.199218542557,-9.74196231055774e-06,9.673382854906552e-05,9.673382854906552e-05,1.0149680252513132e-09,-0.0974196231055774
1.7750000000000001,11365.239602897651,-9.976088022950762e-06,9.620970672127619e-05,9.620970672127619e-05,1.0083547507287422e-09,-0.09976088022950762
1.7875,11395.38647978403,-1.019637748481345e-05,9.569132067395652e-05,9.569132067395652e-05,1.0015954435446334e-09,-0.10196377484813449
1.8,11423.557308523883,-1.0402227554348267e-05,9.517855920587405e-05,9.517855920587405e-05,9.946996757542036e-10,-0.10402227554348267
1.8125,11449.671321087098,-1.0593048042861386e-05,9.467129557625145e-05,9.467129557625145e-05,9.876774106561954e-10,-0.10593048042861386
1.8250000000000002,11473.650360012547,-1.0768267837627373e-05,9.416938812233252e-05,9.416938812233252e-05,9.805389901471774e-10,-0.10768267837627372
1.8375000000000001,11495.419770253598,-1.0927341418786181e-05,9.367268085336671e-05,9.367268085336671e-05,9.732951177557108e-10,-0.10927341418786181
1.85,11514.90933293775,-1.106975568251922e-05,9.318100403020899e-05,9.318100403020899e-05,9.659568371533475e-10,-0.11069755682519221
1.8625,11532.054226733815,-1.1195036965958959e-05,9.2694174739228e-05,9.2694174739228e-05,9.585355060087253e-10,-0.11195036965958959
1.875,11546.796000432367,-1.1302758154034037e-05,9.221199746867271e-05,9.221199746867271e-05,9.510427651304481e-10,-0.11302758154034037
1.8875000000000002,11559.083538562783,-1.1392545735433107e-05,9.173426469505881e-05,9.173426469505881e-05,9.434905029324768e-10,-0.11392545735433107
1.9000000000000001,11568.874000486025,-1.1464086664750448e-05,9.126075748651011e-05,9.126075748651011e-05,9.358908153505188e-10,-0.11464086664750449
1.9125,11576.133712497101,-1.1517134881260815e-05,9.079124612933162e-05,9.079124612933162e-05,9.282559614370379e-10,-0.11517134881260815
1.925,11580.838992113424,-1.1551517332169465e-05,9.032549078341217e-05,9.032549078341217e-05,9.205983149633776e-10,-0.11551517332169466
1.9375,11582.976883975169,-1.1567139349983036e-05,8.98632421713626e-05,8.98632421713626e-05,9.129303124571562e-10,-0.11567139349983036
1.9500000000000002,11582.545787659634,-1.1563989240082476e-05,8.940424230560241e-05,8.940424230560241e-05,9.052643981985026e-10,-0.11563989240082476
1.9625000000000001,11579.555959239911,-1.154214194571323e-05,8.894822525692027e-05,8.894822525692027e-05,8.97612966786723e-10,-0.1154214194571323
1.975,11574.029870564375,-1.1501761673317861e-05,8.849491796735764e-05,8.849491796735764e-05,8.899883039666031e-10,-0.1150176167331786
1.9875,11566.002412969847,-1.1443103381107923e-05,8.804404110960877e-05,8.804404110960877e-05,8.824025264679155e-10,-0.11443103381107923
2.0,11555.520935386796,-1.1366513057506504e-05,8.759530999449653e-05,8.759530999449653e-05,8.748675216603453e-10,-0.11366513057506504
2.0125,11542.645110466954,-1.1272426742917135e-05,8.714843552748051e-05,8.714843552748051e-05,8.673948878568965e-10,-0.11272426742917135
2.025,11527.446626346153,-1.116136827736809e-05,8.670312521458573e-05,8.670312521458573e-05,8.599958761104147e-10,-0.1116136827736809
2.0375,11510.008705816183,-1.1033945787004548e-05,8.625908421761497e-05,8.625908421761497e-05,8.526813343392562e-10,-0.11033945787004548
2.0500000000000003,11490.425458888496,-1.0890846953136138e-05,8.581601645803225e-05,8.581601645803225e-05,8.454616545891681e-10,-0.10890846953136138
2.0625,11468.801078834964,-1.0732833137540663e-05,8.537362576848899e-05,8.537362576848899e-05,8.383467241895756e-10,-0.10732833137540664
2.075,11445.248895652234,-1.0560732465933376e-05,8.493161709061413e-05,8.493161709061413e-05,8.313458814949271e-10,-0.10560732465933376
2.0875,11419.890304377563,-1.0375431996948167e-05,8.448969771741756e-05,8.448969771741756e-05,8.24467876817319e-10,-0.10375431996948167
2.1,11392.853588664098,-1.0177869125759517e-05,8.404757857846613e-05,8.404757857846613e-05,8.177208390577687e-10,-0.10177869125759517
2.1125000000000003,11364.27266240342,-9.969022388857856e-06,8.360497556589404e-05,8.360497556589404e-05,8.111122484331168e-10,-0.09969022388857857
2.125,11334.285753881855,-9.749901848908374e-06,8.31616108993063e-05,8.31616108993063e-05,8.046489155769297e-10,-0.09749901848908374
2.1375,11303.034057926649,-9.521539245703899e-06,8.271721452773014e-05,8.271721452773014e-05,7.983369671694568e-10,-0.09521539245703899
2.15,11270.660381714759,-9.284978100809726e-06,8.227152556696038e-05,8.227152556696038e-05,7.921818381273464e-10,-0.09284978100809727
2.1625,11237.307809390888,-9.041263959652083e-06,8.182429377093215e-05,8.182429377093215e-05,7.861882702620018e-10,-0.09041263959652082
2.1750000000000003,11203.118409408795,-8.79143494579284e-06,8.137528103612345e-05,8.137528103612345e-05,7.803603171996294e-10,-0.0879143494579284
2.1875,11168.232006632976,-8.536512788424315e-06,8.09242629384349e-05,8.09242629384349e-05,7.747013552492727e-10,-0.08536512788424315
2.2,11132.785038806356,-8.277494466340418e-06,8.047103030249524e-05,8.047103030249524e-05,7.692140998101632e-10,-0.08277494466340418
2.2125,11096.909514102836,-8.015344590559078e-06,8.001539080388026e-05,8.001539080388026e-05,7.639006268287277e-10,-0.08015344590559079
2.225,11060.732083265944,-7.750988624245603e-06,7.955717060528661e-05,7.955717060528661e-05,7.587623987501929e-10,-0.07750988624245603
2.2375000000000003,11024.373236403977,-7.485307013532249e-06,7.909621602824284e-05,7.909621602824284e-05,7.538002943609442e-10,-0.0748530701353225
2.25,10987.946631003695,-7.2191302771704015e-06,7.863239526243844e-05,7.863239526243844e-05,7.490146418860164e-10,-0.07219130277170402
2.2625,10951.558554248673,-6.953235077585583e-06,7.816560011517421e-05,7.816560011517421e-05,7.444052546911305e-10,-0.06953235077585583
2.275,10915.307519416192,-6.68834127165992e-06,7.769574780374939e-05,7.769574780374939e-05,7.39971468939805e-10,-0.0668834127165992
2.2875,10879.283993055811,-6.425109917174159e-06,7.722278279376386e-05,7.722278279376386e-05,7.357121825720212e-10,-0.0642510991717416
2.3000000000000003,10843.57024693026,-6.164142190907295e-06,7.674667868629064e-05,7.674667868629064e-05,7.316258950000943e-10,-0.06164142190907295
2.3125,10808.24032636827,-5.905979157384091e-06,7.62674401566226e-05,7.62674401566226e-05,7.277107469578449e-10,-0.059059791573840906
2.325,10773.360124796347,-5.6511023134942795e-06,7.578510494677978e-05,7.578510494677978e-05,7.239645599887347e-10,-0.056511023134942794
2.3375,10738.987552798297,-5.399934823846586e-06,7.529974591313776e-05,7.529974591313776e-05,7.203848751150716e-10,-0.05399934823846586
2.35,10705.172789102822,-5.15284335478456e-06,7.481147312936609e-05,7.481147312936609e-05,7.169689902914214e-10,-0.0515284335478456
2.3625000000000003,10671.958600401416,-4.910140411365157e-06,7.43204360433102e-05,7.43204360433102e-05,7.137139963088079e-10,-0.04910140411365157
2.375,10639.380716826823,-4.6720870810548045e-06,7.382682568447891e-05,7.382682568447891e-05,7.106168108800817e-10,-0.04672087081054804
2.3875,10607.46825022204,-4.438896090108366e-06,7.333087691638028e-05,7.333087691638028e-05,7.076742106991772e-10,-0.04438896090108366
2.4000000000000004,10576.24414295747,-4.210735083170094e-06,7.283287072506339e-05,7.283287072506339e-05,7.048828613262807e-10,-0.04210735083170094
2.4125,10545.725635943243,-3.987730043133866e-06,7.233313653185317e-05,7.233313653185317e-05,7.022393448059295e-10,-0.03987730043133866
2.4250000000000003,10515.924745571792,-3.7699687762640042e-06,7.183205451441135e-05,7.183205451441135e-05,6.997401849747815e-10,-0.037699687762640044
2.4375,10486.848740556165,-3.557504396549167e-06,7.133005791592436e-05,7.133005791592436e-05,6.97381870459562e-10,-0.03557504396549167
2.45,10458.500610932848,-3.350358752804516e-06,7.08276353174377e-05,7.08276353174377e-05,6.951608754031409e-10,-0.033503587528045164
2.4625000000000004,10430.879522829537,-3.1485257517520216e-06,7.03253328431675e-05,7.03253328431675e-05,6.930736779876993e-10,-0.03148525751752022
2.475,10403.981253901453,-2.9519745398463307e-06,6.982375626308976e-05,6.982375626308976e-05,6.911167768486224e-10,-0.029519745398463308
2.4875000000000003,10377.798605583432,-2.7606525156825335e-06,6.932357295132428e-05,6.932357295132428e-05,6.892867054914298e-10,-0.027606525156825334
2.5,10352.321789447338,-2.574488153193784e-06,6.882551365290656e-05,6.882551365290656e-05,6.875800448371725e-10,-0.025744881531937838
2.5125,10327.538785985858,-2.393393623354345e-06,6.833037400561747e-05,6.833037400561747e-05,6.859934340298702e-10,-0.023933936233543448
2.5250000000000004,10303.435675034165,-2.217267208642408e-06,6.78390157577821e-05,6.78390157577821e-05,6.845235796433699e-10,-0.02217267208642408
2.5375,10279.996937800177,-2.04599551003598e-06,6.735236761755002e-05,6.735236761755002e-05,6.831672634251602e-10,-0.0204599551003598
2.5500000000000003,10257.205731086997,-1.8794554508130613e-06,6.687142566434466e-05,6.687142566434466e-05,6.819213487118403e-10,-0.018794554508130612
2.5625,10235.04413477327,-1.7175160849425274e-06,6.639725324915591e-05,6.639725324915591e-05,6.807827856457842e-10,-0.017175160849425275
2.575,10213.493373973533,-1.560040220454404e-06,6.593098030740227e-05,6.593098030740227e-05,6.797486153156526e-10,-0.01560040220454404
2.5875000000000004,10192.534017543498,-1.4068858699607242e-06,6.54738020064678e-05,6.54738020064678e-05,6.788159729353357e-10,-0.014068858699607242
2.6,10172.146154743146,-1.257907541567056e-06,6.502697664998962e-05,6.502697664998962e-05,6.779820901671346e-10,-0.012579075415670559
2.6125000000000003,10152.309551932587,-1.1129573838846449e-06,6.459182276279043e-05,6.459182276279043e-05,6.772442966859004e-10,-0.01112957383884645
2.625,10133.003791176327,-9.718861988369821e-07,6.416971528425713e-05,6.416971528425713e-05,6.766000210717699e-10,-0.00971886198836982
2.6375,10114.208392574496,-8.34544335562506e-07,6.376208080416896e-05,6.376208080416896e-05,6.760467911103226e-10,-0.00834544335562506
2.6500000000000004,10095.902922051577,-7.00782478046293e-07,6.337039178364567e-05,6.337039178364567e-05,6.755822335706071e-10,-0.00700782478046293
2.6625,10078.067086212799,-5.704523382576188e-07,6.299615971513438e-05,6.299615971513438e-05,6.752040735236767e-10,-0.005704523382576188
2.6750000000000003,10060.680815748527,-4.43407265601988e-07,6.264092718922848e-05,6.264092718922848e-05,6.749101332571131e-10,-0.00443407265601988
2.6875,10043.724338725851,-3.1950278247820426e-07,6.230625885259293e-05,6.230625885259293e-05,6.746983308345209e-10,-0.0031950278247820426
2.7,10027.178244968045,-1.985970547117633e-07,6.199373126024054e-05,6.199373126024054e-05,6.745666783431674e-10,-0.001985970547117633
2.7125000000000004,10011.02354258724,-8.055130465173579e-08,6.170492164666467e-05,6.170492164666467e-05,6.745132798677744e-10,-0.0008055130465173579
2.725,9995.241707609926,3.476982620550754e-08,6.144139566358345e-05,6.144139566358345e-05,6.745363292239218e-10,0.0003476982620550754
2.7375000000000003,9979.81472751859,1.4749795904980392e-07,6.1204694156892e-05,6.1204694156892e-05,6.746341074805362e-10,0.0014749795904980393
2.75,9964.725139427697,2.5776069879506625e-07,6.099631908136125e-05,6.099631908136125e-05,6.7480498029745e-10,0.0025776069879506623
2.7625,9949.95606352155,3.6568138974539136e-07,6.081771867808317e-05,6.081771867808317e-05,6.7504739510099e-10,0.0036568138974539138
2.7750000000000004,9935.491232297458,4.7137890190553705e-07,6.06702720659834e-05,6.06702720659834e-05,6.753598781179078e-10,0.0047137890190553705
2.7875,9921.315016090834,5.74967444465912e-07,6.05552734241835e-05,6.05552734241835e-05,6.757410312856672e-10,0.00574967444465912
2.8000000000000003,9907.412445295337,6.765564034343207e-07,6.0473915965825915e-05,6.0473915965825915e-05,6.761895290550956e-10,0.006765564034343207
2.8125,9893.769229641335,7.762502007658579e-07,6.0427275925389304e-05,6.0427275925389304e-05,6.767041150996508e-10,0.00776250200765858
2.825,9880.371774849986,8.741481726662358e-07,6.041629679972962e-05,6.041629679972962e-05,6.772835989440141e-10,0.008741481726662358
2.8375000000000004,9867.207196944059,9.703444650210489e-07,6.044177409732635e-05,6.044177409732635e-05,6.779268525233609e-10,0.009703444650210488
2.85,9854.26333446239,1.0649279441407988e-06,6.0504340859792874e-05,6.0504340859792874e-05,6.786328066834643e-10,0.010649279441407988
2.8625000000000003,9841.528758798515,1.157982121215883e-06,6.06044542240094e-05,6.06044542240094e-05,6.794004476307186e-10,0.011579821212158831
2.875,9828.99278285829,1.2495850890522834e-06,6.0742383291755853e-05,6.0742383291755853e-05,6.802288133402234e-10,0.012495850890522834
2.8875,9816.645468211782,1.339809469812423e-06,6.091819856609714e-05,6.091819856609714e-05,6.811169899292256e-10,0.01339809469812423
2.9000000000000004,9804.477630894979,1.4287223726200796e-06,6.113176319980244e-05,6.113176319980244e-05,6.820641080024561e-10,0.014287223726200796
2.9125,9792.480846001603,1.5163853600067376e-06,6.138272628073963e-05,6.138272628073963e-05,6.830693389752244e-10,0.015163853600067376
2.9250000000000003,9780.64745119075,1.6028544222816814e-06,6.167051835263962e-05,6.167051835263962e-05,6.841318913795215e-10,0.016028544222816816
2.9375,9768.970549222713,1.6881799590016062e-06,6.199434933723568e-05,6.199434933723568e-05,6.852510071578402e-10,0.016881799590016063
2.95,9757.444009624542,1.7724067667993077e-06,6.235320898610113e-05,6.235320898610113e-05,6.864259579489259e-10,0.017724067667993077
2.9625000000000004,9746.062469576691,1.8555740329067235e-06,6.274586994827662e-05,6.274586994827662e-05,6.876560413692341e-10,0.018555740329067233
2.975,9734.821334101269,1.9377153337761635e-06,6.317089349390163e-05,6.317089349390163e-05,6.889405772934737e-10,0.019377153337761636
2.9875000000000003,9723.71677562647,2.0188586382669576e-06,6.362663788559862e-05,6.362663788559862e-05,6.902789041372633e-10,0.020188586382669575
3.0,9712.745732990155,2.099026314923188e-06,6.411126933947333e-05,6.411126933947333e-05,6.916703751446113e-10,0.020990263149231882
3.0125,9701.905909941586,2.1782351429238643e-06,6.46227754675437e-05,6.46227754675437e-05,6.931143546826553e-10,0.021782351429238643
3.0250000000000004,9691.19577319023,2.256496326340028e-06,6.515898104448999e-05,6.515898104448999e-05,6.94610214545853e-10,0.02256496326340028
3.0375,9680.614550044931,2.3338155113857283e-06,6.57175658951258e-05,6.57175658951258e-05,6.961573302716085e-10,0.023338155113857284
3.0500000000000003,9670.16222567899,2.410192806402224e-06,6.629608465618474e-05,6.629608465618474e-05,6.977550774691466e-10,0.02410192806402224
3.0625,9659.839540049801,2.485622804368578e-06,6.689198812806767e-05,6.689198812806767e-05,6.994028281633099e-10,0.02485622804368578
3.075,9649.647984492845,2.560094607787787e-06,6.750264590015528e-05,6.750264590015528e-05,7.010999471548529e-10,0.02560094607787787
3.0875000000000004,9639.589798003542,2.633591855857211e-06,6.812536990804502e-05,6.812536990804502e-05,7.028457883987476e-10,0.026335918558572112
3.1,9629.667963210131,2.706092753895885e-06,6.875743856331936e-05,6.875743856331936e-05,7.046396914019971e-10,0.02706092753895885
3.1125000000000003,9619.886202031928,2.777570105070474e-06,6.939612108667339e-05,6.939612108667339e-05,7.064809776424812e-10,0.027775701050704742
3.125,9610.248971006728,2.847991344537064e-06,7.003870167367292e-05,7.003870167367292e-05,7.083689470104338e-10,0.02847991344537064
3.1375,9600.761456260918,2.9173185761983205e-06,7.06825031290874e-05,7.06825031290874e-05,7.103028742742882e-10,0.029173185761983206
3.1500000000000004,9591.429568081474,2.985508612365307e-06,7.132490962040771e-05,7.132490962040771e-05,7.122820055728142e-10,0.02985508612365307
3.1625,9582.259935037839,3.0525130167112284e-06,7.196338822335701e-05,7.196338822335701e-05,7.143055549357299e-10,0.030525130167112283
3.1750000000000003,9573.259897585369,3.1182781510106242e-06,7.259550896124743e-05,7.259550896124743e-05,7.163727008352974e-10,0.03118278151010624
3.1875,9564.437501068034,3.1827452262724613e-06,7.321896307506114e-05,7.321896307506114e-05,7.18482582771816e-10,0.03182745226272461
3.2,9555.801488019048,3.245850358998801e-06,7.383157930111175e-05,7.383157930111175e-05,7.20634297896408e-10,0.03245850358998801
3.2125000000000004,9547.361289642373,3.307524633432538e-06,7.443133797692289e-05,7.443133797692289e-05,7.228268976750721e-10,0.03307524633432538
3.225,9539.127016337128,3.3676941707969053e-06,7.501638284231441e-05,7.501638284231441e-05,7.250593845986342e-10,0.03367694170796905
3.2375000000000003,9531.109447108109,3.426280206675953e-06,7.558503045034678e-05,7.558503045034678e-05,7.273307089439959e-10,0.03426280206675953
3.25,9523.320017683782,3.4831991778372436e-06,7.613577715047174e-05,7.613577715047174e-05,7.296397655929384e-10,0.034831991778372436
3.2625,9515.770807142966,3.538362819954762e-06,7.666730365275733e-05,7.666730365275733e-05,7.319853909157088e-10,0.03538362819954762
3.2750000000000004,9508.474522828215,3.5916782778492426e-06,7.717847722625476e-05,7.717847722625476e-05,7.343663597276847e-10,0.035916782778492425
3.2875,9501.444483303227,3.6430482300228143e-06,7.766835162543729e-05,7.766835162543729e-05,7.367813823285961e-10,0.03643048230022814
3.3000000000000003,9494.694599089004,3.6923710294223614e-06,7.813616487528768e-05,7.813616487528768e-05,7.392291016350599e-10,0.036923710294223616
3.3125,9488.239350893877,3.739540862518421e-06,7.85813350773311e-05,7.85813350773311e-05,7.417080904185701e-10,0.037395408625184215
3.325,9482.09376503155,3.7844479289300535e-06,7.90034544251769e-05,7.90034544251769e-05,7.442168486625643e-10,0.037844479289300535
3.3375000000000004,9476.273385704382,3.826978643957275e-06,7.940228163860162e-05,7.940228163860162e-05,7.467538010537502e-10,0.038269786439572746
3.35,9470.794243812763,3.86701586649678e-06,7.977773303972593e-05,7.977773303972593e-05,7.493172946245213e-10,0.0386701586649678
3.3625000000000003,9465.672821939375,3.904439154909291e-06,8.012987250343977e-05,8.012987250343977e-05,7.5190559656499e-10,0.039044391549092915
3.375,9460.926015147841,3.939125053472467e-06,8.045890051710986e-05,8.045890051710986e-05,7.545168922249139e-10,0.03939125053472467
3.3875,9456.571087230395,3.9709474120866794e-06,8.076514258211405e-05,8.076514258211405e-05,7.571492833275592e-10,0.0397094741208668
3.4000000000000004,9452.625622041021,3.999777741896473e-06,8.104903718236636e-05,8.104903718236636e-05,7.598007864193099e-10,0.03999777741896473
3.4125,9449.107469554998,4.025485609441665e-06,8.13111235333099e-05,8.13111235333099e-05,7.624693315805646e-10,0.04025485609441665
3.4250000000000003,9446.034686312028,4.047939071853779e-06,8.155202930952225e-05,8.155202930952225e-05,7.651527614251313e-10,0.040479390718537796
3.4375,9443.425469918757,4.067005155459094e-06,8.177245853081083e-05,8.177245853081083e-05,7.678488304168929e-10,0.04067005155459094
3.45,9441.298087317517,4.082550379933749e-06,8.197317976620717e-05,8.197317976620717e-05,7.705552045339431e-10,0.04082550379933749
3.4625000000000004,9439.67079656619,4.094441329873897e-06,8.215501479332675e-05,8.215501479332675e-05,7.732694613116221e-10,0.04094441329873897
3.475,9438.561761922934,4.102545275289834e-06,8.231882782785053e-05,8.231882782785053e-05,7.759890902968867e-10,0.04102545275289834
3.4875000000000003,9437.988962087751,4.106730842103783e-06,8.24655154150575e-05,8.24655154150575e-05,7.787114939471612e-10,0.04106730842103783
3.5,9437.970091522744,4.1068687332234375e-06,8.259599705298934e-05,8.259599705298934e-05,7.814339890071975e-10,0.04106868733223438
3.5125,9438.522454852995,4.102832500176078e-06,8.271120659547253e-05,8.271120659547253e-05,7.841538083974603e-10,0.04102832500176078
3.5250000000000004,9439.662854441476,4.094499364620837e-06,8.28120844632894e-05,8.28120844632894e-05,7.868681036471048e-10,0.04094499364620837
3.5375,9441.407471334056,4.081751088311053e-06,8.289957067362121e-05,8.289957067362121e-05,7.895739479036613e-10,0.040817510883110524
3.5500000000000003,9443.771739881022,4.064474889258037e-06,8.297459868172909e-05,8.297459868172909e-05,7.922683395500583e-10,0.04064474889258037
3.5625,9446.770216465997,4.042564400957735e-06,8.303809001485729e-05,8.303809001485729e-05,7.949482064575275e-10,0.04042564400957735
3.575,9450.416442900938,4.0159206705903055e-06,8.309094966661492e-05,8.309094966661492e-05,7.97610410900229e-10,0.040159206705903054
3.5875000000000004,9454.722805184945,3.984453191099874e-06,8.313406221061878e-05,8.313406221061878e-05,8.002517551540544e-10,0.039844531910998744
3.6,9459.700388465697,3.948080961020171e-06,8.3168288584901e-05,8.3168288584901e-05,8.028689877980021e-10,0.03948080961020171
3.6125000000000003,9465.358829189485,3.906733564846501e-06,8.31944634933803e-05,8.31944634933803e-05,8.054588107317447e-10,0.039067335648465006
3.625,9471.706165570895,3.8603522656828164e-06,8.321339336740403e-05,8.321339336740403e-05,8.080178869175258e-10,0.03860352265682816
3.6375,9478.748687659796,3.8088911008342923e-06,8.322585482879445e-05,8.322585482879445e-05,8.105428488483392e-10,0.03808891100834292
3.6500000000000004,9486.490788421914,3.7523179699920784e-06,8.323259359576177e-05,8.323259359576177e-05,8.130303077374794e-10,0.037523179699920785
3.6625,9494.934817382322,3.6906157046913276e-06,8.323432377424832e-05,8.323432377424832e-05,8.154768634170489e-10,0.036906157046913274
3.6750000000000003,9504.080938501229,3.623783106840412e-06,8.323172747951629e-05,8.323172747951629e-05,8.178791149249203e-10,0.03623783106840412
3.6875,9513.926994058775,3.5518359433441496e-06,8.322545473585825e-05,8.322545473585825e-05,8.20233671751046e-10,0.0355183594334415
3.7,9524.468376412118,3.4748078832020954e-06,8.321612360598655e-05,8.321612360598655e-05,8.225371657049829e-10,0.034748078832020954
3.7125000000000004,9535.697909554272,3.3927513629800547e-06,8.320432050574664e-05,8.320432050574664e-05,8.247862633571483e-10,0.033927513629800544
3.725,9547.605742446776,3.3057383662533116e-06,8.319060066413072e-05,8.319060066413072e-05,8.269776789967791e-10,0.033057383662533114
3.7375000000000003,9560.179256108428,3.21386110252577e-06,8.317548869298723e-05,8.317548869298723e-05,8.291081880399551e-10,0.032138611025257696
3.75,9573.402986427283,3.1172325712611158e-06,8.315947923520554e-05,8.315947923520554e-05,8.311746408115247e-10,0.03117232571261116
3.7625,9587.258564608986,3.0159869970365014e-06,8.314303766439944e-05,8.314303766439944e-05,8.331739766155013e-10,0.030159869970365013
3.7750000000000004,9601.724677090986,2.9102801224599656e-06,8.312660081313995e-05,8.312660081313995e-05,8.351032379996362e-10,0.029102801224599656
3.7875,9616.777046627189,2.8002893463878884e-06,8.311057771053892e-05,8.311057771053892e-05,8.369595851116192e-10,0.028002893463878884
3.8000000000000003,9632.388436090037,2.686213696142235e-06,8.309535031342301e-05,8.309535031342301e-05,8.387403100368614e-10,0.02686213696142235
3.8125,9648.528676340711,2.568273623856885e-06,8.30812742184411e-05,8.30812742184411e-05,8.404428510012725e-10,0.02568273623856885
3.825,9665.164719287593,2.4467106187701414e-06,8.306867934521012e-05,8.306867934521012e-05,8.420648063170227e-10,0.024467106187701412
3.8375000000000004,9682.260716987737,2.3217866292121183e-06,8.305787058303015e-05,8.305787058303015e-05,8.436039479451328e-10,0.02321786629212118
3.85,9699.778127352653,2.1937832901909918e-06,8.304912839580287e-05,8.304912839580287e-05,8.450582345460213e-10,0.02193783290190992
3.8625000000000003,9717.67584669694,2.0630009548341134e-06,8.30427093815889e-05,8.30427093815889e-05,8.464258238879816e-10,0.020630009548341134
3.875,9735.910369023528,1.9297575304560074e-06,8.303884678476371e-05,8.303884678476371e-05,8.477050844840734e-10,0.019297575304560072
3.8875,9754.435971579172,1.7943871226676015e-06,8.303775096000826e-05,8.303775096000826e-05,8.488946063301785e-10,0.017943871226676015
3.9000000000000004,9773.204925839169,1.6572384936659299e-06,8.303960978842521e-05,8.303960978842521e-05,8.499932106210358e-10,0.016572384936659298
3.9125,9792.167732703922,1.518673343604526e-06,8.304458904693635e-05,8.304458904693635e-05,8.509999583269764e-10,0.015186733436045262
3.9250000000000003,9811.273380313465,1.3790644266909256e-06,8.305283273281706e-05,8.305283273281706e-05,8.519141575217948e-10,0.013790644266909256
3.9375,9830.469622518753,1.2387935163367918e-06,8.306446334578659e-05,8.306446334578659e-05,8.527353693616933e-10,0.012387935163367919
3.95,9849.703275700305,1.0982492362450854e-06,8.307958213052118e-05,8.307958213052118e-05,8.534634126264263e-10,0.010982492362450854
3.9625000000000004,9868.92053129589,9.578247767037707e-07,8.309826928281248e-05,8.309826928281248e-05,8.540983667465473e-10,0.009578247767037707
3.975,9888.067281105617,8.179155175161009e-07,8.312058412287468e-05,8.312058412287468e-05,8.546405732548661e-10,0.00817915517516101
3.9875000000000003,9907.089452182485,6.789165808843482e-07,8.314656523952582e-05,8.314656523952582e-05,8.550906356156817e-10,0.006789165808843482
4.0,9925.933347903518,5.412203391335497e-07,8.317623060914713e-05,8.317623060914713e-05,8.554494174018543e-10,0.005412203391335497
4.0125,9944.5459916492,4.052139033749171e-07,8.320957769346814e-05,8.320957769346814e-05,8.557180388070801e-10,0.004052139033749171
4.025,9962.875469406565,2.712766200333843e-07,8.324658352034666e-05,8.324658352034666e-05,8.558978714985829e-10,0.0027127662003338434
4.0375000000000005,9980.871267555367,1.3977760257540566e-07,8.328720475181802e-05,8.328720475181802e-05,8.55990531833557e-10,0.0013977760257540565
4.05,9998.484602098242,1.1073325755214583e-08,8.333137774378377e-05,8.333137774378377e-05,8.559978724808056e-10,0.00011073325755214583
4.0625,10015.668735658983,-1.1449469075709097e-07,8.337901860180266e-05,8.337901860180266e-05,8.559219725068266e-10,-0.0011449469075709097
4.075,10032.379278694332,-2.3660208339240154e-07,8.343002323753805e-05,8.343002323753805e-05,8.557651260028177e-10,-0.0023660208339240153
4.0875,10048.574471544911,-3.54943705685468e-07,8.348426743051191e-05,8.348426743051191e-05,8.555298293454149e-10,-0.00354943705685468
4.1000000000000005,10064.215444185002,-4.692355263233315e-07,8.354160689991626e-05,8.354160689991626e-05,8.552187671991928e-10,-0.004692355263233315
4.1125,10079.266450819634,-5.792163433918281e-07,8.360187739134091e-05,8.360187739134091e-05,8.54834797382768e-10,-0.005792163433918281
4.125,10093.695076807177,-6.846492964038153e-07,8.366489478339285e-05,8.366489478339285e-05,8.543809347325601e-10,-0.006846492964038153
4.1375,10107.4724157612,-7.853231604166184e-07,8.373045521930692e-05,8.373045521930692e-05,8.538603341086663e-10,-0.007853231604166185
4.15,10120.57321508859,-8.810534095127114e-07,8.379833526878001e-05,8.379833526878001e-05,8.532762726957407e-10,-0.008810534095127113
4.1625000000000005,10132.975988655604,-9.716830400701329e-07,8.386829212539935e-05,8.386829212539935e-05,8.52632131758118e-10,-0.009716830400701329
4.175,10144.663095718608,-1.0570831475289473e-06,8.394006384517966e-05,8.394006384517966e-05,8.519313780125908e-10,-0.010570831475289472
4.1875,10155.620785717712,-1.137153253704332e-06,8.40133696318675e-05,8.40133696318675e-05,8.51177544784207e-10,-0.011371532537043321
4.2,10165.839208985864,-1.2118213850439571e-06,8.408791017481516e-05,8.408791017481516e-05,8.5037421311019e-10,-0.012118213850439572
4.2125,10175.312393879696,-1.2810439055143472e-06,8.416336804536125e-05,8.416336804536125e-05,8.495249929546398e-10,-0.012810439055143473
4.2250000000000005,10184.038191267966,-1.3448051109692597e-06,8.423940815777862e-05,8.423940815777862e-05,8.486335046921329e-10,-0.013448051109692598
4.2375,10192.01818772636,-1.4031165948456906e-06,8.431567830095458e-05,8.431567830095458e-05,8.477033610118103e-10,-0.014031165948456907
4.25,10199.257589164192,-1.4560163977993562e-06,8.439180974704489e-05,8.439180974704489e-05,8.467381493851828e-10,-0.014560163977993562
4.2625,10205.765076950234,-1.5035679563858982e-06,8.44674179433854e-05,8.44674179433854e-05,8.457414152308684e-10,-0.015035679563858982
4.275,10211.55263890364,-1.545858868078323e-06,8.454210329394191e-05,8.454210329394191e-05,8.447166458980163e-10,-0.01545858868078323
4.2875000000000005,10216.635377769047,-1.5829994917543475e-06,8.461545203652119e-05,8.461545203652119e-05,8.436672555774842e-10,-0.015829994917543475
4.3,10221.031299996486,-1.6151214042671889e-06,8.468703722184256e-05,8.468703722184256e-05,8.425965712361746e-10,-0.016151214042671887
4.3125,10224.761087798082,-1.6423757348153465e-06,8.475641980036827e-05,8.475641980036827e-05,8.415078196555394e-10,-0.016423757348153465
4.325,10227.84785755071,-1.6649313995456692e-06,8.482314982250237e-05,8.482314982250237e-05,8.40404115640387e-10,-0.01664931399545669
4.3375,10230.316907663431,-1.6829732591613806e-06,8.488676775737746e-05,8.488676775737746e-05,8.392884514490352e-10,-0.016829732591613807
4.3500000000000005,10232.19545901804,-1.6967002222743433e-06,8.494680593494784e-05,8.494680593494784e-05,8.381636874807749e-10,-0.016967002222743433
4.3625,10233.512391045246,-1.7063233168547835e-06,8.500279011548325e-05,8.500279011548325e-05,8.370325442417955e-10,-0.017063233168547836
4.375,10234.297976395443,-1.7120637514178445e-06,8.505424118980138e-05,8.505424118980138e-05,8.358975955963725e-10,-0.017120637514178444
4.3875,10234.583617028176,-1.714150986573353e-06,8.510067701267863e-05,8.510067701267863e-05,8.347612632964503e-10,-0.01714150986573353
4.4,10234.40158436749,-1.7128208362885241e-06,8.514161437083244e-05,8.514161437083244e-05,8.336258127699217e-10,-0.01712820836288524
4.4125000000000005,10233.784765965984,-1.7083136167106245e-06,8.517657108566751e-05,8.517657108566751e-05,8.324933501360754e-10,-0.017083136167106244
4.425,10232.76642088969,-1.7008723587088632e-06,8.520506824962119e-05,8.520506824962119e-05,8.313658204059731e-10,-0.01700872358708863
4.4375,10231.379945782259,-1.6907410984643786e-06,8.52266325934283e-05,8.52266325934283e-05,8.302450068160154e-10,-0.016907410984643784
4.45,10229.658653308617,-1.6781632585055832e-06,8.524079897995813e-05,8.524079897995813e-05,8.291325312347396e-10,-0.01678163258505583
4.4625,10227.635564398912,-1.663380129596538e-06,8.524711301845983e-05,8.524711301845983e-05,8.28029855575994e-10,-0.01663380129596538
4.4750000000000005,10225.343215444795,-1.6466294618771438e-06,8.52451337911005e-05,8.52451337911005e-05,8.269382841460614e-10,-0.016466294618771436
4.4875,10222.813481323448,-1.6281441716645056e-06,8.523443668160305e-05,8.523443668160305e-05,8.258589668480614e-10,-0.016281441716645056
4.5,10220.077414862282,-1.608151168388744e-06,8.521461629361235e-05,8.521461629361235e-05,8.24792903163992e-10,-0.01608151168388744
4.5125,10217.165103103216,-1.5868703042847094e-06,8.518528944415471e-05,8.518528944415471e-05,8.237409468330327e-10,-0.015868703042847095
4.525,10214.105540486331,-1.5645134477203136e-06,8.514609821524071e-05,8.514609821524071e-05,8.227038111441509e-10,-0.015645134477203136
4.5375000000000005,10210.926518854081,-1.541283679434308e-06,8.509671304432106e-05,8.509671304432106e-05,8.21682074761532e-10,-0.01541283679434308
4.55,10207.654533976936,-1.517374609499022e-06,8.503683583197877e-05,8.503683583197877e-05,8.206761880028035e-10,-0.01517374609499022
4.5625,10204.314708124193,-1.4929698115298087e-06,8.496620304296562e-05,8.496620304296562e-05,8.19686479492329e-10,-0.014929698115298087
4.575,10200.930728050631,-1.4682423695408204e-06,8.488458877450908e-05,8.488458877450908e-05,8.187131631148967e-10,-0.014682423695408205
4.5875,10197.52479763993,-1.443354531900458e-06,8.479180776377545e-05,8.479180776377545e-05,8.177563451988063e-10,-0.01443354531900458
4.6000000000000005,10194.117604340296,-1.4184574660694736e-06,8.468771830451968e-05,8.468771830451968e-05,8.168160318615415e-10,-0.014184574660694735
4.6125,10190.728298445885,-1.3936911072064875e-06,8.457222504133405e-05,8.457222504133405e-05,8.158921364558055e-10,-0.013936911072064875
4.625,10187.37448421868,-1.369184093292989e-06,8.444528160857417e-05,8.444528160857417e-05,8.149844870585615e-10,-0.013691840932929892
4.6375,10184.072221806968,-1.3450537791532124e-06,8.430689308004042e-05,8.430689308004042e-05,8.140928339507805e-10,-0.013450537791532123
4.65,10180.83603889946,-1.3214063216116845e-06,8.415711819487399e-05,8.415711819487399e-05,8.132168570407357e-10,-0.013214063216116845
4.6625000000000005,10177.678951052572,-1.2983368280298449e-06,8.399607132493003e-05,8.399607132493003e-05,8.123561731888318e-10,-0.01298336828029845
4.675,10174.61248964525,-1.2759295605777866e-06,8.382392414916106e-05,8.382392414916106e-05,8.115103433970184e-10,-0.012759295605777866
4.6875,10171.646736444764,-1.2542581888128943e-06,8.364090700131072e-05,8.364090700131072e-05,8.106788798307668e-10,-0.012542581888128942
4.7,10168.790363807753,-1.233386083438394e-06,8.344730985851416e-05,8.344730985851416e-05,8.098612526463102e-10,-0.012333860834383939
4.7125,10166.050679592567,-1.2133666444858098e-06,8.324348294024494e-05,8.324348294024494e-05,8.090568966003276e-10,-0.012133666444858098
4.7250000000000005,10163.433675915992,-1.1942436575914075e-06,8.302983688945197e-05,8.302983688945197e-05,8.082652174234477e-10,-0.011942436575914076
4.7375,10160.94408095246,-1.1760516725032916e-06,8.280684251069667e-05,8.280684251069667e-05,8.074855979428356e-10,-0.011760516725032916
4.75,10158.585413040713,-1.158816398449919e-06,8.25750300436221e-05,8.25750300436221e-05,8.067174039426849e-10,-0.011588163984499189
4.7625,10156.360036432861,-1.142555111510114e-06,8.233498795414249e-05,8.233498795414249e-05,8.059599897546586e-10,-0.01142555111510114
4.775,10154.269218091093,-1.1272770696385944e-06,8.208736123030554e-05,8.208736123030554e-05,8.052127035732046e-10,-0.011272770696385943
4.7875000000000005,10152.313185006937,-1.1129839315099175e-06,8.18328491748071e-05,8.18328491748071e-05,8.04474892493215e-10,-0.011129839315099175
4.800000000000001,10150.491181586172,-1.0996701758398918e-06,8.15722026915757e-05,8.15722026915757e-05,8.037459072697103e-10,-0.010996701758398918
4.8125,10148.801526706351,-1.0873235183201932e-06,8.13062210696305e-05,8.13062210696305e-05,8.030251068011342e-10,-0.010873235183201931
4.825,10147.241670118496,-1.0759253237536114e-06,8.10357482734733e-05,8.10357482734733e-05,8.023118623394375e-10,-0.010759253237536114
4.8375,10145.808247918852,-1.0654510114007642e-06,8.076166875552225e-05,8.076166875552225e-05,8.01605561431453e-10,-0.010654510114007643
4.8500000000000005,10144.497136873812,-1.0558704519405615e-06,8.048490281243607e-05,8.048490281243607e-05,8.009056115971202e-10,-0.010558704519405614
4.862500000000001,10143.303507426906,-1.0471483548053678e-06,8.02064015135186e-05,8.02064015135186e-05,8.002114437509409e-10,-0.010471483548053677
4.875,10142.221875263735,-1.0392446449760955e-06,7.992714123562572e-05,7.992714123562572e-05,7.995225153736525e-10,-0.010392446449760954
4.8875,10141.246151348896,-1.0321148286129228e-06,7.964811784501611e-05,7.964811784501611e-05,7.988383134415193e-10,-0.010321148286129228
4.9,10140.369690385098,-1.0257103471543645e-06,7.9370340572285e-05,7.9370340572285e-05,7.981583571208886e-10,-0.010257103471543644
4.9125000000000005,10139.585337674329,-1.0199789197424429e-06,7.90948256317884e-05,7.90948256317884e-05,7.974822002357474e-10,-0.010199789197424428
4.925000000000001,10138.885474388537,-1.0148648740261183e-06,7.882258964170258e-05,7.882258964170258e-05,7.968094335159862e-10,-0.010148648740261184
4.9375,10138.262061280157,-1.010309465560985e-06,7.855464290496958e-05,7.855464290496958e-05,7.961396866339283e-10,-0.010103094655609851
4.95,10137.706680880416,-1.0062511861628514e-06,7.829198261476848e-05,7.829198261476848e-05,7.954726300364475e-10,-0.010062511861628513
4.9625,10137.210578251084,-1.0026260616879594e-06,7.803558605074066e-05,7.803558605074066e-05,7.948079765796844e-10,-0.010026260616879595
4.9750000000000005,10136.764700366519,-9.993679398060967e-07,7.778640383392206e-05,7.778640383392206e-05,7.941454829729932e-10,-0.009993679398060966
4.987500000000001,10136.359734213725,-9.964087684064332e-07,7.754535330914141e-05,7.754535330914141e-05,7.934849510383302e-10,-0.009964087684064333
5.0,10135.98614370603,-9.936788653319859e-07,7.731331212349367e-05,7.731331212349367e-05,7.92826228790832e-10,-0.009936788653319858
5.0125,10135.634205510514,-9.911071801791048e-07,7.709111206837313e-05,7.709111206837313e-05,7.921692113458439e-10,-0.009911071801791049
5.025,10135.29404389424,-9.886215489250267e-07,7.687953325044661e-05,7.687953325044661e-05,7.915138416571513e-10,-0.009886215489250267
5.0375000000000005,10134.95566469501,-9.861489421610828e-07,7.66792986538803e-05,7.66792986538803e-05,7.908601110906557e-10,-0.009861489421610829
5.050000000000001,10134.608988524533,-9.836157077128012e-07,7.649106915213783e-05,7.649106915213783e-05,7.902080598372132e-10,-0.009836157077128012
5.0625,10134.243883308996,-9.809478084225026e-07,7.631543902279223e-05,7.631543902279223e-05,7.895577771678454e-10,-0.009809478084225026
5.075,10133.850196272257,-9.780710558555765e-07,7.615293201311206e-05,7.615293201311206e-05,7.889094015340225e-10,-0.009780710558555766
5.0875,10133.417785461992,-9.749113406696844e-07,7.600399799777279e-05,7.600399799777279e-05,7.882631205152321e-10,-0.009749113406696843
5.1000000000000005,10132.936550916418,-9.713948603570095e-07,7.586901026301232e-05,7.586901026301232e-05,7.876191706155744e-10,-0.009713948603570095
5.112500000000001,10132.396465564327,-9.674483450339097e-07,7.574826344400021e-05,7.574826344400021e-05,7.869778369106796e-10,-0.009674483450339097
5.125,10131.787605943424,-9.629992819105487e-07,7.564197213425091e-05,7.564197213425091e-05,7.863394525458201e-10,-0.009629992819105487
5.1375,10131.100182818966,-9.579761390246867e-07,7.555027017770744e-05,7.555027017770744e-05,7.857043980857083e-10,-0.009579761390246867
5.15,10130.324571773675,-9.523085887699358e-07,7.547321064578979e-05,7.547321064578979e-05,7.850731007161132e-10,-0.009523085887699357
5.1625000000000005,10129.451343834207,-9.459277316885075e-07,7.541076649337844e-05,7.541076649337844e-05,7.844460332971232e-10,-0.009459277316885074
5.175000000000001,10128.471296188827,-9.387663209323592e-07,7.536283187952462e-05,7.536283187952462e-05,7.8382371326761e-10,-0.009387663209323592
5.1875,10127.375483042031,-9.307589877242683e-07,7.532922413077687e-05,7.532922413077687e-05,7.832067014002317e-10,-0.009307589877242683
5.2,10126.155246640594,-9.21842468071727e-07,7.530968631751601e-05,7.530968631751601e-05,7.825956004061449e-10,-0.00921842468071727
5.2125,10124.802248494134,-9.119558309016189e-07,7.53038904067164e-05,7.53038904067164e-05,7.819910533884825e-10,-0.00911955830901619
5.2250000000000005,10123.308500800526,-9.010407076922482e-07,7.531144094820587e-05,7.531144094820587e-05,7.813937421436066e-10,-0.009010407076922482
5.237500000000001,10121.666398073137,-8.89041523581574e-07,7.533187924587556e-05,7.533187924587556e-05,7.808043853091558e-10,-0.00889041523581574
5.25,10119.868748953686,-8.759057298262007e-07,7.536468796047196e-05,7.536468796047196e-05,7.802237363579931e-10,-0.008759057298262006
5.2625,10117.908808176418,-8.615840373757402e-07,7.540929608665074e-05,7.540929608665074e-05,7.796525814373145e-10,-0.008615840373757401
5.275,10115.78030863801,-8.460306512105249e-07,7.546508424392905e-05,7.546508424392905e-05,7.79091737052412e-10,-0.00846030651210525
5.2875000000000005,10113.477493506529,-8.292035049693e-07,7.553139021906975e-05,7.553139021906975e-05,7.785420475948988e-10,-0.008292035049693
5.300000000000001,10110.995148288011,-8.110644952666847e-07,7.560751469627511e-05,7.560751469627511e-05,7.780043827156025e-10,-0.008110644952666847
5.3125,10108.328632750567,-7.915797149693481e-07,7.569272711135118e-05,7.569272711135118e-05,7.77479634542817e-10,-0.00791579714969348
5.325,10105.4739125878,-7.70719684565425e-07,7.578627156670266e-05,7.578627156670266e-05,7.769687147471762e-10,-0.00770719684565425
5.3375,10102.427590683408,-7.484595806251871e-07,7.588737274558863e-05,7.588737274558863e-05,7.764725514550786e-10,-0.007484595806251871
5.3500000000000005,10099.186937822928,-7.247794602127808e-07,7.599524176645646e-05,7.599524176645646e-05,7.759920860133463e-10,-0.007247794602127808
5.362500000000001,10095.749922675088,-6.996644799716197e-07,7.610908192130542e-05,7.610908192130542e-05,7.755282696086494e-10,-0.006996644799716197
5.375,10092.11524085201,-6.731051084697054e-07,7.62280942458311e-05,7.62280942458311e-05,7.750820597461648e-10,-0.006731051084697053
5.3875,10088.282342834817,-6.450973302591032e-07,7.635148287347839e-05,7.635148287347839e-05,7.746544165929603e-10,-0.006450973302591032
5.4,10084.251460536658,-6.156428399766109e-07,7.647846013038618e-05,7.647846013038618e-05,7.742462991927073e-10,-0.006156428399766109
5.4125000000000005,10080.02363225721,-5.847492246932921e-07,7.660825133344145e-05,7.660825133344145e-05,7.738586615595127e-10,-0.00584749224693292
5.425000000000001,10075.600725769193,-5.52430132610382e-07,7.674009925916877e-05,7.674009925916877e-05,7.734924486599184e-10,-0.005524301326103821
5.4375,10070.985459262292,-5.187054261011963e-07,7.687326825686032e-05,7.687326825686032e-05,7.731485922934487e-10,-0.005187054261011963
5.45,10066.181419859366,-4.836013170147459e-07,7.700704798510092e-05,7.700704798510092e-05,7.728280068834626e-10,-0.00483601317014746
5.4625,10061.193079411261,-4.4715048208945073e-07,7.71407567565612e-05,7.71407567565612e-05,7.725315851914973e-10,-0.004471504820894507
5.4750000000000005,10056.025807268188,-4.093921562772475e-07,7.727374448153233e-05,7.727374448153233e-05,7.722601939697458e-10,-0.004093921562772475
5.487500000000001,10050.685879723582,-3.7037220175153627e-07,7.740539520607011e-05,7.740539520607011e-05,7.720146695677882e-10,-0.003703722017515363
5.5,10045.180485824894,-3.30143150369344e-07,7.75351292457299e-05,7.75351292457299e-05,7.717958135111741e-10,-0.0033014315036934403
5.5125,10039.517729250209,-2.8876421738080833e-07,7.766240492064185e-05,7.766240492064185e-05,7.716043880709172e-10,-0.002887642173808083
5.525,10033.706625954112,-2.463012842300405e-07,7.778671990204147e-05,7.778671990204147e-05,7.714411118443916e-10,-0.0024630128423004053
5.5375000000000005,10027.757097300075,-2.0282684837174042e-07,7.79076121842897e-05,7.79076121842897e-05,7.713066553694943e-10,-0.002028268483717404
5.550000000000001,10021.67995841039,-1.5841993813973224e-07,7.802466069985725e-05,7.802466069985725e-05,7.71201636795244e-10,-0.0015841993813973225
5.5625,10015.4869014839,-1.1316599084794344e-07,7.813748559768561e-05,7.813748559768561e-05,7.711266176331862e-10,-0.0011316599084794344
5.575,10009.190473857476,-6.715669248188052e-08,7.824574820776279e-05,7.824574820776279e-05,7.710820986150712e-10,-0.0006715669248188052
5.5875,10002.804050615878,-2.048977754992381e-08,7.834915071666382e-05,7.834915071666382e-05,7.710685156832113e-10,-0.00020489777549923812
5.6000000000000005,9996.341801586283,2.673121209086355e-08,7.844743558021125e-05,7.844743558021125e-05,7.710862361407164e-10,0.0002673121209086355
5.612500000000001,9989.818652594984,7.439721034170743e-08,7.854038470032882e-05,7.854038470032882e-05,7.711355549894046e-10,0.0007439721034170744
5.625,9983.250240903788,1.2239395249855495e-07,7.86278183936152e-05,7.86278183936152e-05,7.712166914835808e-10,0.0012239395249855495
5.6375,9976.652864790749,1.7060234367364685e-07,7.870959417918583e-05,7.870959417918583e-05,7.713297859280476e-10,0.0017060234367364685
5.65,9970.043427291826,2.1889886988881794e-07,7.878560541295554e-05,7.878560541295554e-05,7.714748967486343e-10,0.0021889886988881793
5.6625000000000005,9963.439374172147,2.671560513321464e-07,7.885577979480408e-05,7.885577979480408e-05,7.716519978631955e-10,0.002671560513321464
5.675000000000001,9956.858626253514,3.152429368527107e-07,7.892007777402398e-05,7.892007777402398e-05,7.718609763804172e-10,0.003152429368527107
5.6875,9950.319506285427,3.6302563833319893e-07,7.897849087713998e-05,7.897849087713998e-05,7.721016306528641e-10,0.0036302563833319895
5.7,9943.840660605205,4.1036790313103314e-07,7.903103998065882e-05,7.903103998065882e-05,7.723736687095065e-10,0.004103679031310332
5.7125,9937.440975899675,4.5713172232142737e-07,7.907777354960214e-05,7.907777354960214e-05,7.726767070914587e-10,0.0045713172232142735
5.7250000000000005,9931.139491439826,5.031779720148466e-07,7.91187658608385e-05,7.91187658608385e-05,7.730102701128544e-10,0.005031779720148466
5.737500000000001,9924.955307225637,5.483670845633014e-07,7.915411522830504e-05,7.915411522830504e-05,7.733737895666739e-10,0.0054836708456330145
5.75,9918.907488537596,5.925597460205186e-07,7.918394224523586e-05,7.918394224523586e-05,7.737666048929264e-10,0.005925597460205186
5.7625,9913.014967452531,6.356176157871091e-07,7.920838805652804e-05,7.920838805652804e-05,7.741879638238933e-10,0.006356176157871091
5.775,9907.296441936527,6.774040639595308e-07,7.9227612672412e-05,7.9227612672412e-05,7.746370235181707e-10,0.0067740406395953075
5.7875000000000005,9901.770273180668,7.177849215180348e-07,7.924179333267757e-05,7.924179333267757e-05,7.751128521920196e-10,0.007177849215180348
5.800000000000001,9896.454381893638,7.566292381401524e-07,7.925112292886844e-05,7.925112292886844e-05,7.756144312530817e-10,0.007566292381401524
5.8125,9891.3661443056,7.938100421190455e-07,7.925580849011412e-05,7.925580849011412e-05,7.761406579378533e-10,0.007938100421190456
5.825,9886.522288675831,8.292050966066898e-07,7.925606973663867e-05,7.925606973663867e-05,7.76690348450483e-10,0.008292050966066897
5.8375,9881.93879312172,8.626976461954577e-07,7.925213770348159e-05,7.925213770348159e-05,7.772622415964879e-10,0.008626976461954577
5.8500000000000005,9877.630785610127,8.941771477041565e-07,7.924425343559758e-05,7.924425343559758e-05,7.778550029009163e-10,0.008941771477041565
5.862500000000001,9873.612446960997,9.235399789498227e-07,7.923266675427518e-05,7.923266675427518e-05,7.784672291963654e-10,0.009235399789498227
5.875,9869.89691771719,9.506901192688915e-07,7.92176350937306e-05,7.92176350937306e-05,7.790974536621235e-10,0.009506901192688915
5.8875,9866.496209726944,9.755397956034985e-07,7.919942240579436e-05,7.919942240579436e-05,7.797441512916128e-10,0.009755397956034986
5.9,9863.421123267768,9.980100880926287e-07,7.917829812980968e-05,7.917829812980968e-05,7.804057447612842e-10,0.009980100880926287
5.9125000000000005,9860.68117051497,1.0180314893049154e-06,7.915453622420174e-05,7.915453622420174e-05,7.810806106702363e-10,0.010180314893049153
5.925000000000001,9858.284506119591,1.0355444115197525e-06,7.912841425564536e-05,7.912841425564536e-05,7.817670861161164e-10,0.010355444115197525
5.9375,9856.237865614507,1.0504996368052063e-06,7.910021254135275e-05,7.910021254135275e-05,7.824634755693842e-10,0.010504996368052064
5.95,9854.546512311712,1.0628587050527833e-06,7.907021333970932e-05,7.907021333970932e-05,7.831680580048086e-10,0.010628587050527834
5.9625,9853.21419328681,1.0725942356067537e-06,7.903870008429999e-05,7.903870008429999e-05,7.838790942461765e-10,0.010725942356067537
5.9750000000000005,9852.243104974246,1.079690178665551e-06,7.900595665627639e-05,7.900595665627639e-05,7.845948344776593e-10,0.010796901786655511
5.987500000000001,9851.63386881548,1.084141993229021e-06,7.897226669001212e-05,7.897226669001212e-05,7.853135258731418e-10,0.01084141993229021
6.0,9851.385517311584,1.08595674901123e-06,7.893791290706537e-05,7.893791290706537e-05,7.860334202931116e-10,0.0108595674901123
6.0125,9851.495490740885,1.0851531504276789e-06,7.890317647360952e-05,7.890317647360952e-05,7.867527819974491e-10,0.010851531504276788
6.025,9851.959644700302,1.0817614814888074e-06,7.886833637669175e-05,7.886833637669175e-05,7.87469895321687e-10,0.010817614814888073
6.0375000000000005,9852.772268528015,1.075823471180698e-06,7.883366881493121e-05,7.883366881493121e-05,7.881830722640291e-10,0.01075823471180698
6.050000000000001,9853.926114560618,1.0673920796790632e-06,7.879944659956228e-05,7.879944659956228e-05,7.888906599306471e-10,0.010673920796790632
6.0625,9855.412438070654,1.056531206513952e-06,7.876593856206042e-05,7.876593856206042e-05,7.89591047787517e-10,0.010565312065139519
6.075,9857.221047628327,1.04331532257082e-06,7.873340896494925e-05,7.873340896494925e-05,7.902826746683036e-10,0.010433153225708201
6.0875,9859.340365523949,1.0278290285673757e-06,7.870211691277474e-05,7.870211691277474e-05,7.909640354895539e-10,0.010278290285673756
6.1000000000000005,9861.757497791956,1.0101665433761446e-06,7.867231576064023e-05,7.867231576064023e-05,7.916336876266937e-10,0.010101665433761446
6.112500000000001,9864.458313278543,9.904311262592655e-07,7.864425251811882e-05,7.864425251811882e-05,7.922902569070151e-10,0.009904311262592655
6.125,9867.427531107827,9.687344377356848e-07,7.861816724679687e-05,7.861816724679687e-05,7.929324431789763e-10,0.009687344377356848
6.1375,9870.648815817825,9.451958444029067e-07,7.859429245014787e-05,7.859429245014787e-05,7.935590254206575e-10,0.009451958444029067
6.15,9874.10487936399,9.199416735774305e-07,7.857285245488944e-05,7.857285245488944e-05,7.9416886635411e-10,0.009199416735774305
6.1625000000000005,9877.777589122017,8.931044240930562e-07,7.855406278343413e-05,7.855406278343413e-05,7.947609165365324e-10,0.008931044240930563
6.175000000000001,9881.648080968738,8.64821939998267e-07,7.853812951750506e-05,7.853812951750506e-05,7.953342179036809e-10,0.00864821939998267
6.1875,9885.696876472768,8.352365542172583e-07,7.852524865344973e-05,7.852524865344973e-05,7.958879067456014e-10,0.008352365542172583
6.2,9889.904003196538,8.044942094808041e-07,7.851560545024542e-05,7.851560545024542e-05,7.964212160996163e-10,0.008044942094808041
6.2125,9894.249117087118,7.727435639895165e-07,7.850937377164878e-05,7.850937377164878e-05,7.969334775504431e-10,0.007727435639895165
6.2250000000000005,9898.711625925855,7.401350893424759e-07,7.850671542439544e-05,7.850671542439544e-05,7.974241224323195e-10,0.007401350893424759
6.237500000000001,9903.270812807605,7.068201682481463e-07,7.850777949480407e-05,7.850777949480407e-05,7.978926824329892e-10,0.007068201682481463
6.25,9907.905958635129,6.729501994333858e-07,7.85127016865783e-05,7.85127016865783e-05,7.983387896043206e-10,0.006729501994333858
6.2625,9912.596462638601,6.386757169825552e-07,7.852160366302937e-05,7.852160366302937e-05,7.987621757891245e-10,0.006386757169825552
6.275,9917.32195996652,6.041455310758424e-07,7.853459239735798e-05,7.853459239735798e-05,7.991626714783564e-10,0.0060414553107584245
6.2875000000000005,9922.062435440552,5.695058967589016e-07,7.855175953503383e-05,7.855175953503383e-05,7.995402041172851e-10,0.005695058967589016
6.300000000000001,9926.798332622224,5.348997169703274e-07,7.857318077269233e-05,7.857318077269233e-05,7.998947958833392e-10,0.0053489971697032734
6.3125,9931.510657403334,5.004657855861781e-07,7.859891525832563e-05,7.859891525832563e-05,8.002265609621578e-10,0.005004657855861782
6.325,9936.181075402827,4.663380757190638e-07,7.862900501787717e-05,7.862900501787717e-05,8.005357023518451e-10,0.004663380757190637
6.3375,9940.792002531778,4.3264507794159897e-07,7.866347441365048e-05,7.866347441365048e-05,8.008225082285259e-10,0.00432645077941599
6.3500000000000005,9945.326688170055,3.995091924986224e-07,7.870232964020896e-05,7.870232964020896e-05,8.010873479089903e-10,0.003995091924986224
6.362500000000001,9949.76929048472,3.67046178938434e-07,7.874555826367089e-05,7.874555826367089e-05,8.013306674484928e-10,0.00367046178938434
6.375,9954.104943510833,3.353646659398146e-07,7.879312881048736e-05,7.879312881048736e-05,8.015529849136082e-10,0.003353646659398146
6.3875,9958.319815705334,3.0456572344758314e-07,7.884499041192456e-05,7.884499041192456e-05,8.017548853714521e-10,0.0030456572344758313
6.4,9962.401159775634,2.747424985638715e-07,7.890107251055344e-05,7.890107251055344e-05,8.019370156375283e-10,0.0027474249856387152
6.4125000000000005,9966.33735367533,2.4597991598432136e-07,7.896128463507158e-05,7.896128463507158e-05,8.021000788249923e-10,0.0024597991598432137
6.425000000000001,9970.117932746874,2.183544431256911e-07,7.90255162497419e-05,7.90255162497419e-05,8.02244828738214e-10,0.002183544431256911
6.4375,9973.733613075488,1.9193391947223019e-07,7.909363668462483e-05,7.909363668462483e-05,8.023720641532126e-10,0.0019193391947223018
6.45,9977.176306200327,1.667774490794152e-07,7.916549515260145e-05,7.916549515260145e-05,8.024826230268311e-10,0.001667774490794152
6.4625,9980.439125403102,1.4293535462179332e-07,7.924092085893103e-05,7.924092085893103e-05,8.025773766754476e-10,0.0014293535462179333
6.4750000000000005,9983.516383864615,1.2044919086213848e-07,7.931972320875404e-05,7.931972320875404e-05,8.026572239626167e-10,0.0012044919086213848
6.487500000000001,9986.40358504375,9.935181495695285e-08,7.940169211754059e-05,7.940169211754059e-05,8.02723085533316e-10,0.0009935181495695285
6.5,9989.097405687637,7.966751060172162e-08,7.948659842898942e-05,7.948659842898942e-05,8.027758981304911e-10,0.0007966751060172162
6.5125,9991.595671933394,6.141216266189056e-08,7.95741944443071e-05,7.95741944443071e-05,8.028166090273651e-10,0.0006141216266189057
6.525,9993.897329000913,4.459347863345704e-08,7.966421456613961e-05,7.966421456613961e-05,8.028461706065573e-10,0.00044593478633457036
6.5375000000000005,9996.002405011033,2.9211253031911047e-08,7.975637605968879e-05,7.975637605968879e-05,8.028655351144691e-10,0.0002921125303191105
6.550000000000001,9997.911969488321,1.5257670619737278e-08,7.985037993273146e-05,7.985037993273146e-05,8.028756496166819e-10,0.0001525767061973728
6.5625,9999.628087126966,2.717644250524518e-09,7.994591193536763e-05,7.994591193536763e-05,8.028774511773179e-10,2.717644250524518e-05
6.575,10001.153767407119,-8.430816970214473e-09,8.004264367936498e-05,8.004264367936498e-05,8.02871862282458e-10,-8.430816970214473e-05
6.5875,10002.492910655117,-1.8216213532522385e-08,8.014023387594536e-05,8.014023387594536e-05,8.028597865248489e-10,-0.00018216213532522385
6.6000000000000005,10003.650251134373,-2.6673139678913323e-08,8.023832968978142e-05,8.023832968978142e-05,8.028421045642778e-10,-0.0002667313967891332
6.612500000000001,10004.631297747845,-3.384185010136798e-08,8.033656820584865e-05,8.033656820584865e-05,8.028196703751892e-10,-0.00033841850101367976
6.625,10005.442272913775,-3.976781329688419e-08,8.043457800461881e-05,8.043457800461881e-05,8.027933077903874e-10,-0.0003976781329688419
6.6375,10006.090050159342,-4.450125554939443e-08,8.053198083989718e-05,8.053198083989718e-05,8.027638073470402e-10,-0.0004450125554939443
6.65,10006.582090949025,-4.8096699322169614e-08,8.062839341241006e-05,8.062839341241006e-05,8.027319234386871e-10,-0.0004809669932216961
6.6625000000000005,10006.926381236783,-5.0612499632151184e-08,8.072342923105393e-05,8.072342923105393e-05,8.026983717745908e-10,-0.0005061249963215119
6.675000000000001,10007.131368198667,-5.211038174103949e-08,8.081670055253886e-05,8.081670055253886e-05,8.026638271455602e-10,-0.0005211038174103949
6.6875,10007.205897566886,-5.265498324233151e-08,8.090782038900908e-05,8.090782038900908e-05,8.026289214933284e-10,-0.0005265498324233151
6.7,10007.159151949707,-5.231340335337029e-08,8.099640457212085e-05,8.099640457212085e-05,8.025942422787114e-10,-0.0005231340335337029
6.7125,10007.000590483736,-5.1154761941431815e-08,8.108207386101586e-05,8.108207386101586e-05,8.025603311420938e-10,-0.0005115476194143181
6.7250000000000005,10006.739890125504,-4.924977052759055e-08,8.11644560806633e-05,8.11644560806633e-05,8.025276828483014e-10,-0.0004924977052759055
6.737500000000001,10006.386888849474,-4.667031722547441e-08,8.124318827617247e-05,8.124318827617247e-05,8.024967445066231e-10,-0.0004667031722547441
6.75,10005.95153098258,-4.348906728777189e-08,8.131791886791327e-05,8.131791886791327e-05,8.024679150556356e-10,-0.00043489067287771894
6.7625,10005.443814865279,-3.977908065529286e-08,8.138830979164123e-05,8.138830979164123e-05,8.024415450015599e-10,-0.0003977908065529286
6.775,10004.87374299359,-3.561344763440029e-08,8.145403860731753e-05,8.145403860731753e-05,8.024179363981314e-10,-0.0003561344763440029
6.7875000000000005,10004.251274760902,-3.106494357137527e-08,8.151480055995804e-05,8.151480055995804e-05,8.023973430553909e-10,-0.0003106494357137527
6.800000000000001,10003.586281885082,-2.6205703149359597e-08,8.157031057564786e-05,8.157031057564786e-05,8.023799709643884e-10,-0.000262057031493596
6.8125,10002.888506575428,-2.1106914706549513e-08,8.162030517582887e-05,8.162030517582887e-05,8.023659789245269e-10,-0.00021106914706549513
6.825,10002.167522465954,-1.5838534764937588e-08,8.166454429311493e-05,8.166454429311493e-05,8.023554793601492e-10,-0.00015838534764937588
6.8375,10001.43269831355,-1.0469022768505e-08,8.170281297221843e-05,8.170281297221843e-05,8.023485393129692e-10,-0.00010469022768505
6.8500000000000005,10000.693164438973,-5.065095858502178e-09,8.173492294008448e-05,8.173492294008448e-05,8.02345181597067e-10,-5.0650958585021776e-05
6.862500000000001,9999.957781865322,3.084966374529111e-10,8.176071403002754e-05,8.176071403002754e-05,8.023453861033773e-10,3.0849663745291113e-06
6.875,9999.235114092293,5.589179456857271e-09,8.178005544554642e-05,8.178005544554642e-05,8.023490912409041e-10,5.5891794568572705e-05
6.8875,9998.533401428587,1.0716738959826852e-08,8.179284685055377e-05,8.179284685055377e-05,8.023561955022704e-10,0.00010716738959826852
6.9,9997.86053779304,1.5633492649820225e-08,8.179901927398775e-05,8.179901927398775e-05,8.023665591416451e-10,0.00015633492649820224
6.9125000000000005,9997.224049883876,2.0284441387559862e-08,8.179853581816741e-05,8.179853581816741e-05,8.023800059535742e-10,0.00020284441387559863
6.925000000000001,9996.631078608832,2.4617405083014293e-08,8.179139216179685e-05,8.179139216179685e-05,8.023963251417643e-10,0.00024617405083014293
6.9375,9996.088362664319,2.8583142688401402e-08,8.177761685020178e-05,8.177761685020178e-05,8.024152732674105e-10,0.00028583142688401404
6.95,9995.602224147013,3.2135457337212346e-08,8.175727136717927e-05,8.175727136717927e-05,8.024365762672227e-10,0.0003213545733721235
6.9625,9995.178556081148,3.5231287481804234e-08,8.17304499847378e-05,8.17304499847378e-05,8.02459931531868e-10,0.00035231287481804236
6.9750000000000005,9994.822811747026,3.783078487668068e-08,8.169727938897928e-05,8.169727938897928e-05,8.024850100361092e-10,0.0003783078487668068
6.987500000000001,9994.53999569505,3.9897380236673736e-08,8.165791808240592e-05,8.165791808240592e-05,8.025114585124688e-10,0.00039897380236673735
7.0,9994.334656337782,4.139783737146335e-08,8.161255556499813e-05,8.161255556499813e-05,8.025389016607799e-10,0.00041397837371463347
7.0125,9994.210880013734,4.2302296560338995e-08,8.156141129848026e-05,8.156141129848026e-05,8.025669443864902e-10,0.00042302296560338995
7.025,9994.172286425734,4.258430788623156e-08,8.150473346024557e-05,8.150473346024557e-05,8.025951740610638e-10,0.0004258430788623156
7.0375000000000005,9994.222025361982,4.2220855196438046e-08,8.144279749542211e-05,8.144279749542211e-05,8.026231627982671e-10,0.0004222085519643805
7.050000000000001,9994.362774615885,4.119237130062603e-08,8.137590447750488e-05,8.137590447750488e-05,8.026504697405294e-10,0.0004119237130062603
7.0625,9994.596739030181,3.948274495618212e-08,8.130437928982953e-05,8.130437928982953e-05,8.026766433499341e-10,0.0003948274495618212
7.075,9994.925650598638,3.707932012735529e-08,8.122856864189806e-05,8.122856864189806e-05,8.02701223698719e-10,0.0003707932012735529
7.0875,9995.350769566809,3.397288793932621e-08,8.114883893616226e-05,8.114883893616226e-05,8.027237447544425e-10,0.0003397288793932621
7.1000000000000005,9995.872886484316,3.015767168258686e-08,8.106557400230762e-05,8.106557400230762e-05,8.027437366552096e-10,0.00030157671682586864
7.112500000000001,9996.49232516843,2.56313051572589e-08,8.097917271733985e-05,8.097917271733985e-05,8.027607279705415e-10,0.000256313051572589
7.125,9997.208946548357,2.039480458254388e-08,8.08900465308409e-05,8.08900465308409e-05,8.02774247943624e-10,0.00020394804582543881
7.1375,9998.022153367761,1.4452534233943056e-08,8.079861691562004e-05,8.079861691562004e-05,8.027838287107759e-10,0.00014452534233943057
7.15,9998.930895731584,7.812165911087942e-09,8.070531276462405e-05,8.070531276462405e-05,8.027890074940492e-10,7.812165911087942e-05
7.1625000000000005,9999.93367749115,4.846322826639648e-10,8.06105677553848e-05,8.06105677553848e-05,8.027893287628994e-10,4.846322826639648e-06
7.175000000000001,10001.028563467324,-7.515925897657316e-09,8.051481770346476e-05,8.051481770346476e-05,8.027843463608658e-10,-7.515925897657315e-05
7.1875,10002.213187520361,-1.6172218757996908e-08,8.041849792631153e-05,8.041849792631153e-05,8.02773625593162e-10,-0.00016172218757996908
7.2,10003.484761478996,-2.5463872554369195e-08,8.032204063865227e-05,8.032204063865227e-05,8.027567452710135e-10,-0.0002546387255436919
7.2125,10004.840084947056,-3.536750132997783e-08,8.022587240005369e-05,8.022587240005369e-05,8.02733299708491e-10,-0.0003536750132997783
7.2250000000000005,10006.275556010258,-4.5856785152895594e-08,8.013041163454975e-05,8.013041163454975e-05,8.027029006674801e-10,-0.00045856785152895597
7.237500000000001,10007.787182869653,-5.6902555122362926e-08,8.003606624131016e-05,8.003606624131016e-05,8.026651792462984e-10,-0.0005690255512236293
7.25,10009.3705964294,-6.847288535259333e-08,7.994323131419969e-05,7.994323131419969e-05,8.026197877073356e-10,-0.0006847288535259333
7.2625,10011.021063870294,-8.053319215448919e-08,7.985228698678034e-05,7.985228698678034e-05,8.025664012389453e-10,-0.0008053319215448919
7.275,10012.733503238353,-9.304634064059927e-08,7.976359641785064e-05,7.976359641785064e-05,8.025047196466657e-10,-0.0009304634064059927
7.2875000000000005,10014.50249908062,-1.0597275897591195e-07,7.967750393102298e-05,7.967750393102298e-05,8.024344689687035e-10,-0.0010597275897591195
7.300000000000001,10016.322319155757,-1.1927056048749962e-07,7.959433332012905e-05,7.959433332012905e-05,8.023554030104691e-10,-0.0011927056048749963
7.3125,10018.186932247045,-1.3289567382883048e-07,7.951438633044186e-05,7.951438633044186e-05,8.022673047928241e-10,-0.001328956738288305
7.325,10020.090027101625,-1.4680198136992716e-07,7.943794132383305e-05,7.943794132383305e-05,8.021699879085882e-10,-0.0014680198136992717
7.3375,10022.025032513833,-1.609414659529577e-07,7.936525213406933e-05,7.936525213406933e-05,8.020632977817605e-10,-0.001609414659529577
7.3500000000000005,10023.985138567701,-1.7526436611361875e-07,7.929654711652069e-05,7.929654711652069e-05,8.019471128238425e-10,-0.0017526436611361876
7.362500000000001,10025.963319044977,-1.897193398226981e-07,7.923202839462471e-05,7.923202839462471e-05,8.018213454816135e-10,-0.001897193398226981
7.375,10027.952354999641,-2.0425363674919262e-07,7.917187130355424e-05,7.917187130355424e-05,8.016859431707129e-10,-0.0020425363674919264
7.3875,10029.944859490493,-2.1881327898698785e-07,7.911622402968885e-05,7.911622402968885e-05,8.015408890894141e-10,-0.0021881327898698785
7.4,10031.933303455326,-2.333432501214358e-07,7.906520744271783e-05,7.906520744271783e-05,8.013862029070657e-10,-0.002333432501214358
7.4125000000000005,10033.910042699279,-2.477876924408986e-07,7.901891511552189e-05,7.901891511552189e-05,8.012219413217974e-10,-0.002477876924408986
7.425000000000001,10035.867345961238,-2.620901120216649e-07,7.897741352541042e-05,7.897741352541042e-05,8.010481984822732e-10,-0.002620901120216649
7.4375,10037.797424008992,-2.761935913335877e-07,7.894074242884843e-05,7.894074242884843e-05,8.008651062685054e-10,-0.002761935913335877
7.45,10039.692459703829,-2.900410089285697e-07,7.890891540050155e-05,7.890891540050155e-05,8.006728344270345e-10,-0.002900410089285697
7.4625,10041.544638962669,-3.035752656856259e-07,7.888192052627462e-05,7.888192052627462e-05,8.004715905561282e-10,-0.003035752656856259
7.4750000000000005,10043.346182532581,-3.1673951699553424e-07,7.885972123902411e-05,7.885972123902411e-05,8.00261619937062e-10,-0.0031673951699553423
7.487500000000001,10045.089378481438,-3.2947741017570273e-07,7.884225728479394e-05,7.884225728479394e-05,8.000432052080154e-10,-0.003294774101757027
7.5,10046.766615294311,-3.4173332631294836e-07,7.882944580676302e-05,7.882944580676302e-05,7.998166658776467e-10,-0.0034173332631294837
7.5125,10048.370415453419,-3.534526256394087e-07,7.882118253359898e-05,7.882118253359898e-05,7.99582357676005e-10,-0.0035345262563940866
7.525,10049.893469366898,-3.6458189545570875e-07,7.881734305858763e-05,7.881734305858763e-05,7.993406717410913e-10,-0.0036458189545570873
7.5375000000000005,10051.328669498784,-3.7506919952713935e-07,7.881778419574594e-05,7.881778419574594e-05,7.990920336400914e-10,-0.0037506919952713935
7.550000000000001,10052.669144542113,-3.848643277937682e-07,7.882234539912267e-05,7.882234539912267e-05,7.988369022250729e-10,-0.003848643277937682
7.5625,10053.90829346573,-3.9391904515554357e-07,7.883085023163674e-05,7.883085023163674e-05,7.985757683237591e-10,-0.003939190451555436
7.575,10055.039819254223,-4.0218733801977034e-07,7.884310787009094e-05,7.884310787009094e-05,7.983091532668644e-10,-0.004021873380197704
7.5875,10056.057762153643,-4.0962565723153764e-07,7.885891463341487e-05,7.885891463341487e-05,7.980376072543865e-10,-0.004096256572315376
7.6000000000000005,10056.9565322248,-4.161931559497369e-07,7.887805552172464e-05,7.887805552172464e-05,7.977617075642095e-10,-0.004161931559497369
7.612500000000001,10057.730941001932,-4.218519209824598e-07,7.890030575442514e-05,7.890030575442514e-05,7.974820566073502e-10,-0.004218519209824598
7.625,10058.376232047469,-4.265671960575811e-07,7.89254322963084e-05,7.89254322963084e-05,7.971992798351965e-10,-0.004265671960575811
7.6375,10058.888110191256,-4.3030759547782204e-07,7.895319536140536e-05,7.895319536140536e-05,7.969140235051104e-10,-0.00430307595477822
7.65,10059.262769239087,-4.330453065958533e-07,7.898334988521311e-05,7.898334988521311e-05,7.96626952311809e-10,-0.0043304530659585335
7.6625000000000005,10059.49691793776,-4.347562795443012e-07,7.901564695683034e-05,7.901564695683034e-05,7.963387468929691e-10,-0.004347562795443012
7.675000000000001,10059.587803983442,-4.3542040266934274e-07,7.904983520347624e-05,7.904983520347624e-05,7.960501012185368e-10,-0.004354204026693427
7.6875,10059.533235864732,-4.3502166214498174e-07,7.908566212082951e-05,7.908566212082951e-05,7.957617198742252e-10,-0.0043502166214498175
7.7,10059.331602339167,-4.335482842885712e-07,7.912287534358758e-05,7.912287534358758e-05,7.9547431525067e-10,-0.004335482842885712
7.7125,10058.981889347175,-4.309928591575556e-07,7.916122385160446e-05,7.916122385160446e-05,7.951886046506512e-10,-0.004309928591575556
7.7250000000000005,10058.483694180844,-4.2735244408196505e-07,7.920045910790131e-05,7.920045910790131e-05,7.949053073276822e-10,-0.004273524440819651
7.737500000000001,10057.837236734815,-4.2262864587787133e-07,7.924033612575083e-05,7.924033612575083e-05,7.946251414700973e-10,-0.004226286458778713
7.75,10057.043367682723,-4.1682768059277304e-07,7.928061446290291e-05,7.928061446290291e-05,7.943488211455347e-10,-0.00416827680592773
7.7625,10056.10357343771,-4.099604097548989e-07,7.932105914183716e-05,7.932105914183716e-05,7.940770532213887e-10,-0.004099604097548989
7.775,10055.019977775666,-4.0204235223369705e-07,7.936144149569107e-05,7.936144149569107e-05,7.938105342773994e-10,-0.004020423522336971
7.7875000000000005,10053.795340018863,-3.9309367096773377e-07,7.940153994021429e-05,7.940153994021429e-05,7.935499475270405e-10,-0.003930936709677338
7.800000000000001,10052.433049700685,-3.8313913397785005e-07,7.944114067273644e-05,7.944114067273644e-05,7.932959597647527e-10,-0.0038313913397785004
7.8125,10050.937117654981,-3.7220804925651147e-07,7.948003829970301e-05,7.948003829970301e-05,7.930492183563388e-10,-0.0037220804925651146
7.825,10049.312163499739,-3.603341733073502e-07,7.951803639483161e-05,7.951803639483161e-05,7.928103482899899e-10,-0.003603341733073502
7.8375,10047.563399509938,-3.475555933007201e-07,7.955494799036507e-05,7.955494799036507e-05,7.925799493054315e-10,-0.0034755559330072014
7.8500000000000005,10045.696610902032,-3.3391458300968456e-07,7.959059600425241e-05,7.959059600425241e-05,7.923585931185722e-10,-0.0033391458300968454
7.862500000000001,10043.718132580956,-3.1945743289443453e-07,7.96248136063708e-05,7.96248136063708e-05,7.921468207587909e-10,-0.0031945743289443452
7.875,10041.634822427885,-3.042342549100159e-07,7.965744452711726e-05,7.965744452711726e-05,7.919451400356195e-10,-0.0030423425491001594
7.8875,10039.454031235684,-2.8829876282004946e-07,7.968834331184645e-05,7.968834331184645e-05,7.917540231510591e-10,-0.0028829876282004947
7.9,10037.18356942819,-2.7170802900579046e-07,7.971737552471856e-05,7.971737552471856e-05,7.915739044731096e-10,-0.0027170802900579045
7.9125000000000005,10034.83167072564,-2.5452221896351165e-07,7.974441790554921e-05,7.974441790554921e-05,7.914051784853049e-10,-0.0025452221896351164
7.925000000000001,10032.406952947476,-2.3680430488107237e-07,7.976935848322774e-05,7.976935848322774e-05,7.912481979261216e-10,-0.0023680430488107235
7.9375,10029.918376168098,-2.1861975987504306e-07,7.979209664919684e-05,7.979209664919684e-05,7.911032721310819e-10,-0.0021861975987504307
7.95,10027.37519846756,-2.0003623465012082e-07,7.981254319436795e-05,7.981254319436795e-05,7.909706655892031e-10,-0.0020003623465012083
7.9625,10024.78692954055,-1.811232185112546e-07,7.983062031269144e-05,7.983062031269144e-05,7.908505967241659e-10,-0.001811232185112546
7.9750000000000005,10022.163282449425,-1.6195168681342254e-07,7.984626157441154e-05,7.984626157441154e-05,7.907432369091937e-10,-0.0016195168681342254
7.987500000000001,10019.51412382572,-1.425937370726794e-07,7.985941187181918e-05,7.985941187181918e-05,7.906487097231573e-10,-0.001425937370726794
8.0,10016.849422840452,-1.2312221608320436e-07,7.98700273400784e-05,7.98700273400784e-05,7.905670904538694e-10,-0.0012312221608320436
8.012500000000001,10014.179199278953,-1.0361034048680502e-07,7.98780752554459e-05,7.98780752554459e-05,7.904984058529076e-10,-0.0010361034048680501
8.025,10011.51347106471,-8.41313133226948e-08,7.98835339129373e-05,7.98835339129373e-05,7.90442634144632e-10,-0.000841313133226948
8.0375,10008.862201588201,-6.475793914453505e-08,7.988639248521874e-05,7.988639248521874e-05,7.903997052903463e-10,-0.0006475793914453505
8.05,10006.235247198074,-4.556224032861749e-08,7.988665086422768e-05,7.988665086422768e-05,7.903695015068128e-10,-0.0004556224032861749
8.0625,10003.64230521594,-2.6615077210306186e-08,7.988431948675167e-05,7.988431948675167e-05,7.903518580365841e-10,-0.00026615077210306187
8.075000000000001,10001.092862835638,-7.985774675070818e-09,7.987941914492595e-05,7.987941914492595e-05,7.903465641658725e-10,-7.985774675070819e-05
8.0875,9998.596147259193,1.0258242203706531e-08,7.987198078235231e-05,7.987198078235231e-05,7.903533644839587e-10,0.00010258242203706532
8.1,9996.161077418596,2.805180094669715e-08,7.986204527629579e-05,7.986204527629579e-05,7.903719603764655e-10,0.00028051800946697153
8.1125,9993.796217617068,4.533232041835768e-08,7.984966320618551e-05,7.984966320618551e-05,7.904020117431918e-10,0.0004533232041835768
8.125,9991.509733412913,6.204013319723681e-08,7.983489460843506e-05,7.983489460843506e-05,7.904431389296507e-10,0.000620401331972368
8.137500000000001,9989.30935004778,7.811878934553228e-08,7.981780871740615e-05,7.981780871740615e-05,7.904949248599797e-10,0.0007811878934553228
8.15,9987.202313704958,9.351533950358267e-08,7.979848369217114e-05,7.979848369217114e-05,7.905569173575183e-10,0.0009351533950358267
8.1625,9985.195355858226,1.081805954006438e-07,7.977700632858587e-05,7.977700632858587e-05,7.906286316380814e-10,0.001081805954006438
8.175,9983.294660947426,1.2206936605644168e-07,7.975347175606494e-05,7.975347175606494e-05,7.907095529598129e-10,0.0012206936605644169
8.1875,9981.505837589579,1.3514066814650326e-07,7.972798311835935e-05,7.972798311835935e-05,7.907991394124947e-10,0.0013514066814650327
8.200000000000001,9979.833893506106,1.473579092162642e-07,7.97006512375706e-05,7.97006512375706e-05,7.908968248283087e-10,0.001473579092162642
8.2125,9978.283214314406,1.5868904265173594e-07,7.967159426059733e-05,7.967159426059733e-05,7.910020217953328e-10,0.0015868904265173595
8.225,9976.857546303272,1.6910669354654354e-07,7.964093728720003e-05,7.964093728720003e-05,7.911141247544742e-10,0.0016910669354654353
8.2375,9975.559983275592,1.7858825484287953e-07,7.960881197888653e-05,7.960881197888653e-05,7.912325131601364e-10,0.0017858825484287954
8.25,9974.392957511798,1.871159533658952e-07,7.957535614786452e-05,7.957535614786452e-05,7.913565546846613e-10,0.0018711595336589522
8.262500000000001,9973.358234871386,1.9467688561383514e-07,7.954071332537883e-05,7.954071332537883e-05,7.914856084464967e-10,0.0019467688561383514
8.275,9972.456914020362,2.012630234081959e-07,7.950503230884689e-05,7.950503230884689e-05,7.916190282421099e-10,0.0020126302340819587
8.2875,9971.689429735321,2.0687118974569265e-07,7.94684666873277e-05,7.94684666873277e-05,7.917561657618924e-10,0.0020687118974569265
8.3,9971.055560208008,2.1150300542575158e-07,7.94311743450042e-05,7.94311743450042e-05,7.918963737706842e-10,0.002115030054257516
8.3125,9970.55443823944,2.1516480725007938e-07,7.93933169425261e-05,7.93933169425261e-05,7.92039009234071e-10,0.002151648072500794
8.325000000000001,9970.184566187005,2.1786753880330092e-07,7.935505937624826e-05,7.935505937624826e-05,7.921834363722787e-10,0.002178675388033009
8.3375,9969.943834497964,2.1962661502309022e-07,7.931656921560606e-05,7.931656921560606e-05,7.923290296242898e-10,0.002196266150230902
8.35,9969.829543639626,2.20461761953197e-07,7.927801611909317e-05,7.927801611909317e-05,7.9247517650573e-10,0.00220461761953197
8.3625,9969.83842921167,2.2039683324125376e-07,7.92395712295456e-05,7.92395712295456e-05,7.926212803451083e-10,0.0022039683324125378
8.375,9969.966690006868,2.1945960509434725e-07,7.920140654968681e-05,7.920140654968681e-05,7.927667628841322e-10,0.0021945960509434726
8.387500000000001,9970.210018767275,2.1768155153722479e-07,7.916369429915021e-05,7.916369429915021e-05,7.929110667290364e-10,0.002176815515372248
8.4,9970.563635368011,2.1509760193028701e-07,7.912660625446448e-05,7.912660625446448e-05,7.930536576411694e-10,0.0021509760193028703
8.4125,9971.022322148738,2.1174588279627952e-07,7.909031307376025e-05,7.909031307376025e-05,7.931940266564321e-10,0.002117458827962795
8.425,9971.58046110223,2.076674460753447e-07,7.90549836082335e-05,7.90549836082335e-05,7.933316920245743e-10,0.002076674460753447
8.4375,9972.232072623467,2.0290598597781465e-07,7.902078420267498e-05,7.902078420267498e-05,7.934662009607883e-10,0.0020290598597781464
8.450000000000001,9972.97085551823,1.975075466328234e-07,7.89878779876473e-05,7.89878779876473e-05,7.935971312035004e-10,0.001975075466328234
8.4625,9973.790227969323,1.9152022273878097e-07,7.895642416615396e-05,7.895642416615396e-05,7.937240923737188e-10,0.0019152022273878097
8.475,9974.683369160537,1.8499385540971325e-07,7.892657729789984e-05,7.892657729789984e-05,7.938467271327545e-10,0.0018499385540971325
8.4875,9975.643261262008,1.779797253799234e-07,7.889848658448199e-05,7.889848658448199e-05,7.939647121365638e-10,0.001779797253799234
8.5,9976.662731487635,1.7053024567955716e-07,7.887229515907458e-05,7.887229515907458e-05,7.940777587863614e-10,0.0017053024567955715
8.512500000000001,9977.734493945656,1.6269865582677995e-07,7.88481393843751e-05,7.88481393843751e-05,7.941856137765098e-10,0.0016269865582677996
8.525,9978.851191012285,1.5453871949909576e-07,7.882614816276098e-05,7.882614816276098e-05,7.942880594419914e-10,0.0015453871949909577
8.5375,9980.005433974635,1.46104427549247e-07,7.88064422627611e-05,7.88064422627611e-05,7.943849139090053e-10,0.00146104427549247
8.55,9981.189842701642,1.3744970812076453e-07,7.878913366607333e-05,7.878913366607333e-05,7.944760310533969e-10,0.0013744970812076453
8.5625,9982.397084119906,1.2862814549695574e-07,7.877432493945493e-05,7.877432493945493e-05,7.945613002727084e-10,0.0012862814549695575
8.575000000000001,9983.619909288653,1.1969270918629856e-07,7.876210863587372e-05,7.876210863587372e-05,7.946406460786374e-10,0.0011969270918629855
8.5875,9984.851188887318,1.1069549460877334e-07,7.875256672933351e-05,7.875256672933351e-05,7.947140275175917e-10,0.0011069549460877334
8.6,9986.083946948056,1.0168747660314571e-07,7.874577008777361e-05,7.874577008777361e-05,7.947814374278428e-10,0.001016874766031457
8.6125,9987.311392687563,9.271827682694022e-08,7.87417779883899e-05,7.87417779883899e-05,7.948429015424843e-10,0.0009271827682694022
8.625,9988.526950311405,8.383594596977462e-08,7.874063767962993e-05,7.874063767962993e-05,7.948984774480178e-10,0.0008383594596977462
8.637500000000001,9989.724286685801,7.50867615492741e-08,7.874238399397864e-05,7.874238399397864e-05,7.949482534088948e-10,0.000750867615492741
8.65,9990.897336792417,6.651504190814076e-08,7.874703901547095e-05,7.874703901547095e-05,7.94992347068755e-10,0.0006651504190814076
8.6625,9992.040326901602,5.8162976882751375e-08,7.875461180564591e-05,7.875461180564591e-05,7.950309040394123e-10,0.0005816297688275138
8.675,9993.147795419382,5.007047546932209e-08,7.876509819139162e-05,7.876509819139162e-05,7.950640963888575e-10,0.0005007047546932209
8.6875,9994.214611382888,4.2275030674583064e-08,7.877848061782285e-05,7.877848061782285e-05,7.950921210396683e-10,0.0004227503067458306
8.700000000000001,9995.235990596431,3.48116016049934e-08,7.879472806898676e-05,7.879472806898676e-05,7.951151980892547e-10,0.000348116016049934
8.7125,9996.207509418588,2.7712512723177038e-08,7.88137960588045e-05,7.88137960588045e-05,7.951335690633206e-10,0.0002771251272317704
8.725,9997.125116225468,2.10073700829321e-08,7.883562669423474e-05,7.883562669423474e-05,7.951474951137962e-10,0.000210073700829321
8.7375,9997.985140590918,1.4722994245931606e-08,7.886014881218787e-05,7.886014881218787e-05,7.951572551722999e-10,0.00014722994245931607
8.75,9998.784300238683,8.883369484680459e-09,7.888727819123253e-05,7.888727819123253e-05,7.951631440699271e-10,8.883369484680459e-05
8.762500000000001,9999.519705830848,3.509608787301169e-09,7.891691783862238e-05,7.891691783862238e-05,7.951654706338392e-10,3.509608787301169e-05
8.775,10000.188863672198,-1.3800658982521505e-09,7.894895835263346e-05,7.894895835263346e-05,7.951645557707562e-10,-1.3800658982521505e-05
8.7875,10000.78967641387,-5.770328811426991e-09,7.898327835964852e-05,7.898327835964852e-05,7.951607305470385e-10,-5.770328811426991e-05
8.8,10001.320441853248,-9.648741605734686e-09,7.901974502485524e-05,7.901974502485524e-05,7.951543342745829e-10,-9.648741605734686e-05
8.8125,10001.779849928811,-1.300573139027496e-08,7.905821463484928e-05,7.905821463484928e-05,7.951457126112763e-10,-0.0001300573139027496
8.825000000000001,10002.166978016296,-1.583455635863177e-08,7.909853324985384e-05,7.909853324985384e-05,7.951352156842342e-10,-0.0001583455635863177
8.8375,10002.48128463569,-1.813125980498372e-08,7.914053742269076e-05,7.914053742269076e-05,7.951231962435221e-10,-0.00018131259804983718
8.85,10002.722601681133,-1.9894613345274435e-08,7.918405498107099e-05,7.918405498107099e-05,7.95110007853517e-10,-0.00019894613345274435
8.8625,10002.891125286656,-2.112605017061443e-08,7.922890586921901e-05,7.922890586921901e-05,7.950960031285151e-10,-0.0002112605017061443
8.875,10002.98740544071,-2.182958916116198e-08,7.92749030443136e-05,7.92749030443136e-05,7.950815320186466e-10,-0.0002182958916116198
8.887500000000001,10003.012334463165,-2.2011750682066083e-08,7.932185342272094e-05,7.932185342272094e-05,7.950669401516093e-10,-0.00022011750682066083
8.9,10002.967134453967,-2.168146486992468e-08,7.936955887052259e-05,7.936955887052259e-05,7.950525672352009e-10,-0.0002168146486992468
8.9125,10002.853343822144,-2.0849973198662028e-08,7.94178172324034e-05,7.94178172324034e-05,7.950387455251044e-10,-0.00020849973198662028
8.925,10002.672803000225,-1.953072408883903e-08,7.946642339257136e-05,7.946642339257136e-05,7.95025798361875e-10,-0.0001953072408883903
8.9375,10002.427639443462,-1.773926329524444e-08,7.951517036103466e-05,7.951517036103466e-05,7.950140387805913e-10,-0.0001773926329524444
8.950000000000001,10002.120252010503,-1.5493119774328996e-08,7.956385037826689e-05,7.956385037826689e-05,7.950037681961655e-10,-0.00015493119774328995
8.9625,10001.753294816805,-1.281168769682806e-08,7.961225603105272e-05,7.961225603105272e-05,7.949952751668696e-10,-0.0001281168769682806
8.975,10001.329660646323,-9.716105232482962e-09,7.96601813721275e-05,7.96601813721275e-05,7.949888342382165e-10,-9.716105232482962e-05
8.9875,10000.852464001364,-6.229130693763478e-09,7.97074230361066e-05,7.97074230361066e-05,7.949847048689467e-10,-6.229130693763478e-05
9.0,10000.325023866108,-2.375016584523006e-09,7.975378134414767e-05,7.975378134414767e-05,7.949831304405101e-10,-2.3750165845230057e-05
9.012500000000001,9999.750846252511,1.8206179416200409e-09,7.979906138980184e-05,7.979906138980184e-05,7.949843373510969e-10,1.8206179416200407e-05
9.025,9999.13360659165,6.3309157489935174e-09,7.984307409858858e-05,7.984307409858858e-05,7.949885341949631e-10,6.330915748993517e-05
9.0375,9998.477132029822,1.1127911089509487e-08,7.988563725397523e-05,7.988563725397523e-05,7.949959110275179e-10,0.00011127911089509487
9.05,9997.785383680408,1.618265928816444e-08,7.992657648265322e-05,7.992657648265322e-05,7.950066387163807e-10,0.00016182659288164442
9.0625,9997.06243888118,2.1465366395035588e-08,7.996572619227886e-05,7.996572619227886e-05,7.950208683783856e-10,0.00021465366395035588
9.075000000000001,9996.312473498929,2.6945518488449394e-08,8.000293045518436e-05,8.000293045518436e-05,7.950387309023035e-10,0.00026945518488449393
9.0875,9995.539744320551,3.259201034557521e-08,8.003804383196214e-05,8.003804383196214e-05,7.950603365568609e-10,0.0003259201034557521
9.1,9994.74857156625,3.8373273225567216e-08,8.007093212927735e-05,8.007093212927735e-05,7.95085774683468e-10,0.0003837327322556722
9.1125,9993.943321554503,4.425740153564601e-08,8.010147308676872e-05,8.010147308676872e-05,7.95115113472915e-10,0.0004425740153564601
9.125,9993.128389549373,5.0212278173294156e-08,8.012955698844726e-05,8.012955698844726e-05,7.951483998251605e-10,0.0005021227817329415
9.137500000000001,9992.30818281386,5.620569835637573e-08,8.015508719459503e-05,8.015508719459503e-05,7.951856592912065e-10,0.0005620569835637573
9.15,9991.487103894258,6.220549176886433e-08,8.017798059079242e-05,8.017798059079242e-05,7.952268960959473e-10,0.0006220549176886433
9.1625,9990.669534156737,6.817964286201151e-08,8.019816795135934e-05,8.019816795135934e-05,7.952720932407659e-10,0.0006817964286201151
9.175,9989.85981759728,7.409640915975333e-08,8.02155942151734e-05,8.02155942151734e-05,7.953212126845582e-10,0.0007409640915975333
9.1875,9989.062244944223,7.992443742280129e-08,8.023021867252247e-05,8.023021867252247e-05,7.953741956017622e-10,0.0007992443742280129
9.200000000000001,9988.281038073816,8.563287752859172e-08,8.024201506235243e-05,8.024201506235243e-05,7.954309627158806e-10,0.0008563287752859172
9.2125,9987.52033475781,9.11914939239441e-08,8.02509715799736e-05,8.02509715799736e-05,7.95491414706887e-10,0.000911914939239441
9.225,9986.784173762962,9.657077450438959e-08,8.025709079598958e-05,8.025709079598958e-05,7.955554326908087e-10,0.0009657077450438959
9.2375,9986.076480323989,1.0174203676884066e-07,8.026038948789676e-05,8.026038948789676e-05,7.956228787696815e-10,0.0010174203676884066
9.25,9985.401052010548,1.0667753109071943e-07,8.026089838647037e-05,8.026089838647037e-05,7.956935966499639e-10,0.0010667753109071944
9.262500000000001,9984.761545012152,1.113505409374729e-07,8.025866183969346e-05,8.025866183969346e-05,7.957674123273879e-10,0.001113505409374729
9.275,9984.16146086504,1.1573547985955731e-07,8.025373739759373e-05,8.025373739759373e-05,7.95844134836106e-10,0.0011573547985955731
9.2875,9983.604133647466,1.1980798505808251e-07,8.024619532192415e-05,8.024619532192415e-05,7.959235570598637e-10,0.001198079850580825
9.3,9983.092717670836,1.2354500732749672e-07,8.023611802515158e-05,8.023611802515158e-05,7.960054566027977e-10,0.0012354500732749672
9.3125,9982.630175696695,1.2692489715659448e-07,8.0223599443697e-05,8.0223599443697e-05,7.96089596717311e-10,0.0012692489715659448
9.325000000000001,9982.219267711022,1.2992748675783271e-07,8.020874435079995e-05,8.020874435079995e-05,7.961757272863257e-10,0.001299274867578327
9.3375,9981.862540288552,1.3253416778196878e-07,8.019166761475236e-05,8.019166761475236e-05,7.962635858570546e-10,0.0013253416778196878
9.35,9981.562316583386,1.3472796446294722e-07,8.017249340856167e-05,8.017249340856167e-05,7.963528987232613e-10,0.0013472796446294723
9.3625,9981.320686980242,1.3649360192643253e-07,8.015135437735832e-05,8.015135437735832e-05,7.964433820528027e-10,0.0013649360192643253
9.375,9981.139500446594,1.378175693859135e-07,8.012839077005554e-05,8.012839077005554e-05,7.965347430570647e-10,0.001378175693859135
9.387500000000001,9981.020356622204,1.3868817794184506e-07,8.01037495419004e-05,8.01037495419004e-05,7.966266811987144e-10,0.0013868817794184505
9.4,9980.964598688099,1.3909561269360784e-07,8.007758343462421e-05,8.007758343462421e-05,7.967188894339979e-10,0.0013909561269360785
9.4125,9980.973307053126,1.390319788700656e-07,8.005005004090812e-05,8.005005004090812e-05,7.968110554856174e-10,0.0013903197887006559
9.425,9981.047293900085,1.384913416837295e-07,8.002131085982773e-05,8.002131085982773e-05,7.969028631420301e-10,0.0013849134168372951
9.4375,9981.187098630575,1.3746975961525125e-07,7.999153034983047e-05,7.999153034983047e-05,7.969939935788101e-10,0.0013746975961525124
9.450000000000001,9981.392984248632,1.35965310840091e-07,7.996087498563519e-05,7.996087498563519e-05,7.970841266975299e-10,0.0013596531084009102
9.4625,9981.664934720879,1.3397811251743286e-07,7.992951232522696e-05,7.992951232522696e-05,7.971729424774283e-10,0.0013397811251743285
9.475,9982.002653350355,1.315103326733627e-07,7.989761009285522e-05,7.989761009285522e-05,7.972601223349558e-10,0.0013151033267336269
9.4875,9982.40556219822,1.2856619442566447e-07,7.986533528363597e-05,7.986533528363597e-05,7.973453504861212e-10,0.0012856619442566447
9.5,9982.872802585982,1.2515197231689193e-07,7.983285329501083e-05,7.983285329501083e-05,7.974283153064064e-10,0.0012515197231689193
9.512500000000001,9983.40323670562,1.2127598054504046e-07,7.980032708993431e-05,7.980032708993431e-05,7.975087106828799e-10,0.0012127598054504046
9.525,9983.995450364415,1.1694855290803814e-07,7.976791639625003e-05,7.976791639625003e-05,7.975862373530155e-10,0.0011694855290803813
9.5375,9984.647756884699,1.1218201430855874e-07,7.973577694628119e-05,7.973577694628119e-05,7.976606042246199e-10,0.0011218201430855874
9.55,9985.358202174746,1.0699064369959709e-07,7.970405976020776e-05,7.970405976020776e-05,7.977315296711982e-10,0.001069906436995971
9.5625,9986.124570981996,1.0139062838883652e-07,7.967291047633567e-05,7.967291047633567e-05,7.977987427970256e-10,0.0010139062838883653
9.575000000000001,9986.94439433505,9.540000966068563e-08,7.964246873088876e-05,7.964246873088876e-05,7.978619846661722e-10,0.0009540000966068563
9.5875,9987.814958173121,8.903861971880349e-08,7.961286758947706e-05,7.961286758947706e-05,7.97921009489726e-10,0.0008903861971880348
9.600000000000001,9988.733313156408,8.232800999868608e-08,7.958423303191927e-05,7.958423303191927e-05,7.979755857654932e-10,0.0008232800999868608
9.6125,9989.69628564413,7.52913709493378e-08,7.95566834916299e-05,7.95566834916299e-05,7.980254973645211e-10,0.000752913709493378
9.625,9990.7004898195,6.79534434345825e-08,7.953032945032437e-05,7.953032945032437e-05,7.980705445588876e-10,0.000679534434345825
9.637500000000001,9991.742340933235,6.034042195787809e-08,7.950527308835491e-05,7.950527308835491e-05,7.981105449853371e-10,0.0006034042195787809
9.65,9992.818069631261,5.2479849969453374e-08,7.948160799056884e-05,7.948160799056884e-05,7.981453345395143e-10,0.0005247984996945337
9.662500000000001,9993.923737322208,4.440050757010511e-08,7.945941890718197e-05,7.945941890718197e-05,7.981747681957558e-10,0.0004440050757010511
9.675,9995.055252535305,3.613229198239812e-08,7.943878156878801e-05,7.943878156878801e-05,7.981987207476439e-10,0.0003613229198239812
9.6875,9996.20838820956,2.7706091216105755e-08,7.94197625542801e-05,7.94197625542801e-05,7.982170874648118e-10,0.00027706091216105755
9.700000000000001,9997.37879984762,1.915365141020276e-08,7.940241921014748e-05,7.940241921014748e-05,7.982297846618087e-10,0.0001915365141020276
9.7125,9998.562044462633,1.0507438388535767e-08,7.938679961932819e-05,7.938679961932819e-05,7.982367501751875e-10,0.00010507438388535767
9.725000000000001,9999.753600235406,1.8004940188673674e-09,7.937294261755062e-05,7.937294261755062e-05,7.98237943745372e-10,1.8004940188673676e-05
9.7375,10000.948886795422,-6.933711984240231e-09,7.936087785488217e-05,7.936087785488217e-05,7.982333473002818e-10,-6.933711984240231e-05
9.75,10002.143286031023,-1.566143412435292e-08,7.935062590002241e-05,7.935062590002241e-05,7.982229651381514e-10,-0.0001566143412435292
9.762500000000001,10003.33216332877,-2.4348806322956824e-08,7.934219838473225e-05,7.934219838473225e-05,7.982068240074657e-10,-0.00024348806322956824
9.775,10004.510889135836,-3.296199948046706e-08,7.93355981856769e-05,7.93355981856769e-05,7.981849730824462e-10,-0.0003296199948046706
9.787500000000001,10005.67486073465,-4.1467380588378545e-08,7.933081964087981e-05,7.933081964087981e-05,7.981574838330598e-10,-0.00041467380588378544
9.8,10006.819524114833,-4.983167255087112e-08,7.932784879793543e-05,7.932784879793543e-05,7.981244497890799e-10,-0.0004983167255087112
9.8125,10007.940395823098,-5.802211384803296e-08,7.932666369110796e-05,7.932666369110796e-05,7.980859861983043e-10,-0.0005802211384803295
9.825000000000001,10009.033084670204,-6.600661715209419e-08,7.932723464445132e-05,7.932723464445132e-05,7.980422295796248e-10,-0.0006600661715209419
9.8375,10010.093313170759,-7.37539259937374e-08,7.93295245981186e-05,7.93295245981186e-05,7.979933371722411e-10,-0.0007375392599373741
9.850000000000001,10011.116938592017,-8.123376856720754e-08,7.933348945508571e-05,7.933348945508571e-05,7.979394862829143e-10,-0.0008123376856720754
9.8625,10012.099973485347,-8.841700776172739e-08,7.933907844559143e-05,7.933907844559143e-05,7.978808735337639e-10,-0.0008841700776172739
9.875,10013.038605577995,-9.527578651183715e-08,7.934623450669218e-05,7.934623450669218e-05,7.978177140137088e-10,-0.0009527578651183714
9.887500000000001,10013.929216901142,-1.0178366757184496e-07,7.935489467444106e-05,7.935489467444106e-05,7.977502403372519e-10,-0.0010178366757184496
9.9,10014.768402035506,-1.079157668389538e-07,7.936499048632612e-05,7.936499048632612e-05,7.976787016148811e-10,-0.001079157668389538
9.912500000000001,10015.552985357697,-1.1364887937618575e-07,7.93764483917378e-05,7.93764483917378e-05,7.976033623399301e-10,-0.0011364887937618576
9.925,10016.280037175944,-1.1896159731985119e-07,7.938919016837926e-05,7.938919016837926e-05,7.975245011972748e-10,-0.001189615973198512
9.9375,10016.946888649132,-1.2383441889673748e-07,7.940313334268215e-05,7.940313334268215e-05,7.974424097997628e-10,-0.001238344188967375
9.950000000000001,10017.551145389913,-1.2824984782333882e-07,7.941819161244213e-05,7.941819161244213e-05,7.973573913587484e-10,-0.0012824984782333882
9.9625,10018.090699658975,-1.3219248241309937e-07,7.94342752700417e-05,7.94342752700417e-05,7.972697592955581e-10,-0.0013219248241309936
9.975000000000001,10018.563741067126,-1.356490937772423e-07,7.945129162477874e-05,7.945129162477874e-05,7.97179835801116e-10,-0.001356490937772423
9.9875,10018.968765709225,-1.3860869257011439e-07,7.946914542296734e-05,7.946914542296734e-05,7.970879503513212e-10,-0.001386086925701144
10.0,10019.304583665256,-1.4106258380047607e-07,7.948773926462064e-05,7.948773926462064e-05,7.969944381860928e-10,-0.0014106258380047606
10.012500000000001,10019.570324812948,-1.4300440930531086e-07,7.950697401566076e-05,7.950697401566076e-05,7.968996387602559e-10,-0.0014300440930531085
10.025,10019.765442907723,-1.4443017756196823e-07,7.952674921472944e-05,7.952674921472944e-05,7.968038941746664e-10,-0.0014443017756196822
10.037500000000001,10019.889717896567,-1.4533828059721547e-07,7.954696347379077e-05,7.954696347379077e-05,7.967075475961262e-10,-0.0014533828059721547
10.05,10019.943256444703,-1.457294978370966e-07,7.956751487182618e-05,7.956751487182618e-05,7.966109416747454e-10,-0.001457294978370966
10.0625,10019.926490666352,-1.4560698682890752e-07,7.95883013410178e-05,7.95883013410178e-05,7.965144169674564e-10,-0.0014560698682890751
10.075000000000001,10019.84017506099,-1.4497626085554614e-07,7.960922104490241e-05,7.960922104490241e-05,7.96418310376367e-10,-0.0014497626085554613
10.0875,10019.685381670733,-1.4384515355166234e-07,7.963017274805053e-05,7.963017274805053e-05,7.963229536105697e-10,-0.0014384515355166233
10.100000000000001,10019.46349348691,-1.4222377071995858e-07,7.965105617688629e-05,7.965105617688629e-05,7.962286716798928e-10,-0.0014222377071995858
10.1125,10019.176196143151,-1.401244296342797e-07,7.967177237131217e-05,7.967177237131217e-05,7.961357814288888e-10,-0.001401244296342797
10.125,10018.825467947738,-1.3756158620204812e-07,7.969222402683969e-05,7.969222402683969e-05,7.960445901191066e-10,-0.0013756158620204812
10.137500000000001,10018.413568316553,-1.3455175044244543e-07,7.971231582695133e-05,7.971231582695133e-05,7.959553940673956e-10,-0.0013455175044244543
10.15,10017.943024680673,-1.3111339081691778e-07,7.973195476543372e-05,7.973195476543372e-05,7.95868477347629e-10,-0.0013111339081691778
10.162500000000001,10017.41661795229,-1.2726682802494074e-07,7.975105045842494e-05,7.975105045842494e-05,7.957841105628323e-10,-0.0012726682802494073
10.175,10016.83736664214,-1.2303411894961887e-07,7.976951544591336e-05,7.976951544591336e-05,7.957025496942449e-10,-0.0012303411894961887
10.1875,10016.208509732582,-1.1843893150376085e-07,7.978726548241e-05,7.978726548241e-05,7.956240350333486e-10,-0.0011843893150376085
10.200000000000001,10015.533488415384,-1.1350641118767843e-07,7.980421981649512e-05,7.980421981649512e-05,7.955487902023558e-10,-0.0011350641118767844
10.2125,10014.815926814459,-1.0826304022358044e-07,7.982030145890999e-05,7.982030145890999e-05,7.954770212680802e-10,-0.0010826304022358044
10.225000000000001,10014.059611816887,-1.0273649017869774e-07,7.983543743883111e-05,7.983543743883111e-05,7.954089159535045e-10,-0.0010273649017869774
10.2375,10013.268472143616,-9.69554690287821e-08,7.984955904792617e-05,7.984955904792617e-05,7.953446429507326e-10,-0.000969554690287821
10.25,10012.446556793533,-9.094956364593618e-08,7.986260207174961e-05,7.986260207174961e-05,7.952843513383576e-10,-0.0009094956364593617
10.262500000000001,10011.59801299962,-8.474907871888637e-08,7.987450700799323e-05,7.987450700799323e-05,7.952281701056124e-10,-0.0008474907871888637
10.275,10010.7270638369,-7.838487313018575e-08,7.988521927106461e-05,7.988521927106461e-05,7.95176207784988e-10,-0.0007838487313018575
10.287500000000001,10009.83798562388,-7.188819482302098e-08,7.989468938242383e-05,7.989468938242383e-05,7.951285521943193e-10,-0.0007188819482302098
10.3,10008.93508525844,-6.529051519043465e-08,7.990287314607009e-05,7.990287314607009e-05,7.950852702886583e-10,-0.0006529051519043465
10.3125,10008.022677628658,-5.862336401193077e-08,7.990973180853285e-05,7.990973180853285e-05,7.950464081215689e-10,-0.0005862336401193077
10.325000000000001,10007.10506323683,-5.191816594665069e-08,7.99152322026916e-05,7.99152322026916e-05,7.950119909148117e-10,-0.0005191816594665069
10.3375,10006.186506171216,-4.520607956907263e-08,7.991934687472173e-05,7.991934687472173e-05,7.94982023234736e-10,-0.0004520607956907263
10.350000000000001,10005.271212556572,-3.851783990246105e-08,7.99220541934457e-05,7.99220541934457e-05,7.949564892730563e-10,-0.0003851783990246105
10.3625,10004.363309608962,-3.188360536774295e-08,7.992333844135701e-05,7.992333844135701e-05,7.949353532290899e-10,-0.00031883605367742955
10.375,10003.466825414282,-2.5332810021427543e-08,7.992318988658198e-05,7.992318988658198e-05,7.949185597899468e-10,-0.00025332810021427545
10.387500000000001,10002.585669543396,-1.889402190602494e-08,7.992160483505073e-05,7.992160483505073e-05,7.949060347046215e-10,-0.00018894021906024942
10.4,10001.7236146088,-1.2594808280889037e-08,7.991858566216569e-05,7.991858566216569e-05,7.948976854474247e-10,-0.00012594808280889038
10.412500000000001,10000.884278859716,-6.4616084409403865e-09,7.991414082328203e-05,7.991414082328203e-05,7.948934019657254e-10,-6.461608440940387e-05
10.425,10000.071109903412,-5.196147660019625e-10,7.990828484235369e-05,7.990828484235369e-05,7.948930575065461e-10,-5.196147660019625e-06
10.4375,9999.28736963202,5.207337424897052e-09,7.990103827814603e-05,7.990103827814603e-05,7.948965095161758e-10,5.207337424897052e-05
10.450000000000001,9998.536120422254,1.0696870710993196e-08,7.989242766747744e-05,7.989242766747744e-05,7.949036006066295e-10,0.00010696870710993195
10.4625,9997.820212668772,1.5928156669539088e-08,7.988248544502351e-05,7.988248544502351e-05,7.949141595824978e-10,0.00015928156669539089
10.475000000000001,9997.142273698104,2.088199688315704e-08,7.98712498392994e-05,7.98712498392994e-05,7.949280025214985e-10,0.0002088199688315704
10.4875,9996.504698101693,2.554089357607272e-08,7.985876474453042e-05,7.985876474453042e-05,7.949449339018534e-10,0.0002554089357607272
10.5,9995.909639516734,2.9889109676753545e-08,7.984507956822402e-05,7.984507956822402e-05,7.94964747769481e-10,0.00029889109676753547
10.512500000000001,9995.359003870528,3.391271817977532e-08,7.983024905437048e-05,7.983024905437048e-05,7.949872289379123e-10,0.0003391271817977532
10.525,9994.854444097178,3.7599640754414266e-08,7.981433308232292e-05,7.981433308232292e-05,7.950121542138007e-10,0.00037599640754414266
10.537500000000001,9994.397356322579,4.093967561997275e-08,7.979739644153822e-05,7.979739644153822e-05,7.950392936409106e-10,0.0004093967561997275
10.55,9993.988877506228,4.3924514778295756e-08,7.977950858250027e-05,7.977950858250027e-05,7.950684117555293e-10,0.00043924514778295753
10.5625,9993.629884517874,4.654775076134936e-08,7.976074334429154e-05,7.976074334429154e-05,7.950992688463534e-10,0.00046547750761349356
10.575000000000001,9993.320994618327,4.880487311581599e-08,7.974117865943076e-05,7.974117865943076e-05,7.951316222120426e-10,0.0004880487311581599
10.5875,9993.06256730692,5.069325490707397e-08,7.972089623674907e-05,7.972089623674907e-05,7.951652274098287e-10,0.0005069325490707397
10.600000000000001,9992.854707487348,5.221212958079326e-08,7.969998122323454e-05,7.969998122323454e-05,7.95199839488785e-10,0.0005221212958079326
10.6125,9992.697269900971,5.336255857230211e-08,7.967852184593463e-05,7.967852184593463e-05,7.952352142016237e-10,0.0005336255857230211
10.625,9992.589864765734,5.414739010029135e-08,7.965660903516488e-05,7.965660903516488e-05,7.95271109189177e-10,0.0005414739010029134
10.637500000000001,9992.531864556004,5.457120962336703e-08,7.963433603042909e-05,7.963433603042909e-05,7.953072851320353e-10,0.0005457120962336703
10.65,9992.522411853513,5.464028247457916e-08,7.961179797061166e-05,7.961179797061166e-05,7.953435068641576e-10,0.0005464028247457916
10.662500000000001,9992.560428193352,5.4362489220145075e-08,7.958909147015076e-05,7.958909147015076e-05,7.953795444436292e-10,0.0005436248922014508
10.675,9992.644623827508,5.374725431471415e-08,7.956631418304533e-05,7.956631418304533e-05,7.954151741761255e-10,0.0005374725431471415
10.6875,9992.773508325065,5.2805468646174885e-08,7.954356435668307e-05,7.954356435668307e-05,7.954501795870287e-10,0.0005280546864617489
10.700000000000001,9992.94540192452,5.1549406578221116e-08,7.952094037760323e-05,7.952094037760323e-05,7.954843523385514e-10,0.0005154940657822112
10.7125,9993.158447555375,4.999263810946112e-08,7.949854031142196e-05,7.949854031142196e-05,7.955174930886295e-10,0.0004999263810946112
10.725000000000001,9993.410623441874,4.814993677286759e-08,7.947646143925083e-05,7.947646143925083e-05,7.955494122887599e-10,0.00048149936772867594
10.7375,9993.699756204795,4.603718390011456e-08,7.945479979302716e-05,7.945479979302716e-05,7.955799309183747e-10,0.00046037183900114563
10.75,9994.02353437532,4.3671269871182026e-08,7.943364969224904e-05,7.943364969224904e-05,7.956088811537519e-10,0.00043671269871182024
10.762500000000001,9994.379522238214,4.106999296153103e-08,7.9413103284664e-05,7.9413103284664e-05,7.956361069698704e-10,0.0004106999296153103
10.775,9994.765173921069,3.825195638679019e-08,7.93932500935018e-05,7.93932500935018e-05,7.956614646740155e-10,0.00038251956386790186
10.787500000000001,9995.177847650742,3.5236464129230064e-08,7.937417657386206e-05,7.937417657386206e-05,7.956848233703256e-10,0.00035236464129230065
10.8,9995.614820099074,3.204341611116824e-08,7.935596568087175e-05,7.935596568087175e-05,7.957060653548487e-10,0.0003204341611116824
10.8125,9996.073300743405,2.869320325842488e-08,7.933869645221023e-05,7.933869645221023e-05,7.957250864410343e-10,0.0002869320325842488
10.825000000000001,9996.550446171455,2.5206602972549963e-08,7.932244360756332e-05,7.932244360756332e-05,7.957417962159336e-10,0.00025206602972549963
10.8375,9997.043374262732,2.160467550376566e-08,7.930727716751155e-05,7.930727716751155e-05,7.95756118227703e-10,0.0002160467550376566
10.850000000000001,9997.549178183253,1.7908661688201825e-08,7.929326209428062e-05,7.929326209428062e-05,7.957679901053171e-10,0.00017908661688201825
10.8625,9998.064940134596,1.413988248316742e-08,7.928045795668592e-05,7.928045795668592e-05,7.957773636116818e-10,0.0001413988248316742
10.875,9998.58774480097,1.0319640703188661e-08,7.926891862148628e-05,7.926891862148628e-05,7.957842046316074e-10,0.00010319640703188661
10.887500000000001,9999.114692445122,6.469125328176394e-09,7.925869197322688e-05,7.925869197322688e-05,7.957884930963461e-10,6.469125328176394e-05
10.9,9999.642911605233,2.6093187229641694e-09,7.924981966449731e-05,7.924981966449731e-05,7.957902228466242e-10,2.6093187229641695e-05
10.912500000000001,10000.169571351713,-1.2390929243399436e-09,7.924233689835987e-05,7.924233689835987e-05,7.957894014363029e-10,-1.2390929243399437e-05
10.925,10000.691893065501,-5.055805669557264e-09,7.923627224451577e-05,7.923627224451577e-05,7.957860498789842e-10,-5.0558056695572634e-05
10.9375,10001.207161704622,-8.82098014068707e-09,7.923164749057403e-05,7.923164749057403e-05,7.957802023400396e-10,-8.820980140687071e-05
10.950000000000001,10001.712736530362,-1.2515319912956513e-08,7.922847752957268e-05,7.922847752957268e-05,7.957719057766842e-10,-0.00012515319912956513
10.9625,10002.206061266255,-1.6120145746071244e-08,7.922677028467357e-05,7.922677028467357e-05,7.957612195288366e-10,-0.00016120145746071244
10.975000000000001,10002.684673670034,-1.9617465526953595e-08,7.92265266717143e-05,7.92265266717143e-05,7.957482148636142e-10,-0.00019617465526953595
10.9875,10003.146214499926,-2.2990039788301624e-08,7.922774060005503e-05,7.922774060005503e-05,7.957329744763948e-10,-0.00022990039788301623
11.0,10003.588435861231,-2.6221442698551737e-08,7.923039901190513e-05,7.923039901190513e-05,7.957155919514467e-10,-0.00026221442698551734
11.012500000000001,10004.009208921976,-2.929611844266031e-08,7.923448196005843e-05,7.923448196005843e-05,7.956961711851842e-10,-0.0002929611844266031
11.025,10004.406530990094,-3.2199432935135764e-08,7.923996272370766e-05,7.923996272370766e-05,7.956748257751416e-10,-0.00032199432935135764
11.037500000000001,10004.778531946129,-3.4917720827264845e-08,7.924680796174985e-05,7.924680796174985e-05,7.956516783777848e-10,-0.00034917720827264847
11.05,10005.123480029933,-3.7438327788962204e-08,7.925497790273922e-05,7.925497790273922e-05,7.95626860038295e-10,-0.00037438327788962206
11.0625,10005.439786979687,-3.974964806284892e-08,7.926442657039261e-05,7.926442657039261e-05,7.956005094954559e-10,-0.0003974964806284892
11.075000000000001,10005.726012526091,-4.1841157303168455e-08,7.927510204330836e-05,7.927510204330836e-05,7.95572772464773e-10,-0.00041841157303168454
11.0875,10005.980868244482,-4.370344072597421e-08,7.928694674732423e-05,7.928694674732423e-05,7.955438009029307e-10,-0.0004370344072597421
11.100000000000001,10006.203220771504,-4.53282166087442e-08,7.929989777871509e-05,7.929989777871509e-05,7.955137522566715e-10,-0.000453282166087442
11.1125,10006.392094390305,-4.670835518860809e-08,7.931388725622085e-05,7.931388725622085e-05,7.954827886991478e-10,-0.0004670835518860809
11.125,10006.546672995964,-4.78378930169141e-08,7.932884269969763e-05,7.932884269969763e-05,7.954510763567573e-10,-0.000478378930169141
11.137500000000001,10006.666301446487,-4.871204283635167e-08,7.934468743300591e-05,7.934468743300591e-05,7.954187845294307e-10,-0.0004871204283635167
11.15,10006.750486312016,-4.932719905318813e-08,7.936134100858761e-05,7.936134100858761e-05,7.953860849072925e-10,-0.0004932719905318813
11.162500000000001,10006.798896031742,-4.968093888310255e-08,7.937871965104185e-05,7.937871965104185e-05,7.953531507865613e-10,-0.0004968093888310255
11.175,10006.811360489693,-4.977201925409702e-08,7.939673671688822e-05,7.939673671688822e-05,7.953201562875039e-10,-0.0004977201925409701
11.1875,10006.787870022452,-4.9600369553931975e-08,7.941530316760622e-05,7.941530316760622e-05,7.952872755771967e-10,-0.0004960036955393198
11.200000000000001,10006.728573870578,-4.916708031331148e-08,7.94343280529635e-05,7.94343280529635e-05,7.952546820997898e-10,-0.0004916708031331147
11.2125,10006.633778086201,-4.847438791926888e-08,7.945371900159092e-05,7.945371900159092e-05,7.95222547816904e-10,-0.0004847438791926888
11.225000000000001,10006.503942911464,-4.7525655455978426e-08,7.94733827157333e-05,7.94733827157333e-05,7.95191042460729e-10,-0.0004752565545597843
11.2375,10006.339679640154,-4.632534977313058e-08,7.949322546709736e-05,7.949322546709736e-05,7.951603328023239e-10,-0.00046325349773130583
11.25,10006.141746977155,-4.4879014884765584e-08,7.951315359073629e-05,7.951315359073629e-05,7.951305819375508e-10,-0.00044879014884765584
11.262500000000001,10005.9110469106,-4.319324180421376e-08,7.953307397395023e-05,7.953307397395023e-05,7.951019485930059e-10,-0.0004319324180421376
11.275,10005.648620110675,-4.127563492406857e-08,7.955289453724575e-05,7.955289453724575e-05,7.950745864542378e-10,-0.0004127563492406857
11.287500000000001,10005.355640871381,-3.913477505334964e-08,7.95725247044821e-05,7.95725247044821e-05,7.950486435184687e-10,-0.0003913477505334964
11.3,10005.033411610548,-3.678017922795622e-08,7.959187585943847e-05,7.959187585943847e-05,7.950242614739574e-10,-0.0003678017922795622
11.3125,10004.683356944593,-3.422225741474348e-08,7.961086178616282e-05,7.961086178616282e-05,7.950015751080648e-10,-0.0003422225741474348
11.325000000000001,10004.307017355535,-3.1472266234356425e-08,7.962939909060691e-05,7.962939909060691e-05,7.949807117459957e-10,-0.00031472266234356425
11.3375,10003.906042467754,-2.8542259833381415e-08,7.96474076012148e-05,7.96474076012148e-05,7.949617907221096e-10,-0.00028542259833381415
11.350000000000001,10003.482183953445,-2.5445038042321805e-08,7.966481074630858e-05,7.966481074630858e-05,7.949449228855965e-10,-0.0002544503804232181
11.3625,10003.037288085947,-2.2194091962560693e-08,7.96815359063058e-05,7.96815359063058e-05,7.949302101422255e-10,-0.00022194091962560693
11.375,10002.573287962228,-1.8803547132562144e-08,7.969751473900689e-05,7.969751473900689e-05,7.949177450337682e-10,-0.00018803547132562143
11.387500000000001,10002.092195415145,-1.528810443148026e-08,7.971268347640178e-05,7.971268347640178e-05,7.949076103565979e-10,-0.0001528810443148026
11.4,10001.596092639327,-1.166297888649619e-08,7.972698319166644e-05,7.972698319166644e-05,7.948998788208547e-10,-0.0001166297888649619
11.412500000000001,10001.087123554185,-7.943836559043066e-09,7.974036003524593e-05,7.974036003524593e-05,7.948946127514488e-10,-7.943836559043066e-05
11.425,10000.567484928704,-4.146729694422768e-09,7.975276543915008e-05,7.975276543915008e-05,7.948918638320551e-10,-4.1467296944227685e-05
11.4375,10000.039417295593,-2.880303286423374e-10,7.97641562888199e-05,7.97641562888199e-05,7.948916728931189e-10,-2.880303286423374e-06
11.450000000000001,9999.505195682164,3.6156374438076934e-09,7.977449506215381e-05,7.977449506215381e-05,7.948940697447641e-10,3.615637443807694e-05
11.4625,9998.96712018689,7.547466327558885e-09,7.978374993551152e-05,7.978374993551152e-05,7.948990730553463e-10,7.547466327558885e-05
11.475000000000001,9998.427506432885,1.1490535585859193e-08,7.979189485673832e-05,7.979189485673832e-05,7.949066902762515e-10,0.00011490535585859193
11.4875,9997.888675929673,1.542788146855786e-08,7.979890958547043e-05,7.979890958547043e-05,7.949169176133819e-10,0.0001542788146855786
11.5,9997.352946376886,1.9342568065657353e-08,7.980477970119343e-05,7.980477970119343e-05,7.949297400456114e-10,0.00019342568065657353
11.512500000000001,9996.82262194401,2.321775833425923e-08,7.980949657972658e-05,7.980949657972658e-05,7.949451313903258e-10,0.0002321775833425923
11.525,9996.2999835622,2.703678503810921e-08,7.981305733899639e-05,7.981305733899639e-05,7.949630544159902e-10,0.0002703678503810921
11.537500000000001,9995.78727926515,3.0783221330993496e-08,7.981546475514109e-05,7.981546475514109e-05,7.949834610015057e-10,0.00030783221330993494
11.55,9995.28671461593,3.4440950707875434e-08,7.981672715015268e-05,7.981672715015268e-05,7.950062923419395e-10,0.00034440950707875437
11.5625,9994.800443259202,3.799423604163743e-08,7.98168582524134e-05,7.98168582524134e-05,7.950314792000186e-10,0.0003799423604163743
11.575000000000001,9994.330557637975,4.1427787418070714e-08,7.981587703161951e-05,7.981587703161951e-05,7.950589422025931e-10,0.00041427787418070716
11.5875,9993.879079914812,4.472682847792694e-08,7.981380750970444e-05,7.981380750970444e-05,7.950885921810785e-10,0.00044726828477926935
11.600000000000001,9993.447953137133,4.787716097225395e-08,7.981067854947728e-05,7.981067854947728e-05,7.951203305546918e-10,0.00047877160972253945
11.6125,9993.03903268748,5.0865227236292595e-08,7.98065236227789e-05,7.98065236227789e-05,7.951540497551031e-10,0.0005086522723629259
11.625,9992.654078059442,5.3678170287876066e-08,7.980138056002908e-05,7.980138056002908e-05,7.951896336909271e-10,0.0005367817028787607
11.637500000000001,9992.294744997524,5.6303891258330385e-08,7.979529128309079e-05,7.979529128309079e-05,7.952269582502858e-10,0.0005630389125833038
11.65,9991.962578042652,5.873110386831822e-08,7.978830152341607e-05,7.978830152341607e-05,7.952658918394844e-10,0.0005873110386831822
11.662500000000001,9991.659003519826,6.094938566671605e-08,7.978046052745845e-05,7.978046052745845e-05,7.953062959556539e-10,0.0006094938566671605
11.675,9991.385323006305,6.29492257586791e-08,7.977182075134324e-05,7.977182075134324e-05,7.953480257910331e-10,0.000629492257586791
11.6875,9991.142707316854,6.472206875892115e-08,7.976243754677805e-05,7.976243754677805e-05,7.953909308663879e-10,0.0006472206875892115
11.700000000000001,9990.93219103964,6.62603547180093e-08,7.975236884016238e-05,7.975236884016238e-05,7.954348556908988e-10,0.000662603547180093
11.7125,9990.754667655903,6.755755478334032e-08,7.974167480681955e-05,7.974167480681955e-05,7.954796404456873e-10,0.0006755755478334032
11.725000000000001,9990.610885274056,6.860820237239099e-08,7.973041754222544e-05,7.973041754222544e-05,7.955251216880084e-10,0.0006860820237239098
11.7375,9990.501443005654,6.940791965347595e-08,7.97186607320491e-05,7.97186607320491e-05,7.955711330729974e-10,0.0006940791965347595
11.75,9990.426788008876,6.995343914897751e-08,7.97064693227502e-05,7.97064693227502e-05,7.956175060897376e-10,0.0006995343914897751
11.762500000000001,9990.387213222057,7.024262029752936e-08,7.969390919440067e-05,7.969390919440067e-05,7.95664070808307e-10,0.0007024262029752936
11.775,9990.38285580637,7.027446083481986e-08,7.968104683731042e-05,7.968104683731042e-05,7.9571065663437e-10,0.0007027446083481986
11.787500000000001,9990.413696313026,7.004910287738998e-08,7.966794903394532e-05,7.966794903394532e-05,7.957570930678019e-10,0.0007004910287738998
11.8,9990.479558587633,6.956783362023438e-08,7.965468254752682e-05,7.965468254752682e-05,7.958032104617757e-10,0.0006956783362023438
11.8125,9990.580110420957,6.883308058662507e-08,7.964131381860072e-05,7.964131381860072e-05,7.958488407787001e-10,0.0006883308058662507
11.825000000000001,9990.71486494823,6.784840139709205e-08,7.962790867075756e-05,7.962790867075756e-05,7.958938183393756e-10,0.0006784840139709205
11.8375,9990.883182800284,6.661846805458618e-08,7.961453202657991e-05,7.961453202657991e-05,7.959379805617321e-10,0.0006661846805458617
11.850000000000001,9991.084275000703,6.514904577304616e-08,7.960124763478448e-05,7.960124763478448e-05,7.959811686855327e-10,0.0006514904577304615
11.8625,9991.317206601909,6.34469664078431e-08,7.958811780941959e-05,7.958811780941959e-05,7.960232284794634e-10,0.000634469664078431
11.875,9991.580901047586,6.152009657784061e-08,7.957520318187266e-05,7.957520318187266e-05,7.96064010927091e-10,0.0006152009657784061
11.887500000000001,9991.874145245374,5.9377300600491176e-08,7.956256246633801e-05,7.956256246633801e-05,7.961033728882502e-10,0.0005937730060049118
11.9,9992.195595327867,5.702839839251088e-08,7.955025223929526e-05,7.955025223929526e-05,7.961411777325223e-10,0.0005702839839251088
11.912500000000001,9992.543783077912,5.4484118519936475e-08,7.953832673345047e-05,7.953832673345047e-05,7.961772959415901e-10,0.0005448411851993648
11.925,9992.917122988323,5.1756046611585236e-08,7.952683764650008e-05,7.952683764650008e-05,7.962116056773962e-10,0.0005175604661158523
11.9375,9993.313919922699,4.88565693795022e-08,7.951583396498885e-05,7.951583396498885e-05,7.962439933131904e-10,0.0004885656937950219
11.950000000000001,9993.732377340326,4.57988145184207e-08,7.950536180345092e-05,7.950536180345092e-05,7.962743539247369e-10,0.000457988145184207
11.9625,9994.170606043992,4.259658678326757e-08,7.949546425894541e-05,7.949546425894541e-05,7.963025917391461e-10,0.00042596586783267567
11.975000000000001,9994.626633406311,3.926430056924734e-08,7.948618128102667e-05,7.948618128102667e-05,7.963286205390127e-10,0.0003926430056924734
11.9875,9995.098413027546,3.581690934282317e-08,7.947754955712423e-05,7.947754955712423e-05,7.963523640197728e-10,0.0003581690934282317
12.0,9995.583834773206,3.2269832293418125e-08,7.946960241324756e-05,7.946960241324756e-05,7.963737560984376e-10,0.00032269832293418125
